-- Adminer 4.6.3 MySQL dump

SET NAMES utf8;
SET time_zone = '+00:00';
SET foreign_key_checks = 0;
SET sql_mode = 'NO_AUTO_VALUE_ON_ZERO';

DROP TABLE IF EXISTS `account_system`;
CREATE TABLE `account_system` (
  `account_system_id` int(100) NOT NULL AUTO_INCREMENT,
  `account_system_track_number` varchar(100) NOT NULL,
  `account_system_name` varchar(100) NOT NULL,
  `account_system_created_date` date DEFAULT NULL,
  `account_system_created_by` int(100) DEFAULT NULL,
  `account_system_last_modified_by` int(100) DEFAULT NULL,
  `account_system_last_modified_date` date DEFAULT NULL,
  `fk_approval_id` int(100) DEFAULT NULL,
  `fk_status_id` int(100) DEFAULT NULL,
  PRIMARY KEY (`account_system_id`)
) ENGINE=InnoDB DEFAULT CHARSET=latin1;

INSERT INTO `account_system` (`account_system_id`, `account_system_track_number`, `account_system_name`, `account_system_created_date`, `account_system_created_by`, `account_system_last_modified_by`, `account_system_last_modified_date`, `fk_approval_id`, `fk_status_id`) VALUES
(1,	'ACEM-84359',	'Kenya',	'2020-02-29',	1,	1,	NULL,	564,	0),
(2,	'ACEM-24684',	'Uganda',	'2020-02-29',	1,	1,	NULL,	565,	0);

DROP TABLE IF EXISTS `approval`;
CREATE TABLE `approval` (
  `approval_id` int(11) NOT NULL AUTO_INCREMENT,
  `approval_track_number` varchar(100) NOT NULL,
  `approval_name` varchar(100) NOT NULL,
  `fk_approve_item_id` int(11) NOT NULL,
  `fk_status_id` int(11) NOT NULL DEFAULT '87',
  `approval_created_by` int(100) NOT NULL,
  `approval_created_date` date NOT NULL,
  `approval_last_modified_date` timestamp NOT NULL DEFAULT CURRENT_TIMESTAMP ON UPDATE CURRENT_TIMESTAMP,
  `approval_last_modified_by` int(100) NOT NULL,
  PRIMARY KEY (`approval_id`),
  KEY `fk_approve_item_id` (`fk_approve_item_id`),
  KEY `fk_status_id` (`fk_status_id`),
  CONSTRAINT `approval_ibfk_1` FOREIGN KEY (`fk_approve_item_id`) REFERENCES `approve_item` (`approve_item_id`),
  CONSTRAINT `approval_ibfk_2` FOREIGN KEY (`fk_approve_item_id`) REFERENCES `approve_item` (`approve_item_id`),
  CONSTRAINT `approval_ibfk_3` FOREIGN KEY (`fk_status_id`) REFERENCES `status` (`status_id`)
) ENGINE=InnoDB DEFAULT CHARSET=latin1;

INSERT INTO `approval` (`approval_id`, `approval_track_number`, `approval_name`, `fk_approve_item_id`, `fk_status_id`, `approval_created_by`, `approval_created_date`, `approval_last_modified_date`, `approval_last_modified_by`) VALUES
(146,	'APR-45830',	'Approval Ticket # APR-45830',	22,	87,	1,	'2019-11-07',	'2019-11-07 11:34:49',	1),
(147,	'APR-88163',	'Approval Ticket # APR-88163',	23,	87,	1,	'2019-11-07',	'2019-11-07 11:36:09',	1),
(148,	'APR-13132',	'Approval Ticket # APR-13132',	22,	87,	1,	'2019-11-07',	'2019-11-07 12:03:32',	1),
(149,	'APR-15968',	'Approval Ticket # APR-15968',	23,	87,	1,	'2019-11-07',	'2019-11-07 12:04:08',	1),
(150,	'APR-64360',	'Approval Ticket # APR-64360',	21,	87,	1,	'2019-11-07',	'2019-11-07 13:26:58',	8),
(151,	'APR-6172',	'Approval Ticket # APR-6172',	20,	87,	1,	'2019-11-07',	'2019-11-07 12:53:15',	1),
(152,	'APR-64367',	'Approval Ticket # APR-64367',	26,	87,	1,	'2019-11-07',	'2019-11-07 13:26:58',	1),
(154,	'APR-80682',	'Approval Ticket # APR-80682',	19,	87,	1,	'2019-11-07',	'2019-11-11 09:30:15',	1),
(156,	'APAL-81132',	'Approval Ticket # APAL-81132',	19,	87,	1,	'2019-11-07',	'2019-11-07 14:05:14',	1),
(157,	'APAL-76190',	'Approval Ticket # APAL-76190',	22,	87,	1,	'2019-11-07',	'2019-11-07 14:06:25',	1),
(158,	'APAL-52378',	'Approval Ticket # APAL-52378',	19,	87,	1,	'2019-11-07',	'2019-11-07 14:07:04',	1),
(160,	'APAL-25105',	'Approval Ticket # APAL-25105',	29,	87,	1,	'2019-11-08',	'2019-11-08 07:21:31',	1),
(161,	'APAL-38118',	'Approval Ticket # APAL-38118',	29,	87,	1,	'2019-11-08',	'2019-11-08 07:24:42',	1),
(162,	'APAL-75620',	'Approval Ticket # APAL-75620',	29,	87,	1,	'2019-11-08',	'2019-11-08 07:55:20',	1),
(163,	'APAL-10692',	'Approval Ticket # APAL-10692',	23,	87,	1,	'2019-11-08',	'2019-11-08 09:23:41',	1),
(164,	'APAL-84180',	'Approval Ticket # APAL-84180',	23,	87,	1,	'2019-11-08',	'2019-11-08 09:24:14',	1),
(165,	'APAL-79894',	'Approval Ticket # APAL-79894',	22,	87,	1,	'2019-11-08',	'2019-11-08 09:35:12',	1),
(166,	'APAL-6771',	'Approval Ticket # APAL-6771',	23,	87,	1,	'2019-11-08',	'2019-11-08 09:57:44',	1),
(167,	'APAL-57745',	'Approval Ticket # APAL-57745',	21,	87,	1,	'2019-11-08',	'2019-11-08 10:06:09',	1),
(168,	'APAL-85894',	'Approval Ticket # APAL-85894',	23,	87,	1,	'2019-11-08',	'2019-11-08 10:09:04',	1),
(169,	'APAL-2174',	'Approval Ticket # APAL-2174',	23,	87,	1,	'2019-11-08',	'2019-11-08 10:09:34',	1),
(170,	'APAL-88744',	'Approval Ticket # APAL-88744',	26,	87,	2,	'2019-11-08',	'2019-11-08 11:03:07',	2),
(171,	'APAL-84595',	'Approval Ticket # APAL-84595',	22,	87,	1,	'2019-11-08',	'2019-11-08 11:32:48',	1),
(172,	'APAL-52466',	'Approval Ticket # APAL-52466',	22,	87,	1,	'2019-11-08',	'2019-11-08 11:33:33',	1),
(173,	'APAL-14516',	'Approval Ticket # APAL-14516',	23,	87,	1,	'2019-11-08',	'2019-11-08 11:34:43',	1),
(174,	'APAL-32516',	'Approval Ticket # APAL-32516',	23,	87,	1,	'2019-11-08',	'2019-11-08 11:35:07',	1),
(175,	'APAL-18028',	'Approval Ticket # APAL-18028',	21,	87,	1,	'2019-11-08',	'2019-11-08 11:38:04',	1),
(176,	'APAL-88261',	'Approval Ticket # APAL-88261',	29,	87,	1,	'2019-11-08',	'2019-11-08 11:57:17',	1),
(177,	'APAL-8283',	'Approval Ticket # APAL-8283',	29,	87,	1,	'2019-11-08',	'2019-11-08 12:14:22',	1),
(178,	'APAL-82917',	'Approval Ticket # APAL-82917',	29,	87,	1,	'2019-11-08',	'2019-11-08 12:16:01',	1),
(179,	'APAL-8602',	'Approval Ticket # APAL-8602',	29,	87,	1,	'2019-11-08',	'2019-11-08 12:18:44',	1),
(180,	'APAL-42378',	'Approval Ticket # APAL-42378',	29,	87,	1,	'2019-11-08',	'2019-11-08 12:23:24',	1),
(181,	'APAL-28521',	'Approval Ticket # APAL-28521',	29,	87,	1,	'2019-11-08',	'2019-11-08 12:24:18',	1),
(182,	'APAL-76538',	'Approval Ticket # APAL-76538',	29,	87,	1,	'2019-11-08',	'2019-11-08 12:26:22',	1),
(185,	'APAL-67074',	'Approval Ticket # APAL-67074',	22,	87,	1,	'2019-11-08',	'2019-11-08 12:35:17',	1),
(186,	'APAL-89308',	'Approval Ticket # APAL-89308',	22,	87,	1,	'2019-11-08',	'2019-11-08 12:37:51',	1),
(187,	'APAL-54182',	'Approval Ticket # APAL-54182',	23,	87,	1,	'2019-11-08',	'2019-11-08 12:39:25',	1),
(188,	'APAL-61432',	'Approval Ticket # APAL-61432',	22,	87,	1,	'2019-11-08',	'2019-11-08 12:43:11',	1),
(189,	'APAL-43136',	'Approval Ticket # APAL-43136',	22,	87,	1,	'2019-11-08',	'2019-11-08 12:47:29',	1),
(190,	'APAL-6496',	'Approval Ticket # APAL-6496',	23,	87,	1,	'2019-11-08',	'2019-11-08 12:48:05',	1),
(191,	'APAL-62132',	'Approval Ticket # APAL-62132',	23,	87,	1,	'2019-11-08',	'2019-11-08 12:48:32',	1),
(192,	'APAL-78015',	'Approval Ticket # APAL-78015',	22,	87,	1,	'2019-11-08',	'2019-11-08 13:30:17',	1),
(193,	'APAL-78908',	'Approval Ticket # APAL-78908',	23,	87,	1,	'2019-11-08',	'2019-11-08 13:31:03',	1),
(194,	'APAL-6342',	'Approval Ticket # APAL-6342',	23,	87,	1,	'2019-11-08',	'2019-11-08 14:17:53',	1),
(195,	'APAL-82116',	'Approval Ticket # APAL-82116',	23,	87,	1,	'2019-11-08',	'2019-11-08 14:18:12',	1),
(196,	'APAL-65833',	'Approval Ticket # APAL-65833',	2,	87,	2,	'2019-11-08',	'2019-11-08 15:43:40',	2),
(197,	'APAL-54353',	'Approval Ticket # APAL-54353',	22,	87,	1,	'2019-11-08',	'2019-11-08 17:26:32',	1),
(198,	'APAL-85692',	'Approval Ticket # APAL-85692',	23,	87,	1,	'2019-11-08',	'2019-11-08 17:28:08',	1),
(199,	'APAL-40108',	'Approval Ticket # APAL-40108',	22,	87,	1,	'2019-11-08',	'2019-11-08 17:29:44',	1),
(200,	'APAL-69287',	'Approval Ticket # APAL-69287',	23,	87,	1,	'2019-11-08',	'2019-11-08 17:31:28',	1),
(201,	'APAL-13425',	'Approval Ticket # APAL-13425',	23,	87,	1,	'2019-11-08',	'2019-11-08 17:31:49',	1),
(203,	'APAL-63537',	'Approval Ticket # APAL-63537',	2,	87,	1,	'2019-11-11',	'2019-11-11 07:43:19',	1),
(205,	'APAL-59716',	'Approval Ticket # APAL-59716',	22,	87,	1,	'2019-11-11',	'2019-11-11 09:49:39',	1),
(206,	'APAL-75533',	'Approval Ticket # APAL-75533',	23,	87,	1,	'2019-11-11',	'2019-11-11 09:50:29',	1),
(207,	'APAL-59488',	'Approval Ticket # APAL-59488',	4,	87,	1,	'2019-11-12',	'2019-11-12 01:17:55',	1),
(208,	'APAL-30369',	'Approval Ticket # APAL-30369',	33,	87,	1,	'2019-11-13',	'2019-11-13 21:49:51',	1),
(209,	'APAL-13369',	'Approval Ticket # APAL-13369',	33,	87,	1,	'2019-11-13',	'2019-11-13 21:50:25',	1),
(210,	'APAL-65785',	'Approval Ticket # APAL-65785',	33,	87,	1,	'2019-11-13',	'2019-11-13 21:51:40',	1),
(211,	'APAL-57065',	'Approval Ticket # APAL-57065',	33,	87,	1,	'2019-11-13',	'2019-11-13 21:51:49',	1),
(212,	'APAL-67930',	'Approval Ticket # APAL-67930',	33,	87,	1,	'2019-11-13',	'2019-11-13 21:52:11',	1),
(217,	'APAL-36755',	'Approval Ticket # APAL-36755',	33,	87,	1,	'2019-11-13',	'2019-11-13 22:43:42',	1),
(218,	'APAL-31473',	'Approval Ticket # APAL-31473',	29,	87,	1,	'2019-11-20',	'2019-11-20 16:40:43',	1),
(219,	'APAL-89876',	'Approval Ticket # APAL-89876',	21,	87,	1,	'2019-11-20',	'2019-11-20 16:41:17',	1),
(220,	'APAL-66521',	'Approval Ticket # APAL-66521',	22,	87,	1,	'2019-11-20',	'2019-11-20 16:51:26',	1),
(221,	'APAL-32589',	'Approval Ticket # APAL-32589',	23,	87,	1,	'2019-11-20',	'2019-11-20 16:52:41',	1),
(222,	'APAL-8542',	'Approval Ticket # APAL-8542',	22,	87,	1,	'2019-11-20',	'2019-11-20 17:04:36',	1),
(223,	'APAL-7134',	'Approval Ticket # APAL-7134',	23,	87,	1,	'2019-11-20',	'2019-11-20 17:05:06',	1),
(224,	'APAL-65378',	'Approval Ticket # APAL-65378',	23,	87,	1,	'2019-11-20',	'2019-11-20 17:12:14',	1),
(225,	'APAL-9934',	'Approval Ticket # APAL-9934',	36,	87,	1,	'2019-11-21',	'2019-11-20 23:15:14',	1),
(226,	'APAL-85574',	'Approval Ticket # APAL-85574',	8,	87,	1,	'2019-11-21',	'2019-11-20 23:37:31',	1),
(228,	'APAL-24385',	'Approval Ticket # APAL-24385',	42,	87,	1,	'2019-11-21',	'2019-11-21 05:46:23',	1),
(229,	'APAL-85274',	'Approval Ticket # APAL-85274',	43,	87,	1,	'2019-11-21',	'2019-11-21 05:48:53',	1),
(230,	'APAL-86475',	'Approval Ticket # APAL-86475',	43,	87,	1,	'2019-11-21',	'2019-11-21 05:49:11',	1),
(231,	'APAL-27869',	'Approval Ticket # APAL-27869',	43,	87,	1,	'2019-11-21',	'2019-11-21 05:49:28',	1),
(232,	'APAL-35730',	'Approval Ticket # APAL-35730',	44,	87,	1,	'2019-11-21',	'2019-11-21 05:52:10',	1),
(233,	'APAL-61204',	'Approval Ticket # APAL-61204',	44,	87,	1,	'2019-11-21',	'2019-11-21 05:52:27',	1),
(234,	'APAL-40979',	'Approval Ticket # APAL-40979',	44,	87,	1,	'2019-11-21',	'2019-11-21 05:52:42',	1),
(235,	'APAL-77301',	'Approval Ticket # APAL-77301',	44,	87,	1,	'2019-11-21',	'2019-11-21 05:52:56',	1),
(236,	'APAL-62839',	'Approval Ticket # APAL-62839',	44,	87,	1,	'2019-11-21',	'2019-11-21 05:53:09',	1),
(237,	'APAL-34528',	'Approval Ticket # APAL-34528',	44,	87,	1,	'2019-11-21',	'2019-11-21 05:53:23',	1),
(238,	'APAL-7340',	'Approval Ticket # APAL-7340',	44,	87,	1,	'2019-11-21',	'2019-11-21 05:53:39',	1),
(239,	'APAL-38476',	'Approval Ticket # APAL-38476',	44,	87,	1,	'2019-11-21',	'2019-11-21 05:53:53',	1),
(240,	'APAL-87161',	'Approval Ticket # APAL-87161',	44,	87,	1,	'2019-11-21',	'2019-11-21 05:54:09',	1),
(241,	'APAL-83476',	'Approval Ticket # APAL-83476',	44,	87,	1,	'2019-11-21',	'2019-11-21 05:54:22',	1),
(242,	'APAL-27540',	'Approval Ticket # APAL-27540',	44,	87,	1,	'2019-11-21',	'2019-11-21 05:54:38',	1),
(243,	'APAL-76991',	'Approval Ticket # APAL-76991',	44,	87,	1,	'2019-11-21',	'2019-11-21 05:54:49',	1),
(244,	'APAL-39831',	'Approval Ticket # APAL-39831',	45,	87,	1,	'2019-11-21',	'2019-11-21 05:57:27',	1),
(245,	'APAL-51059',	'Approval Ticket # APAL-51059',	45,	87,	1,	'2019-11-21',	'2019-11-21 05:57:47',	1),
(246,	'APAL-83258',	'Approval Ticket # APAL-83258',	45,	87,	1,	'2019-11-21',	'2019-11-21 05:58:04',	1),
(247,	'APAL-69410',	'Approval Ticket # APAL-69410',	45,	87,	1,	'2019-11-21',	'2019-11-21 05:58:37',	1),
(248,	'APAL-85849',	'Approval Ticket # APAL-85849',	41,	87,	1,	'2019-11-21',	'2019-11-21 05:59:33',	1),
(249,	'APAL-63574',	'Approval Ticket # APAL-63574',	41,	87,	1,	'2019-11-21',	'2019-11-21 05:59:53',	1),
(250,	'APAL-7518',	'Approval Ticket # APAL-7518',	41,	87,	1,	'2019-11-21',	'2019-11-21 06:00:07',	1),
(251,	'APAL-5835',	'Approval Ticket # APAL-5835',	41,	87,	1,	'2019-11-21',	'2019-11-21 06:00:20',	1),
(252,	'APAL-31557',	'Approval Ticket # APAL-31557',	41,	87,	1,	'2019-11-21',	'2019-11-21 06:00:46',	1),
(253,	'APAL-76952',	'Approval Ticket # APAL-76952',	41,	87,	1,	'2019-11-21',	'2019-11-21 06:01:02',	1),
(254,	'APAL-42567',	'Approval Ticket # APAL-42567',	20,	87,	1,	'2019-11-21',	'2019-11-21 06:03:27',	1),
(255,	'APAL-71017',	'Approval Ticket # APAL-71017',	20,	87,	1,	'2019-11-21',	'2019-11-21 06:07:41',	1),
(256,	'APAL-1188',	'Approval Ticket # APAL-1188',	34,	87,	1,	'2019-11-21',	'2019-11-21 06:49:58',	1),
(257,	'APAL-25177',	'Approval Ticket # APAL-25177',	34,	87,	1,	'2019-11-21',	'2019-11-21 06:50:26',	1),
(258,	'APAL-48302',	'Approval Ticket # APAL-48302',	34,	87,	1,	'2019-11-21',	'2019-11-21 06:50:34',	1),
(259,	'APAL-78879',	'Approval Ticket # APAL-78879',	34,	87,	1,	'2019-11-21',	'2019-11-21 06:50:43',	1),
(260,	'APAL-53209',	'Approval Ticket # APAL-53209',	34,	87,	1,	'2019-11-21',	'2019-11-21 06:50:52',	1),
(261,	'APAL-54921',	'Approval Ticket # APAL-54921',	46,	87,	1,	'2019-11-21',	'2019-11-21 14:52:09',	1),
(262,	'APAL-49242',	'Approval Ticket # APAL-49242',	48,	87,	1,	'2019-11-21',	'2019-11-21 16:12:57',	1),
(263,	'APAL-43999',	'Approval Ticket # APAL-43999',	48,	87,	1,	'2019-11-21',	'2019-11-21 16:13:17',	1),
(264,	'APAL-76052',	'Approval Ticket # APAL-76052',	50,	87,	1,	'2019-11-21',	'2019-11-21 16:32:08',	1),
(265,	'APAL-69182',	'Approval Ticket # APAL-69182',	34,	87,	1,	'2019-11-21',	'2019-11-21 16:39:07',	1),
(266,	'APAL-42258',	'Approval Ticket # APAL-42258',	51,	87,	1,	'2019-11-21',	'2019-11-21 16:40:33',	1),
(267,	'APAL-36866',	'Approval Ticket # APAL-36866',	51,	87,	1,	'2019-11-21',	'2019-11-21 16:40:44',	1),
(268,	'APAL-18527',	'Approval Ticket # APAL-18527',	51,	87,	1,	'2019-11-21',	'2019-11-21 16:40:59',	1),
(269,	'APAL-22843',	'Approval Ticket # APAL-22843',	51,	87,	1,	'2019-11-21',	'2019-11-21 16:41:23',	1),
(270,	'APAL-55853',	'Approval Ticket # APAL-55853',	51,	87,	1,	'2019-11-21',	'2019-11-21 16:41:40',	1),
(271,	'APAL-55159',	'Approval Ticket # APAL-55159',	51,	87,	1,	'2019-11-21',	'2019-11-21 16:41:58',	1),
(272,	'APAL-6087',	'Approval Ticket # APAL-6087',	49,	87,	1,	'2019-11-21',	'2019-11-21 17:08:57',	1),
(273,	'APAL-18194',	'Approval Ticket # APAL-18194',	49,	87,	1,	'2019-11-21',	'2019-11-21 19:34:45',	1),
(274,	'APAL-32760',	'Approval Ticket # APAL-32760',	23,	87,	1,	'2019-11-21',	'2019-11-21 19:51:30',	1),
(275,	'APAL-46338',	'Approval Ticket # APAL-46338',	20,	87,	1,	'2019-11-21',	'2019-11-21 21:51:46',	1),
(276,	'APAL-15025',	'Approval Ticket # APAL-15025',	23,	87,	1,	'2019-11-21',	'2019-11-21 22:30:27',	1),
(277,	'APAL-78065',	'Approval Ticket # APAL-78065',	52,	87,	1,	'2019-11-22',	'2019-11-22 07:22:45',	1),
(278,	'APAL-48810',	'Approval Ticket # APAL-48810',	53,	87,	1,	'2019-11-22',	'2019-11-22 07:52:38',	1),
(279,	'APAL-11749',	'Approval Ticket # APAL-11749',	53,	87,	1,	'2019-11-22',	'2019-11-22 07:53:50',	1),
(280,	'APAL-2994',	'Approval Ticket # APAL-2994',	52,	87,	1,	'2019-11-22',	'2019-11-22 08:39:57',	1),
(281,	'APAL-51642',	'Approval Ticket # APAL-51642',	52,	87,	1,	'2019-11-22',	'2019-11-22 08:40:52',	1),
(282,	'APAL-80033',	'Approval Ticket # APAL-80033',	54,	87,	1,	'2019-11-22',	'2019-11-22 08:44:08',	1),
(283,	'APAL-77747',	'Approval Ticket # APAL-77747',	53,	87,	1,	'2019-11-22',	'2019-11-22 09:31:50',	1),
(284,	'APAL-61754',	'Approval Ticket # APAL-61754',	23,	87,	1,	'2019-11-22',	'2019-11-22 10:15:49',	1),
(285,	'APAL-36415',	'Approval Ticket # APAL-36415',	23,	87,	1,	'2019-11-22',	'2019-11-22 10:33:01',	1),
(286,	'APAL-5659',	'Approval Ticket # APAL-5659',	45,	87,	1,	'2019-11-22',	'2019-11-22 16:17:13',	1),
(287,	'APAL-3267',	'Approval Ticket # APAL-3267',	45,	87,	1,	'2019-11-22',	'2019-11-22 16:18:01',	1),
(288,	'APAL-26841',	'Approval Ticket # APAL-26841',	45,	87,	1,	'2019-11-22',	'2019-11-22 16:24:58',	1),
(295,	'APAL-38513',	'Approval Ticket # APAL-38513',	45,	87,	1,	'2019-11-22',	'2019-11-22 17:28:20',	1),
(296,	'APAL-47909',	'Approval Ticket # APAL-47909',	8,	87,	1,	'2019-11-22',	'2019-11-22 17:38:55',	1),
(297,	'APAL-42142',	'Approval Ticket # APAL-42142',	8,	87,	1,	'2019-11-22',	'2019-11-22 17:53:20',	1),
(298,	'APAL-53526',	'Approval Ticket # APAL-53526',	8,	87,	1,	'2019-11-22',	'2019-11-22 17:56:32',	1),
(299,	'APAL-19128',	'Approval Ticket # APAL-19128',	8,	87,	1,	'2019-11-22',	'2019-11-22 17:58:41',	1),
(300,	'APAL-50869',	'Approval Ticket # APAL-50869',	8,	87,	1,	'2019-11-22',	'2019-11-22 18:00:10',	1),
(301,	'APAL-14434',	'Approval Ticket # APAL-14434',	8,	87,	1,	'2019-11-22',	'2019-11-22 18:00:32',	1),
(302,	'APAL-69852',	'Approval Ticket # APAL-69852',	8,	87,	1,	'2019-11-22',	'2019-11-22 18:06:42',	1),
(307,	'APAL-50025',	'Approval Ticket # APAL-50025',	40,	87,	1,	'2019-11-22',	'2019-11-22 21:18:48',	1),
(312,	'APAL-27814',	'Approval Ticket # APAL-27814',	57,	87,	1,	'2019-11-23',	'2019-11-23 10:04:46',	1),
(313,	'APAL-23057',	'Approval Ticket # APAL-23057',	8,	87,	1,	'2019-11-23',	'2019-11-23 10:05:58',	1),
(323,	'APAL-84939',	'Approval Ticket # APAL-84939',	57,	87,	1,	'2019-11-23',	'2019-11-23 10:48:12',	1),
(324,	'APAL-66198',	'Approval Ticket # APAL-66198',	57,	87,	1,	'2019-11-23',	'2019-11-23 11:14:54',	1),
(325,	'APAL-30340',	'Approval Ticket # APAL-30340',	59,	87,	1,	'2019-11-23',	'2019-11-23 14:18:13',	1),
(326,	'APAL-37997',	'Approval Ticket # APAL-37997',	60,	87,	1,	'2019-11-23',	'2019-11-23 14:37:14',	1),
(327,	'APAL-26443',	'Approval Ticket # APAL-26443',	60,	87,	1,	'2019-11-23',	'2019-11-23 14:37:52',	1),
(328,	'APAL-17798',	'Approval Ticket # APAL-17798',	60,	87,	1,	'2019-11-23',	'2019-11-23 14:38:04',	1),
(329,	'APAL-35934',	'Approval Ticket # APAL-35934',	57,	87,	1,	'2019-11-23',	'2019-11-23 15:45:57',	1),
(330,	'APAL-38545',	'Approval Ticket # APAL-38545',	61,	87,	1,	'2019-11-23',	'2019-11-23 15:46:36',	1),
(331,	'APAL-61954',	'Approval Ticket # APAL-61954',	57,	87,	1,	'2019-11-23',	'2019-11-23 15:49:09',	1),
(332,	'APAL-63579',	'Approval Ticket # APAL-63579',	61,	87,	1,	'2019-11-23',	'2019-11-23 15:49:42',	1),
(333,	'APAL-19733',	'Approval Ticket # APAL-19733',	57,	87,	1,	'2019-11-23',	'2019-11-23 15:50:36',	1),
(334,	'APAL-44436',	'Approval Ticket # APAL-44436',	61,	87,	1,	'2019-11-23',	'2019-11-23 15:51:40',	1),
(335,	'APAL-19306',	'Approval Ticket # APAL-19306',	57,	87,	1,	'2019-11-23',	'2019-11-23 15:52:20',	1),
(336,	'APAL-48776',	'Approval Ticket # APAL-48776',	61,	87,	1,	'2019-11-23',	'2019-11-23 15:53:05',	1),
(337,	'APAL-26203',	'Approval Ticket # APAL-26203',	57,	87,	1,	'2019-11-23',	'2019-11-23 15:53:54',	1),
(338,	'APAL-46529',	'Approval Ticket # APAL-46529',	61,	87,	1,	'2019-11-23',	'2019-11-23 15:54:20',	1),
(339,	'APAL-51685',	'Approval Ticket # APAL-51685',	57,	87,	1,	'2019-11-23',	'2019-11-23 15:54:58',	1),
(340,	'APAL-12941',	'Approval Ticket # APAL-12941',	61,	87,	1,	'2019-11-23',	'2019-11-23 15:55:24',	1),
(341,	'APAL-33109',	'Approval Ticket # APAL-33109',	57,	87,	1,	'2019-11-23',	'2019-11-23 15:56:00',	1),
(342,	'APAL-85252',	'Approval Ticket # APAL-85252',	61,	87,	1,	'2019-11-23',	'2019-11-23 15:56:48',	1),
(343,	'APAL-55785',	'Approval Ticket # APAL-55785',	59,	87,	1,	'2019-11-23',	'2019-11-23 15:59:55',	1),
(344,	'APAL-4911',	'Approval Ticket # APAL-4911',	59,	87,	1,	'2019-11-23',	'2019-11-23 16:00:34',	1),
(345,	'APAL-63379',	'Approval Ticket # APAL-63379',	57,	87,	1,	'2019-11-23',	'2019-11-23 18:05:30',	1),
(346,	'APAL-51555',	'Approval Ticket # APAL-51555',	61,	87,	1,	'2019-11-23',	'2019-11-23 18:06:15',	1),
(347,	'APAL-7140',	'Approval Ticket # APAL-7140',	59,	87,	1,	'2019-11-23',	'2019-11-23 18:06:45',	1),
(348,	'APAL-46833',	'Approval Ticket # APAL-46833',	22,	87,	1,	'2019-11-23',	'2019-11-23 18:11:34',	1),
(349,	'APAL-21260',	'Approval Ticket # APAL-21260',	23,	87,	1,	'2019-11-23',	'2019-11-23 18:12:31',	1),
(350,	'APAL-2315',	'Approval Ticket # APAL-2315',	57,	87,	1,	'2019-11-23',	'2019-11-23 18:17:06',	1),
(351,	'APAL-60972',	'Approval Ticket # APAL-60972',	61,	87,	1,	'2019-11-23',	'2019-11-23 18:18:06',	1),
(352,	'APAL-70876',	'Approval Ticket # APAL-70876',	59,	87,	1,	'2019-11-23',	'2019-11-23 18:23:50',	1),
(353,	'APAL-1458',	'Approval Ticket # APAL-1458',	21,	87,	1,	'2019-11-24',	'2019-11-24 21:53:12',	1),
(354,	'APAL-63350',	'Approval Ticket # APAL-63350',	50,	87,	1,	'2019-11-25',	'2019-11-25 03:12:02',	1),
(355,	'APAL-3213',	'Approval Ticket # APAL-3213',	41,	87,	1,	'2019-11-25',	'2019-11-25 07:21:42',	1),
(356,	'APAL-54636',	'Approval Ticket # APAL-54636',	20,	87,	1,	'2019-11-25',	'2019-11-25 07:22:42',	1),
(357,	'APAL-7751',	'Approval Ticket # APAL-7751',	29,	87,	1,	'2019-11-25',	'2019-11-25 07:26:30',	1),
(358,	'APAL-24073',	'Approval Ticket # APAL-24073',	46,	87,	1,	'2019-11-25',	'2019-11-25 07:28:22',	1),
(360,	'APAL-29595',	'Approval Ticket # APAL-29595',	21,	87,	1,	'2019-11-25',	'2019-11-25 13:57:26',	1),
(361,	'APAL-34699',	'Approval Ticket # APAL-34699',	23,	87,	1,	'2019-11-25',	'2019-11-25 13:59:46',	1),
(363,	'APAL-6906',	'Approval Ticket # APAL-6906',	29,	87,	1,	'2019-11-25',	'2019-11-25 14:07:15',	1),
(364,	'APAL-15912',	'Approval Ticket # APAL-15912',	52,	87,	1,	'2019-11-25',	'2019-11-25 14:12:06',	1),
(365,	'APAL-47497',	'Approval Ticket # APAL-47497',	59,	87,	1,	'2019-11-25',	'2019-11-25 14:16:55',	1),
(366,	'APAL-6796',	'Approval Ticket # APAL-6796',	52,	87,	1,	'2019-11-25',	'2019-11-25 14:20:26',	1),
(367,	'APAL-73265',	'Approval Ticket # APAL-73265',	44,	87,	1,	'2019-11-26',	'2019-11-26 12:42:47',	1),
(368,	'APAL-77033',	'Approval Ticket # APAL-77033',	45,	87,	1,	'2019-11-26',	'2019-11-26 12:46:44',	1),
(369,	'APAL-62611',	'Approval Ticket # APAL-62611',	45,	87,	1,	'2019-11-26',	'2019-11-26 12:46:59',	1),
(370,	'APAL-43430',	'Approval Ticket # APAL-43430',	41,	87,	1,	'2019-11-26',	'2019-11-26 12:47:35',	1),
(371,	'APAL-47519',	'Approval Ticket # APAL-47519',	41,	87,	1,	'2019-11-26',	'2019-11-26 12:48:29',	1),
(372,	'APAL-82853',	'Approval Ticket # APAL-82853',	20,	87,	1,	'2019-11-26',	'2019-11-26 12:51:14',	1),
(373,	'APAL-77438',	'Approval Ticket # APAL-77438',	20,	87,	1,	'2019-11-26',	'2019-11-26 12:53:25',	1),
(374,	'APAL-54320',	'Approval Ticket # APAL-54320',	21,	87,	1,	'2019-11-26',	'2019-11-26 12:54:34',	1),
(375,	'APAL-54451',	'Approval Ticket # APAL-54451',	21,	87,	1,	'2019-11-26',	'2019-11-26 12:55:01',	1),
(376,	'APAL-83883',	'Approval Ticket # APAL-83883',	23,	87,	1,	'2019-11-26',	'2019-11-26 12:56:58',	1),
(377,	'APAL-66301',	'Approval Ticket # APAL-66301',	23,	87,	1,	'2019-11-26',	'2019-11-26 12:57:18',	1),
(378,	'APAL-28747',	'Approval Ticket # APAL-28747',	29,	87,	1,	'2019-11-26',	'2019-11-26 13:03:56',	1),
(379,	'APAL-82699',	'Approval Ticket # APAL-82699',	46,	87,	1,	'2019-11-26',	'2019-11-26 13:06:25',	1),
(381,	'APAL-9091',	'Approval Ticket # APAL-9091',	45,	87,	1,	'2019-11-26',	'2019-11-26 13:39:23',	1),
(382,	'APAL-62652',	'Approval Ticket # APAL-62652',	41,	87,	1,	'2019-11-26',	'2019-11-26 13:41:37',	1),
(383,	'APAL-1352',	'Approval Ticket # APAL-1352',	41,	87,	1,	'2019-11-26',	'2019-11-26 13:41:55',	1),
(384,	'APAL-60757',	'Approval Ticket # APAL-60757',	20,	87,	1,	'2019-11-26',	'2019-11-26 13:44:36',	1),
(385,	'APAL-65628',	'Approval Ticket # APAL-65628',	20,	87,	1,	'2019-11-26',	'2019-11-26 13:45:09',	1),
(386,	'APAL-4002',	'Approval Ticket # APAL-4002',	21,	87,	1,	'2019-11-26',	'2019-11-26 14:03:54',	1),
(387,	'APAL-10313',	'Approval Ticket # APAL-10313',	23,	87,	1,	'2019-11-26',	'2019-11-26 14:06:58',	1),
(388,	'APAL-33933',	'Approval Ticket # APAL-33933',	23,	87,	1,	'2019-11-26',	'2019-11-26 14:08:47',	1),
(389,	'APAL-65905',	'Approval Ticket # APAL-65905',	29,	87,	1,	'2019-11-26',	'2019-11-26 14:12:12',	1),
(390,	'APAL-79262',	'Approval Ticket # APAL-79262',	46,	87,	1,	'2019-11-26',	'2019-11-26 14:16:43',	1),
(393,	'APAL-13193',	'Approval Ticket # APAL-13193',	59,	87,	1,	'2019-11-27',	'2019-11-27 12:30:12',	1),
(394,	'APAL-73785',	'Approval Ticket # APAL-73785',	8,	87,	1,	'2019-11-27',	'2019-11-27 12:39:22',	1),
(400,	'APAL-19866',	'Approval Ticket # APAL-19866',	8,	87,	1,	'2019-11-27',	'2019-11-27 12:55:31',	1),
(401,	'APAL-79581',	'Approval Ticket # APAL-79581',	18,	87,	1,	'2019-11-27',	'2019-11-27 12:56:09',	1),
(402,	'APAL-28725',	'Approval Ticket # APAL-28725',	19,	87,	1,	'2019-11-27',	'2019-11-27 12:57:44',	1),
(403,	'APAL-52007',	'Approval Ticket # APAL-52007',	63,	87,	1,	'2019-11-27',	'2019-11-27 12:58:44',	1),
(404,	'APAL-67437',	'Approval Ticket # APAL-67437',	39,	87,	1,	'2019-11-27',	'2019-11-27 13:02:27',	1),
(405,	'APAL-64590',	'Approval Ticket # APAL-64590',	19,	87,	1,	'2019-11-27',	'2019-11-27 13:05:48',	1),
(407,	'APAL-23782',	'Approval Ticket # APAL-23782',	3,	87,	5,	'2019-11-27',	'2019-11-27 13:11:44',	5),
(408,	'APAL-7297',	'Approval Ticket # APAL-7297',	3,	87,	1,	'2019-11-27',	'2019-11-27 13:18:51',	1),
(409,	'APAL-7347',	'Approval Ticket # APAL-7347',	3,	87,	5,	'2019-11-27',	'2019-11-27 13:22:36',	5),
(410,	'APAL-15120',	'Approval Ticket # APAL-15120',	29,	87,	1,	'2019-11-27',	'2019-11-27 13:37:06',	1),
(411,	'APAL-30215',	'Approval Ticket # APAL-30215',	52,	87,	1,	'2019-11-27',	'2019-11-27 13:37:59',	1),
(412,	'APAL-44801',	'Approval Ticket # APAL-44801',	59,	87,	1,	'2019-11-27',	'2019-11-27 13:43:39',	1),
(413,	'APAL-26855',	'Approval Ticket # APAL-26855',	59,	87,	1,	'2019-11-27',	'2019-11-27 13:44:22',	1),
(414,	'APAL-32304',	'Approval Ticket # APAL-32304',	59,	87,	1,	'2019-11-27',	'2019-11-27 13:50:46',	1),
(415,	'APAL-50521',	'Approval Ticket # APAL-50521',	8,	87,	1,	'2019-11-27',	'2019-11-27 14:05:15',	1),
(416,	'APAL-84698',	'Approval Ticket # APAL-84698',	18,	87,	1,	'2019-11-27',	'2019-11-27 14:07:34',	1),
(417,	'APAL-9255',	'Approval Ticket # APAL-9255',	18,	87,	1,	'2019-11-27',	'2019-11-27 14:08:26',	1),
(418,	'APAL-80967',	'Approval Ticket # APAL-80967',	19,	87,	1,	'2019-11-27',	'2019-11-27 14:13:21',	1),
(419,	'APAL-25637',	'Approval Ticket # APAL-25637',	63,	87,	1,	'2019-11-27',	'2019-11-27 14:18:13',	1),
(420,	'APAL-64644',	'Approval Ticket # APAL-64644',	39,	87,	1,	'2019-11-27',	'2019-11-27 14:20:01',	1),
(421,	'APAL-11329',	'Approval Ticket # APAL-11329',	3,	87,	5,	'2019-11-27',	'2019-11-27 14:37:15',	5),
(422,	'APAL-32893',	'Approval Ticket # APAL-32893',	59,	87,	1,	'2019-11-27',	'2019-11-27 16:34:39',	1),
(423,	'APAL-63460',	'Approval Ticket # APAL-63460',	59,	87,	1,	'2019-11-27',	'2019-11-27 16:39:24',	1),
(424,	'APAL-31496',	'Approval Ticket # APAL-31496',	59,	87,	1,	'2019-11-27',	'2019-11-27 16:45:22',	1),
(425,	'APAL-24040',	'Approval Ticket # APAL-24040',	50,	87,	1,	'2019-11-27',	'2019-11-27 17:22:58',	1),
(426,	'APAL-75805',	'Approval Ticket # APAL-75805',	29,	87,	1,	'2019-11-28',	'2019-11-28 09:55:58',	1),
(427,	'APAL-44013',	'Approval Ticket # APAL-44013',	23,	87,	1,	'2019-11-28',	'2019-11-28 10:02:02',	1),
(429,	'APAL-47118',	'Approval Ticket # APAL-47118',	65,	87,	1,	'2019-12-01',	'2019-12-01 05:06:01',	1),
(433,	'APAL-30761',	'Approval Ticket # APAL-30761',	20,	87,	1,	'2019-12-03',	'2019-12-03 13:41:48',	1),
(439,	'APAL-4619',	'Approval Ticket # APAL-4619',	20,	87,	1,	'2019-12-03',	'2019-12-03 16:35:56',	1),
(441,	'APAL-49739',	'Approval Ticket # APAL-49739',	20,	87,	1,	'2019-12-03',	'2019-12-03 17:20:42',	1),
(442,	'APAL-45850',	'Approval Ticket # APAL-45850',	20,	87,	1,	'2019-12-08',	'2019-12-08 12:46:56',	1),
(443,	'APAL-89215',	'Approval Ticket # APAL-89215',	4,	87,	1,	'2019-12-08',	'2019-12-08 16:04:22',	1),
(446,	'APAL-82249',	'Approval Ticket # APAL-82249',	42,	87,	1,	'2019-12-13',	'2019-12-13 04:05:02',	1),
(448,	'APAL-67896',	'Approval Ticket # APAL-67896',	20,	87,	1,	'2019-12-13',	'2019-12-13 04:09:20',	1),
(449,	'APAL-3390',	'Approval Ticket # APAL-3390',	43,	87,	1,	'2019-12-13',	'2019-12-13 04:10:04',	1),
(450,	'APAL-78692',	'Approval Ticket # APAL-78692',	44,	87,	1,	'2019-12-13',	'2019-12-13 04:11:04',	1),
(451,	'APAL-77524',	'Approval Ticket # APAL-77524',	45,	87,	1,	'2019-12-13',	'2019-12-13 04:12:02',	1),
(452,	'APAL-28598',	'Approval Ticket # APAL-28598',	20,	87,	1,	'2019-12-13',	'2019-12-13 04:13:18',	1),
(453,	'APAL-61567',	'Approval Ticket # APAL-61567',	41,	87,	1,	'2019-12-13',	'2019-12-13 04:14:01',	1),
(454,	'APAL-78852',	'Approval Ticket # APAL-78852',	33,	87,	1,	'2019-12-13',	'2019-12-13 04:14:52',	1),
(455,	'APAL-73086',	'Approval Ticket # APAL-73086',	51,	87,	1,	'2019-12-13',	'2019-12-13 16:14:20',	1),
(456,	'APAL-46322',	'Approval Ticket # APAL-46322',	52,	87,	1,	'2019-12-13',	'2019-12-13 16:15:08',	1),
(457,	'APAL-49743',	'Approval Ticket # APAL-49743',	45,	87,	1,	'2019-12-14',	'2019-12-14 04:28:21',	1),
(458,	'APAL-85536',	'Approval Ticket # APAL-85536',	41,	87,	1,	'2019-12-14',	'2019-12-14 04:41:24',	1),
(459,	'APAL-38176',	'Approval Ticket # APAL-38176',	20,	87,	1,	'2019-12-15',	'2019-12-15 08:16:59',	1),
(460,	'APAL-80263',	'Approval Ticket # APAL-80263',	44,	87,	1,	'2019-12-15',	'2019-12-15 08:18:39',	1),
(461,	'APAL-18863',	'Approval Ticket # APAL-18863',	52,	87,	1,	'2019-12-15',	'2019-12-15 08:23:05',	1),
(462,	'APAL-35991',	'Approval Ticket # APAL-35991',	20,	87,	1,	'2019-12-15',	'2019-12-15 09:05:20',	1),
(463,	'APAL-17664',	'Approval Ticket # APAL-17664',	45,	87,	1,	'2019-12-15',	'2019-12-15 09:06:40',	1),
(464,	'APAL-8743',	'Approval Ticket # APAL-8743',	3,	87,	1,	'2019-12-15',	'2019-12-15 09:53:15',	1),
(465,	'APAL-52707',	'Approval Ticket # APAL-52707',	65,	87,	1,	'2019-12-15',	'2019-12-15 13:55:06',	1),
(466,	'APAL-80867',	'Approval Ticket # APAL-80867',	3,	87,	5,	'2019-12-15',	'2019-12-15 14:17:14',	5),
(467,	'APAL-22786',	'Approval Ticket # APAL-22786',	49,	87,	1,	'2019-12-15',	'2019-12-15 15:10:22',	1),
(468,	'APAL-89404',	'Approval Ticket # APAL-89404',	3,	87,	5,	'2019-12-15',	'2019-12-15 15:17:11',	5),
(469,	'APAL-78047',	'Approval Ticket # APAL-78047',	19,	87,	1,	'2019-12-15',	'2019-12-15 15:25:35',	1),
(470,	'APAL-51571',	'Approval Ticket # APAL-51571',	48,	87,	1,	'2019-12-16',	'2019-12-16 10:40:23',	1),
(471,	'APAL-31869',	'Approval Ticket # APAL-31869',	49,	87,	1,	'2019-12-16',	'2019-12-16 10:41:18',	1),
(472,	'APAL-1608',	'Approval Ticket # APAL-1608',	3,	87,	5,	'2019-12-16',	'2019-12-16 10:55:24',	5),
(473,	'APAL-50855',	'Approval Ticket # APAL-50855',	3,	87,	5,	'2019-12-16',	'2019-12-16 10:57:57',	5),
(474,	'APAL-22478',	'Approval Ticket # APAL-22478',	49,	87,	1,	'2019-12-16',	'2019-12-16 10:59:09',	1),
(475,	'APAL-78683',	'Approval Ticket # APAL-78683',	22,	87,	1,	'2019-12-16',	'2019-12-16 13:19:15',	1),
(476,	'APAL-8372',	'Approval Ticket # APAL-8372',	22,	87,	1,	'2019-12-16',	'2019-12-16 15:36:41',	1),
(477,	'APAL-60982',	'Approval Ticket # APAL-60982',	22,	87,	1,	'2019-12-16',	'2019-12-16 15:37:40',	1),
(479,	'APAL-61925',	'Approval Ticket # APAL-61925',	23,	87,	1,	'2019-12-16',	'2019-12-16 15:39:14',	1),
(480,	'APAL-69191',	'Approval Ticket # APAL-69191',	22,	87,	1,	'2019-12-16',	'2019-12-16 17:11:01',	1),
(481,	'APAL-27349',	'Approval Ticket # APAL-27349',	2,	87,	1,	'2019-12-20',	'2019-12-20 11:25:54',	1),
(482,	'APAL-64678',	'Approval Ticket # APAL-64678',	2,	87,	1,	'2020-01-03',	'2020-01-03 11:24:51',	1),
(483,	'APAL-34790',	'Approval Ticket # APAL-34790',	2,	87,	1,	'2020-01-03',	'2020-01-03 12:30:32',	1),
(487,	'APAL-65597',	'Approval Ticket # APAL-65597',	67,	87,	1,	'2020-01-04',	'2020-01-04 06:41:24',	1),
(492,	'APAL-79440',	'Approval Ticket # APAL-79440',	67,	87,	1,	'2020-01-04',	'2020-01-04 06:51:23',	1),
(493,	'APAL-50021',	'Approval Ticket # APAL-50021',	67,	87,	1,	'2020-01-04',	'2020-01-04 06:51:45',	1),
(495,	'APAL-35617',	'Approval Ticket # APAL-35617',	67,	87,	1,	'2020-01-04',	'2020-01-04 06:56:49',	1),
(498,	'APAL-73022',	'Approval Ticket # APAL-73022',	68,	87,	1,	'2020-01-06',	'2020-01-06 06:12:14',	1),
(499,	'APAL-47888',	'Approval Ticket # APAL-47888',	68,	87,	1,	'2020-01-06',	'2020-01-06 06:14:15',	1),
(500,	'APAL-21642',	'Approval Ticket # APAL-21642',	68,	87,	1,	'2020-01-06',	'2020-01-06 06:17:59',	1),
(502,	'APAL-81312',	'Approval Ticket # APAL-81312',	69,	87,	1,	'2020-01-06',	'2020-01-06 06:25:58',	1),
(503,	'APAL-76872',	'Approval Ticket # APAL-76872',	2,	87,	1,	'2020-01-06',	'2020-01-06 07:36:34',	1),
(504,	'APAL-32679',	'Approval Ticket # APAL-32679',	2,	87,	1,	'2020-01-06',	'2020-01-06 07:38:59',	1),
(505,	'APAL-32039',	'Approval Ticket # APAL-32039',	2,	87,	1,	'2020-01-06',	'2020-01-06 07:59:37',	1),
(506,	'APAL-38768',	'Approval Ticket # APAL-38768',	2,	87,	1,	'2020-01-06',	'2020-01-06 08:01:12',	1),
(507,	'APAL-51176',	'Approval Ticket # APAL-51176',	2,	87,	1,	'2020-01-06',	'2020-01-06 08:02:00',	1),
(508,	'APAL-5274',	'Approval Ticket # APAL-5274',	2,	87,	1,	'2020-01-06',	'2020-01-06 09:04:02',	1),
(509,	'APAL-3664',	'Approval Ticket # APAL-3664',	2,	87,	1,	'2020-01-06',	'2020-01-06 09:09:14',	1),
(510,	'APAL-58145',	'Approval Ticket # APAL-58145',	68,	87,	1,	'2020-01-06',	'2020-01-06 13:07:24',	1),
(511,	'APAL-57923',	'Approval Ticket # APAL-57923',	69,	87,	1,	'2020-01-06',	'2020-01-06 13:10:04',	1),
(512,	'APAL-22351',	'Approval Ticket # APAL-22351',	70,	87,	1,	'2020-01-08',	'2020-01-08 09:50:32',	1),
(513,	'APAL-85519',	'Approval Ticket # APAL-85519',	22,	87,	1,	'2020-01-08',	'2020-01-08 09:56:30',	1),
(514,	'APAL-10444',	'Approval Ticket # APAL-10444',	23,	87,	1,	'2020-01-08',	'2020-01-08 09:57:35',	1),
(515,	'APAL-54193',	'Approval Ticket # APAL-54193',	65,	87,	1,	'2020-01-09',	'2020-01-09 11:37:08',	1),
(516,	'APAL-51983',	'Approval Ticket # APAL-51983',	49,	87,	1,	'2020-01-09',	'2020-01-09 11:39:48',	1),
(517,	'APAL-28282',	'Approval Ticket # APAL-28282',	71,	87,	1,	'2020-01-15',	'2020-01-15 11:52:12',	1),
(518,	'APAL-19954',	'Approval Ticket # APAL-19954',	72,	87,	1,	'2020-01-15',	'2020-01-15 15:13:38',	1),
(519,	'APAL-16086',	'Approval Ticket # APAL-16086',	72,	87,	1,	'2020-01-15',	'2020-01-15 15:13:52',	1),
(520,	'APAL-71719',	'Approval Ticket # APAL-71719',	73,	87,	1,	'2020-01-15',	'2020-01-15 15:15:43',	1),
(521,	'APAL-77170',	'Approval Ticket # APAL-77170',	73,	87,	1,	'2020-01-15',	'2020-01-15 15:16:19',	1),
(522,	'APAL-47497',	'Approval Ticket # APAL-47497',	73,	87,	1,	'2020-01-15',	'2020-01-15 15:16:36',	1),
(523,	'APAL-60033',	'Approval Ticket # APAL-60033',	37,	87,	1,	'2020-01-15',	'2020-01-15 15:25:26',	1),
(524,	'APAL-27166',	'Approval Ticket # APAL-27166',	37,	87,	1,	'2020-01-15',	'2020-01-15 15:26:00',	1),
(525,	'APAL-5754',	'Approval Ticket # APAL-5754',	37,	87,	1,	'2020-01-15',	'2020-01-15 15:26:42',	1),
(526,	'APAL-62682',	'Approval Ticket # APAL-62682',	37,	87,	1,	'2020-01-15',	'2020-01-15 15:27:21',	1),
(527,	'APAL-8940',	'Approval Ticket # APAL-8940',	37,	87,	1,	'2020-01-15',	'2020-01-15 15:27:46',	1),
(528,	'APAL-78134',	'Approval Ticket # APAL-78134',	37,	87,	1,	'2020-01-15',	'2020-01-15 15:28:22',	1),
(529,	'APAL-68883',	'Approval Ticket # APAL-68883',	37,	87,	1,	'2020-01-15',	'2020-01-15 15:28:54',	1),
(530,	'APAL-6081',	'Approval Ticket # APAL-6081',	37,	87,	1,	'2020-01-15',	'2020-01-15 15:29:43',	1),
(531,	'APAL-35435',	'Approval Ticket # APAL-35435',	71,	87,	1,	'2020-01-15',	'2020-01-15 17:54:40',	1),
(532,	'APAL-50257',	'Approval Ticket # APAL-50257',	2,	87,	1,	'2020-01-16',	'2020-01-16 11:06:17',	1),
(533,	'APAL-57906',	'Approval Ticket # APAL-57906',	74,	87,	1,	'2020-01-16',	'2020-01-16 11:15:15',	1),
(534,	'APAL-28616',	'Approval Ticket # APAL-28616',	74,	87,	1,	'2020-01-16',	'2020-01-16 11:15:37',	1),
(535,	'APAL-13866',	'Approval Ticket # APAL-13866',	72,	87,	1,	'2020-01-16',	'2020-01-16 11:31:42',	1),
(537,	'APAL-5306',	'Approval Ticket # APAL-5306',	2,	87,	1,	'2020-01-16',	'2020-01-16 18:01:57',	1),
(538,	'APAL-14183',	'Approval Ticket # APAL-14183',	2,	87,	1,	'2020-01-16',	'2020-01-16 18:02:46',	1),
(539,	'APAL-54691',	'Approval Ticket # APAL-54691',	2,	102,	1,	'2020-01-16',	'2020-03-07 04:43:20',	1),
(540,	'APAL-73549',	'Approval Ticket # APAL-73549',	2,	87,	1,	'2020-01-16',	'2020-01-16 18:04:14',	1),
(541,	'APAL-40607',	'Approval Ticket # APAL-40607',	2,	87,	1,	'2020-01-16',	'2020-01-16 18:05:05',	1),
(542,	'APAL-16117',	'Approval Ticket # APAL-16117',	2,	87,	1,	'2020-01-16',	'2020-01-16 18:05:53',	1),
(543,	'APAL-17354',	'Approval Ticket # APAL-17354',	2,	87,	1,	'2020-01-16',	'2020-01-16 18:06:37',	1),
(545,	'APAL-85609',	'Approval Ticket # APAL-85609',	2,	87,	1,	'2020-01-16',	'2020-01-16 19:16:54',	1),
(546,	'APAL-30805',	'Approval Ticket # APAL-30805',	73,	87,	1,	'2020-01-16',	'2020-01-16 20:25:42',	1),
(547,	'APAL-3069',	'Approval Ticket # APAL-3069',	75,	87,	1,	'2020-01-16',	'2020-01-16 20:32:38',	1),
(548,	'APAL-19321',	'Approval Ticket # APAL-19321',	76,	87,	1,	'2020-01-16',	'2020-01-16 21:40:38',	1),
(549,	'APAL-89622',	'Approval Ticket # APAL-89622',	4,	87,	1,	'2020-01-18',	'2020-01-18 09:37:11',	1),
(550,	'APAL-83089',	'Approval Ticket # APAL-83089',	36,	87,	1,	'2020-01-18',	'2020-01-18 13:09:29',	1),
(551,	'APAL-89221',	'Approval Ticket # APAL-89221',	36,	87,	1,	'2020-01-18',	'2020-01-18 13:10:59',	1),
(552,	'APAL-17754',	'Approval Ticket # APAL-17754',	36,	87,	1,	'2020-01-18',	'2020-01-18 13:11:15',	1),
(553,	'APAL-28097',	'Approval Ticket # APAL-28097',	36,	87,	1,	'2020-01-18',	'2020-01-18 13:11:30',	1),
(554,	'APAL-55802',	'Approval Ticket # APAL-55802',	36,	87,	1,	'2020-01-18',	'2020-01-18 13:11:52',	1),
(556,	'APAL-84221',	'Approval Ticket # APAL-84221',	36,	87,	1,	'2020-01-18',	'2020-01-18 13:13:03',	1),
(557,	'APAL-15342',	'Approval Ticket # APAL-15342',	36,	87,	1,	'2020-01-18',	'2020-01-18 13:13:19',	1),
(558,	'APAL-84801',	'Approval Ticket # APAL-84801',	36,	87,	1,	'2020-01-18',	'2020-01-18 13:13:38',	1),
(559,	'APAL-18643',	'Approval Ticket # APAL-18643',	36,	87,	1,	'2020-01-18',	'2020-01-18 13:13:53',	1),
(560,	'APAL-78018',	'Approval Ticket # APAL-78018',	36,	87,	1,	'2020-01-18',	'2020-01-18 13:14:16',	1),
(561,	'APAL-20731',	'Approval Ticket # APAL-20731',	36,	87,	1,	'2020-01-18',	'2020-01-18 13:14:32',	1),
(562,	'APAL-17405',	'Approval Ticket # APAL-17405',	36,	87,	1,	'2020-01-18',	'2020-01-18 13:14:49',	1),
(563,	'APAL-21845',	'Approval Ticket # APAL-21845',	36,	87,	1,	'2020-01-18',	'2020-01-18 13:15:07',	1),
(564,	'APAL-40491',	'Approval Ticket # APAL-40491',	78,	87,	1,	'2020-02-29',	'2020-02-29 19:03:28',	1),
(565,	'APAL-28842',	'Approval Ticket # APAL-28842',	78,	87,	1,	'2020-02-29',	'2020-02-29 19:11:52',	1),
(613,	'APAL-84241',	'Approval Ticket # APAL-84241',	2,	87,	1,	'2020-03-03',	'2020-03-03 01:48:44',	1),
(615,	'APAL-24884',	'Approval Ticket # APAL-24884',	2,	87,	1,	'2020-03-03',	'2020-03-03 01:52:31',	1),
(616,	'APAL-86132',	'Approval Ticket # APAL-86132',	2,	87,	1,	'2020-03-03',	'2020-03-03 01:56:07',	1),
(617,	'APAL-38350',	'Approval Ticket # APAL-38350',	2,	87,	1,	'2020-03-03',	'2020-03-03 01:58:49',	1),
(618,	'APAL-82937',	'Approval Ticket # APAL-82937',	2,	87,	1,	'2020-03-03',	'2020-03-03 02:14:08',	1),
(619,	'APAL-11717',	'Approval Ticket # APAL-11717',	2,	87,	1,	'2020-03-03',	'2020-03-03 02:19:34',	1),
(620,	'APAL-12554',	'Approval Ticket # APAL-12554',	2,	87,	1,	'2020-03-03',	'2020-03-03 02:25:23',	1),
(621,	'APAL-88760',	'Approval Ticket # APAL-88760',	2,	87,	1,	'2020-03-03',	'2020-03-03 02:26:28',	1),
(622,	'APAL-89141',	'Approval Ticket # APAL-89141',	2,	87,	1,	'2020-03-03',	'2020-03-03 02:27:41',	1),
(623,	'APAL-37990',	'Approval Ticket # APAL-37990',	2,	87,	1,	'2020-03-03',	'2020-03-03 02:29:41',	1),
(624,	'APAL-23305',	'Approval Ticket # APAL-23305',	2,	87,	1,	'2020-03-03',	'2020-03-03 02:32:50',	1),
(625,	'APAL-59836',	'Approval Ticket # APAL-59836',	2,	87,	1,	'2020-03-03',	'2020-03-03 02:33:42',	1),
(626,	'APAL-39230',	'Approval Ticket # APAL-39230',	2,	87,	1,	'2020-03-03',	'2020-03-03 02:36:23',	1),
(627,	'APAL-36058',	'Approval Ticket # APAL-36058',	2,	87,	1,	'2020-03-03',	'2020-03-03 02:36:29',	1),
(628,	'APAL-50775',	'Approval Ticket # APAL-50775',	2,	87,	1,	'2020-03-03',	'2020-03-03 02:37:26',	1),
(629,	'APAL-38632',	'Approval Ticket # APAL-38632',	2,	87,	1,	'2020-03-03',	'2020-03-03 07:59:37',	1),
(630,	'APAL-71357',	'Approval Ticket # APAL-71357',	2,	87,	1,	'2020-03-03',	'2020-03-03 08:01:54',	1),
(631,	'APAL-26087',	'Approval Ticket # APAL-26087',	2,	87,	1,	'2020-03-03',	'2020-03-03 08:02:45',	1),
(632,	'APAL-56811',	'Approval Ticket # APAL-56811',	2,	87,	1,	'2020-03-03',	'2020-03-03 08:04:29',	1),
(633,	'APAL-82268',	'Approval Ticket # APAL-82268',	5,	87,	1,	'2020-03-04',	'2020-03-04 14:07:29',	1),
(637,	'APAL-42629',	'Approval Ticket # APAL-42629',	5,	87,	1,	'2020-03-04',	'2020-03-04 17:41:58',	1),
(638,	'APAL-18403',	'Approval Ticket # APAL-18403',	5,	87,	1,	'2020-03-04',	'2020-03-04 17:43:49',	1),
(643,	'APAL-24068',	'Approval Ticket # APAL-24068',	5,	87,	1,	'2020-03-04',	'2020-03-04 17:47:33',	1),
(645,	'APAL-80520',	'Approval Ticket # APAL-80520',	5,	87,	1,	'2020-03-04',	'2020-03-04 17:50:40',	1),
(646,	'APAL-60001',	'Approval Ticket # APAL-60001',	5,	87,	1,	'2020-03-04',	'2020-03-04 17:52:05',	1),
(647,	'APAL-72457',	'Approval Ticket # APAL-72457',	5,	87,	1,	'2020-03-04',	'2020-03-04 17:52:56',	1),
(648,	'APAL-77158',	'Approval Ticket # APAL-77158',	5,	87,	1,	'2020-03-04',	'2020-03-04 17:54:43',	1),
(649,	'APAL-88940',	'Approval Ticket # APAL-88940',	5,	87,	1,	'2020-03-04',	'2020-03-04 17:59:08',	1),
(650,	'APAL-68286',	'Approval Ticket # APAL-68286',	5,	87,	1,	'2020-03-04',	'2020-03-04 18:01:18',	1),
(651,	'APAL-48709',	'Approval Ticket # APAL-48709',	5,	87,	1,	'2020-03-04',	'2020-03-04 18:02:15',	1),
(652,	'APAL-78800',	'Approval Ticket # APAL-78800',	5,	87,	1,	'2020-03-04',	'2020-03-04 18:03:10',	1),
(653,	'APAL-3175',	'Approval Ticket # APAL-3175',	5,	87,	1,	'2020-03-04',	'2020-03-04 18:09:12',	1),
(654,	'APAL-8425',	'Approval Ticket # APAL-8425',	5,	87,	1,	'2020-03-04',	'2020-03-04 18:09:42',	1),
(655,	'APAL-56555',	'Approval Ticket # APAL-56555',	5,	87,	1,	'2020-03-04',	'2020-03-04 18:10:49',	1),
(656,	'APAL-10461',	'Approval Ticket # APAL-10461',	5,	87,	1,	'2020-03-04',	'2020-03-04 18:11:29',	1),
(657,	'APAL-68105',	'Approval Ticket # APAL-68105',	5,	87,	1,	'2020-03-04',	'2020-03-04 18:11:46',	1),
(658,	'APAL-19959',	'Approval Ticket # APAL-19959',	5,	87,	1,	'2020-03-04',	'2020-03-04 22:22:16',	1),
(659,	'APAL-39515',	'Approval Ticket # APAL-39515',	3,	87,	1,	'2020-03-05',	'2020-03-05 22:44:53',	1),
(663,	'APAL-43195',	'Approval Ticket # APAL-43195',	9,	87,	1,	'2020-03-06',	'2020-03-06 00:09:38',	1),
(664,	'APAL-13035',	'Approval Ticket # APAL-13035',	3,	87,	1,	'2020-03-06',	'2020-03-06 05:21:43',	1),
(665,	'APAL-51120',	'Approval Ticket # APAL-51120',	3,	87,	1,	'2020-03-06',	'2020-03-06 05:23:23',	1),
(666,	'APAL-65509',	'Approval Ticket # APAL-65509',	3,	87,	1,	'2020-03-06',	'2020-03-06 05:24:44',	1),
(667,	'APAL-10071',	'Approval Ticket # APAL-10071',	3,	87,	1,	'2020-03-06',	'2020-03-06 05:29:17',	1),
(668,	'APAL-9872',	'Approval Ticket # APAL-9872',	3,	87,	1,	'2020-03-06',	'2020-03-06 05:30:51',	1),
(669,	'APAL-61157',	'Approval Ticket # APAL-61157',	3,	87,	1,	'2020-03-06',	'2020-03-06 05:32:16',	1),
(670,	'APAL-86793',	'Approval Ticket # APAL-86793',	50,	87,	1,	'2020-03-06',	'2020-03-06 05:40:21',	1),
(671,	'APAL-4049',	'Approval Ticket # APAL-4049',	49,	87,	1,	'2020-03-06',	'2020-03-06 05:50:13',	1),
(672,	'APAL-77467',	'Approval Ticket # APAL-77467',	2,	87,	1,	'2020-03-06',	'2020-03-06 06:23:41',	1),
(673,	'APAL-5934',	'Approval Ticket # APAL-5934',	2,	87,	1,	'2020-03-06',	'2020-03-06 06:25:18',	1),
(674,	'APAL-84009',	'Approval Ticket # APAL-84009',	2,	87,	1,	'2020-03-06',	'2020-03-06 06:29:07',	1),
(675,	'APAL-65111',	'Approval Ticket # APAL-65111',	2,	87,	1,	'2020-03-06',	'2020-03-06 06:41:59',	1),
(676,	'APAL-64740',	'Approval Ticket # APAL-64740',	2,	87,	1,	'2020-03-06',	'2020-03-06 06:45:55',	1),
(677,	'APAL-39231',	'Approval Ticket # APAL-39231',	2,	87,	1,	'2020-03-06',	'2020-03-06 06:47:21',	1),
(678,	'APAL-72837',	'Approval Ticket # APAL-72837',	29,	87,	1,	'2020-03-06',	'2020-03-06 09:05:54',	1),
(679,	'APAL-62830',	'Approval Ticket # APAL-62830',	52,	87,	1,	'2020-03-06',	'2020-03-06 09:13:25',	1),
(680,	'APAL-3261',	'Approval Ticket # APAL-3261',	49,	87,	1,	'2020-03-06',	'2020-03-06 09:18:01',	1),
(681,	'APAL-74429',	'Approval Ticket # APAL-74429',	3,	87,	5,	'2020-03-06',	'2020-03-06 10:01:03',	5),
(682,	'APAL-45800',	'Approval Ticket # APAL-45800',	2,	87,	1,	'2020-03-06',	'2020-03-06 10:36:12',	1),
(683,	'APAL-83198',	'Approval Ticket # APAL-83198',	2,	87,	1,	'2020-03-06',	'2020-03-06 17:38:19',	1),
(684,	'APAL-79323',	'Approval Ticket # APAL-79323',	32,	87,	1,	'2020-03-07',	'2020-03-07 01:49:06',	1),
(685,	'APAL-31450',	'Approval Ticket # APAL-31450',	26,	87,	1,	'2020-03-07',	'2020-03-07 01:55:13',	1),
(686,	'APAL-5243',	'Approval Ticket # APAL-5243',	32,	87,	1,	'2020-03-07',	'2020-03-07 02:52:58',	1),
(687,	'APAL-59144',	'Approval Ticket # APAL-59144',	32,	87,	1,	'2020-03-07',	'2020-03-07 02:54:39',	1),
(688,	'APAL-22037',	'Approval Ticket # APAL-22037',	32,	87,	1,	'2020-03-07',	'2020-03-07 02:56:38',	1),
(689,	'APAL-63418',	'Approval Ticket # APAL-63418',	32,	87,	1,	'2020-03-07',	'2020-03-07 02:58:06',	1),
(691,	'APAL-38726',	'Approval Ticket # APAL-38726',	21,	87,	1,	'2020-03-07',	'2020-03-07 04:21:56',	1),
(692,	'APAL-39926',	'Approval Ticket # APAL-39926',	32,	87,	1,	'2020-03-07',	'2020-03-07 04:23:20',	1),
(693,	'APAL-74822',	'Approval Ticket # APAL-74822',	32,	87,	1,	'2020-03-07',	'2020-03-07 04:24:17',	1),
(695,	'APAL-63220',	'Approval Ticket # APAL-63220',	38,	87,	1,	'2020-03-07',	'2020-03-07 05:29:10',	1),
(696,	'APAL-86895',	'Approval Ticket # APAL-86895',	2,	102,	1,	'2020-03-07',	'2020-03-07 05:36:08',	1),
(697,	'APAL-56477',	'Approval Ticket # APAL-56477',	38,	87,	1,	'2020-03-07',	'2020-03-07 06:03:30',	1),
(700,	'APAL-46485',	'Approval Ticket # APAL-46485',	33,	87,	1,	'2020-03-07',	'2020-03-07 06:14:11',	1),
(701,	'APAL-41347',	'Approval Ticket # APAL-41347',	71,	87,	1,	'2020-03-07',	'2020-03-07 06:23:33',	1),
(702,	'APAL-70521',	'Approval Ticket # APAL-70521',	2,	87,	1,	'2020-03-07',	'2020-03-07 06:23:33',	1),
(703,	'APAL-21867',	'Approval Ticket # APAL-21867',	2,	102,	1,	'2020-03-07',	'2020-03-07 06:25:44',	1),
(704,	'APAL-4778',	'Approval Ticket # APAL-4778',	22,	87,	1,	'2020-03-07',	'2020-03-07 06:36:47',	1),
(705,	'APAL-29796',	'Approval Ticket # APAL-29796',	23,	87,	1,	'2020-03-07',	'2020-03-07 06:38:18',	1),
(706,	'APAL-61231',	'Approval Ticket # APAL-61231',	22,	87,	1,	'2020-03-07',	'2020-03-07 06:42:38',	1),
(707,	'APAL-87998',	'Approval Ticket # APAL-87998',	23,	87,	1,	'2020-03-07',	'2020-03-07 06:43:49',	1),
(708,	'APAL-32202',	'Approval Ticket # APAL-32202',	22,	87,	1,	'2020-03-07',	'2020-03-07 06:46:10',	1),
(713,	'APAL-16334',	'Approval Ticket # APAL-16334',	5,	102,	5,	'2020-03-07',	'2020-03-07 07:41:09',	5),
(714,	'APAL-28672',	'Approval Ticket # APAL-28672',	32,	87,	1,	'2020-03-07',	'2020-03-07 07:09:03',	1),
(715,	'APAL-3704',	'Approval Ticket # APAL-3704',	32,	87,	1,	'2020-03-07',	'2020-03-07 07:42:53',	1),
(716,	'APAL-86315',	'Approval Ticket # APAL-86315',	3,	102,	5,	'2020-03-07',	'2020-03-07 09:13:03',	5),
(717,	'APAL-49505',	'Approval Ticket # APAL-49505',	51,	87,	1,	'2020-03-07',	'2020-03-07 09:35:21',	1),
(721,	'APAL-65291',	'Approval Ticket # APAL-65291',	2,	87,	1,	'2020-03-07',	'2020-03-07 10:24:52',	1),
(722,	'APAL-73429',	'Approval Ticket # APAL-73429',	2,	87,	1,	'2020-03-07',	'2020-03-07 10:27:58',	1),
(723,	'APAL-58004',	'Approval Ticket # APAL-58004',	3,	102,	5,	'2020-03-07',	'2020-03-07 10:43:13',	5),
(724,	'APAL-10610',	'Approval Ticket # APAL-10610',	52,	87,	1,	'2020-03-07',	'2020-03-07 10:50:38',	1),
(725,	'APAL-68209',	'Approval Ticket # APAL-68209',	49,	87,	1,	'2020-03-07',	'2020-03-07 10:51:36',	1),
(726,	'APAL-66182',	'Approval Ticket # APAL-66182',	23,	87,	1,	'2020-03-07',	'2020-03-07 11:04:26',	1),
(727,	'APAL-32959',	'Approval Ticket # APAL-32959',	23,	87,	1,	'2020-03-07',	'2020-03-07 11:06:04',	1),
(729,	'APAL-37874',	'Approval Ticket # APAL-37874',	2,	102,	1,	'2020-03-07',	'2020-03-07 11:34:00',	1),
(731,	'APAL-72184',	'Approval Ticket # APAL-72184',	2,	102,	5,	'2020-03-07',	'2020-03-07 11:50:19',	5),
(732,	'APAL-26838',	'Approval Ticket # APAL-26838',	38,	87,	1,	'2020-03-07',	'2020-03-07 12:07:24',	1),
(733,	'APAL-44880',	'Approval Ticket # APAL-44880',	71,	87,	5,	'2020-03-07',	'2020-03-07 12:11:32',	5),
(734,	'APAL-33241',	'Approval Ticket # APAL-33241',	2,	87,	5,	'2020-03-07',	'2020-03-07 12:11:32',	5),
(735,	'APAL-28346',	'Approval Ticket # APAL-28346',	22,	87,	1,	'2020-03-08',	'2020-03-08 18:02:49',	1),
(736,	'APAL-20720',	'Approval Ticket # APAL-20720',	23,	87,	1,	'2020-03-08',	'2020-03-08 18:03:55',	1),
(737,	'APAL-2790',	'Approval Ticket # APAL-2790',	26,	87,	1,	'2020-03-08',	'2020-03-08 20:26:09',	1),
(738,	'APAL-7138',	'Approval Ticket # APAL-7138',	22,	87,	1,	'2020-03-08',	'2020-03-08 20:55:06',	1),
(739,	'APAL-32287',	'Approval Ticket # APAL-32287',	23,	87,	1,	'2020-03-08',	'2020-03-08 20:56:05',	1),
(740,	'APAL-74886',	'Approval Ticket # APAL-74886',	22,	87,	1,	'2020-03-08',	'2020-03-08 20:58:08',	1),
(741,	'APAL-10546',	'Approval Ticket # APAL-10546',	23,	87,	1,	'2020-03-08',	'2020-03-08 20:59:32',	1),
(742,	'APAL-68713',	'Approval Ticket # APAL-68713',	22,	87,	1,	'2020-03-08',	'2020-03-08 21:02:26',	1),
(743,	'APAL-73259',	'Approval Ticket # APAL-73259',	23,	87,	1,	'2020-03-08',	'2020-03-08 21:03:15',	1),
(748,	'APAL-82624',	'Approval Ticket # APAL-82624',	81,	87,	1,	'2020-03-09',	'2020-03-09 05:40:01',	1),
(749,	'APAL-37475',	'Approval Ticket # APAL-37475',	81,	87,	1,	'2020-03-09',	'2020-03-09 05:41:30',	1),
(750,	'APAL-12171',	'Approval Ticket # APAL-12171',	81,	87,	1,	'2020-03-09',	'2020-03-09 05:43:25',	1),
(751,	'APAL-84802',	'Approval Ticket # APAL-84802',	81,	87,	1,	'2020-03-09',	'2020-03-09 05:51:11',	1),
(752,	'APAL-1194',	'Approval Ticket # APAL-1194',	81,	87,	1,	'2020-03-09',	'2020-03-09 05:55:17',	1),
(754,	'APAL-1040',	'Approval Ticket # APAL-1040',	81,	87,	1,	'2020-03-09',	'2020-03-09 05:58:23',	1),
(755,	'APAL-70174',	'Approval Ticket # APAL-70174',	81,	87,	1,	'2020-03-09',	'2020-03-09 06:09:39',	1),
(756,	'APAL-30608',	'Approval Ticket # APAL-30608',	81,	87,	1,	'2020-03-09',	'2020-03-09 06:10:42',	1),
(757,	'APAL-54545',	'Approval Ticket # APAL-54545',	81,	87,	1,	'2020-03-09',	'2020-03-09 06:12:37',	1),
(758,	'APAL-26566',	'Approval Ticket # APAL-26566',	81,	87,	1,	'2020-03-09',	'2020-03-09 06:17:46',	1),
(760,	'APAL-22180',	'Approval Ticket # APAL-22180',	4,	87,	1,	'2020-03-11',	'2020-03-10 23:42:07',	1);

DROP TABLE IF EXISTS `approve_item`;
CREATE TABLE `approve_item` (
  `approve_item_id` int(100) NOT NULL AUTO_INCREMENT,
  `approve_item_track_number` varchar(100) NOT NULL,
  `approve_item_name` varchar(100) NOT NULL,
  `approve_item_is_active` int(5) NOT NULL,
  `approve_item_created_date` date NOT NULL,
  `approve_item_created_by` int(100) NOT NULL,
  `approve_item_last_modified_date` timestamp NOT NULL DEFAULT CURRENT_TIMESTAMP ON UPDATE CURRENT_TIMESTAMP,
  `approve_item_last_modified_by` int(100) NOT NULL,
  `fk_approval_id` int(100) DEFAULT NULL,
  `fk_status_id` int(100) DEFAULT NULL,
  PRIMARY KEY (`approve_item_id`)
) ENGINE=InnoDB DEFAULT CHARSET=latin1;

INSERT INTO `approve_item` (`approve_item_id`, `approve_item_track_number`, `approve_item_name`, `approve_item_is_active`, `approve_item_created_date`, `approve_item_created_by`, `approve_item_last_modified_date`, `approve_item_last_modified_by`, `fk_approval_id`, `fk_status_id`) VALUES
(1,	'APEM-45322',	'request_detail',	1,	'0000-00-00',	0,	'2019-11-25 03:34:19',	0,	NULL,	NULL),
(2,	'APEM-45323',	'voucher',	1,	'0000-00-00',	0,	'2019-11-15 18:14:11',	0,	NULL,	NULL),
(3,	'APEM-45324',	'request',	1,	'0000-00-00',	0,	'2019-11-25 03:19:05',	0,	NULL,	NULL),
(4,	'APEM-45325',	'budget',	1,	'2019-10-22',	1,	'2019-11-15 18:14:11',	1,	NULL,	NULL),
(5,	'APEM-45326',	'budget_item',	1,	'2019-10-22',	1,	'2020-03-07 07:05:10',	1,	NULL,	NULL),
(8,	'APEM-45327',	'funder',	1,	'2019-10-22',	1,	'2019-11-20 23:35:59',	1,	NULL,	NULL),
(9,	'APEM-45328',	'workplan',	0,	'2019-10-22',	1,	'2019-11-15 18:14:11',	1,	NULL,	NULL),
(13,	'APEM-45329',	'budget_item_detail',	0,	'2019-10-22',	1,	'2019-11-15 18:14:11',	1,	NULL,	NULL),
(14,	'APEM-45330',	'voucher_detail',	0,	'2019-10-22',	1,	'2019-11-15 18:14:11',	1,	NULL,	NULL),
(18,	'APEM-45331',	'project',	0,	'2019-10-25',	1,	'2019-11-15 18:14:11',	1,	NULL,	NULL),
(19,	'APEM-45332',	'project_allocation',	1,	'2019-11-03',	1,	'2019-11-15 18:14:11',	1,	NULL,	NULL),
(20,	'APEM-45333',	'office',	1,	'2019-11-03',	1,	'2019-12-08 07:57:15',	1,	NULL,	NULL),
(21,	'APEM-45334',	'role',	0,	'2019-11-04',	1,	'2019-11-15 18:14:11',	1,	NULL,	NULL),
(22,	'APEM-45335',	'permission',	0,	'2019-11-04',	1,	'2019-11-15 18:14:11',	1,	NULL,	NULL),
(23,	'APEM-45336',	'role_permission',	0,	'2019-11-04',	1,	'2019-11-15 18:14:11',	1,	NULL,	NULL),
(24,	'APEM-45337',	'dashboard',	0,	'2019-11-05',	1,	'2019-11-15 18:14:11',	1,	NULL,	NULL),
(25,	'APEM-45338',	'permission_label',	0,	'2019-11-06',	1,	'2019-11-15 18:14:11',	1,	NULL,	NULL),
(26,	'APEM-45339',	'bank',	0,	'2019-11-06',	1,	'2019-11-15 18:14:11',	1,	NULL,	NULL),
(27,	'APEM-45340',	'user_detail',	0,	'2019-11-07',	1,	'2019-11-15 18:14:11',	1,	NULL,	NULL),
(28,	'APEM-45341',	'menu_user_order',	0,	'2019-11-07',	1,	'2019-11-15 18:14:11',	1,	NULL,	NULL),
(29,	'APEM-45342',	'user',	0,	'2019-11-07',	1,	'2019-11-15 18:14:11',	1,	NULL,	NULL),
(30,	'APEM-45343',	'user_setting',	0,	'2019-11-07',	1,	'2019-11-15 18:14:11',	1,	NULL,	NULL),
(31,	'APEM-45344',	'approve_item',	0,	'2019-11-07',	1,	'2019-11-15 18:14:11',	1,	NULL,	NULL),
(32,	'APEM-45345',	'status',	0,	'2019-11-07',	1,	'2019-11-15 18:14:11',	1,	NULL,	NULL),
(33,	'APEM-45346',	'context_center',	0,	'2019-11-13',	1,	'2019-12-08 08:45:49',	1,	NULL,	NULL),
(34,	'APEM-45347',	'context',	0,	'2019-11-13',	1,	'2019-12-08 07:59:55',	1,	NULL,	NULL),
(36,	'',	'month',	0,	'2019-11-21',	1,	'2019-11-20 23:15:01',	1,	NULL,	NULL),
(37,	'',	'voucher_type',	0,	'2019-11-21',	1,	'2019-11-20 23:15:43',	1,	NULL,	NULL),
(38,	'',	'reconciliation',	0,	'2019-11-21',	1,	'2019-11-20 23:17:28',	1,	NULL,	NULL),
(39,	'',	'expense_account',	0,	'2019-11-21',	1,	'2019-11-20 23:54:46',	1,	NULL,	NULL),
(40,	'',	'language',	0,	'2019-11-21',	1,	'2019-11-21 00:12:27',	1,	NULL,	NULL),
(41,	'',	'context_cluster',	0,	'2019-11-21',	1,	'2019-12-08 08:45:49',	1,	NULL,	NULL),
(42,	'',	'context_global',	0,	'2019-11-21',	1,	'2019-12-08 08:45:49',	1,	NULL,	NULL),
(43,	'',	'context_region',	0,	'2019-11-21',	1,	'2019-12-08 08:45:49',	1,	NULL,	NULL),
(44,	'',	'context_country',	0,	'2019-11-21',	1,	'2019-12-08 08:45:49',	1,	NULL,	NULL),
(45,	'',	'context_cohort',	0,	'2019-11-21',	1,	'2019-12-08 08:45:49',	1,	NULL,	NULL),
(46,	'',	'center_user',	0,	'2019-11-21',	1,	'2019-11-21 14:51:30',	1,	NULL,	NULL),
(47,	'',	'menu',	0,	'2019-11-21',	1,	'2019-11-21 15:40:57',	1,	NULL,	NULL),
(48,	'',	'department',	0,	'2019-11-21',	1,	'2019-11-21 16:09:50',	1,	NULL,	NULL),
(49,	'',	'department_user',	0,	'2019-11-21',	1,	'2019-11-21 16:14:04',	1,	NULL,	NULL),
(50,	'',	'context_cluster_user',	0,	'2019-11-21',	1,	'2019-12-08 08:45:49',	1,	NULL,	NULL),
(51,	'',	'designation',	0,	'2019-11-21',	1,	'2019-11-21 16:37:42',	1,	NULL,	NULL),
(52,	'',	'context_country_user',	0,	'2019-11-22',	1,	'2019-12-08 08:45:49',	1,	NULL,	NULL),
(53,	'',	'context_cohort_user',	0,	'2019-11-22',	1,	'2019-12-08 08:45:49',	1,	NULL,	NULL),
(54,	'',	'context_global_user',	0,	'2019-11-22',	1,	'2019-12-08 08:45:49',	1,	NULL,	NULL),
(55,	'',	'context_region_user',	0,	'2019-11-22',	1,	'2019-12-08 08:45:49',	1,	NULL,	NULL),
(56,	'',	'funding_status',	0,	'2019-11-22',	1,	'2019-11-22 22:07:30',	1,	NULL,	NULL),
(57,	'',	'page_view',	0,	'2019-11-23',	1,	'2019-11-23 08:19:50',	1,	NULL,	NULL),
(58,	'',	'page_view_detail',	0,	'2019-11-23',	1,	'2019-11-23 08:19:50',	1,	NULL,	NULL),
(59,	'',	'page_view_role',	0,	'2019-11-23',	1,	'2019-11-23 14:11:51',	1,	NULL,	NULL),
(60,	'',	'request_type',	0,	'2019-11-23',	1,	'2019-11-23 14:31:51',	1,	NULL,	NULL),
(61,	'',	'page_view_condition',	0,	'2019-11-23',	1,	'2019-11-23 15:32:11',	1,	NULL,	NULL),
(62,	'APEM-78654',	'approval',	0,	'2019-11-23',	1,	'2020-03-07 04:19:43',	1,	NULL,	NULL),
(63,	'',	'income_account',	0,	'2019-11-27',	1,	'2019-11-27 12:58:11',	1,	NULL,	NULL),
(65,	'',	'context_center_user',	0,	'2019-11-30',	1,	'2019-12-08 08:45:49',	1,	NULL,	NULL),
(66,	'',	'context_definition',	0,	'2019-12-15',	1,	'2019-12-15 06:51:08',	1,	NULL,	NULL),
(67,	'',	'bank_branch',	0,	'2020-01-04',	1,	'2020-01-04 06:22:45',	1,	NULL,	NULL),
(68,	'',	'office_bank',	0,	'2020-01-04',	1,	'2020-01-04 06:30:35',	1,	NULL,	NULL),
(69,	'',	'cheque_book',	0,	'2020-01-06',	1,	'2020-01-06 06:19:14',	1,	NULL,	NULL),
(70,	'',	'financial_report',	0,	'2020-01-08',	1,	'2020-01-08 09:43:43',	1,	NULL,	NULL),
(71,	'',	'journal',	0,	'2020-01-15',	1,	'2020-01-15 11:49:13',	1,	NULL,	NULL),
(72,	'',	'voucher_type_account',	0,	'2020-01-15',	1,	'2020-01-15 15:13:29',	1,	NULL,	NULL),
(73,	'',	'voucher_type_effect',	0,	'2020-01-15',	1,	'2020-01-15 15:14:14',	1,	NULL,	NULL),
(74,	'',	'bank_contra_account',	0,	'2020-01-16',	1,	'2020-01-16 20:36:54',	1,	NULL,	NULL),
(75,	'',	'cash_contra_account',	0,	'2020-01-16',	1,	'2020-01-16 20:31:30',	1,	NULL,	NULL),
(76,	'',	'opening_cash_balance',	0,	'2020-01-16',	1,	'2020-01-16 21:37:40',	1,	NULL,	NULL),
(77,	'',	'budget_schedule',	0,	'2020-01-18',	1,	'2020-01-18 11:35:29',	1,	NULL,	NULL),
(78,	'',	'account_system',	0,	'2020-02-29',	1,	'2020-02-29 19:03:20',	1,	NULL,	NULL),
(79,	'',	'request_conversion',	0,	'2020-03-02',	1,	'2020-03-02 06:27:11',	1,	NULL,	NULL),
(80,	'',	'project_allocation_detail',	0,	'2020-03-06',	1,	'2020-03-05 23:39:58',	1,	NULL,	NULL),
(81,	'',	'status_role',	0,	'2020-02-29',	1,	'2020-02-29 19:03:20',	1,	NULL,	NULL);

DROP TABLE IF EXISTS `bank`;
CREATE TABLE `bank` (
  `bank_id` int(100) NOT NULL AUTO_INCREMENT,
  `bank_track_number` varchar(100) DEFAULT NULL,
  `bank_name` varchar(45) DEFAULT NULL,
  `bank_swift_code` varchar(45) DEFAULT NULL,
  `bank_is_active` int(5) NOT NULL DEFAULT '1',
  `bank_created_date` date DEFAULT NULL,
  `bank_created_by` int(100) DEFAULT NULL,
  `bank_last_modified_date` timestamp NOT NULL DEFAULT CURRENT_TIMESTAMP,
  `bank_last_modified_by` int(100) DEFAULT NULL,
  `fk_approval_id` int(11) DEFAULT NULL,
  `fk_status_id` int(11) DEFAULT NULL,
  PRIMARY KEY (`bank_id`),
  KEY `fk_approval_id` (`fk_approval_id`),
  KEY `fk_status_id` (`fk_status_id`),
  CONSTRAINT `bank_ibfk_3` FOREIGN KEY (`fk_approval_id`) REFERENCES `approval` (`approval_id`) ON DELETE CASCADE,
  CONSTRAINT `bank_ibfk_4` FOREIGN KEY (`fk_status_id`) REFERENCES `status` (`status_id`) ON DELETE CASCADE
) ENGINE=InnoDB DEFAULT CHARSET=latin1 COMMENT='This table list all the banks for centers';


DROP TABLE IF EXISTS `bank_branch`;
CREATE TABLE `bank_branch` (
  `bank_branch_id` int(100) NOT NULL AUTO_INCREMENT,
  `bank_branch_track_number` varchar(100) DEFAULT NULL,
  `fk_bank_id` int(100) DEFAULT NULL,
  `bank_branch_name` varchar(45) DEFAULT NULL,
  `bank_branch_is_active` int(5) DEFAULT NULL,
  `bank_branch_created_by` int(100) DEFAULT NULL,
  `bank_branch_created_date` date DEFAULT NULL,
  `bank_branch_last_modified_date` date DEFAULT NULL,
  `bank_branch_last_modified_by` int(100) DEFAULT NULL,
  `fk_approval_id` int(100) DEFAULT NULL,
  `fk_status_id` int(100) DEFAULT NULL,
  PRIMARY KEY (`bank_branch_id`),
  KEY `fk_bank_branch_bank1_idx` (`fk_bank_id`),
  CONSTRAINT `fk_bank_branch_bank1` FOREIGN KEY (`fk_bank_id`) REFERENCES `bank` (`bank_id`) ON DELETE NO ACTION ON UPDATE NO ACTION
) ENGINE=InnoDB DEFAULT CHARSET=latin1 COMMENT='This table holds branches for banks';


DROP TABLE IF EXISTS `bank_contra_account`;
CREATE TABLE `bank_contra_account` (
  `bank_contra_account_id` int(100) NOT NULL AUTO_INCREMENT,
  `bank_contra_account_track_number` varchar(100) NOT NULL,
  `bank_contra_account_name` varchar(100) NOT NULL,
  `bank_contra_account_code` varchar(50) NOT NULL,
  `bank_contra_account_created_date` date DEFAULT NULL,
  `bank_contra_account_created_by` int(100) DEFAULT NULL,
  `bank_contra_account_last_modified_by` int(100) DEFAULT NULL,
  `bank_contra_account_last_modified_date` date DEFAULT NULL,
  `fk_approval_id` int(100) DEFAULT NULL,
  `fk_status_id` int(100) DEFAULT NULL,
  PRIMARY KEY (`bank_contra_account_id`)
) ENGINE=InnoDB DEFAULT CHARSET=latin1;

INSERT INTO `bank_contra_account` (`bank_contra_account_id`, `bank_contra_account_track_number`, `bank_contra_account_name`, `bank_contra_account_code`, `bank_contra_account_created_date`, `bank_contra_account_created_by`, `bank_contra_account_last_modified_by`, `bank_contra_account_last_modified_date`, `fk_approval_id`, `fk_status_id`) VALUES
(1,	'CONT-20988',	'Petty Cash Imprest',	'C001',	'2020-01-16',	1,	1,	NULL,	533,	0);

DROP TABLE IF EXISTS `budget`;
CREATE TABLE `budget` (
  `budget_id` int(100) NOT NULL AUTO_INCREMENT,
  `budget_track_number` varchar(45) DEFAULT NULL,
  `budget_name` varchar(100) DEFAULT NULL,
  `fk_office_id` int(100) DEFAULT NULL,
  `fk_approval_id` int(11) DEFAULT '0',
  `fk_status_id` int(11) DEFAULT '0',
  `budget_year` int(5) DEFAULT NULL,
  `budget_created_by` int(100) DEFAULT NULL,
  `budget_created_date` date DEFAULT NULL,
  `budget_last_modified_by` int(100) DEFAULT NULL,
  `budget_last_modified_date` date DEFAULT NULL,
  PRIMARY KEY (`budget_id`),
  KEY `fk_budget_center1_idx` (`fk_office_id`),
  KEY `fk_approval_id` (`fk_approval_id`),
  KEY `fk_status_id` (`fk_status_id`),
  CONSTRAINT `budget_ibfk_1` FOREIGN KEY (`fk_office_id`) REFERENCES `office` (`office_id`),
  CONSTRAINT `budget_ibfk_2` FOREIGN KEY (`fk_approval_id`) REFERENCES `approval` (`approval_id`),
  CONSTRAINT `budget_ibfk_3` FOREIGN KEY (`fk_status_id`) REFERENCES `status` (`status_id`),
  CONSTRAINT `fk_budget_center1` FOREIGN KEY (`fk_office_id`) REFERENCES `office` (`office_id`) ON DELETE NO ACTION ON UPDATE NO ACTION
) ENGINE=InnoDB DEFAULT CHARSET=latin1 COMMENT='This table holds the budget items by activity';


DROP TABLE IF EXISTS `budget_item`;
CREATE TABLE `budget_item` (
  `budget_item_id` int(100) NOT NULL AUTO_INCREMENT,
  `budget_item_track_number` varchar(100) DEFAULT NULL,
  `budget_item_name` varchar(100) DEFAULT NULL,
  `fk_budget_id` int(100) DEFAULT NULL,
  `budget_item_total_cost` int(50) DEFAULT NULL,
  `fk_expense_account_id` int(100) DEFAULT NULL,
  `budget_item_description` longtext,
  `fk_status_id` int(11) DEFAULT '0',
  `fk_approval_id` int(11) DEFAULT '0',
  `fk_project_allocation_id` int(100) DEFAULT NULL,
  `budget_item_created_by` int(100) DEFAULT NULL,
  `budget_item_last_modified_by` int(11) DEFAULT NULL,
  `budget_item_created_date` date DEFAULT NULL,
  `budget_item_last_modified_date` timestamp NOT NULL DEFAULT '0000-00-00 00:00:00',
  PRIMARY KEY (`budget_item_id`),
  KEY `fk_budget_detail_id_expense_account_id_idx` (`fk_expense_account_id`),
  KEY `fk_budget_detail_budget_id_idx` (`fk_budget_id`),
  KEY `fk_project_allocation_id` (`fk_project_allocation_id`),
  KEY `fk_status_id` (`fk_status_id`),
  KEY `fk_approval_id` (`fk_approval_id`),
  CONSTRAINT `budget_item_ibfk_1` FOREIGN KEY (`fk_project_allocation_id`) REFERENCES `project_allocation` (`project_allocation_id`),
  CONSTRAINT `budget_item_ibfk_2` FOREIGN KEY (`fk_status_id`) REFERENCES `status` (`status_id`),
  CONSTRAINT `budget_item_ibfk_3` FOREIGN KEY (`fk_approval_id`) REFERENCES `approval` (`approval_id`),
  CONSTRAINT `fk_budget_detail_budget_id` FOREIGN KEY (`fk_budget_id`) REFERENCES `budget` (`budget_id`) ON DELETE NO ACTION ON UPDATE CASCADE,
  CONSTRAINT `fk_budget_detail_id_expense_account_id` FOREIGN KEY (`fk_expense_account_id`) REFERENCES `expense_account` (`expense_account_id`) ON DELETE NO ACTION ON UPDATE NO ACTION
) ENGINE=InnoDB DEFAULT CHARSET=latin1 COMMENT='This hold activties and their budgeted cost';


DROP TABLE IF EXISTS `budget_item_detail`;
CREATE TABLE `budget_item_detail` (
  `budget_item_detail_id` int(100) NOT NULL AUTO_INCREMENT,
  `budget_item_detail_track_number` varchar(100) DEFAULT NULL,
  `budget_item_detail_name` varchar(100) DEFAULT NULL,
  `fk_budget_item_id` int(100) DEFAULT NULL,
  `fk_month_id` int(5) DEFAULT NULL,
  `fk_status_id` int(11) DEFAULT '0',
  `fk_approval_id` int(11) DEFAULT '0',
  `budget_item_detail_amount` decimal(10,2) DEFAULT NULL,
  `budget_item_detail_created_date` date DEFAULT NULL,
  `budget_item_detail_created_by` int(100) DEFAULT NULL,
  `budget_item_detail_last_modified_by` int(100) DEFAULT NULL,
  `budget_item_detail_last_modified_date` timestamp NOT NULL DEFAULT '0000-00-00 00:00:00',
  PRIMARY KEY (`budget_item_detail_id`),
  KEY `fk_budget_month_spread_budget_detail1_idx` (`fk_budget_item_id`),
  KEY `fk_status_id` (`fk_status_id`),
  KEY `fk_approval_id` (`fk_approval_id`),
  CONSTRAINT `budget_item_detail_ibfk_1` FOREIGN KEY (`fk_status_id`) REFERENCES `status` (`status_id`),
  CONSTRAINT `fk_budget_month_spread_budget_detail1` FOREIGN KEY (`fk_budget_item_id`) REFERENCES `budget_item` (`budget_item_id`) ON DELETE NO ACTION ON UPDATE NO ACTION
) ENGINE=InnoDB DEFAULT CHARSET=latin1 COMMENT='This table distributes budget allocations by month';


DROP TABLE IF EXISTS `cash_contra_account`;
CREATE TABLE `cash_contra_account` (
  `cash_contra_account_id` int(100) NOT NULL AUTO_INCREMENT,
  `cash_contra_account_track_number` varchar(100) NOT NULL,
  `cash_contra_account_name` varchar(100) NOT NULL,
  `cash_contra_account_code` varchar(50) NOT NULL,
  `cash_contra_account_created_date` date DEFAULT NULL,
  `cash_contra_account_created_by` int(100) DEFAULT NULL,
  `cash_contra_account_last_modified_by` int(100) DEFAULT NULL,
  `cash_contra_account_last_modified_date` date DEFAULT NULL,
  `fk_approval_id` int(100) DEFAULT NULL,
  `fk_status_id` int(100) DEFAULT NULL,
  PRIMARY KEY (`cash_contra_account_id`)
) ENGINE=InnoDB DEFAULT CHARSET=latin1;

INSERT INTO `cash_contra_account` (`cash_contra_account_id`, `cash_contra_account_track_number`, `cash_contra_account_name`, `cash_contra_account_code`, `cash_contra_account_created_date`, `cash_contra_account_created_by`, `cash_contra_account_last_modified_by`, `cash_contra_account_last_modified_date`, `fk_approval_id`, `fk_status_id`) VALUES
(1,	'CANT-70987',	'Petty Cash Rebanking',	'C002',	'2020-01-16',	1,	1,	NULL,	547,	0);

DROP TABLE IF EXISTS `cheque_book`;
CREATE TABLE `cheque_book` (
  `cheque_book_id` int(11) NOT NULL AUTO_INCREMENT,
  `cheque_book_track_number` varchar(100) NOT NULL,
  `cheque_book_name` varchar(100) NOT NULL,
  `fk_office_bank_id` int(100) DEFAULT NULL,
  `cheque_book_is_active` int(5) DEFAULT '1',
  `cheque_book_start_serial_number` varchar(45) DEFAULT NULL,
  `cheque_book_count_of_leaves` varchar(45) DEFAULT NULL,
  `cheque_book_use_start_date` date DEFAULT NULL,
  `cheque_book_created_date` date DEFAULT NULL,
  `cheque_book_created_by` int(100) DEFAULT NULL,
  `cheque_book_last_modified_by` int(100) DEFAULT NULL,
  `cheque_book_last_modified_date` date DEFAULT NULL,
  `fk_approval_id` int(100) DEFAULT NULL,
  `fk_status_id` int(100) DEFAULT NULL,
  PRIMARY KEY (`cheque_book_id`),
  KEY `fk_office_bank_id` (`fk_office_bank_id`),
  CONSTRAINT `cheque_book_ibfk_1` FOREIGN KEY (`fk_office_bank_id`) REFERENCES `office_bank` (`office_bank_id`)
) ENGINE=InnoDB DEFAULT CHARSET=latin1;


DROP TABLE IF EXISTS `ci_sessions`;
CREATE TABLE `ci_sessions` (
  `id` varchar(40) COLLATE utf8_unicode_ci NOT NULL,
  `ip_address` varchar(45) COLLATE utf8_unicode_ci NOT NULL,
  `timestamp` int(10) unsigned NOT NULL DEFAULT '0',
  `data` blob NOT NULL,
  PRIMARY KEY (`id`),
  KEY `ci_sessions_timestamp` (`timestamp`)
) ENGINE=InnoDB DEFAULT CHARSET=utf8 COLLATE=utf8_unicode_ci;


DROP TABLE IF EXISTS `context_center`;
CREATE TABLE `context_center` (
  `context_center_id` int(100) NOT NULL AUTO_INCREMENT,
  `context_center_track_number` varchar(100) NOT NULL,
  `context_center_name` varchar(100) NOT NULL,
  `context_center_description` varchar(100) NOT NULL,
  `fk_context_cluster_id` int(100) NOT NULL,
  `fk_context_definition_id` int(100) NOT NULL,
  `fk_office_id` int(100) NOT NULL,
  `context_center_created_date` date DEFAULT NULL,
  `context_center_created_by` int(100) DEFAULT NULL,
  `context_center_last_modified_by` int(100) DEFAULT NULL,
  `context_center_last_modified_date` date DEFAULT NULL,
  `fk_approval_id` int(100) DEFAULT NULL,
  `fk_status_id` int(100) DEFAULT NULL,
  PRIMARY KEY (`context_center_id`),
  UNIQUE KEY `fk_office_id` (`fk_office_id`),
  KEY `fk_context_cluster_id` (`fk_context_cluster_id`),
  KEY `fk_context_definition_id` (`fk_context_definition_id`),
  CONSTRAINT `context_center_ibfk_1` FOREIGN KEY (`fk_context_cluster_id`) REFERENCES `context_cluster` (`context_cluster_id`),
  CONSTRAINT `context_center_ibfk_2` FOREIGN KEY (`fk_context_cluster_id`) REFERENCES `context_cluster` (`context_cluster_id`),
  CONSTRAINT `context_center_ibfk_3` FOREIGN KEY (`fk_office_id`) REFERENCES `office` (`office_id`),
  CONSTRAINT `context_center_ibfk_4` FOREIGN KEY (`fk_context_definition_id`) REFERENCES `context_definition` (`context_definition_id`)
) ENGINE=InnoDB DEFAULT CHARSET=latin1;


DROP TABLE IF EXISTS `context_center_user`;
CREATE TABLE `context_center_user` (
  `context_center_user_id` int(100) NOT NULL AUTO_INCREMENT,
  `context_center_user_track_number` varchar(100) NOT NULL,
  `context_center_user_name` varchar(100) NOT NULL,
  `fk_user_id` int(100) NOT NULL,
  `fk_context_center_id` int(100) NOT NULL,
  `fk_designation_id` int(100) NOT NULL,
  `context_center_user_is_active` int(5) NOT NULL DEFAULT '1',
  `context_center_user_created_date` date NOT NULL,
  `context_center_user_last_modified_date` timestamp NOT NULL DEFAULT CURRENT_TIMESTAMP,
  `context_center_user_created_by` int(100) NOT NULL,
  `context_center_user_last_modified_by` int(100) NOT NULL,
  `fk_approval_id` int(100) DEFAULT NULL,
  `fk_status_id` int(100) DEFAULT NULL,
  PRIMARY KEY (`context_center_user_id`),
  KEY `fk_context_center_id` (`fk_context_center_id`),
  KEY `fk_designation_id` (`fk_designation_id`),
  KEY `fk_user_id` (`fk_user_id`),
  CONSTRAINT `context_center_user_ibfk_1` FOREIGN KEY (`fk_user_id`) REFERENCES `user` (`user_id`),
  CONSTRAINT `context_center_user_ibfk_2` FOREIGN KEY (`fk_context_center_id`) REFERENCES `context_center` (`context_center_id`),
  CONSTRAINT `context_center_user_ibfk_3` FOREIGN KEY (`fk_designation_id`) REFERENCES `designation` (`designation_id`)
) ENGINE=InnoDB DEFAULT CHARSET=latin1;


DROP TABLE IF EXISTS `context_cluster`;
CREATE TABLE `context_cluster` (
  `context_cluster_id` int(100) NOT NULL AUTO_INCREMENT,
  `context_cluster_track_number` varchar(100) NOT NULL,
  `context_cluster_name` varchar(100) NOT NULL,
  `context_cluster_description` longtext NOT NULL,
  `fk_office_id` int(100) NOT NULL,
  `fk_context_cohort_id` int(100) NOT NULL,
  `fk_context_definition_id` int(100) NOT NULL,
  `context_cluster_created_date` date NOT NULL,
  `context_cluster_last_modified_date` timestamp NOT NULL DEFAULT CURRENT_TIMESTAMP,
  `context_cluster_created_by` int(100) NOT NULL,
  `context_cluster_last_modified_by` int(100) NOT NULL,
  `fk_approval_id` int(11) NOT NULL,
  `fk_status_id` int(11) NOT NULL,
  PRIMARY KEY (`context_cluster_id`),
  UNIQUE KEY `fk_office_id` (`fk_office_id`),
  KEY `fk_approval_id` (`fk_approval_id`),
  KEY `fk_status_id` (`fk_status_id`),
  KEY `fk_context_cohort_id` (`fk_context_cohort_id`),
  KEY `fk_context_definition_id` (`fk_context_definition_id`),
  CONSTRAINT `context_cluster_ibfk_1` FOREIGN KEY (`fk_context_cohort_id`) REFERENCES `context_cohort` (`context_cohort_id`),
  CONSTRAINT `context_cluster_ibfk_2` FOREIGN KEY (`fk_approval_id`) REFERENCES `approval` (`approval_id`),
  CONSTRAINT `context_cluster_ibfk_3` FOREIGN KEY (`fk_status_id`) REFERENCES `status` (`status_id`),
  CONSTRAINT `context_cluster_ibfk_5` FOREIGN KEY (`fk_context_cohort_id`) REFERENCES `context_cohort` (`context_cohort_id`),
  CONSTRAINT `context_cluster_ibfk_6` FOREIGN KEY (`fk_office_id`) REFERENCES `office` (`office_id`),
  CONSTRAINT `context_cluster_ibfk_7` FOREIGN KEY (`fk_context_definition_id`) REFERENCES `context_definition` (`context_definition_id`)
) ENGINE=InnoDB DEFAULT CHARSET=latin1;


DROP TABLE IF EXISTS `context_cluster_user`;
CREATE TABLE `context_cluster_user` (
  `context_cluster_user_id` int(100) NOT NULL AUTO_INCREMENT,
  `context_cluster_user_track_number` varchar(100) NOT NULL,
  `context_cluster_user_name` varchar(100) NOT NULL,
  `fk_context_cluster_id` int(100) NOT NULL,
  `fk_user_id` int(100) NOT NULL,
  `fk_designation_id` int(100) NOT NULL,
  `context_cluster_user_is_active` int(5) NOT NULL DEFAULT '1',
  `context_cluster_user_created_date` date NOT NULL,
  `context_cluster_user_last_modified_date` timestamp NOT NULL DEFAULT CURRENT_TIMESTAMP,
  `context_cluster_user_created_by` int(100) NOT NULL,
  `context_cluster_user_last_modified_by` int(100) NOT NULL,
  `fk_approval_id` int(11) NOT NULL,
  `fk_status_id` int(11) NOT NULL,
  PRIMARY KEY (`context_cluster_user_id`),
  KEY `fk_approval_id` (`fk_approval_id`),
  KEY `fk_status_id` (`fk_status_id`),
  KEY `fk_context_cluster_id` (`fk_context_cluster_id`),
  KEY `fk_designation_id` (`fk_designation_id`),
  KEY `fk_user_id` (`fk_user_id`)
) ENGINE=InnoDB DEFAULT CHARSET=latin1;


DROP TABLE IF EXISTS `context_cohort`;
CREATE TABLE `context_cohort` (
  `context_cohort_id` int(100) NOT NULL AUTO_INCREMENT,
  `context_cohort_track_number` varchar(100) NOT NULL,
  `context_cohort_name` varchar(100) NOT NULL,
  `context_cohort_description` longtext NOT NULL,
  `fk_office_id` int(100) NOT NULL,
  `fk_context_country_id` int(100) NOT NULL,
  `fk_context_definition_id` int(100) NOT NULL,
  `context_cohort_created_date` date NOT NULL,
  `context_cohort_last_modified_date` timestamp NOT NULL DEFAULT CURRENT_TIMESTAMP,
  `context_cohort_created_by` int(100) NOT NULL,
  `context_cohort_last_modified_by` int(100) NOT NULL,
  `fk_approval_id` int(11) NOT NULL,
  `fk_status_id` int(11) NOT NULL,
  PRIMARY KEY (`context_cohort_id`),
  UNIQUE KEY `fk_coffice_id` (`fk_office_id`),
  KEY `fk_approval_id` (`fk_approval_id`),
  KEY `fk_status_id` (`fk_status_id`),
  KEY `fk_context_country_id` (`fk_context_country_id`),
  KEY `fk_context_definition_id` (`fk_context_definition_id`),
  CONSTRAINT `context_cohort_ibfk_1` FOREIGN KEY (`fk_context_country_id`) REFERENCES `context_country` (`context_country_id`),
  CONSTRAINT `context_cohort_ibfk_2` FOREIGN KEY (`fk_approval_id`) REFERENCES `approval` (`approval_id`),
  CONSTRAINT `context_cohort_ibfk_3` FOREIGN KEY (`fk_status_id`) REFERENCES `status` (`status_id`),
  CONSTRAINT `context_cohort_ibfk_4` FOREIGN KEY (`fk_office_id`) REFERENCES `office` (`office_id`),
  CONSTRAINT `context_cohort_ibfk_5` FOREIGN KEY (`fk_context_country_id`) REFERENCES `context_country` (`context_country_id`),
  CONSTRAINT `context_cohort_ibfk_6` FOREIGN KEY (`fk_context_definition_id`) REFERENCES `context_definition` (`context_definition_id`)
) ENGINE=InnoDB DEFAULT CHARSET=latin1;


DROP TABLE IF EXISTS `context_cohort_user`;
CREATE TABLE `context_cohort_user` (
  `context_cohort_user_id` int(100) NOT NULL AUTO_INCREMENT,
  `context_cohort_user_track_number` varchar(100) NOT NULL,
  `context_cohort_user_name` varchar(100) NOT NULL,
  `fk_user_id` int(100) NOT NULL,
  `fk_context_cohort_id` int(100) NOT NULL,
  `fk_designation_id` int(100) NOT NULL,
  `context_cohort_user_is_active` int(5) NOT NULL DEFAULT '1',
  `context_cohort_user_created_date` date NOT NULL,
  `context_cohort_user_last_modified_date` timestamp NOT NULL DEFAULT CURRENT_TIMESTAMP,
  `context_cohort_user_created_by` int(100) NOT NULL,
  `context_cohort_user_last_modified_by` int(100) NOT NULL,
  `fk_approval_id` int(11) NOT NULL,
  `fk_status_id` int(11) NOT NULL,
  PRIMARY KEY (`context_cohort_user_id`),
  KEY `fk_user_id` (`fk_user_id`),
  KEY `fk_group_cohort_id` (`fk_context_cohort_id`),
  KEY `fk_approval_id` (`fk_approval_id`),
  KEY `fk_status_id` (`fk_status_id`),
  KEY `fk_designation_id` (`fk_designation_id`),
  CONSTRAINT `context_cohort_user_ibfk_1` FOREIGN KEY (`fk_user_id`) REFERENCES `user` (`user_id`),
  CONSTRAINT `context_cohort_user_ibfk_2` FOREIGN KEY (`fk_context_cohort_id`) REFERENCES `context_cohort` (`context_cohort_id`),
  CONSTRAINT `context_cohort_user_ibfk_3` FOREIGN KEY (`fk_approval_id`) REFERENCES `approval` (`approval_id`),
  CONSTRAINT `context_cohort_user_ibfk_4` FOREIGN KEY (`fk_status_id`) REFERENCES `status` (`status_id`),
  CONSTRAINT `context_cohort_user_ibfk_5` FOREIGN KEY (`fk_designation_id`) REFERENCES `designation` (`designation_id`)
) ENGINE=InnoDB DEFAULT CHARSET=latin1;


DROP TABLE IF EXISTS `context_country`;
CREATE TABLE `context_country` (
  `context_country_id` int(100) NOT NULL AUTO_INCREMENT,
  `context_country_track_number` varchar(100) NOT NULL,
  `context_country_name` varchar(100) NOT NULL,
  `context_country_description` longtext NOT NULL,
  `fk_office_id` int(100) NOT NULL,
  `fk_context_region_id` int(100) NOT NULL,
  `fk_context_definition_id` int(100) NOT NULL,
  `context_country_created_date` date NOT NULL,
  `context_country_last_modified_date` timestamp NOT NULL DEFAULT CURRENT_TIMESTAMP,
  `context_country_created_by` int(100) NOT NULL,
  `context_country_last_modified_by` int(100) NOT NULL,
  `fk_approval_id` int(11) NOT NULL,
  `fk_status_id` int(11) NOT NULL,
  PRIMARY KEY (`context_country_id`),
  UNIQUE KEY `fk_office_id` (`fk_office_id`),
  KEY `fk_approval_id` (`fk_approval_id`),
  KEY `fk_status_id` (`fk_status_id`),
  KEY `fk_context_region_id` (`fk_context_region_id`),
  KEY `fk_context_definition_id` (`fk_context_definition_id`),
  CONSTRAINT `context_country_ibfk_1` FOREIGN KEY (`fk_context_region_id`) REFERENCES `context_region` (`context_region_id`),
  CONSTRAINT `context_country_ibfk_2` FOREIGN KEY (`fk_approval_id`) REFERENCES `approval` (`approval_id`),
  CONSTRAINT `context_country_ibfk_3` FOREIGN KEY (`fk_status_id`) REFERENCES `status` (`status_id`),
  CONSTRAINT `context_country_ibfk_4` FOREIGN KEY (`fk_office_id`) REFERENCES `office` (`office_id`),
  CONSTRAINT `context_country_ibfk_5` FOREIGN KEY (`fk_context_region_id`) REFERENCES `context_region` (`context_region_id`),
  CONSTRAINT `context_country_ibfk_6` FOREIGN KEY (`fk_context_definition_id`) REFERENCES `context_definition` (`context_definition_id`)
) ENGINE=InnoDB DEFAULT CHARSET=latin1;

INSERT INTO `context_country` (`context_country_id`, `context_country_track_number`, `context_country_name`, `context_country_description`, `fk_office_id`, `fk_context_region_id`, `fk_context_definition_id`, `context_country_created_date`, `context_country_last_modified_date`, `context_country_created_by`, `context_country_last_modified_by`, `fk_approval_id`, `fk_status_id`) VALUES
(1,	'CORY-56399',	'Kenya Country Office',	'This is Kenya Country Office',	18,	2,	10,	'2019-12-13',	'2019-12-13 04:11:04',	1,	1,	450,	69);

DROP TABLE IF EXISTS `context_country_user`;
CREATE TABLE `context_country_user` (
  `context_country_user_id` int(100) NOT NULL AUTO_INCREMENT,
  `context_country_user_track_number` varchar(100) NOT NULL,
  `context_country_user_name` varchar(100) NOT NULL,
  `fk_user_id` int(100) NOT NULL,
  `fk_context_country_id` int(100) NOT NULL,
  `fk_designation_id` int(100) NOT NULL,
  `context_country_user_is_active` int(5) NOT NULL DEFAULT '1',
  `context_country_user_created_date` date NOT NULL,
  `context_country_user_last_modified_date` timestamp NOT NULL DEFAULT CURRENT_TIMESTAMP,
  `context_country_user_created_by` int(100) NOT NULL,
  `context_country_user_last_modified_by` int(100) NOT NULL,
  `fk_approval_id` int(11) NOT NULL,
  `fk_status_id` int(11) NOT NULL,
  PRIMARY KEY (`context_country_user_id`),
  KEY `fk_user_id` (`fk_user_id`),
  KEY `fk_group_country_id` (`fk_context_country_id`),
  KEY `fk_approval_id` (`fk_approval_id`),
  KEY `fk_status_id` (`fk_status_id`),
  KEY `fk_designation_id` (`fk_designation_id`),
  CONSTRAINT `context_country_user_ibfk_1` FOREIGN KEY (`fk_user_id`) REFERENCES `user` (`user_id`),
  CONSTRAINT `context_country_user_ibfk_2` FOREIGN KEY (`fk_context_country_id`) REFERENCES `context_country` (`context_country_id`),
  CONSTRAINT `context_country_user_ibfk_3` FOREIGN KEY (`fk_approval_id`) REFERENCES `approval` (`approval_id`),
  CONSTRAINT `context_country_user_ibfk_4` FOREIGN KEY (`fk_status_id`) REFERENCES `status` (`status_id`),
  CONSTRAINT `context_country_user_ibfk_5` FOREIGN KEY (`fk_designation_id`) REFERENCES `designation` (`designation_id`)
) ENGINE=InnoDB DEFAULT CHARSET=latin1;

INSERT INTO `context_country_user` (`context_country_user_id`, `context_country_user_track_number`, `context_country_user_name`, `fk_user_id`, `fk_context_country_id`, `fk_designation_id`, `context_country_user_is_active`, `context_country_user_created_date`, `context_country_user_last_modified_date`, `context_country_user_created_by`, `context_country_user_last_modified_by`, `fk_approval_id`, `fk_status_id`) VALUES
(1,	'COER-3908',	'Nicodemus Karisa - System Admin',	1,	1,	7,	1,	'2019-12-13',	'2019-12-13 16:15:08',	1,	1,	456,	77);

DROP TABLE IF EXISTS `context_definition`;
CREATE TABLE `context_definition` (
  `context_definition_id` int(100) NOT NULL AUTO_INCREMENT,
  `context_definition_track_number` varchar(100) DEFAULT NULL,
  `context_definition_name` varchar(100) DEFAULT NULL,
  `context_definition_level` int(5) DEFAULT NULL,
  `context_definition_is_active` int(5) NOT NULL DEFAULT '1',
  `context_definition_created_date` date DEFAULT NULL,
  `context_definition_last_modified_date` timestamp NULL DEFAULT CURRENT_TIMESTAMP,
  `context_definition_created_by` int(100) DEFAULT NULL,
  `context_definition_last_modified_by` int(100) DEFAULT NULL,
  `context_definition_deleted_at` date DEFAULT NULL,
  `fk_approval_id` int(100) DEFAULT NULL,
  `fk_status_id` int(100) DEFAULT NULL,
  PRIMARY KEY (`context_definition_id`),
  UNIQUE KEY `center_group_hierarchy_level` (`context_definition_level`)
) ENGINE=InnoDB DEFAULT CHARSET=latin1;

INSERT INTO `context_definition` (`context_definition_id`, `context_definition_track_number`, `context_definition_name`, `context_definition_level`, `context_definition_is_active`, `context_definition_created_date`, `context_definition_last_modified_date`, `context_definition_created_by`, `context_definition_last_modified_by`, `context_definition_deleted_at`, `fk_approval_id`, `fk_status_id`) VALUES
(8,	'CEHY-27364',	'cluster',	2,	1,	'2019-11-21',	'2019-11-21 06:49:58',	1,	1,	NULL,	256,	59),
(9,	'CEHY-40087',	'cohort',	3,	1,	'2019-11-21',	'2019-11-21 06:50:26',	1,	1,	NULL,	257,	59),
(10,	'CEHY-76588',	'country',	4,	1,	'2019-11-21',	'2019-11-21 06:50:34',	1,	1,	NULL,	258,	59),
(11,	'CEHY-37430',	'region',	5,	1,	'2019-11-21',	'2019-11-21 06:50:43',	1,	1,	NULL,	259,	59),
(12,	'CEHY-72349',	'global',	6,	1,	'2019-11-21',	'2019-11-21 06:50:52',	1,	1,	NULL,	260,	59),
(13,	'CEHY-56809',	'center',	1,	1,	'2019-11-21',	'2019-11-21 16:39:07',	1,	1,	NULL,	265,	59);

DROP TABLE IF EXISTS `context_global`;
CREATE TABLE `context_global` (
  `context_global_id` int(100) NOT NULL AUTO_INCREMENT,
  `context_global_track_number` varchar(100) NOT NULL,
  `context_global_name` varchar(100) NOT NULL,
  `context_global_description` longtext NOT NULL,
  `fk_office_id` int(100) NOT NULL,
  `fk_context_definition_id` int(100) NOT NULL,
  `context_global_created_date` date NOT NULL,
  `context_global_created_by` int(100) NOT NULL,
  `context_global_last_modified_date` timestamp NOT NULL DEFAULT CURRENT_TIMESTAMP,
  `context_global_last_modified_by` int(100) NOT NULL,
  `fk_approval_id` int(11) NOT NULL,
  `fk_status_id` int(11) NOT NULL,
  PRIMARY KEY (`context_global_id`),
  UNIQUE KEY `fk_office_id` (`fk_office_id`),
  KEY `fk_approval_id` (`fk_approval_id`),
  KEY `fk_status_id` (`fk_status_id`),
  KEY `fk_context_definition_id` (`fk_context_definition_id`),
  CONSTRAINT `context_global_ibfk_1` FOREIGN KEY (`fk_approval_id`) REFERENCES `approval` (`approval_id`),
  CONSTRAINT `context_global_ibfk_2` FOREIGN KEY (`fk_status_id`) REFERENCES `status` (`status_id`),
  CONSTRAINT `context_global_ibfk_3` FOREIGN KEY (`fk_office_id`) REFERENCES `office` (`office_id`),
  CONSTRAINT `context_global_ibfk_4` FOREIGN KEY (`fk_context_definition_id`) REFERENCES `context_definition` (`context_definition_id`)
) ENGINE=InnoDB DEFAULT CHARSET=latin1;

INSERT INTO `context_global` (`context_global_id`, `context_global_track_number`, `context_global_name`, `context_global_description`, `fk_office_id`, `fk_context_definition_id`, `context_global_created_date`, `context_global_created_by`, `context_global_last_modified_date`, `context_global_last_modified_by`, `fk_approval_id`, `fk_status_id`) VALUES
(3,	'COAL-61677',	'International Office',	'This is the international office',	21,	12,	'2019-12-13',	1,	'2019-12-13 04:05:02',	1,	446,	67);

DROP TABLE IF EXISTS `context_global_user`;
CREATE TABLE `context_global_user` (
  `context_global_user_id` int(100) NOT NULL AUTO_INCREMENT,
  `context_global_user_track_number` varchar(100) NOT NULL,
  `context_global_user_name` varchar(100) NOT NULL,
  `fk_user_id` int(100) NOT NULL,
  `fk_context_global_id` int(100) NOT NULL,
  `fk_designation_id` int(100) NOT NULL,
  `context_global_user_is_active` int(5) NOT NULL DEFAULT '1',
  `context_global_user_created_date` date NOT NULL,
  `context_global_user_last_modified_date` timestamp NOT NULL DEFAULT CURRENT_TIMESTAMP,
  `context_global_user_created_by` int(100) NOT NULL,
  `context_global_user_last_modified_by` int(100) NOT NULL,
  `fk_approval_id` int(11) NOT NULL,
  `fk_status_id` int(11) NOT NULL,
  PRIMARY KEY (`context_global_user_id`),
  KEY `fk_user_id` (`fk_user_id`),
  KEY `fk_group_global_id` (`fk_context_global_id`),
  KEY `fk_approval_id` (`fk_approval_id`),
  KEY `fk_status_id` (`fk_status_id`),
  KEY `fk_designation_id` (`fk_designation_id`),
  CONSTRAINT `context_global_user_ibfk_1` FOREIGN KEY (`fk_user_id`) REFERENCES `user` (`user_id`),
  CONSTRAINT `context_global_user_ibfk_2` FOREIGN KEY (`fk_context_global_id`) REFERENCES `context_global` (`context_global_id`),
  CONSTRAINT `context_global_user_ibfk_3` FOREIGN KEY (`fk_approval_id`) REFERENCES `approval` (`approval_id`),
  CONSTRAINT `context_global_user_ibfk_4` FOREIGN KEY (`fk_status_id`) REFERENCES `status` (`status_id`),
  CONSTRAINT `context_global_user_ibfk_5` FOREIGN KEY (`fk_designation_id`) REFERENCES `designation` (`designation_id`)
) ENGINE=InnoDB DEFAULT CHARSET=latin1;


DROP TABLE IF EXISTS `context_region`;
CREATE TABLE `context_region` (
  `context_region_id` int(100) NOT NULL AUTO_INCREMENT,
  `context_region_track_number` varchar(100) NOT NULL,
  `context_region_name` varchar(100) NOT NULL,
  `context_region_description` longtext NOT NULL,
  `fk_office_id` int(100) NOT NULL,
  `fk_context_global_id` int(100) NOT NULL,
  `fk_context_definition_id` int(100) NOT NULL,
  `context_region_created_date` date NOT NULL,
  `context_region_last_modified_date` timestamp NOT NULL DEFAULT CURRENT_TIMESTAMP,
  `context_region_created_by` int(100) NOT NULL,
  `context_region_last_modified_by` int(100) NOT NULL,
  `fk_approval_id` int(11) NOT NULL,
  `fk_status_id` int(11) NOT NULL,
  PRIMARY KEY (`context_region_id`),
  UNIQUE KEY `fk_office_id` (`fk_office_id`),
  KEY `fk_approval_id` (`fk_approval_id`),
  KEY `fk_status_id` (`fk_status_id`),
  KEY `fk_context_global_id` (`fk_context_global_id`),
  KEY `fk_context_definition_id` (`fk_context_definition_id`),
  CONSTRAINT `context_region_ibfk_1` FOREIGN KEY (`fk_context_global_id`) REFERENCES `context_global` (`context_global_id`),
  CONSTRAINT `context_region_ibfk_2` FOREIGN KEY (`fk_approval_id`) REFERENCES `approval` (`approval_id`),
  CONSTRAINT `context_region_ibfk_3` FOREIGN KEY (`fk_status_id`) REFERENCES `status` (`status_id`),
  CONSTRAINT `context_region_ibfk_4` FOREIGN KEY (`fk_office_id`) REFERENCES `office` (`office_id`),
  CONSTRAINT `context_region_ibfk_5` FOREIGN KEY (`fk_context_global_id`) REFERENCES `context_global` (`context_global_id`),
  CONSTRAINT `context_region_ibfk_6` FOREIGN KEY (`fk_context_definition_id`) REFERENCES `context_definition` (`context_definition_id`)
) ENGINE=InnoDB DEFAULT CHARSET=latin1;

INSERT INTO `context_region` (`context_region_id`, `context_region_track_number`, `context_region_name`, `context_region_description`, `fk_office_id`, `fk_context_global_id`, `fk_context_definition_id`, `context_region_created_date`, `context_region_last_modified_date`, `context_region_created_by`, `context_region_last_modified_by`, `fk_approval_id`, `fk_status_id`) VALUES
(2,	'COON-65080',	'Africa Region Office',	'This is Africa Region',	22,	3,	11,	'2019-12-13',	'2019-12-13 04:10:04',	1,	1,	449,	68);

DROP TABLE IF EXISTS `context_region_user`;
CREATE TABLE `context_region_user` (
  `context_region_user_id` int(100) NOT NULL AUTO_INCREMENT,
  `context_region_user_track_number` varchar(100) NOT NULL,
  `context_region_user_name` varchar(100) NOT NULL,
  `fk_user_id` int(100) NOT NULL,
  `fk_context_region_id` int(100) NOT NULL,
  `fk_designation_id` int(100) NOT NULL,
  `context_region_user_is_active` int(5) NOT NULL DEFAULT '1',
  `context_region_user_created_date` date NOT NULL,
  `context_region_user_last_modified_date` timestamp NOT NULL DEFAULT CURRENT_TIMESTAMP,
  `context_region_user_created_by` int(100) NOT NULL,
  `context_region_user_last_modified_by` int(100) NOT NULL,
  `fk_approval_id` int(11) NOT NULL,
  `fk_status_id` int(100) DEFAULT NULL,
  PRIMARY KEY (`context_region_user_id`),
  KEY `fk_user_id` (`fk_user_id`),
  KEY `fk_group_region_id` (`fk_context_region_id`),
  KEY `fk_approval_id` (`fk_approval_id`),
  KEY `fk_designation_id` (`fk_designation_id`),
  CONSTRAINT `context_region_user_ibfk_1` FOREIGN KEY (`fk_user_id`) REFERENCES `user` (`user_id`),
  CONSTRAINT `context_region_user_ibfk_2` FOREIGN KEY (`fk_context_region_id`) REFERENCES `context_region` (`context_region_id`),
  CONSTRAINT `context_region_user_ibfk_3` FOREIGN KEY (`fk_approval_id`) REFERENCES `approval` (`approval_id`),
  CONSTRAINT `context_region_user_ibfk_5` FOREIGN KEY (`fk_designation_id`) REFERENCES `designation` (`designation_id`)
) ENGINE=InnoDB DEFAULT CHARSET=latin1;


DROP TABLE IF EXISTS `dashboard`;
CREATE TABLE `dashboard` (
  `dashboard_id` int(100) NOT NULL AUTO_INCREMENT,
  `dashboard_name` varchar(100) DEFAULT NULL,
  `dashboard_created_date` date DEFAULT NULL,
  `dashboard_created_by` int(100) DEFAULT NULL,
  `dashboard_last_modified_by` int(100) DEFAULT NULL,
  `dashboard_last_modified_date` date DEFAULT NULL,
  `fk_approval_id` int(100) DEFAULT NULL,
  `fk_status_id` int(100) DEFAULT NULL,
  PRIMARY KEY (`dashboard_id`)
) ENGINE=InnoDB DEFAULT CHARSET=latin1;


DROP TABLE IF EXISTS `department`;
CREATE TABLE `department` (
  `department_id` int(100) NOT NULL AUTO_INCREMENT,
  `department_track_number` varchar(100) NOT NULL,
  `department_name` varchar(100) NOT NULL,
  `department_description` longtext NOT NULL,
  `department_is_active` int(5) NOT NULL,
  `department_created_date` date NOT NULL,
  `department_last_modified_date` timestamp NOT NULL DEFAULT CURRENT_TIMESTAMP,
  `department_created_by` int(100) NOT NULL,
  `department_last_modified_by` int(100) NOT NULL,
  `fk_approval_id` int(11) NOT NULL,
  `fk_status_id` int(11) NOT NULL,
  PRIMARY KEY (`department_id`),
  KEY `fk_approval_id` (`fk_approval_id`),
  KEY `fk_status_id` (`fk_status_id`),
  CONSTRAINT `department_ibfk_1` FOREIGN KEY (`fk_approval_id`) REFERENCES `approval` (`approval_id`),
  CONSTRAINT `department_ibfk_2` FOREIGN KEY (`fk_status_id`) REFERENCES `status` (`status_id`)
) ENGINE=InnoDB DEFAULT CHARSET=latin1;

INSERT INTO `department` (`department_id`, `department_track_number`, `department_name`, `department_description`, `department_is_active`, `department_created_date`, `department_last_modified_date`, `department_created_by`, `department_last_modified_by`, `fk_approval_id`, `fk_status_id`) VALUES
(2,	'DENT-57933',	'Training Department',	'Training Department',	1,	'2019-11-21',	'2019-11-21 16:13:17',	1,	1,	263,	73);

DROP TABLE IF EXISTS `department_user`;
CREATE TABLE `department_user` (
  `department_user_id` int(100) NOT NULL AUTO_INCREMENT,
  `department_user_track_number` varchar(100) NOT NULL,
  `department_user_name` varchar(100) NOT NULL,
  `fk_user_id` int(100) NOT NULL,
  `fk_department_id` int(100) NOT NULL,
  `department_user_created_date` date NOT NULL,
  `department_user_last_modified_date` timestamp NOT NULL DEFAULT CURRENT_TIMESTAMP,
  `department_user_created_by` int(100) NOT NULL,
  `department_user_last_modified_by` int(100) NOT NULL,
  `fk_approval_id` int(11) NOT NULL,
  `fk_status_id` int(11) NOT NULL,
  PRIMARY KEY (`department_user_id`),
  KEY `fk_user_id` (`fk_user_id`),
  KEY `fk_department_id` (`fk_department_id`),
  KEY `fk_approval_id` (`fk_approval_id`),
  KEY `fk_status_id` (`fk_status_id`),
  CONSTRAINT `department_user_ibfk_1` FOREIGN KEY (`fk_user_id`) REFERENCES `user` (`user_id`),
  CONSTRAINT `department_user_ibfk_2` FOREIGN KEY (`fk_department_id`) REFERENCES `department` (`department_id`),
  CONSTRAINT `department_user_ibfk_3` FOREIGN KEY (`fk_approval_id`) REFERENCES `approval` (`approval_id`),
  CONSTRAINT `department_user_ibfk_4` FOREIGN KEY (`fk_status_id`) REFERENCES `status` (`status_id`)
) ENGINE=InnoDB DEFAULT CHARSET=latin1;

INSERT INTO `department_user` (`department_user_id`, `department_user_track_number`, `department_user_name`, `fk_user_id`, `fk_department_id`, `department_user_created_date`, `department_user_last_modified_date`, `department_user_created_by`, `department_user_last_modified_by`, `fk_approval_id`, `fk_status_id`) VALUES
(3,	'DEER-84135',	'Nicodemus Karisa - Training Department',	1,	2,	'2019-12-15',	'2019-12-15 15:10:22',	1,	1,	467,	74);

DROP TABLE IF EXISTS `designation`;
CREATE TABLE `designation` (
  `designation_id` int(100) NOT NULL AUTO_INCREMENT,
  `designation_track_number` varchar(100) NOT NULL,
  `designation_name` varchar(100) NOT NULL,
  `fk_context_definition_id` int(100) NOT NULL,
  `designation_created_date` date NOT NULL,
  `designation_last_modified_date` timestamp NOT NULL DEFAULT CURRENT_TIMESTAMP,
  `designation_created_by` int(100) NOT NULL,
  `designation_last_modified_by` int(100) NOT NULL,
  `fk_approval_id` int(11) NOT NULL,
  `fk_status_id` int(11) NOT NULL,
  PRIMARY KEY (`designation_id`),
  KEY `fk_approval_id` (`fk_approval_id`),
  KEY `fk_status_id` (`fk_status_id`),
  KEY `fk_center_group_hierarchy_id` (`fk_context_definition_id`),
  CONSTRAINT `designation_ibfk_1` FOREIGN KEY (`fk_approval_id`) REFERENCES `approval` (`approval_id`),
  CONSTRAINT `designation_ibfk_2` FOREIGN KEY (`fk_status_id`) REFERENCES `status` (`status_id`),
  CONSTRAINT `designation_ibfk_3` FOREIGN KEY (`fk_context_definition_id`) REFERENCES `context_definition` (`context_definition_id`)
) ENGINE=InnoDB DEFAULT CHARSET=latin1;

INSERT INTO `designation` (`designation_id`, `designation_track_number`, `designation_name`, `fk_context_definition_id`, `designation_created_date`, `designation_last_modified_date`, `designation_created_by`, `designation_last_modified_by`, `fk_approval_id`, `fk_status_id`) VALUES
(7,	'DEON-68629',	'System Admin',	10,	'2019-12-13',	'2019-12-13 16:14:20',	1,	1,	455,	76);

DROP TABLE IF EXISTS `expense_account`;
CREATE TABLE `expense_account` (
  `expense_account_id` int(100) NOT NULL AUTO_INCREMENT,
  `expense_account_track_number` varchar(100) DEFAULT NULL,
  `expense_account_name` varchar(100) DEFAULT NULL,
  `expense_account_description` varchar(100) DEFAULT NULL,
  `expense_account_code` varchar(10) DEFAULT NULL,
  `expense_account_is_admin` int(5) DEFAULT NULL,
  `expense_account_is_active` int(5) DEFAULT NULL,
  `expense_account_is_budgeted` int(5) DEFAULT NULL,
  `fk_income_account_id` int(100) DEFAULT NULL,
  `fk_approval_id` int(100) DEFAULT NULL,
  `fk_status_id` int(100) DEFAULT NULL,
  `expense_account_created_date` date DEFAULT NULL,
  `expense_account_last_modified_date` date DEFAULT NULL,
  `expense_account_created_by` int(100) DEFAULT NULL,
  `expense_account_last_modified_by` int(100) DEFAULT NULL,
  PRIMARY KEY (`expense_account_id`),
  KEY `fk_expense_account_income_account_idx` (`fk_income_account_id`),
  CONSTRAINT `fk_expense_account_income_account` FOREIGN KEY (`fk_income_account_id`) REFERENCES `income_account` (`income_account_id`) ON DELETE NO ACTION ON UPDATE NO ACTION
) ENGINE=InnoDB DEFAULT CHARSET=latin1 COMMENT='This table holds the expense accounts';

INSERT INTO `expense_account` (`expense_account_id`, `expense_account_track_number`, `expense_account_name`, `expense_account_description`, `expense_account_code`, `expense_account_is_admin`, `expense_account_is_active`, `expense_account_is_budgeted`, `fk_income_account_id`, `fk_approval_id`, `fk_status_id`, `expense_account_created_date`, `expense_account_last_modified_date`, `expense_account_created_by`, `expense_account_last_modified_by`) VALUES
(1,	'EAC-78285',	'Expense Account 1',	'Expense 1',	'E001',	0,	1,	1,	1,	NULL,	NULL,	NULL,	NULL,	NULL,	NULL);

DROP TABLE IF EXISTS `financial_report`;
CREATE TABLE `financial_report` (
  `financial_report_id` int(100) NOT NULL AUTO_INCREMENT,
  `financial_report_track_number` varchar(100) NOT NULL,
  `financial_report_name` varchar(100) NOT NULL,
  `financial_report_month` date NOT NULL,
  `fk_office_id` int(100) NOT NULL,
  `financial_report_created_date` date DEFAULT NULL,
  `financial_report_created_by` int(100) DEFAULT NULL,
  `financial_report_last_modified_by` int(100) DEFAULT NULL,
  `financial_report_last_modified_date` date DEFAULT NULL,
  `fk_approval_id` int(100) DEFAULT NULL,
  `fk_status_id` int(100) DEFAULT NULL,
  PRIMARY KEY (`financial_report_id`)
) ENGINE=InnoDB DEFAULT CHARSET=latin1;


DROP TABLE IF EXISTS `funder`;
CREATE TABLE `funder` (
  `funder_id` int(100) NOT NULL AUTO_INCREMENT,
  `funder_track_number` varchar(100) DEFAULT NULL,
  `funder_name` varchar(45) DEFAULT NULL,
  `funder_description` varchar(45) DEFAULT NULL,
  `funder_created_date` date DEFAULT NULL,
  `funder_last_modified_date` date DEFAULT NULL,
  `funder_created_by` int(100) DEFAULT NULL,
  `funder_last_modified_by` int(100) DEFAULT NULL,
  `funder_deleted_at` datetime DEFAULT NULL,
  `fk_approval_id` int(100) DEFAULT NULL,
  `fk_status_id` int(100) DEFAULT NULL,
  PRIMARY KEY (`funder_id`)
) ENGINE=InnoDB DEFAULT CHARSET=latin1 COMMENT='This table holds donor (funders) bio-information';


DROP TABLE IF EXISTS `funding_status`;
CREATE TABLE `funding_status` (
  `funding_status_id` int(100) NOT NULL AUTO_INCREMENT,
  `funding_status_name` varchar(45) DEFAULT NULL,
  `funding_status_is_active` int(5) DEFAULT NULL,
  `funding_status_created_date` date DEFAULT NULL,
  `funding_status_created_by` int(100) DEFAULT NULL,
  `funding_status_last_modified_by` int(100) DEFAULT NULL,
  `funding_status_last_modified_date` date DEFAULT NULL,
  `funding_status_is_available` int(5) NOT NULL DEFAULT '0',
  `fk_approval_id` int(100) DEFAULT NULL,
  `fk_status_id` int(100) DEFAULT NULL,
  PRIMARY KEY (`funding_status_id`)
) ENGINE=InnoDB DEFAULT CHARSET=latin1;

INSERT INTO `funding_status` (`funding_status_id`, `funding_status_name`, `funding_status_is_active`, `funding_status_created_date`, `funding_status_created_by`, `funding_status_last_modified_by`, `funding_status_last_modified_date`, `funding_status_is_available`, `fk_approval_id`, `fk_status_id`) VALUES
(1,	'Fully Funded',	1,	NULL,	NULL,	NULL,	NULL,	1,	NULL,	NULL);

DROP TABLE IF EXISTS `history`;
CREATE TABLE `history` (
  `history_id` int(100) NOT NULL AUTO_INCREMENT,
  `reference_table` varchar(45) DEFAULT NULL,
  `user_id` varchar(45) DEFAULT NULL,
  `table_action` varchar(45) DEFAULT NULL,
  PRIMARY KEY (`history_id`)
) ENGINE=InnoDB DEFAULT CHARSET=latin1;


DROP TABLE IF EXISTS `income_account`;
CREATE TABLE `income_account` (
  `income_account_id` int(11) NOT NULL AUTO_INCREMENT,
  `income_account_track_number` varchar(100) NOT NULL,
  `income_account_name` varchar(100) NOT NULL,
  `income_account_description` varchar(100) DEFAULT NULL,
  `income_account_code` varchar(10) DEFAULT NULL,
  `income_account_is_active` int(5) DEFAULT NULL,
  `income_account_is_budgeted` int(5) DEFAULT NULL,
  `income_account_is_donor_funded` int(5) DEFAULT NULL,
  `fk_account_system_id` int(100) DEFAULT NULL,
  `income_account_created_date` date DEFAULT NULL,
  `income_account_last_modified_date` date DEFAULT NULL,
  `income_account_created_by` int(100) DEFAULT NULL,
  `income_account_last_modified_by` int(100) DEFAULT NULL,
  `fk_approval_id` int(100) DEFAULT NULL,
  `fk_status_id` int(100) DEFAULT NULL,
  PRIMARY KEY (`income_account_id`),
  KEY `fk_account_system_id` (`fk_account_system_id`),
  CONSTRAINT `income_account_ibfk_1` FOREIGN KEY (`fk_account_system_id`) REFERENCES `account_system` (`account_system_id`)
) ENGINE=InnoDB DEFAULT CHARSET=latin1 COMMENT='This table contains the income accounts. ';

INSERT INTO `income_account` (`income_account_id`, `income_account_track_number`, `income_account_name`, `income_account_description`, `income_account_code`, `income_account_is_active`, `income_account_is_budgeted`, `income_account_is_donor_funded`, `fk_account_system_id`, `income_account_created_date`, `income_account_last_modified_date`, `income_account_created_by`, `income_account_last_modified_by`, `fk_approval_id`, `fk_status_id`) VALUES
(1,	'INC-65627',	'Income Account 1',	'Project Cost',	'R100',	1,	1,	1,	1,	NULL,	NULL,	NULL,	NULL,	NULL,	NULL);

DROP TABLE IF EXISTS `journal`;
CREATE TABLE `journal` (
  `journal_id` int(11) NOT NULL AUTO_INCREMENT,
  `journal_track_number` varchar(100) NOT NULL,
  `journal_name` varchar(100) NOT NULL,
  `journal_month` date NOT NULL,
  `fk_office_id` int(100) NOT NULL,
  `journal_created_date` date DEFAULT NULL,
  `journal_created_by` int(100) DEFAULT NULL,
  `journal_last_modified_by` int(100) DEFAULT NULL,
  `journal_last_modified_date` timestamp NULL DEFAULT NULL ON UPDATE CURRENT_TIMESTAMP,
  `fk_approval_id` int(100) DEFAULT NULL,
  `fk_status_id` int(100) DEFAULT NULL,
  PRIMARY KEY (`journal_id`)
) ENGINE=InnoDB DEFAULT CHARSET=latin1;


DROP TABLE IF EXISTS `language`;
CREATE TABLE `language` (
  `language_id` int(100) NOT NULL AUTO_INCREMENT,
  `language_track_number` varchar(100) NOT NULL,
  `language_name` varchar(100) DEFAULT NULL,
  `language_code` varchar(10) DEFAULT NULL,
  `language_created_date` date DEFAULT NULL,
  `language_last_modified_date` timestamp NOT NULL DEFAULT CURRENT_TIMESTAMP,
  `language_deleted_at` date DEFAULT NULL,
  `language_created_by` int(100) DEFAULT NULL,
  `language_last_modified_by` int(100) DEFAULT NULL,
  `fk_approval_id` int(100) DEFAULT NULL,
  `fk_status_id` int(100) DEFAULT NULL,
  PRIMARY KEY (`language_id`)
) ENGINE=InnoDB DEFAULT CHARSET=latin1;

INSERT INTO `language` (`language_id`, `language_track_number`, `language_name`, `language_code`, `language_created_date`, `language_last_modified_date`, `language_deleted_at`, `language_created_by`, `language_last_modified_by`, `fk_approval_id`, `fk_status_id`) VALUES
(1,	'LNG-97389',	'English',	'en',	NULL,	'2019-11-07 10:39:11',	NULL,	NULL,	NULL,	NULL,	NULL),
(2,	'LAGE-26371',	'Swahili',	'sw',	'2019-11-22',	'2019-11-22 21:18:48',	NULL,	1,	1,	307,	65);

DROP TABLE IF EXISTS `language_phrase`;
CREATE TABLE `language_phrase` (
  `language_phrase_id` int(11) NOT NULL AUTO_INCREMENT,
  `phrase` longtext,
  `created_date` date DEFAULT NULL,
  `last_modified_date` date DEFAULT NULL,
  `deleted_date` date DEFAULT NULL,
  `created_by` int(100) DEFAULT NULL,
  `last_modified_by` int(100) DEFAULT NULL,
  PRIMARY KEY (`language_phrase_id`)
) ENGINE=InnoDB DEFAULT CHARSET=latin1;


DROP TABLE IF EXISTS `menu`;
CREATE TABLE `menu` (
  `menu_id` int(100) NOT NULL AUTO_INCREMENT,
  `menu_name` varchar(100) DEFAULT NULL,
  `menu_derivative_controller` varchar(100) DEFAULT NULL,
  `menu_is_active` int(5) NOT NULL DEFAULT '1',
  `menu_created_date` date DEFAULT NULL,
  `menu_last_modified_date` timestamp NOT NULL DEFAULT CURRENT_TIMESTAMP,
  `menu_created_by` int(100) DEFAULT NULL,
  `menu_last_modified_by` int(100) DEFAULT NULL,
  `fk_approval_id` int(100) DEFAULT NULL,
  `fk_status_id` int(100) DEFAULT NULL,
  PRIMARY KEY (`menu_id`)
) ENGINE=InnoDB DEFAULT CHARSET=latin1;

INSERT INTO `menu` (`menu_id`, `menu_name`, `menu_derivative_controller`, `menu_is_active`, `menu_created_date`, `menu_last_modified_date`, `menu_created_by`, `menu_last_modified_by`, `fk_approval_id`, `fk_status_id`) VALUES
(380,	'Approval',	'Approval',	1,	'2019-11-23',	'2019-11-23 17:30:57',	1,	1,	NULL,	NULL),
(381,	'Bank',	'Bank',	1,	'2019-11-23',	'2019-11-23 17:30:57',	1,	1,	NULL,	NULL),
(382,	'Budget',	'Budget',	1,	'2019-11-23',	'2019-11-23 17:30:57',	1,	1,	NULL,	NULL),
(384,	'Dashboard',	'Dashboard',	1,	'2019-11-23',	'2019-11-23 17:30:57',	1,	1,	NULL,	NULL),
(385,	'Funder',	'Funder',	1,	'2019-11-23',	'2019-11-23 17:30:57',	1,	1,	NULL,	NULL),
(386,	'Journal',	'Journal',	1,	'2019-11-23',	'2019-11-23 17:30:57',	1,	1,	NULL,	NULL),
(390,	'Permission_label',	'Permission_label',	1,	'2019-11-23',	'2019-11-23 17:30:57',	1,	1,	NULL,	NULL),
(391,	'Project_allocation',	'Project_allocation',	1,	'2019-11-23',	'2019-11-23 17:30:57',	1,	1,	NULL,	NULL),
(392,	'Request',	'Request',	1,	'2019-11-23',	'2019-11-23 17:30:57',	1,	1,	NULL,	NULL),
(393,	'Role',	'Role',	1,	'2019-11-23',	'2019-11-23 17:30:57',	1,	1,	NULL,	NULL),
(397,	'Voucher',	'Voucher',	1,	'2019-11-23',	'2019-11-23 17:30:57',	1,	1,	NULL,	NULL),
(398,	'Workplan',	'Workplan',	1,	'2019-11-23',	'2019-11-23 17:30:57',	1,	1,	NULL,	NULL),
(400,	'User',	'User',	1,	'2019-11-23',	'2019-11-23 17:30:57',	1,	1,	NULL,	NULL),
(470,	'Menu_user_order',	'Menu_user_order',	1,	'2019-11-23',	'2019-11-23 17:30:57',	1,	1,	NULL,	NULL),
(478,	'Bank_branch',	'Bank_branch',	1,	'2019-11-23',	'2019-11-23 17:30:57',	1,	1,	NULL,	NULL),
(480,	'Department',	'Department',	1,	'2019-11-23',	'2019-11-23 17:30:57',	1,	1,	NULL,	NULL),
(481,	'Designation',	'Designation',	1,	'2019-11-23',	'2019-11-23 17:30:57',	1,	1,	NULL,	NULL),
(482,	'Expense_account',	'Expense_account',	1,	'2019-11-23',	'2019-11-23 17:30:57',	1,	1,	NULL,	NULL),
(483,	'Funding_status',	'Funding_status',	1,	'2019-11-23',	'2019-11-23 17:30:57',	1,	1,	NULL,	NULL),
(490,	'Project',	'Project',	1,	'2019-11-23',	'2019-11-23 17:30:57',	1,	1,	NULL,	NULL),
(491,	'Reconciliation',	'Reconciliation',	1,	'2019-11-23',	'2019-11-23 17:30:57',	1,	1,	NULL,	NULL),
(492,	'Page_view',	'Page_view',	1,	'2019-11-23',	'2019-11-23 17:30:57',	1,	1,	NULL,	NULL),
(496,	'Request_type',	'Request_type',	1,	'2019-11-23',	'2019-11-23 17:30:57',	1,	1,	NULL,	NULL),
(497,	'Language',	'Language',	1,	NULL,	'2019-11-26 20:45:56',	NULL,	NULL,	NULL,	NULL),
(498,	'Setting',	'Setting',	1,	NULL,	'2019-11-26 22:05:45',	NULL,	NULL,	NULL,	NULL),
(500,	'Income_account',	'Income_account',	1,	NULL,	'2019-11-27 13:24:36',	NULL,	NULL,	NULL,	NULL),
(521,	'Office',	'Office',	1,	NULL,	'2019-12-08 12:10:43',	NULL,	NULL,	NULL,	NULL),
(522,	'Office_bank',	'Office_bank',	1,	NULL,	'2019-12-08 12:10:43',	NULL,	NULL,	NULL,	NULL),
(523,	'Context_definition',	'Context_definition',	1,	NULL,	'2019-12-08 12:20:29',	NULL,	NULL,	NULL,	NULL),
(525,	'Cheque_book',	'Cheque_book',	1,	NULL,	'2020-01-06 10:11:55',	NULL,	NULL,	NULL,	NULL),
(526,	'Financial_report',	'Financial_report',	1,	NULL,	'2020-01-08 09:43:05',	NULL,	NULL,	NULL,	NULL),
(527,	'Voucher_type_account',	'Voucher_type_account',	1,	NULL,	'2020-01-15 15:13:14',	NULL,	NULL,	NULL,	NULL),
(528,	'Voucher_type_effect',	'Voucher_type_effect',	1,	NULL,	'2020-01-15 15:13:14',	NULL,	NULL,	NULL,	NULL),
(529,	'Voucher_type',	'Voucher_type',	1,	NULL,	'2020-01-15 15:17:27',	NULL,	NULL,	NULL,	NULL),
(531,	'Bank_contra_account',	'Bank_contra_account',	1,	NULL,	'2020-01-16 20:31:19',	NULL,	NULL,	NULL,	NULL),
(532,	'Cash_contra_account',	'Cash_contra_account',	1,	NULL,	'2020-01-16 20:31:19',	NULL,	NULL,	NULL,	NULL),
(533,	'Opening_cash_balance',	'Opening_cash_balance',	1,	NULL,	'2020-01-16 21:37:28',	NULL,	NULL,	NULL,	NULL),
(535,	'Month',	'Month',	1,	NULL,	'2020-01-18 13:08:11',	NULL,	NULL,	NULL,	NULL),
(536,	'Context_center',	'Context_center',	1,	NULL,	'2020-02-25 09:40:58',	NULL,	NULL,	NULL,	NULL),
(537,	'Context_cluster',	'Context_cluster',	1,	NULL,	'2020-02-25 09:40:58',	NULL,	NULL,	NULL,	NULL),
(538,	'Context_cohort',	'Context_cohort',	1,	NULL,	'2020-02-25 09:40:58',	NULL,	NULL,	NULL,	NULL),
(539,	'Context_country',	'Context_country',	1,	NULL,	'2020-02-25 09:40:58',	NULL,	NULL,	NULL,	NULL),
(540,	'Context_global',	'Context_global',	1,	NULL,	'2020-02-25 09:40:58',	NULL,	NULL,	NULL,	NULL),
(541,	'Context_region',	'Context_region',	1,	NULL,	'2020-02-25 09:40:58',	NULL,	NULL,	NULL,	NULL),
(542,	'Account_system',	'Account_system',	1,	NULL,	'2020-02-29 19:03:06',	NULL,	NULL,	NULL,	NULL),
(545,	'Request_conversion',	'Request_conversion',	1,	NULL,	'2020-03-02 06:43:20',	NULL,	NULL,	NULL,	NULL),
(547,	'Budget_item',	'Budget_item',	1,	NULL,	'2020-03-07 10:35:07',	NULL,	NULL,	NULL,	NULL),
(550,	'Approve_item',	'Approve_item',	1,	NULL,	'2020-03-08 18:11:59',	NULL,	NULL,	NULL,	NULL);

DROP TABLE IF EXISTS `menu_user_order`;
CREATE TABLE `menu_user_order` (
  `menu_user_order_id` int(100) NOT NULL AUTO_INCREMENT,
  `fk_user_id` int(100) NOT NULL,
  `fk_menu_id` int(100) DEFAULT NULL,
  `menu_user_order_is_active` int(5) NOT NULL DEFAULT '1',
  `menu_user_order_level` int(100) NOT NULL DEFAULT '1',
  `menu_user_order_priority_item` int(5) NOT NULL DEFAULT '1',
  `menu_user_order_created_date` date DEFAULT NULL,
  `menu_user_order_last_modified_date` timestamp NOT NULL DEFAULT CURRENT_TIMESTAMP,
  `menu_user_order_created_by` int(100) DEFAULT NULL,
  `menu_user_order_last_modified_by` int(100) DEFAULT NULL,
  `fk_approval_id` int(100) DEFAULT NULL,
  `fk_status_id` int(100) DEFAULT NULL,
  PRIMARY KEY (`menu_user_order_id`),
  KEY `fk_menu_id` (`fk_menu_id`),
  CONSTRAINT `menu_user_order_ibfk_1` FOREIGN KEY (`fk_menu_id`) REFERENCES `menu` (`menu_id`) ON DELETE CASCADE
) ENGINE=InnoDB DEFAULT CHARSET=latin1;

INSERT INTO `menu_user_order` (`menu_user_order_id`, `fk_user_id`, `fk_menu_id`, `menu_user_order_is_active`, `menu_user_order_level`, `menu_user_order_priority_item`, `menu_user_order_created_date`, `menu_user_order_last_modified_date`, `menu_user_order_created_by`, `menu_user_order_last_modified_by`, `fk_approval_id`, `fk_status_id`) VALUES
(1474,	1,	380,	1,	1,	1,	NULL,	'2020-03-11 19:39:24',	NULL,	NULL,	NULL,	NULL),
(1475,	1,	381,	1,	2,	1,	NULL,	'2020-03-11 19:39:24',	NULL,	NULL,	NULL,	NULL),
(1476,	1,	382,	1,	3,	1,	NULL,	'2020-03-11 19:39:24',	NULL,	NULL,	NULL,	NULL),
(1477,	1,	384,	1,	4,	1,	NULL,	'2020-03-11 19:39:24',	NULL,	NULL,	NULL,	NULL),
(1478,	1,	385,	1,	5,	1,	NULL,	'2020-03-11 19:39:24',	NULL,	NULL,	NULL,	NULL),
(1479,	1,	386,	1,	6,	1,	NULL,	'2020-03-11 19:39:24',	NULL,	NULL,	NULL,	NULL),
(1480,	1,	390,	1,	7,	1,	NULL,	'2020-03-11 19:39:24',	NULL,	NULL,	NULL,	NULL),
(1481,	1,	391,	1,	8,	1,	NULL,	'2020-03-11 19:39:24',	NULL,	NULL,	NULL,	NULL),
(1482,	1,	392,	1,	9,	1,	NULL,	'2020-03-11 19:39:24',	NULL,	NULL,	NULL,	NULL),
(1483,	1,	393,	1,	10,	1,	NULL,	'2020-03-11 19:39:24',	NULL,	NULL,	NULL,	NULL),
(1484,	1,	397,	1,	11,	1,	NULL,	'2020-03-11 19:39:24',	NULL,	NULL,	NULL,	NULL),
(1485,	1,	398,	1,	12,	0,	NULL,	'2020-03-11 19:39:24',	NULL,	NULL,	NULL,	NULL),
(1486,	1,	400,	1,	13,	0,	NULL,	'2020-03-11 19:39:24',	NULL,	NULL,	NULL,	NULL),
(1487,	1,	470,	1,	14,	0,	NULL,	'2020-03-11 19:39:24',	NULL,	NULL,	NULL,	NULL),
(1488,	1,	478,	1,	15,	0,	NULL,	'2020-03-11 19:39:24',	NULL,	NULL,	NULL,	NULL),
(1489,	1,	480,	1,	16,	0,	NULL,	'2020-03-11 19:39:24',	NULL,	NULL,	NULL,	NULL),
(1490,	1,	481,	1,	17,	0,	NULL,	'2020-03-11 19:39:24',	NULL,	NULL,	NULL,	NULL),
(1491,	1,	482,	1,	18,	0,	NULL,	'2020-03-11 19:39:24',	NULL,	NULL,	NULL,	NULL),
(1492,	1,	483,	1,	19,	0,	NULL,	'2020-03-11 19:39:24',	NULL,	NULL,	NULL,	NULL),
(1493,	1,	490,	1,	20,	0,	NULL,	'2020-03-11 19:39:24',	NULL,	NULL,	NULL,	NULL),
(1494,	1,	491,	1,	21,	0,	NULL,	'2020-03-11 19:39:24',	NULL,	NULL,	NULL,	NULL),
(1495,	1,	492,	1,	22,	0,	NULL,	'2020-03-11 19:39:24',	NULL,	NULL,	NULL,	NULL),
(1496,	1,	496,	1,	23,	0,	NULL,	'2020-03-11 19:39:24',	NULL,	NULL,	NULL,	NULL),
(1497,	1,	497,	1,	24,	0,	NULL,	'2020-03-11 19:39:24',	NULL,	NULL,	NULL,	NULL),
(1498,	1,	498,	1,	25,	0,	NULL,	'2020-03-11 19:39:24',	NULL,	NULL,	NULL,	NULL),
(1499,	1,	500,	1,	26,	0,	NULL,	'2020-03-11 19:39:25',	NULL,	NULL,	NULL,	NULL),
(1500,	1,	521,	1,	27,	0,	NULL,	'2020-03-11 19:39:25',	NULL,	NULL,	NULL,	NULL),
(1501,	1,	522,	1,	28,	0,	NULL,	'2020-03-11 19:39:25',	NULL,	NULL,	NULL,	NULL),
(1502,	1,	523,	1,	29,	0,	NULL,	'2020-03-11 19:39:25',	NULL,	NULL,	NULL,	NULL),
(1503,	1,	525,	1,	30,	0,	NULL,	'2020-03-11 19:39:25',	NULL,	NULL,	NULL,	NULL),
(1504,	1,	526,	1,	31,	0,	NULL,	'2020-03-11 19:39:25',	NULL,	NULL,	NULL,	NULL),
(1505,	1,	527,	1,	32,	0,	NULL,	'2020-03-11 19:39:25',	NULL,	NULL,	NULL,	NULL),
(1506,	1,	528,	1,	33,	0,	NULL,	'2020-03-11 19:39:25',	NULL,	NULL,	NULL,	NULL),
(1507,	1,	529,	1,	34,	0,	NULL,	'2020-03-11 19:39:25',	NULL,	NULL,	NULL,	NULL),
(1508,	1,	531,	1,	35,	0,	NULL,	'2020-03-11 19:39:25',	NULL,	NULL,	NULL,	NULL),
(1509,	1,	532,	1,	36,	0,	NULL,	'2020-03-11 19:39:25',	NULL,	NULL,	NULL,	NULL),
(1510,	1,	533,	1,	37,	0,	NULL,	'2020-03-11 19:39:25',	NULL,	NULL,	NULL,	NULL),
(1511,	1,	535,	1,	38,	0,	NULL,	'2020-03-11 19:39:25',	NULL,	NULL,	NULL,	NULL),
(1512,	1,	536,	1,	39,	0,	NULL,	'2020-03-11 19:39:25',	NULL,	NULL,	NULL,	NULL),
(1513,	1,	537,	1,	40,	0,	NULL,	'2020-03-11 19:39:25',	NULL,	NULL,	NULL,	NULL),
(1514,	1,	538,	1,	41,	0,	NULL,	'2020-03-11 19:39:25',	NULL,	NULL,	NULL,	NULL),
(1515,	1,	539,	1,	42,	0,	NULL,	'2020-03-11 19:39:25',	NULL,	NULL,	NULL,	NULL),
(1516,	1,	540,	1,	43,	0,	NULL,	'2020-03-11 19:39:25',	NULL,	NULL,	NULL,	NULL),
(1517,	1,	541,	1,	44,	0,	NULL,	'2020-03-11 19:39:25',	NULL,	NULL,	NULL,	NULL),
(1518,	1,	542,	1,	45,	0,	NULL,	'2020-03-11 19:39:25',	NULL,	NULL,	NULL,	NULL),
(1519,	1,	545,	1,	46,	0,	NULL,	'2020-03-11 19:39:25',	NULL,	NULL,	NULL,	NULL),
(1520,	1,	547,	1,	47,	0,	NULL,	'2020-03-11 19:39:25',	NULL,	NULL,	NULL,	NULL),
(1521,	1,	550,	1,	48,	0,	NULL,	'2020-03-11 19:39:25',	NULL,	NULL,	NULL,	NULL);


DROP TABLE IF EXISTS `message`;
CREATE TABLE `message` (
  `message_id` int(11) NOT NULL AUTO_INCREMENT,
  `message_track_number` int(100) DEFAULT NULL,
  `message_name` int(100) DEFAULT NULL,
  `fk_approve_item_id` int(100) DEFAULT NULL,
  `message_record_key` int(100) DEFAULT NULL,
  `message_created_by` int(100) DEFAULT NULL,
  `message_last_modified_by` int(100) DEFAULT NULL,
  `message_created_date` date DEFAULT NULL,
  `message_last_modified_date` timestamp NULL DEFAULT CURRENT_TIMESTAMP,
  `message_deleted_date` date DEFAULT NULL,
  `message_is_thread_open` int(5) DEFAULT '1',
  `fk_status_id` int(100) DEFAULT NULL,
  `fk_approval_id` int(100) DEFAULT NULL,
  PRIMARY KEY (`message_id`),
  KEY `fk_approve_item_id` (`fk_approve_item_id`),
  CONSTRAINT `message_ibfk_1` FOREIGN KEY (`fk_approve_item_id`) REFERENCES `approve_item` (`approve_item_id`)
) ENGINE=InnoDB DEFAULT CHARSET=latin1;


DROP TABLE IF EXISTS `message_detail`;
CREATE TABLE `message_detail` (
  `message_detail_id` int(100) NOT NULL AUTO_INCREMENT,
  `message_detail_track_number` varchar(100) NOT NULL,
  `message_detail_name` varchar(100) NOT NULL,
  `fk_user_id` int(100) DEFAULT NULL,
  `message_detail_content` longtext,
  `fk_message_id` int(100) DEFAULT NULL,
  `message_detail_created_date` datetime DEFAULT NULL,
  `message_detail_last_modified_date` date DEFAULT NULL,
  `message_detail_deleted_date` date DEFAULT NULL,
  `message_detail_created_by` int(100) DEFAULT NULL,
  `message_detail_last_modified_by` timestamp NULL DEFAULT CURRENT_TIMESTAMP,
  `message_detail_is_reply` int(5) DEFAULT '0',
  `message_detail_replied_message_key` int(100) DEFAULT NULL,
  `fk_status_id` int(100) DEFAULT NULL,
  `fk_approval_id` int(100) DEFAULT NULL,
  PRIMARY KEY (`message_detail_id`),
  KEY `fk_message_detail_message1_idx` (`fk_message_id`),
  CONSTRAINT `fk_message_detail_message1` FOREIGN KEY (`fk_message_id`) REFERENCES `message` (`message_id`) ON DELETE NO ACTION ON UPDATE NO ACTION
) ENGINE=InnoDB DEFAULT CHARSET=latin1;



DROP TABLE IF EXISTS `month`;
CREATE TABLE `month` (
  `month_id` int(11) NOT NULL AUTO_INCREMENT,
  `month_track_number` varchar(100) NOT NULL,
  `month_number` int(5) NOT NULL,
  `month_name` varchar(50) NOT NULL,
  `fk_status_id` int(100) NOT NULL,
  `month_created_by` int(100) NOT NULL,
  `month_last_modified_by` int(100) NOT NULL,
  `month_created_date` date NOT NULL,
  `month_last_modified_date` date NOT NULL,
  `fk_approval_id` int(100) DEFAULT NULL,
  PRIMARY KEY (`month_id`),
  UNIQUE KEY `month_number` (`month_number`)
) ENGINE=InnoDB DEFAULT CHARSET=latin1;

INSERT INTO `month` (`month_id`, `month_track_number`, `month_number`, `month_name`, `fk_status_id`, `month_created_by`, `month_last_modified_by`, `month_created_date`, `month_last_modified_date`, `fk_approval_id`) VALUES
(5,	'MOTH-7084',	1,	'January',	61,	1,	1,	'2020-01-18',	'0000-00-00',	551),
(6,	'MOTH-37428',	2,	'February',	61,	1,	1,	'2020-01-18',	'0000-00-00',	552),
(7,	'MOTH-39917',	3,	'March',	61,	1,	1,	'2020-01-18',	'0000-00-00',	553),
(8,	'MOTH-13132',	4,	'April',	61,	1,	1,	'2020-01-18',	'0000-00-00',	554),
(10,	'MOTH-69289',	5,	'May',	61,	1,	1,	'2020-01-18',	'0000-00-00',	556),
(11,	'MOTH-32857',	6,	'June',	61,	1,	1,	'2020-01-18',	'0000-00-00',	557),
(12,	'MOTH-74947',	7,	'July',	61,	1,	1,	'2020-01-18',	'0000-00-00',	558),
(13,	'MOTH-16217',	8,	'August',	61,	1,	1,	'2020-01-18',	'0000-00-00',	559),
(14,	'MOTH-69410',	9,	'September',	61,	1,	1,	'2020-01-18',	'0000-00-00',	560),
(15,	'MOTH-3346',	10,	'October',	61,	1,	1,	'2020-01-18',	'0000-00-00',	561),
(16,	'MOTH-5851',	11,	'November',	61,	1,	1,	'2020-01-18',	'0000-00-00',	562),
(17,	'MOTH-27020',	12,	'December',	61,	1,	1,	'2020-01-18',	'0000-00-00',	563);

DROP TABLE IF EXISTS `office`;
CREATE TABLE `office` (
  `office_id` int(100) NOT NULL AUTO_INCREMENT,
  `office_track_number` varchar(100) DEFAULT NULL,
  `office_name` varchar(45) NOT NULL,
  `office_description` varchar(45) NOT NULL,
  `office_code` varchar(45) NOT NULL,
  `fk_context_definition_id` int(100) NOT NULL,
  `office_start_date` date NOT NULL,
  `office_end_date` date NOT NULL,
  `office_is_active` int(5) NOT NULL DEFAULT '0',
  `fk_account_system_id` int(100) NOT NULL DEFAULT '1',
  `office_created_by` int(100) NOT NULL,
  `office_created_date` date NOT NULL,
  `office_last_modified_date` date NOT NULL,
  `office_last_modified_by` int(100) NOT NULL,
  `fk_approval_id` int(11) DEFAULT NULL,
  `fk_status_id` int(11) DEFAULT NULL,
  PRIMARY KEY (`office_id`),
  KEY `fk_approval_id` (`fk_approval_id`),
  KEY `fk_status_id` (`fk_status_id`),
  KEY `fk_center_group_hierarchy_id` (`fk_context_definition_id`),
  KEY `fk_account_system_id` (`fk_account_system_id`),
  CONSTRAINT `office_ibfk_1` FOREIGN KEY (`fk_approval_id`) REFERENCES `approval` (`approval_id`),
  CONSTRAINT `office_ibfk_2` FOREIGN KEY (`fk_status_id`) REFERENCES `status` (`status_id`),
  CONSTRAINT `office_ibfk_3` FOREIGN KEY (`fk_context_definition_id`) REFERENCES `context_definition` (`context_definition_id`),
  CONSTRAINT `office_ibfk_4` FOREIGN KEY (`fk_account_system_id`) REFERENCES `account_system` (`account_system_id`)
) ENGINE=InnoDB DEFAULT CHARSET=latin1 COMMENT='This table list all the remote sites for the organization';

INSERT INTO `office` (`office_id`, `office_track_number`, `office_name`, `office_description`, `office_code`, `fk_context_definition_id`, `office_start_date`, `office_end_date`, `office_is_active`, `fk_account_system_id`, `office_created_by`, `office_created_date`, `office_last_modified_date`, `office_last_modified_by`, `fk_approval_id`, `fk_status_id`) VALUES
(18,	'CEER-5952',	'Kenya Head Office',	'',	'',	10,	'2019-10-17',	'0000-00-00',	1,	1,	1,	'2019-12-03',	'0000-00-00',	1,	433,	45),
(21,	'OFCE-10254',	'Global Office ',	'',	'G001',	12,	'1990-10-11',	'0000-00-00',	1,	1,	1,	'2019-12-08',	'0000-00-00',	1,	442,	45),
(22,	'OFCE-18309',	'Africa Region Office',	'',	'AFR',	11,	'1979-06-06',	'0000-00-00',	1,	1,	1,	'2019-12-13',	'0000-00-00',	1,	448,	45);

DROP TABLE IF EXISTS `office_bank`;
CREATE TABLE `office_bank` (
  `office_bank_id` int(100) NOT NULL AUTO_INCREMENT,
  `office_bank_track_number` varchar(100) DEFAULT NULL,
  `office_bank_name` varchar(100) DEFAULT NULL,
  `office_bank_account_number` varchar(100) DEFAULT NULL,
  `fk_office_id` int(100) DEFAULT NULL,
  `fk_bank_id` int(100) DEFAULT NULL,
  `fk_bank_branch_id` int(100) DEFAULT NULL,
  `is_office_bank_active` int(5) DEFAULT '1',
  `office_bank_created_date` date DEFAULT NULL,
  `office_bank_created_by` int(100) DEFAULT NULL,
  `office_bank_last_modified_date` timestamp NULL DEFAULT NULL,
  `office_bank_last_modified_by` int(100) DEFAULT NULL,
  `fk_approval_id` int(100) DEFAULT NULL,
  `fk_status_id` int(100) DEFAULT NULL,
  PRIMARY KEY (`office_bank_id`),
  KEY `fk_office_id` (`fk_office_id`),
  KEY `fk_bank_id` (`fk_bank_id`),
  CONSTRAINT `office_bank_ibfk_1` FOREIGN KEY (`fk_office_id`) REFERENCES `office` (`office_id`),
  CONSTRAINT `office_bank_ibfk_2` FOREIGN KEY (`fk_bank_id`) REFERENCES `bank` (`bank_id`)
) ENGINE=InnoDB DEFAULT CHARSET=latin1;


DROP TABLE IF EXISTS `opening_cash_balance`;
CREATE TABLE `opening_cash_balance` (
  `opening_cash_balance_id` int(100) NOT NULL AUTO_INCREMENT,
  `opening_cash_balance_track_number` varchar(100) NOT NULL,
  `opening_cash_balance_name` varchar(100) NOT NULL,
  `fk_office_id` int(100) NOT NULL,
  `opening_cash_balance_bank` decimal(10,2) NOT NULL DEFAULT '0.00',
  `opening_cash_balance_cash` decimal(10,2) NOT NULL DEFAULT '0.00',
  `opening_cash_balance_created_date` date DEFAULT NULL,
  `opening_cash_balance_created_by` int(100) DEFAULT NULL,
  `opening_cash_balance_last_modified_by` int(100) DEFAULT NULL,
  `opening_cash_balance_last_modified_date` date DEFAULT NULL,
  `fk_approval_id` int(100) DEFAULT NULL,
  `fk_status_id` int(100) DEFAULT NULL,
  PRIMARY KEY (`opening_cash_balance_id`),
  UNIQUE KEY `fk_office_id` (`fk_office_id`),
  CONSTRAINT `opening_cash_balance_ibfk_1` FOREIGN KEY (`fk_office_id`) REFERENCES `office` (`office_id`)
) ENGINE=InnoDB DEFAULT CHARSET=latin1;


DROP TABLE IF EXISTS `page_view`;
CREATE TABLE `page_view` (
  `page_view_id` int(100) NOT NULL AUTO_INCREMENT,
  `page_view_track_number` varchar(100) NOT NULL,
  `page_view_name` varchar(100) NOT NULL,
  `page_view_description` longtext NOT NULL,
  `fk_menu_id` int(100) NOT NULL,
  `page_view_is_default` int(5) NOT NULL DEFAULT '0' COMMENT 'System Admin default ',
  `page_view_created_date` date NOT NULL,
  `page_view_last_modified_date` timestamp NOT NULL DEFAULT CURRENT_TIMESTAMP,
  `page_view_created_by` int(100) NOT NULL,
  `page_view_last_modified_by` int(100) NOT NULL,
  `fk_approval_id` int(11) NOT NULL,
  `fk_status_id` int(11) NOT NULL,
  PRIMARY KEY (`page_view_id`),
  KEY `fk_approval_id` (`fk_approval_id`),
  KEY `fk_status_id` (`fk_status_id`),
  KEY `fk_menu_id` (`fk_menu_id`),
  CONSTRAINT `page_view_ibfk_1` FOREIGN KEY (`fk_approval_id`) REFERENCES `approval` (`approval_id`),
  CONSTRAINT `page_view_ibfk_2` FOREIGN KEY (`fk_status_id`) REFERENCES `status` (`status_id`),
  CONSTRAINT `page_view_ibfk_3` FOREIGN KEY (`fk_menu_id`) REFERENCES `menu` (`menu_id`)
) ENGINE=InnoDB DEFAULT CHARSET=latin1;


DROP TABLE IF EXISTS `page_view_condition`;
CREATE TABLE `page_view_condition` (
  `page_view_condition_id` int(100) NOT NULL AUTO_INCREMENT,
  `page_view_condition_track_number` varchar(100) NOT NULL,
  `page_view_condition_name` varchar(100) DEFAULT NULL,
  `page_view_condition_field` varchar(100) NOT NULL,
  `page_view_condition_operator` varchar(50) NOT NULL,
  `page_view_condition_value` varchar(100) NOT NULL,
  `fk_page_view_id` int(100) NOT NULL,
  `page_view_condition_created_date` date NOT NULL,
  `page_view_condition_last_modified_date` timestamp NOT NULL DEFAULT CURRENT_TIMESTAMP,
  `page_view_condition_created_by` int(100) NOT NULL,
  `page_view_condition_last_modified_by` int(100) NOT NULL,
  `fk_approval_id` int(11) DEFAULT NULL,
  `fk_status_id` int(11) DEFAULT NULL,
  PRIMARY KEY (`page_view_condition_id`),
  KEY `fk_approval_id` (`fk_approval_id`),
  KEY `fk_status_id` (`fk_status_id`),
  KEY `fk_page_view_id` (`fk_page_view_id`),
  CONSTRAINT `page_view_condition_ibfk_3` FOREIGN KEY (`fk_page_view_id`) REFERENCES `page_view` (`page_view_id`)
) ENGINE=InnoDB DEFAULT CHARSET=latin1;


DROP TABLE IF EXISTS `page_view_role`;
CREATE TABLE `page_view_role` (
  `page_view_role_id` int(100) NOT NULL AUTO_INCREMENT,
  `page_view_role_track_number` varchar(100) NOT NULL,
  `page_view_role_name` varchar(100) DEFAULT NULL,
  `page_view_role_is_default` int(5) DEFAULT '0',
  `fk_page_view_id` int(100) DEFAULT NULL,
  `fk_role_id` int(100) DEFAULT NULL,
  `page_view_role_created_date` date NOT NULL,
  `page_view_role_last_modified_date` timestamp NOT NULL DEFAULT CURRENT_TIMESTAMP,
  `page_view_role_created_by` int(100) NOT NULL,
  `page_view_role_last_modified_by` int(100) NOT NULL,
  `fk_approval_id` int(11) NOT NULL,
  `fk_status_id` int(11) NOT NULL,
  PRIMARY KEY (`page_view_role_id`),
  KEY `fk_page_view_id` (`fk_page_view_id`),
  KEY `fk_role_id` (`fk_role_id`),
  KEY `fk_approval_id` (`fk_approval_id`),
  KEY `fk_status_id` (`fk_status_id`),
  CONSTRAINT `page_view_role_ibfk_1` FOREIGN KEY (`fk_page_view_id`) REFERENCES `page_view` (`page_view_id`),
  CONSTRAINT `page_view_role_ibfk_2` FOREIGN KEY (`fk_role_id`) REFERENCES `role` (`role_id`),
  CONSTRAINT `page_view_role_ibfk_3` FOREIGN KEY (`fk_approval_id`) REFERENCES `approval` (`approval_id`),
  CONSTRAINT `page_view_role_ibfk_4` FOREIGN KEY (`fk_status_id`) REFERENCES `status` (`status_id`)
) ENGINE=InnoDB DEFAULT CHARSET=latin1;


DROP TABLE IF EXISTS `permission`;
CREATE TABLE `permission` (
  `permission_id` int(11) NOT NULL AUTO_INCREMENT,
  `permission_track_number` varchar(100) NOT NULL,
  `permission_name` varchar(100) NOT NULL,
  `permission_description` longtext NOT NULL,
  `permission_is_active` int(5) NOT NULL,
  `fk_permission_label_id` int(100) NOT NULL,
  `permission_type` int(5) NOT NULL DEFAULT '1' COMMENT 'Type 1 = Page Access, 2 = Field Access',
  `permission_field` varchar(100) NOT NULL,
  `fk_menu_id` int(100) DEFAULT NULL,
  `fk_approval_id` int(11) DEFAULT NULL,
  `fk_status_id` int(11) DEFAULT NULL,
  `permission_created_date` date DEFAULT NULL,
  `permission_created_by` int(100) DEFAULT NULL,
  `permission_deleted_at` date DEFAULT NULL,
  `permission_last_modified_date` timestamp NULL DEFAULT CURRENT_TIMESTAMP,
  `permission_last_modified_by` int(100) DEFAULT NULL,
  PRIMARY KEY (`permission_id`),
  KEY `fk_menu_id` (`fk_menu_id`),
  KEY `fk_permission_label_id` (`fk_permission_label_id`),
  KEY `fk_approval_id` (`fk_approval_id`),
  KEY `fk_status_id` (`fk_status_id`),
  CONSTRAINT `permission_ibfk_1` FOREIGN KEY (`fk_approval_id`) REFERENCES `approval` (`approval_id`) ON DELETE CASCADE,
  CONSTRAINT `permission_ibfk_4` FOREIGN KEY (`fk_menu_id`) REFERENCES `menu` (`menu_id`) ON DELETE CASCADE,
  CONSTRAINT `permission_ibfk_5` FOREIGN KEY (`fk_permission_label_id`) REFERENCES `permission_label` (`permission_label_id`) ON DELETE CASCADE,
  CONSTRAINT `permission_ibfk_6` FOREIGN KEY (`fk_approval_id`) REFERENCES `approval` (`approval_id`) ON DELETE CASCADE,
  CONSTRAINT `permission_ibfk_7` FOREIGN KEY (`fk_status_id`) REFERENCES `status` (`status_id`) ON DELETE CASCADE
) ENGINE=InnoDB DEFAULT CHARSET=latin1;


DROP TABLE IF EXISTS `permission_label`;
CREATE TABLE `permission_label` (
  `permission_label_id` int(100) NOT NULL AUTO_INCREMENT,
  `permission_label_track_number` varchar(100) NOT NULL,
  `permission_label_name` varchar(100) NOT NULL,
  `permission_label_description` varchar(100) NOT NULL,
  `permission_label_depth` int(10) NOT NULL,
  `fk_approval_id` int(100) NOT NULL,
  `fk_status_id` int(100) NOT NULL,
  `permission_label_created_date` date NOT NULL,
  `permission_label_created_by` int(100) NOT NULL,
  `permission_label_last_modified_date` timestamp NOT NULL DEFAULT CURRENT_TIMESTAMP,
  `permission_label_last_modified_by` int(100) NOT NULL,
  PRIMARY KEY (`permission_label_id`)
) ENGINE=InnoDB DEFAULT CHARSET=latin1;

INSERT INTO `permission_label` (`permission_label_id`, `permission_label_track_number`, `permission_label_name`, `permission_label_description`, `permission_label_depth`, `fk_approval_id`, `fk_status_id`, `permission_label_created_date`, `permission_label_created_by`, `permission_label_last_modified_date`, `permission_label_last_modified_by`) VALUES
(1,	'PBL-56069',	'create',	'Mark all permissions used to create a new record',	2,	120,	50,	'2019-11-06',	1,	'2019-11-06 12:48:54',	1),
(2,	'PBL-32200',	'read',	'Mark all permissions used to read a record',	1,	121,	50,	'2019-11-06',	1,	'2019-11-06 12:51:56',	1),
(3,	'PBL-37242',	'update',	'Mark all permissions for updating a record',	3,	122,	50,	'2019-11-06',	1,	'2019-11-06 12:52:25',	1),
(4,	'PBL-14166',	'delete',	'Mark all permissions used to delete a record',	4,	123,	50,	'2019-11-06',	1,	'2019-11-06 12:52:43',	1);

DROP TABLE IF EXISTS `project`;
CREATE TABLE `project` (
  `project_id` int(100) NOT NULL AUTO_INCREMENT,
  `project_track_number` varchar(100) DEFAULT NULL,
  `project_name` varchar(100) DEFAULT NULL,
  `project_code` varchar(10) NOT NULL,
  `project_description` varchar(100) DEFAULT NULL,
  `project_start_date` date NOT NULL,
  `project_end_date` date NOT NULL,
  `fk_funder_id` int(100) NOT NULL,
  `project_cost` double(10,2) NOT NULL,
  `fk_funding_status_id` int(100) DEFAULT NULL,
  `project_created_by` int(100) NOT NULL,
  `project_last_modified_by` int(100) NOT NULL,
  `project_created_date` date NOT NULL,
  `project_last_modified_date` date NOT NULL,
  `fk_approval_id` int(100) DEFAULT NULL,
  `fk_status_id` int(100) DEFAULT NULL,
  PRIMARY KEY (`project_id`),
  KEY `fk_project_id_funder_id_idx` (`fk_funder_id`),
  KEY `fk_project_funding_status1_idx` (`fk_funding_status_id`),
  CONSTRAINT `fk_project_funding_status1` FOREIGN KEY (`fk_funding_status_id`) REFERENCES `funding_status` (`funding_status_id`) ON DELETE NO ACTION ON UPDATE NO ACTION,
  CONSTRAINT `fk_project_id_funder_id` FOREIGN KEY (`fk_funder_id`) REFERENCES `funder` (`funder_id`) ON DELETE NO ACTION ON UPDATE CASCADE
) ENGINE=InnoDB DEFAULT CHARSET=latin1 COMMENT='A project is a single funded proposal that need to be implemented and reported as a unit. It''s related to single funder\n ';


DROP TABLE IF EXISTS `project_allocation`;
CREATE TABLE `project_allocation` (
  `project_allocation_id` int(100) NOT NULL AUTO_INCREMENT,
  `project_allocation_track_number` varchar(100) DEFAULT NULL,
  `fk_project_id` int(100) DEFAULT NULL,
  `project_allocation_name` varchar(100) DEFAULT NULL,
  `project_allocation_amount` decimal(10,2) DEFAULT NULL,
  `project_allocation_is_active` int(5) DEFAULT NULL,
  `fk_office_id` int(100) DEFAULT NULL,
  `fk_status_id` int(11) DEFAULT NULL,
  `fk_approval_id` int(11) DEFAULT NULL,
  `project_allocation_extended_end_date` date DEFAULT NULL,
  `project_allocation_created_date` date DEFAULT NULL,
  `project_allocation_last_modified_date` varchar(45) DEFAULT NULL,
  `project_allocation_created_by` int(100) DEFAULT NULL,
  `project_allocation_last_modified_by` int(100) DEFAULT NULL,
  PRIMARY KEY (`project_allocation_id`),
  KEY `fk_project_id` (`fk_project_id`),
  KEY `fk_center_id` (`fk_office_id`),
  KEY `fk_status_id` (`fk_status_id`),
  KEY `fk_approval_id` (`fk_approval_id`),
  CONSTRAINT `project_allocation_ibfk_1` FOREIGN KEY (`fk_project_id`) REFERENCES `project` (`project_id`),
  CONSTRAINT `project_allocation_ibfk_2` FOREIGN KEY (`fk_office_id`) REFERENCES `office` (`office_id`),
  CONSTRAINT `project_allocation_ibfk_3` FOREIGN KEY (`fk_status_id`) REFERENCES `status` (`status_id`),
  CONSTRAINT `project_allocation_ibfk_4` FOREIGN KEY (`fk_approval_id`) REFERENCES `approval` (`approval_id`)
) ENGINE=InnoDB DEFAULT CHARSET=latin1;


DROP TABLE IF EXISTS `project_allocation_detail`;
CREATE TABLE `project_allocation_detail` (
  `project_allocation_detail_id` int(11) NOT NULL,
  `project_allocation_detail_track_number` varchar(100) NOT NULL,
  `project_allocation_detail_name` varchar(100) NOT NULL,
  `fk_project_allocation_id` int(100) NOT NULL,
  `project_allocation_detail_month` date NOT NULL,
  `project_allocation_detail_amount` decimal(10,2) NOT NULL,
  `project_allocation_detail_created_date` date DEFAULT NULL,
  `project_allocation_detail_created_by` int(100) DEFAULT NULL,
  `project_allocation_detail_last_modified_by` int(100) DEFAULT NULL,
  `project_allocation_detail_last_modified_date` date DEFAULT NULL,
  `fk_approval_id` int(100) DEFAULT NULL,
  `fk_status_id` int(100) DEFAULT NULL,
  KEY `fk_project_allocation_id` (`fk_project_allocation_id`),
  CONSTRAINT `project_allocation_detail_ibfk_1` FOREIGN KEY (`fk_project_allocation_id`) REFERENCES `project_allocation` (`project_allocation_id`)
) ENGINE=InnoDB DEFAULT CHARSET=latin1;


DROP TABLE IF EXISTS `project_cost_proportion`;
CREATE TABLE `project_cost_proportion` (
  `project_cost_proportion_id` int(11) NOT NULL,
  `voucher_detail_id` int(100) DEFAULT NULL,
  `amount` varchar(45) DEFAULT NULL,
  `created_by` varchar(45) DEFAULT NULL,
  `created_date` varchar(45) DEFAULT NULL,
  `last_modified_by` varchar(45) DEFAULT NULL,
  `last_modified_date` varchar(45) DEFAULT NULL,
  `center_project_allocation_id` int(100) DEFAULT NULL,
  PRIMARY KEY (`project_cost_proportion_id`),
  KEY `voucher_detail_id` (`voucher_detail_id`),
  CONSTRAINT `project_cost_proportion_ibfk_1` FOREIGN KEY (`voucher_detail_id`) REFERENCES `voucher_detail` (`voucher_detail_id`)
) ENGINE=InnoDB DEFAULT CHARSET=latin1;


DROP TABLE IF EXISTS `reconciliation`;
CREATE TABLE `reconciliation` (
  `reconciliation_id` int(100) NOT NULL AUTO_INCREMENT,
  `reconciliation_track_number` varchar(100) DEFAULT NULL,
  `reconciliation_name` varchar(100) DEFAULT NULL,
  `fk_office_id` int(100) DEFAULT NULL,
  `reconciliation_reporting_month` date DEFAULT NULL,
  `financial_report_is_submitted` int(5) DEFAULT '0',
  `fk_status_id` int(5) DEFAULT NULL,
  `reconciliation_statement_amount` decimal(10,2) DEFAULT NULL,
  `reconciliation_suspense_amount` decimal(10,2) DEFAULT NULL,
  `reconciliation_created_by` int(100) DEFAULT NULL,
  `reconciliation_created_date` date DEFAULT NULL,
  `reconciliation_last_modified_by` int(100) DEFAULT NULL,
  `reconciliation_last_modified_date` date DEFAULT NULL,
  `fk_approval_id` int(100) DEFAULT NULL,
  PRIMARY KEY (`reconciliation_id`),
  KEY `fk_reconciliation_center1_idx` (`fk_office_id`),
  KEY `financial_report_is_submitted` (`financial_report_is_submitted`),
  CONSTRAINT `fk_reconciliation_center1` FOREIGN KEY (`fk_office_id`) REFERENCES `office` (`office_id`) ON DELETE NO ACTION ON UPDATE NO ACTION,
  CONSTRAINT `reconciliation_ibfk_1` FOREIGN KEY (`financial_report_is_submitted`) REFERENCES `financial_report` (`financial_report_id`)
) ENGINE=InnoDB DEFAULT CHARSET=latin1;


DROP TABLE IF EXISTS `request`;
CREATE TABLE `request` (
  `request_id` int(100) NOT NULL AUTO_INCREMENT,
  `request_track_number` varchar(100) DEFAULT NULL,
  `request_name` varchar(100) DEFAULT NULL,
  `fk_request_type_id` int(11) DEFAULT '1',
  `fk_status_id` int(11) DEFAULT '0',
  `fk_office_id` int(100) DEFAULT NULL,
  `fk_approval_id` int(11) DEFAULT NULL,
  `request_date` date DEFAULT NULL,
  `request_description` varchar(100) DEFAULT NULL,
  `fk_department_id` int(100) NOT NULL,
  `request_created_date` date DEFAULT NULL,
  `request_created_by` varchar(45) DEFAULT NULL,
  `request_last_modified_by` varchar(45) DEFAULT NULL,
  `request_last_modified_date` timestamp NOT NULL DEFAULT CURRENT_TIMESTAMP ON UPDATE CURRENT_TIMESTAMP,
  `request_deleted_at` date DEFAULT NULL,
  PRIMARY KEY (`request_id`),
  KEY `fk_request_center2_idx` (`fk_office_id`),
  KEY `fk_approval_id` (`fk_approval_id`),
  KEY `fk_department_id` (`fk_department_id`),
  KEY `fk_status_id` (`fk_status_id`),
  KEY `fk_requuest_type_id` (`fk_request_type_id`),
  CONSTRAINT `fk_request_center2` FOREIGN KEY (`fk_office_id`) REFERENCES `office` (`office_id`) ON DELETE NO ACTION ON UPDATE NO ACTION,
  CONSTRAINT `request_ibfk_2` FOREIGN KEY (`fk_approval_id`) REFERENCES `approval` (`approval_id`) ON DELETE CASCADE,
  CONSTRAINT `request_ibfk_3` FOREIGN KEY (`fk_department_id`) REFERENCES `department` (`department_id`),
  CONSTRAINT `request_ibfk_4` FOREIGN KEY (`fk_status_id`) REFERENCES `status` (`status_id`),
  CONSTRAINT `request_ibfk_5` FOREIGN KEY (`fk_request_type_id`) REFERENCES `request_type` (`request_type_id`)
) ENGINE=InnoDB DEFAULT CHARSET=latin1;


DROP TABLE IF EXISTS `request_conversion`;
CREATE TABLE `request_conversion` (
  `request_conversion_id` int(100) NOT NULL AUTO_INCREMENT,
  `request_conversion_name` varchar(100) NOT NULL,
  `request_conversion_track_number` varchar(100) NOT NULL,
  `fk_account_system_id` int(100) NOT NULL,
  `conversion_status_id` int(100) NOT NULL,
  `request_conversion_created_date` date DEFAULT NULL,
  `request_conversion_created_by` int(100) DEFAULT NULL,
  `request_conversion_last_modified_by` int(100) DEFAULT NULL,
  `request_conversion_last_modified_date` date DEFAULT NULL,
  `fk_approval_id` int(100) DEFAULT NULL,
  `fk_status_id` int(100) DEFAULT NULL,
  PRIMARY KEY (`request_conversion_id`),
  KEY `fk_account_system_id` (`fk_account_system_id`),
  KEY `conversion_status_id` (`conversion_status_id`),
  CONSTRAINT `request_conversion_ibfk_1` FOREIGN KEY (`fk_account_system_id`) REFERENCES `account_system` (`account_system_id`),
  CONSTRAINT `request_conversion_ibfk_2` FOREIGN KEY (`conversion_status_id`) REFERENCES `status` (`status_id`)
) ENGINE=InnoDB DEFAULT CHARSET=latin1;


DROP TABLE IF EXISTS `request_detail`;
CREATE TABLE `request_detail` (
  `request_detail_id` int(100) NOT NULL AUTO_INCREMENT,
  `request_detail_track_number` varchar(100) DEFAULT NULL,
  `request_detail_name` varchar(100) DEFAULT NULL,
  `fk_request_id` int(100) DEFAULT NULL,
  `request_detail_description` varchar(45) DEFAULT NULL,
  `request_detail_quantity` int(10) DEFAULT NULL,
  `request_detail_unit_cost` decimal(10,2) DEFAULT NULL,
  `request_detail_total_cost` decimal(10,2) DEFAULT NULL,
  `fk_expense_account_id` int(100) DEFAULT NULL,
  `fk_project_allocation_id` int(100) DEFAULT NULL,
  `fk_status_id` int(100) DEFAULT NULL,
  `fk_approval_id` int(100) DEFAULT NULL,
  `request_detail_conversion_set` int(5) DEFAULT '0',
  `request_detail_voucher_number` int(100) DEFAULT NULL,
  `request_detail_created_date` date DEFAULT NULL,
  `request_detail_created_by` int(100) DEFAULT NULL,
  `request_detail_last_modified_by` int(100) DEFAULT NULL,
  `request_detail_last_modified_date` timestamp NOT NULL DEFAULT CURRENT_TIMESTAMP ON UPDATE CURRENT_TIMESTAMP,
  PRIMARY KEY (`request_detail_id`),
  KEY `fk_request_detail_request1_idx` (`fk_request_id`),
  KEY `fk_request_detail_expense_account1_idx` (`fk_expense_account_id`),
  CONSTRAINT `fk_request_detail_expense_account1` FOREIGN KEY (`fk_expense_account_id`) REFERENCES `expense_account` (`expense_account_id`) ON DELETE NO ACTION ON UPDATE NO ACTION,
  CONSTRAINT `fk_request_detail_request1` FOREIGN KEY (`fk_request_id`) REFERENCES `request` (`request_id`) ON DELETE NO ACTION ON UPDATE NO ACTION
) ENGINE=InnoDB DEFAULT CHARSET=latin1;


DROP TABLE IF EXISTS `request_type`;
CREATE TABLE `request_type` (
  `request_type_id` int(11) NOT NULL AUTO_INCREMENT,
  `request_type_track_number` varchar(100) NOT NULL,
  `request_type_name` varchar(100) NOT NULL,
  `request_type_is_active` int(5) NOT NULL DEFAULT '1',
  `fk_account_system_id` int(100) NOT NULL DEFAULT '1',
  `request_type_created_date` date DEFAULT NULL,
  `request_type_created_by` int(100) DEFAULT NULL,
  `request_type_last_modified_by` int(100) DEFAULT NULL,
  `request_type_last_modified_date` timestamp NULL DEFAULT CURRENT_TIMESTAMP,
  `fk_approval_id` int(100) DEFAULT NULL,
  `fk_status_id` int(100) DEFAULT NULL,
  PRIMARY KEY (`request_type_id`),
  KEY `fk_account_system_id` (`fk_account_system_id`),
  CONSTRAINT `request_type_ibfk_1` FOREIGN KEY (`fk_account_system_id`) REFERENCES `account_system` (`account_system_id`)
) ENGINE=InnoDB DEFAULT CHARSET=latin1;

INSERT INTO `request_type` (`request_type_id`, `request_type_track_number`, `request_type_name`, `request_type_is_active`, `fk_account_system_id`, `request_type_created_date`, `request_type_created_by`, `request_type_last_modified_by`, `request_type_last_modified_date`, `fk_approval_id`, `fk_status_id`) VALUES
(1,	'REPE-35675',	'General',	1,	1,	'2019-11-23',	1,	1,	'2019-11-23 14:37:14',	326,	85),
(2,	'REPE-52210',	'Child Protection',	1,	1,	'2019-11-23',	1,	1,	'2019-11-23 14:37:52',	327,	85),
(3,	'REPE-29451',	'Health',	1,	1,	'2019-11-23',	1,	1,	'2019-11-23 14:38:04',	328,	85);

DROP TABLE IF EXISTS `role`;
CREATE TABLE `role` (
  `role_id` int(100) NOT NULL AUTO_INCREMENT,
  `role_track_number` varchar(100) DEFAULT NULL,
  `role_name` varchar(100) DEFAULT NULL,
  `role_shortname` varchar(50) NOT NULL,
  `role_description` longtext,
  `role_is_active` int(5) DEFAULT NULL,
  `role_is_new_status_default` int(5) DEFAULT '0',
  `role_is_department_strict` int(5) DEFAULT '0',
  `role_created_by` int(100) DEFAULT NULL,
  `role_created_date` date DEFAULT NULL,
  `role_last_modified_date` timestamp NOT NULL DEFAULT CURRENT_TIMESTAMP,
  `role_last_modified_by` varchar(45) DEFAULT NULL,
  `role_deleted_at` date DEFAULT NULL,
  `fk_approval_id` int(100) DEFAULT NULL,
  `fk_status_id` int(100) DEFAULT NULL,
  PRIMARY KEY (`role_id`)
) ENGINE=InnoDB DEFAULT CHARSET=latin1;

INSERT INTO `role` (`role_id`, `role_track_number`, `role_name`, `role_shortname`, `role_description`, `role_is_active`, `role_is_new_status_default`, `role_is_department_strict`, `role_created_by`, `role_created_date`, `role_last_modified_date`, `role_last_modified_by`, `role_deleted_at`, `fk_approval_id`, `fk_status_id`) VALUES
(1,	'ROL-65362',	'Department Manager',	'departmentmanager',	'Department Manager',	1,	0,	1,	1,	'2019-11-04',	'2019-11-06 06:08:14',	'1',	NULL,	150,	46),
(2,	'ROLE-86037',	'Finance Director',	'financedirector',	'Finance Director',	1,	0,	0,	1,	'2019-11-08',	'2019-11-08 10:06:09',	'1',	NULL,	167,	46),
(3,	'ROLE-23190',	'Office Accountant',	'officeaccountant',	'An Office Accountant',	1,	0,	0,	1,	'2019-11-08',	'2019-11-08 11:38:04',	'1',	NULL,	175,	46),
(4,	'ROLE-9951',	'Admin',	'admin',	'This is a country admin',	1,	0,	0,	1,	'2019-11-20',	'2019-11-20 16:41:17',	'1',	NULL,	219,	46),
(5,	'ROLE-6494',	'National Office Accoutant',	'noaccountant',	'National Office Accoutant',	1,	0,	0,	1,	'2019-11-24',	'2019-11-24 21:53:12',	'1',	NULL,	353,	46),
(6,	'ROLE-8522',	'Test Role',	'tesrole',	'This is a test role',	1,	0,	0,	1,	'2019-11-25',	'2019-11-25 13:57:26',	'1',	NULL,	360,	46),
(7,	'ROLE-24515',	'Test Role 1',	'testrole1',	'Test Role 1',	1,	0,	0,	1,	'2019-11-26',	'2019-11-26 12:54:34',	'1',	NULL,	374,	46),
(8,	'ROLE-10917',	'Test Role 2',	'testrole2',	'Test role 2',	1,	0,	0,	1,	'2019-11-26',	'2019-11-26 12:55:01',	'1',	NULL,	375,	46),
(9,	'ROLE-80181',	'Affiliate Accountant',	'afficiliateaccountant',	'This is role which will allow holders add requests, vouchers etc',	1,	0,	0,	1,	'2019-11-26',	'2019-11-26 14:03:54',	'1',	NULL,	386,	46),
(10,	'ROLE-53004',	'System',	'system',	'This is system role',	1,	1,	0,	1,	'2020-03-07',	'2020-03-07 04:21:56',	'1',	NULL,	691,	46);

DROP TABLE IF EXISTS `role_permission`;
CREATE TABLE `role_permission` (
  `role_permission_id` int(100) NOT NULL AUTO_INCREMENT,
  `role_permission_track_number` varchar(100) NOT NULL,
  `role_permission_name` varchar(100) NOT NULL,
  `role_permission_is_active` int(5) NOT NULL,
  `fk_role_id` int(100) NOT NULL,
  `fk_permission_id` int(11) NOT NULL,
  `fk_approval_id` int(100) NOT NULL,
  `fk_status_id` int(100) NOT NULL,
  `role_permission_created_date` date NOT NULL,
  `role_permission_created_by` int(100) NOT NULL,
  `role_permission_last_modified_date` timestamp NOT NULL DEFAULT CURRENT_TIMESTAMP,
  `role_permission_last_modified_by` int(100) NOT NULL,
  PRIMARY KEY (`role_permission_id`),
  KEY `fk_role_id` (`fk_role_id`),
  KEY `fk_permission_id` (`fk_permission_id`),
  CONSTRAINT `role_permission_ibfk_4` FOREIGN KEY (`fk_role_id`) REFERENCES `role` (`role_id`) ON DELETE CASCADE,
  CONSTRAINT `role_permission_ibfk_5` FOREIGN KEY (`fk_permission_id`) REFERENCES `permission` (`permission_id`) ON DELETE CASCADE
) ENGINE=InnoDB DEFAULT CHARSET=latin1;


DROP TABLE IF EXISTS `setting`;
CREATE TABLE `setting` (
  `setting_id` int(11) NOT NULL AUTO_INCREMENT,
  `type` varchar(100) DEFAULT NULL,
  `description` varchar(100) DEFAULT NULL,
  `created_date` date DEFAULT NULL,
  `last_modified_date` date DEFAULT NULL,
  `deleted_date` date DEFAULT NULL,
  `created_by` int(100) DEFAULT NULL,
  `last_modified_by` int(100) DEFAULT NULL,
  PRIMARY KEY (`setting_id`)
) ENGINE=InnoDB DEFAULT CHARSET=latin1;

INSERT INTO `setting` (`setting_id`, `type`, `description`, `created_date`, `last_modified_date`, `deleted_date`, `created_by`, `last_modified_by`) VALUES
(1,	'system_name',	'Grants Management System',	NULL,	NULL,	NULL,	NULL,	NULL),
(2,	'system_title',	'Grants Management System',	NULL,	NULL,	NULL,	NULL,	NULL),
(3,	'address',	'1945 Nairobi',	NULL,	NULL,	NULL,	NULL,	NULL),
(4,	'phone',	'254711808071',	NULL,	NULL,	NULL,	NULL,	NULL),
(7,	'system_email',	'support@compassionkenya.com',	NULL,	NULL,	NULL,	NULL,	NULL),
(9,	'language',	'english',	NULL,	NULL,	NULL,	NULL,	NULL),
(10,	'text_align',	'left-to-right',	NULL,	NULL,	NULL,	NULL,	NULL),
(14,	'skin_colour',	'blue',	NULL,	NULL,	NULL,	NULL,	NULL);

DROP TABLE IF EXISTS `status`;
CREATE TABLE `status` (
  `status_id` int(11) NOT NULL AUTO_INCREMENT,
  `status_track_number` varchar(100) NOT NULL,
  `status_name` varchar(50) NOT NULL,
  `fk_workflow_id` int(11) NOT NULL,
  `fk_approve_item_id` int(11) NOT NULL,
  `status_approval_sequence` int(10) NOT NULL,
  `status_backflow_sequence` int(10) NOT NULL,
  `status_approval_direction` int(5) NOT NULL COMMENT '1-straight jumps, 0 - return jumps, -1 - reverse jump',
  `status_is_requiring_approver_action` int(5) NOT NULL DEFAULT '1',
  `fk_role_id` int(100) NOT NULL,
  `fk_account_system_id` int(100) NOT NULL DEFAULT '1',
  `status_created_date` date NOT NULL,
  `status_created_by` int(100) NOT NULL,
  `status_last_modified_date` timestamp NOT NULL DEFAULT CURRENT_TIMESTAMP ON UPDATE CURRENT_TIMESTAMP,
  `status_last_modified_by` int(100) NOT NULL,
  `fk_approval_id` int(100) DEFAULT NULL,
  `fk_status_id` int(100) DEFAULT NULL,
  PRIMARY KEY (`status_id`),
  KEY `fk_approve_item_id` (`fk_approve_item_id`),
  KEY `fk_role_id` (`fk_role_id`),
  KEY `fk_account_system_id` (`fk_account_system_id`),
  CONSTRAINT `status_ibfk_2` FOREIGN KEY (`fk_approve_item_id`) REFERENCES `approve_item` (`approve_item_id`),
  CONSTRAINT `status_ibfk_3` FOREIGN KEY (`fk_role_id`) REFERENCES `role` (`role_id`),
  CONSTRAINT `status_ibfk_4` FOREIGN KEY (`fk_account_system_id`) REFERENCES `account_system` (`account_system_id`)
) ENGINE=InnoDB DEFAULT CHARSET=latin1;

INSERT INTO `status` (`status_id`, `status_track_number`, `status_name`, `fk_workflow_id`, `fk_approve_item_id`, `status_approval_sequence`, `status_backflow_sequence`, `status_approval_direction`, `status_is_requiring_approver_action`, `fk_role_id`, `fk_account_system_id`, `status_created_date`, `status_created_by`, `status_last_modified_date`, `status_last_modified_by`, `fk_approval_id`, `fk_status_id`) VALUES
(45,	'',	'New',	2,	20,	1,	0,	1,	0,	1,	1,	'2019-11-03',	1,	'2020-03-08 17:52:15',	1,	NULL,	NULL),
(67,	'',	'New',	0,	42,	1,	0,	1,	0,	2,	1,	'2019-11-21',	1,	'2019-11-21 05:45:54',	1,	NULL,	NULL),
(68,	'',	'New',	0,	43,	1,	0,	1,	0,	2,	1,	'2019-11-21',	1,	'2019-11-21 05:48:36',	1,	NULL,	NULL),
(69,	'',	'New',	0,	44,	1,	0,	1,	0,	2,	1,	'2019-11-21',	1,	'2019-11-21 05:52:00',	1,	NULL,	NULL),
(73,	'',	'New',	0,	48,	1,	0,	1,	0,	2,	1,	'2019-11-21',	1,	'2019-11-21 16:09:50',	1,	NULL,	NULL),
(74,	'',	'New',	0,	49,	1,	0,	1,	0,	2,	1,	'2019-11-21',	1,	'2019-11-21 16:14:04',	1,	NULL,	NULL),
(76,	'',	'New',	0,	51,	1,	0,	1,	0,	2,	1,	'2019-11-21',	1,	'2019-11-21 16:37:42',	1,	NULL,	NULL),
(77,	'',	'New',	0,	52,	1,	0,	1,	0,	2,	1,	'2019-11-22',	1,	'2019-11-22 07:22:23',	1,	NULL,	NULL),
(87,	'STUS-43859',	'New',	0,	62,	1,	0,	1,	0,	10,	1,	'2019-11-23',	1,	'2020-03-07 04:24:52',	1,	NULL,	NULL),
(102,	'STUS-39265',	'Approval In-Progress',	0,	62,	2,	0,	1,	0,	10,	1,	'2020-03-07',	1,	'2020-03-07 04:23:50',	1,	692,	57);

DROP TABLE IF EXISTS `status_role`;
CREATE TABLE `status_role` (
  `status_role_id` int(100) NOT NULL AUTO_INCREMENT,
  `status_role_track_number` varchar(100) NOT NULL,
  `status_role_name` varchar(50) NOT NULL,
  `fk_role_id` int(100) NOT NULL,
  `fk_status_id` int(11) NOT NULL,
  `status_role_created_by` int(100) NOT NULL,
  `status_role_created_date` date NOT NULL DEFAULT '0000-00-00',
  `status_role_last_modified_by` int(100) NOT NULL,
  `status_role_last_modified_date` timestamp NOT NULL DEFAULT CURRENT_TIMESTAMP ON UPDATE CURRENT_TIMESTAMP,
  `fk_approval_id` int(11) NOT NULL,
  PRIMARY KEY (`status_role_id`),
  KEY `fk_role_id` (`fk_role_id`),
  CONSTRAINT `status_role_ibfk_4` FOREIGN KEY (`fk_role_id`) REFERENCES `role` (`role_id`) ON DELETE CASCADE
) ENGINE=InnoDB DEFAULT CHARSET=latin1;


DROP TABLE IF EXISTS `transaction_effect`;
CREATE TABLE `transaction_effect` (
  `transaction_effect_id` int(100) NOT NULL AUTO_INCREMENT,
  `transaction_effect_name` varchar(100) DEFAULT NULL,
  `transaction_effect_created_date` date DEFAULT NULL,
  `transaction_effect_last_modified_date` date DEFAULT NULL,
  `transaction_effect_deleted_date` date DEFAULT NULL,
  `transaction_effect_created_by` int(100) DEFAULT NULL,
  `transaction_effect_last_modified_by` int(100) DEFAULT NULL,
  PRIMARY KEY (`transaction_effect_id`)
) ENGINE=InnoDB DEFAULT CHARSET=latin1;

INSERT INTO `transaction_effect` (`transaction_effect_id`, `transaction_effect_name`, `transaction_effect_created_date`, `transaction_effect_last_modified_date`, `transaction_effect_deleted_date`, `transaction_effect_created_by`, `transaction_effect_last_modified_by`) VALUES
(1,	'payment',	NULL,	NULL,	NULL,	NULL,	NULL),
(2,	'revenue',	NULL,	NULL,	NULL,	NULL,	NULL);

DROP TABLE IF EXISTS `translation`;
CREATE TABLE `translation` (
  `translation_id` int(100) NOT NULL AUTO_INCREMENT,
  `language_phrase_id` int(100) DEFAULT NULL,
  `language_id` int(100) DEFAULT NULL,
  `translate` longtext,
  `created_date` date DEFAULT NULL,
  `last_modified_date` date DEFAULT NULL,
  `deleted_date` date DEFAULT NULL,
  `created_by` int(100) DEFAULT NULL,
  `last_modified_by` int(100) DEFAULT NULL,
  PRIMARY KEY (`translation_id`),
  KEY `fk_translation_language1_idx` (`language_id`),
  KEY `fk_translation_language_phrase1_idx` (`language_phrase_id`),
  CONSTRAINT `fk_translation_language1` FOREIGN KEY (`language_id`) REFERENCES `language` (`language_id`) ON DELETE NO ACTION ON UPDATE NO ACTION,
  CONSTRAINT `fk_translation_language_phrase1` FOREIGN KEY (`language_phrase_id`) REFERENCES `language_phrase` (`language_phrase_id`) ON DELETE NO ACTION ON UPDATE NO ACTION
) ENGINE=InnoDB DEFAULT CHARSET=latin1;


DROP TABLE IF EXISTS `user`;
CREATE TABLE `user` (
  `user_id` int(100) NOT NULL AUTO_INCREMENT,
  `user_track_number` varchar(100) NOT NULL,
  `user_name` varchar(100) NOT NULL,
  `shortname` varchar(20) NOT NULL,
  `user_firstname` varchar(100) NOT NULL,
  `user_lastname` varchar(100) NOT NULL,
  `user_email` varchar(100) NOT NULL,
  `fk_context_definition_id` int(100) NOT NULL,
  `user_is_context_manager` int(5) NOT NULL,
  `user_is_system_admin` int(5) NOT NULL DEFAULT '0',
  `fk_language_id` int(100) DEFAULT NULL COMMENT 'User''s default language',
  `user_is_active` int(5) NOT NULL DEFAULT '1',
  `fk_role_id` int(100) DEFAULT NULL,
  `user_password` varchar(100) NOT NULL,
  `user_created_date` date NOT NULL,
  `user_created_by` int(100) NOT NULL,
  `user_last_modified_date` timestamp NOT NULL DEFAULT CURRENT_TIMESTAMP,
  `user_last_modifed_by` int(100) DEFAULT NULL,
  `user_last_modified_by` int(100) NOT NULL,
  `fk_approval_id` int(100) DEFAULT NULL,
  `fk_status_id` int(100) DEFAULT NULL,
  PRIMARY KEY (`user_id`),
  UNIQUE KEY `user_name` (`user_name`),
  UNIQUE KEY `user_email` (`user_email`),
  KEY `fk_language_id` (`fk_language_id`),
  KEY `fk_role_id` (`fk_role_id`),
  KEY `fk_center_group_hierarchy_id` (`fk_context_definition_id`),
  CONSTRAINT `user_ibfk_2` FOREIGN KEY (`fk_role_id`) REFERENCES `role` (`role_id`),
  CONSTRAINT `user_ibfk_3` FOREIGN KEY (`fk_language_id`) REFERENCES `language` (`language_id`),
  CONSTRAINT `user_ibfk_4` FOREIGN KEY (`fk_context_definition_id`) REFERENCES `context_definition` (`context_definition_id`)
) ENGINE=InnoDB DEFAULT CHARSET=latin1;

INSERT INTO `user` (`user_id`, `user_track_number`, `user_name`, `shortname`, `user_firstname`, `user_lastname`, `user_email`, `fk_context_definition_id`, `user_is_context_manager`, `user_is_system_admin`, `fk_language_id`, `user_is_active`, `fk_role_id`, `user_password`, `user_created_date`, `user_created_by`, `user_last_modified_date`, `user_last_modifed_by`, `user_last_modified_by`, `fk_approval_id`, `fk_status_id`) VALUES
(1,	'USR-84763',	'Nicodemus Karisa',	'',	'Nicodemus',	'Karisa',	'nkmwambs@gmail.com',	10,	0,	1,	1,	1,	1,	'fbdf9989ea636d6b339fd6b85f63e06e',	'0000-00-00',	0,	'2019-11-07 07:54:59',	NULL,	0,	NULL,	NULL);

DROP TABLE IF EXISTS `variance_note`;
CREATE TABLE `variance_note` (
  `variance_note_id` int(100) NOT NULL AUTO_INCREMENT,
  `reconciliation_id` int(100) DEFAULT NULL,
  `expense_account_id` int(100) DEFAULT NULL,
  `created_by` varchar(45) DEFAULT NULL,
  `created_date` varchar(45) DEFAULT NULL,
  `last_modified_date` varchar(45) DEFAULT NULL,
  `last_modified_by` varchar(45) DEFAULT NULL,
  `variance_note_detail` longtext,
  PRIMARY KEY (`variance_note_id`),
  KEY `fk_variance_comment_reconciliation1_idx` (`reconciliation_id`),
  KEY `fk_variance_comment_expense_account1_idx` (`expense_account_id`),
  CONSTRAINT `fk_variance_comment_expense_account1` FOREIGN KEY (`expense_account_id`) REFERENCES `expense_account` (`expense_account_id`) ON DELETE NO ACTION ON UPDATE NO ACTION,
  CONSTRAINT `fk_variance_comment_reconciliation1` FOREIGN KEY (`reconciliation_id`) REFERENCES `reconciliation` (`reconciliation_id`) ON DELETE NO ACTION ON UPDATE NO ACTION
) ENGINE=InnoDB DEFAULT CHARSET=latin1;


DROP TABLE IF EXISTS `voucher`;
CREATE TABLE `voucher` (
  `voucher_id` int(100) NOT NULL AUTO_INCREMENT,
  `voucher_track_number` varchar(50) DEFAULT NULL,
  `voucher_name` varchar(100) DEFAULT NULL,
  `voucher_number` int(10) DEFAULT NULL,
  `fk_office_id` int(100) DEFAULT NULL,
  `voucher_date` date DEFAULT NULL,
  `fk_voucher_type_id` int(100) DEFAULT NULL,
  `voucher_cleared` int(5) DEFAULT '0',
  `voucher_cleared_month` date DEFAULT NULL,
  `fk_approval_id` int(100) DEFAULT NULL,
  `fk_status_id` int(100) DEFAULT NULL,
  `fk_office_bank_id` int(100) DEFAULT NULL,
  `voucher_cheque_number` int(100) DEFAULT NULL,
  `voucher_transaction_cleared_date` date DEFAULT '0000-00-00',
  `voucher_transaction_cleared_month` date DEFAULT '0000-00-00',
  `voucher_vendor` varchar(100) DEFAULT NULL,
  `voucher_vendor_address` varchar(100) DEFAULT NULL,
  `voucher_description` varchar(200) DEFAULT NULL,
  `voucher_allow_edit` int(5) DEFAULT '0',
  `voucher_created_by` int(100) DEFAULT NULL,
  `voucher_created_date` date DEFAULT NULL,
  `voucher_last_modified_date` timestamp NULL DEFAULT CURRENT_TIMESTAMP,
  `voucher_last_modified_by` int(100) DEFAULT NULL,
  PRIMARY KEY (`voucher_id`),
  KEY `fk_voucher_center1_idx` (`fk_office_id`),
  KEY `fk_voucher_voucher_type1_idx` (`fk_voucher_type_id`),
  KEY `fk_approval_id` (`fk_approval_id`),
  KEY `fk_status_id` (`fk_status_id`),
  CONSTRAINT `fk_voucher_voucher_type1` FOREIGN KEY (`fk_voucher_type_id`) REFERENCES `voucher_type` (`voucher_type_id`) ON DELETE NO ACTION ON UPDATE NO ACTION,
  CONSTRAINT `voucher_ibfk_1` FOREIGN KEY (`fk_approval_id`) REFERENCES `approval` (`approval_id`) ON DELETE CASCADE,
  CONSTRAINT `voucher_ibfk_2` FOREIGN KEY (`fk_status_id`) REFERENCES `status` (`status_id`) ON DELETE NO ACTION,
  CONSTRAINT `voucher_ibfk_3` FOREIGN KEY (`fk_office_id`) REFERENCES `office` (`office_id`) ON DELETE CASCADE ON UPDATE CASCADE
) ENGINE=InnoDB DEFAULT CHARSET=latin1 COMMENT='This holds transactions ';


DROP TABLE IF EXISTS `voucher_detail`;
CREATE TABLE `voucher_detail` (
  `voucher_detail_id` int(100) NOT NULL AUTO_INCREMENT,
  `voucher_detail_track_number` varchar(100) DEFAULT NULL,
  `voucher_detail_name` varchar(100) DEFAULT NULL,
  `fk_voucher_id` int(100) DEFAULT NULL,
  `voucher_detail_description` varchar(45) DEFAULT NULL,
  `voucher_detail_quantity` int(10) DEFAULT NULL,
  `voucher_detail_unit_cost` decimal(10,2) DEFAULT NULL,
  `voucher_detail_total_cost` decimal(10,2) DEFAULT NULL,
  `fk_expense_account_id` int(100) NOT NULL DEFAULT '0' COMMENT 'Can be income_account_id or expense_account_id depending on the selected voucher type',
  `fk_income_account_id` int(100) NOT NULL DEFAULT '0',
  `fk_bank_contra_account_id` int(100) NOT NULL DEFAULT '0',
  `fk_cash_contra_account_id` int(100) NOT NULL DEFAULT '0',
  `fk_approval_id` int(100) NOT NULL DEFAULT '0',
  `fk_status_id` int(100) NOT NULL DEFAULT '0',
  `fk_request_detail_id` int(100) NOT NULL DEFAULT '0',
  `fk_project_allocation_id` int(100) NOT NULL DEFAULT '0',
  `voucher_detail_last_modified_date` date DEFAULT NULL,
  `voucher_detail_last_modified_by` varchar(45) DEFAULT NULL,
  `voucher_detail_created_by` int(100) DEFAULT NULL,
  `voucher_detail_created_date` date DEFAULT NULL,
  PRIMARY KEY (`voucher_detail_id`),
  KEY `fk_voucher_detail_voucher1_idx` (`fk_voucher_id`),
  KEY `fk_voucher_detail_request_detail1_idx` (`fk_approval_id`),
  CONSTRAINT `voucher_detail_ibfk_3` FOREIGN KEY (`fk_voucher_id`) REFERENCES `voucher` (`voucher_id`)
) ENGINE=InnoDB DEFAULT CHARSET=latin1;


DROP TABLE IF EXISTS `voucher_type`;
CREATE TABLE `voucher_type` (
  `voucher_type_id` int(100) NOT NULL AUTO_INCREMENT,
  `voucher_type_track_number` varchar(100) NOT NULL,
  `voucher_type_name` varchar(45) DEFAULT NULL,
  `voucher_type_is_active` int(5) DEFAULT NULL,
  `voucher_type_abbrev` varchar(5) DEFAULT NULL,
  `fk_voucher_type_account_id` int(100) DEFAULT NULL COMMENT 'Can be bank, cash or contra',
  `fk_voucher_type_effect_id` int(100) DEFAULT NULL COMMENT 'Can be income or expense',
  `voucher_type_created_by` int(100) DEFAULT NULL,
  `voucher_type_created_date` date DEFAULT NULL,
  `voucher_type_last_modified_by` int(100) DEFAULT NULL,
  `voucher_type_last_modified_date` date DEFAULT NULL,
  `fk_approval_id` int(100) DEFAULT NULL,
  `fk_status_id` int(100) DEFAULT NULL,
  PRIMARY KEY (`voucher_type_id`),
  KEY `fk_voucher_type_voucher_type_transaction_effect1_idx` (`fk_voucher_type_effect_id`),
  KEY `voucher_type_account_id` (`fk_voucher_type_account_id`),
  CONSTRAINT `voucher_type_ibfk_1` FOREIGN KEY (`fk_voucher_type_account_id`) REFERENCES `voucher_type_account` (`voucher_type_account_id`),
  CONSTRAINT `voucher_type_ibfk_2` FOREIGN KEY (`fk_voucher_type_effect_id`) REFERENCES `voucher_type_effect` (`voucher_type_effect_id`)
) ENGINE=InnoDB DEFAULT CHARSET=latin1;

INSERT INTO `voucher_type` (`voucher_type_id`, `voucher_type_track_number`, `voucher_type_name`, `voucher_type_is_active`, `voucher_type_abbrev`, `fk_voucher_type_account_id`, `fk_voucher_type_effect_id`, `voucher_type_created_by`, `voucher_type_created_date`, `voucher_type_last_modified_by`, `voucher_type_last_modified_date`, `fk_approval_id`, `fk_status_id`) VALUES
(2,	'VOPE-73018',	'Payment by Cash',	1,	'PCE',	2,	2,	1,	'2020-01-15',	1,	NULL,	523,	62),
(3,	'VOPE-52694',	'Bank payment',	1,	'CHQ',	1,	2,	1,	'2020-01-15',	1,	NULL,	524,	62),
(4,	'VOPE-3307',	'Petty Cash Top Up',	1,	'CTP',	2,	3,	1,	'2020-01-15',	1,	NULL,	525,	62),
(5,	'VOPE-56398',	'Bank Cash Received',	1,	'BCR',	1,	1,	1,	'2020-01-15',	1,	NULL,	526,	62),
(6,	'VOPE-19114',	'Bank Charges',	1,	'BCHG',	1,	2,	1,	'2020-01-15',	1,	NULL,	527,	62),
(7,	'VOPE-29303',	'Bank Interest Receiveable',	1,	'BIT',	1,	1,	1,	'2020-01-15',	1,	NULL,	528,	62),
(8,	'VOPE-75339',	'Petty Cash Income',	1,	'PCR',	2,	1,	1,	'2020-01-15',	1,	NULL,	529,	62),
(9,	'VOPE-3307',	'Petty Cash Rebanking',	1,	'CTP',	1,	4,	1,	'2020-01-15',	1,	NULL,	525,	62);

DROP TABLE IF EXISTS `voucher_type_account`;
CREATE TABLE `voucher_type_account` (
  `voucher_type_account_id` int(100) NOT NULL AUTO_INCREMENT,
  `voucher_type_account_track_number` varchar(100) NOT NULL,
  `voucher_type_account_name` varchar(100) NOT NULL,
  `voucher_type_account_code` varchar(10) NOT NULL COMMENT 'cash or bank',
  `voucher_type_account_created_date` date DEFAULT NULL,
  `voucher_type_account_created_by` int(100) DEFAULT NULL,
  `voucher_type_account_last_modified_by` int(100) DEFAULT NULL,
  `voucher_type_account_last_modified_date` date DEFAULT NULL,
  `fk_approval_id` int(100) DEFAULT NULL,
  `fk_status_id` int(100) DEFAULT NULL,
  PRIMARY KEY (`voucher_type_account_id`)
) ENGINE=InnoDB DEFAULT CHARSET=latin1;

INSERT INTO `voucher_type_account` (`voucher_type_account_id`, `voucher_type_account_track_number`, `voucher_type_account_name`, `voucher_type_account_code`, `voucher_type_account_created_date`, `voucher_type_account_created_by`, `voucher_type_account_last_modified_by`, `voucher_type_account_last_modified_date`, `fk_approval_id`, `fk_status_id`) VALUES
(1,	'VONT-69699',	'Bank',	'bank',	'2020-01-15',	1,	1,	NULL,	518,	0),
(2,	'VONT-11776',	'Cash',	'cash',	'2020-01-15',	1,	1,	NULL,	519,	0);

DROP TABLE IF EXISTS `voucher_type_effect`;
CREATE TABLE `voucher_type_effect` (
  `voucher_type_effect_id` int(100) NOT NULL AUTO_INCREMENT,
  `voucher_type_effect_track_number` varchar(100) NOT NULL,
  `voucher_type_effect_name` varchar(100) NOT NULL,
  `voucher_type_effect_code` varchar(50) NOT NULL,
  `voucher_type_effect_created_date` date DEFAULT NULL,
  `voucher_type_effect_created_by` int(100) DEFAULT NULL,
  `voucher_type_effect_last_modified_by` int(100) DEFAULT NULL,
  `voucher_type_effect_last_modified_date` date DEFAULT NULL,
  `fk_approval_id` int(100) DEFAULT NULL,
  `fk_status_id` int(100) DEFAULT NULL,
  PRIMARY KEY (`voucher_type_effect_id`)
) ENGINE=InnoDB DEFAULT CHARSET=latin1;

INSERT INTO `voucher_type_effect` (`voucher_type_effect_id`, `voucher_type_effect_track_number`, `voucher_type_effect_name`, `voucher_type_effect_code`, `voucher_type_effect_created_date`, `voucher_type_effect_created_by`, `voucher_type_effect_last_modified_by`, `voucher_type_effect_last_modified_date`, `fk_approval_id`, `fk_status_id`) VALUES
(1,	'VOCT-80726',	'Income',	'income',	'2020-01-15',	1,	1,	NULL,	520,	0),
(2,	'VOCT-37953',	'Expense',	'expense',	'2020-01-15',	1,	1,	NULL,	521,	0),
(3,	'VOCT-51241',	'Bank Contra',	'bank_contra',	'2020-01-15',	1,	1,	NULL,	522,	0),
(4,	'VOCT-12589',	'Cash Contra',	'cash_contra',	'2020-01-16',	1,	1,	NULL,	546,	0);

DROP TABLE IF EXISTS `workflow`;
CREATE TABLE `workflow` (
  `workflow_id` int(100) NOT NULL AUTO_INCREMENT,
  `workflow_name` varchar(100) NOT NULL,
  `workflow_track_number` varchar(100) NOT NULL,
  `fk_approve_item_id` int(100) NOT NULL,
  `fk_context_definition_id` int(100) NOT NULL,
  `workflow_is_active` int(5) NOT NULL DEFAULT '1',
  `workflow_created_date` date DEFAULT NULL,
  `workflow_created_by` int(100) DEFAULT NULL,
  `workflow_last_modified_by` int(100) DEFAULT NULL,
  `workflow_last_modified_date` date DEFAULT NULL,
  `fk_approval_id` int(100) DEFAULT NULL,
  PRIMARY KEY (`workflow_id`),
  KEY `fk_approve_item_id` (`fk_approve_item_id`),
  KEY `fk_context_definition_id` (`fk_context_definition_id`),
  CONSTRAINT `workflow_ibfk_1` FOREIGN KEY (`fk_approve_item_id`) REFERENCES `approve_item` (`approve_item_id`),
  CONSTRAINT `workflow_ibfk_2` FOREIGN KEY (`fk_context_definition_id`) REFERENCES `context_definition` (`context_definition_id`)
) ENGINE=InnoDB DEFAULT CHARSET=latin1;

INSERT INTO `workflow` (`workflow_id`, `workflow_name`, `workflow_track_number`, `fk_approve_item_id`, `fk_context_definition_id`, `workflow_is_active`, `workflow_created_date`, `workflow_created_by`, `workflow_last_modified_by`, `workflow_last_modified_date`, `fk_approval_id`) VALUES
(2,	'Dummy Process',	'WOOW-76767',	3,	13,	1,	'2020-03-08',	1,	1,	NULL,	758),
(3,	'Center Request Approval Process',	'WOOW-25651',	3,	13,	1,	'2020-03-08',	1,	1,	NULL,	758),
(4,	'Center Voucher Approval Process',	'WOOW-49336',	2,	13,	1,	'2020-03-08',	1,	1,	NULL,	759),
(5,	'Center Budget Item Approval Process',	'WOOW-37060',	5,	13,	1,	'2020-03-08',	1,	1,	NULL,	760);

DROP TABLE IF EXISTS `workplan`;
CREATE TABLE `workplan` (
  `workplan_id` int(100) NOT NULL,
  `workplan_track_number` varchar(100) DEFAULT NULL,
  `workplan_name` varchar(100) DEFAULT NULL,
  `fk_budget_id` int(100) DEFAULT NULL,
  `workplan_description` longtext,
  `workplan_start_date` date DEFAULT NULL,
  `workplan_end_date` date DEFAULT NULL,
  `workplan_created_date` date DEFAULT NULL,
  `workplan_created_by` int(100) DEFAULT NULL,
  `workplan_last_modified_date` date DEFAULT NULL,
  `workplan_last_modified_by` int(100) DEFAULT NULL,
  `fk_approval_id` int(100) DEFAULT NULL,
  `fk_status_id` int(100) DEFAULT NULL,
  PRIMARY KEY (`workplan_id`)
) ENGINE=InnoDB DEFAULT CHARSET=latin1;


DROP TABLE IF EXISTS `workplan_task`;
CREATE TABLE `workplan_task` (
  `workplan_task_id` int(100) NOT NULL AUTO_INCREMENT,
  `fk_workplan_id` int(100) NOT NULL,
  `workplan_task_track_number` varchar(100) NOT NULL,
  `workplan_task_name` varchar(100) NOT NULL,
  `workplan_task_description` longtext NOT NULL,
  `workplan_task_start_date` date NOT NULL,
  `workplan_taskend_date` date NOT NULL,
  `workplan_task_user` int(100) NOT NULL,
  `workplan_task_status` int(5) NOT NULL DEFAULT '1',
  `workplan_task_note` longtext NOT NULL,
  PRIMARY KEY (`workplan_task_id`),
  KEY `fk_workplan_id` (`fk_workplan_id`),
  KEY `workplan_detail_task_user` (`workplan_task_user`),
  CONSTRAINT `workplan_task_ibfk_1` FOREIGN KEY (`fk_workplan_id`) REFERENCES `workplan` (`workplan_id`),
  CONSTRAINT `workplan_task_ibfk_2` FOREIGN KEY (`workplan_task_user`) REFERENCES `user` (`user_id`)
) ENGINE=InnoDB DEFAULT CHARSET=latin1;


-- 2020-03-11 19:40:57
