-- Adminer 4.6.3 MySQL dump

SET NAMES utf8;
SET time_zone = '+00:00';
SET foreign_key_checks = 0;
SET sql_mode = 'NO_AUTO_VALUE_ON_ZERO';

DROP TABLE IF EXISTS `approval`;
CREATE TABLE `approval` (
  `approval_id` int(11) NOT NULL AUTO_INCREMENT,
  `approval_track_number` varchar(100) NOT NULL,
  `approval_name` varchar(100) NOT NULL,
  `fk_approve_item_id` int(11) NOT NULL,
  `fk_status_id` int(11) NOT NULL DEFAULT '87',
  `approval_created_by` int(100) NOT NULL,
  `approval_created_date` date NOT NULL,
  `approval_last_modified_date` timestamp NOT NULL DEFAULT CURRENT_TIMESTAMP ON UPDATE CURRENT_TIMESTAMP,
  `approval_last_modified_by` int(100) NOT NULL,
  PRIMARY KEY (`approval_id`),
  KEY `fk_approve_item_id` (`fk_approve_item_id`),
  KEY `fk_status_id` (`fk_status_id`),
  CONSTRAINT `approval_ibfk_1` FOREIGN KEY (`fk_approve_item_id`) REFERENCES `approve_item` (`approve_item_id`),
  CONSTRAINT `approval_ibfk_2` FOREIGN KEY (`fk_approve_item_id`) REFERENCES `approve_item` (`approve_item_id`),
  CONSTRAINT `approval_ibfk_3` FOREIGN KEY (`fk_status_id`) REFERENCES `status` (`status_id`)
) ENGINE=InnoDB DEFAULT CHARSET=latin1;

INSERT INTO `approval` (`approval_id`, `approval_track_number`, `approval_name`, `fk_approve_item_id`, `fk_status_id`, `approval_created_by`, `approval_created_date`, `approval_last_modified_date`, `approval_last_modified_by`) VALUES
(146,	'APR-45830',	'Approval Ticket # APR-45830',	22,	87,	1,	'2019-11-07',	'2019-11-07 11:34:49',	1),
(147,	'APR-88163',	'Approval Ticket # APR-88163',	23,	87,	1,	'2019-11-07',	'2019-11-07 11:36:09',	1),
(148,	'APR-13132',	'Approval Ticket # APR-13132',	22,	87,	1,	'2019-11-07',	'2019-11-07 12:03:32',	1),
(149,	'APR-15968',	'Approval Ticket # APR-15968',	23,	87,	1,	'2019-11-07',	'2019-11-07 12:04:08',	1),
(150,	'APR-64360',	'Approval Ticket # APR-64360',	21,	87,	1,	'2019-11-07',	'2019-11-07 13:26:58',	8),
(151,	'APR-6172',	'Approval Ticket # APR-6172',	20,	87,	1,	'2019-11-07',	'2019-11-07 12:53:15',	1),
(152,	'APR-64367',	'Approval Ticket # APR-64367',	26,	87,	1,	'2019-11-07',	'2019-11-07 13:26:58',	1),
(154,	'APR-80682',	'Approval Ticket # APR-80682',	19,	87,	1,	'2019-11-07',	'2019-11-11 09:30:15',	1),
(156,	'APAL-81132',	'Approval Ticket # APAL-81132',	19,	87,	1,	'2019-11-07',	'2019-11-07 14:05:14',	1),
(157,	'APAL-76190',	'Approval Ticket # APAL-76190',	22,	87,	1,	'2019-11-07',	'2019-11-07 14:06:25',	1),
(158,	'APAL-52378',	'Approval Ticket # APAL-52378',	19,	87,	1,	'2019-11-07',	'2019-11-07 14:07:04',	1),
(160,	'APAL-25105',	'Approval Ticket # APAL-25105',	29,	87,	1,	'2019-11-08',	'2019-11-08 07:21:31',	1),
(161,	'APAL-38118',	'Approval Ticket # APAL-38118',	29,	87,	1,	'2019-11-08',	'2019-11-08 07:24:42',	1),
(162,	'APAL-75620',	'Approval Ticket # APAL-75620',	29,	87,	1,	'2019-11-08',	'2019-11-08 07:55:20',	1),
(163,	'APAL-10692',	'Approval Ticket # APAL-10692',	23,	87,	1,	'2019-11-08',	'2019-11-08 09:23:41',	1),
(164,	'APAL-84180',	'Approval Ticket # APAL-84180',	23,	87,	1,	'2019-11-08',	'2019-11-08 09:24:14',	1),
(165,	'APAL-79894',	'Approval Ticket # APAL-79894',	22,	87,	1,	'2019-11-08',	'2019-11-08 09:35:12',	1),
(166,	'APAL-6771',	'Approval Ticket # APAL-6771',	23,	87,	1,	'2019-11-08',	'2019-11-08 09:57:44',	1),
(167,	'APAL-57745',	'Approval Ticket # APAL-57745',	21,	87,	1,	'2019-11-08',	'2019-11-08 10:06:09',	1),
(168,	'APAL-85894',	'Approval Ticket # APAL-85894',	23,	87,	1,	'2019-11-08',	'2019-11-08 10:09:04',	1),
(169,	'APAL-2174',	'Approval Ticket # APAL-2174',	23,	87,	1,	'2019-11-08',	'2019-11-08 10:09:34',	1),
(170,	'APAL-88744',	'Approval Ticket # APAL-88744',	26,	87,	2,	'2019-11-08',	'2019-11-08 11:03:07',	2),
(171,	'APAL-84595',	'Approval Ticket # APAL-84595',	22,	87,	1,	'2019-11-08',	'2019-11-08 11:32:48',	1),
(172,	'APAL-52466',	'Approval Ticket # APAL-52466',	22,	87,	1,	'2019-11-08',	'2019-11-08 11:33:33',	1),
(173,	'APAL-14516',	'Approval Ticket # APAL-14516',	23,	87,	1,	'2019-11-08',	'2019-11-08 11:34:43',	1),
(174,	'APAL-32516',	'Approval Ticket # APAL-32516',	23,	87,	1,	'2019-11-08',	'2019-11-08 11:35:07',	1),
(175,	'APAL-18028',	'Approval Ticket # APAL-18028',	21,	87,	1,	'2019-11-08',	'2019-11-08 11:38:04',	1),
(176,	'APAL-88261',	'Approval Ticket # APAL-88261',	29,	87,	1,	'2019-11-08',	'2019-11-08 11:57:17',	1),
(177,	'APAL-8283',	'Approval Ticket # APAL-8283',	29,	87,	1,	'2019-11-08',	'2019-11-08 12:14:22',	1),
(178,	'APAL-82917',	'Approval Ticket # APAL-82917',	29,	87,	1,	'2019-11-08',	'2019-11-08 12:16:01',	1),
(179,	'APAL-8602',	'Approval Ticket # APAL-8602',	29,	87,	1,	'2019-11-08',	'2019-11-08 12:18:44',	1),
(180,	'APAL-42378',	'Approval Ticket # APAL-42378',	29,	87,	1,	'2019-11-08',	'2019-11-08 12:23:24',	1),
(181,	'APAL-28521',	'Approval Ticket # APAL-28521',	29,	87,	1,	'2019-11-08',	'2019-11-08 12:24:18',	1),
(182,	'APAL-76538',	'Approval Ticket # APAL-76538',	29,	87,	1,	'2019-11-08',	'2019-11-08 12:26:22',	1),
(185,	'APAL-67074',	'Approval Ticket # APAL-67074',	22,	87,	1,	'2019-11-08',	'2019-11-08 12:35:17',	1),
(186,	'APAL-89308',	'Approval Ticket # APAL-89308',	22,	87,	1,	'2019-11-08',	'2019-11-08 12:37:51',	1),
(187,	'APAL-54182',	'Approval Ticket # APAL-54182',	23,	87,	1,	'2019-11-08',	'2019-11-08 12:39:25',	1),
(188,	'APAL-61432',	'Approval Ticket # APAL-61432',	22,	87,	1,	'2019-11-08',	'2019-11-08 12:43:11',	1),
(189,	'APAL-43136',	'Approval Ticket # APAL-43136',	22,	87,	1,	'2019-11-08',	'2019-11-08 12:47:29',	1),
(190,	'APAL-6496',	'Approval Ticket # APAL-6496',	23,	87,	1,	'2019-11-08',	'2019-11-08 12:48:05',	1),
(191,	'APAL-62132',	'Approval Ticket # APAL-62132',	23,	87,	1,	'2019-11-08',	'2019-11-08 12:48:32',	1),
(192,	'APAL-78015',	'Approval Ticket # APAL-78015',	22,	87,	1,	'2019-11-08',	'2019-11-08 13:30:17',	1),
(193,	'APAL-78908',	'Approval Ticket # APAL-78908',	23,	87,	1,	'2019-11-08',	'2019-11-08 13:31:03',	1),
(194,	'APAL-6342',	'Approval Ticket # APAL-6342',	23,	87,	1,	'2019-11-08',	'2019-11-08 14:17:53',	1),
(195,	'APAL-82116',	'Approval Ticket # APAL-82116',	23,	87,	1,	'2019-11-08',	'2019-11-08 14:18:12',	1),
(196,	'APAL-65833',	'Approval Ticket # APAL-65833',	2,	87,	2,	'2019-11-08',	'2019-11-08 15:43:40',	2),
(197,	'APAL-54353',	'Approval Ticket # APAL-54353',	22,	87,	1,	'2019-11-08',	'2019-11-08 17:26:32',	1),
(198,	'APAL-85692',	'Approval Ticket # APAL-85692',	23,	87,	1,	'2019-11-08',	'2019-11-08 17:28:08',	1),
(199,	'APAL-40108',	'Approval Ticket # APAL-40108',	22,	87,	1,	'2019-11-08',	'2019-11-08 17:29:44',	1),
(200,	'APAL-69287',	'Approval Ticket # APAL-69287',	23,	87,	1,	'2019-11-08',	'2019-11-08 17:31:28',	1),
(201,	'APAL-13425',	'Approval Ticket # APAL-13425',	23,	87,	1,	'2019-11-08',	'2019-11-08 17:31:49',	1),
(203,	'APAL-63537',	'Approval Ticket # APAL-63537',	2,	87,	1,	'2019-11-11',	'2019-11-11 07:43:19',	1),
(205,	'APAL-59716',	'Approval Ticket # APAL-59716',	22,	87,	1,	'2019-11-11',	'2019-11-11 09:49:39',	1),
(206,	'APAL-75533',	'Approval Ticket # APAL-75533',	23,	87,	1,	'2019-11-11',	'2019-11-11 09:50:29',	1),
(207,	'APAL-59488',	'Approval Ticket # APAL-59488',	4,	87,	1,	'2019-11-12',	'2019-11-12 01:17:55',	1),
(208,	'APAL-30369',	'Approval Ticket # APAL-30369',	33,	87,	1,	'2019-11-13',	'2019-11-13 21:49:51',	1),
(209,	'APAL-13369',	'Approval Ticket # APAL-13369',	33,	87,	1,	'2019-11-13',	'2019-11-13 21:50:25',	1),
(210,	'APAL-65785',	'Approval Ticket # APAL-65785',	33,	87,	1,	'2019-11-13',	'2019-11-13 21:51:40',	1),
(211,	'APAL-57065',	'Approval Ticket # APAL-57065',	33,	87,	1,	'2019-11-13',	'2019-11-13 21:51:49',	1),
(212,	'APAL-67930',	'Approval Ticket # APAL-67930',	33,	87,	1,	'2019-11-13',	'2019-11-13 21:52:11',	1),
(217,	'APAL-36755',	'Approval Ticket # APAL-36755',	33,	87,	1,	'2019-11-13',	'2019-11-13 22:43:42',	1),
(218,	'APAL-31473',	'Approval Ticket # APAL-31473',	29,	87,	1,	'2019-11-20',	'2019-11-20 16:40:43',	1),
(219,	'APAL-89876',	'Approval Ticket # APAL-89876',	21,	87,	1,	'2019-11-20',	'2019-11-20 16:41:17',	1),
(220,	'APAL-66521',	'Approval Ticket # APAL-66521',	22,	87,	1,	'2019-11-20',	'2019-11-20 16:51:26',	1),
(221,	'APAL-32589',	'Approval Ticket # APAL-32589',	23,	87,	1,	'2019-11-20',	'2019-11-20 16:52:41',	1),
(222,	'APAL-8542',	'Approval Ticket # APAL-8542',	22,	87,	1,	'2019-11-20',	'2019-11-20 17:04:36',	1),
(223,	'APAL-7134',	'Approval Ticket # APAL-7134',	23,	87,	1,	'2019-11-20',	'2019-11-20 17:05:06',	1),
(224,	'APAL-65378',	'Approval Ticket # APAL-65378',	23,	87,	1,	'2019-11-20',	'2019-11-20 17:12:14',	1),
(225,	'APAL-9934',	'Approval Ticket # APAL-9934',	36,	87,	1,	'2019-11-21',	'2019-11-20 23:15:14',	1),
(226,	'APAL-85574',	'Approval Ticket # APAL-85574',	8,	87,	1,	'2019-11-21',	'2019-11-20 23:37:31',	1),
(228,	'APAL-24385',	'Approval Ticket # APAL-24385',	42,	87,	1,	'2019-11-21',	'2019-11-21 05:46:23',	1),
(229,	'APAL-85274',	'Approval Ticket # APAL-85274',	43,	87,	1,	'2019-11-21',	'2019-11-21 05:48:53',	1),
(230,	'APAL-86475',	'Approval Ticket # APAL-86475',	43,	87,	1,	'2019-11-21',	'2019-11-21 05:49:11',	1),
(231,	'APAL-27869',	'Approval Ticket # APAL-27869',	43,	87,	1,	'2019-11-21',	'2019-11-21 05:49:28',	1),
(232,	'APAL-35730',	'Approval Ticket # APAL-35730',	44,	87,	1,	'2019-11-21',	'2019-11-21 05:52:10',	1),
(233,	'APAL-61204',	'Approval Ticket # APAL-61204',	44,	87,	1,	'2019-11-21',	'2019-11-21 05:52:27',	1),
(234,	'APAL-40979',	'Approval Ticket # APAL-40979',	44,	87,	1,	'2019-11-21',	'2019-11-21 05:52:42',	1),
(235,	'APAL-77301',	'Approval Ticket # APAL-77301',	44,	87,	1,	'2019-11-21',	'2019-11-21 05:52:56',	1),
(236,	'APAL-62839',	'Approval Ticket # APAL-62839',	44,	87,	1,	'2019-11-21',	'2019-11-21 05:53:09',	1),
(237,	'APAL-34528',	'Approval Ticket # APAL-34528',	44,	87,	1,	'2019-11-21',	'2019-11-21 05:53:23',	1),
(238,	'APAL-7340',	'Approval Ticket # APAL-7340',	44,	87,	1,	'2019-11-21',	'2019-11-21 05:53:39',	1),
(239,	'APAL-38476',	'Approval Ticket # APAL-38476',	44,	87,	1,	'2019-11-21',	'2019-11-21 05:53:53',	1),
(240,	'APAL-87161',	'Approval Ticket # APAL-87161',	44,	87,	1,	'2019-11-21',	'2019-11-21 05:54:09',	1),
(241,	'APAL-83476',	'Approval Ticket # APAL-83476',	44,	87,	1,	'2019-11-21',	'2019-11-21 05:54:22',	1),
(242,	'APAL-27540',	'Approval Ticket # APAL-27540',	44,	87,	1,	'2019-11-21',	'2019-11-21 05:54:38',	1),
(243,	'APAL-76991',	'Approval Ticket # APAL-76991',	44,	87,	1,	'2019-11-21',	'2019-11-21 05:54:49',	1),
(244,	'APAL-39831',	'Approval Ticket # APAL-39831',	45,	87,	1,	'2019-11-21',	'2019-11-21 05:57:27',	1),
(245,	'APAL-51059',	'Approval Ticket # APAL-51059',	45,	87,	1,	'2019-11-21',	'2019-11-21 05:57:47',	1),
(246,	'APAL-83258',	'Approval Ticket # APAL-83258',	45,	87,	1,	'2019-11-21',	'2019-11-21 05:58:04',	1),
(247,	'APAL-69410',	'Approval Ticket # APAL-69410',	45,	87,	1,	'2019-11-21',	'2019-11-21 05:58:37',	1),
(248,	'APAL-85849',	'Approval Ticket # APAL-85849',	41,	87,	1,	'2019-11-21',	'2019-11-21 05:59:33',	1),
(249,	'APAL-63574',	'Approval Ticket # APAL-63574',	41,	87,	1,	'2019-11-21',	'2019-11-21 05:59:53',	1),
(250,	'APAL-7518',	'Approval Ticket # APAL-7518',	41,	87,	1,	'2019-11-21',	'2019-11-21 06:00:07',	1),
(251,	'APAL-5835',	'Approval Ticket # APAL-5835',	41,	87,	1,	'2019-11-21',	'2019-11-21 06:00:20',	1),
(252,	'APAL-31557',	'Approval Ticket # APAL-31557',	41,	87,	1,	'2019-11-21',	'2019-11-21 06:00:46',	1),
(253,	'APAL-76952',	'Approval Ticket # APAL-76952',	41,	87,	1,	'2019-11-21',	'2019-11-21 06:01:02',	1),
(254,	'APAL-42567',	'Approval Ticket # APAL-42567',	20,	87,	1,	'2019-11-21',	'2019-11-21 06:03:27',	1),
(255,	'APAL-71017',	'Approval Ticket # APAL-71017',	20,	87,	1,	'2019-11-21',	'2019-11-21 06:07:41',	1),
(256,	'APAL-1188',	'Approval Ticket # APAL-1188',	34,	87,	1,	'2019-11-21',	'2019-11-21 06:49:58',	1),
(257,	'APAL-25177',	'Approval Ticket # APAL-25177',	34,	87,	1,	'2019-11-21',	'2019-11-21 06:50:26',	1),
(258,	'APAL-48302',	'Approval Ticket # APAL-48302',	34,	87,	1,	'2019-11-21',	'2019-11-21 06:50:34',	1),
(259,	'APAL-78879',	'Approval Ticket # APAL-78879',	34,	87,	1,	'2019-11-21',	'2019-11-21 06:50:43',	1),
(260,	'APAL-53209',	'Approval Ticket # APAL-53209',	34,	87,	1,	'2019-11-21',	'2019-11-21 06:50:52',	1),
(261,	'APAL-54921',	'Approval Ticket # APAL-54921',	46,	87,	1,	'2019-11-21',	'2019-11-21 14:52:09',	1),
(262,	'APAL-49242',	'Approval Ticket # APAL-49242',	48,	87,	1,	'2019-11-21',	'2019-11-21 16:12:57',	1),
(263,	'APAL-43999',	'Approval Ticket # APAL-43999',	48,	87,	1,	'2019-11-21',	'2019-11-21 16:13:17',	1),
(264,	'APAL-76052',	'Approval Ticket # APAL-76052',	50,	87,	1,	'2019-11-21',	'2019-11-21 16:32:08',	1),
(265,	'APAL-69182',	'Approval Ticket # APAL-69182',	34,	87,	1,	'2019-11-21',	'2019-11-21 16:39:07',	1),
(266,	'APAL-42258',	'Approval Ticket # APAL-42258',	51,	87,	1,	'2019-11-21',	'2019-11-21 16:40:33',	1),
(267,	'APAL-36866',	'Approval Ticket # APAL-36866',	51,	87,	1,	'2019-11-21',	'2019-11-21 16:40:44',	1),
(268,	'APAL-18527',	'Approval Ticket # APAL-18527',	51,	87,	1,	'2019-11-21',	'2019-11-21 16:40:59',	1),
(269,	'APAL-22843',	'Approval Ticket # APAL-22843',	51,	87,	1,	'2019-11-21',	'2019-11-21 16:41:23',	1),
(270,	'APAL-55853',	'Approval Ticket # APAL-55853',	51,	87,	1,	'2019-11-21',	'2019-11-21 16:41:40',	1),
(271,	'APAL-55159',	'Approval Ticket # APAL-55159',	51,	87,	1,	'2019-11-21',	'2019-11-21 16:41:58',	1),
(272,	'APAL-6087',	'Approval Ticket # APAL-6087',	49,	87,	1,	'2019-11-21',	'2019-11-21 17:08:57',	1),
(273,	'APAL-18194',	'Approval Ticket # APAL-18194',	49,	87,	1,	'2019-11-21',	'2019-11-21 19:34:45',	1),
(274,	'APAL-32760',	'Approval Ticket # APAL-32760',	23,	87,	1,	'2019-11-21',	'2019-11-21 19:51:30',	1),
(275,	'APAL-46338',	'Approval Ticket # APAL-46338',	20,	87,	1,	'2019-11-21',	'2019-11-21 21:51:46',	1),
(276,	'APAL-15025',	'Approval Ticket # APAL-15025',	23,	87,	1,	'2019-11-21',	'2019-11-21 22:30:27',	1),
(277,	'APAL-78065',	'Approval Ticket # APAL-78065',	52,	87,	1,	'2019-11-22',	'2019-11-22 07:22:45',	1),
(278,	'APAL-48810',	'Approval Ticket # APAL-48810',	53,	87,	1,	'2019-11-22',	'2019-11-22 07:52:38',	1),
(279,	'APAL-11749',	'Approval Ticket # APAL-11749',	53,	87,	1,	'2019-11-22',	'2019-11-22 07:53:50',	1),
(280,	'APAL-2994',	'Approval Ticket # APAL-2994',	52,	87,	1,	'2019-11-22',	'2019-11-22 08:39:57',	1),
(281,	'APAL-51642',	'Approval Ticket # APAL-51642',	52,	87,	1,	'2019-11-22',	'2019-11-22 08:40:52',	1),
(282,	'APAL-80033',	'Approval Ticket # APAL-80033',	54,	87,	1,	'2019-11-22',	'2019-11-22 08:44:08',	1),
(283,	'APAL-77747',	'Approval Ticket # APAL-77747',	53,	87,	1,	'2019-11-22',	'2019-11-22 09:31:50',	1),
(284,	'APAL-61754',	'Approval Ticket # APAL-61754',	23,	87,	1,	'2019-11-22',	'2019-11-22 10:15:49',	1),
(285,	'APAL-36415',	'Approval Ticket # APAL-36415',	23,	87,	1,	'2019-11-22',	'2019-11-22 10:33:01',	1),
(286,	'APAL-5659',	'Approval Ticket # APAL-5659',	45,	87,	1,	'2019-11-22',	'2019-11-22 16:17:13',	1),
(287,	'APAL-3267',	'Approval Ticket # APAL-3267',	45,	87,	1,	'2019-11-22',	'2019-11-22 16:18:01',	1),
(288,	'APAL-26841',	'Approval Ticket # APAL-26841',	45,	87,	1,	'2019-11-22',	'2019-11-22 16:24:58',	1),
(295,	'APAL-38513',	'Approval Ticket # APAL-38513',	45,	87,	1,	'2019-11-22',	'2019-11-22 17:28:20',	1),
(296,	'APAL-47909',	'Approval Ticket # APAL-47909',	8,	87,	1,	'2019-11-22',	'2019-11-22 17:38:55',	1),
(297,	'APAL-42142',	'Approval Ticket # APAL-42142',	8,	87,	1,	'2019-11-22',	'2019-11-22 17:53:20',	1),
(298,	'APAL-53526',	'Approval Ticket # APAL-53526',	8,	87,	1,	'2019-11-22',	'2019-11-22 17:56:32',	1),
(299,	'APAL-19128',	'Approval Ticket # APAL-19128',	8,	87,	1,	'2019-11-22',	'2019-11-22 17:58:41',	1),
(300,	'APAL-50869',	'Approval Ticket # APAL-50869',	8,	87,	1,	'2019-11-22',	'2019-11-22 18:00:10',	1),
(301,	'APAL-14434',	'Approval Ticket # APAL-14434',	8,	87,	1,	'2019-11-22',	'2019-11-22 18:00:32',	1),
(302,	'APAL-69852',	'Approval Ticket # APAL-69852',	8,	87,	1,	'2019-11-22',	'2019-11-22 18:06:42',	1),
(307,	'APAL-50025',	'Approval Ticket # APAL-50025',	40,	87,	1,	'2019-11-22',	'2019-11-22 21:18:48',	1),
(312,	'APAL-27814',	'Approval Ticket # APAL-27814',	57,	87,	1,	'2019-11-23',	'2019-11-23 10:04:46',	1),
(313,	'APAL-23057',	'Approval Ticket # APAL-23057',	8,	87,	1,	'2019-11-23',	'2019-11-23 10:05:58',	1),
(323,	'APAL-84939',	'Approval Ticket # APAL-84939',	57,	87,	1,	'2019-11-23',	'2019-11-23 10:48:12',	1),
(324,	'APAL-66198',	'Approval Ticket # APAL-66198',	57,	87,	1,	'2019-11-23',	'2019-11-23 11:14:54',	1),
(325,	'APAL-30340',	'Approval Ticket # APAL-30340',	59,	87,	1,	'2019-11-23',	'2019-11-23 14:18:13',	1),
(326,	'APAL-37997',	'Approval Ticket # APAL-37997',	60,	87,	1,	'2019-11-23',	'2019-11-23 14:37:14',	1),
(327,	'APAL-26443',	'Approval Ticket # APAL-26443',	60,	87,	1,	'2019-11-23',	'2019-11-23 14:37:52',	1),
(328,	'APAL-17798',	'Approval Ticket # APAL-17798',	60,	87,	1,	'2019-11-23',	'2019-11-23 14:38:04',	1),
(329,	'APAL-35934',	'Approval Ticket # APAL-35934',	57,	87,	1,	'2019-11-23',	'2019-11-23 15:45:57',	1),
(330,	'APAL-38545',	'Approval Ticket # APAL-38545',	61,	87,	1,	'2019-11-23',	'2019-11-23 15:46:36',	1),
(331,	'APAL-61954',	'Approval Ticket # APAL-61954',	57,	87,	1,	'2019-11-23',	'2019-11-23 15:49:09',	1),
(332,	'APAL-63579',	'Approval Ticket # APAL-63579',	61,	87,	1,	'2019-11-23',	'2019-11-23 15:49:42',	1),
(333,	'APAL-19733',	'Approval Ticket # APAL-19733',	57,	87,	1,	'2019-11-23',	'2019-11-23 15:50:36',	1),
(334,	'APAL-44436',	'Approval Ticket # APAL-44436',	61,	87,	1,	'2019-11-23',	'2019-11-23 15:51:40',	1),
(335,	'APAL-19306',	'Approval Ticket # APAL-19306',	57,	87,	1,	'2019-11-23',	'2019-11-23 15:52:20',	1),
(336,	'APAL-48776',	'Approval Ticket # APAL-48776',	61,	87,	1,	'2019-11-23',	'2019-11-23 15:53:05',	1),
(337,	'APAL-26203',	'Approval Ticket # APAL-26203',	57,	87,	1,	'2019-11-23',	'2019-11-23 15:53:54',	1),
(338,	'APAL-46529',	'Approval Ticket # APAL-46529',	61,	87,	1,	'2019-11-23',	'2019-11-23 15:54:20',	1),
(339,	'APAL-51685',	'Approval Ticket # APAL-51685',	57,	87,	1,	'2019-11-23',	'2019-11-23 15:54:58',	1),
(340,	'APAL-12941',	'Approval Ticket # APAL-12941',	61,	87,	1,	'2019-11-23',	'2019-11-23 15:55:24',	1),
(341,	'APAL-33109',	'Approval Ticket # APAL-33109',	57,	87,	1,	'2019-11-23',	'2019-11-23 15:56:00',	1),
(342,	'APAL-85252',	'Approval Ticket # APAL-85252',	61,	87,	1,	'2019-11-23',	'2019-11-23 15:56:48',	1),
(343,	'APAL-55785',	'Approval Ticket # APAL-55785',	59,	87,	1,	'2019-11-23',	'2019-11-23 15:59:55',	1),
(344,	'APAL-4911',	'Approval Ticket # APAL-4911',	59,	87,	1,	'2019-11-23',	'2019-11-23 16:00:34',	1),
(345,	'APAL-63379',	'Approval Ticket # APAL-63379',	57,	87,	1,	'2019-11-23',	'2019-11-23 18:05:30',	1),
(346,	'APAL-51555',	'Approval Ticket # APAL-51555',	61,	87,	1,	'2019-11-23',	'2019-11-23 18:06:15',	1),
(347,	'APAL-7140',	'Approval Ticket # APAL-7140',	59,	87,	1,	'2019-11-23',	'2019-11-23 18:06:45',	1),
(348,	'APAL-46833',	'Approval Ticket # APAL-46833',	22,	87,	1,	'2019-11-23',	'2019-11-23 18:11:34',	1),
(349,	'APAL-21260',	'Approval Ticket # APAL-21260',	23,	87,	1,	'2019-11-23',	'2019-11-23 18:12:31',	1),
(350,	'APAL-2315',	'Approval Ticket # APAL-2315',	57,	87,	1,	'2019-11-23',	'2019-11-23 18:17:06',	1),
(351,	'APAL-60972',	'Approval Ticket # APAL-60972',	61,	87,	1,	'2019-11-23',	'2019-11-23 18:18:06',	1),
(352,	'APAL-70876',	'Approval Ticket # APAL-70876',	59,	87,	1,	'2019-11-23',	'2019-11-23 18:23:50',	1),
(353,	'APAL-1458',	'Approval Ticket # APAL-1458',	21,	87,	1,	'2019-11-24',	'2019-11-24 21:53:12',	1),
(354,	'APAL-63350',	'Approval Ticket # APAL-63350',	50,	87,	1,	'2019-11-25',	'2019-11-25 03:12:02',	1),
(355,	'APAL-3213',	'Approval Ticket # APAL-3213',	41,	87,	1,	'2019-11-25',	'2019-11-25 07:21:42',	1),
(356,	'APAL-54636',	'Approval Ticket # APAL-54636',	20,	87,	1,	'2019-11-25',	'2019-11-25 07:22:42',	1),
(357,	'APAL-7751',	'Approval Ticket # APAL-7751',	29,	87,	1,	'2019-11-25',	'2019-11-25 07:26:30',	1),
(358,	'APAL-24073',	'Approval Ticket # APAL-24073',	46,	87,	1,	'2019-11-25',	'2019-11-25 07:28:22',	1),
(360,	'APAL-29595',	'Approval Ticket # APAL-29595',	21,	87,	1,	'2019-11-25',	'2019-11-25 13:57:26',	1),
(361,	'APAL-34699',	'Approval Ticket # APAL-34699',	23,	87,	1,	'2019-11-25',	'2019-11-25 13:59:46',	1),
(363,	'APAL-6906',	'Approval Ticket # APAL-6906',	29,	87,	1,	'2019-11-25',	'2019-11-25 14:07:15',	1),
(364,	'APAL-15912',	'Approval Ticket # APAL-15912',	52,	87,	1,	'2019-11-25',	'2019-11-25 14:12:06',	1),
(365,	'APAL-47497',	'Approval Ticket # APAL-47497',	59,	87,	1,	'2019-11-25',	'2019-11-25 14:16:55',	1),
(366,	'APAL-6796',	'Approval Ticket # APAL-6796',	52,	87,	1,	'2019-11-25',	'2019-11-25 14:20:26',	1),
(367,	'APAL-73265',	'Approval Ticket # APAL-73265',	44,	87,	1,	'2019-11-26',	'2019-11-26 12:42:47',	1),
(368,	'APAL-77033',	'Approval Ticket # APAL-77033',	45,	87,	1,	'2019-11-26',	'2019-11-26 12:46:44',	1),
(369,	'APAL-62611',	'Approval Ticket # APAL-62611',	45,	87,	1,	'2019-11-26',	'2019-11-26 12:46:59',	1),
(370,	'APAL-43430',	'Approval Ticket # APAL-43430',	41,	87,	1,	'2019-11-26',	'2019-11-26 12:47:35',	1),
(371,	'APAL-47519',	'Approval Ticket # APAL-47519',	41,	87,	1,	'2019-11-26',	'2019-11-26 12:48:29',	1),
(372,	'APAL-82853',	'Approval Ticket # APAL-82853',	20,	87,	1,	'2019-11-26',	'2019-11-26 12:51:14',	1),
(373,	'APAL-77438',	'Approval Ticket # APAL-77438',	20,	87,	1,	'2019-11-26',	'2019-11-26 12:53:25',	1),
(374,	'APAL-54320',	'Approval Ticket # APAL-54320',	21,	87,	1,	'2019-11-26',	'2019-11-26 12:54:34',	1),
(375,	'APAL-54451',	'Approval Ticket # APAL-54451',	21,	87,	1,	'2019-11-26',	'2019-11-26 12:55:01',	1),
(376,	'APAL-83883',	'Approval Ticket # APAL-83883',	23,	87,	1,	'2019-11-26',	'2019-11-26 12:56:58',	1),
(377,	'APAL-66301',	'Approval Ticket # APAL-66301',	23,	87,	1,	'2019-11-26',	'2019-11-26 12:57:18',	1),
(378,	'APAL-28747',	'Approval Ticket # APAL-28747',	29,	87,	1,	'2019-11-26',	'2019-11-26 13:03:56',	1),
(379,	'APAL-82699',	'Approval Ticket # APAL-82699',	46,	87,	1,	'2019-11-26',	'2019-11-26 13:06:25',	1),
(381,	'APAL-9091',	'Approval Ticket # APAL-9091',	45,	87,	1,	'2019-11-26',	'2019-11-26 13:39:23',	1),
(382,	'APAL-62652',	'Approval Ticket # APAL-62652',	41,	87,	1,	'2019-11-26',	'2019-11-26 13:41:37',	1),
(383,	'APAL-1352',	'Approval Ticket # APAL-1352',	41,	87,	1,	'2019-11-26',	'2019-11-26 13:41:55',	1),
(384,	'APAL-60757',	'Approval Ticket # APAL-60757',	20,	87,	1,	'2019-11-26',	'2019-11-26 13:44:36',	1),
(385,	'APAL-65628',	'Approval Ticket # APAL-65628',	20,	87,	1,	'2019-11-26',	'2019-11-26 13:45:09',	1),
(386,	'APAL-4002',	'Approval Ticket # APAL-4002',	21,	87,	1,	'2019-11-26',	'2019-11-26 14:03:54',	1),
(387,	'APAL-10313',	'Approval Ticket # APAL-10313',	23,	87,	1,	'2019-11-26',	'2019-11-26 14:06:58',	1),
(388,	'APAL-33933',	'Approval Ticket # APAL-33933',	23,	87,	1,	'2019-11-26',	'2019-11-26 14:08:47',	1),
(389,	'APAL-65905',	'Approval Ticket # APAL-65905',	29,	87,	1,	'2019-11-26',	'2019-11-26 14:12:12',	1),
(390,	'APAL-79262',	'Approval Ticket # APAL-79262',	46,	87,	1,	'2019-11-26',	'2019-11-26 14:16:43',	1),
(393,	'APAL-13193',	'Approval Ticket # APAL-13193',	59,	87,	1,	'2019-11-27',	'2019-11-27 12:30:12',	1),
(394,	'APAL-73785',	'Approval Ticket # APAL-73785',	8,	87,	1,	'2019-11-27',	'2019-11-27 12:39:22',	1),
(400,	'APAL-19866',	'Approval Ticket # APAL-19866',	8,	87,	1,	'2019-11-27',	'2019-11-27 12:55:31',	1),
(401,	'APAL-79581',	'Approval Ticket # APAL-79581',	18,	87,	1,	'2019-11-27',	'2019-11-27 12:56:09',	1),
(402,	'APAL-28725',	'Approval Ticket # APAL-28725',	19,	87,	1,	'2019-11-27',	'2019-11-27 12:57:44',	1),
(403,	'APAL-52007',	'Approval Ticket # APAL-52007',	63,	87,	1,	'2019-11-27',	'2019-11-27 12:58:44',	1),
(404,	'APAL-67437',	'Approval Ticket # APAL-67437',	39,	87,	1,	'2019-11-27',	'2019-11-27 13:02:27',	1),
(405,	'APAL-64590',	'Approval Ticket # APAL-64590',	19,	87,	1,	'2019-11-27',	'2019-11-27 13:05:48',	1),
(407,	'APAL-23782',	'Approval Ticket # APAL-23782',	3,	87,	5,	'2019-11-27',	'2019-11-27 13:11:44',	5),
(408,	'APAL-7297',	'Approval Ticket # APAL-7297',	3,	87,	1,	'2019-11-27',	'2019-11-27 13:18:51',	1),
(409,	'APAL-7347',	'Approval Ticket # APAL-7347',	3,	87,	5,	'2019-11-27',	'2019-11-27 13:22:36',	5),
(410,	'APAL-15120',	'Approval Ticket # APAL-15120',	29,	87,	1,	'2019-11-27',	'2019-11-27 13:37:06',	1),
(411,	'APAL-30215',	'Approval Ticket # APAL-30215',	52,	87,	1,	'2019-11-27',	'2019-11-27 13:37:59',	1),
(412,	'APAL-44801',	'Approval Ticket # APAL-44801',	59,	87,	1,	'2019-11-27',	'2019-11-27 13:43:39',	1),
(413,	'APAL-26855',	'Approval Ticket # APAL-26855',	59,	87,	1,	'2019-11-27',	'2019-11-27 13:44:22',	1),
(414,	'APAL-32304',	'Approval Ticket # APAL-32304',	59,	87,	1,	'2019-11-27',	'2019-11-27 13:50:46',	1),
(415,	'APAL-50521',	'Approval Ticket # APAL-50521',	8,	87,	1,	'2019-11-27',	'2019-11-27 14:05:15',	1),
(416,	'APAL-84698',	'Approval Ticket # APAL-84698',	18,	87,	1,	'2019-11-27',	'2019-11-27 14:07:34',	1),
(417,	'APAL-9255',	'Approval Ticket # APAL-9255',	18,	87,	1,	'2019-11-27',	'2019-11-27 14:08:26',	1),
(418,	'APAL-80967',	'Approval Ticket # APAL-80967',	19,	87,	1,	'2019-11-27',	'2019-11-27 14:13:21',	1),
(419,	'APAL-25637',	'Approval Ticket # APAL-25637',	63,	87,	1,	'2019-11-27',	'2019-11-27 14:18:13',	1),
(420,	'APAL-64644',	'Approval Ticket # APAL-64644',	39,	87,	1,	'2019-11-27',	'2019-11-27 14:20:01',	1),
(421,	'APAL-11329',	'Approval Ticket # APAL-11329',	3,	87,	5,	'2019-11-27',	'2019-11-27 14:37:15',	5),
(422,	'APAL-32893',	'Approval Ticket # APAL-32893',	59,	87,	1,	'2019-11-27',	'2019-11-27 16:34:39',	1),
(423,	'APAL-63460',	'Approval Ticket # APAL-63460',	59,	87,	1,	'2019-11-27',	'2019-11-27 16:39:24',	1),
(424,	'APAL-31496',	'Approval Ticket # APAL-31496',	59,	87,	1,	'2019-11-27',	'2019-11-27 16:45:22',	1),
(425,	'APAL-24040',	'Approval Ticket # APAL-24040',	50,	87,	1,	'2019-11-27',	'2019-11-27 17:22:58',	1),
(426,	'APAL-75805',	'Approval Ticket # APAL-75805',	29,	87,	1,	'2019-11-28',	'2019-11-28 09:55:58',	1),
(427,	'APAL-44013',	'Approval Ticket # APAL-44013',	23,	87,	1,	'2019-11-28',	'2019-11-28 10:02:02',	1),
(429,	'APAL-47118',	'Approval Ticket # APAL-47118',	65,	87,	1,	'2019-12-01',	'2019-12-01 05:06:01',	1),
(433,	'APAL-30761',	'Approval Ticket # APAL-30761',	20,	87,	1,	'2019-12-03',	'2019-12-03 13:41:48',	1),
(439,	'APAL-4619',	'Approval Ticket # APAL-4619',	20,	87,	1,	'2019-12-03',	'2019-12-03 16:35:56',	1),
(441,	'APAL-49739',	'Approval Ticket # APAL-49739',	20,	87,	1,	'2019-12-03',	'2019-12-03 17:20:42',	1),
(442,	'APAL-45850',	'Approval Ticket # APAL-45850',	20,	87,	1,	'2019-12-08',	'2019-12-08 12:46:56',	1),
(443,	'APAL-89215',	'Approval Ticket # APAL-89215',	4,	87,	1,	'2019-12-08',	'2019-12-08 16:04:22',	1),
(446,	'APAL-82249',	'Approval Ticket # APAL-82249',	42,	87,	1,	'2019-12-13',	'2019-12-13 04:05:02',	1),
(448,	'APAL-67896',	'Approval Ticket # APAL-67896',	20,	87,	1,	'2019-12-13',	'2019-12-13 04:09:20',	1),
(449,	'APAL-3390',	'Approval Ticket # APAL-3390',	43,	87,	1,	'2019-12-13',	'2019-12-13 04:10:04',	1),
(450,	'APAL-78692',	'Approval Ticket # APAL-78692',	44,	87,	1,	'2019-12-13',	'2019-12-13 04:11:04',	1),
(451,	'APAL-77524',	'Approval Ticket # APAL-77524',	45,	87,	1,	'2019-12-13',	'2019-12-13 04:12:02',	1),
(452,	'APAL-28598',	'Approval Ticket # APAL-28598',	20,	87,	1,	'2019-12-13',	'2019-12-13 04:13:18',	1),
(453,	'APAL-61567',	'Approval Ticket # APAL-61567',	41,	87,	1,	'2019-12-13',	'2019-12-13 04:14:01',	1),
(454,	'APAL-78852',	'Approval Ticket # APAL-78852',	33,	87,	1,	'2019-12-13',	'2019-12-13 04:14:52',	1),
(455,	'APAL-73086',	'Approval Ticket # APAL-73086',	51,	87,	1,	'2019-12-13',	'2019-12-13 16:14:20',	1),
(456,	'APAL-46322',	'Approval Ticket # APAL-46322',	52,	87,	1,	'2019-12-13',	'2019-12-13 16:15:08',	1),
(457,	'APAL-49743',	'Approval Ticket # APAL-49743',	45,	87,	1,	'2019-12-14',	'2019-12-14 04:28:21',	1),
(458,	'APAL-85536',	'Approval Ticket # APAL-85536',	41,	87,	1,	'2019-12-14',	'2019-12-14 04:41:24',	1),
(459,	'APAL-38176',	'Approval Ticket # APAL-38176',	20,	87,	1,	'2019-12-15',	'2019-12-15 08:16:59',	1),
(460,	'APAL-80263',	'Approval Ticket # APAL-80263',	44,	87,	1,	'2019-12-15',	'2019-12-15 08:18:39',	1),
(461,	'APAL-18863',	'Approval Ticket # APAL-18863',	52,	87,	1,	'2019-12-15',	'2019-12-15 08:23:05',	1),
(462,	'APAL-35991',	'Approval Ticket # APAL-35991',	20,	87,	1,	'2019-12-15',	'2019-12-15 09:05:20',	1),
(463,	'APAL-17664',	'Approval Ticket # APAL-17664',	45,	87,	1,	'2019-12-15',	'2019-12-15 09:06:40',	1),
(464,	'APAL-8743',	'Approval Ticket # APAL-8743',	3,	87,	1,	'2019-12-15',	'2019-12-15 09:53:15',	1),
(465,	'APAL-52707',	'Approval Ticket # APAL-52707',	65,	87,	1,	'2019-12-15',	'2019-12-15 13:55:06',	1),
(466,	'APAL-80867',	'Approval Ticket # APAL-80867',	3,	87,	5,	'2019-12-15',	'2019-12-15 14:17:14',	5),
(467,	'APAL-22786',	'Approval Ticket # APAL-22786',	49,	87,	1,	'2019-12-15',	'2019-12-15 15:10:22',	1),
(468,	'APAL-89404',	'Approval Ticket # APAL-89404',	3,	87,	5,	'2019-12-15',	'2019-12-15 15:17:11',	5),
(469,	'APAL-78047',	'Approval Ticket # APAL-78047',	19,	87,	1,	'2019-12-15',	'2019-12-15 15:25:35',	1),
(470,	'APAL-51571',	'Approval Ticket # APAL-51571',	48,	87,	1,	'2019-12-16',	'2019-12-16 10:40:23',	1),
(471,	'APAL-31869',	'Approval Ticket # APAL-31869',	49,	87,	1,	'2019-12-16',	'2019-12-16 10:41:18',	1),
(472,	'APAL-1608',	'Approval Ticket # APAL-1608',	3,	87,	5,	'2019-12-16',	'2019-12-16 10:55:24',	5),
(473,	'APAL-50855',	'Approval Ticket # APAL-50855',	3,	87,	5,	'2019-12-16',	'2019-12-16 10:57:57',	5),
(474,	'APAL-22478',	'Approval Ticket # APAL-22478',	49,	87,	1,	'2019-12-16',	'2019-12-16 10:59:09',	1),
(475,	'APAL-78683',	'Approval Ticket # APAL-78683',	22,	87,	1,	'2019-12-16',	'2019-12-16 13:19:15',	1),
(476,	'APAL-8372',	'Approval Ticket # APAL-8372',	22,	87,	1,	'2019-12-16',	'2019-12-16 15:36:41',	1),
(477,	'APAL-60982',	'Approval Ticket # APAL-60982',	22,	87,	1,	'2019-12-16',	'2019-12-16 15:37:40',	1),
(479,	'APAL-61925',	'Approval Ticket # APAL-61925',	23,	87,	1,	'2019-12-16',	'2019-12-16 15:39:14',	1),
(480,	'APAL-69191',	'Approval Ticket # APAL-69191',	22,	87,	1,	'2019-12-16',	'2019-12-16 17:11:01',	1),
(481,	'APAL-27349',	'Approval Ticket # APAL-27349',	2,	87,	1,	'2019-12-20',	'2019-12-20 11:25:54',	1),
(482,	'APAL-64678',	'Approval Ticket # APAL-64678',	2,	87,	1,	'2020-01-03',	'2020-01-03 11:24:51',	1),
(483,	'APAL-34790',	'Approval Ticket # APAL-34790',	2,	87,	1,	'2020-01-03',	'2020-01-03 12:30:32',	1),
(487,	'APAL-65597',	'Approval Ticket # APAL-65597',	67,	87,	1,	'2020-01-04',	'2020-01-04 06:41:24',	1),
(492,	'APAL-79440',	'Approval Ticket # APAL-79440',	67,	87,	1,	'2020-01-04',	'2020-01-04 06:51:23',	1),
(493,	'APAL-50021',	'Approval Ticket # APAL-50021',	67,	87,	1,	'2020-01-04',	'2020-01-04 06:51:45',	1),
(495,	'APAL-35617',	'Approval Ticket # APAL-35617',	67,	87,	1,	'2020-01-04',	'2020-01-04 06:56:49',	1),
(498,	'APAL-73022',	'Approval Ticket # APAL-73022',	68,	87,	1,	'2020-01-06',	'2020-01-06 06:12:14',	1),
(499,	'APAL-47888',	'Approval Ticket # APAL-47888',	68,	87,	1,	'2020-01-06',	'2020-01-06 06:14:15',	1),
(500,	'APAL-21642',	'Approval Ticket # APAL-21642',	68,	87,	1,	'2020-01-06',	'2020-01-06 06:17:59',	1),
(502,	'APAL-81312',	'Approval Ticket # APAL-81312',	69,	87,	1,	'2020-01-06',	'2020-01-06 06:25:58',	1),
(503,	'APAL-76872',	'Approval Ticket # APAL-76872',	2,	87,	1,	'2020-01-06',	'2020-01-06 07:36:34',	1),
(504,	'APAL-32679',	'Approval Ticket # APAL-32679',	2,	87,	1,	'2020-01-06',	'2020-01-06 07:38:59',	1),
(505,	'APAL-32039',	'Approval Ticket # APAL-32039',	2,	87,	1,	'2020-01-06',	'2020-01-06 07:59:37',	1),
(506,	'APAL-38768',	'Approval Ticket # APAL-38768',	2,	87,	1,	'2020-01-06',	'2020-01-06 08:01:12',	1),
(507,	'APAL-51176',	'Approval Ticket # APAL-51176',	2,	87,	1,	'2020-01-06',	'2020-01-06 08:02:00',	1),
(508,	'APAL-5274',	'Approval Ticket # APAL-5274',	2,	87,	1,	'2020-01-06',	'2020-01-06 09:04:02',	1),
(509,	'APAL-3664',	'Approval Ticket # APAL-3664',	2,	87,	1,	'2020-01-06',	'2020-01-06 09:09:14',	1),
(510,	'APAL-58145',	'Approval Ticket # APAL-58145',	68,	87,	1,	'2020-01-06',	'2020-01-06 13:07:24',	1),
(511,	'APAL-57923',	'Approval Ticket # APAL-57923',	69,	87,	1,	'2020-01-06',	'2020-01-06 13:10:04',	1),
(512,	'APAL-22351',	'Approval Ticket # APAL-22351',	70,	87,	1,	'2020-01-08',	'2020-01-08 09:50:32',	1),
(513,	'APAL-85519',	'Approval Ticket # APAL-85519',	22,	87,	1,	'2020-01-08',	'2020-01-08 09:56:30',	1),
(514,	'APAL-10444',	'Approval Ticket # APAL-10444',	23,	87,	1,	'2020-01-08',	'2020-01-08 09:57:35',	1);

DROP TABLE IF EXISTS `approval_process_map`;
CREATE TABLE `approval_process_map` (
  `approval_process_map_id` int(100) NOT NULL,
  `approveable_item_id` int(100) DEFAULT NULL,
  `role_id` int(100) DEFAULT NULL,
  `approval_step_depth` varchar(45) DEFAULT NULL,
  `created_by` varchar(45) DEFAULT NULL,
  `created_date` varchar(45) DEFAULT NULL,
  `last_modified_by` varchar(45) DEFAULT NULL,
  `last_modified_date` varchar(45) DEFAULT NULL,
  PRIMARY KEY (`approval_process_map_id`),
  KEY `fk_approval_process_map_role1_idx` (`role_id`),
  CONSTRAINT `fk_approval_process_map_role1` FOREIGN KEY (`role_id`) REFERENCES `role` (`role_id`) ON DELETE NO ACTION ON UPDATE NO ACTION
) ENGINE=InnoDB DEFAULT CHARSET=latin1;


DROP TABLE IF EXISTS `approval_tracker`;
CREATE TABLE `approval_tracker` (
  `approval_tracker_id` int(100) NOT NULL AUTO_INCREMENT,
  `fk_status_id` int(11) NOT NULL,
  `item_key` int(100) NOT NULL,
  `approval_tracker_created_date` date NOT NULL,
  `approval_tracker_last_modified_date` timestamp NOT NULL DEFAULT CURRENT_TIMESTAMP,
  `approval_tracker_created_by` int(100) NOT NULL,
  `approval_tracker_last_modified_by` int(100) NOT NULL,
  PRIMARY KEY (`approval_tracker_id`),
  KEY `fk_status_id` (`fk_status_id`),
  CONSTRAINT `approval_tracker_ibfk_1` FOREIGN KEY (`fk_status_id`) REFERENCES `approval` (`approval_id`)
) ENGINE=InnoDB DEFAULT CHARSET=latin1;


DROP TABLE IF EXISTS `approve_item`;
CREATE TABLE `approve_item` (
  `approve_item_id` int(100) NOT NULL AUTO_INCREMENT,
  `approve_item_track_number` varchar(100) NOT NULL,
  `approve_item_name` varchar(100) NOT NULL,
  `approve_item_is_active` int(5) NOT NULL,
  `approve_item_created_date` date NOT NULL,
  `approve_item_created_by` int(100) NOT NULL,
  `approve_item_last_modified_date` timestamp NOT NULL DEFAULT CURRENT_TIMESTAMP ON UPDATE CURRENT_TIMESTAMP,
  `approve_item_last_modified_by` int(100) NOT NULL,
  `fk_approval_id` int(100) DEFAULT NULL,
  `fk_status_id` int(100) DEFAULT NULL,
  PRIMARY KEY (`approve_item_id`)
) ENGINE=InnoDB DEFAULT CHARSET=latin1;

INSERT INTO `approve_item` (`approve_item_id`, `approve_item_track_number`, `approve_item_name`, `approve_item_is_active`, `approve_item_created_date`, `approve_item_created_by`, `approve_item_last_modified_date`, `approve_item_last_modified_by`, `fk_approval_id`, `fk_status_id`) VALUES
(1,	'APEM-45322',	'request_detail',	1,	'0000-00-00',	0,	'2019-11-25 03:34:19',	0,	NULL,	NULL),
(2,	'APEM-45323',	'voucher',	1,	'0000-00-00',	0,	'2019-11-15 18:14:11',	0,	NULL,	NULL),
(3,	'APEM-45324',	'request',	1,	'0000-00-00',	0,	'2019-11-25 03:19:05',	0,	NULL,	NULL),
(4,	'APEM-45325',	'budget',	1,	'2019-10-22',	1,	'2019-11-15 18:14:11',	1,	NULL,	NULL),
(5,	'APEM-45326',	'budget_item',	0,	'2019-10-22',	1,	'2019-11-15 18:14:11',	1,	NULL,	NULL),
(8,	'APEM-45327',	'funder',	1,	'2019-10-22',	1,	'2019-11-20 23:35:59',	1,	NULL,	NULL),
(9,	'APEM-45328',	'workplan',	0,	'2019-10-22',	1,	'2019-11-15 18:14:11',	1,	NULL,	NULL),
(13,	'APEM-45329',	'budget_item_detail',	0,	'2019-10-22',	1,	'2019-11-15 18:14:11',	1,	NULL,	NULL),
(14,	'APEM-45330',	'voucher_detail',	0,	'2019-10-22',	1,	'2019-11-15 18:14:11',	1,	NULL,	NULL),
(18,	'APEM-45331',	'project',	0,	'2019-10-25',	1,	'2019-11-15 18:14:11',	1,	NULL,	NULL),
(19,	'APEM-45332',	'project_allocation',	1,	'2019-11-03',	1,	'2019-11-15 18:14:11',	1,	NULL,	NULL),
(20,	'APEM-45333',	'office',	1,	'2019-11-03',	1,	'2019-12-08 07:57:15',	1,	NULL,	NULL),
(21,	'APEM-45334',	'role',	0,	'2019-11-04',	1,	'2019-11-15 18:14:11',	1,	NULL,	NULL),
(22,	'APEM-45335',	'permission',	0,	'2019-11-04',	1,	'2019-11-15 18:14:11',	1,	NULL,	NULL),
(23,	'APEM-45336',	'role_permission',	0,	'2019-11-04',	1,	'2019-11-15 18:14:11',	1,	NULL,	NULL),
(24,	'APEM-45337',	'dashboard',	0,	'2019-11-05',	1,	'2019-11-15 18:14:11',	1,	NULL,	NULL),
(25,	'APEM-45338',	'permission_label',	0,	'2019-11-06',	1,	'2019-11-15 18:14:11',	1,	NULL,	NULL),
(26,	'APEM-45339',	'bank',	0,	'2019-11-06',	1,	'2019-11-15 18:14:11',	1,	NULL,	NULL),
(27,	'APEM-45340',	'user_detail',	0,	'2019-11-07',	1,	'2019-11-15 18:14:11',	1,	NULL,	NULL),
(28,	'APEM-45341',	'menu_user_order',	0,	'2019-11-07',	1,	'2019-11-15 18:14:11',	1,	NULL,	NULL),
(29,	'APEM-45342',	'user',	0,	'2019-11-07',	1,	'2019-11-15 18:14:11',	1,	NULL,	NULL),
(30,	'APEM-45343',	'user_setting',	0,	'2019-11-07',	1,	'2019-11-15 18:14:11',	1,	NULL,	NULL),
(31,	'APEM-45344',	'approve_item',	0,	'2019-11-07',	1,	'2019-11-15 18:14:11',	1,	NULL,	NULL),
(32,	'APEM-45345',	'status',	0,	'2019-11-07',	1,	'2019-11-15 18:14:11',	1,	NULL,	NULL),
(33,	'APEM-45346',	'context_center',	0,	'2019-11-13',	1,	'2019-12-08 08:45:49',	1,	NULL,	NULL),
(34,	'APEM-45347',	'context',	0,	'2019-11-13',	1,	'2019-12-08 07:59:55',	1,	NULL,	NULL),
(36,	'',	'month',	0,	'2019-11-21',	1,	'2019-11-20 23:15:01',	1,	NULL,	NULL),
(37,	'',	'voucher_type',	0,	'2019-11-21',	1,	'2019-11-20 23:15:43',	1,	NULL,	NULL),
(38,	'',	'reconciliation',	0,	'2019-11-21',	1,	'2019-11-20 23:17:28',	1,	NULL,	NULL),
(39,	'',	'expense_account',	0,	'2019-11-21',	1,	'2019-11-20 23:54:46',	1,	NULL,	NULL),
(40,	'',	'language',	0,	'2019-11-21',	1,	'2019-11-21 00:12:27',	1,	NULL,	NULL),
(41,	'',	'context_cluster',	0,	'2019-11-21',	1,	'2019-12-08 08:45:49',	1,	NULL,	NULL),
(42,	'',	'context_global',	0,	'2019-11-21',	1,	'2019-12-08 08:45:49',	1,	NULL,	NULL),
(43,	'',	'context_region',	0,	'2019-11-21',	1,	'2019-12-08 08:45:49',	1,	NULL,	NULL),
(44,	'',	'context_country',	0,	'2019-11-21',	1,	'2019-12-08 08:45:49',	1,	NULL,	NULL),
(45,	'',	'context_cohort',	0,	'2019-11-21',	1,	'2019-12-08 08:45:49',	1,	NULL,	NULL),
(46,	'',	'center_user',	0,	'2019-11-21',	1,	'2019-11-21 14:51:30',	1,	NULL,	NULL),
(47,	'',	'menu',	0,	'2019-11-21',	1,	'2019-11-21 15:40:57',	1,	NULL,	NULL),
(48,	'',	'department',	0,	'2019-11-21',	1,	'2019-11-21 16:09:50',	1,	NULL,	NULL),
(49,	'',	'department_user',	0,	'2019-11-21',	1,	'2019-11-21 16:14:04',	1,	NULL,	NULL),
(50,	'',	'context_cluster_user',	0,	'2019-11-21',	1,	'2019-12-08 08:45:49',	1,	NULL,	NULL),
(51,	'',	'designation',	0,	'2019-11-21',	1,	'2019-11-21 16:37:42',	1,	NULL,	NULL),
(52,	'',	'context_country_user',	0,	'2019-11-22',	1,	'2019-12-08 08:45:49',	1,	NULL,	NULL),
(53,	'',	'context_cohort_user',	0,	'2019-11-22',	1,	'2019-12-08 08:45:49',	1,	NULL,	NULL),
(54,	'',	'context_global_user',	0,	'2019-11-22',	1,	'2019-12-08 08:45:49',	1,	NULL,	NULL),
(55,	'',	'context_region_user',	0,	'2019-11-22',	1,	'2019-12-08 08:45:49',	1,	NULL,	NULL),
(56,	'',	'funding_status',	0,	'2019-11-22',	1,	'2019-11-22 22:07:30',	1,	NULL,	NULL),
(57,	'',	'page_view',	0,	'2019-11-23',	1,	'2019-11-23 08:19:50',	1,	NULL,	NULL),
(58,	'',	'page_view_detail',	0,	'2019-11-23',	1,	'2019-11-23 08:19:50',	1,	NULL,	NULL),
(59,	'',	'page_view_role',	0,	'2019-11-23',	1,	'2019-11-23 14:11:51',	1,	NULL,	NULL),
(60,	'',	'request_type',	0,	'2019-11-23',	1,	'2019-11-23 14:31:51',	1,	NULL,	NULL),
(61,	'',	'page_view_condition',	0,	'2019-11-23',	1,	'2019-11-23 15:32:11',	1,	NULL,	NULL),
(62,	'',	'approval',	0,	'2019-11-23',	1,	'2019-11-23 15:32:11',	1,	NULL,	NULL),
(63,	'',	'income_account',	0,	'2019-11-27',	1,	'2019-11-27 12:58:11',	1,	NULL,	NULL),
(65,	'',	'context_center_user',	0,	'2019-11-30',	1,	'2019-12-08 08:45:49',	1,	NULL,	NULL),
(66,	'',	'context_definition',	0,	'2019-12-15',	1,	'2019-12-15 06:51:08',	1,	NULL,	NULL),
(67,	'',	'bank_branch',	0,	'2020-01-04',	1,	'2020-01-04 06:22:45',	1,	NULL,	NULL),
(68,	'',	'office_bank',	0,	'2020-01-04',	1,	'2020-01-04 06:30:35',	1,	NULL,	NULL),
(69,	'',	'cheque_book',	0,	'2020-01-06',	1,	'2020-01-06 06:19:14',	1,	NULL,	NULL),
(70,	'',	'financial_report',	0,	'2020-01-08',	1,	'2020-01-08 09:43:43',	1,	NULL,	NULL);

DROP TABLE IF EXISTS `bank`;
CREATE TABLE `bank` (
  `bank_id` int(100) NOT NULL AUTO_INCREMENT,
  `bank_track_number` varchar(100) DEFAULT NULL,
  `bank_name` varchar(45) DEFAULT NULL,
  `bank_swift_code` varchar(45) DEFAULT NULL,
  `bank_is_active` int(5) NOT NULL DEFAULT '1',
  `bank_created_date` date DEFAULT NULL,
  `bank_created_by` int(100) DEFAULT NULL,
  `bank_last_modified_date` timestamp NOT NULL DEFAULT CURRENT_TIMESTAMP,
  `bank_last_modified_by` int(100) DEFAULT NULL,
  `fk_approval_id` int(11) DEFAULT NULL,
  `fk_status_id` int(11) DEFAULT NULL,
  PRIMARY KEY (`bank_id`),
  KEY `fk_approval_id` (`fk_approval_id`),
  KEY `fk_status_id` (`fk_status_id`),
  CONSTRAINT `bank_ibfk_3` FOREIGN KEY (`fk_approval_id`) REFERENCES `approval` (`approval_id`) ON DELETE CASCADE,
  CONSTRAINT `bank_ibfk_4` FOREIGN KEY (`fk_status_id`) REFERENCES `status` (`status_id`) ON DELETE CASCADE
) ENGINE=InnoDB DEFAULT CHARSET=latin1 COMMENT='This table list all the banks for centers';

INSERT INTO `bank` (`bank_id`, `bank_track_number`, `bank_name`, `bank_swift_code`, `bank_is_active`, `bank_created_date`, `bank_created_by`, `bank_last_modified_date`, `bank_last_modified_by`, `fk_approval_id`, `fk_status_id`) VALUES
(1,	'BAK-87365',	'Commercial Bank of Kenya',	'23700',	1,	'2019-11-07',	1,	'2019-11-06 15:28:30',	1,	152,	51),
(2,	'BANK-3124',	'Chess Bank',	'65783',	1,	'2019-11-08',	2,	'2019-11-08 11:03:07',	2,	170,	51);

DROP TABLE IF EXISTS `bank_branch`;
CREATE TABLE `bank_branch` (
  `bank_branch_id` int(100) NOT NULL AUTO_INCREMENT,
  `bank_branch_track_number` varchar(100) DEFAULT NULL,
  `fk_bank_id` int(100) DEFAULT NULL,
  `bank_branch_name` varchar(45) DEFAULT NULL,
  `bank_branch_is_active` int(5) DEFAULT NULL,
  `bank_branch_created_by` int(100) DEFAULT NULL,
  `bank_branch_created_date` date DEFAULT NULL,
  `bank_branch_last_modified_date` date DEFAULT NULL,
  `bank_branch_last_modified_by` int(100) DEFAULT NULL,
  `fk_approval_id` int(100) DEFAULT NULL,
  `fk_status_id` int(100) DEFAULT NULL,
  PRIMARY KEY (`bank_branch_id`),
  KEY `fk_bank_branch_bank1_idx` (`fk_bank_id`),
  CONSTRAINT `fk_bank_branch_bank1` FOREIGN KEY (`fk_bank_id`) REFERENCES `bank` (`bank_id`) ON DELETE NO ACTION ON UPDATE NO ACTION
) ENGINE=InnoDB DEFAULT CHARSET=latin1 COMMENT='This table holds branches for banks';

INSERT INTO `bank_branch` (`bank_branch_id`, `bank_branch_track_number`, `fk_bank_id`, `bank_branch_name`, `bank_branch_is_active`, `bank_branch_created_by`, `bank_branch_created_date`, `bank_branch_last_modified_date`, `bank_branch_last_modified_by`, `fk_approval_id`, `fk_status_id`) VALUES
(3,	'BACH-7622',	1,	'Kilifi Branch',	1,	1,	'2020-01-04',	NULL,	1,	492,	89),
(4,	'BACH-55439',	1,	'Malindi Branch',	1,	1,	'2020-01-04',	NULL,	1,	493,	89),
(5,	'BACH-42899',	1,	'Mombasa Branch',	1,	1,	'2020-01-04',	NULL,	1,	495,	89);

DROP TABLE IF EXISTS `budget`;
CREATE TABLE `budget` (
  `budget_id` int(100) NOT NULL AUTO_INCREMENT,
  `budget_track_number` varchar(45) DEFAULT NULL,
  `budget_name` varchar(100) DEFAULT NULL,
  `fk_office_id` int(100) DEFAULT NULL,
  `fk_approval_id` int(11) DEFAULT '0',
  `fk_status_id` int(11) DEFAULT '0',
  `budget_year` int(5) DEFAULT NULL,
  `budget_created_by` int(100) DEFAULT NULL,
  `budget_created_date` date DEFAULT NULL,
  `budget_last_modified_by` int(100) DEFAULT NULL,
  `budget_last_modified_date` date DEFAULT NULL,
  PRIMARY KEY (`budget_id`),
  KEY `fk_budget_center1_idx` (`fk_office_id`),
  KEY `fk_approval_id` (`fk_approval_id`),
  KEY `fk_status_id` (`fk_status_id`),
  CONSTRAINT `budget_ibfk_1` FOREIGN KEY (`fk_office_id`) REFERENCES `office` (`office_id`),
  CONSTRAINT `budget_ibfk_2` FOREIGN KEY (`fk_approval_id`) REFERENCES `approval` (`approval_id`),
  CONSTRAINT `budget_ibfk_3` FOREIGN KEY (`fk_status_id`) REFERENCES `status` (`status_id`),
  CONSTRAINT `fk_budget_center1` FOREIGN KEY (`fk_office_id`) REFERENCES `office` (`office_id`) ON DELETE NO ACTION ON UPDATE NO ACTION
) ENGINE=InnoDB DEFAULT CHARSET=latin1 COMMENT='This table holds the budget items by activity';

INSERT INTO `budget` (`budget_id`, `budget_track_number`, `budget_name`, `fk_office_id`, `fk_approval_id`, `fk_status_id`, `budget_year`, `budget_created_by`, `budget_created_date`, `budget_last_modified_by`, `budget_last_modified_date`) VALUES
(2,	'BUET-37550',	'Test Budget',	18,	443,	23,	2019,	1,	'2019-12-08',	1,	NULL);

DROP TABLE IF EXISTS `budget_item`;
CREATE TABLE `budget_item` (
  `budget_item_id` int(100) NOT NULL AUTO_INCREMENT,
  `budget_item_track_number` varchar(100) DEFAULT NULL,
  `budget_item_name` varchar(100) DEFAULT NULL,
  `fk_budget_id` int(100) DEFAULT NULL,
  `fk_expense_account_id` int(100) DEFAULT NULL,
  `budget_item_description` varchar(45) DEFAULT NULL,
  `fk_status_id` int(11) DEFAULT '0',
  `fk_approval_id` int(11) DEFAULT '0',
  `fk_project_allocation_id` int(100) DEFAULT NULL,
  `budget_item_note` longtext,
  `budget_item_created_by` int(100) DEFAULT NULL,
  `budget_item_last_modified_by` int(100) DEFAULT NULL,
  `budget_item_created_date` date DEFAULT NULL,
  `budget_item_last_modified_date` date DEFAULT NULL,
  PRIMARY KEY (`budget_item_id`),
  KEY `fk_budget_detail_id_expense_account_id_idx` (`fk_expense_account_id`),
  KEY `fk_budget_detail_budget_id_idx` (`fk_budget_id`),
  KEY `fk_project_allocation_id` (`fk_project_allocation_id`),
  KEY `fk_status_id` (`fk_status_id`),
  KEY `fk_approval_id` (`fk_approval_id`),
  CONSTRAINT `budget_item_ibfk_1` FOREIGN KEY (`fk_project_allocation_id`) REFERENCES `project_allocation` (`project_allocation_id`),
  CONSTRAINT `budget_item_ibfk_2` FOREIGN KEY (`fk_status_id`) REFERENCES `status` (`status_id`),
  CONSTRAINT `budget_item_ibfk_3` FOREIGN KEY (`fk_approval_id`) REFERENCES `approval` (`approval_id`),
  CONSTRAINT `fk_budget_detail_budget_id` FOREIGN KEY (`fk_budget_id`) REFERENCES `budget` (`budget_id`) ON DELETE NO ACTION ON UPDATE CASCADE,
  CONSTRAINT `fk_budget_detail_id_expense_account_id` FOREIGN KEY (`fk_expense_account_id`) REFERENCES `expense_account` (`expense_account_id`) ON DELETE NO ACTION ON UPDATE NO ACTION
) ENGINE=InnoDB DEFAULT CHARSET=latin1 COMMENT='This hold activties and their budgeted cost';


DROP TABLE IF EXISTS `budget_item_detail`;
CREATE TABLE `budget_item_detail` (
  `budget_item_detail_id` int(100) NOT NULL AUTO_INCREMENT,
  `budget_item_detail_track_number` varchar(100) DEFAULT NULL,
  `budget_item_detail_name` varchar(100) DEFAULT NULL,
  `fk_budget_item_id` int(100) DEFAULT NULL,
  `fk_month_id` int(5) DEFAULT NULL,
  `fk_status_id` int(11) DEFAULT '0',
  `fk_approval_id` int(11) DEFAULT '0',
  `budget_item_detail_amount` decimal(10,2) DEFAULT NULL,
  `budget_item_detail_created_date` date DEFAULT NULL,
  `budget_item_detail_created_by` int(100) DEFAULT NULL,
  `budget_item_detail_last_modified_by` int(100) DEFAULT NULL,
  `budget_item_detail_last_modified_date` date DEFAULT NULL,
  PRIMARY KEY (`budget_item_detail_id`),
  KEY `fk_budget_month_spread_budget_detail1_idx` (`fk_budget_item_id`),
  KEY `fk_status_id` (`fk_status_id`),
  KEY `fk_approval_id` (`fk_approval_id`),
  CONSTRAINT `budget_item_detail_ibfk_1` FOREIGN KEY (`fk_status_id`) REFERENCES `status` (`status_id`),
  CONSTRAINT `budget_item_detail_ibfk_2` FOREIGN KEY (`fk_approval_id`) REFERENCES `approval` (`approval_id`),
  CONSTRAINT `fk_budget_month_spread_budget_detail1` FOREIGN KEY (`fk_budget_item_id`) REFERENCES `budget_item` (`budget_item_id`) ON DELETE NO ACTION ON UPDATE NO ACTION
) ENGINE=InnoDB DEFAULT CHARSET=latin1 COMMENT='This table distributes budget allocations by month';


DROP TABLE IF EXISTS `chatable_table`;
CREATE TABLE `chatable_table` (
  `chatable_table_id` int(11) NOT NULL,
  `chatable_table_name` varchar(100) DEFAULT NULL,
  `created_date` date DEFAULT NULL,
  `last_modified_date` date DEFAULT NULL,
  `deleted_date` date DEFAULT NULL,
  `created_by` int(100) DEFAULT NULL,
  `last_modified_by` int(100) DEFAULT NULL,
  PRIMARY KEY (`chatable_table_id`)
) ENGINE=InnoDB DEFAULT CHARSET=latin1;


DROP TABLE IF EXISTS `cheque_book`;
CREATE TABLE `cheque_book` (
  `cheque_book_id` int(11) NOT NULL AUTO_INCREMENT,
  `cheque_book_track_number` varchar(100) NOT NULL,
  `cheque_book_name` varchar(100) NOT NULL,
  `fk_office_bank_id` int(100) DEFAULT NULL,
  `cheque_book_is_active` int(5) DEFAULT '1',
  `cheque_book_start_serial_number` varchar(45) DEFAULT NULL,
  `cheque_book_count_of_leaves` varchar(45) DEFAULT NULL,
  `cheque_book_use_start_date` date DEFAULT NULL,
  `cheque_book_created_date` date DEFAULT NULL,
  `cheque_book_created_by` int(100) DEFAULT NULL,
  `cheque_book_last_modified_by` int(100) DEFAULT NULL,
  `cheque_book_last_modified_date` date DEFAULT NULL,
  `fk_approval_id` int(100) DEFAULT NULL,
  `fk_status_id` int(100) DEFAULT NULL,
  PRIMARY KEY (`cheque_book_id`),
  KEY `fk_office_bank_id` (`fk_office_bank_id`),
  CONSTRAINT `cheque_book_ibfk_1` FOREIGN KEY (`fk_office_bank_id`) REFERENCES `office_bank` (`office_bank_id`)
) ENGINE=InnoDB DEFAULT CHARSET=latin1;

INSERT INTO `cheque_book` (`cheque_book_id`, `cheque_book_track_number`, `cheque_book_name`, `fk_office_bank_id`, `cheque_book_is_active`, `cheque_book_start_serial_number`, `cheque_book_count_of_leaves`, `cheque_book_use_start_date`, `cheque_book_created_date`, `cheque_book_created_by`, `cheque_book_last_modified_by`, `cheque_book_last_modified_date`, `fk_approval_id`, `fk_status_id`) VALUES
(1,	'CHOK-32703',	'Cheque_book # CHOK-32703',	2,	1,	'1',	'150',	'2020-01-01',	'2020-01-06',	1,	1,	NULL,	502,	0),
(2,	'CHOK-9577',	'First Cheque Book',	4,	1,	'150',	'150',	'2020-01-01',	'2020-01-06',	1,	1,	NULL,	511,	0);

DROP TABLE IF EXISTS `ci_sessions`;
CREATE TABLE `ci_sessions` (
  `id` varchar(40) COLLATE utf8_unicode_ci NOT NULL,
  `ip_address` varchar(45) COLLATE utf8_unicode_ci NOT NULL,
  `timestamp` int(10) unsigned NOT NULL DEFAULT '0',
  `data` blob NOT NULL,
  PRIMARY KEY (`id`),
  KEY `ci_sessions_timestamp` (`timestamp`)
) ENGINE=InnoDB DEFAULT CHARSET=utf8 COLLATE=utf8_unicode_ci;


DROP TABLE IF EXISTS `context`;
CREATE TABLE `context` (
  `context_id` int(100) NOT NULL AUTO_INCREMENT,
  `context_track_number` varchar(100) NOT NULL,
  `context_name` varchar(100) NOT NULL,
  `context_description` longtext NOT NULL,
  `fk_context_definition_id` int(100) NOT NULL,
  `context_created_date` date NOT NULL,
  `context_created_last_modified_date` timestamp NOT NULL DEFAULT CURRENT_TIMESTAMP,
  `context_created_by` int(11) NOT NULL,
  `context_last_modified_by` int(11) NOT NULL,
  `context_last_modified_date` date DEFAULT NULL,
  `fk_approval_id` int(100) DEFAULT NULL,
  `fk_status_id` int(100) DEFAULT NULL,
  PRIMARY KEY (`context_id`),
  KEY `fk_context_definition_id` (`fk_context_definition_id`),
  CONSTRAINT `context_ibfk_1` FOREIGN KEY (`fk_context_definition_id`) REFERENCES `context_definition` (`context_definition_id`)
) ENGINE=InnoDB DEFAULT CHARSET=latin1;


DROP TABLE IF EXISTS `context_center`;
CREATE TABLE `context_center` (
  `context_center_id` int(100) NOT NULL AUTO_INCREMENT,
  `context_center_track_number` varchar(100) NOT NULL,
  `context_center_name` varchar(100) NOT NULL,
  `context_center_description` varchar(100) NOT NULL,
  `fk_context_cluster_id` int(100) NOT NULL,
  `fk_context_definition_id` int(100) NOT NULL,
  `fk_office_id` int(100) NOT NULL,
  `context_center_created_date` date DEFAULT NULL,
  `context_center_created_by` int(100) DEFAULT NULL,
  `context_center_last_modified_by` int(100) DEFAULT NULL,
  `context_center_last_modified_date` date DEFAULT NULL,
  `fk_approval_id` int(100) DEFAULT NULL,
  `fk_status_id` int(100) DEFAULT NULL,
  PRIMARY KEY (`context_center_id`),
  UNIQUE KEY `fk_office_id` (`fk_office_id`),
  KEY `fk_context_cluster_id` (`fk_context_cluster_id`),
  KEY `fk_context_definition_id` (`fk_context_definition_id`),
  CONSTRAINT `context_center_ibfk_1` FOREIGN KEY (`fk_context_cluster_id`) REFERENCES `context_cluster` (`context_cluster_id`),
  CONSTRAINT `context_center_ibfk_2` FOREIGN KEY (`fk_context_cluster_id`) REFERENCES `context_cluster` (`context_cluster_id`),
  CONSTRAINT `context_center_ibfk_3` FOREIGN KEY (`fk_office_id`) REFERENCES `office` (`office_id`),
  CONSTRAINT `context_center_ibfk_4` FOREIGN KEY (`fk_context_definition_id`) REFERENCES `context_definition` (`context_definition_id`)
) ENGINE=InnoDB DEFAULT CHARSET=latin1;

INSERT INTO `context_center` (`context_center_id`, `context_center_track_number`, `context_center_name`, `context_center_description`, `fk_context_cluster_id`, `fk_context_definition_id`, `fk_office_id`, `context_center_created_date`, `context_center_created_by`, `context_center_last_modified_by`, `context_center_last_modified_date`, `fk_approval_id`, `fk_status_id`) VALUES
(1,	'COER-53990',	'GRC Shingila',	'This is GRC Shingila',	1,	13,	9,	'2019-12-13',	1,	1,	NULL,	454,	58);

DROP TABLE IF EXISTS `context_center_user`;
CREATE TABLE `context_center_user` (
  `context_center_user_id` int(100) NOT NULL AUTO_INCREMENT,
  `context_center_user_track_number` varchar(100) NOT NULL,
  `context_center_user_name` varchar(100) NOT NULL,
  `fk_user_id` int(100) NOT NULL,
  `fk_context_center_id` int(100) NOT NULL,
  `fk_designation_id` int(100) NOT NULL,
  `context_center_user_is_active` int(5) NOT NULL DEFAULT '1',
  `context_center_user_created_date` date NOT NULL,
  `context_center_user_last_modified_date` timestamp NOT NULL DEFAULT CURRENT_TIMESTAMP,
  `context_center_user_created_by` int(100) NOT NULL,
  `context_center_user_last_modified_by` int(100) NOT NULL,
  `fk_approval_id` int(100) DEFAULT NULL,
  `fk_status_id` int(100) DEFAULT NULL,
  PRIMARY KEY (`context_center_user_id`),
  KEY `fk_user_id` (`fk_user_id`),
  KEY `fk_context_center_id` (`fk_context_center_id`),
  KEY `fk_designation_id` (`fk_designation_id`),
  CONSTRAINT `context_center_user_ibfk_1` FOREIGN KEY (`fk_user_id`) REFERENCES `user` (`user_id`),
  CONSTRAINT `context_center_user_ibfk_2` FOREIGN KEY (`fk_context_center_id`) REFERENCES `context_center` (`context_center_id`),
  CONSTRAINT `context_center_user_ibfk_3` FOREIGN KEY (`fk_designation_id`) REFERENCES `designation` (`designation_id`)
) ENGINE=InnoDB DEFAULT CHARSET=latin1;

INSERT INTO `context_center_user` (`context_center_user_id`, `context_center_user_track_number`, `context_center_user_name`, `fk_user_id`, `fk_context_center_id`, `fk_designation_id`, `context_center_user_is_active`, `context_center_user_created_date`, `context_center_user_last_modified_date`, `context_center_user_created_by`, `context_center_user_last_modified_by`, `fk_approval_id`, `fk_status_id`) VALUES
(1,	'COER-38672',	'David Mbitsi - GRC',	5,	1,	3,	1,	'2019-12-15',	'2019-12-15 13:55:06',	1,	1,	465,	0);

DROP TABLE IF EXISTS `context_cluster`;
CREATE TABLE `context_cluster` (
  `context_cluster_id` int(100) NOT NULL AUTO_INCREMENT,
  `context_cluster_track_number` varchar(100) NOT NULL,
  `context_cluster_name` varchar(100) NOT NULL,
  `context_cluster_description` longtext NOT NULL,
  `fk_office_id` int(100) NOT NULL,
  `fk_context_cohort_id` int(100) NOT NULL,
  `fk_context_definition_id` int(100) NOT NULL,
  `context_cluster_created_date` date NOT NULL,
  `context_cluster_last_modified_date` timestamp NOT NULL DEFAULT CURRENT_TIMESTAMP,
  `context_cluster_created_by` int(100) NOT NULL,
  `context_cluster_last_modified_by` int(100) NOT NULL,
  `fk_approval_id` int(11) NOT NULL,
  `fk_status_id` int(11) NOT NULL,
  PRIMARY KEY (`context_cluster_id`),
  UNIQUE KEY `fk_office_id` (`fk_office_id`),
  KEY `fk_approval_id` (`fk_approval_id`),
  KEY `fk_status_id` (`fk_status_id`),
  KEY `fk_context_cohort_id` (`fk_context_cohort_id`),
  KEY `fk_context_definition_id` (`fk_context_definition_id`),
  CONSTRAINT `context_cluster_ibfk_1` FOREIGN KEY (`fk_context_cohort_id`) REFERENCES `context_cohort` (`context_cohort_id`),
  CONSTRAINT `context_cluster_ibfk_2` FOREIGN KEY (`fk_approval_id`) REFERENCES `approval` (`approval_id`),
  CONSTRAINT `context_cluster_ibfk_3` FOREIGN KEY (`fk_status_id`) REFERENCES `status` (`status_id`),
  CONSTRAINT `context_cluster_ibfk_5` FOREIGN KEY (`fk_context_cohort_id`) REFERENCES `context_cohort` (`context_cohort_id`),
  CONSTRAINT `context_cluster_ibfk_6` FOREIGN KEY (`fk_office_id`) REFERENCES `office` (`office_id`),
  CONSTRAINT `context_cluster_ibfk_7` FOREIGN KEY (`fk_context_definition_id`) REFERENCES `context_definition` (`context_definition_id`)
) ENGINE=InnoDB DEFAULT CHARSET=latin1;

INSERT INTO `context_cluster` (`context_cluster_id`, `context_cluster_track_number`, `context_cluster_name`, `context_cluster_description`, `fk_office_id`, `fk_context_cohort_id`, `fk_context_definition_id`, `context_cluster_created_date`, `context_cluster_last_modified_date`, `context_cluster_created_by`, `context_cluster_last_modified_by`, `fk_approval_id`, `fk_status_id`) VALUES
(1,	'COER-25606',	'Malindi Cluster',	'This is Malindi cluster',	23,	1,	8,	'2019-12-13',	'2019-12-13 04:14:01',	1,	1,	453,	66),
(2,	'COER-83909',	'Kaloleni Cluster',	'This is a Kaloleni Cluster',	19,	2,	8,	'2019-12-14',	'2019-12-14 04:41:24',	1,	1,	458,	66);

DROP TABLE IF EXISTS `context_cluster_user`;
CREATE TABLE `context_cluster_user` (
  `context_cluster_user_id` int(100) NOT NULL AUTO_INCREMENT,
  `context_cluster_user_track_number` varchar(100) NOT NULL,
  `context_cluster_user_name` varchar(100) NOT NULL,
  `fk_context_cluster_id` int(100) NOT NULL,
  `fk_user_id` int(100) NOT NULL,
  `fk_designation_id` int(100) NOT NULL,
  `context_cluster_user_is_active` int(5) NOT NULL DEFAULT '1',
  `context_cluster_user_created_date` date NOT NULL,
  `context_cluster_user_last_modified_date` timestamp NOT NULL DEFAULT CURRENT_TIMESTAMP,
  `context_cluster_user_created_by` int(100) NOT NULL,
  `context_cluster_user_last_modified_by` int(100) NOT NULL,
  `fk_approval_id` int(11) NOT NULL,
  `fk_status_id` int(11) NOT NULL,
  PRIMARY KEY (`context_cluster_user_id`),
  KEY `fk_approval_id` (`fk_approval_id`),
  KEY `fk_status_id` (`fk_status_id`),
  KEY `fk_context_cluster_id` (`fk_context_cluster_id`),
  KEY `fk_designation_id` (`fk_designation_id`),
  KEY `fk_user_id` (`fk_user_id`),
  CONSTRAINT `context_cluster_user_ibfk_1` FOREIGN KEY (`fk_context_cluster_id`) REFERENCES `context_cluster` (`context_cluster_id`),
  CONSTRAINT `context_cluster_user_ibfk_2` FOREIGN KEY (`fk_user_id`) REFERENCES `user` (`user_id`),
  CONSTRAINT `context_cluster_user_ibfk_3` FOREIGN KEY (`fk_approval_id`) REFERENCES `approval` (`approval_id`),
  CONSTRAINT `context_cluster_user_ibfk_4` FOREIGN KEY (`fk_status_id`) REFERENCES `status` (`status_id`),
  CONSTRAINT `context_cluster_user_ibfk_5` FOREIGN KEY (`fk_designation_id`) REFERENCES `designation` (`designation_id`)
) ENGINE=InnoDB DEFAULT CHARSET=latin1;


DROP TABLE IF EXISTS `context_cohort`;
CREATE TABLE `context_cohort` (
  `context_cohort_id` int(100) NOT NULL AUTO_INCREMENT,
  `context_cohort_track_number` varchar(100) NOT NULL,
  `context_cohort_name` varchar(100) NOT NULL,
  `context_cohort_description` longtext NOT NULL,
  `fk_office_id` int(100) NOT NULL,
  `fk_context_country_id` int(100) NOT NULL,
  `fk_context_definition_id` int(100) NOT NULL,
  `context_cohort_created_date` date NOT NULL,
  `context_cohort_last_modified_date` timestamp NOT NULL DEFAULT CURRENT_TIMESTAMP,
  `context_cohort_created_by` int(100) NOT NULL,
  `context_cohort_last_modified_by` int(100) NOT NULL,
  `fk_approval_id` int(11) NOT NULL,
  `fk_status_id` int(11) NOT NULL,
  PRIMARY KEY (`context_cohort_id`),
  UNIQUE KEY `fk_coffice_id` (`fk_office_id`),
  KEY `fk_approval_id` (`fk_approval_id`),
  KEY `fk_status_id` (`fk_status_id`),
  KEY `fk_context_country_id` (`fk_context_country_id`),
  KEY `fk_context_definition_id` (`fk_context_definition_id`),
  CONSTRAINT `context_cohort_ibfk_1` FOREIGN KEY (`fk_context_country_id`) REFERENCES `context_country` (`context_country_id`),
  CONSTRAINT `context_cohort_ibfk_2` FOREIGN KEY (`fk_approval_id`) REFERENCES `approval` (`approval_id`),
  CONSTRAINT `context_cohort_ibfk_3` FOREIGN KEY (`fk_status_id`) REFERENCES `status` (`status_id`),
  CONSTRAINT `context_cohort_ibfk_4` FOREIGN KEY (`fk_office_id`) REFERENCES `office` (`office_id`),
  CONSTRAINT `context_cohort_ibfk_5` FOREIGN KEY (`fk_context_country_id`) REFERENCES `context_country` (`context_country_id`),
  CONSTRAINT `context_cohort_ibfk_6` FOREIGN KEY (`fk_context_definition_id`) REFERENCES `context_definition` (`context_definition_id`)
) ENGINE=InnoDB DEFAULT CHARSET=latin1;

INSERT INTO `context_cohort` (`context_cohort_id`, `context_cohort_track_number`, `context_cohort_name`, `context_cohort_description`, `fk_office_id`, `fk_context_country_id`, `fk_context_definition_id`, `context_cohort_created_date`, `context_cohort_last_modified_date`, `context_cohort_created_by`, `context_cohort_last_modified_by`, `fk_approval_id`, `fk_status_id`) VALUES
(1,	'CORT-53318',	'Coast and Lower Eastern Cohort',	'This is Coast and Lower Eastern Cohort',	20,	1,	9,	'2019-12-13',	'2019-12-13 04:12:02',	1,	1,	451,	70),
(2,	'CORT-19622',	'Nairobi Area Cohort',	'This is a Nairobi Area Cohort',	15,	1,	9,	'2019-12-14',	'2019-12-14 04:28:21',	1,	1,	457,	70),
(3,	'CORT-57857',	'Uganda East Cohort Context',	'Uganda East Cohort Context',	25,	2,	9,	'2019-12-15',	'2019-12-15 09:06:40',	1,	1,	463,	70);

DROP TABLE IF EXISTS `context_cohort_user`;
CREATE TABLE `context_cohort_user` (
  `context_cohort_user_id` int(100) NOT NULL AUTO_INCREMENT,
  `context_cohort_user_track_number` varchar(100) NOT NULL,
  `context_cohort_user_name` varchar(100) NOT NULL,
  `fk_user_id` int(100) NOT NULL,
  `fk_context_cohort_id` int(100) NOT NULL,
  `fk_designation_id` int(100) NOT NULL,
  `context_cohort_user_is_active` int(5) NOT NULL DEFAULT '1',
  `context_cohort_user_created_date` date NOT NULL,
  `context_cohort_user_last_modified_date` timestamp NOT NULL DEFAULT CURRENT_TIMESTAMP,
  `context_cohort_user_created_by` int(100) NOT NULL,
  `context_cohort_user_last_modified_by` int(100) NOT NULL,
  `fk_approval_id` int(11) NOT NULL,
  `fk_status_id` int(11) NOT NULL,
  PRIMARY KEY (`context_cohort_user_id`),
  KEY `fk_user_id` (`fk_user_id`),
  KEY `fk_group_cohort_id` (`fk_context_cohort_id`),
  KEY `fk_approval_id` (`fk_approval_id`),
  KEY `fk_status_id` (`fk_status_id`),
  KEY `fk_designation_id` (`fk_designation_id`),
  CONSTRAINT `context_cohort_user_ibfk_1` FOREIGN KEY (`fk_user_id`) REFERENCES `user` (`user_id`),
  CONSTRAINT `context_cohort_user_ibfk_2` FOREIGN KEY (`fk_context_cohort_id`) REFERENCES `context_cohort` (`context_cohort_id`),
  CONSTRAINT `context_cohort_user_ibfk_3` FOREIGN KEY (`fk_approval_id`) REFERENCES `approval` (`approval_id`),
  CONSTRAINT `context_cohort_user_ibfk_4` FOREIGN KEY (`fk_status_id`) REFERENCES `status` (`status_id`),
  CONSTRAINT `context_cohort_user_ibfk_5` FOREIGN KEY (`fk_designation_id`) REFERENCES `designation` (`designation_id`)
) ENGINE=InnoDB DEFAULT CHARSET=latin1;


DROP TABLE IF EXISTS `context_country`;
CREATE TABLE `context_country` (
  `context_country_id` int(100) NOT NULL AUTO_INCREMENT,
  `context_country_track_number` varchar(100) NOT NULL,
  `context_country_name` varchar(100) NOT NULL,
  `context_country_description` longtext NOT NULL,
  `fk_office_id` int(100) NOT NULL,
  `fk_context_region_id` int(100) NOT NULL,
  `fk_context_definition_id` int(100) NOT NULL,
  `context_country_created_date` date NOT NULL,
  `context_country_last_modified_date` timestamp NOT NULL DEFAULT CURRENT_TIMESTAMP,
  `context_country_created_by` int(100) NOT NULL,
  `context_country_last_modified_by` int(100) NOT NULL,
  `fk_approval_id` int(11) NOT NULL,
  `fk_status_id` int(11) NOT NULL,
  PRIMARY KEY (`context_country_id`),
  UNIQUE KEY `fk_office_id` (`fk_office_id`),
  KEY `fk_approval_id` (`fk_approval_id`),
  KEY `fk_status_id` (`fk_status_id`),
  KEY `fk_context_region_id` (`fk_context_region_id`),
  KEY `fk_context_definition_id` (`fk_context_definition_id`),
  CONSTRAINT `context_country_ibfk_1` FOREIGN KEY (`fk_context_region_id`) REFERENCES `context_region` (`context_region_id`),
  CONSTRAINT `context_country_ibfk_2` FOREIGN KEY (`fk_approval_id`) REFERENCES `approval` (`approval_id`),
  CONSTRAINT `context_country_ibfk_3` FOREIGN KEY (`fk_status_id`) REFERENCES `status` (`status_id`),
  CONSTRAINT `context_country_ibfk_4` FOREIGN KEY (`fk_office_id`) REFERENCES `office` (`office_id`),
  CONSTRAINT `context_country_ibfk_5` FOREIGN KEY (`fk_context_region_id`) REFERENCES `context_region` (`context_region_id`),
  CONSTRAINT `context_country_ibfk_6` FOREIGN KEY (`fk_context_definition_id`) REFERENCES `context_definition` (`context_definition_id`)
) ENGINE=InnoDB DEFAULT CHARSET=latin1;

INSERT INTO `context_country` (`context_country_id`, `context_country_track_number`, `context_country_name`, `context_country_description`, `fk_office_id`, `fk_context_region_id`, `fk_context_definition_id`, `context_country_created_date`, `context_country_last_modified_date`, `context_country_created_by`, `context_country_last_modified_by`, `fk_approval_id`, `fk_status_id`) VALUES
(1,	'CORY-56399',	'Kenya Country Office',	'This is Kenya Country Office',	18,	2,	10,	'2019-12-13',	'2019-12-13 04:11:04',	1,	1,	450,	69),
(2,	'CORY-88987',	'Uganda Country Office',	'Uganda Country Office',	24,	2,	10,	'2019-12-15',	'2019-12-15 08:18:39',	1,	1,	460,	69);

DROP TABLE IF EXISTS `context_country_user`;
CREATE TABLE `context_country_user` (
  `context_country_user_id` int(100) NOT NULL AUTO_INCREMENT,
  `context_country_user_track_number` varchar(100) NOT NULL,
  `context_country_user_name` varchar(100) NOT NULL,
  `fk_user_id` int(100) NOT NULL,
  `fk_context_country_id` int(100) NOT NULL,
  `fk_designation_id` int(100) NOT NULL,
  `context_country_user_is_active` int(5) NOT NULL DEFAULT '1',
  `context_country_user_created_date` date NOT NULL,
  `context_country_user_last_modified_date` timestamp NOT NULL DEFAULT CURRENT_TIMESTAMP,
  `context_country_user_created_by` int(100) NOT NULL,
  `context_country_user_last_modified_by` int(100) NOT NULL,
  `fk_approval_id` int(11) NOT NULL,
  `fk_status_id` int(11) NOT NULL,
  PRIMARY KEY (`context_country_user_id`),
  KEY `fk_user_id` (`fk_user_id`),
  KEY `fk_group_country_id` (`fk_context_country_id`),
  KEY `fk_approval_id` (`fk_approval_id`),
  KEY `fk_status_id` (`fk_status_id`),
  KEY `fk_designation_id` (`fk_designation_id`),
  CONSTRAINT `context_country_user_ibfk_1` FOREIGN KEY (`fk_user_id`) REFERENCES `user` (`user_id`),
  CONSTRAINT `context_country_user_ibfk_2` FOREIGN KEY (`fk_context_country_id`) REFERENCES `context_country` (`context_country_id`),
  CONSTRAINT `context_country_user_ibfk_3` FOREIGN KEY (`fk_approval_id`) REFERENCES `approval` (`approval_id`),
  CONSTRAINT `context_country_user_ibfk_4` FOREIGN KEY (`fk_status_id`) REFERENCES `status` (`status_id`),
  CONSTRAINT `context_country_user_ibfk_5` FOREIGN KEY (`fk_designation_id`) REFERENCES `designation` (`designation_id`)
) ENGINE=InnoDB DEFAULT CHARSET=latin1;

INSERT INTO `context_country_user` (`context_country_user_id`, `context_country_user_track_number`, `context_country_user_name`, `fk_user_id`, `fk_context_country_id`, `fk_designation_id`, `context_country_user_is_active`, `context_country_user_created_date`, `context_country_user_last_modified_date`, `context_country_user_created_by`, `context_country_user_last_modified_by`, `fk_approval_id`, `fk_status_id`) VALUES
(1,	'COER-3908',	'Nicodemus Karisa - System Admin',	1,	1,	7,	1,	'2019-12-13',	'2019-12-13 16:15:08',	1,	1,	456,	77),
(2,	'COER-46484',	'Nicodemus Karisa for Uganda Sys Admin',	1,	2,	7,	1,	'2019-12-15',	'2019-12-15 08:23:05',	1,	1,	461,	77);

DROP TABLE IF EXISTS `context_definition`;
CREATE TABLE `context_definition` (
  `context_definition_id` int(100) NOT NULL AUTO_INCREMENT,
  `context_definition_track_number` varchar(100) DEFAULT NULL,
  `context_definition_name` varchar(100) DEFAULT NULL,
  `context_definition_level` int(5) DEFAULT NULL,
  `context_definition_is_active` int(5) NOT NULL DEFAULT '1',
  `context_definition_created_date` date DEFAULT NULL,
  `context_definition_last_modified_date` timestamp NULL DEFAULT CURRENT_TIMESTAMP,
  `context_definition_created_by` int(100) DEFAULT NULL,
  `context_definition_last_modified_by` int(100) DEFAULT NULL,
  `context_definition_deleted_at` date DEFAULT NULL,
  `fk_approval_id` int(100) DEFAULT NULL,
  `fk_status_id` int(100) DEFAULT NULL,
  PRIMARY KEY (`context_definition_id`),
  UNIQUE KEY `center_group_hierarchy_level` (`context_definition_level`)
) ENGINE=InnoDB DEFAULT CHARSET=latin1;

INSERT INTO `context_definition` (`context_definition_id`, `context_definition_track_number`, `context_definition_name`, `context_definition_level`, `context_definition_is_active`, `context_definition_created_date`, `context_definition_last_modified_date`, `context_definition_created_by`, `context_definition_last_modified_by`, `context_definition_deleted_at`, `fk_approval_id`, `fk_status_id`) VALUES
(8,	'CEHY-27364',	'cluster',	2,	1,	'2019-11-21',	'2019-11-21 06:49:58',	1,	1,	NULL,	256,	59),
(9,	'CEHY-40087',	'cohort',	3,	1,	'2019-11-21',	'2019-11-21 06:50:26',	1,	1,	NULL,	257,	59),
(10,	'CEHY-76588',	'country',	4,	1,	'2019-11-21',	'2019-11-21 06:50:34',	1,	1,	NULL,	258,	59),
(11,	'CEHY-37430',	'region',	5,	1,	'2019-11-21',	'2019-11-21 06:50:43',	1,	1,	NULL,	259,	59),
(12,	'CEHY-72349',	'global',	6,	1,	'2019-11-21',	'2019-11-21 06:50:52',	1,	1,	NULL,	260,	59),
(13,	'CEHY-56809',	'center',	1,	1,	'2019-11-21',	'2019-11-21 16:39:07',	1,	1,	NULL,	265,	59);

DROP TABLE IF EXISTS `context_global`;
CREATE TABLE `context_global` (
  `context_global_id` int(100) NOT NULL AUTO_INCREMENT,
  `context_global_track_number` varchar(100) NOT NULL,
  `context_global_name` varchar(100) NOT NULL,
  `context_global_description` longtext NOT NULL,
  `fk_office_id` int(100) NOT NULL,
  `fk_context_definition_id` int(100) NOT NULL,
  `context_global_created_date` date NOT NULL,
  `context_global_created_by` int(100) NOT NULL,
  `context_global_last_modified_date` timestamp NOT NULL DEFAULT CURRENT_TIMESTAMP,
  `context_global_last_modified_by` int(100) NOT NULL,
  `fk_approval_id` int(11) NOT NULL,
  `fk_status_id` int(11) NOT NULL,
  PRIMARY KEY (`context_global_id`),
  UNIQUE KEY `fk_office_id` (`fk_office_id`),
  KEY `fk_approval_id` (`fk_approval_id`),
  KEY `fk_status_id` (`fk_status_id`),
  KEY `fk_context_definition_id` (`fk_context_definition_id`),
  CONSTRAINT `context_global_ibfk_1` FOREIGN KEY (`fk_approval_id`) REFERENCES `approval` (`approval_id`),
  CONSTRAINT `context_global_ibfk_2` FOREIGN KEY (`fk_status_id`) REFERENCES `status` (`status_id`),
  CONSTRAINT `context_global_ibfk_3` FOREIGN KEY (`fk_office_id`) REFERENCES `office` (`office_id`),
  CONSTRAINT `context_global_ibfk_4` FOREIGN KEY (`fk_context_definition_id`) REFERENCES `context_definition` (`context_definition_id`)
) ENGINE=InnoDB DEFAULT CHARSET=latin1;

INSERT INTO `context_global` (`context_global_id`, `context_global_track_number`, `context_global_name`, `context_global_description`, `fk_office_id`, `fk_context_definition_id`, `context_global_created_date`, `context_global_created_by`, `context_global_last_modified_date`, `context_global_last_modified_by`, `fk_approval_id`, `fk_status_id`) VALUES
(3,	'COAL-61677',	'International Office',	'This is the international office',	21,	12,	'2019-12-13',	1,	'2019-12-13 04:05:02',	1,	446,	67);

DROP TABLE IF EXISTS `context_global_user`;
CREATE TABLE `context_global_user` (
  `context_global_user_id` int(100) NOT NULL AUTO_INCREMENT,
  `context_global_user_track_number` varchar(100) NOT NULL,
  `context_global_user_name` varchar(100) NOT NULL,
  `fk_user_id` int(100) NOT NULL,
  `fk_context_global_id` int(100) NOT NULL,
  `fk_designation_id` int(100) NOT NULL,
  `context_global_user_is_active` int(5) NOT NULL DEFAULT '1',
  `context_global_user_created_date` date NOT NULL,
  `context_global_user_last_modified_date` timestamp NOT NULL DEFAULT CURRENT_TIMESTAMP,
  `context_global_user_created_by` int(100) NOT NULL,
  `context_global_user_last_modified_by` int(100) NOT NULL,
  `fk_approval_id` int(11) NOT NULL,
  `fk_status_id` int(11) NOT NULL,
  PRIMARY KEY (`context_global_user_id`),
  KEY `fk_user_id` (`fk_user_id`),
  KEY `fk_group_global_id` (`fk_context_global_id`),
  KEY `fk_approval_id` (`fk_approval_id`),
  KEY `fk_status_id` (`fk_status_id`),
  KEY `fk_designation_id` (`fk_designation_id`),
  CONSTRAINT `context_global_user_ibfk_1` FOREIGN KEY (`fk_user_id`) REFERENCES `user` (`user_id`),
  CONSTRAINT `context_global_user_ibfk_2` FOREIGN KEY (`fk_context_global_id`) REFERENCES `context_global` (`context_global_id`),
  CONSTRAINT `context_global_user_ibfk_3` FOREIGN KEY (`fk_approval_id`) REFERENCES `approval` (`approval_id`),
  CONSTRAINT `context_global_user_ibfk_4` FOREIGN KEY (`fk_status_id`) REFERENCES `status` (`status_id`),
  CONSTRAINT `context_global_user_ibfk_5` FOREIGN KEY (`fk_designation_id`) REFERENCES `designation` (`designation_id`)
) ENGINE=InnoDB DEFAULT CHARSET=latin1;


DROP TABLE IF EXISTS `context_region`;
CREATE TABLE `context_region` (
  `context_region_id` int(100) NOT NULL AUTO_INCREMENT,
  `context_region_track_number` varchar(100) NOT NULL,
  `context_region_name` varchar(100) NOT NULL,
  `context_region_description` longtext NOT NULL,
  `fk_office_id` int(100) NOT NULL,
  `fk_context_global_id` int(100) NOT NULL,
  `fk_context_definition_id` int(100) NOT NULL,
  `context_region_created_date` date NOT NULL,
  `context_region_last_modified_date` timestamp NOT NULL DEFAULT CURRENT_TIMESTAMP,
  `context_region_created_by` int(100) NOT NULL,
  `context_region_last_modified_by` int(100) NOT NULL,
  `fk_approval_id` int(11) NOT NULL,
  `fk_status_id` int(11) NOT NULL,
  PRIMARY KEY (`context_region_id`),
  UNIQUE KEY `fk_office_id` (`fk_office_id`),
  KEY `fk_approval_id` (`fk_approval_id`),
  KEY `fk_status_id` (`fk_status_id`),
  KEY `fk_context_global_id` (`fk_context_global_id`),
  KEY `fk_context_definition_id` (`fk_context_definition_id`),
  CONSTRAINT `context_region_ibfk_1` FOREIGN KEY (`fk_context_global_id`) REFERENCES `context_global` (`context_global_id`),
  CONSTRAINT `context_region_ibfk_2` FOREIGN KEY (`fk_approval_id`) REFERENCES `approval` (`approval_id`),
  CONSTRAINT `context_region_ibfk_3` FOREIGN KEY (`fk_status_id`) REFERENCES `status` (`status_id`),
  CONSTRAINT `context_region_ibfk_4` FOREIGN KEY (`fk_office_id`) REFERENCES `office` (`office_id`),
  CONSTRAINT `context_region_ibfk_5` FOREIGN KEY (`fk_context_global_id`) REFERENCES `context_global` (`context_global_id`),
  CONSTRAINT `context_region_ibfk_6` FOREIGN KEY (`fk_context_definition_id`) REFERENCES `context_definition` (`context_definition_id`)
) ENGINE=InnoDB DEFAULT CHARSET=latin1;

INSERT INTO `context_region` (`context_region_id`, `context_region_track_number`, `context_region_name`, `context_region_description`, `fk_office_id`, `fk_context_global_id`, `fk_context_definition_id`, `context_region_created_date`, `context_region_last_modified_date`, `context_region_created_by`, `context_region_last_modified_by`, `fk_approval_id`, `fk_status_id`) VALUES
(2,	'COON-65080',	'Africa Region Office',	'This is Africa Region',	22,	3,	11,	'2019-12-13',	'2019-12-13 04:10:04',	1,	1,	449,	68);

DROP TABLE IF EXISTS `context_region_user`;
CREATE TABLE `context_region_user` (
  `context_region_user_id` int(100) NOT NULL AUTO_INCREMENT,
  `context_region_user_track_number` varchar(100) NOT NULL,
  `context_region_user_name` varchar(100) NOT NULL,
  `fk_user_id` int(100) NOT NULL,
  `fk_context_region_id` int(100) NOT NULL,
  `fk_designation_id` int(100) NOT NULL,
  `context_region_user_is_active` int(5) NOT NULL DEFAULT '1',
  `context_region_user_created_date` date NOT NULL,
  `context_region_user_last_modified_date` timestamp NOT NULL DEFAULT CURRENT_TIMESTAMP,
  `context_region_user_created_by` int(100) NOT NULL,
  `context_region_user_last_modified_by` int(100) NOT NULL,
  `fk_approval_id` int(11) NOT NULL,
  `fk_status_id` int(100) DEFAULT NULL,
  PRIMARY KEY (`context_region_user_id`),
  KEY `fk_user_id` (`fk_user_id`),
  KEY `fk_group_region_id` (`fk_context_region_id`),
  KEY `fk_approval_id` (`fk_approval_id`),
  KEY `fk_designation_id` (`fk_designation_id`),
  CONSTRAINT `context_region_user_ibfk_1` FOREIGN KEY (`fk_user_id`) REFERENCES `user` (`user_id`),
  CONSTRAINT `context_region_user_ibfk_2` FOREIGN KEY (`fk_context_region_id`) REFERENCES `context_region` (`context_region_id`),
  CONSTRAINT `context_region_user_ibfk_3` FOREIGN KEY (`fk_approval_id`) REFERENCES `approval` (`approval_id`),
  CONSTRAINT `context_region_user_ibfk_5` FOREIGN KEY (`fk_designation_id`) REFERENCES `designation` (`designation_id`)
) ENGINE=InnoDB DEFAULT CHARSET=latin1;


DROP TABLE IF EXISTS `context_user`;
CREATE TABLE `context_user` (
  `context_user_id` int(100) NOT NULL AUTO_INCREMENT,
  `context_user_track_number` varchar(100) NOT NULL,
  `context_user_name` varchar(100) NOT NULL,
  `fk_user_id` int(100) NOT NULL,
  `fk_context_id` int(100) NOT NULL,
  `context_user_created_date` date NOT NULL,
  `context_user_last_modified_date` timestamp NOT NULL DEFAULT CURRENT_TIMESTAMP,
  `context_user_created_by` int(11) NOT NULL,
  `context_user_last_modified_by` int(11) NOT NULL,
  PRIMARY KEY (`context_user_id`),
  KEY `fk_user_id` (`fk_user_id`),
  KEY `fk_context_id` (`fk_context_id`),
  CONSTRAINT `context_user_ibfk_1` FOREIGN KEY (`fk_user_id`) REFERENCES `user` (`user_id`),
  CONSTRAINT `context_user_ibfk_2` FOREIGN KEY (`fk_context_id`) REFERENCES `context` (`context_id`)
) ENGINE=InnoDB DEFAULT CHARSET=latin1;


DROP TABLE IF EXISTS `customizable_table`;
CREATE TABLE `customizable_table` (
  `customizable_table_id` int(11) NOT NULL,
  `customizable_table_name` varchar(100) DEFAULT NULL,
  `created_date` date DEFAULT NULL,
  `last_modified_date` date DEFAULT NULL,
  `deleted_date` date DEFAULT NULL,
  `created_by` int(100) DEFAULT NULL,
  `last_modified_by` int(100) DEFAULT NULL,
  PRIMARY KEY (`customizable_table_id`)
) ENGINE=InnoDB DEFAULT CHARSET=latin1;


DROP TABLE IF EXISTS `custom_field`;
CREATE TABLE `custom_field` (
  `custom_field_id` int(100) NOT NULL,
  `customizable_table_id` int(100) DEFAULT NULL,
  `column_name` varchar(100) DEFAULT NULL,
  `created_date` date DEFAULT NULL,
  `last_modified_date` date DEFAULT NULL,
  `deleted_date` date DEFAULT NULL,
  `created_by` int(100) DEFAULT NULL,
  `last_modified_by` int(100) DEFAULT NULL,
  `custom_field_type_id` int(100) DEFAULT NULL,
  PRIMARY KEY (`custom_field_id`),
  KEY `fk_custom_field_customizable_table1_idx` (`customizable_table_id`),
  KEY `fk_custom_field_custom_field_type1_idx` (`custom_field_type_id`),
  CONSTRAINT `fk_custom_field_custom_field_type1` FOREIGN KEY (`custom_field_type_id`) REFERENCES `custom_field_type` (`custom_field_type_id`) ON DELETE NO ACTION ON UPDATE NO ACTION,
  CONSTRAINT `fk_custom_field_customizable_table1` FOREIGN KEY (`customizable_table_id`) REFERENCES `customizable_table` (`customizable_table_id`) ON DELETE NO ACTION ON UPDATE NO ACTION
) ENGINE=InnoDB DEFAULT CHARSET=latin1;


DROP TABLE IF EXISTS `custom_field_detail`;
CREATE TABLE `custom_field_detail` (
  `custom_field_detail_id` int(100) NOT NULL AUTO_INCREMENT,
  `custom_field_id` int(100) DEFAULT NULL,
  `custom_field_value` varchar(100) DEFAULT NULL,
  `created_date` date DEFAULT NULL,
  `last_modified_date` date DEFAULT NULL,
  `deleted_date` date DEFAULT NULL,
  `created_by` int(100) DEFAULT NULL,
  `last_modified_by` int(100) DEFAULT NULL,
  PRIMARY KEY (`custom_field_detail_id`),
  KEY `fk_custom_field_detail_custom_field1_idx` (`custom_field_id`),
  CONSTRAINT `fk_custom_field_detail_custom_field1` FOREIGN KEY (`custom_field_id`) REFERENCES `custom_field` (`custom_field_id`) ON DELETE NO ACTION ON UPDATE NO ACTION
) ENGINE=InnoDB DEFAULT CHARSET=latin1;


DROP TABLE IF EXISTS `custom_field_type`;
CREATE TABLE `custom_field_type` (
  `custom_field_type_id` int(100) NOT NULL AUTO_INCREMENT,
  `custom_field_type_name` varchar(100) DEFAULT NULL,
  `created_date` date DEFAULT NULL,
  `last_modified_date` date DEFAULT NULL,
  `deleted_date` date DEFAULT NULL,
  `created_by` int(100) DEFAULT NULL,
  `last_modified_by` int(100) DEFAULT NULL,
  PRIMARY KEY (`custom_field_type_id`)
) ENGINE=InnoDB DEFAULT CHARSET=latin1;


DROP TABLE IF EXISTS `custom_field_type_option`;
CREATE TABLE `custom_field_type_option` (
  `custom_field_type_option_id` int(100) NOT NULL AUTO_INCREMENT,
  `custom_field_id` int(100) DEFAULT NULL,
  `custom_field_type_option_name` varchar(100) DEFAULT NULL,
  `created_date` date DEFAULT NULL,
  `last_modified_date` date DEFAULT NULL,
  `deleted_date` date DEFAULT NULL,
  `created_by` int(100) DEFAULT NULL,
  `last_modified_by` int(100) DEFAULT NULL,
  PRIMARY KEY (`custom_field_type_option_id`),
  KEY `fk_custom_field_type_option_custom_field1_idx` (`custom_field_id`),
  CONSTRAINT `fk_custom_field_type_option_custom_field1` FOREIGN KEY (`custom_field_id`) REFERENCES `custom_field` (`custom_field_id`) ON DELETE NO ACTION ON UPDATE NO ACTION
) ENGINE=InnoDB DEFAULT CHARSET=latin1;


DROP TABLE IF EXISTS `dashboard`;
CREATE TABLE `dashboard` (
  `dashboard_id` int(100) NOT NULL AUTO_INCREMENT,
  `dashboard_name` varchar(100) DEFAULT NULL,
  `dashboard_created_date` date DEFAULT NULL,
  `dashboard_created_by` int(100) DEFAULT NULL,
  `dashboard_last_modified_by` int(100) DEFAULT NULL,
  `dashboard_last_modified_date` date DEFAULT NULL,
  `fk_approval_id` int(100) DEFAULT NULL,
  `fk_status_id` int(100) DEFAULT NULL,
  PRIMARY KEY (`dashboard_id`)
) ENGINE=InnoDB DEFAULT CHARSET=latin1;


DROP TABLE IF EXISTS `department`;
CREATE TABLE `department` (
  `department_id` int(100) NOT NULL AUTO_INCREMENT,
  `department_track_number` varchar(100) NOT NULL,
  `department_name` varchar(100) NOT NULL,
  `department_description` longtext NOT NULL,
  `department_is_active` int(5) NOT NULL,
  `department_created_date` date NOT NULL,
  `department_last_modified_date` timestamp NOT NULL DEFAULT CURRENT_TIMESTAMP,
  `department_created_by` int(100) NOT NULL,
  `department_last_modified_by` int(100) NOT NULL,
  `fk_approval_id` int(11) NOT NULL,
  `fk_status_id` int(11) NOT NULL,
  PRIMARY KEY (`department_id`),
  KEY `fk_approval_id` (`fk_approval_id`),
  KEY `fk_status_id` (`fk_status_id`),
  CONSTRAINT `department_ibfk_1` FOREIGN KEY (`fk_approval_id`) REFERENCES `approval` (`approval_id`),
  CONSTRAINT `department_ibfk_2` FOREIGN KEY (`fk_status_id`) REFERENCES `status` (`status_id`)
) ENGINE=InnoDB DEFAULT CHARSET=latin1;

INSERT INTO `department` (`department_id`, `department_track_number`, `department_name`, `department_description`, `department_is_active`, `department_created_date`, `department_last_modified_date`, `department_created_by`, `department_last_modified_by`, `fk_approval_id`, `fk_status_id`) VALUES
(1,	'DENT-63671',	'Health Promotion',	'Health Promotion Department',	1,	'2019-11-21',	'2019-11-21 16:12:57',	1,	1,	262,	73),
(2,	'DENT-57933',	'Training Department',	'Training Department',	1,	'2019-11-21',	'2019-11-21 16:13:17',	1,	1,	263,	73),
(3,	'DENT-46303',	'Finance',	'Finance department',	1,	'2019-12-16',	'2019-12-16 10:40:23',	1,	1,	470,	73);

DROP TABLE IF EXISTS `department_user`;
CREATE TABLE `department_user` (
  `department_user_id` int(100) NOT NULL AUTO_INCREMENT,
  `department_user_track_number` varchar(100) NOT NULL,
  `department_user_name` varchar(100) NOT NULL,
  `fk_user_id` int(100) NOT NULL,
  `fk_department_id` int(100) NOT NULL,
  `department_user_created_date` date NOT NULL,
  `department_user_last_modified_date` timestamp NOT NULL DEFAULT CURRENT_TIMESTAMP,
  `department_user_created_by` int(100) NOT NULL,
  `department_user_last_modified_by` int(100) NOT NULL,
  `fk_approval_id` int(11) NOT NULL,
  `fk_status_id` int(11) NOT NULL,
  PRIMARY KEY (`department_user_id`),
  KEY `fk_user_id` (`fk_user_id`),
  KEY `fk_department_id` (`fk_department_id`),
  KEY `fk_approval_id` (`fk_approval_id`),
  KEY `fk_status_id` (`fk_status_id`),
  CONSTRAINT `department_user_ibfk_1` FOREIGN KEY (`fk_user_id`) REFERENCES `user` (`user_id`),
  CONSTRAINT `department_user_ibfk_2` FOREIGN KEY (`fk_department_id`) REFERENCES `department` (`department_id`),
  CONSTRAINT `department_user_ibfk_3` FOREIGN KEY (`fk_approval_id`) REFERENCES `approval` (`approval_id`),
  CONSTRAINT `department_user_ibfk_4` FOREIGN KEY (`fk_status_id`) REFERENCES `status` (`status_id`)
) ENGINE=InnoDB DEFAULT CHARSET=latin1;

INSERT INTO `department_user` (`department_user_id`, `department_user_track_number`, `department_user_name`, `fk_user_id`, `fk_department_id`, `department_user_created_date`, `department_user_last_modified_date`, `department_user_created_by`, `department_user_last_modified_by`, `fk_approval_id`, `fk_status_id`) VALUES
(1,	'DEER-5510',	'Mapenzi Hellen',	9,	1,	'2019-11-21',	'2019-11-21 17:08:57',	1,	1,	272,	74),
(2,	'DEER-18515',	'Joyce Cherono',	4,	2,	'2019-11-21',	'2019-11-21 19:34:45',	1,	1,	273,	74),
(3,	'DEER-84135',	'Nicodemus Karisa - Training Department',	1,	2,	'2019-12-15',	'2019-12-15 15:10:22',	1,	1,	467,	74),
(4,	'DEER-3294',	'David Mbitsi - Finance Department',	5,	3,	'2019-12-16',	'2019-12-16 10:41:18',	1,	1,	471,	74),
(5,	'DEER-69163',	'David Mbitsi - Training Department',	5,	2,	'2019-12-16',	'2019-12-16 10:59:09',	1,	1,	474,	74);

DROP TABLE IF EXISTS `designation`;
CREATE TABLE `designation` (
  `designation_id` int(100) NOT NULL AUTO_INCREMENT,
  `designation_track_number` varchar(100) NOT NULL,
  `designation_name` varchar(100) NOT NULL,
  `fk_context_definition_id` int(100) NOT NULL,
  `designation_created_date` date NOT NULL,
  `designation_last_modified_date` timestamp NOT NULL DEFAULT CURRENT_TIMESTAMP,
  `designation_created_by` int(100) NOT NULL,
  `designation_last_modified_by` int(100) NOT NULL,
  `fk_approval_id` int(11) NOT NULL,
  `fk_status_id` int(11) NOT NULL,
  PRIMARY KEY (`designation_id`),
  KEY `fk_approval_id` (`fk_approval_id`),
  KEY `fk_status_id` (`fk_status_id`),
  KEY `fk_center_group_hierarchy_id` (`fk_context_definition_id`),
  CONSTRAINT `designation_ibfk_1` FOREIGN KEY (`fk_approval_id`) REFERENCES `approval` (`approval_id`),
  CONSTRAINT `designation_ibfk_2` FOREIGN KEY (`fk_status_id`) REFERENCES `status` (`status_id`),
  CONSTRAINT `designation_ibfk_3` FOREIGN KEY (`fk_context_definition_id`) REFERENCES `context_definition` (`context_definition_id`)
) ENGINE=InnoDB DEFAULT CHARSET=latin1;

INSERT INTO `designation` (`designation_id`, `designation_track_number`, `designation_name`, `fk_context_definition_id`, `designation_created_date`, `designation_last_modified_date`, `designation_created_by`, `designation_last_modified_by`, `fk_approval_id`, `fk_status_id`) VALUES
(1,	'DEON-28178',	'Project Director',	13,	'2019-11-21',	'2019-11-21 16:40:33',	1,	1,	266,	76),
(2,	'DEON-61891',	'Health Worker',	13,	'2019-11-21',	'2019-11-21 16:40:44',	1,	1,	267,	76),
(3,	'DEON-85720',	'Project Accountant ',	13,	'2019-11-21',	'2019-11-21 16:40:59',	1,	1,	268,	76),
(4,	'DEON-32456',	'Partnership Facilitator',	8,	'2019-11-21',	'2019-11-21 16:41:23',	1,	1,	269,	76),
(5,	'DEON-63399',	'Manager of Partnership',	9,	'2019-11-21',	'2019-11-21 16:41:40',	1,	1,	270,	76),
(6,	'DEON-8049',	'Health Specialist',	10,	'2019-11-21',	'2019-11-21 16:41:58',	1,	1,	271,	76),
(7,	'DEON-68629',	'Country System Admin',	10,	'2019-12-13',	'2019-12-13 16:14:20',	1,	1,	455,	76);

DROP TABLE IF EXISTS `expense_account`;
CREATE TABLE `expense_account` (
  `expense_account_id` int(100) NOT NULL AUTO_INCREMENT,
  `expense_account_track_number` varchar(100) DEFAULT NULL,
  `expense_account_name` varchar(100) DEFAULT NULL,
  `expense_account_description` varchar(100) DEFAULT NULL,
  `expense_account_code` varchar(10) DEFAULT NULL,
  `expense_account_is_admin` int(5) DEFAULT NULL,
  `expense_account_is_active` int(5) DEFAULT NULL,
  `expense_account_is_budgeted` int(5) DEFAULT NULL,
  `fk_income_account_id` int(100) DEFAULT NULL,
  `fk_approval_id` int(100) DEFAULT NULL,
  `fk_status_id` int(100) DEFAULT NULL,
  `expense_account_created_date` date DEFAULT NULL,
  `expense_account_last_modified_date` date DEFAULT NULL,
  `expense_account_created_by` int(100) DEFAULT NULL,
  `expense_account_last_modified_by` int(100) DEFAULT NULL,
  PRIMARY KEY (`expense_account_id`),
  KEY `fk_expense_account_income_account_idx` (`fk_income_account_id`),
  CONSTRAINT `fk_expense_account_income_account` FOREIGN KEY (`fk_income_account_id`) REFERENCES `income_account` (`income_account_id`) ON DELETE NO ACTION ON UPDATE NO ACTION
) ENGINE=InnoDB DEFAULT CHARSET=latin1 COMMENT='This table holds the expense accounts';

INSERT INTO `expense_account` (`expense_account_id`, `expense_account_track_number`, `expense_account_name`, `expense_account_description`, `expense_account_code`, `expense_account_is_admin`, `expense_account_is_active`, `expense_account_is_budgeted`, `fk_income_account_id`, `fk_approval_id`, `fk_status_id`, `expense_account_created_date`, `expense_account_last_modified_date`, `expense_account_created_by`, `expense_account_last_modified_by`) VALUES
(1,	'EAC-78285',	'Expense Account 1',	'Expense 1',	'E001',	0,	1,	1,	1,	NULL,	NULL,	NULL,	NULL,	NULL,	NULL),
(2,	'EAC-87922',	'Expense Account 2',	'Expense 2',	'E002',	0,	1,	1,	1,	NULL,	NULL,	NULL,	NULL,	NULL,	NULL),
(3,	'EAC-87020',	'Expense Account 3',	'Expense 3',	'E003',	0,	1,	1,	1,	NULL,	NULL,	NULL,	NULL,	NULL,	NULL),
(4,	'EXNT-30031',	'Expense 5',	'Expense 5',	'Exp5',	0,	1,	1,	2,	404,	64,	'2019-11-27',	NULL,	1,	1),
(5,	'EXNT-77016',	'Salaries',	'Salaries',	'EXP89',	0,	1,	1,	3,	420,	64,	'2019-11-27',	NULL,	1,	1);

DROP TABLE IF EXISTS `financial_report`;
CREATE TABLE `financial_report` (
  `financial_report_id` int(100) NOT NULL AUTO_INCREMENT,
  `financial_report_track_number` varchar(100) NOT NULL,
  `financial_report_name` varchar(100) NOT NULL,
  `financial_report_month` date NOT NULL,
  `fk_office_id` int(100) NOT NULL,
  `financial_report_created_date` date DEFAULT NULL,
  `financial_report_created_by` int(100) DEFAULT NULL,
  `financial_report_last_modified_by` int(100) DEFAULT NULL,
  `financial_report_last_modified_date` date DEFAULT NULL,
  `fk_approval_id` int(100) DEFAULT NULL,
  `fk_status_id` int(100) DEFAULT NULL,
  PRIMARY KEY (`financial_report_id`)
) ENGINE=InnoDB DEFAULT CHARSET=latin1;

INSERT INTO `financial_report` (`financial_report_id`, `financial_report_track_number`, `financial_report_name`, `financial_report_month`, `fk_office_id`, `financial_report_created_date`, `financial_report_created_by`, `financial_report_last_modified_by`, `financial_report_last_modified_date`, `fk_approval_id`, `fk_status_id`) VALUES
(1,	'FIRT-2326',	'November Financial Report',	'2019-11-30',	9,	'2020-01-08',	1,	1,	NULL,	512,	0);

DROP TABLE IF EXISTS `funder`;
CREATE TABLE `funder` (
  `funder_id` int(100) NOT NULL AUTO_INCREMENT,
  `funder_track_number` varchar(100) DEFAULT NULL,
  `funder_name` varchar(45) DEFAULT NULL,
  `funder_description` varchar(45) DEFAULT NULL,
  `funder_created_date` date DEFAULT NULL,
  `funder_last_modified_date` date DEFAULT NULL,
  `funder_created_by` int(100) DEFAULT NULL,
  `funder_last_modified_by` int(100) DEFAULT NULL,
  `funder_deleted_at` datetime DEFAULT NULL,
  `fk_approval_id` int(100) DEFAULT NULL,
  `fk_status_id` int(100) DEFAULT NULL,
  PRIMARY KEY (`funder_id`)
) ENGINE=InnoDB DEFAULT CHARSET=latin1 COMMENT='This table holds donor (funders) bio-information';

INSERT INTO `funder` (`funder_id`, `funder_track_number`, `funder_name`, `funder_description`, `funder_created_date`, `funder_last_modified_date`, `funder_created_by`, `funder_last_modified_by`, `funder_deleted_at`, `fk_approval_id`, `fk_status_id`) VALUES
(13,	'FUER-41174',	'Funder A',	'Funder A',	'2019-11-27',	NULL,	1,	1,	NULL,	400,	33),
(14,	'FUER-49328',	'Funder B',	'This funder b',	'2019-11-27',	NULL,	1,	1,	NULL,	415,	33);

DROP TABLE IF EXISTS `funding_status`;
CREATE TABLE `funding_status` (
  `funding_status_id` int(100) NOT NULL AUTO_INCREMENT,
  `funding_status_name` varchar(45) DEFAULT NULL,
  `funding_status_is_active` int(5) DEFAULT NULL,
  `funding_status_created_date` date DEFAULT NULL,
  `funding_status_created_by` int(100) DEFAULT NULL,
  `funding_status_last_modified_by` int(100) DEFAULT NULL,
  `funding_status_last_modified_date` date DEFAULT NULL,
  `funding_status_is_available` int(5) NOT NULL DEFAULT '0',
  `fk_approval_id` int(100) DEFAULT NULL,
  `fk_status_id` int(100) DEFAULT NULL,
  PRIMARY KEY (`funding_status_id`)
) ENGINE=InnoDB DEFAULT CHARSET=latin1;

INSERT INTO `funding_status` (`funding_status_id`, `funding_status_name`, `funding_status_is_active`, `funding_status_created_date`, `funding_status_created_by`, `funding_status_last_modified_by`, `funding_status_last_modified_date`, `funding_status_is_available`, `fk_approval_id`, `fk_status_id`) VALUES
(1,	'Fully Funded',	1,	NULL,	NULL,	NULL,	NULL,	1,	NULL,	NULL);

DROP TABLE IF EXISTS `handover`;
CREATE TABLE `handover` (
  `handover_id` int(100) NOT NULL AUTO_INCREMENT,
  `handover_assignor` int(100) NOT NULL,
  `handover_assignee` int(100) NOT NULL,
  `handover_start_date` date NOT NULL,
  `handover_end_date` date NOT NULL,
  `handover_created_by` int(100) NOT NULL,
  `handover_created_date` date NOT NULL,
  `handover_last_modified_by` int(100) NOT NULL,
  `handover_last_modified_date` timestamp NOT NULL DEFAULT CURRENT_TIMESTAMP ON UPDATE CURRENT_TIMESTAMP,
  PRIMARY KEY (`handover_id`)
) ENGINE=InnoDB DEFAULT CHARSET=latin1;


DROP TABLE IF EXISTS `history`;
CREATE TABLE `history` (
  `history_id` int(100) NOT NULL AUTO_INCREMENT,
  `reference_table` varchar(45) DEFAULT NULL,
  `user_id` varchar(45) DEFAULT NULL,
  `table_action` varchar(45) DEFAULT NULL,
  PRIMARY KEY (`history_id`)
) ENGINE=InnoDB DEFAULT CHARSET=latin1;


DROP TABLE IF EXISTS `income_account`;
CREATE TABLE `income_account` (
  `income_account_id` int(11) NOT NULL AUTO_INCREMENT,
  `income_account_track_number` varchar(100) NOT NULL,
  `income_account_name` varchar(100) NOT NULL,
  `income_account_description` varchar(100) DEFAULT NULL,
  `income_account_code` varchar(10) DEFAULT NULL,
  `income_account_is_active` int(5) DEFAULT NULL,
  `income_account_is_budgeted` int(5) DEFAULT NULL,
  `income_account_is_donor_funded` int(5) DEFAULT NULL,
  `income_account_created_date` date DEFAULT NULL,
  `income_account_last_modified_date` date DEFAULT NULL,
  `income_account_created_by` int(100) DEFAULT NULL,
  `income_account_last_modified_by` int(100) DEFAULT NULL,
  `fk_approval_id` int(100) DEFAULT NULL,
  `fk_status_id` int(100) DEFAULT NULL,
  PRIMARY KEY (`income_account_id`)
) ENGINE=InnoDB DEFAULT CHARSET=latin1 COMMENT='This table contains the income accounts. ';

INSERT INTO `income_account` (`income_account_id`, `income_account_track_number`, `income_account_name`, `income_account_description`, `income_account_code`, `income_account_is_active`, `income_account_is_budgeted`, `income_account_is_donor_funded`, `income_account_created_date`, `income_account_last_modified_date`, `income_account_created_by`, `income_account_last_modified_by`, `fk_approval_id`, `fk_status_id`) VALUES
(1,	'INC-65627',	'Income Account 1',	'Project Cost',	'PC',	1,	1,	1,	NULL,	NULL,	NULL,	NULL,	NULL,	NULL),
(2,	'INNT-62852',	'Income Account 5',	'Income Account 5',	'ACC 5',	1,	1,	1,	'2019-11-27',	NULL,	1,	1,	403,	0),
(3,	'INNT-84810',	'Income 6 - Program ',	'Income 6',	'PRG090',	1,	1,	1,	'2019-11-27',	NULL,	1,	1,	419,	0);

DROP TABLE IF EXISTS `journal`;
CREATE TABLE `journal` (
  `journal_id` int(11) NOT NULL AUTO_INCREMENT,
  `journal_name` varchar(100) NOT NULL,
  PRIMARY KEY (`journal_id`)
) ENGINE=InnoDB DEFAULT CHARSET=latin1;


DROP TABLE IF EXISTS `language`;
CREATE TABLE `language` (
  `language_id` int(100) NOT NULL AUTO_INCREMENT,
  `language_track_number` varchar(100) NOT NULL,
  `language_name` varchar(100) DEFAULT NULL,
  `language_code` varchar(10) DEFAULT NULL,
  `language_created_date` date DEFAULT NULL,
  `language_last_modified_date` timestamp NOT NULL DEFAULT CURRENT_TIMESTAMP,
  `language_deleted_at` date DEFAULT NULL,
  `language_created_by` int(100) DEFAULT NULL,
  `language_last_modified_by` int(100) DEFAULT NULL,
  `fk_approval_id` int(100) DEFAULT NULL,
  `fk_status_id` int(100) DEFAULT NULL,
  PRIMARY KEY (`language_id`)
) ENGINE=InnoDB DEFAULT CHARSET=latin1;

INSERT INTO `language` (`language_id`, `language_track_number`, `language_name`, `language_code`, `language_created_date`, `language_last_modified_date`, `language_deleted_at`, `language_created_by`, `language_last_modified_by`, `fk_approval_id`, `fk_status_id`) VALUES
(1,	'LNG-97389',	'English',	'en',	NULL,	'2019-11-07 10:39:11',	NULL,	NULL,	NULL,	NULL,	NULL),
(2,	'LAGE-26371',	'Swahili',	'sw',	'2019-11-22',	'2019-11-22 21:18:48',	NULL,	1,	1,	307,	65);

DROP TABLE IF EXISTS `language_phrase`;
CREATE TABLE `language_phrase` (
  `language_phrase_id` int(11) NOT NULL AUTO_INCREMENT,
  `phrase` longtext,
  `created_date` date DEFAULT NULL,
  `last_modified_date` date DEFAULT NULL,
  `deleted_date` date DEFAULT NULL,
  `created_by` int(100) DEFAULT NULL,
  `last_modified_by` int(100) DEFAULT NULL,
  PRIMARY KEY (`language_phrase_id`)
) ENGINE=InnoDB DEFAULT CHARSET=latin1;


DROP TABLE IF EXISTS `menu`;
CREATE TABLE `menu` (
  `menu_id` int(100) NOT NULL AUTO_INCREMENT,
  `menu_name` varchar(100) DEFAULT NULL,
  `menu_derivative_controller` varchar(100) DEFAULT NULL,
  `menu_is_active` int(5) NOT NULL DEFAULT '1',
  `menu_created_date` date DEFAULT NULL,
  `menu_last_modified_date` timestamp NOT NULL DEFAULT CURRENT_TIMESTAMP,
  `menu_created_by` int(100) DEFAULT NULL,
  `menu_last_modified_by` int(100) DEFAULT NULL,
  `fk_approval_id` int(100) DEFAULT NULL,
  `fk_status_id` int(100) DEFAULT NULL,
  PRIMARY KEY (`menu_id`)
) ENGINE=InnoDB DEFAULT CHARSET=latin1;

INSERT INTO `menu` (`menu_id`, `menu_name`, `menu_derivative_controller`, `menu_is_active`, `menu_created_date`, `menu_last_modified_date`, `menu_created_by`, `menu_last_modified_by`, `fk_approval_id`, `fk_status_id`) VALUES
(380,	'Approval',	'Approval',	1,	'2019-11-23',	'2019-11-23 17:30:57',	1,	1,	NULL,	NULL),
(381,	'Bank',	'Bank',	1,	'2019-11-23',	'2019-11-23 17:30:57',	1,	1,	NULL,	NULL),
(382,	'Budget',	'Budget',	1,	'2019-11-23',	'2019-11-23 17:30:57',	1,	1,	NULL,	NULL),
(384,	'Dashboard',	'Dashboard',	1,	'2019-11-23',	'2019-11-23 17:30:57',	1,	1,	NULL,	NULL),
(385,	'Funder',	'Funder',	1,	'2019-11-23',	'2019-11-23 17:30:57',	1,	1,	NULL,	NULL),
(386,	'Journal',	'Journal',	1,	'2019-11-23',	'2019-11-23 17:30:57',	1,	1,	NULL,	NULL),
(390,	'Permission_label',	'Permission_label',	1,	'2019-11-23',	'2019-11-23 17:30:57',	1,	1,	NULL,	NULL),
(391,	'Project_allocation',	'Project_allocation',	1,	'2019-11-23',	'2019-11-23 17:30:57',	1,	1,	NULL,	NULL),
(392,	'Request',	'Request',	1,	'2019-11-23',	'2019-11-23 17:30:57',	1,	1,	NULL,	NULL),
(393,	'Role',	'Role',	1,	'2019-11-23',	'2019-11-23 17:30:57',	1,	1,	NULL,	NULL),
(397,	'Voucher',	'Voucher',	1,	'2019-11-23',	'2019-11-23 17:30:57',	1,	1,	NULL,	NULL),
(398,	'Workplan',	'Workplan',	1,	'2019-11-23',	'2019-11-23 17:30:57',	1,	1,	NULL,	NULL),
(400,	'User',	'User',	1,	'2019-11-23',	'2019-11-23 17:30:57',	1,	1,	NULL,	NULL),
(401,	'Approve_item',	'Approve_item',	1,	'2019-11-23',	'2019-11-23 17:30:57',	1,	1,	NULL,	NULL),
(402,	'Status',	'Status',	1,	'2019-11-23',	'2019-11-23 17:30:57',	1,	1,	NULL,	NULL),
(470,	'Menu_user_order',	'Menu_user_order',	1,	'2019-11-23',	'2019-11-23 17:30:57',	1,	1,	NULL,	NULL),
(478,	'Bank_branch',	'Bank_branch',	1,	'2019-11-23',	'2019-11-23 17:30:57',	1,	1,	NULL,	NULL),
(480,	'Department',	'Department',	1,	'2019-11-23',	'2019-11-23 17:30:57',	1,	1,	NULL,	NULL),
(481,	'Designation',	'Designation',	1,	'2019-11-23',	'2019-11-23 17:30:57',	1,	1,	NULL,	NULL),
(482,	'Expense_account',	'Expense_account',	1,	'2019-11-23',	'2019-11-23 17:30:57',	1,	1,	NULL,	NULL),
(483,	'Funding_status',	'Funding_status',	1,	'2019-11-23',	'2019-11-23 17:30:57',	1,	1,	NULL,	NULL),
(490,	'Project',	'Project',	1,	'2019-11-23',	'2019-11-23 17:30:57',	1,	1,	NULL,	NULL),
(491,	'Reconciliation',	'Reconciliation',	1,	'2019-11-23',	'2019-11-23 17:30:57',	1,	1,	NULL,	NULL),
(492,	'Page_view',	'Page_view',	1,	'2019-11-23',	'2019-11-23 17:30:57',	1,	1,	NULL,	NULL),
(496,	'Request_type',	'Request_type',	1,	'2019-11-23',	'2019-11-23 17:30:57',	1,	1,	NULL,	NULL),
(497,	'Language',	'Language',	1,	NULL,	'2019-11-26 20:45:56',	NULL,	NULL,	NULL,	NULL),
(498,	'Setting',	'Setting',	1,	NULL,	'2019-11-26 22:05:45',	NULL,	NULL,	NULL,	NULL),
(500,	'Income_account',	'Income_account',	1,	NULL,	'2019-11-27 13:24:36',	NULL,	NULL,	NULL,	NULL),
(521,	'Office',	'Office',	1,	NULL,	'2019-12-08 12:10:43',	NULL,	NULL,	NULL,	NULL),
(522,	'Office_bank',	'Office_bank',	1,	NULL,	'2019-12-08 12:10:43',	NULL,	NULL,	NULL,	NULL),
(523,	'Context_definition',	'Context_definition',	1,	NULL,	'2019-12-08 12:20:29',	NULL,	NULL,	NULL,	NULL),
(525,	'Cheque_book',	'Cheque_book',	1,	NULL,	'2020-01-06 10:11:55',	NULL,	NULL,	NULL,	NULL),
(526,	'Financial_report',	'Financial_report',	1,	NULL,	'2020-01-08 09:43:05',	NULL,	NULL,	NULL,	NULL);

DROP TABLE IF EXISTS `menu_user_order`;
CREATE TABLE `menu_user_order` (
  `menu_user_order_id` int(100) NOT NULL AUTO_INCREMENT,
  `fk_user_id` int(100) NOT NULL,
  `fk_menu_id` int(100) DEFAULT NULL,
  `menu_user_order_is_active` int(5) NOT NULL DEFAULT '1',
  `menu_user_order_level` int(100) NOT NULL DEFAULT '1',
  `menu_user_order_priority_item` int(5) NOT NULL DEFAULT '1',
  `menu_user_order_created_date` date DEFAULT NULL,
  `menu_user_order_last_modified_date` timestamp NOT NULL DEFAULT CURRENT_TIMESTAMP,
  `menu_user_order_created_by` int(100) DEFAULT NULL,
  `menu_user_order_last_modified_by` int(100) DEFAULT NULL,
  `fk_approval_id` int(100) DEFAULT NULL,
  `fk_status_id` int(100) DEFAULT NULL,
  PRIMARY KEY (`menu_user_order_id`),
  KEY `fk_menu_id` (`fk_menu_id`),
  CONSTRAINT `menu_user_order_ibfk_1` FOREIGN KEY (`fk_menu_id`) REFERENCES `menu` (`menu_id`) ON DELETE CASCADE
) ENGINE=InnoDB DEFAULT CHARSET=latin1;

INSERT INTO `menu_user_order` (`menu_user_order_id`, `fk_user_id`, `fk_menu_id`, `menu_user_order_is_active`, `menu_user_order_level`, `menu_user_order_priority_item`, `menu_user_order_created_date`, `menu_user_order_last_modified_date`, `menu_user_order_created_by`, `menu_user_order_last_modified_by`, `fk_approval_id`, `fk_status_id`) VALUES
(622,	1,	380,	1,	5,	1,	NULL,	'2019-11-07 16:39:04',	NULL,	NULL,	NULL,	NULL),
(623,	1,	381,	1,	2,	1,	NULL,	'2019-11-07 16:39:04',	NULL,	NULL,	NULL,	NULL),
(624,	1,	382,	1,	3,	1,	NULL,	'2019-11-07 16:39:04',	NULL,	NULL,	NULL,	NULL),
(626,	1,	384,	1,	1,	1,	NULL,	'2019-11-07 16:39:04',	NULL,	NULL,	NULL,	NULL),
(627,	1,	385,	1,	6,	1,	NULL,	'2019-11-07 16:39:04',	NULL,	NULL,	NULL,	NULL),
(628,	1,	386,	1,	7,	1,	NULL,	'2019-11-07 16:39:04',	NULL,	NULL,	NULL,	NULL),
(632,	1,	390,	1,	11,	1,	NULL,	'2019-11-07 16:39:04',	NULL,	NULL,	NULL,	NULL),
(633,	1,	391,	1,	12,	0,	NULL,	'2019-11-07 16:39:04',	NULL,	NULL,	NULL,	NULL),
(634,	1,	392,	1,	13,	1,	NULL,	'2019-11-07 16:39:04',	NULL,	NULL,	NULL,	NULL),
(635,	1,	393,	1,	14,	0,	NULL,	'2019-11-07 16:39:04',	NULL,	NULL,	NULL,	NULL),
(639,	1,	397,	1,	18,	0,	NULL,	'2019-11-07 16:39:04',	NULL,	NULL,	NULL,	NULL),
(640,	1,	398,	1,	19,	0,	NULL,	'2019-11-07 16:39:04',	NULL,	NULL,	NULL,	NULL),
(642,	1,	400,	1,	21,	0,	NULL,	'2019-11-07 16:39:04',	NULL,	NULL,	NULL,	NULL),
(643,	1,	401,	1,	22,	0,	NULL,	'2019-11-07 16:39:04',	NULL,	NULL,	NULL,	NULL),
(644,	1,	402,	1,	23,	0,	NULL,	'2019-11-07 16:39:04',	NULL,	NULL,	NULL,	NULL),
(645,	4,	380,	1,	1,	1,	NULL,	'2019-11-08 09:22:08',	NULL,	NULL,	NULL,	NULL),
(646,	4,	381,	1,	2,	1,	NULL,	'2019-11-08 09:22:08',	NULL,	NULL,	NULL,	NULL),
(647,	4,	382,	1,	3,	1,	NULL,	'2019-11-08 09:22:08',	NULL,	NULL,	NULL,	NULL),
(649,	4,	384,	1,	5,	1,	NULL,	'2019-11-08 09:22:08',	NULL,	NULL,	NULL,	NULL),
(650,	4,	385,	1,	6,	1,	NULL,	'2019-11-08 09:22:08',	NULL,	NULL,	NULL,	NULL),
(651,	4,	386,	1,	7,	1,	NULL,	'2019-11-08 09:22:08',	NULL,	NULL,	NULL,	NULL),
(655,	4,	390,	1,	11,	1,	NULL,	'2019-11-08 09:22:08',	NULL,	NULL,	NULL,	NULL),
(656,	4,	391,	1,	12,	0,	NULL,	'2019-11-08 09:22:08',	NULL,	NULL,	NULL,	NULL),
(657,	4,	392,	1,	13,	0,	NULL,	'2019-11-08 09:22:08',	NULL,	NULL,	NULL,	NULL),
(658,	4,	393,	1,	14,	0,	NULL,	'2019-11-08 09:22:08',	NULL,	NULL,	NULL,	NULL),
(662,	4,	397,	1,	18,	0,	NULL,	'2019-11-08 09:22:08',	NULL,	NULL,	NULL,	NULL),
(663,	4,	398,	1,	19,	0,	NULL,	'2019-11-08 09:22:08',	NULL,	NULL,	NULL,	NULL),
(665,	4,	400,	1,	21,	0,	NULL,	'2019-11-08 09:22:08',	NULL,	NULL,	NULL,	NULL),
(666,	4,	401,	1,	22,	0,	NULL,	'2019-11-08 09:22:08',	NULL,	NULL,	NULL,	NULL),
(667,	4,	402,	1,	23,	0,	NULL,	'2019-11-08 09:22:08',	NULL,	NULL,	NULL,	NULL),
(668,	2,	380,	1,	1,	1,	NULL,	'2019-11-08 10:08:10',	NULL,	NULL,	NULL,	NULL),
(669,	2,	381,	1,	2,	1,	NULL,	'2019-11-08 10:08:10',	NULL,	NULL,	NULL,	NULL),
(670,	2,	382,	1,	3,	1,	NULL,	'2019-11-08 10:08:10',	NULL,	NULL,	NULL,	NULL),
(672,	2,	384,	1,	5,	1,	NULL,	'2019-11-08 10:08:10',	NULL,	NULL,	NULL,	NULL),
(673,	2,	385,	1,	6,	1,	NULL,	'2019-11-08 10:08:10',	NULL,	NULL,	NULL,	NULL),
(674,	2,	386,	1,	7,	1,	NULL,	'2019-11-08 10:08:10',	NULL,	NULL,	NULL,	NULL),
(678,	2,	390,	1,	11,	1,	NULL,	'2019-11-08 10:08:10',	NULL,	NULL,	NULL,	NULL),
(679,	2,	391,	1,	12,	0,	NULL,	'2019-11-08 10:08:10',	NULL,	NULL,	NULL,	NULL),
(680,	2,	392,	1,	13,	0,	NULL,	'2019-11-08 10:08:10',	NULL,	NULL,	NULL,	NULL),
(681,	2,	393,	1,	14,	0,	NULL,	'2019-11-08 10:08:11',	NULL,	NULL,	NULL,	NULL),
(685,	2,	397,	1,	18,	0,	NULL,	'2019-11-08 10:08:11',	NULL,	NULL,	NULL,	NULL),
(686,	2,	398,	1,	19,	0,	NULL,	'2019-11-08 10:08:11',	NULL,	NULL,	NULL,	NULL),
(688,	2,	400,	1,	21,	0,	NULL,	'2019-11-08 10:08:11',	NULL,	NULL,	NULL,	NULL),
(689,	2,	401,	1,	22,	0,	NULL,	'2019-11-08 10:08:11',	NULL,	NULL,	NULL,	NULL),
(690,	2,	402,	1,	23,	0,	NULL,	'2019-11-08 10:08:11',	NULL,	NULL,	NULL,	NULL),
(691,	5,	380,	1,	1,	1,	NULL,	'2019-11-08 12:40:36',	NULL,	NULL,	NULL,	NULL),
(692,	5,	381,	1,	2,	1,	NULL,	'2019-11-08 12:40:36',	NULL,	NULL,	NULL,	NULL),
(693,	5,	382,	1,	3,	1,	NULL,	'2019-11-08 12:40:36',	NULL,	NULL,	NULL,	NULL),
(695,	5,	384,	1,	5,	1,	NULL,	'2019-11-08 12:40:36',	NULL,	NULL,	NULL,	NULL),
(696,	5,	385,	1,	6,	1,	NULL,	'2019-11-08 12:40:36',	NULL,	NULL,	NULL,	NULL),
(697,	5,	386,	1,	7,	1,	NULL,	'2019-11-08 12:40:36',	NULL,	NULL,	NULL,	NULL),
(701,	5,	390,	1,	11,	1,	NULL,	'2019-11-08 12:40:36',	NULL,	NULL,	NULL,	NULL),
(702,	5,	391,	1,	12,	0,	NULL,	'2019-11-08 12:40:36',	NULL,	NULL,	NULL,	NULL),
(703,	5,	392,	1,	13,	0,	NULL,	'2019-11-08 12:40:36',	NULL,	NULL,	NULL,	NULL),
(704,	5,	393,	1,	14,	0,	NULL,	'2019-11-08 12:40:36',	NULL,	NULL,	NULL,	NULL),
(708,	5,	397,	1,	18,	0,	NULL,	'2019-11-08 12:40:36',	NULL,	NULL,	NULL,	NULL),
(709,	5,	398,	1,	19,	0,	NULL,	'2019-11-08 12:40:36',	NULL,	NULL,	NULL,	NULL),
(711,	5,	400,	1,	21,	0,	NULL,	'2019-11-08 12:40:36',	NULL,	NULL,	NULL,	NULL),
(712,	5,	401,	1,	22,	0,	NULL,	'2019-11-08 12:40:36',	NULL,	NULL,	NULL,	NULL),
(713,	5,	402,	1,	23,	0,	NULL,	'2019-11-08 12:40:36',	NULL,	NULL,	NULL,	NULL),
(776,	12,	380,	1,	1,	1,	NULL,	'2019-11-20 16:44:02',	NULL,	NULL,	NULL,	NULL),
(777,	12,	381,	1,	2,	1,	NULL,	'2019-11-20 16:44:02',	NULL,	NULL,	NULL,	NULL),
(778,	12,	382,	1,	3,	1,	NULL,	'2019-11-20 16:44:02',	NULL,	NULL,	NULL,	NULL),
(780,	12,	384,	1,	5,	1,	NULL,	'2019-11-20 16:44:02',	NULL,	NULL,	NULL,	NULL),
(781,	12,	385,	1,	6,	1,	NULL,	'2019-11-20 16:44:02',	NULL,	NULL,	NULL,	NULL),
(782,	12,	386,	1,	7,	1,	NULL,	'2019-11-20 16:44:02',	NULL,	NULL,	NULL,	NULL),
(785,	12,	390,	1,	10,	1,	NULL,	'2019-11-20 16:44:02',	NULL,	NULL,	NULL,	NULL),
(786,	12,	391,	1,	11,	1,	NULL,	'2019-11-20 16:44:02',	NULL,	NULL,	NULL,	NULL),
(787,	12,	392,	1,	12,	0,	NULL,	'2019-11-20 16:44:02',	NULL,	NULL,	NULL,	NULL),
(788,	12,	393,	1,	13,	0,	NULL,	'2019-11-20 16:44:02',	NULL,	NULL,	NULL,	NULL),
(789,	12,	397,	1,	14,	0,	NULL,	'2019-11-20 16:44:02',	NULL,	NULL,	NULL,	NULL),
(790,	12,	398,	1,	15,	0,	NULL,	'2019-11-20 16:44:02',	NULL,	NULL,	NULL,	NULL),
(791,	12,	400,	1,	16,	0,	NULL,	'2019-11-20 16:44:02',	NULL,	NULL,	NULL,	NULL),
(792,	12,	401,	1,	17,	0,	NULL,	'2019-11-20 16:44:02',	NULL,	NULL,	NULL,	NULL),
(793,	12,	402,	1,	18,	0,	NULL,	'2019-11-20 16:44:02',	NULL,	NULL,	NULL,	NULL),
(849,	9,	380,	1,	1,	1,	NULL,	'2019-11-21 17:50:01',	NULL,	NULL,	NULL,	NULL),
(850,	9,	381,	1,	2,	1,	NULL,	'2019-11-21 17:50:01',	NULL,	NULL,	NULL,	NULL),
(851,	9,	382,	1,	3,	1,	NULL,	'2019-11-21 17:50:01',	NULL,	NULL,	NULL,	NULL),
(853,	9,	384,	1,	5,	1,	NULL,	'2019-11-21 17:50:01',	NULL,	NULL,	NULL,	NULL),
(854,	9,	385,	1,	6,	1,	NULL,	'2019-11-21 17:50:01',	NULL,	NULL,	NULL,	NULL),
(855,	9,	386,	1,	7,	1,	NULL,	'2019-11-21 17:50:01',	NULL,	NULL,	NULL,	NULL),
(856,	9,	390,	1,	8,	1,	NULL,	'2019-11-21 17:50:01',	NULL,	NULL,	NULL,	NULL),
(857,	9,	391,	1,	9,	1,	NULL,	'2019-11-21 17:50:01',	NULL,	NULL,	NULL,	NULL),
(858,	9,	392,	1,	10,	1,	NULL,	'2019-11-21 17:50:01',	NULL,	NULL,	NULL,	NULL),
(859,	9,	393,	1,	11,	1,	NULL,	'2019-11-21 17:50:01',	NULL,	NULL,	NULL,	NULL),
(860,	9,	397,	1,	12,	0,	NULL,	'2019-11-21 17:50:01',	NULL,	NULL,	NULL,	NULL),
(861,	9,	398,	1,	13,	0,	NULL,	'2019-11-21 17:50:01',	NULL,	NULL,	NULL,	NULL),
(862,	9,	400,	1,	14,	0,	NULL,	'2019-11-21 17:50:01',	NULL,	NULL,	NULL,	NULL),
(863,	9,	401,	1,	15,	0,	NULL,	'2019-11-21 17:50:01',	NULL,	NULL,	NULL,	NULL),
(864,	9,	402,	1,	16,	0,	NULL,	'2019-11-21 17:50:01',	NULL,	NULL,	NULL,	NULL),
(902,	1,	470,	1,	67,	0,	NULL,	'2019-11-21 19:39:33',	NULL,	NULL,	NULL,	NULL),
(903,	5,	470,	1,	67,	0,	NULL,	'2019-11-21 19:51:55',	NULL,	NULL,	NULL,	NULL),
(904,	4,	470,	1,	67,	0,	NULL,	'2019-11-21 22:28:49',	NULL,	NULL,	NULL,	NULL),
(905,	6,	380,	1,	1,	1,	NULL,	'2019-11-22 07:24:48',	NULL,	NULL,	NULL,	NULL),
(906,	6,	381,	1,	2,	1,	NULL,	'2019-11-22 07:24:48',	NULL,	NULL,	NULL,	NULL),
(907,	6,	382,	1,	3,	1,	NULL,	'2019-11-22 07:24:48',	NULL,	NULL,	NULL,	NULL),
(909,	6,	384,	1,	5,	1,	NULL,	'2019-11-22 07:24:48',	NULL,	NULL,	NULL,	NULL),
(910,	6,	385,	1,	6,	1,	NULL,	'2019-11-22 07:24:48',	NULL,	NULL,	NULL,	NULL),
(911,	6,	386,	1,	7,	1,	NULL,	'2019-11-22 07:24:48',	NULL,	NULL,	NULL,	NULL),
(912,	6,	390,	1,	8,	1,	NULL,	'2019-11-22 07:24:48',	NULL,	NULL,	NULL,	NULL),
(913,	6,	391,	1,	9,	1,	NULL,	'2019-11-22 07:24:48',	NULL,	NULL,	NULL,	NULL),
(914,	6,	392,	1,	10,	1,	NULL,	'2019-11-22 07:24:48',	NULL,	NULL,	NULL,	NULL),
(915,	6,	393,	1,	11,	1,	NULL,	'2019-11-22 07:24:48',	NULL,	NULL,	NULL,	NULL),
(916,	6,	397,	1,	12,	0,	NULL,	'2019-11-22 07:24:48',	NULL,	NULL,	NULL,	NULL),
(917,	6,	398,	1,	13,	0,	NULL,	'2019-11-22 07:24:48',	NULL,	NULL,	NULL,	NULL),
(918,	6,	400,	1,	14,	0,	NULL,	'2019-11-22 07:24:48',	NULL,	NULL,	NULL,	NULL),
(919,	6,	401,	1,	15,	0,	NULL,	'2019-11-22 07:24:48',	NULL,	NULL,	NULL,	NULL),
(920,	6,	402,	1,	16,	0,	NULL,	'2019-11-22 07:24:48',	NULL,	NULL,	NULL,	NULL),
(938,	6,	470,	1,	34,	0,	NULL,	'2019-11-22 07:24:48',	NULL,	NULL,	NULL,	NULL),
(939,	8,	380,	1,	1,	1,	NULL,	'2019-11-22 07:25:42',	NULL,	NULL,	NULL,	NULL),
(940,	8,	381,	1,	2,	1,	NULL,	'2019-11-22 07:25:42',	NULL,	NULL,	NULL,	NULL),
(941,	8,	382,	1,	3,	1,	NULL,	'2019-11-22 07:25:42',	NULL,	NULL,	NULL,	NULL),
(943,	8,	384,	1,	5,	1,	NULL,	'2019-11-22 07:25:42',	NULL,	NULL,	NULL,	NULL),
(944,	8,	385,	1,	6,	1,	NULL,	'2019-11-22 07:25:42',	NULL,	NULL,	NULL,	NULL),
(945,	8,	386,	1,	7,	1,	NULL,	'2019-11-22 07:25:42',	NULL,	NULL,	NULL,	NULL),
(946,	8,	390,	1,	8,	1,	NULL,	'2019-11-22 07:25:42',	NULL,	NULL,	NULL,	NULL),
(947,	8,	391,	1,	9,	1,	NULL,	'2019-11-22 07:25:42',	NULL,	NULL,	NULL,	NULL),
(948,	8,	392,	1,	10,	1,	NULL,	'2019-11-22 07:25:42',	NULL,	NULL,	NULL,	NULL),
(949,	8,	393,	1,	11,	1,	NULL,	'2019-11-22 07:25:42',	NULL,	NULL,	NULL,	NULL),
(950,	8,	397,	1,	12,	0,	NULL,	'2019-11-22 07:25:42',	NULL,	NULL,	NULL,	NULL),
(951,	8,	398,	1,	13,	0,	NULL,	'2019-11-22 07:25:42',	NULL,	NULL,	NULL,	NULL),
(952,	8,	400,	1,	14,	0,	NULL,	'2019-11-22 07:25:42',	NULL,	NULL,	NULL,	NULL),
(953,	8,	401,	1,	15,	0,	NULL,	'2019-11-22 07:25:42',	NULL,	NULL,	NULL,	NULL),
(954,	8,	402,	1,	16,	0,	NULL,	'2019-11-22 07:25:42',	NULL,	NULL,	NULL,	NULL),
(972,	8,	470,	1,	34,	0,	NULL,	'2019-11-22 07:25:42',	NULL,	NULL,	NULL,	NULL),
(980,	1,	478,	1,	39,	0,	NULL,	'2019-11-22 11:03:23',	NULL,	NULL,	NULL,	NULL),
(982,	1,	480,	1,	41,	0,	NULL,	'2019-11-22 11:03:23',	NULL,	NULL,	NULL,	NULL),
(983,	1,	481,	1,	42,	0,	NULL,	'2019-11-22 11:03:23',	NULL,	NULL,	NULL,	NULL),
(984,	1,	482,	1,	43,	0,	NULL,	'2019-11-22 11:03:23',	NULL,	NULL,	NULL,	NULL),
(985,	1,	483,	1,	44,	0,	NULL,	'2019-11-22 11:03:23',	NULL,	NULL,	NULL,	NULL),
(992,	1,	490,	1,	51,	0,	NULL,	'2019-11-22 11:03:23',	NULL,	NULL,	NULL,	NULL),
(993,	1,	491,	1,	52,	0,	NULL,	'2019-11-22 11:03:23',	NULL,	NULL,	NULL,	NULL),
(995,	5,	478,	1,	38,	0,	NULL,	'2019-11-22 11:05:22',	NULL,	NULL,	NULL,	NULL),
(997,	5,	480,	1,	40,	0,	NULL,	'2019-11-22 11:05:22',	NULL,	NULL,	NULL,	NULL),
(998,	5,	481,	1,	41,	0,	NULL,	'2019-11-22 11:05:22',	NULL,	NULL,	NULL,	NULL),
(999,	5,	482,	1,	42,	0,	NULL,	'2019-11-22 11:05:22',	NULL,	NULL,	NULL,	NULL),
(1000,	5,	483,	1,	43,	0,	NULL,	'2019-11-22 11:05:22',	NULL,	NULL,	NULL,	NULL),
(1007,	5,	490,	1,	50,	0,	NULL,	'2019-11-22 11:05:22',	NULL,	NULL,	NULL,	NULL),
(1008,	5,	491,	1,	51,	0,	NULL,	'2019-11-22 11:05:22',	NULL,	NULL,	NULL,	NULL),
(1009,	1,	492,	1,	63,	0,	NULL,	'2019-11-23 08:19:43',	NULL,	NULL,	NULL,	NULL),
(1011,	5,	492,	1,	63,	0,	NULL,	'2019-11-23 10:58:06',	NULL,	NULL,	NULL,	NULL),
(1015,	1,	496,	1,	67,	0,	NULL,	'2019-11-23 14:31:44',	NULL,	NULL,	NULL,	NULL),
(1016,	5,	496,	1,	65,	0,	NULL,	'2019-11-23 16:23:17',	NULL,	NULL,	NULL,	NULL),
(1017,	4,	478,	1,	37,	0,	NULL,	'2019-11-23 16:35:38',	NULL,	NULL,	NULL,	NULL),
(1019,	4,	480,	1,	39,	0,	NULL,	'2019-11-23 16:35:38',	NULL,	NULL,	NULL,	NULL),
(1020,	4,	481,	1,	40,	0,	NULL,	'2019-11-23 16:35:38',	NULL,	NULL,	NULL,	NULL),
(1021,	4,	482,	1,	41,	0,	NULL,	'2019-11-23 16:35:38',	NULL,	NULL,	NULL,	NULL),
(1022,	4,	483,	1,	42,	0,	NULL,	'2019-11-23 16:35:38',	NULL,	NULL,	NULL,	NULL),
(1028,	4,	490,	1,	48,	0,	NULL,	'2019-11-23 16:35:38',	NULL,	NULL,	NULL,	NULL),
(1029,	4,	491,	1,	49,	0,	NULL,	'2019-11-23 16:35:38',	NULL,	NULL,	NULL,	NULL),
(1030,	4,	492,	1,	50,	0,	NULL,	'2019-11-23 16:35:38',	NULL,	NULL,	NULL,	NULL),
(1031,	4,	496,	1,	51,	0,	NULL,	'2019-11-23 16:35:38',	NULL,	NULL,	NULL,	NULL),
(1032,	7,	380,	1,	1,	1,	NULL,	'2019-11-25 03:12:39',	NULL,	NULL,	NULL,	NULL),
(1033,	7,	381,	1,	2,	1,	NULL,	'2019-11-25 03:12:39',	NULL,	NULL,	NULL,	NULL),
(1034,	7,	382,	1,	3,	1,	NULL,	'2019-11-25 03:12:39',	NULL,	NULL,	NULL,	NULL),
(1036,	7,	384,	1,	5,	1,	NULL,	'2019-11-25 03:12:39',	NULL,	NULL,	NULL,	NULL),
(1037,	7,	385,	1,	6,	1,	NULL,	'2019-11-25 03:12:39',	NULL,	NULL,	NULL,	NULL),
(1038,	7,	386,	1,	7,	1,	NULL,	'2019-11-25 03:12:39',	NULL,	NULL,	NULL,	NULL),
(1039,	7,	390,	1,	8,	1,	NULL,	'2019-11-25 03:12:39',	NULL,	NULL,	NULL,	NULL),
(1040,	7,	391,	1,	9,	1,	NULL,	'2019-11-25 03:12:39',	NULL,	NULL,	NULL,	NULL),
(1041,	7,	392,	1,	10,	1,	NULL,	'2019-11-25 03:12:39',	NULL,	NULL,	NULL,	NULL),
(1042,	7,	393,	1,	11,	1,	NULL,	'2019-11-25 03:12:39',	NULL,	NULL,	NULL,	NULL),
(1043,	7,	397,	1,	12,	0,	NULL,	'2019-11-25 03:12:39',	NULL,	NULL,	NULL,	NULL),
(1044,	7,	398,	1,	13,	0,	NULL,	'2019-11-25 03:12:39',	NULL,	NULL,	NULL,	NULL),
(1045,	7,	400,	1,	14,	0,	NULL,	'2019-11-25 03:12:39',	NULL,	NULL,	NULL,	NULL),
(1046,	7,	401,	1,	15,	0,	NULL,	'2019-11-25 03:12:39',	NULL,	NULL,	NULL,	NULL),
(1047,	7,	402,	1,	16,	0,	NULL,	'2019-11-25 03:12:39',	NULL,	NULL,	NULL,	NULL),
(1049,	7,	470,	1,	18,	0,	NULL,	'2019-11-25 03:12:39',	NULL,	NULL,	NULL,	NULL),
(1050,	7,	478,	1,	19,	0,	NULL,	'2019-11-25 03:12:39',	NULL,	NULL,	NULL,	NULL),
(1052,	7,	480,	1,	21,	0,	NULL,	'2019-11-25 03:12:39',	NULL,	NULL,	NULL,	NULL),
(1053,	7,	481,	1,	22,	0,	NULL,	'2019-11-25 03:12:39',	NULL,	NULL,	NULL,	NULL),
(1054,	7,	482,	1,	23,	0,	NULL,	'2019-11-25 03:12:39',	NULL,	NULL,	NULL,	NULL),
(1055,	7,	483,	1,	24,	0,	NULL,	'2019-11-25 03:12:39',	NULL,	NULL,	NULL,	NULL),
(1061,	7,	490,	1,	30,	0,	NULL,	'2019-11-25 03:12:39',	NULL,	NULL,	NULL,	NULL),
(1062,	7,	491,	1,	31,	0,	NULL,	'2019-11-25 03:12:39',	NULL,	NULL,	NULL,	NULL),
(1063,	7,	492,	1,	32,	0,	NULL,	'2019-11-25 03:12:39',	NULL,	NULL,	NULL,	NULL),
(1064,	7,	496,	1,	33,	0,	NULL,	'2019-11-25 03:12:39',	NULL,	NULL,	NULL,	NULL),
(1065,	13,	380,	1,	1,	1,	NULL,	'2019-11-25 07:28:51',	NULL,	NULL,	NULL,	NULL),
(1066,	13,	381,	1,	2,	1,	NULL,	'2019-11-25 07:28:51',	NULL,	NULL,	NULL,	NULL),
(1067,	13,	382,	1,	3,	1,	NULL,	'2019-11-25 07:28:51',	NULL,	NULL,	NULL,	NULL),
(1069,	13,	384,	1,	5,	1,	NULL,	'2019-11-25 07:28:51',	NULL,	NULL,	NULL,	NULL),
(1070,	13,	385,	1,	6,	1,	NULL,	'2019-11-25 07:28:51',	NULL,	NULL,	NULL,	NULL),
(1071,	13,	386,	1,	7,	1,	NULL,	'2019-11-25 07:28:51',	NULL,	NULL,	NULL,	NULL),
(1072,	13,	390,	1,	8,	1,	NULL,	'2019-11-25 07:28:51',	NULL,	NULL,	NULL,	NULL),
(1073,	13,	391,	1,	9,	1,	NULL,	'2019-11-25 07:28:51',	NULL,	NULL,	NULL,	NULL),
(1074,	13,	392,	1,	10,	1,	NULL,	'2019-11-25 07:28:51',	NULL,	NULL,	NULL,	NULL),
(1075,	13,	393,	1,	11,	1,	NULL,	'2019-11-25 07:28:51',	NULL,	NULL,	NULL,	NULL),
(1076,	13,	397,	1,	12,	0,	NULL,	'2019-11-25 07:28:51',	NULL,	NULL,	NULL,	NULL),
(1077,	13,	398,	1,	13,	0,	NULL,	'2019-11-25 07:28:51',	NULL,	NULL,	NULL,	NULL),
(1078,	13,	400,	1,	14,	0,	NULL,	'2019-11-25 07:28:51',	NULL,	NULL,	NULL,	NULL),
(1079,	13,	401,	1,	15,	0,	NULL,	'2019-11-25 07:28:51',	NULL,	NULL,	NULL,	NULL),
(1080,	13,	402,	1,	16,	0,	NULL,	'2019-11-25 07:28:51',	NULL,	NULL,	NULL,	NULL),
(1082,	13,	470,	1,	18,	0,	NULL,	'2019-11-25 07:28:51',	NULL,	NULL,	NULL,	NULL),
(1083,	13,	478,	1,	19,	0,	NULL,	'2019-11-25 07:28:51',	NULL,	NULL,	NULL,	NULL),
(1085,	13,	480,	1,	21,	0,	NULL,	'2019-11-25 07:28:51',	NULL,	NULL,	NULL,	NULL),
(1086,	13,	481,	1,	22,	0,	NULL,	'2019-11-25 07:28:51',	NULL,	NULL,	NULL,	NULL),
(1087,	13,	482,	1,	23,	0,	NULL,	'2019-11-25 07:28:51',	NULL,	NULL,	NULL,	NULL),
(1088,	13,	483,	1,	24,	0,	NULL,	'2019-11-25 07:28:51',	NULL,	NULL,	NULL,	NULL),
(1094,	13,	490,	1,	30,	0,	NULL,	'2019-11-25 07:28:51',	NULL,	NULL,	NULL,	NULL),
(1095,	13,	491,	1,	31,	0,	NULL,	'2019-11-25 07:28:51',	NULL,	NULL,	NULL,	NULL),
(1096,	13,	492,	1,	32,	0,	NULL,	'2019-11-25 07:28:51',	NULL,	NULL,	NULL,	NULL),
(1097,	13,	496,	1,	33,	0,	NULL,	'2019-11-25 07:28:51',	NULL,	NULL,	NULL,	NULL),
(1098,	14,	380,	1,	1,	1,	NULL,	'2019-11-25 14:09:06',	NULL,	NULL,	NULL,	NULL),
(1099,	14,	381,	1,	2,	1,	NULL,	'2019-11-25 14:09:06',	NULL,	NULL,	NULL,	NULL),
(1100,	14,	382,	1,	3,	1,	NULL,	'2019-11-25 14:09:06',	NULL,	NULL,	NULL,	NULL),
(1102,	14,	384,	1,	5,	1,	NULL,	'2019-11-25 14:09:06',	NULL,	NULL,	NULL,	NULL),
(1103,	14,	385,	1,	6,	1,	NULL,	'2019-11-25 14:09:06',	NULL,	NULL,	NULL,	NULL),
(1104,	14,	386,	1,	7,	1,	NULL,	'2019-11-25 14:09:06',	NULL,	NULL,	NULL,	NULL),
(1105,	14,	390,	1,	8,	1,	NULL,	'2019-11-25 14:09:06',	NULL,	NULL,	NULL,	NULL),
(1106,	14,	391,	1,	9,	1,	NULL,	'2019-11-25 14:09:06',	NULL,	NULL,	NULL,	NULL),
(1107,	14,	392,	1,	10,	1,	NULL,	'2019-11-25 14:09:06',	NULL,	NULL,	NULL,	NULL),
(1108,	14,	393,	1,	11,	1,	NULL,	'2019-11-25 14:09:06',	NULL,	NULL,	NULL,	NULL),
(1109,	14,	397,	1,	12,	0,	NULL,	'2019-11-25 14:09:06',	NULL,	NULL,	NULL,	NULL),
(1110,	14,	398,	1,	13,	0,	NULL,	'2019-11-25 14:09:06',	NULL,	NULL,	NULL,	NULL),
(1111,	14,	400,	1,	14,	0,	NULL,	'2019-11-25 14:09:06',	NULL,	NULL,	NULL,	NULL),
(1112,	14,	401,	1,	15,	0,	NULL,	'2019-11-25 14:09:06',	NULL,	NULL,	NULL,	NULL),
(1113,	14,	402,	1,	16,	0,	NULL,	'2019-11-25 14:09:06',	NULL,	NULL,	NULL,	NULL),
(1115,	14,	470,	1,	18,	0,	NULL,	'2019-11-25 14:09:06',	NULL,	NULL,	NULL,	NULL),
(1116,	14,	478,	1,	19,	0,	NULL,	'2019-11-25 14:09:06',	NULL,	NULL,	NULL,	NULL),
(1118,	14,	480,	1,	21,	0,	NULL,	'2019-11-25 14:09:06',	NULL,	NULL,	NULL,	NULL),
(1119,	14,	481,	1,	22,	0,	NULL,	'2019-11-25 14:09:06',	NULL,	NULL,	NULL,	NULL),
(1120,	14,	482,	1,	23,	0,	NULL,	'2019-11-25 14:09:06',	NULL,	NULL,	NULL,	NULL),
(1121,	14,	483,	1,	24,	0,	NULL,	'2019-11-25 14:09:06',	NULL,	NULL,	NULL,	NULL),
(1127,	14,	490,	1,	30,	0,	NULL,	'2019-11-25 14:09:06',	NULL,	NULL,	NULL,	NULL),
(1128,	14,	491,	1,	31,	0,	NULL,	'2019-11-25 14:09:06',	NULL,	NULL,	NULL,	NULL),
(1129,	14,	492,	1,	32,	0,	NULL,	'2019-11-25 14:09:06',	NULL,	NULL,	NULL,	NULL),
(1130,	14,	496,	1,	33,	0,	NULL,	'2019-11-25 14:09:06',	NULL,	NULL,	NULL,	NULL),
(1131,	15,	380,	1,	1,	1,	NULL,	'2019-11-26 13:04:26',	NULL,	NULL,	NULL,	NULL),
(1132,	15,	381,	1,	2,	1,	NULL,	'2019-11-26 13:04:26',	NULL,	NULL,	NULL,	NULL),
(1133,	15,	382,	1,	3,	1,	NULL,	'2019-11-26 13:04:26',	NULL,	NULL,	NULL,	NULL),
(1135,	15,	384,	1,	5,	1,	NULL,	'2019-11-26 13:04:26',	NULL,	NULL,	NULL,	NULL),
(1136,	15,	385,	1,	6,	1,	NULL,	'2019-11-26 13:04:26',	NULL,	NULL,	NULL,	NULL),
(1137,	15,	386,	1,	7,	1,	NULL,	'2019-11-26 13:04:26',	NULL,	NULL,	NULL,	NULL),
(1138,	15,	390,	1,	8,	1,	NULL,	'2019-11-26 13:04:26',	NULL,	NULL,	NULL,	NULL),
(1139,	15,	391,	1,	9,	1,	NULL,	'2019-11-26 13:04:26',	NULL,	NULL,	NULL,	NULL),
(1140,	15,	392,	1,	10,	1,	NULL,	'2019-11-26 13:04:26',	NULL,	NULL,	NULL,	NULL),
(1141,	15,	393,	1,	11,	1,	NULL,	'2019-11-26 13:04:26',	NULL,	NULL,	NULL,	NULL),
(1142,	15,	397,	1,	12,	0,	NULL,	'2019-11-26 13:04:26',	NULL,	NULL,	NULL,	NULL),
(1143,	15,	398,	1,	13,	0,	NULL,	'2019-11-26 13:04:26',	NULL,	NULL,	NULL,	NULL),
(1144,	15,	400,	1,	14,	0,	NULL,	'2019-11-26 13:04:26',	NULL,	NULL,	NULL,	NULL),
(1145,	15,	401,	1,	15,	0,	NULL,	'2019-11-26 13:04:26',	NULL,	NULL,	NULL,	NULL),
(1146,	15,	402,	1,	16,	0,	NULL,	'2019-11-26 13:04:26',	NULL,	NULL,	NULL,	NULL),
(1148,	15,	470,	1,	18,	0,	NULL,	'2019-11-26 13:04:26',	NULL,	NULL,	NULL,	NULL),
(1149,	15,	478,	1,	19,	0,	NULL,	'2019-11-26 13:04:26',	NULL,	NULL,	NULL,	NULL),
(1151,	15,	480,	1,	21,	0,	NULL,	'2019-11-26 13:04:26',	NULL,	NULL,	NULL,	NULL),
(1152,	15,	481,	1,	22,	0,	NULL,	'2019-11-26 13:04:26',	NULL,	NULL,	NULL,	NULL),
(1153,	15,	482,	1,	23,	0,	NULL,	'2019-11-26 13:04:26',	NULL,	NULL,	NULL,	NULL),
(1154,	15,	483,	1,	24,	0,	NULL,	'2019-11-26 13:04:26',	NULL,	NULL,	NULL,	NULL),
(1160,	15,	490,	1,	30,	0,	NULL,	'2019-11-26 13:04:26',	NULL,	NULL,	NULL,	NULL),
(1161,	15,	491,	1,	31,	0,	NULL,	'2019-11-26 13:04:26',	NULL,	NULL,	NULL,	NULL),
(1162,	15,	492,	1,	32,	0,	NULL,	'2019-11-26 13:04:26',	NULL,	NULL,	NULL,	NULL),
(1163,	15,	496,	1,	33,	0,	NULL,	'2019-11-26 13:04:26',	NULL,	NULL,	NULL,	NULL),
(1164,	16,	380,	1,	1,	1,	NULL,	'2019-11-26 14:12:58',	NULL,	NULL,	NULL,	NULL),
(1165,	16,	381,	1,	2,	1,	NULL,	'2019-11-26 14:12:58',	NULL,	NULL,	NULL,	NULL),
(1166,	16,	382,	1,	3,	1,	NULL,	'2019-11-26 14:12:58',	NULL,	NULL,	NULL,	NULL),
(1168,	16,	384,	1,	5,	1,	NULL,	'2019-11-26 14:12:58',	NULL,	NULL,	NULL,	NULL),
(1169,	16,	385,	1,	6,	1,	NULL,	'2019-11-26 14:12:58',	NULL,	NULL,	NULL,	NULL),
(1170,	16,	386,	1,	7,	1,	NULL,	'2019-11-26 14:12:58',	NULL,	NULL,	NULL,	NULL),
(1171,	16,	390,	1,	8,	1,	NULL,	'2019-11-26 14:12:58',	NULL,	NULL,	NULL,	NULL),
(1172,	16,	391,	1,	9,	1,	NULL,	'2019-11-26 14:12:58',	NULL,	NULL,	NULL,	NULL),
(1173,	16,	392,	1,	10,	1,	NULL,	'2019-11-26 14:12:58',	NULL,	NULL,	NULL,	NULL),
(1174,	16,	393,	1,	11,	1,	NULL,	'2019-11-26 14:12:58',	NULL,	NULL,	NULL,	NULL),
(1175,	16,	397,	1,	12,	0,	NULL,	'2019-11-26 14:12:58',	NULL,	NULL,	NULL,	NULL),
(1176,	16,	398,	1,	13,	0,	NULL,	'2019-11-26 14:12:58',	NULL,	NULL,	NULL,	NULL),
(1177,	16,	400,	1,	14,	0,	NULL,	'2019-11-26 14:12:58',	NULL,	NULL,	NULL,	NULL),
(1178,	16,	401,	1,	15,	0,	NULL,	'2019-11-26 14:12:58',	NULL,	NULL,	NULL,	NULL),
(1179,	16,	402,	1,	16,	0,	NULL,	'2019-11-26 14:12:58',	NULL,	NULL,	NULL,	NULL),
(1181,	16,	470,	1,	18,	0,	NULL,	'2019-11-26 14:12:58',	NULL,	NULL,	NULL,	NULL),
(1182,	16,	478,	1,	19,	0,	NULL,	'2019-11-26 14:12:58',	NULL,	NULL,	NULL,	NULL),
(1184,	16,	480,	1,	21,	0,	NULL,	'2019-11-26 14:12:58',	NULL,	NULL,	NULL,	NULL),
(1185,	16,	481,	1,	22,	0,	NULL,	'2019-11-26 14:12:58',	NULL,	NULL,	NULL,	NULL),
(1186,	16,	482,	1,	23,	0,	NULL,	'2019-11-26 14:12:58',	NULL,	NULL,	NULL,	NULL),
(1187,	16,	483,	1,	24,	0,	NULL,	'2019-11-26 14:12:58',	NULL,	NULL,	NULL,	NULL),
(1193,	16,	490,	1,	30,	0,	NULL,	'2019-11-26 14:12:58',	NULL,	NULL,	NULL,	NULL),
(1194,	16,	491,	1,	31,	0,	NULL,	'2019-11-26 14:12:58',	NULL,	NULL,	NULL,	NULL),
(1195,	16,	492,	1,	32,	0,	NULL,	'2019-11-26 14:12:58',	NULL,	NULL,	NULL,	NULL),
(1196,	16,	496,	1,	33,	0,	NULL,	'2019-11-26 14:12:58',	NULL,	NULL,	NULL,	NULL),
(1197,	1,	497,	1,	67,	0,	NULL,	'2019-11-26 20:45:56',	NULL,	NULL,	NULL,	NULL),
(1198,	1,	498,	1,	69,	0,	NULL,	'2019-11-26 22:05:45',	NULL,	NULL,	NULL,	NULL),
(1199,	5,	497,	1,	67,	0,	NULL,	'2019-11-27 10:49:06',	NULL,	NULL,	NULL,	NULL),
(1200,	5,	498,	1,	68,	0,	NULL,	'2019-11-27 10:49:06',	NULL,	NULL,	NULL,	NULL),
(1202,	5,	500,	1,	71,	0,	NULL,	'2019-11-27 13:24:36',	NULL,	NULL,	NULL,	NULL),
(1203,	1,	500,	1,	71,	0,	NULL,	'2019-11-27 13:27:03',	NULL,	NULL,	NULL,	NULL),
(1204,	17,	380,	1,	1,	1,	NULL,	'2019-11-27 13:39:02',	NULL,	NULL,	NULL,	NULL),
(1205,	17,	381,	1,	2,	1,	NULL,	'2019-11-27 13:39:02',	NULL,	NULL,	NULL,	NULL),
(1206,	17,	382,	1,	3,	1,	NULL,	'2019-11-27 13:39:02',	NULL,	NULL,	NULL,	NULL),
(1208,	17,	384,	1,	5,	1,	NULL,	'2019-11-27 13:39:02',	NULL,	NULL,	NULL,	NULL),
(1209,	17,	385,	1,	6,	1,	NULL,	'2019-11-27 13:39:02',	NULL,	NULL,	NULL,	NULL),
(1210,	17,	386,	1,	7,	1,	NULL,	'2019-11-27 13:39:02',	NULL,	NULL,	NULL,	NULL),
(1211,	17,	390,	1,	8,	1,	NULL,	'2019-11-27 13:39:02',	NULL,	NULL,	NULL,	NULL),
(1212,	17,	391,	1,	9,	1,	NULL,	'2019-11-27 13:39:02',	NULL,	NULL,	NULL,	NULL),
(1213,	17,	392,	1,	10,	1,	NULL,	'2019-11-27 13:39:02',	NULL,	NULL,	NULL,	NULL),
(1214,	17,	393,	1,	11,	1,	NULL,	'2019-11-27 13:39:02',	NULL,	NULL,	NULL,	NULL),
(1215,	17,	397,	1,	12,	0,	NULL,	'2019-11-27 13:39:02',	NULL,	NULL,	NULL,	NULL),
(1216,	17,	398,	1,	13,	0,	NULL,	'2019-11-27 13:39:02',	NULL,	NULL,	NULL,	NULL),
(1217,	17,	400,	1,	14,	0,	NULL,	'2019-11-27 13:39:02',	NULL,	NULL,	NULL,	NULL),
(1218,	17,	401,	1,	15,	0,	NULL,	'2019-11-27 13:39:02',	NULL,	NULL,	NULL,	NULL),
(1219,	17,	402,	1,	16,	0,	NULL,	'2019-11-27 13:39:02',	NULL,	NULL,	NULL,	NULL),
(1221,	17,	470,	1,	18,	0,	NULL,	'2019-11-27 13:39:02',	NULL,	NULL,	NULL,	NULL),
(1222,	17,	478,	1,	19,	0,	NULL,	'2019-11-27 13:39:02',	NULL,	NULL,	NULL,	NULL),
(1224,	17,	480,	1,	21,	0,	NULL,	'2019-11-27 13:39:02',	NULL,	NULL,	NULL,	NULL),
(1225,	17,	481,	1,	22,	0,	NULL,	'2019-11-27 13:39:02',	NULL,	NULL,	NULL,	NULL),
(1226,	17,	482,	1,	23,	0,	NULL,	'2019-11-27 13:39:02',	NULL,	NULL,	NULL,	NULL),
(1227,	17,	483,	1,	24,	0,	NULL,	'2019-11-27 13:39:02',	NULL,	NULL,	NULL,	NULL),
(1233,	17,	490,	1,	30,	0,	NULL,	'2019-11-27 13:39:02',	NULL,	NULL,	NULL,	NULL),
(1234,	17,	491,	1,	31,	0,	NULL,	'2019-11-27 13:39:02',	NULL,	NULL,	NULL,	NULL),
(1235,	17,	492,	1,	32,	0,	NULL,	'2019-11-27 13:39:02',	NULL,	NULL,	NULL,	NULL),
(1236,	17,	496,	1,	33,	0,	NULL,	'2019-11-27 13:39:02',	NULL,	NULL,	NULL,	NULL),
(1237,	17,	497,	1,	34,	0,	NULL,	'2019-11-27 13:39:02',	NULL,	NULL,	NULL,	NULL),
(1238,	17,	498,	1,	35,	0,	NULL,	'2019-11-27 13:39:02',	NULL,	NULL,	NULL,	NULL),
(1239,	17,	500,	1,	36,	0,	NULL,	'2019-11-27 13:39:02',	NULL,	NULL,	NULL,	NULL),
(1240,	18,	380,	1,	1,	1,	NULL,	'2019-11-28 11:15:26',	NULL,	NULL,	NULL,	NULL),
(1241,	18,	381,	1,	2,	1,	NULL,	'2019-11-28 11:15:26',	NULL,	NULL,	NULL,	NULL),
(1242,	18,	382,	1,	3,	1,	NULL,	'2019-11-28 11:15:26',	NULL,	NULL,	NULL,	NULL),
(1244,	18,	384,	1,	5,	1,	NULL,	'2019-11-28 11:15:26',	NULL,	NULL,	NULL,	NULL),
(1245,	18,	385,	1,	6,	1,	NULL,	'2019-11-28 11:15:26',	NULL,	NULL,	NULL,	NULL),
(1246,	18,	386,	1,	7,	1,	NULL,	'2019-11-28 11:15:26',	NULL,	NULL,	NULL,	NULL),
(1247,	18,	390,	1,	8,	1,	NULL,	'2019-11-28 11:15:26',	NULL,	NULL,	NULL,	NULL),
(1248,	18,	391,	1,	9,	1,	NULL,	'2019-11-28 11:15:26',	NULL,	NULL,	NULL,	NULL),
(1249,	18,	392,	1,	10,	1,	NULL,	'2019-11-28 11:15:26',	NULL,	NULL,	NULL,	NULL),
(1250,	18,	393,	1,	11,	1,	NULL,	'2019-11-28 11:15:26',	NULL,	NULL,	NULL,	NULL),
(1251,	18,	397,	1,	12,	0,	NULL,	'2019-11-28 11:15:26',	NULL,	NULL,	NULL,	NULL),
(1252,	18,	398,	1,	13,	0,	NULL,	'2019-11-28 11:15:26',	NULL,	NULL,	NULL,	NULL),
(1253,	18,	400,	1,	14,	0,	NULL,	'2019-11-28 11:15:26',	NULL,	NULL,	NULL,	NULL),
(1254,	18,	401,	1,	15,	0,	NULL,	'2019-11-28 11:15:26',	NULL,	NULL,	NULL,	NULL),
(1255,	18,	402,	1,	16,	0,	NULL,	'2019-11-28 11:15:26',	NULL,	NULL,	NULL,	NULL),
(1257,	18,	470,	1,	18,	0,	NULL,	'2019-11-28 11:15:26',	NULL,	NULL,	NULL,	NULL),
(1258,	18,	478,	1,	19,	0,	NULL,	'2019-11-28 11:15:26',	NULL,	NULL,	NULL,	NULL),
(1260,	18,	480,	1,	21,	0,	NULL,	'2019-11-28 11:15:26',	NULL,	NULL,	NULL,	NULL),
(1261,	18,	481,	1,	22,	0,	NULL,	'2019-11-28 11:15:26',	NULL,	NULL,	NULL,	NULL),
(1262,	18,	482,	1,	23,	0,	NULL,	'2019-11-28 11:15:26',	NULL,	NULL,	NULL,	NULL),
(1263,	18,	483,	1,	24,	0,	NULL,	'2019-11-28 11:15:26',	NULL,	NULL,	NULL,	NULL),
(1269,	18,	490,	1,	30,	0,	NULL,	'2019-11-28 11:15:26',	NULL,	NULL,	NULL,	NULL),
(1270,	18,	491,	1,	31,	0,	NULL,	'2019-11-28 11:15:26',	NULL,	NULL,	NULL,	NULL),
(1271,	18,	492,	1,	32,	0,	NULL,	'2019-11-28 11:15:26',	NULL,	NULL,	NULL,	NULL),
(1272,	18,	496,	1,	33,	0,	NULL,	'2019-11-28 11:15:26',	NULL,	NULL,	NULL,	NULL),
(1273,	18,	497,	1,	34,	0,	NULL,	'2019-11-28 11:15:26',	NULL,	NULL,	NULL,	NULL),
(1274,	18,	498,	1,	35,	0,	NULL,	'2019-11-28 11:15:26',	NULL,	NULL,	NULL,	NULL),
(1275,	18,	500,	1,	36,	0,	NULL,	'2019-11-28 11:15:26',	NULL,	NULL,	NULL,	NULL),
(1297,	1,	521,	1,	90,	0,	NULL,	'2019-12-08 12:10:43',	NULL,	NULL,	NULL,	NULL),
(1298,	1,	522,	1,	91,	0,	NULL,	'2019-12-08 12:10:43',	NULL,	NULL,	NULL,	NULL),
(1299,	1,	523,	1,	75,	0,	NULL,	'2019-12-08 12:20:30',	NULL,	NULL,	NULL,	NULL),
(1301,	5,	521,	1,	57,	0,	NULL,	'2019-12-15 13:30:01',	NULL,	NULL,	NULL,	NULL),
(1302,	5,	522,	1,	58,	0,	NULL,	'2019-12-15 13:30:01',	NULL,	NULL,	NULL,	NULL),
(1303,	5,	523,	1,	59,	0,	NULL,	'2019-12-15 13:30:01',	NULL,	NULL,	NULL,	NULL),
(1305,	1,	525,	1,	63,	0,	NULL,	'2020-01-06 10:11:55',	NULL,	NULL,	NULL,	NULL),
(1306,	1,	526,	1,	65,	0,	NULL,	'2020-01-08 09:43:05',	NULL,	NULL,	NULL,	NULL);