-- Adminer 4.6.3 MySQL dump

SET NAMES utf8;
SET time_zone = '+00:00';
SET foreign_key_checks = 0;
SET sql_mode = 'NO_AUTO_VALUE_ON_ZERO';

DROP TABLE IF EXISTS `account_system`;
CREATE TABLE `account_system` (
  `account_system_id` int(100) NOT NULL AUTO_INCREMENT,
  `account_system_track_number` varchar(100) NOT NULL,
  `account_system_name` varchar(100) NOT NULL,
  `account_system_created_date` date DEFAULT NULL,
  `account_system_created_by` int(100) DEFAULT NULL,
  `account_system_last_modified_by` int(100) DEFAULT NULL,
  `account_system_last_modified_date` date DEFAULT NULL,
  `fk_approval_id` int(100) DEFAULT NULL,
  `fk_status_id` int(100) DEFAULT NULL,
  PRIMARY KEY (`account_system_id`)
) ENGINE=InnoDB DEFAULT CHARSET=latin1;

INSERT INTO `account_system` (`account_system_id`, `account_system_track_number`, `account_system_name`, `account_system_created_date`, `account_system_created_by`, `account_system_last_modified_by`, `account_system_last_modified_date`, `fk_approval_id`, `fk_status_id`) VALUES
(1,	'ACEM-84359',	'Kenya',	'2020-02-29',	1,	1,	NULL,	564,	0),
(2,	'ACEM-24684',	'Uganda',	'2020-02-29',	1,	1,	NULL,	565,	0);

DROP TABLE IF EXISTS `approval`;
CREATE TABLE `approval` (
  `approval_id` int(11) NOT NULL AUTO_INCREMENT,
  `approval_track_number` varchar(100) NOT NULL,
  `approval_name` varchar(100) NOT NULL,
  `fk_approve_item_id` int(11) NOT NULL,
  `fk_status_id` int(11) NOT NULL DEFAULT '87',
  `approval_created_by` int(100) NOT NULL,
  `approval_created_date` date NOT NULL,
  `approval_last_modified_date` timestamp NOT NULL DEFAULT CURRENT_TIMESTAMP ON UPDATE CURRENT_TIMESTAMP,
  `approval_last_modified_by` int(100) NOT NULL,
  PRIMARY KEY (`approval_id`),
  KEY `fk_approve_item_id` (`fk_approve_item_id`),
  KEY `fk_status_id` (`fk_status_id`),
  CONSTRAINT `approval_ibfk_1` FOREIGN KEY (`fk_approve_item_id`) REFERENCES `approve_item` (`approve_item_id`),
  CONSTRAINT `approval_ibfk_2` FOREIGN KEY (`fk_approve_item_id`) REFERENCES `approve_item` (`approve_item_id`),
  CONSTRAINT `approval_ibfk_3` FOREIGN KEY (`fk_status_id`) REFERENCES `status` (`status_id`)
) ENGINE=InnoDB DEFAULT CHARSET=latin1;

INSERT INTO `approval` (`approval_id`, `approval_track_number`, `approval_name`, `fk_approve_item_id`, `fk_status_id`, `approval_created_by`, `approval_created_date`, `approval_last_modified_date`, `approval_last_modified_by`) VALUES
(146,	'APR-45830',	'Approval Ticket # APR-45830',	22,	87,	1,	'2019-11-07',	'2019-11-07 11:34:49',	1),
(147,	'APR-88163',	'Approval Ticket # APR-88163',	23,	87,	1,	'2019-11-07',	'2019-11-07 11:36:09',	1),
(148,	'APR-13132',	'Approval Ticket # APR-13132',	22,	87,	1,	'2019-11-07',	'2019-11-07 12:03:32',	1),
(149,	'APR-15968',	'Approval Ticket # APR-15968',	23,	87,	1,	'2019-11-07',	'2019-11-07 12:04:08',	1),
(150,	'APR-64360',	'Approval Ticket # APR-64360',	21,	87,	1,	'2019-11-07',	'2019-11-07 13:26:58',	8),
(151,	'APR-6172',	'Approval Ticket # APR-6172',	20,	87,	1,	'2019-11-07',	'2019-11-07 12:53:15',	1),
(152,	'APR-64367',	'Approval Ticket # APR-64367',	26,	87,	1,	'2019-11-07',	'2019-11-07 13:26:58',	1),
(154,	'APR-80682',	'Approval Ticket # APR-80682',	19,	87,	1,	'2019-11-07',	'2019-11-11 09:30:15',	1),
(156,	'APAL-81132',	'Approval Ticket # APAL-81132',	19,	87,	1,	'2019-11-07',	'2019-11-07 14:05:14',	1),
(157,	'APAL-76190',	'Approval Ticket # APAL-76190',	22,	87,	1,	'2019-11-07',	'2019-11-07 14:06:25',	1),
(158,	'APAL-52378',	'Approval Ticket # APAL-52378',	19,	87,	1,	'2019-11-07',	'2019-11-07 14:07:04',	1),
(160,	'APAL-25105',	'Approval Ticket # APAL-25105',	29,	87,	1,	'2019-11-08',	'2019-11-08 07:21:31',	1),
(161,	'APAL-38118',	'Approval Ticket # APAL-38118',	29,	87,	1,	'2019-11-08',	'2019-11-08 07:24:42',	1),
(162,	'APAL-75620',	'Approval Ticket # APAL-75620',	29,	87,	1,	'2019-11-08',	'2019-11-08 07:55:20',	1),
(163,	'APAL-10692',	'Approval Ticket # APAL-10692',	23,	87,	1,	'2019-11-08',	'2019-11-08 09:23:41',	1),
(164,	'APAL-84180',	'Approval Ticket # APAL-84180',	23,	87,	1,	'2019-11-08',	'2019-11-08 09:24:14',	1),
(165,	'APAL-79894',	'Approval Ticket # APAL-79894',	22,	87,	1,	'2019-11-08',	'2019-11-08 09:35:12',	1),
(166,	'APAL-6771',	'Approval Ticket # APAL-6771',	23,	87,	1,	'2019-11-08',	'2019-11-08 09:57:44',	1),
(167,	'APAL-57745',	'Approval Ticket # APAL-57745',	21,	87,	1,	'2019-11-08',	'2019-11-08 10:06:09',	1),
(168,	'APAL-85894',	'Approval Ticket # APAL-85894',	23,	87,	1,	'2019-11-08',	'2019-11-08 10:09:04',	1),
(169,	'APAL-2174',	'Approval Ticket # APAL-2174',	23,	87,	1,	'2019-11-08',	'2019-11-08 10:09:34',	1),
(170,	'APAL-88744',	'Approval Ticket # APAL-88744',	26,	87,	2,	'2019-11-08',	'2019-11-08 11:03:07',	2),
(171,	'APAL-84595',	'Approval Ticket # APAL-84595',	22,	87,	1,	'2019-11-08',	'2019-11-08 11:32:48',	1),
(172,	'APAL-52466',	'Approval Ticket # APAL-52466',	22,	87,	1,	'2019-11-08',	'2019-11-08 11:33:33',	1),
(173,	'APAL-14516',	'Approval Ticket # APAL-14516',	23,	87,	1,	'2019-11-08',	'2019-11-08 11:34:43',	1),
(174,	'APAL-32516',	'Approval Ticket # APAL-32516',	23,	87,	1,	'2019-11-08',	'2019-11-08 11:35:07',	1),
(175,	'APAL-18028',	'Approval Ticket # APAL-18028',	21,	87,	1,	'2019-11-08',	'2019-11-08 11:38:04',	1),
(176,	'APAL-88261',	'Approval Ticket # APAL-88261',	29,	87,	1,	'2019-11-08',	'2019-11-08 11:57:17',	1),
(177,	'APAL-8283',	'Approval Ticket # APAL-8283',	29,	87,	1,	'2019-11-08',	'2019-11-08 12:14:22',	1),
(178,	'APAL-82917',	'Approval Ticket # APAL-82917',	29,	87,	1,	'2019-11-08',	'2019-11-08 12:16:01',	1),
(179,	'APAL-8602',	'Approval Ticket # APAL-8602',	29,	87,	1,	'2019-11-08',	'2019-11-08 12:18:44',	1),
(180,	'APAL-42378',	'Approval Ticket # APAL-42378',	29,	87,	1,	'2019-11-08',	'2019-11-08 12:23:24',	1),
(181,	'APAL-28521',	'Approval Ticket # APAL-28521',	29,	87,	1,	'2019-11-08',	'2019-11-08 12:24:18',	1),
(182,	'APAL-76538',	'Approval Ticket # APAL-76538',	29,	87,	1,	'2019-11-08',	'2019-11-08 12:26:22',	1),
(185,	'APAL-67074',	'Approval Ticket # APAL-67074',	22,	87,	1,	'2019-11-08',	'2019-11-08 12:35:17',	1),
(186,	'APAL-89308',	'Approval Ticket # APAL-89308',	22,	87,	1,	'2019-11-08',	'2019-11-08 12:37:51',	1),
(187,	'APAL-54182',	'Approval Ticket # APAL-54182',	23,	87,	1,	'2019-11-08',	'2019-11-08 12:39:25',	1),
(188,	'APAL-61432',	'Approval Ticket # APAL-61432',	22,	87,	1,	'2019-11-08',	'2019-11-08 12:43:11',	1),
(189,	'APAL-43136',	'Approval Ticket # APAL-43136',	22,	87,	1,	'2019-11-08',	'2019-11-08 12:47:29',	1),
(190,	'APAL-6496',	'Approval Ticket # APAL-6496',	23,	87,	1,	'2019-11-08',	'2019-11-08 12:48:05',	1),
(191,	'APAL-62132',	'Approval Ticket # APAL-62132',	23,	87,	1,	'2019-11-08',	'2019-11-08 12:48:32',	1),
(192,	'APAL-78015',	'Approval Ticket # APAL-78015',	22,	87,	1,	'2019-11-08',	'2019-11-08 13:30:17',	1),
(193,	'APAL-78908',	'Approval Ticket # APAL-78908',	23,	87,	1,	'2019-11-08',	'2019-11-08 13:31:03',	1),
(194,	'APAL-6342',	'Approval Ticket # APAL-6342',	23,	87,	1,	'2019-11-08',	'2019-11-08 14:17:53',	1),
(195,	'APAL-82116',	'Approval Ticket # APAL-82116',	23,	87,	1,	'2019-11-08',	'2019-11-08 14:18:12',	1),
(196,	'APAL-65833',	'Approval Ticket # APAL-65833',	2,	87,	2,	'2019-11-08',	'2019-11-08 15:43:40',	2),
(197,	'APAL-54353',	'Approval Ticket # APAL-54353',	22,	87,	1,	'2019-11-08',	'2019-11-08 17:26:32',	1),
(198,	'APAL-85692',	'Approval Ticket # APAL-85692',	23,	87,	1,	'2019-11-08',	'2019-11-08 17:28:08',	1),
(199,	'APAL-40108',	'Approval Ticket # APAL-40108',	22,	87,	1,	'2019-11-08',	'2019-11-08 17:29:44',	1),
(200,	'APAL-69287',	'Approval Ticket # APAL-69287',	23,	87,	1,	'2019-11-08',	'2019-11-08 17:31:28',	1),
(201,	'APAL-13425',	'Approval Ticket # APAL-13425',	23,	87,	1,	'2019-11-08',	'2019-11-08 17:31:49',	1),
(203,	'APAL-63537',	'Approval Ticket # APAL-63537',	2,	87,	1,	'2019-11-11',	'2019-11-11 07:43:19',	1),
(205,	'APAL-59716',	'Approval Ticket # APAL-59716',	22,	87,	1,	'2019-11-11',	'2019-11-11 09:49:39',	1),
(206,	'APAL-75533',	'Approval Ticket # APAL-75533',	23,	87,	1,	'2019-11-11',	'2019-11-11 09:50:29',	1),
(207,	'APAL-59488',	'Approval Ticket # APAL-59488',	4,	87,	1,	'2019-11-12',	'2019-11-12 01:17:55',	1),
(208,	'APAL-30369',	'Approval Ticket # APAL-30369',	33,	87,	1,	'2019-11-13',	'2019-11-13 21:49:51',	1),
(209,	'APAL-13369',	'Approval Ticket # APAL-13369',	33,	87,	1,	'2019-11-13',	'2019-11-13 21:50:25',	1),
(210,	'APAL-65785',	'Approval Ticket # APAL-65785',	33,	87,	1,	'2019-11-13',	'2019-11-13 21:51:40',	1),
(211,	'APAL-57065',	'Approval Ticket # APAL-57065',	33,	87,	1,	'2019-11-13',	'2019-11-13 21:51:49',	1),
(212,	'APAL-67930',	'Approval Ticket # APAL-67930',	33,	87,	1,	'2019-11-13',	'2019-11-13 21:52:11',	1),
(217,	'APAL-36755',	'Approval Ticket # APAL-36755',	33,	87,	1,	'2019-11-13',	'2019-11-13 22:43:42',	1),
(218,	'APAL-31473',	'Approval Ticket # APAL-31473',	29,	87,	1,	'2019-11-20',	'2019-11-20 16:40:43',	1),
(219,	'APAL-89876',	'Approval Ticket # APAL-89876',	21,	87,	1,	'2019-11-20',	'2019-11-20 16:41:17',	1),
(220,	'APAL-66521',	'Approval Ticket # APAL-66521',	22,	87,	1,	'2019-11-20',	'2019-11-20 16:51:26',	1),
(221,	'APAL-32589',	'Approval Ticket # APAL-32589',	23,	87,	1,	'2019-11-20',	'2019-11-20 16:52:41',	1),
(222,	'APAL-8542',	'Approval Ticket # APAL-8542',	22,	87,	1,	'2019-11-20',	'2019-11-20 17:04:36',	1),
(223,	'APAL-7134',	'Approval Ticket # APAL-7134',	23,	87,	1,	'2019-11-20',	'2019-11-20 17:05:06',	1),
(224,	'APAL-65378',	'Approval Ticket # APAL-65378',	23,	87,	1,	'2019-11-20',	'2019-11-20 17:12:14',	1),
(225,	'APAL-9934',	'Approval Ticket # APAL-9934',	36,	87,	1,	'2019-11-21',	'2019-11-20 23:15:14',	1),
(226,	'APAL-85574',	'Approval Ticket # APAL-85574',	8,	87,	1,	'2019-11-21',	'2019-11-20 23:37:31',	1),
(228,	'APAL-24385',	'Approval Ticket # APAL-24385',	42,	87,	1,	'2019-11-21',	'2019-11-21 05:46:23',	1),
(229,	'APAL-85274',	'Approval Ticket # APAL-85274',	43,	87,	1,	'2019-11-21',	'2019-11-21 05:48:53',	1),
(230,	'APAL-86475',	'Approval Ticket # APAL-86475',	43,	87,	1,	'2019-11-21',	'2019-11-21 05:49:11',	1),
(231,	'APAL-27869',	'Approval Ticket # APAL-27869',	43,	87,	1,	'2019-11-21',	'2019-11-21 05:49:28',	1),
(232,	'APAL-35730',	'Approval Ticket # APAL-35730',	44,	87,	1,	'2019-11-21',	'2019-11-21 05:52:10',	1),
(233,	'APAL-61204',	'Approval Ticket # APAL-61204',	44,	87,	1,	'2019-11-21',	'2019-11-21 05:52:27',	1),
(234,	'APAL-40979',	'Approval Ticket # APAL-40979',	44,	87,	1,	'2019-11-21',	'2019-11-21 05:52:42',	1),
(235,	'APAL-77301',	'Approval Ticket # APAL-77301',	44,	87,	1,	'2019-11-21',	'2019-11-21 05:52:56',	1),
(236,	'APAL-62839',	'Approval Ticket # APAL-62839',	44,	87,	1,	'2019-11-21',	'2019-11-21 05:53:09',	1),
(237,	'APAL-34528',	'Approval Ticket # APAL-34528',	44,	87,	1,	'2019-11-21',	'2019-11-21 05:53:23',	1),
(238,	'APAL-7340',	'Approval Ticket # APAL-7340',	44,	87,	1,	'2019-11-21',	'2019-11-21 05:53:39',	1),
(239,	'APAL-38476',	'Approval Ticket # APAL-38476',	44,	87,	1,	'2019-11-21',	'2019-11-21 05:53:53',	1),
(240,	'APAL-87161',	'Approval Ticket # APAL-87161',	44,	87,	1,	'2019-11-21',	'2019-11-21 05:54:09',	1),
(241,	'APAL-83476',	'Approval Ticket # APAL-83476',	44,	87,	1,	'2019-11-21',	'2019-11-21 05:54:22',	1),
(242,	'APAL-27540',	'Approval Ticket # APAL-27540',	44,	87,	1,	'2019-11-21',	'2019-11-21 05:54:38',	1),
(243,	'APAL-76991',	'Approval Ticket # APAL-76991',	44,	87,	1,	'2019-11-21',	'2019-11-21 05:54:49',	1),
(244,	'APAL-39831',	'Approval Ticket # APAL-39831',	45,	87,	1,	'2019-11-21',	'2019-11-21 05:57:27',	1),
(245,	'APAL-51059',	'Approval Ticket # APAL-51059',	45,	87,	1,	'2019-11-21',	'2019-11-21 05:57:47',	1),
(246,	'APAL-83258',	'Approval Ticket # APAL-83258',	45,	87,	1,	'2019-11-21',	'2019-11-21 05:58:04',	1),
(247,	'APAL-69410',	'Approval Ticket # APAL-69410',	45,	87,	1,	'2019-11-21',	'2019-11-21 05:58:37',	1),
(248,	'APAL-85849',	'Approval Ticket # APAL-85849',	41,	87,	1,	'2019-11-21',	'2019-11-21 05:59:33',	1),
(249,	'APAL-63574',	'Approval Ticket # APAL-63574',	41,	87,	1,	'2019-11-21',	'2019-11-21 05:59:53',	1),
(250,	'APAL-7518',	'Approval Ticket # APAL-7518',	41,	87,	1,	'2019-11-21',	'2019-11-21 06:00:07',	1),
(251,	'APAL-5835',	'Approval Ticket # APAL-5835',	41,	87,	1,	'2019-11-21',	'2019-11-21 06:00:20',	1),
(252,	'APAL-31557',	'Approval Ticket # APAL-31557',	41,	87,	1,	'2019-11-21',	'2019-11-21 06:00:46',	1),
(253,	'APAL-76952',	'Approval Ticket # APAL-76952',	41,	87,	1,	'2019-11-21',	'2019-11-21 06:01:02',	1),
(254,	'APAL-42567',	'Approval Ticket # APAL-42567',	20,	87,	1,	'2019-11-21',	'2019-11-21 06:03:27',	1),
(255,	'APAL-71017',	'Approval Ticket # APAL-71017',	20,	87,	1,	'2019-11-21',	'2019-11-21 06:07:41',	1),
(256,	'APAL-1188',	'Approval Ticket # APAL-1188',	34,	87,	1,	'2019-11-21',	'2019-11-21 06:49:58',	1),
(257,	'APAL-25177',	'Approval Ticket # APAL-25177',	34,	87,	1,	'2019-11-21',	'2019-11-21 06:50:26',	1),
(258,	'APAL-48302',	'Approval Ticket # APAL-48302',	34,	87,	1,	'2019-11-21',	'2019-11-21 06:50:34',	1),
(259,	'APAL-78879',	'Approval Ticket # APAL-78879',	34,	87,	1,	'2019-11-21',	'2019-11-21 06:50:43',	1),
(260,	'APAL-53209',	'Approval Ticket # APAL-53209',	34,	87,	1,	'2019-11-21',	'2019-11-21 06:50:52',	1),
(261,	'APAL-54921',	'Approval Ticket # APAL-54921',	46,	87,	1,	'2019-11-21',	'2019-11-21 14:52:09',	1),
(262,	'APAL-49242',	'Approval Ticket # APAL-49242',	48,	87,	1,	'2019-11-21',	'2019-11-21 16:12:57',	1),
(263,	'APAL-43999',	'Approval Ticket # APAL-43999',	48,	87,	1,	'2019-11-21',	'2019-11-21 16:13:17',	1),
(264,	'APAL-76052',	'Approval Ticket # APAL-76052',	50,	87,	1,	'2019-11-21',	'2019-11-21 16:32:08',	1),
(265,	'APAL-69182',	'Approval Ticket # APAL-69182',	34,	87,	1,	'2019-11-21',	'2019-11-21 16:39:07',	1),
(266,	'APAL-42258',	'Approval Ticket # APAL-42258',	51,	87,	1,	'2019-11-21',	'2019-11-21 16:40:33',	1),
(267,	'APAL-36866',	'Approval Ticket # APAL-36866',	51,	87,	1,	'2019-11-21',	'2019-11-21 16:40:44',	1),
(268,	'APAL-18527',	'Approval Ticket # APAL-18527',	51,	87,	1,	'2019-11-21',	'2019-11-21 16:40:59',	1),
(269,	'APAL-22843',	'Approval Ticket # APAL-22843',	51,	87,	1,	'2019-11-21',	'2019-11-21 16:41:23',	1),
(270,	'APAL-55853',	'Approval Ticket # APAL-55853',	51,	87,	1,	'2019-11-21',	'2019-11-21 16:41:40',	1),
(271,	'APAL-55159',	'Approval Ticket # APAL-55159',	51,	87,	1,	'2019-11-21',	'2019-11-21 16:41:58',	1),
(272,	'APAL-6087',	'Approval Ticket # APAL-6087',	49,	87,	1,	'2019-11-21',	'2019-11-21 17:08:57',	1),
(273,	'APAL-18194',	'Approval Ticket # APAL-18194',	49,	87,	1,	'2019-11-21',	'2019-11-21 19:34:45',	1),
(274,	'APAL-32760',	'Approval Ticket # APAL-32760',	23,	87,	1,	'2019-11-21',	'2019-11-21 19:51:30',	1),
(275,	'APAL-46338',	'Approval Ticket # APAL-46338',	20,	87,	1,	'2019-11-21',	'2019-11-21 21:51:46',	1),
(276,	'APAL-15025',	'Approval Ticket # APAL-15025',	23,	87,	1,	'2019-11-21',	'2019-11-21 22:30:27',	1),
(277,	'APAL-78065',	'Approval Ticket # APAL-78065',	52,	87,	1,	'2019-11-22',	'2019-11-22 07:22:45',	1),
(278,	'APAL-48810',	'Approval Ticket # APAL-48810',	53,	87,	1,	'2019-11-22',	'2019-11-22 07:52:38',	1),
(279,	'APAL-11749',	'Approval Ticket # APAL-11749',	53,	87,	1,	'2019-11-22',	'2019-11-22 07:53:50',	1),
(280,	'APAL-2994',	'Approval Ticket # APAL-2994',	52,	87,	1,	'2019-11-22',	'2019-11-22 08:39:57',	1),
(281,	'APAL-51642',	'Approval Ticket # APAL-51642',	52,	87,	1,	'2019-11-22',	'2019-11-22 08:40:52',	1),
(282,	'APAL-80033',	'Approval Ticket # APAL-80033',	54,	87,	1,	'2019-11-22',	'2019-11-22 08:44:08',	1),
(283,	'APAL-77747',	'Approval Ticket # APAL-77747',	53,	87,	1,	'2019-11-22',	'2019-11-22 09:31:50',	1),
(284,	'APAL-61754',	'Approval Ticket # APAL-61754',	23,	87,	1,	'2019-11-22',	'2019-11-22 10:15:49',	1),
(285,	'APAL-36415',	'Approval Ticket # APAL-36415',	23,	87,	1,	'2019-11-22',	'2019-11-22 10:33:01',	1),
(286,	'APAL-5659',	'Approval Ticket # APAL-5659',	45,	87,	1,	'2019-11-22',	'2019-11-22 16:17:13',	1),
(287,	'APAL-3267',	'Approval Ticket # APAL-3267',	45,	87,	1,	'2019-11-22',	'2019-11-22 16:18:01',	1),
(288,	'APAL-26841',	'Approval Ticket # APAL-26841',	45,	87,	1,	'2019-11-22',	'2019-11-22 16:24:58',	1),
(295,	'APAL-38513',	'Approval Ticket # APAL-38513',	45,	87,	1,	'2019-11-22',	'2019-11-22 17:28:20',	1),
(296,	'APAL-47909',	'Approval Ticket # APAL-47909',	8,	87,	1,	'2019-11-22',	'2019-11-22 17:38:55',	1),
(297,	'APAL-42142',	'Approval Ticket # APAL-42142',	8,	87,	1,	'2019-11-22',	'2019-11-22 17:53:20',	1),
(298,	'APAL-53526',	'Approval Ticket # APAL-53526',	8,	87,	1,	'2019-11-22',	'2019-11-22 17:56:32',	1),
(299,	'APAL-19128',	'Approval Ticket # APAL-19128',	8,	87,	1,	'2019-11-22',	'2019-11-22 17:58:41',	1),
(300,	'APAL-50869',	'Approval Ticket # APAL-50869',	8,	87,	1,	'2019-11-22',	'2019-11-22 18:00:10',	1),
(301,	'APAL-14434',	'Approval Ticket # APAL-14434',	8,	87,	1,	'2019-11-22',	'2019-11-22 18:00:32',	1),
(302,	'APAL-69852',	'Approval Ticket # APAL-69852',	8,	87,	1,	'2019-11-22',	'2019-11-22 18:06:42',	1),
(307,	'APAL-50025',	'Approval Ticket # APAL-50025',	40,	87,	1,	'2019-11-22',	'2019-11-22 21:18:48',	1),
(312,	'APAL-27814',	'Approval Ticket # APAL-27814',	57,	87,	1,	'2019-11-23',	'2019-11-23 10:04:46',	1),
(313,	'APAL-23057',	'Approval Ticket # APAL-23057',	8,	87,	1,	'2019-11-23',	'2019-11-23 10:05:58',	1),
(323,	'APAL-84939',	'Approval Ticket # APAL-84939',	57,	87,	1,	'2019-11-23',	'2019-11-23 10:48:12',	1),
(324,	'APAL-66198',	'Approval Ticket # APAL-66198',	57,	87,	1,	'2019-11-23',	'2019-11-23 11:14:54',	1),
(325,	'APAL-30340',	'Approval Ticket # APAL-30340',	59,	87,	1,	'2019-11-23',	'2019-11-23 14:18:13',	1),
(326,	'APAL-37997',	'Approval Ticket # APAL-37997',	60,	87,	1,	'2019-11-23',	'2019-11-23 14:37:14',	1),
(327,	'APAL-26443',	'Approval Ticket # APAL-26443',	60,	87,	1,	'2019-11-23',	'2019-11-23 14:37:52',	1),
(328,	'APAL-17798',	'Approval Ticket # APAL-17798',	60,	87,	1,	'2019-11-23',	'2019-11-23 14:38:04',	1),
(329,	'APAL-35934',	'Approval Ticket # APAL-35934',	57,	87,	1,	'2019-11-23',	'2019-11-23 15:45:57',	1),
(330,	'APAL-38545',	'Approval Ticket # APAL-38545',	61,	87,	1,	'2019-11-23',	'2019-11-23 15:46:36',	1),
(331,	'APAL-61954',	'Approval Ticket # APAL-61954',	57,	87,	1,	'2019-11-23',	'2019-11-23 15:49:09',	1),
(332,	'APAL-63579',	'Approval Ticket # APAL-63579',	61,	87,	1,	'2019-11-23',	'2019-11-23 15:49:42',	1),
(333,	'APAL-19733',	'Approval Ticket # APAL-19733',	57,	87,	1,	'2019-11-23',	'2019-11-23 15:50:36',	1),
(334,	'APAL-44436',	'Approval Ticket # APAL-44436',	61,	87,	1,	'2019-11-23',	'2019-11-23 15:51:40',	1),
(335,	'APAL-19306',	'Approval Ticket # APAL-19306',	57,	87,	1,	'2019-11-23',	'2019-11-23 15:52:20',	1),
(336,	'APAL-48776',	'Approval Ticket # APAL-48776',	61,	87,	1,	'2019-11-23',	'2019-11-23 15:53:05',	1),
(337,	'APAL-26203',	'Approval Ticket # APAL-26203',	57,	87,	1,	'2019-11-23',	'2019-11-23 15:53:54',	1),
(338,	'APAL-46529',	'Approval Ticket # APAL-46529',	61,	87,	1,	'2019-11-23',	'2019-11-23 15:54:20',	1),
(339,	'APAL-51685',	'Approval Ticket # APAL-51685',	57,	87,	1,	'2019-11-23',	'2019-11-23 15:54:58',	1),
(340,	'APAL-12941',	'Approval Ticket # APAL-12941',	61,	87,	1,	'2019-11-23',	'2019-11-23 15:55:24',	1),
(341,	'APAL-33109',	'Approval Ticket # APAL-33109',	57,	87,	1,	'2019-11-23',	'2019-11-23 15:56:00',	1),
(342,	'APAL-85252',	'Approval Ticket # APAL-85252',	61,	87,	1,	'2019-11-23',	'2019-11-23 15:56:48',	1),
(343,	'APAL-55785',	'Approval Ticket # APAL-55785',	59,	87,	1,	'2019-11-23',	'2019-11-23 15:59:55',	1),
(344,	'APAL-4911',	'Approval Ticket # APAL-4911',	59,	87,	1,	'2019-11-23',	'2019-11-23 16:00:34',	1),
(345,	'APAL-63379',	'Approval Ticket # APAL-63379',	57,	87,	1,	'2019-11-23',	'2019-11-23 18:05:30',	1),
(346,	'APAL-51555',	'Approval Ticket # APAL-51555',	61,	87,	1,	'2019-11-23',	'2019-11-23 18:06:15',	1),
(347,	'APAL-7140',	'Approval Ticket # APAL-7140',	59,	87,	1,	'2019-11-23',	'2019-11-23 18:06:45',	1),
(348,	'APAL-46833',	'Approval Ticket # APAL-46833',	22,	87,	1,	'2019-11-23',	'2019-11-23 18:11:34',	1),
(349,	'APAL-21260',	'Approval Ticket # APAL-21260',	23,	87,	1,	'2019-11-23',	'2019-11-23 18:12:31',	1),
(350,	'APAL-2315',	'Approval Ticket # APAL-2315',	57,	87,	1,	'2019-11-23',	'2019-11-23 18:17:06',	1),
(351,	'APAL-60972',	'Approval Ticket # APAL-60972',	61,	87,	1,	'2019-11-23',	'2019-11-23 18:18:06',	1),
(352,	'APAL-70876',	'Approval Ticket # APAL-70876',	59,	87,	1,	'2019-11-23',	'2019-11-23 18:23:50',	1),
(353,	'APAL-1458',	'Approval Ticket # APAL-1458',	21,	87,	1,	'2019-11-24',	'2019-11-24 21:53:12',	1),
(354,	'APAL-63350',	'Approval Ticket # APAL-63350',	50,	87,	1,	'2019-11-25',	'2019-11-25 03:12:02',	1),
(355,	'APAL-3213',	'Approval Ticket # APAL-3213',	41,	87,	1,	'2019-11-25',	'2019-11-25 07:21:42',	1),
(356,	'APAL-54636',	'Approval Ticket # APAL-54636',	20,	87,	1,	'2019-11-25',	'2019-11-25 07:22:42',	1),
(357,	'APAL-7751',	'Approval Ticket # APAL-7751',	29,	87,	1,	'2019-11-25',	'2019-11-25 07:26:30',	1),
(358,	'APAL-24073',	'Approval Ticket # APAL-24073',	46,	87,	1,	'2019-11-25',	'2019-11-25 07:28:22',	1),
(360,	'APAL-29595',	'Approval Ticket # APAL-29595',	21,	87,	1,	'2019-11-25',	'2019-11-25 13:57:26',	1),
(361,	'APAL-34699',	'Approval Ticket # APAL-34699',	23,	87,	1,	'2019-11-25',	'2019-11-25 13:59:46',	1),
(363,	'APAL-6906',	'Approval Ticket # APAL-6906',	29,	87,	1,	'2019-11-25',	'2019-11-25 14:07:15',	1),
(364,	'APAL-15912',	'Approval Ticket # APAL-15912',	52,	87,	1,	'2019-11-25',	'2019-11-25 14:12:06',	1),
(365,	'APAL-47497',	'Approval Ticket # APAL-47497',	59,	87,	1,	'2019-11-25',	'2019-11-25 14:16:55',	1),
(366,	'APAL-6796',	'Approval Ticket # APAL-6796',	52,	87,	1,	'2019-11-25',	'2019-11-25 14:20:26',	1),
(367,	'APAL-73265',	'Approval Ticket # APAL-73265',	44,	87,	1,	'2019-11-26',	'2019-11-26 12:42:47',	1),
(368,	'APAL-77033',	'Approval Ticket # APAL-77033',	45,	87,	1,	'2019-11-26',	'2019-11-26 12:46:44',	1),
(369,	'APAL-62611',	'Approval Ticket # APAL-62611',	45,	87,	1,	'2019-11-26',	'2019-11-26 12:46:59',	1),
(370,	'APAL-43430',	'Approval Ticket # APAL-43430',	41,	87,	1,	'2019-11-26',	'2019-11-26 12:47:35',	1),
(371,	'APAL-47519',	'Approval Ticket # APAL-47519',	41,	87,	1,	'2019-11-26',	'2019-11-26 12:48:29',	1),
(372,	'APAL-82853',	'Approval Ticket # APAL-82853',	20,	87,	1,	'2019-11-26',	'2019-11-26 12:51:14',	1),
(373,	'APAL-77438',	'Approval Ticket # APAL-77438',	20,	87,	1,	'2019-11-26',	'2019-11-26 12:53:25',	1),
(374,	'APAL-54320',	'Approval Ticket # APAL-54320',	21,	87,	1,	'2019-11-26',	'2019-11-26 12:54:34',	1),
(375,	'APAL-54451',	'Approval Ticket # APAL-54451',	21,	87,	1,	'2019-11-26',	'2019-11-26 12:55:01',	1),
(376,	'APAL-83883',	'Approval Ticket # APAL-83883',	23,	87,	1,	'2019-11-26',	'2019-11-26 12:56:58',	1),
(377,	'APAL-66301',	'Approval Ticket # APAL-66301',	23,	87,	1,	'2019-11-26',	'2019-11-26 12:57:18',	1),
(378,	'APAL-28747',	'Approval Ticket # APAL-28747',	29,	87,	1,	'2019-11-26',	'2019-11-26 13:03:56',	1),
(379,	'APAL-82699',	'Approval Ticket # APAL-82699',	46,	87,	1,	'2019-11-26',	'2019-11-26 13:06:25',	1),
(381,	'APAL-9091',	'Approval Ticket # APAL-9091',	45,	87,	1,	'2019-11-26',	'2019-11-26 13:39:23',	1),
(382,	'APAL-62652',	'Approval Ticket # APAL-62652',	41,	87,	1,	'2019-11-26',	'2019-11-26 13:41:37',	1),
(383,	'APAL-1352',	'Approval Ticket # APAL-1352',	41,	87,	1,	'2019-11-26',	'2019-11-26 13:41:55',	1),
(384,	'APAL-60757',	'Approval Ticket # APAL-60757',	20,	87,	1,	'2019-11-26',	'2019-11-26 13:44:36',	1),
(385,	'APAL-65628',	'Approval Ticket # APAL-65628',	20,	87,	1,	'2019-11-26',	'2019-11-26 13:45:09',	1),
(386,	'APAL-4002',	'Approval Ticket # APAL-4002',	21,	87,	1,	'2019-11-26',	'2019-11-26 14:03:54',	1),
(387,	'APAL-10313',	'Approval Ticket # APAL-10313',	23,	87,	1,	'2019-11-26',	'2019-11-26 14:06:58',	1),
(388,	'APAL-33933',	'Approval Ticket # APAL-33933',	23,	87,	1,	'2019-11-26',	'2019-11-26 14:08:47',	1),
(389,	'APAL-65905',	'Approval Ticket # APAL-65905',	29,	87,	1,	'2019-11-26',	'2019-11-26 14:12:12',	1),
(390,	'APAL-79262',	'Approval Ticket # APAL-79262',	46,	87,	1,	'2019-11-26',	'2019-11-26 14:16:43',	1),
(393,	'APAL-13193',	'Approval Ticket # APAL-13193',	59,	87,	1,	'2019-11-27',	'2019-11-27 12:30:12',	1),
(394,	'APAL-73785',	'Approval Ticket # APAL-73785',	8,	87,	1,	'2019-11-27',	'2019-11-27 12:39:22',	1),
(400,	'APAL-19866',	'Approval Ticket # APAL-19866',	8,	87,	1,	'2019-11-27',	'2019-11-27 12:55:31',	1),
(401,	'APAL-79581',	'Approval Ticket # APAL-79581',	18,	87,	1,	'2019-11-27',	'2019-11-27 12:56:09',	1),
(402,	'APAL-28725',	'Approval Ticket # APAL-28725',	19,	87,	1,	'2019-11-27',	'2019-11-27 12:57:44',	1),
(403,	'APAL-52007',	'Approval Ticket # APAL-52007',	63,	87,	1,	'2019-11-27',	'2019-11-27 12:58:44',	1),
(404,	'APAL-67437',	'Approval Ticket # APAL-67437',	39,	87,	1,	'2019-11-27',	'2019-11-27 13:02:27',	1),
(405,	'APAL-64590',	'Approval Ticket # APAL-64590',	19,	87,	1,	'2019-11-27',	'2019-11-27 13:05:48',	1),
(407,	'APAL-23782',	'Approval Ticket # APAL-23782',	3,	87,	5,	'2019-11-27',	'2019-11-27 13:11:44',	5),
(408,	'APAL-7297',	'Approval Ticket # APAL-7297',	3,	87,	1,	'2019-11-27',	'2019-11-27 13:18:51',	1),
(409,	'APAL-7347',	'Approval Ticket # APAL-7347',	3,	87,	5,	'2019-11-27',	'2019-11-27 13:22:36',	5),
(410,	'APAL-15120',	'Approval Ticket # APAL-15120',	29,	87,	1,	'2019-11-27',	'2019-11-27 13:37:06',	1),
(411,	'APAL-30215',	'Approval Ticket # APAL-30215',	52,	87,	1,	'2019-11-27',	'2019-11-27 13:37:59',	1),
(412,	'APAL-44801',	'Approval Ticket # APAL-44801',	59,	87,	1,	'2019-11-27',	'2019-11-27 13:43:39',	1),
(413,	'APAL-26855',	'Approval Ticket # APAL-26855',	59,	87,	1,	'2019-11-27',	'2019-11-27 13:44:22',	1),
(414,	'APAL-32304',	'Approval Ticket # APAL-32304',	59,	87,	1,	'2019-11-27',	'2019-11-27 13:50:46',	1),
(415,	'APAL-50521',	'Approval Ticket # APAL-50521',	8,	87,	1,	'2019-11-27',	'2019-11-27 14:05:15',	1),
(416,	'APAL-84698',	'Approval Ticket # APAL-84698',	18,	87,	1,	'2019-11-27',	'2019-11-27 14:07:34',	1),
(417,	'APAL-9255',	'Approval Ticket # APAL-9255',	18,	87,	1,	'2019-11-27',	'2019-11-27 14:08:26',	1),
(418,	'APAL-80967',	'Approval Ticket # APAL-80967',	19,	87,	1,	'2019-11-27',	'2019-11-27 14:13:21',	1),
(419,	'APAL-25637',	'Approval Ticket # APAL-25637',	63,	87,	1,	'2019-11-27',	'2019-11-27 14:18:13',	1),
(420,	'APAL-64644',	'Approval Ticket # APAL-64644',	39,	87,	1,	'2019-11-27',	'2019-11-27 14:20:01',	1),
(421,	'APAL-11329',	'Approval Ticket # APAL-11329',	3,	87,	5,	'2019-11-27',	'2019-11-27 14:37:15',	5),
(422,	'APAL-32893',	'Approval Ticket # APAL-32893',	59,	87,	1,	'2019-11-27',	'2019-11-27 16:34:39',	1),
(423,	'APAL-63460',	'Approval Ticket # APAL-63460',	59,	87,	1,	'2019-11-27',	'2019-11-27 16:39:24',	1),
(424,	'APAL-31496',	'Approval Ticket # APAL-31496',	59,	87,	1,	'2019-11-27',	'2019-11-27 16:45:22',	1),
(425,	'APAL-24040',	'Approval Ticket # APAL-24040',	50,	87,	1,	'2019-11-27',	'2019-11-27 17:22:58',	1),
(426,	'APAL-75805',	'Approval Ticket # APAL-75805',	29,	87,	1,	'2019-11-28',	'2019-11-28 09:55:58',	1),
(427,	'APAL-44013',	'Approval Ticket # APAL-44013',	23,	87,	1,	'2019-11-28',	'2019-11-28 10:02:02',	1),
(429,	'APAL-47118',	'Approval Ticket # APAL-47118',	65,	87,	1,	'2019-12-01',	'2019-12-01 05:06:01',	1),
(433,	'APAL-30761',	'Approval Ticket # APAL-30761',	20,	87,	1,	'2019-12-03',	'2019-12-03 13:41:48',	1),
(439,	'APAL-4619',	'Approval Ticket # APAL-4619',	20,	87,	1,	'2019-12-03',	'2019-12-03 16:35:56',	1),
(441,	'APAL-49739',	'Approval Ticket # APAL-49739',	20,	87,	1,	'2019-12-03',	'2019-12-03 17:20:42',	1),
(442,	'APAL-45850',	'Approval Ticket # APAL-45850',	20,	87,	1,	'2019-12-08',	'2019-12-08 12:46:56',	1),
(443,	'APAL-89215',	'Approval Ticket # APAL-89215',	4,	87,	1,	'2019-12-08',	'2019-12-08 16:04:22',	1),
(446,	'APAL-82249',	'Approval Ticket # APAL-82249',	42,	87,	1,	'2019-12-13',	'2019-12-13 04:05:02',	1),
(448,	'APAL-67896',	'Approval Ticket # APAL-67896',	20,	87,	1,	'2019-12-13',	'2019-12-13 04:09:20',	1),
(449,	'APAL-3390',	'Approval Ticket # APAL-3390',	43,	87,	1,	'2019-12-13',	'2019-12-13 04:10:04',	1),
(450,	'APAL-78692',	'Approval Ticket # APAL-78692',	44,	87,	1,	'2019-12-13',	'2019-12-13 04:11:04',	1),
(451,	'APAL-77524',	'Approval Ticket # APAL-77524',	45,	87,	1,	'2019-12-13',	'2019-12-13 04:12:02',	1),
(452,	'APAL-28598',	'Approval Ticket # APAL-28598',	20,	87,	1,	'2019-12-13',	'2019-12-13 04:13:18',	1),
(453,	'APAL-61567',	'Approval Ticket # APAL-61567',	41,	87,	1,	'2019-12-13',	'2019-12-13 04:14:01',	1),
(454,	'APAL-78852',	'Approval Ticket # APAL-78852',	33,	87,	1,	'2019-12-13',	'2019-12-13 04:14:52',	1),
(455,	'APAL-73086',	'Approval Ticket # APAL-73086',	51,	87,	1,	'2019-12-13',	'2019-12-13 16:14:20',	1),
(456,	'APAL-46322',	'Approval Ticket # APAL-46322',	52,	87,	1,	'2019-12-13',	'2019-12-13 16:15:08',	1),
(457,	'APAL-49743',	'Approval Ticket # APAL-49743',	45,	87,	1,	'2019-12-14',	'2019-12-14 04:28:21',	1),
(458,	'APAL-85536',	'Approval Ticket # APAL-85536',	41,	87,	1,	'2019-12-14',	'2019-12-14 04:41:24',	1),
(459,	'APAL-38176',	'Approval Ticket # APAL-38176',	20,	87,	1,	'2019-12-15',	'2019-12-15 08:16:59',	1),
(460,	'APAL-80263',	'Approval Ticket # APAL-80263',	44,	87,	1,	'2019-12-15',	'2019-12-15 08:18:39',	1),
(461,	'APAL-18863',	'Approval Ticket # APAL-18863',	52,	87,	1,	'2019-12-15',	'2019-12-15 08:23:05',	1),
(462,	'APAL-35991',	'Approval Ticket # APAL-35991',	20,	87,	1,	'2019-12-15',	'2019-12-15 09:05:20',	1),
(463,	'APAL-17664',	'Approval Ticket # APAL-17664',	45,	87,	1,	'2019-12-15',	'2019-12-15 09:06:40',	1),
(464,	'APAL-8743',	'Approval Ticket # APAL-8743',	3,	87,	1,	'2019-12-15',	'2019-12-15 09:53:15',	1),
(465,	'APAL-52707',	'Approval Ticket # APAL-52707',	65,	87,	1,	'2019-12-15',	'2019-12-15 13:55:06',	1),
(466,	'APAL-80867',	'Approval Ticket # APAL-80867',	3,	87,	5,	'2019-12-15',	'2019-12-15 14:17:14',	5),
(467,	'APAL-22786',	'Approval Ticket # APAL-22786',	49,	87,	1,	'2019-12-15',	'2019-12-15 15:10:22',	1),
(468,	'APAL-89404',	'Approval Ticket # APAL-89404',	3,	87,	5,	'2019-12-15',	'2019-12-15 15:17:11',	5),
(469,	'APAL-78047',	'Approval Ticket # APAL-78047',	19,	87,	1,	'2019-12-15',	'2019-12-15 15:25:35',	1),
(470,	'APAL-51571',	'Approval Ticket # APAL-51571',	48,	87,	1,	'2019-12-16',	'2019-12-16 10:40:23',	1),
(471,	'APAL-31869',	'Approval Ticket # APAL-31869',	49,	87,	1,	'2019-12-16',	'2019-12-16 10:41:18',	1),
(472,	'APAL-1608',	'Approval Ticket # APAL-1608',	3,	87,	5,	'2019-12-16',	'2019-12-16 10:55:24',	5),
(473,	'APAL-50855',	'Approval Ticket # APAL-50855',	3,	87,	5,	'2019-12-16',	'2019-12-16 10:57:57',	5),
(474,	'APAL-22478',	'Approval Ticket # APAL-22478',	49,	87,	1,	'2019-12-16',	'2019-12-16 10:59:09',	1),
(475,	'APAL-78683',	'Approval Ticket # APAL-78683',	22,	87,	1,	'2019-12-16',	'2019-12-16 13:19:15',	1),
(476,	'APAL-8372',	'Approval Ticket # APAL-8372',	22,	87,	1,	'2019-12-16',	'2019-12-16 15:36:41',	1),
(477,	'APAL-60982',	'Approval Ticket # APAL-60982',	22,	87,	1,	'2019-12-16',	'2019-12-16 15:37:40',	1),
(479,	'APAL-61925',	'Approval Ticket # APAL-61925',	23,	87,	1,	'2019-12-16',	'2019-12-16 15:39:14',	1),
(480,	'APAL-69191',	'Approval Ticket # APAL-69191',	22,	87,	1,	'2019-12-16',	'2019-12-16 17:11:01',	1),
(481,	'APAL-27349',	'Approval Ticket # APAL-27349',	2,	87,	1,	'2019-12-20',	'2019-12-20 11:25:54',	1),
(482,	'APAL-64678',	'Approval Ticket # APAL-64678',	2,	87,	1,	'2020-01-03',	'2020-01-03 11:24:51',	1),
(483,	'APAL-34790',	'Approval Ticket # APAL-34790',	2,	87,	1,	'2020-01-03',	'2020-01-03 12:30:32',	1),
(487,	'APAL-65597',	'Approval Ticket # APAL-65597',	67,	87,	1,	'2020-01-04',	'2020-01-04 06:41:24',	1),
(492,	'APAL-79440',	'Approval Ticket # APAL-79440',	67,	87,	1,	'2020-01-04',	'2020-01-04 06:51:23',	1),
(493,	'APAL-50021',	'Approval Ticket # APAL-50021',	67,	87,	1,	'2020-01-04',	'2020-01-04 06:51:45',	1),
(495,	'APAL-35617',	'Approval Ticket # APAL-35617',	67,	87,	1,	'2020-01-04',	'2020-01-04 06:56:49',	1),
(498,	'APAL-73022',	'Approval Ticket # APAL-73022',	68,	87,	1,	'2020-01-06',	'2020-01-06 06:12:14',	1),
(499,	'APAL-47888',	'Approval Ticket # APAL-47888',	68,	87,	1,	'2020-01-06',	'2020-01-06 06:14:15',	1),
(500,	'APAL-21642',	'Approval Ticket # APAL-21642',	68,	87,	1,	'2020-01-06',	'2020-01-06 06:17:59',	1),
(502,	'APAL-81312',	'Approval Ticket # APAL-81312',	69,	87,	1,	'2020-01-06',	'2020-01-06 06:25:58',	1),
(503,	'APAL-76872',	'Approval Ticket # APAL-76872',	2,	87,	1,	'2020-01-06',	'2020-01-06 07:36:34',	1),
(504,	'APAL-32679',	'Approval Ticket # APAL-32679',	2,	87,	1,	'2020-01-06',	'2020-01-06 07:38:59',	1),
(505,	'APAL-32039',	'Approval Ticket # APAL-32039',	2,	87,	1,	'2020-01-06',	'2020-01-06 07:59:37',	1),
(506,	'APAL-38768',	'Approval Ticket # APAL-38768',	2,	87,	1,	'2020-01-06',	'2020-01-06 08:01:12',	1),
(507,	'APAL-51176',	'Approval Ticket # APAL-51176',	2,	87,	1,	'2020-01-06',	'2020-01-06 08:02:00',	1),
(508,	'APAL-5274',	'Approval Ticket # APAL-5274',	2,	87,	1,	'2020-01-06',	'2020-01-06 09:04:02',	1),
(509,	'APAL-3664',	'Approval Ticket # APAL-3664',	2,	87,	1,	'2020-01-06',	'2020-01-06 09:09:14',	1),
(510,	'APAL-58145',	'Approval Ticket # APAL-58145',	68,	87,	1,	'2020-01-06',	'2020-01-06 13:07:24',	1),
(511,	'APAL-57923',	'Approval Ticket # APAL-57923',	69,	87,	1,	'2020-01-06',	'2020-01-06 13:10:04',	1),
(512,	'APAL-22351',	'Approval Ticket # APAL-22351',	70,	87,	1,	'2020-01-08',	'2020-01-08 09:50:32',	1),
(513,	'APAL-85519',	'Approval Ticket # APAL-85519',	22,	87,	1,	'2020-01-08',	'2020-01-08 09:56:30',	1),
(514,	'APAL-10444',	'Approval Ticket # APAL-10444',	23,	87,	1,	'2020-01-08',	'2020-01-08 09:57:35',	1),
(515,	'APAL-54193',	'Approval Ticket # APAL-54193',	65,	87,	1,	'2020-01-09',	'2020-01-09 11:37:08',	1),
(516,	'APAL-51983',	'Approval Ticket # APAL-51983',	49,	87,	1,	'2020-01-09',	'2020-01-09 11:39:48',	1),
(517,	'APAL-28282',	'Approval Ticket # APAL-28282',	71,	87,	1,	'2020-01-15',	'2020-01-15 11:52:12',	1),
(518,	'APAL-19954',	'Approval Ticket # APAL-19954',	72,	87,	1,	'2020-01-15',	'2020-01-15 15:13:38',	1),
(519,	'APAL-16086',	'Approval Ticket # APAL-16086',	72,	87,	1,	'2020-01-15',	'2020-01-15 15:13:52',	1),
(520,	'APAL-71719',	'Approval Ticket # APAL-71719',	73,	87,	1,	'2020-01-15',	'2020-01-15 15:15:43',	1),
(521,	'APAL-77170',	'Approval Ticket # APAL-77170',	73,	87,	1,	'2020-01-15',	'2020-01-15 15:16:19',	1),
(522,	'APAL-47497',	'Approval Ticket # APAL-47497',	73,	87,	1,	'2020-01-15',	'2020-01-15 15:16:36',	1),
(523,	'APAL-60033',	'Approval Ticket # APAL-60033',	37,	87,	1,	'2020-01-15',	'2020-01-15 15:25:26',	1),
(524,	'APAL-27166',	'Approval Ticket # APAL-27166',	37,	87,	1,	'2020-01-15',	'2020-01-15 15:26:00',	1),
(525,	'APAL-5754',	'Approval Ticket # APAL-5754',	37,	87,	1,	'2020-01-15',	'2020-01-15 15:26:42',	1),
(526,	'APAL-62682',	'Approval Ticket # APAL-62682',	37,	87,	1,	'2020-01-15',	'2020-01-15 15:27:21',	1),
(527,	'APAL-8940',	'Approval Ticket # APAL-8940',	37,	87,	1,	'2020-01-15',	'2020-01-15 15:27:46',	1),
(528,	'APAL-78134',	'Approval Ticket # APAL-78134',	37,	87,	1,	'2020-01-15',	'2020-01-15 15:28:22',	1),
(529,	'APAL-68883',	'Approval Ticket # APAL-68883',	37,	87,	1,	'2020-01-15',	'2020-01-15 15:28:54',	1),
(530,	'APAL-6081',	'Approval Ticket # APAL-6081',	37,	87,	1,	'2020-01-15',	'2020-01-15 15:29:43',	1),
(531,	'APAL-35435',	'Approval Ticket # APAL-35435',	71,	87,	1,	'2020-01-15',	'2020-01-15 17:54:40',	1),
(532,	'APAL-50257',	'Approval Ticket # APAL-50257',	2,	87,	1,	'2020-01-16',	'2020-01-16 11:06:17',	1),
(533,	'APAL-57906',	'Approval Ticket # APAL-57906',	74,	87,	1,	'2020-01-16',	'2020-01-16 11:15:15',	1),
(534,	'APAL-28616',	'Approval Ticket # APAL-28616',	74,	87,	1,	'2020-01-16',	'2020-01-16 11:15:37',	1),
(535,	'APAL-13866',	'Approval Ticket # APAL-13866',	72,	87,	1,	'2020-01-16',	'2020-01-16 11:31:42',	1),
(537,	'APAL-5306',	'Approval Ticket # APAL-5306',	2,	87,	1,	'2020-01-16',	'2020-01-16 18:01:57',	1),
(538,	'APAL-14183',	'Approval Ticket # APAL-14183',	2,	87,	1,	'2020-01-16',	'2020-01-16 18:02:46',	1),
(539,	'APAL-54691',	'Approval Ticket # APAL-54691',	2,	102,	1,	'2020-01-16',	'2020-03-07 04:43:20',	1),
(540,	'APAL-73549',	'Approval Ticket # APAL-73549',	2,	87,	1,	'2020-01-16',	'2020-01-16 18:04:14',	1),
(541,	'APAL-40607',	'Approval Ticket # APAL-40607',	2,	87,	1,	'2020-01-16',	'2020-01-16 18:05:05',	1),
(542,	'APAL-16117',	'Approval Ticket # APAL-16117',	2,	87,	1,	'2020-01-16',	'2020-01-16 18:05:53',	1),
(543,	'APAL-17354',	'Approval Ticket # APAL-17354',	2,	87,	1,	'2020-01-16',	'2020-01-16 18:06:37',	1),
(545,	'APAL-85609',	'Approval Ticket # APAL-85609',	2,	87,	1,	'2020-01-16',	'2020-01-16 19:16:54',	1),
(546,	'APAL-30805',	'Approval Ticket # APAL-30805',	73,	87,	1,	'2020-01-16',	'2020-01-16 20:25:42',	1),
(547,	'APAL-3069',	'Approval Ticket # APAL-3069',	75,	87,	1,	'2020-01-16',	'2020-01-16 20:32:38',	1),
(548,	'APAL-19321',	'Approval Ticket # APAL-19321',	76,	87,	1,	'2020-01-16',	'2020-01-16 21:40:38',	1),
(549,	'APAL-89622',	'Approval Ticket # APAL-89622',	4,	87,	1,	'2020-01-18',	'2020-01-18 09:37:11',	1),
(550,	'APAL-83089',	'Approval Ticket # APAL-83089',	36,	87,	1,	'2020-01-18',	'2020-01-18 13:09:29',	1),
(551,	'APAL-89221',	'Approval Ticket # APAL-89221',	36,	87,	1,	'2020-01-18',	'2020-01-18 13:10:59',	1),
(552,	'APAL-17754',	'Approval Ticket # APAL-17754',	36,	87,	1,	'2020-01-18',	'2020-01-18 13:11:15',	1),
(553,	'APAL-28097',	'Approval Ticket # APAL-28097',	36,	87,	1,	'2020-01-18',	'2020-01-18 13:11:30',	1),
(554,	'APAL-55802',	'Approval Ticket # APAL-55802',	36,	87,	1,	'2020-01-18',	'2020-01-18 13:11:52',	1),
(556,	'APAL-84221',	'Approval Ticket # APAL-84221',	36,	87,	1,	'2020-01-18',	'2020-01-18 13:13:03',	1),
(557,	'APAL-15342',	'Approval Ticket # APAL-15342',	36,	87,	1,	'2020-01-18',	'2020-01-18 13:13:19',	1),
(558,	'APAL-84801',	'Approval Ticket # APAL-84801',	36,	87,	1,	'2020-01-18',	'2020-01-18 13:13:38',	1),
(559,	'APAL-18643',	'Approval Ticket # APAL-18643',	36,	87,	1,	'2020-01-18',	'2020-01-18 13:13:53',	1),
(560,	'APAL-78018',	'Approval Ticket # APAL-78018',	36,	87,	1,	'2020-01-18',	'2020-01-18 13:14:16',	1),
(561,	'APAL-20731',	'Approval Ticket # APAL-20731',	36,	87,	1,	'2020-01-18',	'2020-01-18 13:14:32',	1),
(562,	'APAL-17405',	'Approval Ticket # APAL-17405',	36,	87,	1,	'2020-01-18',	'2020-01-18 13:14:49',	1),
(563,	'APAL-21845',	'Approval Ticket # APAL-21845',	36,	87,	1,	'2020-01-18',	'2020-01-18 13:15:07',	1),
(564,	'APAL-40491',	'Approval Ticket # APAL-40491',	78,	87,	1,	'2020-02-29',	'2020-02-29 19:03:28',	1),
(565,	'APAL-28842',	'Approval Ticket # APAL-28842',	78,	87,	1,	'2020-02-29',	'2020-02-29 19:11:52',	1),
(613,	'APAL-84241',	'Approval Ticket # APAL-84241',	2,	87,	1,	'2020-03-03',	'2020-03-03 01:48:44',	1),
(615,	'APAL-24884',	'Approval Ticket # APAL-24884',	2,	87,	1,	'2020-03-03',	'2020-03-03 01:52:31',	1),
(616,	'APAL-86132',	'Approval Ticket # APAL-86132',	2,	87,	1,	'2020-03-03',	'2020-03-03 01:56:07',	1),
(617,	'APAL-38350',	'Approval Ticket # APAL-38350',	2,	87,	1,	'2020-03-03',	'2020-03-03 01:58:49',	1),
(618,	'APAL-82937',	'Approval Ticket # APAL-82937',	2,	87,	1,	'2020-03-03',	'2020-03-03 02:14:08',	1),
(619,	'APAL-11717',	'Approval Ticket # APAL-11717',	2,	87,	1,	'2020-03-03',	'2020-03-03 02:19:34',	1),
(620,	'APAL-12554',	'Approval Ticket # APAL-12554',	2,	87,	1,	'2020-03-03',	'2020-03-03 02:25:23',	1),
(621,	'APAL-88760',	'Approval Ticket # APAL-88760',	2,	87,	1,	'2020-03-03',	'2020-03-03 02:26:28',	1),
(622,	'APAL-89141',	'Approval Ticket # APAL-89141',	2,	87,	1,	'2020-03-03',	'2020-03-03 02:27:41',	1),
(623,	'APAL-37990',	'Approval Ticket # APAL-37990',	2,	87,	1,	'2020-03-03',	'2020-03-03 02:29:41',	1),
(624,	'APAL-23305',	'Approval Ticket # APAL-23305',	2,	87,	1,	'2020-03-03',	'2020-03-03 02:32:50',	1),
(625,	'APAL-59836',	'Approval Ticket # APAL-59836',	2,	87,	1,	'2020-03-03',	'2020-03-03 02:33:42',	1),
(626,	'APAL-39230',	'Approval Ticket # APAL-39230',	2,	87,	1,	'2020-03-03',	'2020-03-03 02:36:23',	1),
(627,	'APAL-36058',	'Approval Ticket # APAL-36058',	2,	87,	1,	'2020-03-03',	'2020-03-03 02:36:29',	1),
(628,	'APAL-50775',	'Approval Ticket # APAL-50775',	2,	87,	1,	'2020-03-03',	'2020-03-03 02:37:26',	1),
(629,	'APAL-38632',	'Approval Ticket # APAL-38632',	2,	87,	1,	'2020-03-03',	'2020-03-03 07:59:37',	1),
(630,	'APAL-71357',	'Approval Ticket # APAL-71357',	2,	87,	1,	'2020-03-03',	'2020-03-03 08:01:54',	1),
(631,	'APAL-26087',	'Approval Ticket # APAL-26087',	2,	87,	1,	'2020-03-03',	'2020-03-03 08:02:45',	1),
(632,	'APAL-56811',	'Approval Ticket # APAL-56811',	2,	87,	1,	'2020-03-03',	'2020-03-03 08:04:29',	1),
(633,	'APAL-82268',	'Approval Ticket # APAL-82268',	5,	87,	1,	'2020-03-04',	'2020-03-04 14:07:29',	1),
(637,	'APAL-42629',	'Approval Ticket # APAL-42629',	5,	87,	1,	'2020-03-04',	'2020-03-04 17:41:58',	1),
(638,	'APAL-18403',	'Approval Ticket # APAL-18403',	5,	87,	1,	'2020-03-04',	'2020-03-04 17:43:49',	1),
(643,	'APAL-24068',	'Approval Ticket # APAL-24068',	5,	87,	1,	'2020-03-04',	'2020-03-04 17:47:33',	1),
(645,	'APAL-80520',	'Approval Ticket # APAL-80520',	5,	87,	1,	'2020-03-04',	'2020-03-04 17:50:40',	1),
(646,	'APAL-60001',	'Approval Ticket # APAL-60001',	5,	87,	1,	'2020-03-04',	'2020-03-04 17:52:05',	1),
(647,	'APAL-72457',	'Approval Ticket # APAL-72457',	5,	87,	1,	'2020-03-04',	'2020-03-04 17:52:56',	1),
(648,	'APAL-77158',	'Approval Ticket # APAL-77158',	5,	87,	1,	'2020-03-04',	'2020-03-04 17:54:43',	1),
(649,	'APAL-88940',	'Approval Ticket # APAL-88940',	5,	87,	1,	'2020-03-04',	'2020-03-04 17:59:08',	1),
(650,	'APAL-68286',	'Approval Ticket # APAL-68286',	5,	87,	1,	'2020-03-04',	'2020-03-04 18:01:18',	1),
(651,	'APAL-48709',	'Approval Ticket # APAL-48709',	5,	87,	1,	'2020-03-04',	'2020-03-04 18:02:15',	1),
(652,	'APAL-78800',	'Approval Ticket # APAL-78800',	5,	87,	1,	'2020-03-04',	'2020-03-04 18:03:10',	1),
(653,	'APAL-3175',	'Approval Ticket # APAL-3175',	5,	87,	1,	'2020-03-04',	'2020-03-04 18:09:12',	1),
(654,	'APAL-8425',	'Approval Ticket # APAL-8425',	5,	87,	1,	'2020-03-04',	'2020-03-04 18:09:42',	1),
(655,	'APAL-56555',	'Approval Ticket # APAL-56555',	5,	87,	1,	'2020-03-04',	'2020-03-04 18:10:49',	1),
(656,	'APAL-10461',	'Approval Ticket # APAL-10461',	5,	87,	1,	'2020-03-04',	'2020-03-04 18:11:29',	1),
(657,	'APAL-68105',	'Approval Ticket # APAL-68105',	5,	87,	1,	'2020-03-04',	'2020-03-04 18:11:46',	1),
(658,	'APAL-19959',	'Approval Ticket # APAL-19959',	5,	87,	1,	'2020-03-04',	'2020-03-04 22:22:16',	1),
(659,	'APAL-39515',	'Approval Ticket # APAL-39515',	3,	87,	1,	'2020-03-05',	'2020-03-05 22:44:53',	1),
(663,	'APAL-43195',	'Approval Ticket # APAL-43195',	9,	87,	1,	'2020-03-06',	'2020-03-06 00:09:38',	1),
(664,	'APAL-13035',	'Approval Ticket # APAL-13035',	3,	87,	1,	'2020-03-06',	'2020-03-06 05:21:43',	1),
(665,	'APAL-51120',	'Approval Ticket # APAL-51120',	3,	87,	1,	'2020-03-06',	'2020-03-06 05:23:23',	1),
(666,	'APAL-65509',	'Approval Ticket # APAL-65509',	3,	87,	1,	'2020-03-06',	'2020-03-06 05:24:44',	1),
(667,	'APAL-10071',	'Approval Ticket # APAL-10071',	3,	87,	1,	'2020-03-06',	'2020-03-06 05:29:17',	1),
(668,	'APAL-9872',	'Approval Ticket # APAL-9872',	3,	87,	1,	'2020-03-06',	'2020-03-06 05:30:51',	1),
(669,	'APAL-61157',	'Approval Ticket # APAL-61157',	3,	87,	1,	'2020-03-06',	'2020-03-06 05:32:16',	1),
(670,	'APAL-86793',	'Approval Ticket # APAL-86793',	50,	87,	1,	'2020-03-06',	'2020-03-06 05:40:21',	1),
(671,	'APAL-4049',	'Approval Ticket # APAL-4049',	49,	87,	1,	'2020-03-06',	'2020-03-06 05:50:13',	1),
(672,	'APAL-77467',	'Approval Ticket # APAL-77467',	2,	87,	1,	'2020-03-06',	'2020-03-06 06:23:41',	1),
(673,	'APAL-5934',	'Approval Ticket # APAL-5934',	2,	87,	1,	'2020-03-06',	'2020-03-06 06:25:18',	1),
(674,	'APAL-84009',	'Approval Ticket # APAL-84009',	2,	87,	1,	'2020-03-06',	'2020-03-06 06:29:07',	1),
(675,	'APAL-65111',	'Approval Ticket # APAL-65111',	2,	87,	1,	'2020-03-06',	'2020-03-06 06:41:59',	1),
(676,	'APAL-64740',	'Approval Ticket # APAL-64740',	2,	87,	1,	'2020-03-06',	'2020-03-06 06:45:55',	1),
(677,	'APAL-39231',	'Approval Ticket # APAL-39231',	2,	87,	1,	'2020-03-06',	'2020-03-06 06:47:21',	1),
(678,	'APAL-72837',	'Approval Ticket # APAL-72837',	29,	87,	1,	'2020-03-06',	'2020-03-06 09:05:54',	1),
(679,	'APAL-62830',	'Approval Ticket # APAL-62830',	52,	87,	1,	'2020-03-06',	'2020-03-06 09:13:25',	1),
(680,	'APAL-3261',	'Approval Ticket # APAL-3261',	49,	87,	1,	'2020-03-06',	'2020-03-06 09:18:01',	1),
(681,	'APAL-74429',	'Approval Ticket # APAL-74429',	3,	87,	5,	'2020-03-06',	'2020-03-06 10:01:03',	5),
(682,	'APAL-45800',	'Approval Ticket # APAL-45800',	2,	87,	1,	'2020-03-06',	'2020-03-06 10:36:12',	1),
(683,	'APAL-83198',	'Approval Ticket # APAL-83198',	2,	87,	1,	'2020-03-06',	'2020-03-06 17:38:19',	1),
(684,	'APAL-79323',	'Approval Ticket # APAL-79323',	32,	87,	1,	'2020-03-07',	'2020-03-07 01:49:06',	1),
(685,	'APAL-31450',	'Approval Ticket # APAL-31450',	26,	87,	1,	'2020-03-07',	'2020-03-07 01:55:13',	1),
(686,	'APAL-5243',	'Approval Ticket # APAL-5243',	32,	87,	1,	'2020-03-07',	'2020-03-07 02:52:58',	1),
(687,	'APAL-59144',	'Approval Ticket # APAL-59144',	32,	87,	1,	'2020-03-07',	'2020-03-07 02:54:39',	1),
(688,	'APAL-22037',	'Approval Ticket # APAL-22037',	32,	87,	1,	'2020-03-07',	'2020-03-07 02:56:38',	1),
(689,	'APAL-63418',	'Approval Ticket # APAL-63418',	32,	87,	1,	'2020-03-07',	'2020-03-07 02:58:06',	1),
(691,	'APAL-38726',	'Approval Ticket # APAL-38726',	21,	87,	1,	'2020-03-07',	'2020-03-07 04:21:56',	1),
(692,	'APAL-39926',	'Approval Ticket # APAL-39926',	32,	87,	1,	'2020-03-07',	'2020-03-07 04:23:20',	1),
(693,	'APAL-74822',	'Approval Ticket # APAL-74822',	32,	87,	1,	'2020-03-07',	'2020-03-07 04:24:17',	1),
(695,	'APAL-63220',	'Approval Ticket # APAL-63220',	38,	87,	1,	'2020-03-07',	'2020-03-07 05:29:10',	1),
(696,	'APAL-86895',	'Approval Ticket # APAL-86895',	2,	102,	1,	'2020-03-07',	'2020-03-07 05:36:08',	1),
(697,	'APAL-56477',	'Approval Ticket # APAL-56477',	38,	87,	1,	'2020-03-07',	'2020-03-07 06:03:30',	1),
(700,	'APAL-46485',	'Approval Ticket # APAL-46485',	33,	87,	1,	'2020-03-07',	'2020-03-07 06:14:11',	1),
(701,	'APAL-41347',	'Approval Ticket # APAL-41347',	71,	87,	1,	'2020-03-07',	'2020-03-07 06:23:33',	1),
(702,	'APAL-70521',	'Approval Ticket # APAL-70521',	2,	87,	1,	'2020-03-07',	'2020-03-07 06:23:33',	1),
(703,	'APAL-21867',	'Approval Ticket # APAL-21867',	2,	102,	1,	'2020-03-07',	'2020-03-07 06:25:44',	1),
(704,	'APAL-4778',	'Approval Ticket # APAL-4778',	22,	87,	1,	'2020-03-07',	'2020-03-07 06:36:47',	1),
(705,	'APAL-29796',	'Approval Ticket # APAL-29796',	23,	87,	1,	'2020-03-07',	'2020-03-07 06:38:18',	1),
(706,	'APAL-61231',	'Approval Ticket # APAL-61231',	22,	87,	1,	'2020-03-07',	'2020-03-07 06:42:38',	1),
(707,	'APAL-87998',	'Approval Ticket # APAL-87998',	23,	87,	1,	'2020-03-07',	'2020-03-07 06:43:49',	1),
(708,	'APAL-32202',	'Approval Ticket # APAL-32202',	22,	87,	1,	'2020-03-07',	'2020-03-07 06:46:10',	1),
(713,	'APAL-16334',	'Approval Ticket # APAL-16334',	5,	102,	5,	'2020-03-07',	'2020-03-07 07:41:09',	5),
(714,	'APAL-28672',	'Approval Ticket # APAL-28672',	32,	87,	1,	'2020-03-07',	'2020-03-07 07:09:03',	1),
(715,	'APAL-3704',	'Approval Ticket # APAL-3704',	32,	87,	1,	'2020-03-07',	'2020-03-07 07:42:53',	1),
(716,	'APAL-86315',	'Approval Ticket # APAL-86315',	3,	102,	5,	'2020-03-07',	'2020-03-07 09:13:03',	5),
(717,	'APAL-49505',	'Approval Ticket # APAL-49505',	51,	87,	1,	'2020-03-07',	'2020-03-07 09:35:21',	1),
(721,	'APAL-65291',	'Approval Ticket # APAL-65291',	2,	87,	1,	'2020-03-07',	'2020-03-07 10:24:52',	1),
(722,	'APAL-73429',	'Approval Ticket # APAL-73429',	2,	87,	1,	'2020-03-07',	'2020-03-07 10:27:58',	1),
(723,	'APAL-58004',	'Approval Ticket # APAL-58004',	3,	102,	5,	'2020-03-07',	'2020-03-07 10:43:13',	5),
(724,	'APAL-10610',	'Approval Ticket # APAL-10610',	52,	87,	1,	'2020-03-07',	'2020-03-07 10:50:38',	1),
(725,	'APAL-68209',	'Approval Ticket # APAL-68209',	49,	87,	1,	'2020-03-07',	'2020-03-07 10:51:36',	1),
(726,	'APAL-66182',	'Approval Ticket # APAL-66182',	23,	87,	1,	'2020-03-07',	'2020-03-07 11:04:26',	1),
(727,	'APAL-32959',	'Approval Ticket # APAL-32959',	23,	87,	1,	'2020-03-07',	'2020-03-07 11:06:04',	1),
(729,	'APAL-37874',	'Approval Ticket # APAL-37874',	2,	102,	1,	'2020-03-07',	'2020-03-07 11:34:00',	1),
(731,	'APAL-72184',	'Approval Ticket # APAL-72184',	2,	102,	5,	'2020-03-07',	'2020-03-07 11:50:19',	5),
(732,	'APAL-26838',	'Approval Ticket # APAL-26838',	38,	87,	1,	'2020-03-07',	'2020-03-07 12:07:24',	1),
(733,	'APAL-44880',	'Approval Ticket # APAL-44880',	71,	87,	5,	'2020-03-07',	'2020-03-07 12:11:32',	5),
(734,	'APAL-33241',	'Approval Ticket # APAL-33241',	2,	87,	5,	'2020-03-07',	'2020-03-07 12:11:32',	5),
(735,	'APAL-28346',	'Approval Ticket # APAL-28346',	22,	87,	1,	'2020-03-08',	'2020-03-08 18:02:49',	1),
(736,	'APAL-20720',	'Approval Ticket # APAL-20720',	23,	87,	1,	'2020-03-08',	'2020-03-08 18:03:55',	1),
(737,	'APAL-2790',	'Approval Ticket # APAL-2790',	26,	87,	1,	'2020-03-08',	'2020-03-08 20:26:09',	1),
(738,	'APAL-7138',	'Approval Ticket # APAL-7138',	22,	87,	1,	'2020-03-08',	'2020-03-08 20:55:06',	1),
(739,	'APAL-32287',	'Approval Ticket # APAL-32287',	23,	87,	1,	'2020-03-08',	'2020-03-08 20:56:05',	1),
(740,	'APAL-74886',	'Approval Ticket # APAL-74886',	22,	87,	1,	'2020-03-08',	'2020-03-08 20:58:08',	1),
(741,	'APAL-10546',	'Approval Ticket # APAL-10546',	23,	87,	1,	'2020-03-08',	'2020-03-08 20:59:32',	1),
(742,	'APAL-68713',	'Approval Ticket # APAL-68713',	22,	87,	1,	'2020-03-08',	'2020-03-08 21:02:26',	1),
(743,	'APAL-73259',	'Approval Ticket # APAL-73259',	23,	87,	1,	'2020-03-08',	'2020-03-08 21:03:15',	1),
(748,	'APAL-82624',	'Approval Ticket # APAL-82624',	81,	87,	1,	'2020-03-09',	'2020-03-09 05:40:01',	1),
(749,	'APAL-37475',	'Approval Ticket # APAL-37475',	81,	87,	1,	'2020-03-09',	'2020-03-09 05:41:30',	1),
(750,	'APAL-12171',	'Approval Ticket # APAL-12171',	81,	87,	1,	'2020-03-09',	'2020-03-09 05:43:25',	1),
(751,	'APAL-84802',	'Approval Ticket # APAL-84802',	81,	87,	1,	'2020-03-09',	'2020-03-09 05:51:11',	1),
(752,	'APAL-1194',	'Approval Ticket # APAL-1194',	81,	87,	1,	'2020-03-09',	'2020-03-09 05:55:17',	1),
(754,	'APAL-1040',	'Approval Ticket # APAL-1040',	81,	87,	1,	'2020-03-09',	'2020-03-09 05:58:23',	1),
(755,	'APAL-70174',	'Approval Ticket # APAL-70174',	81,	87,	1,	'2020-03-09',	'2020-03-09 06:09:39',	1),
(756,	'APAL-30608',	'Approval Ticket # APAL-30608',	81,	87,	1,	'2020-03-09',	'2020-03-09 06:10:42',	1),
(757,	'APAL-54545',	'Approval Ticket # APAL-54545',	81,	87,	1,	'2020-03-09',	'2020-03-09 06:12:37',	1),
(758,	'APAL-26566',	'Approval Ticket # APAL-26566',	81,	87,	1,	'2020-03-09',	'2020-03-09 06:17:46',	1);

DROP TABLE IF EXISTS `approval_process_map`;
CREATE TABLE `approval_process_map` (
  `approval_process_map_id` int(100) NOT NULL,
  `approveable_item_id` int(100) DEFAULT NULL,
  `role_id` int(100) DEFAULT NULL,
  `approval_step_depth` varchar(45) DEFAULT NULL,
  `created_by` varchar(45) DEFAULT NULL,
  `created_date` varchar(45) DEFAULT NULL,
  `last_modified_by` varchar(45) DEFAULT NULL,
  `last_modified_date` varchar(45) DEFAULT NULL,
  PRIMARY KEY (`approval_process_map_id`),
  KEY `fk_approval_process_map_role1_idx` (`role_id`),
  CONSTRAINT `fk_approval_process_map_role1` FOREIGN KEY (`role_id`) REFERENCES `role` (`role_id`) ON DELETE NO ACTION ON UPDATE NO ACTION
) ENGINE=InnoDB DEFAULT CHARSET=latin1;


DROP TABLE IF EXISTS `approval_tracker`;
CREATE TABLE `approval_tracker` (
  `approval_tracker_id` int(100) NOT NULL AUTO_INCREMENT,
  `fk_status_id` int(11) NOT NULL,
  `item_key` int(100) NOT NULL,
  `approval_tracker_created_date` date NOT NULL,
  `approval_tracker_last_modified_date` timestamp NOT NULL DEFAULT CURRENT_TIMESTAMP,
  `approval_tracker_created_by` int(100) NOT NULL,
  `approval_tracker_last_modified_by` int(100) NOT NULL,
  PRIMARY KEY (`approval_tracker_id`),
  KEY `fk_status_id` (`fk_status_id`),
  CONSTRAINT `approval_tracker_ibfk_1` FOREIGN KEY (`fk_status_id`) REFERENCES `approval` (`approval_id`)
) ENGINE=InnoDB DEFAULT CHARSET=latin1;


DROP TABLE IF EXISTS `approve_item`;
CREATE TABLE `approve_item` (
  `approve_item_id` int(100) NOT NULL AUTO_INCREMENT,
  `approve_item_track_number` varchar(100) NOT NULL,
  `approve_item_name` varchar(100) NOT NULL,
  `approve_item_is_active` int(5) NOT NULL,
  `approve_item_created_date` date NOT NULL,
  `approve_item_created_by` int(100) NOT NULL,
  `approve_item_last_modified_date` timestamp NOT NULL DEFAULT CURRENT_TIMESTAMP ON UPDATE CURRENT_TIMESTAMP,
  `approve_item_last_modified_by` int(100) NOT NULL,
  `fk_approval_id` int(100) DEFAULT NULL,
  `fk_status_id` int(100) DEFAULT NULL,
  PRIMARY KEY (`approve_item_id`)
) ENGINE=InnoDB DEFAULT CHARSET=latin1;

INSERT INTO `approve_item` (`approve_item_id`, `approve_item_track_number`, `approve_item_name`, `approve_item_is_active`, `approve_item_created_date`, `approve_item_created_by`, `approve_item_last_modified_date`, `approve_item_last_modified_by`, `fk_approval_id`, `fk_status_id`) VALUES
(1,	'APEM-45322',	'request_detail',	1,	'0000-00-00',	0,	'2019-11-25 03:34:19',	0,	NULL,	NULL),
(2,	'APEM-45323',	'voucher',	1,	'0000-00-00',	0,	'2019-11-15 18:14:11',	0,	NULL,	NULL),
(3,	'APEM-45324',	'request',	1,	'0000-00-00',	0,	'2019-11-25 03:19:05',	0,	NULL,	NULL),
(4,	'APEM-45325',	'budget',	1,	'2019-10-22',	1,	'2019-11-15 18:14:11',	1,	NULL,	NULL),
(5,	'APEM-45326',	'budget_item',	1,	'2019-10-22',	1,	'2020-03-07 07:05:10',	1,	NULL,	NULL),
(8,	'APEM-45327',	'funder',	1,	'2019-10-22',	1,	'2019-11-20 23:35:59',	1,	NULL,	NULL),
(9,	'APEM-45328',	'workplan',	0,	'2019-10-22',	1,	'2019-11-15 18:14:11',	1,	NULL,	NULL),
(13,	'APEM-45329',	'budget_item_detail',	0,	'2019-10-22',	1,	'2019-11-15 18:14:11',	1,	NULL,	NULL),
(14,	'APEM-45330',	'voucher_detail',	0,	'2019-10-22',	1,	'2019-11-15 18:14:11',	1,	NULL,	NULL),
(18,	'APEM-45331',	'project',	0,	'2019-10-25',	1,	'2019-11-15 18:14:11',	1,	NULL,	NULL),
(19,	'APEM-45332',	'project_allocation',	1,	'2019-11-03',	1,	'2019-11-15 18:14:11',	1,	NULL,	NULL),
(20,	'APEM-45333',	'office',	1,	'2019-11-03',	1,	'2019-12-08 07:57:15',	1,	NULL,	NULL),
(21,	'APEM-45334',	'role',	0,	'2019-11-04',	1,	'2019-11-15 18:14:11',	1,	NULL,	NULL),
(22,	'APEM-45335',	'permission',	0,	'2019-11-04',	1,	'2019-11-15 18:14:11',	1,	NULL,	NULL),
(23,	'APEM-45336',	'role_permission',	0,	'2019-11-04',	1,	'2019-11-15 18:14:11',	1,	NULL,	NULL),
(24,	'APEM-45337',	'dashboard',	0,	'2019-11-05',	1,	'2019-11-15 18:14:11',	1,	NULL,	NULL),
(25,	'APEM-45338',	'permission_label',	0,	'2019-11-06',	1,	'2019-11-15 18:14:11',	1,	NULL,	NULL),
(26,	'APEM-45339',	'bank',	0,	'2019-11-06',	1,	'2019-11-15 18:14:11',	1,	NULL,	NULL),
(27,	'APEM-45340',	'user_detail',	0,	'2019-11-07',	1,	'2019-11-15 18:14:11',	1,	NULL,	NULL),
(28,	'APEM-45341',	'menu_user_order',	0,	'2019-11-07',	1,	'2019-11-15 18:14:11',	1,	NULL,	NULL),
(29,	'APEM-45342',	'user',	0,	'2019-11-07',	1,	'2019-11-15 18:14:11',	1,	NULL,	NULL),
(30,	'APEM-45343',	'user_setting',	0,	'2019-11-07',	1,	'2019-11-15 18:14:11',	1,	NULL,	NULL),
(31,	'APEM-45344',	'approve_item',	0,	'2019-11-07',	1,	'2019-11-15 18:14:11',	1,	NULL,	NULL),
(32,	'APEM-45345',	'status',	0,	'2019-11-07',	1,	'2019-11-15 18:14:11',	1,	NULL,	NULL),
(33,	'APEM-45346',	'context_center',	0,	'2019-11-13',	1,	'2019-12-08 08:45:49',	1,	NULL,	NULL),
(34,	'APEM-45347',	'context',	0,	'2019-11-13',	1,	'2019-12-08 07:59:55',	1,	NULL,	NULL),
(36,	'',	'month',	0,	'2019-11-21',	1,	'2019-11-20 23:15:01',	1,	NULL,	NULL),
(37,	'',	'voucher_type',	0,	'2019-11-21',	1,	'2019-11-20 23:15:43',	1,	NULL,	NULL),
(38,	'',	'reconciliation',	0,	'2019-11-21',	1,	'2019-11-20 23:17:28',	1,	NULL,	NULL),
(39,	'',	'expense_account',	0,	'2019-11-21',	1,	'2019-11-20 23:54:46',	1,	NULL,	NULL),
(40,	'',	'language',	0,	'2019-11-21',	1,	'2019-11-21 00:12:27',	1,	NULL,	NULL),
(41,	'',	'context_cluster',	0,	'2019-11-21',	1,	'2019-12-08 08:45:49',	1,	NULL,	NULL),
(42,	'',	'context_global',	0,	'2019-11-21',	1,	'2019-12-08 08:45:49',	1,	NULL,	NULL),
(43,	'',	'context_region',	0,	'2019-11-21',	1,	'2019-12-08 08:45:49',	1,	NULL,	NULL),
(44,	'',	'context_country',	0,	'2019-11-21',	1,	'2019-12-08 08:45:49',	1,	NULL,	NULL),
(45,	'',	'context_cohort',	0,	'2019-11-21',	1,	'2019-12-08 08:45:49',	1,	NULL,	NULL),
(46,	'',	'center_user',	0,	'2019-11-21',	1,	'2019-11-21 14:51:30',	1,	NULL,	NULL),
(47,	'',	'menu',	0,	'2019-11-21',	1,	'2019-11-21 15:40:57',	1,	NULL,	NULL),
(48,	'',	'department',	0,	'2019-11-21',	1,	'2019-11-21 16:09:50',	1,	NULL,	NULL),
(49,	'',	'department_user',	0,	'2019-11-21',	1,	'2019-11-21 16:14:04',	1,	NULL,	NULL),
(50,	'',	'context_cluster_user',	0,	'2019-11-21',	1,	'2019-12-08 08:45:49',	1,	NULL,	NULL),
(51,	'',	'designation',	0,	'2019-11-21',	1,	'2019-11-21 16:37:42',	1,	NULL,	NULL),
(52,	'',	'context_country_user',	0,	'2019-11-22',	1,	'2019-12-08 08:45:49',	1,	NULL,	NULL),
(53,	'',	'context_cohort_user',	0,	'2019-11-22',	1,	'2019-12-08 08:45:49',	1,	NULL,	NULL),
(54,	'',	'context_global_user',	0,	'2019-11-22',	1,	'2019-12-08 08:45:49',	1,	NULL,	NULL),
(55,	'',	'context_region_user',	0,	'2019-11-22',	1,	'2019-12-08 08:45:49',	1,	NULL,	NULL),
(56,	'',	'funding_status',	0,	'2019-11-22',	1,	'2019-11-22 22:07:30',	1,	NULL,	NULL),
(57,	'',	'page_view',	0,	'2019-11-23',	1,	'2019-11-23 08:19:50',	1,	NULL,	NULL),
(58,	'',	'page_view_detail',	0,	'2019-11-23',	1,	'2019-11-23 08:19:50',	1,	NULL,	NULL),
(59,	'',	'page_view_role',	0,	'2019-11-23',	1,	'2019-11-23 14:11:51',	1,	NULL,	NULL),
(60,	'',	'request_type',	0,	'2019-11-23',	1,	'2019-11-23 14:31:51',	1,	NULL,	NULL),
(61,	'',	'page_view_condition',	0,	'2019-11-23',	1,	'2019-11-23 15:32:11',	1,	NULL,	NULL),
(62,	'APEM-78654',	'approval',	0,	'2019-11-23',	1,	'2020-03-07 04:19:43',	1,	NULL,	NULL),
(63,	'',	'income_account',	0,	'2019-11-27',	1,	'2019-11-27 12:58:11',	1,	NULL,	NULL),
(65,	'',	'context_center_user',	0,	'2019-11-30',	1,	'2019-12-08 08:45:49',	1,	NULL,	NULL),
(66,	'',	'context_definition',	0,	'2019-12-15',	1,	'2019-12-15 06:51:08',	1,	NULL,	NULL),
(67,	'',	'bank_branch',	0,	'2020-01-04',	1,	'2020-01-04 06:22:45',	1,	NULL,	NULL),
(68,	'',	'office_bank',	0,	'2020-01-04',	1,	'2020-01-04 06:30:35',	1,	NULL,	NULL),
(69,	'',	'cheque_book',	0,	'2020-01-06',	1,	'2020-01-06 06:19:14',	1,	NULL,	NULL),
(70,	'',	'financial_report',	0,	'2020-01-08',	1,	'2020-01-08 09:43:43',	1,	NULL,	NULL),
(71,	'',	'journal',	0,	'2020-01-15',	1,	'2020-01-15 11:49:13',	1,	NULL,	NULL),
(72,	'',	'voucher_type_account',	0,	'2020-01-15',	1,	'2020-01-15 15:13:29',	1,	NULL,	NULL),
(73,	'',	'voucher_type_effect',	0,	'2020-01-15',	1,	'2020-01-15 15:14:14',	1,	NULL,	NULL),
(74,	'',	'bank_contra_account',	0,	'2020-01-16',	1,	'2020-01-16 20:36:54',	1,	NULL,	NULL),
(75,	'',	'cash_contra_account',	0,	'2020-01-16',	1,	'2020-01-16 20:31:30',	1,	NULL,	NULL),
(76,	'',	'opening_cash_balance',	0,	'2020-01-16',	1,	'2020-01-16 21:37:40',	1,	NULL,	NULL),
(77,	'',	'budget_schedule',	0,	'2020-01-18',	1,	'2020-01-18 11:35:29',	1,	NULL,	NULL),
(78,	'',	'account_system',	0,	'2020-02-29',	1,	'2020-02-29 19:03:20',	1,	NULL,	NULL),
(79,	'',	'request_conversion',	0,	'2020-03-02',	1,	'2020-03-02 06:27:11',	1,	NULL,	NULL),
(80,	'',	'project_allocation_detail',	0,	'2020-03-06',	1,	'2020-03-05 23:39:58',	1,	NULL,	NULL),
(81,	'',	'status_role',	0,	'2020-02-29',	1,	'2020-02-29 19:03:20',	1,	NULL,	NULL);

DROP TABLE IF EXISTS `bank`;
CREATE TABLE `bank` (
  `bank_id` int(100) NOT NULL AUTO_INCREMENT,
  `bank_track_number` varchar(100) DEFAULT NULL,
  `bank_name` varchar(45) DEFAULT NULL,
  `bank_swift_code` varchar(45) DEFAULT NULL,
  `bank_is_active` int(5) NOT NULL DEFAULT '1',
  `bank_created_date` date DEFAULT NULL,
  `bank_created_by` int(100) DEFAULT NULL,
  `bank_last_modified_date` timestamp NOT NULL DEFAULT CURRENT_TIMESTAMP,
  `bank_last_modified_by` int(100) DEFAULT NULL,
  `fk_approval_id` int(11) DEFAULT NULL,
  `fk_status_id` int(11) DEFAULT NULL,
  PRIMARY KEY (`bank_id`),
  KEY `fk_approval_id` (`fk_approval_id`),
  KEY `fk_status_id` (`fk_status_id`),
  CONSTRAINT `bank_ibfk_3` FOREIGN KEY (`fk_approval_id`) REFERENCES `approval` (`approval_id`) ON DELETE CASCADE,
  CONSTRAINT `bank_ibfk_4` FOREIGN KEY (`fk_status_id`) REFERENCES `status` (`status_id`) ON DELETE CASCADE
) ENGINE=InnoDB DEFAULT CHARSET=latin1 COMMENT='This table list all the banks for centers';

INSERT INTO `bank` (`bank_id`, `bank_track_number`, `bank_name`, `bank_swift_code`, `bank_is_active`, `bank_created_date`, `bank_created_by`, `bank_last_modified_date`, `bank_last_modified_by`, `fk_approval_id`, `fk_status_id`) VALUES
(1,	'BAK-87365',	'Commercial Bank of Kenya',	'23700',	1,	'2019-11-07',	1,	'2019-11-06 15:28:30',	1,	152,	51),
(2,	'BANK-3124',	'Chess Bank',	'65783',	1,	'2019-11-08',	2,	'2019-11-08 11:03:07',	2,	170,	51),
(3,	'BANK-15917',	'ABSA',	'647485',	0,	'2020-03-07',	1,	'2020-03-07 01:55:13',	1,	685,	51),
(4,	'BANK-49260',	'Ecobank',	'43534',	1,	'2020-03-08',	1,	'2020-03-08 20:26:09',	1,	737,	51);

DROP TABLE IF EXISTS `bank_branch`;
CREATE TABLE `bank_branch` (
  `bank_branch_id` int(100) NOT NULL AUTO_INCREMENT,
  `bank_branch_track_number` varchar(100) DEFAULT NULL,
  `fk_bank_id` int(100) DEFAULT NULL,
  `bank_branch_name` varchar(45) DEFAULT NULL,
  `bank_branch_is_active` int(5) DEFAULT NULL,
  `bank_branch_created_by` int(100) DEFAULT NULL,
  `bank_branch_created_date` date DEFAULT NULL,
  `bank_branch_last_modified_date` date DEFAULT NULL,
  `bank_branch_last_modified_by` int(100) DEFAULT NULL,
  `fk_approval_id` int(100) DEFAULT NULL,
  `fk_status_id` int(100) DEFAULT NULL,
  PRIMARY KEY (`bank_branch_id`),
  KEY `fk_bank_branch_bank1_idx` (`fk_bank_id`),
  CONSTRAINT `fk_bank_branch_bank1` FOREIGN KEY (`fk_bank_id`) REFERENCES `bank` (`bank_id`) ON DELETE NO ACTION ON UPDATE NO ACTION
) ENGINE=InnoDB DEFAULT CHARSET=latin1 COMMENT='This table holds branches for banks';

INSERT INTO `bank_branch` (`bank_branch_id`, `bank_branch_track_number`, `fk_bank_id`, `bank_branch_name`, `bank_branch_is_active`, `bank_branch_created_by`, `bank_branch_created_date`, `bank_branch_last_modified_date`, `bank_branch_last_modified_by`, `fk_approval_id`, `fk_status_id`) VALUES
(3,	'BACH-7622',	1,	'Kilifi Branch',	1,	1,	'2020-01-04',	NULL,	1,	492,	89),
(4,	'BACH-55439',	1,	'Malindi Branch',	1,	1,	'2020-01-04',	NULL,	1,	493,	89),
(5,	'BACH-42899',	1,	'Mombasa Branch',	1,	1,	'2020-01-04',	NULL,	1,	495,	89);

DROP TABLE IF EXISTS `bank_contra_account`;
CREATE TABLE `bank_contra_account` (
  `bank_contra_account_id` int(100) NOT NULL AUTO_INCREMENT,
  `bank_contra_account_track_number` varchar(100) NOT NULL,
  `bank_contra_account_name` varchar(100) NOT NULL,
  `bank_contra_account_code` varchar(50) NOT NULL,
  `bank_contra_account_created_date` date DEFAULT NULL,
  `bank_contra_account_created_by` int(100) DEFAULT NULL,
  `bank_contra_account_last_modified_by` int(100) DEFAULT NULL,
  `bank_contra_account_last_modified_date` date DEFAULT NULL,
  `fk_approval_id` int(100) DEFAULT NULL,
  `fk_status_id` int(100) DEFAULT NULL,
  PRIMARY KEY (`bank_contra_account_id`)
) ENGINE=InnoDB DEFAULT CHARSET=latin1;

INSERT INTO `bank_contra_account` (`bank_contra_account_id`, `bank_contra_account_track_number`, `bank_contra_account_name`, `bank_contra_account_code`, `bank_contra_account_created_date`, `bank_contra_account_created_by`, `bank_contra_account_last_modified_by`, `bank_contra_account_last_modified_date`, `fk_approval_id`, `fk_status_id`) VALUES
(1,	'CONT-20988',	'Petty Cash Imprest',	'C001',	'2020-01-16',	1,	1,	NULL,	533,	0);

DROP TABLE IF EXISTS `budget`;
CREATE TABLE `budget` (
  `budget_id` int(100) NOT NULL AUTO_INCREMENT,
  `budget_track_number` varchar(45) DEFAULT NULL,
  `budget_name` varchar(100) DEFAULT NULL,
  `fk_office_id` int(100) DEFAULT NULL,
  `fk_approval_id` int(11) DEFAULT '0',
  `fk_status_id` int(11) DEFAULT '0',
  `budget_year` int(5) DEFAULT NULL,
  `budget_created_by` int(100) DEFAULT NULL,
  `budget_created_date` date DEFAULT NULL,
  `budget_last_modified_by` int(100) DEFAULT NULL,
  `budget_last_modified_date` date DEFAULT NULL,
  PRIMARY KEY (`budget_id`),
  KEY `fk_budget_center1_idx` (`fk_office_id`),
  KEY `fk_approval_id` (`fk_approval_id`),
  KEY `fk_status_id` (`fk_status_id`),
  CONSTRAINT `budget_ibfk_1` FOREIGN KEY (`fk_office_id`) REFERENCES `office` (`office_id`),
  CONSTRAINT `budget_ibfk_2` FOREIGN KEY (`fk_approval_id`) REFERENCES `approval` (`approval_id`),
  CONSTRAINT `budget_ibfk_3` FOREIGN KEY (`fk_status_id`) REFERENCES `status` (`status_id`),
  CONSTRAINT `fk_budget_center1` FOREIGN KEY (`fk_office_id`) REFERENCES `office` (`office_id`) ON DELETE NO ACTION ON UPDATE NO ACTION
) ENGINE=InnoDB DEFAULT CHARSET=latin1 COMMENT='This table holds the budget items by activity';

INSERT INTO `budget` (`budget_id`, `budget_track_number`, `budget_name`, `fk_office_id`, `fk_approval_id`, `fk_status_id`, `budget_year`, `budget_created_by`, `budget_created_date`, `budget_last_modified_by`, `budget_last_modified_date`) VALUES
(2,	'BUET-37550',	'Test Budget',	18,	443,	23,	2019,	1,	'2019-12-08',	1,	NULL),
(3,	'BUET-66563',	'GRC Shingila 2020 Budget',	9,	549,	23,	2020,	1,	'2020-01-18',	1,	NULL);

DROP TABLE IF EXISTS `budget_item`;
CREATE TABLE `budget_item` (
  `budget_item_id` int(100) NOT NULL AUTO_INCREMENT,
  `budget_item_track_number` varchar(100) DEFAULT NULL,
  `budget_item_name` varchar(100) DEFAULT NULL,
  `fk_budget_id` int(100) DEFAULT NULL,
  `budget_item_total_cost` int(50) DEFAULT NULL,
  `fk_expense_account_id` int(100) DEFAULT NULL,
  `budget_item_description` longtext,
  `fk_status_id` int(11) DEFAULT '0',
  `fk_approval_id` int(11) DEFAULT '0',
  `fk_project_allocation_id` int(100) DEFAULT NULL,
  `budget_item_created_by` int(100) DEFAULT NULL,
  `budget_item_last_modified_by` int(11) DEFAULT NULL,
  `budget_item_created_date` date DEFAULT NULL,
  `budget_item_last_modified_date` timestamp NOT NULL DEFAULT '0000-00-00 00:00:00',
  PRIMARY KEY (`budget_item_id`),
  KEY `fk_budget_detail_id_expense_account_id_idx` (`fk_expense_account_id`),
  KEY `fk_budget_detail_budget_id_idx` (`fk_budget_id`),
  KEY `fk_project_allocation_id` (`fk_project_allocation_id`),
  KEY `fk_status_id` (`fk_status_id`),
  KEY `fk_approval_id` (`fk_approval_id`),
  CONSTRAINT `budget_item_ibfk_1` FOREIGN KEY (`fk_project_allocation_id`) REFERENCES `project_allocation` (`project_allocation_id`),
  CONSTRAINT `budget_item_ibfk_2` FOREIGN KEY (`fk_status_id`) REFERENCES `status` (`status_id`),
  CONSTRAINT `budget_item_ibfk_3` FOREIGN KEY (`fk_approval_id`) REFERENCES `approval` (`approval_id`),
  CONSTRAINT `fk_budget_detail_budget_id` FOREIGN KEY (`fk_budget_id`) REFERENCES `budget` (`budget_id`) ON DELETE NO ACTION ON UPDATE CASCADE,
  CONSTRAINT `fk_budget_detail_id_expense_account_id` FOREIGN KEY (`fk_expense_account_id`) REFERENCES `expense_account` (`expense_account_id`) ON DELETE NO ACTION ON UPDATE NO ACTION
) ENGINE=InnoDB DEFAULT CHARSET=latin1 COMMENT='This hold activties and their budgeted cost';

INSERT INTO `budget_item` (`budget_item_id`, `budget_item_track_number`, `budget_item_name`, `fk_budget_id`, `budget_item_total_cost`, `fk_expense_account_id`, `budget_item_description`, `fk_status_id`, `fk_approval_id`, `fk_project_allocation_id`, `budget_item_created_by`, `budget_item_last_modified_by`, `budget_item_created_date`, `budget_item_last_modified_date`) VALUES
(6,	'BUEM-76028',	'Budget_item # BUEM-17885',	3,	15000,	4,	'Testing',	30,	643,	8,	NULL,	NULL,	NULL,	'2020-03-04 18:01:54'),
(8,	'BUEM-62817',	'Budget_item # BUEM-80016',	3,	140000,	4,	'Test 2',	30,	645,	8,	NULL,	NULL,	NULL,	'2020-03-04 18:01:54'),
(9,	'BUEM-61611',	'Budget_item # BUEM-43248',	3,	10300,	4,	'',	30,	646,	8,	NULL,	NULL,	NULL,	'2020-03-04 18:01:54'),
(10,	'BUEM-11908',	'Budget_item # BUEM-17028',	3,	60000,	1,	'',	30,	647,	8,	NULL,	NULL,	NULL,	'2020-03-04 18:01:54'),
(11,	'BUEM-74448',	'Budget_item # BUEM-88694',	3,	9000,	2,	'Tested 2',	30,	648,	8,	NULL,	NULL,	NULL,	'2020-03-04 18:01:54'),
(12,	'BUEM-6602',	'Budget_item # BUEM-51299',	3,	14500,	2,	'Here is another test',	30,	649,	8,	1,	1,	'2020-03-04',	'2020-03-04 18:01:54'),
(13,	'BUEM-67688',	'Budget_item # BUEM-1984',	3,	98000,	1,	'Another test',	30,	650,	8,	1,	1,	'2020-03-04',	'2020-03-04 18:01:54'),
(14,	'BUEM-25558',	'Budget_item # BUEM-86852',	3,	65800,	1,	'Lets see this too',	30,	651,	8,	1,	1,	'2020-03-04',	'0000-00-00 00:00:00'),
(15,	'BUEM-15610',	'Budget_item # BUEM-32441',	3,	14600,	3,	'Hello',	30,	652,	8,	1,	1,	'2020-03-04',	'0000-00-00 00:00:00'),
(16,	'BUEM-1631',	'Budget_item # BUEM-59752',	3,	65000,	3,	'Testing reset',	30,	653,	8,	1,	1,	'2020-03-04',	'0000-00-00 00:00:00'),
(17,	'BUEM-77872',	'Budget_item # BUEM-85121',	3,	17000,	3,	'Another test',	30,	654,	8,	1,	1,	'2020-03-04',	'0000-00-00 00:00:00'),
(18,	'BUEM-57435',	'Budget_item # BUEM-28891',	3,	22000,	2,	'Try this',	30,	655,	8,	1,	1,	'2020-03-04',	'0000-00-00 00:00:00'),
(19,	'BUEM-66991',	'Budget_item # BUEM-85856',	3,	16000,	2,	'Its working',	30,	656,	8,	1,	1,	'2020-03-04',	'0000-00-00 00:00:00'),
(20,	'BUEM-10832',	'Budget_item # BUEM-6521',	3,	16000,	2,	'Its working',	30,	657,	8,	1,	1,	'2020-03-04',	'0000-00-00 00:00:00'),
(21,	'BUEM-63985',	'Budget_item # BUEM-22944',	3,	120000,	4,	'testy',	30,	658,	8,	1,	1,	'2020-03-04',	'0000-00-00 00:00:00'),
(22,	'BUEM-48009',	'Budget_item # BUEM-60120',	3,	35000,	2,	'This an center test',	105,	713,	8,	5,	5,	'2020-03-07',	'0000-00-00 00:00:00');

DROP TABLE IF EXISTS `budget_item_detail`;
CREATE TABLE `budget_item_detail` (
  `budget_item_detail_id` int(100) NOT NULL AUTO_INCREMENT,
  `budget_item_detail_track_number` varchar(100) DEFAULT NULL,
  `budget_item_detail_name` varchar(100) DEFAULT NULL,
  `fk_budget_item_id` int(100) DEFAULT NULL,
  `fk_month_id` int(5) DEFAULT NULL,
  `fk_status_id` int(11) DEFAULT '0',
  `fk_approval_id` int(11) DEFAULT '0',
  `budget_item_detail_amount` decimal(10,2) DEFAULT NULL,
  `budget_item_detail_created_date` date DEFAULT NULL,
  `budget_item_detail_created_by` int(100) DEFAULT NULL,
  `budget_item_detail_last_modified_by` int(100) DEFAULT NULL,
  `budget_item_detail_last_modified_date` timestamp NOT NULL DEFAULT '0000-00-00 00:00:00',
  PRIMARY KEY (`budget_item_detail_id`),
  KEY `fk_budget_month_spread_budget_detail1_idx` (`fk_budget_item_id`),
  KEY `fk_status_id` (`fk_status_id`),
  KEY `fk_approval_id` (`fk_approval_id`),
  CONSTRAINT `budget_item_detail_ibfk_1` FOREIGN KEY (`fk_status_id`) REFERENCES `status` (`status_id`),
  CONSTRAINT `fk_budget_month_spread_budget_detail1` FOREIGN KEY (`fk_budget_item_id`) REFERENCES `budget_item` (`budget_item_id`) ON DELETE NO ACTION ON UPDATE NO ACTION
) ENGINE=InnoDB DEFAULT CHARSET=latin1 COMMENT='This table distributes budget allocations by month';

INSERT INTO `budget_item_detail` (`budget_item_detail_id`, `budget_item_detail_track_number`, `budget_item_detail_name`, `fk_budget_item_id`, `fk_month_id`, `fk_status_id`, `fk_approval_id`, `budget_item_detail_amount`, `budget_item_detail_created_date`, `budget_item_detail_created_by`, `budget_item_detail_last_modified_by`, `budget_item_detail_last_modified_date`) VALUES
(37,	'BUEM-12119',	'Budget_item_detail # BUEM-1883',	6,	5,	30,	0,	1250.00,	NULL,	NULL,	NULL,	'2020-03-04 18:01:49'),
(38,	'BUEM-7311',	'Budget_item_detail # BUEM-37581',	6,	6,	30,	0,	1250.00,	NULL,	NULL,	NULL,	'2020-03-04 18:01:49'),
(39,	'BUEM-20640',	'Budget_item_detail # BUEM-60185',	6,	7,	30,	0,	1250.00,	NULL,	NULL,	NULL,	'2020-03-04 18:01:49'),
(40,	'BUEM-62083',	'Budget_item_detail # BUEM-5795',	6,	8,	30,	0,	1250.00,	NULL,	NULL,	NULL,	'2020-03-04 18:01:49'),
(41,	'BUEM-69301',	'Budget_item_detail # BUEM-50411',	6,	10,	30,	0,	1250.00,	NULL,	NULL,	NULL,	'2020-03-04 18:01:49'),
(42,	'BUEM-55043',	'Budget_item_detail # BUEM-83613',	6,	11,	30,	0,	1250.00,	NULL,	NULL,	NULL,	'2020-03-04 18:01:49'),
(43,	'BUEM-13176',	'Budget_item_detail # BUEM-54853',	6,	12,	30,	0,	1250.00,	NULL,	NULL,	NULL,	'2020-03-04 18:01:49'),
(44,	'BUEM-45993',	'Budget_item_detail # BUEM-23339',	6,	13,	30,	0,	1250.00,	NULL,	NULL,	NULL,	'2020-03-04 18:01:49'),
(45,	'BUEM-65041',	'Budget_item_detail # BUEM-9112',	6,	14,	30,	0,	1250.00,	NULL,	NULL,	NULL,	'2020-03-04 18:01:49'),
(46,	'BUEM-86898',	'Budget_item_detail # BUEM-58739',	6,	15,	30,	0,	1250.00,	NULL,	NULL,	NULL,	'2020-03-04 18:01:49'),
(47,	'BUEM-75233',	'Budget_item_detail # BUEM-78684',	6,	16,	30,	0,	1250.00,	NULL,	NULL,	NULL,	'2020-03-04 18:01:49'),
(48,	'BUEM-77736',	'Budget_item_detail # BUEM-48181',	6,	17,	30,	0,	1250.00,	NULL,	NULL,	NULL,	'2020-03-04 18:01:49'),
(61,	'BUEM-28657',	'Budget_item_detail # BUEM-61360',	8,	5,	30,	0,	11666.67,	NULL,	NULL,	NULL,	'2020-03-04 18:01:49'),
(62,	'BUEM-30662',	'Budget_item_detail # BUEM-82066',	8,	6,	30,	0,	11666.67,	NULL,	NULL,	NULL,	'2020-03-04 18:01:49'),
(63,	'BUEM-48614',	'Budget_item_detail # BUEM-36115',	8,	7,	30,	0,	11666.67,	NULL,	NULL,	NULL,	'2020-03-04 18:01:49'),
(64,	'BUEM-4945',	'Budget_item_detail # BUEM-9891',	8,	8,	30,	0,	11666.67,	NULL,	NULL,	NULL,	'2020-03-04 18:01:49'),
(65,	'BUEM-7112',	'Budget_item_detail # BUEM-74586',	8,	10,	30,	0,	11666.67,	NULL,	NULL,	NULL,	'2020-03-04 18:01:49'),
(66,	'BUEM-81924',	'Budget_item_detail # BUEM-8365',	8,	11,	30,	0,	11666.67,	NULL,	NULL,	NULL,	'2020-03-04 18:01:49'),
(67,	'BUEM-86654',	'Budget_item_detail # BUEM-58850',	8,	12,	30,	0,	11666.67,	NULL,	NULL,	NULL,	'2020-03-04 18:01:49'),
(68,	'BUEM-23776',	'Budget_item_detail # BUEM-35626',	8,	13,	30,	0,	11666.67,	NULL,	NULL,	NULL,	'2020-03-04 18:01:49'),
(69,	'BUEM-29465',	'Budget_item_detail # BUEM-20397',	8,	14,	30,	0,	11666.67,	NULL,	NULL,	NULL,	'2020-03-04 18:01:49'),
(70,	'BUEM-48621',	'Budget_item_detail # BUEM-29280',	8,	15,	30,	0,	11666.67,	NULL,	NULL,	NULL,	'2020-03-04 18:01:49'),
(71,	'BUEM-52579',	'Budget_item_detail # BUEM-26540',	8,	16,	30,	0,	11666.67,	NULL,	NULL,	NULL,	'2020-03-04 18:01:49'),
(72,	'BUEM-30958',	'Budget_item_detail # BUEM-54102',	8,	17,	30,	0,	11666.67,	NULL,	NULL,	NULL,	'2020-03-04 18:01:49'),
(73,	'BUEM-50604',	'Budget_item_detail # BUEM-30242',	9,	5,	30,	0,	858.33,	NULL,	NULL,	NULL,	'2020-03-04 18:01:49'),
(74,	'BUEM-82417',	'Budget_item_detail # BUEM-81583',	9,	6,	30,	0,	858.33,	NULL,	NULL,	NULL,	'2020-03-04 18:01:49'),
(75,	'BUEM-12935',	'Budget_item_detail # BUEM-40378',	9,	7,	30,	0,	858.33,	NULL,	NULL,	NULL,	'2020-03-04 18:01:49'),
(76,	'BUEM-33974',	'Budget_item_detail # BUEM-74134',	9,	8,	30,	0,	858.33,	NULL,	NULL,	NULL,	'2020-03-04 18:01:49'),
(77,	'BUEM-63787',	'Budget_item_detail # BUEM-26731',	9,	10,	30,	0,	858.33,	NULL,	NULL,	NULL,	'2020-03-04 18:01:49'),
(78,	'BUEM-59238',	'Budget_item_detail # BUEM-7646',	9,	11,	30,	0,	858.33,	NULL,	NULL,	NULL,	'2020-03-04 18:01:49'),
(79,	'BUEM-2457',	'Budget_item_detail # BUEM-4939',	9,	12,	30,	0,	858.33,	NULL,	NULL,	NULL,	'2020-03-04 18:01:49'),
(80,	'BUEM-73000',	'Budget_item_detail # BUEM-12005',	9,	13,	30,	0,	858.33,	NULL,	NULL,	NULL,	'2020-03-04 18:01:49'),
(81,	'BUEM-7675',	'Budget_item_detail # BUEM-64432',	9,	14,	30,	0,	858.33,	NULL,	NULL,	NULL,	'2020-03-04 18:01:49'),
(82,	'BUEM-46319',	'Budget_item_detail # BUEM-32068',	9,	15,	30,	0,	858.33,	NULL,	NULL,	NULL,	'2020-03-04 18:01:49'),
(83,	'BUEM-31155',	'Budget_item_detail # BUEM-15237',	9,	16,	30,	0,	858.33,	NULL,	NULL,	NULL,	'2020-03-04 18:01:49'),
(84,	'BUEM-49045',	'Budget_item_detail # BUEM-61423',	9,	17,	30,	0,	858.33,	NULL,	NULL,	NULL,	'2020-03-04 18:01:49'),
(85,	'BUEM-10400',	'Budget_item_detail # BUEM-12933',	10,	5,	30,	0,	5000.00,	NULL,	NULL,	NULL,	'2020-03-04 18:01:49'),
(86,	'BUEM-76163',	'Budget_item_detail # BUEM-73525',	10,	6,	30,	0,	5000.00,	NULL,	NULL,	NULL,	'2020-03-04 18:01:49'),
(87,	'BUEM-35790',	'Budget_item_detail # BUEM-40638',	10,	7,	30,	0,	5000.00,	NULL,	NULL,	NULL,	'2020-03-04 18:01:49'),
(88,	'BUEM-43172',	'Budget_item_detail # BUEM-53886',	10,	8,	30,	0,	5000.00,	NULL,	NULL,	NULL,	'2020-03-04 18:01:49'),
(89,	'BUEM-11850',	'Budget_item_detail # BUEM-2158',	10,	10,	30,	0,	5000.00,	NULL,	NULL,	NULL,	'2020-03-04 18:01:49'),
(90,	'BUEM-69230',	'Budget_item_detail # BUEM-45698',	10,	11,	30,	0,	5000.00,	NULL,	NULL,	NULL,	'2020-03-04 18:01:49'),
(91,	'BUEM-5778',	'Budget_item_detail # BUEM-75115',	10,	12,	30,	0,	5000.00,	NULL,	NULL,	NULL,	'2020-03-04 18:01:49'),
(92,	'BUEM-11098',	'Budget_item_detail # BUEM-37237',	10,	13,	30,	0,	5000.00,	NULL,	NULL,	NULL,	'2020-03-04 18:01:49'),
(93,	'BUEM-81670',	'Budget_item_detail # BUEM-68729',	10,	14,	30,	0,	5000.00,	NULL,	NULL,	NULL,	'2020-03-04 18:01:49'),
(94,	'BUEM-44422',	'Budget_item_detail # BUEM-88785',	10,	15,	30,	0,	5000.00,	NULL,	NULL,	NULL,	'2020-03-04 18:01:49'),
(95,	'BUEM-73873',	'Budget_item_detail # BUEM-83667',	10,	16,	30,	0,	5000.00,	NULL,	NULL,	NULL,	'2020-03-04 18:01:49'),
(96,	'BUEM-23575',	'Budget_item_detail # BUEM-48578',	10,	17,	30,	0,	5000.00,	NULL,	NULL,	NULL,	'2020-03-04 18:01:49'),
(97,	'BUEM-23951',	'Budget_item_detail # BUEM-39333',	11,	5,	30,	0,	750.00,	NULL,	NULL,	NULL,	'2020-03-04 18:01:49'),
(98,	'BUEM-52192',	'Budget_item_detail # BUEM-44331',	11,	6,	30,	0,	750.00,	NULL,	NULL,	NULL,	'2020-03-04 18:01:49'),
(99,	'BUEM-70044',	'Budget_item_detail # BUEM-2374',	11,	7,	30,	0,	750.00,	NULL,	NULL,	NULL,	'2020-03-04 18:01:49'),
(100,	'BUEM-58228',	'Budget_item_detail # BUEM-52628',	11,	8,	30,	0,	750.00,	NULL,	NULL,	NULL,	'2020-03-04 18:01:49'),
(101,	'BUEM-15420',	'Budget_item_detail # BUEM-22376',	11,	10,	30,	0,	750.00,	NULL,	NULL,	NULL,	'2020-03-04 18:01:49'),
(102,	'BUEM-35314',	'Budget_item_detail # BUEM-40726',	11,	11,	30,	0,	750.00,	NULL,	NULL,	NULL,	'2020-03-04 18:01:49'),
(103,	'BUEM-10488',	'Budget_item_detail # BUEM-66875',	11,	12,	30,	0,	750.00,	NULL,	NULL,	NULL,	'2020-03-04 18:01:49'),
(104,	'BUEM-20340',	'Budget_item_detail # BUEM-26563',	11,	13,	30,	0,	750.00,	NULL,	NULL,	NULL,	'2020-03-04 18:01:49'),
(105,	'BUEM-51690',	'Budget_item_detail # BUEM-38775',	11,	14,	30,	0,	750.00,	NULL,	NULL,	NULL,	'2020-03-04 18:01:49'),
(106,	'BUEM-11266',	'Budget_item_detail # BUEM-13731',	11,	15,	30,	0,	750.00,	NULL,	NULL,	NULL,	'2020-03-04 18:01:49'),
(107,	'BUEM-27720',	'Budget_item_detail # BUEM-40962',	11,	16,	30,	0,	750.00,	NULL,	NULL,	NULL,	'2020-03-04 18:01:49'),
(108,	'BUEM-16947',	'Budget_item_detail # BUEM-62487',	11,	17,	30,	0,	750.00,	NULL,	NULL,	NULL,	'2020-03-04 18:01:49'),
(109,	'BUEM-17184',	'Budget_item_detail # BUEM-8115',	12,	5,	30,	0,	1208.33,	NULL,	NULL,	NULL,	'2020-03-04 18:01:49'),
(110,	'BUEM-73398',	'Budget_item_detail # BUEM-46685',	12,	6,	30,	0,	1208.33,	NULL,	NULL,	NULL,	'2020-03-04 18:01:49'),
(111,	'BUEM-30960',	'Budget_item_detail # BUEM-33077',	12,	7,	30,	0,	1208.33,	NULL,	NULL,	NULL,	'2020-03-04 18:01:49'),
(112,	'BUEM-67300',	'Budget_item_detail # BUEM-54224',	12,	8,	30,	0,	1208.33,	NULL,	NULL,	NULL,	'2020-03-04 18:01:49'),
(113,	'BUEM-60718',	'Budget_item_detail # BUEM-44764',	12,	10,	30,	0,	1208.33,	NULL,	NULL,	NULL,	'2020-03-04 18:01:49'),
(114,	'BUEM-16637',	'Budget_item_detail # BUEM-70374',	12,	11,	30,	0,	1208.33,	NULL,	NULL,	NULL,	'2020-03-04 18:01:49'),
(115,	'BUEM-19780',	'Budget_item_detail # BUEM-62575',	12,	12,	30,	0,	1208.33,	NULL,	NULL,	NULL,	'2020-03-04 18:01:49'),
(116,	'BUEM-47175',	'Budget_item_detail # BUEM-14753',	12,	13,	30,	0,	1208.33,	NULL,	NULL,	NULL,	'2020-03-04 18:01:49'),
(117,	'BUEM-20898',	'Budget_item_detail # BUEM-15213',	12,	14,	30,	0,	1208.33,	NULL,	NULL,	NULL,	'2020-03-04 18:01:49'),
(118,	'BUEM-63678',	'Budget_item_detail # BUEM-35810',	12,	15,	30,	0,	1208.33,	NULL,	NULL,	NULL,	'2020-03-04 18:01:49'),
(119,	'BUEM-31734',	'Budget_item_detail # BUEM-25956',	12,	16,	30,	0,	1208.33,	NULL,	NULL,	NULL,	'2020-03-04 18:01:49'),
(120,	'BUEM-53151',	'Budget_item_detail # BUEM-15220',	12,	17,	30,	0,	1208.33,	NULL,	NULL,	NULL,	'2020-03-04 18:01:49'),
(121,	'BUEM-59107',	'Budget_item_detail # BUEM-19185',	13,	5,	30,	0,	8166.67,	'2020-03-04',	1,	1,	'2020-03-04 18:01:49'),
(122,	'BUEM-30247',	'Budget_item_detail # BUEM-60659',	13,	6,	30,	0,	8166.67,	'2020-03-04',	1,	1,	'2020-03-04 18:01:49'),
(123,	'BUEM-32559',	'Budget_item_detail # BUEM-3851',	13,	7,	30,	0,	8166.67,	'2020-03-04',	1,	1,	'2020-03-04 18:01:49'),
(124,	'BUEM-22141',	'Budget_item_detail # BUEM-11668',	13,	8,	30,	0,	8166.67,	'2020-03-04',	1,	1,	'2020-03-04 18:01:49'),
(125,	'BUEM-83859',	'Budget_item_detail # BUEM-47178',	13,	10,	30,	0,	8166.67,	'2020-03-04',	1,	1,	'2020-03-04 18:01:49'),
(126,	'BUEM-62123',	'Budget_item_detail # BUEM-34175',	13,	11,	30,	0,	8166.67,	'2020-03-04',	1,	1,	'2020-03-04 18:01:49'),
(127,	'BUEM-10905',	'Budget_item_detail # BUEM-14331',	13,	12,	30,	0,	8166.67,	'2020-03-04',	1,	1,	'2020-03-04 18:01:49'),
(128,	'BUEM-71369',	'Budget_item_detail # BUEM-32163',	13,	13,	30,	0,	8166.67,	'2020-03-04',	1,	1,	'2020-03-04 18:01:49'),
(129,	'BUEM-16758',	'Budget_item_detail # BUEM-52506',	13,	14,	30,	0,	8166.67,	'2020-03-04',	1,	1,	'2020-03-04 18:01:49'),
(130,	'BUEM-42778',	'Budget_item_detail # BUEM-77899',	13,	15,	30,	0,	8166.67,	'2020-03-04',	1,	1,	'2020-03-04 18:01:49'),
(131,	'BUEM-14160',	'Budget_item_detail # BUEM-33563',	13,	16,	30,	0,	8166.67,	'2020-03-04',	1,	1,	'2020-03-04 18:01:49'),
(132,	'BUEM-2835',	'Budget_item_detail # BUEM-50239',	13,	17,	30,	0,	8166.67,	'2020-03-04',	1,	1,	'2020-03-04 18:01:49'),
(133,	'BUEM-32637',	'Budget_item_detail # BUEM-55010',	14,	5,	30,	0,	5483.33,	'2020-03-04',	1,	1,	'0000-00-00 00:00:00'),
(134,	'BUEM-5786',	'Budget_item_detail # BUEM-59704',	14,	6,	30,	0,	5483.33,	'2020-03-04',	1,	1,	'0000-00-00 00:00:00'),
(135,	'BUEM-1632',	'Budget_item_detail # BUEM-5545',	14,	7,	30,	0,	5483.33,	'2020-03-04',	1,	1,	'0000-00-00 00:00:00'),
(136,	'BUEM-86227',	'Budget_item_detail # BUEM-40392',	14,	8,	30,	0,	5483.33,	'2020-03-04',	1,	1,	'0000-00-00 00:00:00'),
(137,	'BUEM-72190',	'Budget_item_detail # BUEM-4114',	14,	10,	30,	0,	5483.33,	'2020-03-04',	1,	1,	'0000-00-00 00:00:00'),
(138,	'BUEM-70040',	'Budget_item_detail # BUEM-54376',	14,	11,	30,	0,	5483.33,	'2020-03-04',	1,	1,	'0000-00-00 00:00:00'),
(139,	'BUEM-21851',	'Budget_item_detail # BUEM-78060',	14,	12,	30,	0,	5483.33,	'2020-03-04',	1,	1,	'0000-00-00 00:00:00'),
(140,	'BUEM-28122',	'Budget_item_detail # BUEM-75844',	14,	13,	30,	0,	5483.33,	'2020-03-04',	1,	1,	'0000-00-00 00:00:00'),
(141,	'BUEM-43946',	'Budget_item_detail # BUEM-85075',	14,	14,	30,	0,	5483.33,	'2020-03-04',	1,	1,	'0000-00-00 00:00:00'),
(142,	'BUEM-11209',	'Budget_item_detail # BUEM-45496',	14,	15,	30,	0,	5483.33,	'2020-03-04',	1,	1,	'0000-00-00 00:00:00'),
(143,	'BUEM-43259',	'Budget_item_detail # BUEM-41710',	14,	16,	30,	0,	5483.33,	'2020-03-04',	1,	1,	'0000-00-00 00:00:00'),
(144,	'BUEM-86174',	'Budget_item_detail # BUEM-35160',	14,	17,	30,	0,	5483.33,	'2020-03-04',	1,	1,	'0000-00-00 00:00:00'),
(145,	'BUEM-79996',	'Budget_item_detail # BUEM-22880',	15,	5,	30,	0,	1216.67,	'2020-03-04',	1,	1,	'0000-00-00 00:00:00'),
(146,	'BUEM-62551',	'Budget_item_detail # BUEM-66214',	15,	6,	30,	0,	1216.67,	'2020-03-04',	1,	1,	'0000-00-00 00:00:00'),
(147,	'BUEM-85077',	'Budget_item_detail # BUEM-53366',	15,	7,	30,	0,	1216.67,	'2020-03-04',	1,	1,	'0000-00-00 00:00:00'),
(148,	'BUEM-81158',	'Budget_item_detail # BUEM-19918',	15,	8,	30,	0,	1216.67,	'2020-03-04',	1,	1,	'0000-00-00 00:00:00'),
(149,	'BUEM-1516',	'Budget_item_detail # BUEM-20283',	15,	10,	30,	0,	1216.67,	'2020-03-04',	1,	1,	'0000-00-00 00:00:00'),
(150,	'BUEM-58358',	'Budget_item_detail # BUEM-41074',	15,	11,	30,	0,	1216.67,	'2020-03-04',	1,	1,	'0000-00-00 00:00:00'),
(151,	'BUEM-66654',	'Budget_item_detail # BUEM-55116',	15,	12,	30,	0,	1216.67,	'2020-03-04',	1,	1,	'0000-00-00 00:00:00'),
(152,	'BUEM-30072',	'Budget_item_detail # BUEM-57188',	15,	13,	30,	0,	1216.67,	'2020-03-04',	1,	1,	'0000-00-00 00:00:00'),
(153,	'BUEM-1048',	'Budget_item_detail # BUEM-63168',	15,	14,	30,	0,	1216.67,	'2020-03-04',	1,	1,	'0000-00-00 00:00:00'),
(154,	'BUEM-41713',	'Budget_item_detail # BUEM-71844',	15,	15,	30,	0,	1216.67,	'2020-03-04',	1,	1,	'0000-00-00 00:00:00'),
(155,	'BUEM-7220',	'Budget_item_detail # BUEM-73000',	15,	16,	30,	0,	1216.67,	'2020-03-04',	1,	1,	'0000-00-00 00:00:00'),
(156,	'BUEM-53769',	'Budget_item_detail # BUEM-21312',	15,	17,	30,	0,	1216.67,	'2020-03-04',	1,	1,	'0000-00-00 00:00:00'),
(157,	'BUEM-85464',	'Budget_item_detail # BUEM-62898',	16,	5,	30,	0,	5416.67,	'2020-03-04',	1,	1,	'0000-00-00 00:00:00'),
(158,	'BUEM-34308',	'Budget_item_detail # BUEM-49257',	16,	6,	30,	0,	5416.67,	'2020-03-04',	1,	1,	'0000-00-00 00:00:00'),
(159,	'BUEM-50344',	'Budget_item_detail # BUEM-70705',	16,	7,	30,	0,	5416.67,	'2020-03-04',	1,	1,	'0000-00-00 00:00:00'),
(160,	'BUEM-2291',	'Budget_item_detail # BUEM-61211',	16,	8,	30,	0,	5416.67,	'2020-03-04',	1,	1,	'0000-00-00 00:00:00'),
(161,	'BUEM-5630',	'Budget_item_detail # BUEM-76378',	16,	10,	30,	0,	5416.67,	'2020-03-04',	1,	1,	'0000-00-00 00:00:00'),
(162,	'BUEM-86141',	'Budget_item_detail # BUEM-46963',	16,	11,	30,	0,	5416.67,	'2020-03-04',	1,	1,	'0000-00-00 00:00:00'),
(163,	'BUEM-23215',	'Budget_item_detail # BUEM-30219',	16,	12,	30,	0,	5416.67,	'2020-03-04',	1,	1,	'0000-00-00 00:00:00'),
(164,	'BUEM-37428',	'Budget_item_detail # BUEM-60415',	16,	13,	30,	0,	5416.67,	'2020-03-04',	1,	1,	'0000-00-00 00:00:00'),
(165,	'BUEM-80949',	'Budget_item_detail # BUEM-87375',	16,	14,	30,	0,	5416.67,	'2020-03-04',	1,	1,	'0000-00-00 00:00:00'),
(166,	'BUEM-72991',	'Budget_item_detail # BUEM-58231',	16,	15,	30,	0,	5416.67,	'2020-03-04',	1,	1,	'0000-00-00 00:00:00'),
(167,	'BUEM-82785',	'Budget_item_detail # BUEM-72284',	16,	16,	30,	0,	5416.67,	'2020-03-04',	1,	1,	'0000-00-00 00:00:00'),
(168,	'BUEM-3258',	'Budget_item_detail # BUEM-87706',	16,	17,	30,	0,	5416.67,	'2020-03-04',	1,	1,	'0000-00-00 00:00:00'),
(169,	'BUEM-37530',	'Budget_item_detail # BUEM-35829',	17,	5,	30,	0,	1416.67,	'2020-03-04',	1,	1,	'0000-00-00 00:00:00'),
(170,	'BUEM-58555',	'Budget_item_detail # BUEM-36369',	17,	6,	30,	0,	1416.67,	'2020-03-04',	1,	1,	'0000-00-00 00:00:00'),
(171,	'BUEM-43804',	'Budget_item_detail # BUEM-10637',	17,	7,	30,	0,	1416.67,	'2020-03-04',	1,	1,	'0000-00-00 00:00:00'),
(172,	'BUEM-35863',	'Budget_item_detail # BUEM-30727',	17,	8,	30,	0,	1416.67,	'2020-03-04',	1,	1,	'0000-00-00 00:00:00'),
(173,	'BUEM-1880',	'Budget_item_detail # BUEM-47083',	17,	10,	30,	0,	1416.67,	'2020-03-04',	1,	1,	'0000-00-00 00:00:00'),
(174,	'BUEM-83152',	'Budget_item_detail # BUEM-40896',	17,	11,	30,	0,	1416.67,	'2020-03-04',	1,	1,	'0000-00-00 00:00:00'),
(175,	'BUEM-72484',	'Budget_item_detail # BUEM-58831',	17,	12,	30,	0,	1416.67,	'2020-03-04',	1,	1,	'0000-00-00 00:00:00'),
(176,	'BUEM-38853',	'Budget_item_detail # BUEM-27769',	17,	13,	30,	0,	1416.67,	'2020-03-04',	1,	1,	'0000-00-00 00:00:00'),
(177,	'BUEM-68281',	'Budget_item_detail # BUEM-24112',	17,	14,	30,	0,	1416.67,	'2020-03-04',	1,	1,	'0000-00-00 00:00:00'),
(178,	'BUEM-68656',	'Budget_item_detail # BUEM-32983',	17,	15,	30,	0,	1416.67,	'2020-03-04',	1,	1,	'0000-00-00 00:00:00'),
(179,	'BUEM-59489',	'Budget_item_detail # BUEM-53197',	17,	16,	30,	0,	1416.67,	'2020-03-04',	1,	1,	'0000-00-00 00:00:00'),
(180,	'BUEM-23412',	'Budget_item_detail # BUEM-51090',	17,	17,	30,	0,	1416.67,	'2020-03-04',	1,	1,	'0000-00-00 00:00:00'),
(181,	'BUEM-10748',	'Budget_item_detail # BUEM-39580',	18,	5,	30,	0,	1833.33,	'2020-03-04',	1,	1,	'0000-00-00 00:00:00'),
(182,	'BUEM-84651',	'Budget_item_detail # BUEM-62680',	18,	6,	30,	0,	1833.33,	'2020-03-04',	1,	1,	'0000-00-00 00:00:00'),
(183,	'BUEM-10959',	'Budget_item_detail # BUEM-18372',	18,	7,	30,	0,	1833.33,	'2020-03-04',	1,	1,	'0000-00-00 00:00:00'),
(184,	'BUEM-72417',	'Budget_item_detail # BUEM-67754',	18,	8,	30,	0,	1833.33,	'2020-03-04',	1,	1,	'0000-00-00 00:00:00'),
(185,	'BUEM-79505',	'Budget_item_detail # BUEM-2733',	18,	10,	30,	0,	1833.33,	'2020-03-04',	1,	1,	'0000-00-00 00:00:00'),
(186,	'BUEM-16040',	'Budget_item_detail # BUEM-29426',	18,	11,	30,	0,	1833.33,	'2020-03-04',	1,	1,	'0000-00-00 00:00:00'),
(187,	'BUEM-39772',	'Budget_item_detail # BUEM-84179',	18,	12,	30,	0,	1833.33,	'2020-03-04',	1,	1,	'0000-00-00 00:00:00'),
(188,	'BUEM-87317',	'Budget_item_detail # BUEM-20086',	18,	13,	30,	0,	1833.33,	'2020-03-04',	1,	1,	'0000-00-00 00:00:00'),
(189,	'BUEM-49913',	'Budget_item_detail # BUEM-75896',	18,	14,	30,	0,	1833.33,	'2020-03-04',	1,	1,	'0000-00-00 00:00:00'),
(190,	'BUEM-4478',	'Budget_item_detail # BUEM-26747',	18,	15,	30,	0,	1833.33,	'2020-03-04',	1,	1,	'0000-00-00 00:00:00'),
(191,	'BUEM-10223',	'Budget_item_detail # BUEM-86559',	18,	16,	30,	0,	1833.33,	'2020-03-04',	1,	1,	'0000-00-00 00:00:00'),
(192,	'BUEM-87879',	'Budget_item_detail # BUEM-57709',	18,	17,	30,	0,	1833.33,	'2020-03-04',	1,	1,	'0000-00-00 00:00:00'),
(193,	'BUEM-16460',	'Budget_item_detail # BUEM-71461',	19,	5,	30,	0,	1333.33,	'2020-03-04',	1,	1,	'0000-00-00 00:00:00'),
(194,	'BUEM-42062',	'Budget_item_detail # BUEM-46370',	19,	6,	30,	0,	1333.33,	'2020-03-04',	1,	1,	'0000-00-00 00:00:00'),
(195,	'BUEM-78552',	'Budget_item_detail # BUEM-62440',	19,	7,	30,	0,	1333.33,	'2020-03-04',	1,	1,	'0000-00-00 00:00:00'),
(196,	'BUEM-7697',	'Budget_item_detail # BUEM-59011',	19,	8,	30,	0,	1333.33,	'2020-03-04',	1,	1,	'0000-00-00 00:00:00'),
(197,	'BUEM-49989',	'Budget_item_detail # BUEM-72678',	19,	10,	30,	0,	1333.33,	'2020-03-04',	1,	1,	'0000-00-00 00:00:00'),
(198,	'BUEM-71757',	'Budget_item_detail # BUEM-25429',	19,	11,	30,	0,	1333.33,	'2020-03-04',	1,	1,	'0000-00-00 00:00:00'),
(199,	'BUEM-85037',	'Budget_item_detail # BUEM-13100',	19,	12,	30,	0,	1333.33,	'2020-03-04',	1,	1,	'0000-00-00 00:00:00'),
(200,	'BUEM-12684',	'Budget_item_detail # BUEM-72357',	19,	13,	30,	0,	1333.33,	'2020-03-04',	1,	1,	'0000-00-00 00:00:00'),
(201,	'BUEM-43562',	'Budget_item_detail # BUEM-41076',	19,	14,	30,	0,	1333.33,	'2020-03-04',	1,	1,	'0000-00-00 00:00:00'),
(202,	'BUEM-44916',	'Budget_item_detail # BUEM-6008',	19,	15,	30,	0,	1333.33,	'2020-03-04',	1,	1,	'0000-00-00 00:00:00'),
(203,	'BUEM-47764',	'Budget_item_detail # BUEM-20763',	19,	16,	30,	0,	1333.33,	'2020-03-04',	1,	1,	'0000-00-00 00:00:00'),
(204,	'BUEM-50645',	'Budget_item_detail # BUEM-67057',	19,	17,	30,	0,	1333.33,	'2020-03-04',	1,	1,	'0000-00-00 00:00:00'),
(205,	'BUEM-51384',	'Budget_item_detail # BUEM-37833',	20,	5,	30,	0,	1333.33,	'2020-03-04',	1,	1,	'0000-00-00 00:00:00'),
(206,	'BUEM-7663',	'Budget_item_detail # BUEM-22214',	20,	6,	30,	0,	1333.33,	'2020-03-04',	1,	1,	'0000-00-00 00:00:00'),
(207,	'BUEM-43551',	'Budget_item_detail # BUEM-51394',	20,	7,	30,	0,	1333.33,	'2020-03-04',	1,	1,	'0000-00-00 00:00:00'),
(208,	'BUEM-4827',	'Budget_item_detail # BUEM-74916',	20,	8,	30,	0,	1333.33,	'2020-03-04',	1,	1,	'0000-00-00 00:00:00'),
(209,	'BUEM-58318',	'Budget_item_detail # BUEM-17696',	20,	10,	30,	0,	1333.33,	'2020-03-04',	1,	1,	'0000-00-00 00:00:00'),
(210,	'BUEM-27799',	'Budget_item_detail # BUEM-66065',	20,	11,	30,	0,	1333.33,	'2020-03-04',	1,	1,	'0000-00-00 00:00:00'),
(211,	'BUEM-76963',	'Budget_item_detail # BUEM-69059',	20,	12,	30,	0,	1333.33,	'2020-03-04',	1,	1,	'0000-00-00 00:00:00'),
(212,	'BUEM-68709',	'Budget_item_detail # BUEM-86730',	20,	13,	30,	0,	1333.33,	'2020-03-04',	1,	1,	'0000-00-00 00:00:00'),
(213,	'BUEM-47372',	'Budget_item_detail # BUEM-7772',	20,	14,	30,	0,	1333.33,	'2020-03-04',	1,	1,	'0000-00-00 00:00:00'),
(214,	'BUEM-21128',	'Budget_item_detail # BUEM-38260',	20,	15,	30,	0,	1333.33,	'2020-03-04',	1,	1,	'0000-00-00 00:00:00'),
(215,	'BUEM-18883',	'Budget_item_detail # BUEM-10035',	20,	16,	30,	0,	1333.33,	'2020-03-04',	1,	1,	'0000-00-00 00:00:00'),
(216,	'BUEM-35343',	'Budget_item_detail # BUEM-34795',	20,	17,	30,	0,	1333.33,	'2020-03-04',	1,	1,	'0000-00-00 00:00:00'),
(217,	'BUEM-52292',	'Budget_item_detail # BUEM-85213',	21,	5,	30,	0,	10000.00,	'2020-03-04',	1,	1,	'0000-00-00 00:00:00'),
(218,	'BUEM-23364',	'Budget_item_detail # BUEM-32430',	21,	6,	30,	0,	10000.00,	'2020-03-04',	1,	1,	'0000-00-00 00:00:00'),
(219,	'BUEM-47190',	'Budget_item_detail # BUEM-62062',	21,	7,	30,	0,	10000.00,	'2020-03-04',	1,	1,	'0000-00-00 00:00:00'),
(220,	'BUEM-16508',	'Budget_item_detail # BUEM-44875',	21,	8,	30,	0,	10000.00,	'2020-03-04',	1,	1,	'0000-00-00 00:00:00'),
(221,	'BUEM-58366',	'Budget_item_detail # BUEM-16825',	21,	10,	30,	0,	10000.00,	'2020-03-04',	1,	1,	'0000-00-00 00:00:00'),
(222,	'BUEM-44182',	'Budget_item_detail # BUEM-67893',	21,	11,	30,	0,	10000.00,	'2020-03-04',	1,	1,	'0000-00-00 00:00:00'),
(223,	'BUEM-81821',	'Budget_item_detail # BUEM-3352',	21,	12,	30,	0,	10000.00,	'2020-03-04',	1,	1,	'0000-00-00 00:00:00'),
(224,	'BUEM-54857',	'Budget_item_detail # BUEM-27105',	21,	13,	30,	0,	10000.00,	'2020-03-04',	1,	1,	'0000-00-00 00:00:00'),
(225,	'BUEM-72625',	'Budget_item_detail # BUEM-40593',	21,	14,	30,	0,	10000.00,	'2020-03-04',	1,	1,	'0000-00-00 00:00:00'),
(226,	'BUEM-70223',	'Budget_item_detail # BUEM-66813',	21,	15,	30,	0,	10000.00,	'2020-03-04',	1,	1,	'0000-00-00 00:00:00'),
(227,	'BUEM-22249',	'Budget_item_detail # BUEM-48499',	21,	16,	30,	0,	10000.00,	'2020-03-04',	1,	1,	'0000-00-00 00:00:00'),
(228,	'BUEM-3606',	'Budget_item_detail # BUEM-78040',	21,	17,	30,	0,	10000.00,	'2020-03-04',	1,	1,	'0000-00-00 00:00:00'),
(229,	'BUEM-37143',	'Budget_item_detail # BUEM-21350',	22,	5,	105,	0,	2916.67,	'2020-03-07',	5,	5,	'0000-00-00 00:00:00'),
(230,	'BUEM-23909',	'Budget_item_detail # BUEM-31393',	22,	6,	105,	0,	2916.67,	'2020-03-07',	5,	5,	'0000-00-00 00:00:00'),
(231,	'BUEM-70050',	'Budget_item_detail # BUEM-81280',	22,	7,	105,	0,	2916.67,	'2020-03-07',	5,	5,	'0000-00-00 00:00:00'),
(232,	'BUEM-22491',	'Budget_item_detail # BUEM-58921',	22,	8,	105,	0,	2916.67,	'2020-03-07',	5,	5,	'0000-00-00 00:00:00'),
(233,	'BUEM-78795',	'Budget_item_detail # BUEM-35054',	22,	10,	105,	0,	2916.67,	'2020-03-07',	5,	5,	'0000-00-00 00:00:00'),
(234,	'BUEM-52984',	'Budget_item_detail # BUEM-74677',	22,	11,	105,	0,	2916.67,	'2020-03-07',	5,	5,	'0000-00-00 00:00:00'),
(235,	'BUEM-52149',	'Budget_item_detail # BUEM-13695',	22,	12,	105,	0,	2916.67,	'2020-03-07',	5,	5,	'0000-00-00 00:00:00'),
(236,	'BUEM-80246',	'Budget_item_detail # BUEM-85949',	22,	13,	105,	0,	2916.67,	'2020-03-07',	5,	5,	'0000-00-00 00:00:00'),
(237,	'BUEM-71982',	'Budget_item_detail # BUEM-87448',	22,	14,	105,	0,	2916.67,	'2020-03-07',	5,	5,	'0000-00-00 00:00:00'),
(238,	'BUEM-85670',	'Budget_item_detail # BUEM-46276',	22,	15,	105,	0,	2916.67,	'2020-03-07',	5,	5,	'0000-00-00 00:00:00'),
(239,	'BUEM-29748',	'Budget_item_detail # BUEM-34418',	22,	16,	105,	0,	2916.67,	'2020-03-07',	5,	5,	'0000-00-00 00:00:00'),
(240,	'BUEM-14331',	'Budget_item_detail # BUEM-54871',	22,	17,	105,	0,	2916.67,	'2020-03-07',	5,	5,	'0000-00-00 00:00:00');

DROP TABLE IF EXISTS `cash_contra_account`;
CREATE TABLE `cash_contra_account` (
  `cash_contra_account_id` int(100) NOT NULL AUTO_INCREMENT,
  `cash_contra_account_track_number` varchar(100) NOT NULL,
  `cash_contra_account_name` varchar(100) NOT NULL,
  `cash_contra_account_code` varchar(50) NOT NULL,
  `cash_contra_account_created_date` date DEFAULT NULL,
  `cash_contra_account_created_by` int(100) DEFAULT NULL,
  `cash_contra_account_last_modified_by` int(100) DEFAULT NULL,
  `cash_contra_account_last_modified_date` date DEFAULT NULL,
  `fk_approval_id` int(100) DEFAULT NULL,
  `fk_status_id` int(100) DEFAULT NULL,
  PRIMARY KEY (`cash_contra_account_id`)
) ENGINE=InnoDB DEFAULT CHARSET=latin1;

INSERT INTO `cash_contra_account` (`cash_contra_account_id`, `cash_contra_account_track_number`, `cash_contra_account_name`, `cash_contra_account_code`, `cash_contra_account_created_date`, `cash_contra_account_created_by`, `cash_contra_account_last_modified_by`, `cash_contra_account_last_modified_date`, `fk_approval_id`, `fk_status_id`) VALUES
(1,	'CANT-70987',	'Petty Cash Rebanking',	'C002',	'2020-01-16',	1,	1,	NULL,	547,	0);

DROP TABLE IF EXISTS `chatable_table`;
CREATE TABLE `chatable_table` (
  `chatable_table_id` int(11) NOT NULL,
  `chatable_table_name` varchar(100) DEFAULT NULL,
  `created_date` date DEFAULT NULL,
  `last_modified_date` date DEFAULT NULL,
  `deleted_date` date DEFAULT NULL,
  `created_by` int(100) DEFAULT NULL,
  `last_modified_by` int(100) DEFAULT NULL,
  PRIMARY KEY (`chatable_table_id`)
) ENGINE=InnoDB DEFAULT CHARSET=latin1;


DROP TABLE IF EXISTS `cheque_book`;
CREATE TABLE `cheque_book` (
  `cheque_book_id` int(11) NOT NULL AUTO_INCREMENT,
  `cheque_book_track_number` varchar(100) NOT NULL,
  `cheque_book_name` varchar(100) NOT NULL,
  `fk_office_bank_id` int(100) DEFAULT NULL,
  `cheque_book_is_active` int(5) DEFAULT '1',
  `cheque_book_start_serial_number` varchar(45) DEFAULT NULL,
  `cheque_book_count_of_leaves` varchar(45) DEFAULT NULL,
  `cheque_book_use_start_date` date DEFAULT NULL,
  `cheque_book_created_date` date DEFAULT NULL,
  `cheque_book_created_by` int(100) DEFAULT NULL,
  `cheque_book_last_modified_by` int(100) DEFAULT NULL,
  `cheque_book_last_modified_date` date DEFAULT NULL,
  `fk_approval_id` int(100) DEFAULT NULL,
  `fk_status_id` int(100) DEFAULT NULL,
  PRIMARY KEY (`cheque_book_id`),
  KEY `fk_office_bank_id` (`fk_office_bank_id`),
  CONSTRAINT `cheque_book_ibfk_1` FOREIGN KEY (`fk_office_bank_id`) REFERENCES `office_bank` (`office_bank_id`)
) ENGINE=InnoDB DEFAULT CHARSET=latin1;

INSERT INTO `cheque_book` (`cheque_book_id`, `cheque_book_track_number`, `cheque_book_name`, `fk_office_bank_id`, `cheque_book_is_active`, `cheque_book_start_serial_number`, `cheque_book_count_of_leaves`, `cheque_book_use_start_date`, `cheque_book_created_date`, `cheque_book_created_by`, `cheque_book_last_modified_by`, `cheque_book_last_modified_date`, `fk_approval_id`, `fk_status_id`) VALUES
(1,	'CHOK-32703',	'Cheque_book # CHOK-32703',	2,	1,	'1',	'150',	'2020-01-01',	'2020-01-06',	1,	1,	NULL,	502,	0),
(2,	'CHOK-9577',	'First Cheque Book',	4,	1,	'150',	'150',	'2020-01-01',	'2020-01-06',	1,	1,	NULL,	511,	0);

DROP TABLE IF EXISTS `ci_sessions`;
CREATE TABLE `ci_sessions` (
  `id` varchar(40) COLLATE utf8_unicode_ci NOT NULL,
  `ip_address` varchar(45) COLLATE utf8_unicode_ci NOT NULL,
  `timestamp` int(10) unsigned NOT NULL DEFAULT '0',
  `data` blob NOT NULL,
  PRIMARY KEY (`id`),
  KEY `ci_sessions_timestamp` (`timestamp`)
) ENGINE=InnoDB DEFAULT CHARSET=utf8 COLLATE=utf8_unicode_ci;


DROP TABLE IF EXISTS `context`;
CREATE TABLE `context` (
  `context_id` int(100) NOT NULL AUTO_INCREMENT,
  `context_track_number` varchar(100) NOT NULL,
  `context_name` varchar(100) NOT NULL,
  `context_description` longtext NOT NULL,
  `fk_context_definition_id` int(100) NOT NULL,
  `context_created_date` date NOT NULL,
  `context_created_last_modified_date` timestamp NOT NULL DEFAULT CURRENT_TIMESTAMP,
  `context_created_by` int(11) NOT NULL,
  `context_last_modified_by` int(11) NOT NULL,
  `context_last_modified_date` date DEFAULT NULL,
  `fk_approval_id` int(100) DEFAULT NULL,
  `fk_status_id` int(100) DEFAULT NULL,
  PRIMARY KEY (`context_id`),
  KEY `fk_context_definition_id` (`fk_context_definition_id`),
  CONSTRAINT `context_ibfk_1` FOREIGN KEY (`fk_context_definition_id`) REFERENCES `context_definition` (`context_definition_id`)
) ENGINE=InnoDB DEFAULT CHARSET=latin1;


DROP TABLE IF EXISTS `context_center`;
CREATE TABLE `context_center` (
  `context_center_id` int(100) NOT NULL AUTO_INCREMENT,
  `context_center_track_number` varchar(100) NOT NULL,
  `context_center_name` varchar(100) NOT NULL,
  `context_center_description` varchar(100) NOT NULL,
  `fk_context_cluster_id` int(100) NOT NULL,
  `fk_context_definition_id` int(100) NOT NULL,
  `fk_office_id` int(100) NOT NULL,
  `context_center_created_date` date DEFAULT NULL,
  `context_center_created_by` int(100) DEFAULT NULL,
  `context_center_last_modified_by` int(100) DEFAULT NULL,
  `context_center_last_modified_date` date DEFAULT NULL,
  `fk_approval_id` int(100) DEFAULT NULL,
  `fk_status_id` int(100) DEFAULT NULL,
  PRIMARY KEY (`context_center_id`),
  UNIQUE KEY `fk_office_id` (`fk_office_id`),
  KEY `fk_context_cluster_id` (`fk_context_cluster_id`),
  KEY `fk_context_definition_id` (`fk_context_definition_id`),
  CONSTRAINT `context_center_ibfk_1` FOREIGN KEY (`fk_context_cluster_id`) REFERENCES `context_cluster` (`context_cluster_id`),
  CONSTRAINT `context_center_ibfk_2` FOREIGN KEY (`fk_context_cluster_id`) REFERENCES `context_cluster` (`context_cluster_id`),
  CONSTRAINT `context_center_ibfk_3` FOREIGN KEY (`fk_office_id`) REFERENCES `office` (`office_id`),
  CONSTRAINT `context_center_ibfk_4` FOREIGN KEY (`fk_context_definition_id`) REFERENCES `context_definition` (`context_definition_id`)
) ENGINE=InnoDB DEFAULT CHARSET=latin1;

INSERT INTO `context_center` (`context_center_id`, `context_center_track_number`, `context_center_name`, `context_center_description`, `fk_context_cluster_id`, `fk_context_definition_id`, `fk_office_id`, `context_center_created_date`, `context_center_created_by`, `context_center_last_modified_by`, `context_center_last_modified_date`, `fk_approval_id`, `fk_status_id`) VALUES
(1,	'COER-53990',	'GRC Shingila',	'This is GRC Shingila',	1,	13,	9,	'2019-12-13',	1,	1,	NULL,	454,	58),
(2,	'COER-66078',	'FPFK in Malindi',	'FPFK in Malindi',	1,	13,	11,	'2020-03-07',	1,	1,	NULL,	700,	58);

DROP TABLE IF EXISTS `context_center_user`;
CREATE TABLE `context_center_user` (
  `context_center_user_id` int(100) NOT NULL AUTO_INCREMENT,
  `context_center_user_track_number` varchar(100) NOT NULL,
  `context_center_user_name` varchar(100) NOT NULL,
  `fk_user_id` int(100) NOT NULL,
  `fk_context_center_id` int(100) NOT NULL,
  `fk_designation_id` int(100) NOT NULL,
  `context_center_user_is_active` int(5) NOT NULL DEFAULT '1',
  `context_center_user_created_date` date NOT NULL,
  `context_center_user_last_modified_date` timestamp NOT NULL DEFAULT CURRENT_TIMESTAMP,
  `context_center_user_created_by` int(100) NOT NULL,
  `context_center_user_last_modified_by` int(100) NOT NULL,
  `fk_approval_id` int(100) DEFAULT NULL,
  `fk_status_id` int(100) DEFAULT NULL,
  PRIMARY KEY (`context_center_user_id`),
  KEY `fk_context_center_id` (`fk_context_center_id`),
  KEY `fk_designation_id` (`fk_designation_id`),
  KEY `fk_user_id` (`fk_user_id`),
  CONSTRAINT `context_center_user_ibfk_1` FOREIGN KEY (`fk_user_id`) REFERENCES `user` (`user_id`),
  CONSTRAINT `context_center_user_ibfk_2` FOREIGN KEY (`fk_context_center_id`) REFERENCES `context_center` (`context_center_id`),
  CONSTRAINT `context_center_user_ibfk_3` FOREIGN KEY (`fk_designation_id`) REFERENCES `designation` (`designation_id`)
) ENGINE=InnoDB DEFAULT CHARSET=latin1;

INSERT INTO `context_center_user` (`context_center_user_id`, `context_center_user_track_number`, `context_center_user_name`, `fk_user_id`, `fk_context_center_id`, `fk_designation_id`, `context_center_user_is_active`, `context_center_user_created_date`, `context_center_user_last_modified_date`, `context_center_user_created_by`, `context_center_user_last_modified_by`, `fk_approval_id`, `fk_status_id`) VALUES
(1,	'COER-38672',	'David Mbitsi - GRC',	5,	1,	3,	1,	'2019-12-15',	'2019-12-15 13:55:06',	1,	1,	465,	0),
(2,	'COER-8517',	'Betty Kanze',	6,	1,	3,	1,	'2020-01-09',	'2020-01-09 11:37:08',	1,	1,	515,	0);

DROP TABLE IF EXISTS `context_cluster`;
CREATE TABLE `context_cluster` (
  `context_cluster_id` int(100) NOT NULL AUTO_INCREMENT,
  `context_cluster_track_number` varchar(100) NOT NULL,
  `context_cluster_name` varchar(100) NOT NULL,
  `context_cluster_description` longtext NOT NULL,
  `fk_office_id` int(100) NOT NULL,
  `fk_context_cohort_id` int(100) NOT NULL,
  `fk_context_definition_id` int(100) NOT NULL,
  `context_cluster_created_date` date NOT NULL,
  `context_cluster_last_modified_date` timestamp NOT NULL DEFAULT CURRENT_TIMESTAMP,
  `context_cluster_created_by` int(100) NOT NULL,
  `context_cluster_last_modified_by` int(100) NOT NULL,
  `fk_approval_id` int(11) NOT NULL,
  `fk_status_id` int(11) NOT NULL,
  PRIMARY KEY (`context_cluster_id`),
  UNIQUE KEY `fk_office_id` (`fk_office_id`),
  KEY `fk_approval_id` (`fk_approval_id`),
  KEY `fk_status_id` (`fk_status_id`),
  KEY `fk_context_cohort_id` (`fk_context_cohort_id`),
  KEY `fk_context_definition_id` (`fk_context_definition_id`),
  CONSTRAINT `context_cluster_ibfk_1` FOREIGN KEY (`fk_context_cohort_id`) REFERENCES `context_cohort` (`context_cohort_id`),
  CONSTRAINT `context_cluster_ibfk_2` FOREIGN KEY (`fk_approval_id`) REFERENCES `approval` (`approval_id`),
  CONSTRAINT `context_cluster_ibfk_3` FOREIGN KEY (`fk_status_id`) REFERENCES `status` (`status_id`),
  CONSTRAINT `context_cluster_ibfk_5` FOREIGN KEY (`fk_context_cohort_id`) REFERENCES `context_cohort` (`context_cohort_id`),
  CONSTRAINT `context_cluster_ibfk_6` FOREIGN KEY (`fk_office_id`) REFERENCES `office` (`office_id`),
  CONSTRAINT `context_cluster_ibfk_7` FOREIGN KEY (`fk_context_definition_id`) REFERENCES `context_definition` (`context_definition_id`)
) ENGINE=InnoDB DEFAULT CHARSET=latin1;

INSERT INTO `context_cluster` (`context_cluster_id`, `context_cluster_track_number`, `context_cluster_name`, `context_cluster_description`, `fk_office_id`, `fk_context_cohort_id`, `fk_context_definition_id`, `context_cluster_created_date`, `context_cluster_last_modified_date`, `context_cluster_created_by`, `context_cluster_last_modified_by`, `fk_approval_id`, `fk_status_id`) VALUES
(1,	'COER-25606',	'Malindi Cluster',	'This is Malindi cluster',	23,	1,	8,	'2019-12-13',	'2019-12-13 04:14:01',	1,	1,	453,	66),
(2,	'COER-83909',	'Kaloleni Cluster',	'This is a Kaloleni Cluster',	19,	2,	8,	'2019-12-14',	'2019-12-14 04:41:24',	1,	1,	458,	66);

DROP TABLE IF EXISTS `context_cluster_user`;
CREATE TABLE `context_cluster_user` (
  `context_cluster_user_id` int(100) NOT NULL AUTO_INCREMENT,
  `context_cluster_user_track_number` varchar(100) NOT NULL,
  `context_cluster_user_name` varchar(100) NOT NULL,
  `fk_context_cluster_id` int(100) NOT NULL,
  `fk_user_id` int(100) NOT NULL,
  `fk_designation_id` int(100) NOT NULL,
  `context_cluster_user_is_active` int(5) NOT NULL DEFAULT '1',
  `context_cluster_user_created_date` date NOT NULL,
  `context_cluster_user_last_modified_date` timestamp NOT NULL DEFAULT CURRENT_TIMESTAMP,
  `context_cluster_user_created_by` int(100) NOT NULL,
  `context_cluster_user_last_modified_by` int(100) NOT NULL,
  `fk_approval_id` int(11) NOT NULL,
  `fk_status_id` int(11) NOT NULL,
  PRIMARY KEY (`context_cluster_user_id`),
  KEY `fk_approval_id` (`fk_approval_id`),
  KEY `fk_status_id` (`fk_status_id`),
  KEY `fk_context_cluster_id` (`fk_context_cluster_id`),
  KEY `fk_designation_id` (`fk_designation_id`),
  KEY `fk_user_id` (`fk_user_id`)
) ENGINE=InnoDB DEFAULT CHARSET=latin1;

INSERT INTO `context_cluster_user` (`context_cluster_user_id`, `context_cluster_user_track_number`, `context_cluster_user_name`, `fk_context_cluster_id`, `fk_user_id`, `fk_designation_id`, `context_cluster_user_is_active`, `context_cluster_user_created_date`, `context_cluster_user_last_modified_date`, `context_cluster_user_created_by`, `context_cluster_user_last_modified_by`, `fk_approval_id`, `fk_status_id`) VALUES
(1,	'COER-15236',	'Mwambire health context',	1,	2,	6,	1,	'2020-03-06',	'2020-03-06 05:40:21',	1,	1,	670,	75);

DROP TABLE IF EXISTS `context_cohort`;
CREATE TABLE `context_cohort` (
  `context_cohort_id` int(100) NOT NULL AUTO_INCREMENT,
  `context_cohort_track_number` varchar(100) NOT NULL,
  `context_cohort_name` varchar(100) NOT NULL,
  `context_cohort_description` longtext NOT NULL,
  `fk_office_id` int(100) NOT NULL,
  `fk_context_country_id` int(100) NOT NULL,
  `fk_context_definition_id` int(100) NOT NULL,
  `context_cohort_created_date` date NOT NULL,
  `context_cohort_last_modified_date` timestamp NOT NULL DEFAULT CURRENT_TIMESTAMP,
  `context_cohort_created_by` int(100) NOT NULL,
  `context_cohort_last_modified_by` int(100) NOT NULL,
  `fk_approval_id` int(11) NOT NULL,
  `fk_status_id` int(11) NOT NULL,
  PRIMARY KEY (`context_cohort_id`),
  UNIQUE KEY `fk_coffice_id` (`fk_office_id`),
  KEY `fk_approval_id` (`fk_approval_id`),
  KEY `fk_status_id` (`fk_status_id`),
  KEY `fk_context_country_id` (`fk_context_country_id`),
  KEY `fk_context_definition_id` (`fk_context_definition_id`),
  CONSTRAINT `context_cohort_ibfk_1` FOREIGN KEY (`fk_context_country_id`) REFERENCES `context_country` (`context_country_id`),
  CONSTRAINT `context_cohort_ibfk_2` FOREIGN KEY (`fk_approval_id`) REFERENCES `approval` (`approval_id`),
  CONSTRAINT `context_cohort_ibfk_3` FOREIGN KEY (`fk_status_id`) REFERENCES `status` (`status_id`),
  CONSTRAINT `context_cohort_ibfk_4` FOREIGN KEY (`fk_office_id`) REFERENCES `office` (`office_id`),
  CONSTRAINT `context_cohort_ibfk_5` FOREIGN KEY (`fk_context_country_id`) REFERENCES `context_country` (`context_country_id`),
  CONSTRAINT `context_cohort_ibfk_6` FOREIGN KEY (`fk_context_definition_id`) REFERENCES `context_definition` (`context_definition_id`)
) ENGINE=InnoDB DEFAULT CHARSET=latin1;

INSERT INTO `context_cohort` (`context_cohort_id`, `context_cohort_track_number`, `context_cohort_name`, `context_cohort_description`, `fk_office_id`, `fk_context_country_id`, `fk_context_definition_id`, `context_cohort_created_date`, `context_cohort_last_modified_date`, `context_cohort_created_by`, `context_cohort_last_modified_by`, `fk_approval_id`, `fk_status_id`) VALUES
(1,	'CORT-53318',	'Coast and Lower Eastern Cohort',	'This is Coast and Lower Eastern Cohort',	20,	1,	9,	'2019-12-13',	'2019-12-13 04:12:02',	1,	1,	451,	70),
(2,	'CORT-19622',	'Nairobi Area Cohort',	'This is a Nairobi Area Cohort',	15,	1,	9,	'2019-12-14',	'2019-12-14 04:28:21',	1,	1,	457,	70),
(3,	'CORT-57857',	'Uganda East Cohort Context',	'Uganda East Cohort Context',	25,	2,	9,	'2019-12-15',	'2019-12-15 09:06:40',	1,	1,	463,	70);

DROP TABLE IF EXISTS `context_cohort_user`;
CREATE TABLE `context_cohort_user` (
  `context_cohort_user_id` int(100) NOT NULL AUTO_INCREMENT,
  `context_cohort_user_track_number` varchar(100) NOT NULL,
  `context_cohort_user_name` varchar(100) NOT NULL,
  `fk_user_id` int(100) NOT NULL,
  `fk_context_cohort_id` int(100) NOT NULL,
  `fk_designation_id` int(100) NOT NULL,
  `context_cohort_user_is_active` int(5) NOT NULL DEFAULT '1',
  `context_cohort_user_created_date` date NOT NULL,
  `context_cohort_user_last_modified_date` timestamp NOT NULL DEFAULT CURRENT_TIMESTAMP,
  `context_cohort_user_created_by` int(100) NOT NULL,
  `context_cohort_user_last_modified_by` int(100) NOT NULL,
  `fk_approval_id` int(11) NOT NULL,
  `fk_status_id` int(11) NOT NULL,
  PRIMARY KEY (`context_cohort_user_id`),
  KEY `fk_user_id` (`fk_user_id`),
  KEY `fk_group_cohort_id` (`fk_context_cohort_id`),
  KEY `fk_approval_id` (`fk_approval_id`),
  KEY `fk_status_id` (`fk_status_id`),
  KEY `fk_designation_id` (`fk_designation_id`),
  CONSTRAINT `context_cohort_user_ibfk_1` FOREIGN KEY (`fk_user_id`) REFERENCES `user` (`user_id`),
  CONSTRAINT `context_cohort_user_ibfk_2` FOREIGN KEY (`fk_context_cohort_id`) REFERENCES `context_cohort` (`context_cohort_id`),
  CONSTRAINT `context_cohort_user_ibfk_3` FOREIGN KEY (`fk_approval_id`) REFERENCES `approval` (`approval_id`),
  CONSTRAINT `context_cohort_user_ibfk_4` FOREIGN KEY (`fk_status_id`) REFERENCES `status` (`status_id`),
  CONSTRAINT `context_cohort_user_ibfk_5` FOREIGN KEY (`fk_designation_id`) REFERENCES `designation` (`designation_id`)
) ENGINE=InnoDB DEFAULT CHARSET=latin1;


DROP TABLE IF EXISTS `context_country`;
CREATE TABLE `context_country` (
  `context_country_id` int(100) NOT NULL AUTO_INCREMENT,
  `context_country_track_number` varchar(100) NOT NULL,
  `context_country_name` varchar(100) NOT NULL,
  `context_country_description` longtext NOT NULL,
  `fk_office_id` int(100) NOT NULL,
  `fk_context_region_id` int(100) NOT NULL,
  `fk_context_definition_id` int(100) NOT NULL,
  `context_country_created_date` date NOT NULL,
  `context_country_last_modified_date` timestamp NOT NULL DEFAULT CURRENT_TIMESTAMP,
  `context_country_created_by` int(100) NOT NULL,
  `context_country_last_modified_by` int(100) NOT NULL,
  `fk_approval_id` int(11) NOT NULL,
  `fk_status_id` int(11) NOT NULL,
  PRIMARY KEY (`context_country_id`),
  UNIQUE KEY `fk_office_id` (`fk_office_id`),
  KEY `fk_approval_id` (`fk_approval_id`),
  KEY `fk_status_id` (`fk_status_id`),
  KEY `fk_context_region_id` (`fk_context_region_id`),
  KEY `fk_context_definition_id` (`fk_context_definition_id`),
  CONSTRAINT `context_country_ibfk_1` FOREIGN KEY (`fk_context_region_id`) REFERENCES `context_region` (`context_region_id`),
  CONSTRAINT `context_country_ibfk_2` FOREIGN KEY (`fk_approval_id`) REFERENCES `approval` (`approval_id`),
  CONSTRAINT `context_country_ibfk_3` FOREIGN KEY (`fk_status_id`) REFERENCES `status` (`status_id`),
  CONSTRAINT `context_country_ibfk_4` FOREIGN KEY (`fk_office_id`) REFERENCES `office` (`office_id`),
  CONSTRAINT `context_country_ibfk_5` FOREIGN KEY (`fk_context_region_id`) REFERENCES `context_region` (`context_region_id`),
  CONSTRAINT `context_country_ibfk_6` FOREIGN KEY (`fk_context_definition_id`) REFERENCES `context_definition` (`context_definition_id`)
) ENGINE=InnoDB DEFAULT CHARSET=latin1;

INSERT INTO `context_country` (`context_country_id`, `context_country_track_number`, `context_country_name`, `context_country_description`, `fk_office_id`, `fk_context_region_id`, `fk_context_definition_id`, `context_country_created_date`, `context_country_last_modified_date`, `context_country_created_by`, `context_country_last_modified_by`, `fk_approval_id`, `fk_status_id`) VALUES
(1,	'CORY-56399',	'Kenya Country Office',	'This is Kenya Country Office',	18,	2,	10,	'2019-12-13',	'2019-12-13 04:11:04',	1,	1,	450,	69),
(2,	'CORY-88987',	'Uganda Country Office',	'Uganda Country Office',	24,	2,	10,	'2019-12-15',	'2019-12-15 08:18:39',	1,	1,	460,	69);

DROP TABLE IF EXISTS `context_country_user`;
CREATE TABLE `context_country_user` (
  `context_country_user_id` int(100) NOT NULL AUTO_INCREMENT,
  `context_country_user_track_number` varchar(100) NOT NULL,
  `context_country_user_name` varchar(100) NOT NULL,
  `fk_user_id` int(100) NOT NULL,
  `fk_context_country_id` int(100) NOT NULL,
  `fk_designation_id` int(100) NOT NULL,
  `context_country_user_is_active` int(5) NOT NULL DEFAULT '1',
  `context_country_user_created_date` date NOT NULL,
  `context_country_user_last_modified_date` timestamp NOT NULL DEFAULT CURRENT_TIMESTAMP,
  `context_country_user_created_by` int(100) NOT NULL,
  `context_country_user_last_modified_by` int(100) NOT NULL,
  `fk_approval_id` int(11) NOT NULL,
  `fk_status_id` int(11) NOT NULL,
  PRIMARY KEY (`context_country_user_id`),
  KEY `fk_user_id` (`fk_user_id`),
  KEY `fk_group_country_id` (`fk_context_country_id`),
  KEY `fk_approval_id` (`fk_approval_id`),
  KEY `fk_status_id` (`fk_status_id`),
  KEY `fk_designation_id` (`fk_designation_id`),
  CONSTRAINT `context_country_user_ibfk_1` FOREIGN KEY (`fk_user_id`) REFERENCES `user` (`user_id`),
  CONSTRAINT `context_country_user_ibfk_2` FOREIGN KEY (`fk_context_country_id`) REFERENCES `context_country` (`context_country_id`),
  CONSTRAINT `context_country_user_ibfk_3` FOREIGN KEY (`fk_approval_id`) REFERENCES `approval` (`approval_id`),
  CONSTRAINT `context_country_user_ibfk_4` FOREIGN KEY (`fk_status_id`) REFERENCES `status` (`status_id`),
  CONSTRAINT `context_country_user_ibfk_5` FOREIGN KEY (`fk_designation_id`) REFERENCES `designation` (`designation_id`)
) ENGINE=InnoDB DEFAULT CHARSET=latin1;

INSERT INTO `context_country_user` (`context_country_user_id`, `context_country_user_track_number`, `context_country_user_name`, `fk_user_id`, `fk_context_country_id`, `fk_designation_id`, `context_country_user_is_active`, `context_country_user_created_date`, `context_country_user_last_modified_date`, `context_country_user_created_by`, `context_country_user_last_modified_by`, `fk_approval_id`, `fk_status_id`) VALUES
(1,	'COER-3908',	'Nicodemus Karisa - System Admin',	1,	1,	7,	1,	'2019-12-13',	'2019-12-13 16:15:08',	1,	1,	456,	77),
(2,	'COER-46484',	'Nicodemus Karisa for Uganda Sys Admin',	1,	2,	7,	1,	'2019-12-15',	'2019-12-15 08:23:05',	1,	1,	461,	77),
(3,	'COER-52308',	'Wilson Gitonga Country Context',	19,	1,	5,	1,	'2020-03-06',	'2020-03-06 09:13:25',	1,	1,	679,	77),
(4,	'COER-49695',	'Ben for Country',	18,	1,	8,	1,	'2020-03-07',	'2020-03-07 10:50:38',	1,	1,	724,	77);

DROP TABLE IF EXISTS `context_definition`;
CREATE TABLE `context_definition` (
  `context_definition_id` int(100) NOT NULL AUTO_INCREMENT,
  `context_definition_track_number` varchar(100) DEFAULT NULL,
  `context_definition_name` varchar(100) DEFAULT NULL,
  `context_definition_level` int(5) DEFAULT NULL,
  `context_definition_is_active` int(5) NOT NULL DEFAULT '1',
  `context_definition_created_date` date DEFAULT NULL,
  `context_definition_last_modified_date` timestamp NULL DEFAULT CURRENT_TIMESTAMP,
  `context_definition_created_by` int(100) DEFAULT NULL,
  `context_definition_last_modified_by` int(100) DEFAULT NULL,
  `context_definition_deleted_at` date DEFAULT NULL,
  `fk_approval_id` int(100) DEFAULT NULL,
  `fk_status_id` int(100) DEFAULT NULL,
  PRIMARY KEY (`context_definition_id`),
  UNIQUE KEY `center_group_hierarchy_level` (`context_definition_level`)
) ENGINE=InnoDB DEFAULT CHARSET=latin1;

INSERT INTO `context_definition` (`context_definition_id`, `context_definition_track_number`, `context_definition_name`, `context_definition_level`, `context_definition_is_active`, `context_definition_created_date`, `context_definition_last_modified_date`, `context_definition_created_by`, `context_definition_last_modified_by`, `context_definition_deleted_at`, `fk_approval_id`, `fk_status_id`) VALUES
(8,	'CEHY-27364',	'cluster',	2,	1,	'2019-11-21',	'2019-11-21 06:49:58',	1,	1,	NULL,	256,	59),
(9,	'CEHY-40087',	'cohort',	3,	1,	'2019-11-21',	'2019-11-21 06:50:26',	1,	1,	NULL,	257,	59),
(10,	'CEHY-76588',	'country',	4,	1,	'2019-11-21',	'2019-11-21 06:50:34',	1,	1,	NULL,	258,	59),
(11,	'CEHY-37430',	'region',	5,	1,	'2019-11-21',	'2019-11-21 06:50:43',	1,	1,	NULL,	259,	59),
(12,	'CEHY-72349',	'global',	6,	1,	'2019-11-21',	'2019-11-21 06:50:52',	1,	1,	NULL,	260,	59),
(13,	'CEHY-56809',	'center',	1,	1,	'2019-11-21',	'2019-11-21 16:39:07',	1,	1,	NULL,	265,	59);

DROP TABLE IF EXISTS `context_global`;
CREATE TABLE `context_global` (
  `context_global_id` int(100) NOT NULL AUTO_INCREMENT,
  `context_global_track_number` varchar(100) NOT NULL,
  `context_global_name` varchar(100) NOT NULL,
  `context_global_description` longtext NOT NULL,
  `fk_office_id` int(100) NOT NULL,
  `fk_context_definition_id` int(100) NOT NULL,
  `context_global_created_date` date NOT NULL,
  `context_global_created_by` int(100) NOT NULL,
  `context_global_last_modified_date` timestamp NOT NULL DEFAULT CURRENT_TIMESTAMP,
  `context_global_last_modified_by` int(100) NOT NULL,
  `fk_approval_id` int(11) NOT NULL,
  `fk_status_id` int(11) NOT NULL,
  PRIMARY KEY (`context_global_id`),
  UNIQUE KEY `fk_office_id` (`fk_office_id`),
  KEY `fk_approval_id` (`fk_approval_id`),
  KEY `fk_status_id` (`fk_status_id`),
  KEY `fk_context_definition_id` (`fk_context_definition_id`),
  CONSTRAINT `context_global_ibfk_1` FOREIGN KEY (`fk_approval_id`) REFERENCES `approval` (`approval_id`),
  CONSTRAINT `context_global_ibfk_2` FOREIGN KEY (`fk_status_id`) REFERENCES `status` (`status_id`),
  CONSTRAINT `context_global_ibfk_3` FOREIGN KEY (`fk_office_id`) REFERENCES `office` (`office_id`),
  CONSTRAINT `context_global_ibfk_4` FOREIGN KEY (`fk_context_definition_id`) REFERENCES `context_definition` (`context_definition_id`)
) ENGINE=InnoDB DEFAULT CHARSET=latin1;

INSERT INTO `context_global` (`context_global_id`, `context_global_track_number`, `context_global_name`, `context_global_description`, `fk_office_id`, `fk_context_definition_id`, `context_global_created_date`, `context_global_created_by`, `context_global_last_modified_date`, `context_global_last_modified_by`, `fk_approval_id`, `fk_status_id`) VALUES
(3,	'COAL-61677',	'International Office',	'This is the international office',	21,	12,	'2019-12-13',	1,	'2019-12-13 04:05:02',	1,	446,	67);

DROP TABLE IF EXISTS `context_global_user`;
CREATE TABLE `context_global_user` (
  `context_global_user_id` int(100) NOT NULL AUTO_INCREMENT,
  `context_global_user_track_number` varchar(100) NOT NULL,
  `context_global_user_name` varchar(100) NOT NULL,
  `fk_user_id` int(100) NOT NULL,
  `fk_context_global_id` int(100) NOT NULL,
  `fk_designation_id` int(100) NOT NULL,
  `context_global_user_is_active` int(5) NOT NULL DEFAULT '1',
  `context_global_user_created_date` date NOT NULL,
  `context_global_user_last_modified_date` timestamp NOT NULL DEFAULT CURRENT_TIMESTAMP,
  `context_global_user_created_by` int(100) NOT NULL,
  `context_global_user_last_modified_by` int(100) NOT NULL,
  `fk_approval_id` int(11) NOT NULL,
  `fk_status_id` int(11) NOT NULL,
  PRIMARY KEY (`context_global_user_id`),
  KEY `fk_user_id` (`fk_user_id`),
  KEY `fk_group_global_id` (`fk_context_global_id`),
  KEY `fk_approval_id` (`fk_approval_id`),
  KEY `fk_status_id` (`fk_status_id`),
  KEY `fk_designation_id` (`fk_designation_id`),
  CONSTRAINT `context_global_user_ibfk_1` FOREIGN KEY (`fk_user_id`) REFERENCES `user` (`user_id`),
  CONSTRAINT `context_global_user_ibfk_2` FOREIGN KEY (`fk_context_global_id`) REFERENCES `context_global` (`context_global_id`),
  CONSTRAINT `context_global_user_ibfk_3` FOREIGN KEY (`fk_approval_id`) REFERENCES `approval` (`approval_id`),
  CONSTRAINT `context_global_user_ibfk_4` FOREIGN KEY (`fk_status_id`) REFERENCES `status` (`status_id`),
  CONSTRAINT `context_global_user_ibfk_5` FOREIGN KEY (`fk_designation_id`) REFERENCES `designation` (`designation_id`)
) ENGINE=InnoDB DEFAULT CHARSET=latin1;


DROP TABLE IF EXISTS `context_region`;
CREATE TABLE `context_region` (
  `context_region_id` int(100) NOT NULL AUTO_INCREMENT,
  `context_region_track_number` varchar(100) NOT NULL,
  `context_region_name` varchar(100) NOT NULL,
  `context_region_description` longtext NOT NULL,
  `fk_office_id` int(100) NOT NULL,
  `fk_context_global_id` int(100) NOT NULL,
  `fk_context_definition_id` int(100) NOT NULL,
  `context_region_created_date` date NOT NULL,
  `context_region_last_modified_date` timestamp NOT NULL DEFAULT CURRENT_TIMESTAMP,
  `context_region_created_by` int(100) NOT NULL,
  `context_region_last_modified_by` int(100) NOT NULL,
  `fk_approval_id` int(11) NOT NULL,
  `fk_status_id` int(11) NOT NULL,
  PRIMARY KEY (`context_region_id`),
  UNIQUE KEY `fk_office_id` (`fk_office_id`),
  KEY `fk_approval_id` (`fk_approval_id`),
  KEY `fk_status_id` (`fk_status_id`),
  KEY `fk_context_global_id` (`fk_context_global_id`),
  KEY `fk_context_definition_id` (`fk_context_definition_id`),
  CONSTRAINT `context_region_ibfk_1` FOREIGN KEY (`fk_context_global_id`) REFERENCES `context_global` (`context_global_id`),
  CONSTRAINT `context_region_ibfk_2` FOREIGN KEY (`fk_approval_id`) REFERENCES `approval` (`approval_id`),
  CONSTRAINT `context_region_ibfk_3` FOREIGN KEY (`fk_status_id`) REFERENCES `status` (`status_id`),
  CONSTRAINT `context_region_ibfk_4` FOREIGN KEY (`fk_office_id`) REFERENCES `office` (`office_id`),
  CONSTRAINT `context_region_ibfk_5` FOREIGN KEY (`fk_context_global_id`) REFERENCES `context_global` (`context_global_id`),
  CONSTRAINT `context_region_ibfk_6` FOREIGN KEY (`fk_context_definition_id`) REFERENCES `context_definition` (`context_definition_id`)
) ENGINE=InnoDB DEFAULT CHARSET=latin1;

INSERT INTO `context_region` (`context_region_id`, `context_region_track_number`, `context_region_name`, `context_region_description`, `fk_office_id`, `fk_context_global_id`, `fk_context_definition_id`, `context_region_created_date`, `context_region_last_modified_date`, `context_region_created_by`, `context_region_last_modified_by`, `fk_approval_id`, `fk_status_id`) VALUES
(2,	'COON-65080',	'Africa Region Office',	'This is Africa Region',	22,	3,	11,	'2019-12-13',	'2019-12-13 04:10:04',	1,	1,	449,	68);

DROP TABLE IF EXISTS `context_region_user`;
CREATE TABLE `context_region_user` (
  `context_region_user_id` int(100) NOT NULL AUTO_INCREMENT,
  `context_region_user_track_number` varchar(100) NOT NULL,
  `context_region_user_name` varchar(100) NOT NULL,
  `fk_user_id` int(100) NOT NULL,
  `fk_context_region_id` int(100) NOT NULL,
  `fk_designation_id` int(100) NOT NULL,
  `context_region_user_is_active` int(5) NOT NULL DEFAULT '1',
  `context_region_user_created_date` date NOT NULL,
  `context_region_user_last_modified_date` timestamp NOT NULL DEFAULT CURRENT_TIMESTAMP,
  `context_region_user_created_by` int(100) NOT NULL,
  `context_region_user_last_modified_by` int(100) NOT NULL,
  `fk_approval_id` int(11) NOT NULL,
  `fk_status_id` int(100) DEFAULT NULL,
  PRIMARY KEY (`context_region_user_id`),
  KEY `fk_user_id` (`fk_user_id`),
  KEY `fk_group_region_id` (`fk_context_region_id`),
  KEY `fk_approval_id` (`fk_approval_id`),
  KEY `fk_designation_id` (`fk_designation_id`),
  CONSTRAINT `context_region_user_ibfk_1` FOREIGN KEY (`fk_user_id`) REFERENCES `user` (`user_id`),
  CONSTRAINT `context_region_user_ibfk_2` FOREIGN KEY (`fk_context_region_id`) REFERENCES `context_region` (`context_region_id`),
  CONSTRAINT `context_region_user_ibfk_3` FOREIGN KEY (`fk_approval_id`) REFERENCES `approval` (`approval_id`),
  CONSTRAINT `context_region_user_ibfk_5` FOREIGN KEY (`fk_designation_id`) REFERENCES `designation` (`designation_id`)
) ENGINE=InnoDB DEFAULT CHARSET=latin1;


DROP TABLE IF EXISTS `context_user`;
CREATE TABLE `context_user` (
  `context_user_id` int(100) NOT NULL AUTO_INCREMENT,
  `context_user_track_number` varchar(100) NOT NULL,
  `context_user_name` varchar(100) NOT NULL,
  `fk_user_id` int(100) NOT NULL,
  `fk_context_id` int(100) NOT NULL,
  `context_user_created_date` date NOT NULL,
  `context_user_last_modified_date` timestamp NOT NULL DEFAULT CURRENT_TIMESTAMP,
  `context_user_created_by` int(11) NOT NULL,
  `context_user_last_modified_by` int(11) NOT NULL,
  PRIMARY KEY (`context_user_id`),
  KEY `fk_user_id` (`fk_user_id`),
  KEY `fk_context_id` (`fk_context_id`),
  CONSTRAINT `context_user_ibfk_1` FOREIGN KEY (`fk_user_id`) REFERENCES `user` (`user_id`),
  CONSTRAINT `context_user_ibfk_2` FOREIGN KEY (`fk_context_id`) REFERENCES `context` (`context_id`)
) ENGINE=InnoDB DEFAULT CHARSET=latin1;


DROP TABLE IF EXISTS `customizable_table`;
CREATE TABLE `customizable_table` (
  `customizable_table_id` int(11) NOT NULL,
  `customizable_table_name` varchar(100) DEFAULT NULL,
  `created_date` date DEFAULT NULL,
  `last_modified_date` date DEFAULT NULL,
  `deleted_date` date DEFAULT NULL,
  `created_by` int(100) DEFAULT NULL,
  `last_modified_by` int(100) DEFAULT NULL,
  PRIMARY KEY (`customizable_table_id`)
) ENGINE=InnoDB DEFAULT CHARSET=latin1;


DROP TABLE IF EXISTS `custom_field`;
CREATE TABLE `custom_field` (
  `custom_field_id` int(100) NOT NULL,
  `customizable_table_id` int(100) DEFAULT NULL,
  `column_name` varchar(100) DEFAULT NULL,
  `created_date` date DEFAULT NULL,
  `last_modified_date` date DEFAULT NULL,
  `deleted_date` date DEFAULT NULL,
  `created_by` int(100) DEFAULT NULL,
  `last_modified_by` int(100) DEFAULT NULL,
  `custom_field_type_id` int(100) DEFAULT NULL,
  PRIMARY KEY (`custom_field_id`),
  KEY `fk_custom_field_customizable_table1_idx` (`customizable_table_id`),
  KEY `fk_custom_field_custom_field_type1_idx` (`custom_field_type_id`),
  CONSTRAINT `fk_custom_field_custom_field_type1` FOREIGN KEY (`custom_field_type_id`) REFERENCES `custom_field_type` (`custom_field_type_id`) ON DELETE NO ACTION ON UPDATE NO ACTION,
  CONSTRAINT `fk_custom_field_customizable_table1` FOREIGN KEY (`customizable_table_id`) REFERENCES `customizable_table` (`customizable_table_id`) ON DELETE NO ACTION ON UPDATE NO ACTION
) ENGINE=InnoDB DEFAULT CHARSET=latin1;


DROP TABLE IF EXISTS `custom_field_detail`;
CREATE TABLE `custom_field_detail` (
  `custom_field_detail_id` int(100) NOT NULL AUTO_INCREMENT,
  `custom_field_id` int(100) DEFAULT NULL,
  `custom_field_value` varchar(100) DEFAULT NULL,
  `created_date` date DEFAULT NULL,
  `last_modified_date` date DEFAULT NULL,
  `deleted_date` date DEFAULT NULL,
  `created_by` int(100) DEFAULT NULL,
  `last_modified_by` int(100) DEFAULT NULL,
  PRIMARY KEY (`custom_field_detail_id`),
  KEY `fk_custom_field_detail_custom_field1_idx` (`custom_field_id`),
  CONSTRAINT `fk_custom_field_detail_custom_field1` FOREIGN KEY (`custom_field_id`) REFERENCES `custom_field` (`custom_field_id`) ON DELETE NO ACTION ON UPDATE NO ACTION
) ENGINE=InnoDB DEFAULT CHARSET=latin1;


DROP TABLE IF EXISTS `custom_field_type`;
CREATE TABLE `custom_field_type` (
  `custom_field_type_id` int(100) NOT NULL AUTO_INCREMENT,
  `custom_field_type_name` varchar(100) DEFAULT NULL,
  `created_date` date DEFAULT NULL,
  `last_modified_date` date DEFAULT NULL,
  `deleted_date` date DEFAULT NULL,
  `created_by` int(100) DEFAULT NULL,
  `last_modified_by` int(100) DEFAULT NULL,
  PRIMARY KEY (`custom_field_type_id`)
) ENGINE=InnoDB DEFAULT CHARSET=latin1;


DROP TABLE IF EXISTS `custom_field_type_option`;
CREATE TABLE `custom_field_type_option` (
  `custom_field_type_option_id` int(100) NOT NULL AUTO_INCREMENT,
  `custom_field_id` int(100) DEFAULT NULL,
  `custom_field_type_option_name` varchar(100) DEFAULT NULL,
  `created_date` date DEFAULT NULL,
  `last_modified_date` date DEFAULT NULL,
  `deleted_date` date DEFAULT NULL,
  `created_by` int(100) DEFAULT NULL,
  `last_modified_by` int(100) DEFAULT NULL,
  PRIMARY KEY (`custom_field_type_option_id`),
  KEY `fk_custom_field_type_option_custom_field1_idx` (`custom_field_id`),
  CONSTRAINT `fk_custom_field_type_option_custom_field1` FOREIGN KEY (`custom_field_id`) REFERENCES `custom_field` (`custom_field_id`) ON DELETE NO ACTION ON UPDATE NO ACTION
) ENGINE=InnoDB DEFAULT CHARSET=latin1;


DROP TABLE IF EXISTS `dashboard`;
CREATE TABLE `dashboard` (
  `dashboard_id` int(100) NOT NULL AUTO_INCREMENT,
  `dashboard_name` varchar(100) DEFAULT NULL,
  `dashboard_created_date` date DEFAULT NULL,
  `dashboard_created_by` int(100) DEFAULT NULL,
  `dashboard_last_modified_by` int(100) DEFAULT NULL,
  `dashboard_last_modified_date` date DEFAULT NULL,
  `fk_approval_id` int(100) DEFAULT NULL,
  `fk_status_id` int(100) DEFAULT NULL,
  PRIMARY KEY (`dashboard_id`)
) ENGINE=InnoDB DEFAULT CHARSET=latin1;


DROP TABLE IF EXISTS `department`;
CREATE TABLE `department` (
  `department_id` int(100) NOT NULL AUTO_INCREMENT,
  `department_track_number` varchar(100) NOT NULL,
  `department_name` varchar(100) NOT NULL,
  `department_description` longtext NOT NULL,
  `department_is_active` int(5) NOT NULL,
  `department_created_date` date NOT NULL,
  `department_last_modified_date` timestamp NOT NULL DEFAULT CURRENT_TIMESTAMP,
  `department_created_by` int(100) NOT NULL,
  `department_last_modified_by` int(100) NOT NULL,
  `fk_approval_id` int(11) NOT NULL,
  `fk_status_id` int(11) NOT NULL,
  PRIMARY KEY (`department_id`),
  KEY `fk_approval_id` (`fk_approval_id`),
  KEY `fk_status_id` (`fk_status_id`),
  CONSTRAINT `department_ibfk_1` FOREIGN KEY (`fk_approval_id`) REFERENCES `approval` (`approval_id`),
  CONSTRAINT `department_ibfk_2` FOREIGN KEY (`fk_status_id`) REFERENCES `status` (`status_id`)
) ENGINE=InnoDB DEFAULT CHARSET=latin1;

INSERT INTO `department` (`department_id`, `department_track_number`, `department_name`, `department_description`, `department_is_active`, `department_created_date`, `department_last_modified_date`, `department_created_by`, `department_last_modified_by`, `fk_approval_id`, `fk_status_id`) VALUES
(1,	'DENT-63671',	'Health Promotion',	'Health Promotion Department',	1,	'2019-11-21',	'2019-11-21 16:12:57',	1,	1,	262,	73),
(2,	'DENT-57933',	'Training Department',	'Training Department',	1,	'2019-11-21',	'2019-11-21 16:13:17',	1,	1,	263,	73),
(3,	'DENT-46303',	'Finance',	'Finance department',	1,	'2019-12-16',	'2019-12-16 10:40:23',	1,	1,	470,	73);

DROP TABLE IF EXISTS `department_user`;
CREATE TABLE `department_user` (
  `department_user_id` int(100) NOT NULL AUTO_INCREMENT,
  `department_user_track_number` varchar(100) NOT NULL,
  `department_user_name` varchar(100) NOT NULL,
  `fk_user_id` int(100) NOT NULL,
  `fk_department_id` int(100) NOT NULL,
  `department_user_created_date` date NOT NULL,
  `department_user_last_modified_date` timestamp NOT NULL DEFAULT CURRENT_TIMESTAMP,
  `department_user_created_by` int(100) NOT NULL,
  `department_user_last_modified_by` int(100) NOT NULL,
  `fk_approval_id` int(11) NOT NULL,
  `fk_status_id` int(11) NOT NULL,
  PRIMARY KEY (`department_user_id`),
  KEY `fk_user_id` (`fk_user_id`),
  KEY `fk_department_id` (`fk_department_id`),
  KEY `fk_approval_id` (`fk_approval_id`),
  KEY `fk_status_id` (`fk_status_id`),
  CONSTRAINT `department_user_ibfk_1` FOREIGN KEY (`fk_user_id`) REFERENCES `user` (`user_id`),
  CONSTRAINT `department_user_ibfk_2` FOREIGN KEY (`fk_department_id`) REFERENCES `department` (`department_id`),
  CONSTRAINT `department_user_ibfk_3` FOREIGN KEY (`fk_approval_id`) REFERENCES `approval` (`approval_id`),
  CONSTRAINT `department_user_ibfk_4` FOREIGN KEY (`fk_status_id`) REFERENCES `status` (`status_id`)
) ENGINE=InnoDB DEFAULT CHARSET=latin1;

INSERT INTO `department_user` (`department_user_id`, `department_user_track_number`, `department_user_name`, `fk_user_id`, `fk_department_id`, `department_user_created_date`, `department_user_last_modified_date`, `department_user_created_by`, `department_user_last_modified_by`, `fk_approval_id`, `fk_status_id`) VALUES
(1,	'DEER-5510',	'Mapenzi Hellen',	9,	1,	'2019-11-21',	'2019-11-21 17:08:57',	1,	1,	272,	74),
(2,	'DEER-18515',	'Joyce Cherono',	4,	2,	'2019-11-21',	'2019-11-21 19:34:45',	1,	1,	273,	74),
(3,	'DEER-84135',	'Nicodemus Karisa - Training Department',	1,	2,	'2019-12-15',	'2019-12-15 15:10:22',	1,	1,	467,	74),
(4,	'DEER-3294',	'David Mbitsi - Finance Department',	5,	3,	'2019-12-16',	'2019-12-16 10:41:18',	1,	1,	471,	74),
(5,	'DEER-69163',	'David Mbitsi - Training Department',	5,	2,	'2019-12-16',	'2019-12-16 10:59:09',	1,	1,	474,	74),
(6,	'DEER-82742',	'Betty Kanze - Finance',	6,	3,	'2020-01-09',	'2020-01-09 11:39:48',	1,	1,	516,	74),
(7,	'DEER-53133',	'Health Department for Mwambire 2',	2,	1,	'2020-03-06',	'2020-03-06 05:50:13',	1,	1,	671,	74),
(8,	'DEER-40463',	'Wilson Gitonga Training',	19,	2,	'2020-03-06',	'2020-03-06 09:18:01',	1,	1,	680,	74),
(9,	'DEER-13786',	'Ben Finance',	18,	3,	'2020-03-07',	'2020-03-07 10:51:36',	1,	1,	725,	74);

DROP TABLE IF EXISTS `designation`;
CREATE TABLE `designation` (
  `designation_id` int(100) NOT NULL AUTO_INCREMENT,
  `designation_track_number` varchar(100) NOT NULL,
  `designation_name` varchar(100) NOT NULL,
  `fk_context_definition_id` int(100) NOT NULL,
  `designation_created_date` date NOT NULL,
  `designation_last_modified_date` timestamp NOT NULL DEFAULT CURRENT_TIMESTAMP,
  `designation_created_by` int(100) NOT NULL,
  `designation_last_modified_by` int(100) NOT NULL,
  `fk_approval_id` int(11) NOT NULL,
  `fk_status_id` int(11) NOT NULL,
  PRIMARY KEY (`designation_id`),
  KEY `fk_approval_id` (`fk_approval_id`),
  KEY `fk_status_id` (`fk_status_id`),
  KEY `fk_center_group_hierarchy_id` (`fk_context_definition_id`),
  CONSTRAINT `designation_ibfk_1` FOREIGN KEY (`fk_approval_id`) REFERENCES `approval` (`approval_id`),
  CONSTRAINT `designation_ibfk_2` FOREIGN KEY (`fk_status_id`) REFERENCES `status` (`status_id`),
  CONSTRAINT `designation_ibfk_3` FOREIGN KEY (`fk_context_definition_id`) REFERENCES `context_definition` (`context_definition_id`)
) ENGINE=InnoDB DEFAULT CHARSET=latin1;

INSERT INTO `designation` (`designation_id`, `designation_track_number`, `designation_name`, `fk_context_definition_id`, `designation_created_date`, `designation_last_modified_date`, `designation_created_by`, `designation_last_modified_by`, `fk_approval_id`, `fk_status_id`) VALUES
(1,	'DEON-28178',	'Project Director',	13,	'2019-11-21',	'2019-11-21 16:40:33',	1,	1,	266,	76),
(2,	'DEON-61891',	'Health Worker',	13,	'2019-11-21',	'2019-11-21 16:40:44',	1,	1,	267,	76),
(3,	'DEON-85720',	'Project Accountant ',	13,	'2019-11-21',	'2019-11-21 16:40:59',	1,	1,	268,	76),
(4,	'DEON-32456',	'Partnership Facilitator',	8,	'2019-11-21',	'2019-11-21 16:41:23',	1,	1,	269,	76),
(5,	'DEON-63399',	'Manager of Partnership',	9,	'2019-11-21',	'2019-11-21 16:41:40',	1,	1,	270,	76),
(6,	'DEON-8049',	'Health Specialist',	10,	'2019-11-21',	'2019-11-21 16:41:58',	1,	1,	271,	76),
(7,	'DEON-68629',	'Country System Admin',	10,	'2019-12-13',	'2019-12-13 16:14:20',	1,	1,	455,	76),
(8,	'DEON-72784',	'Country Office Accountant',	10,	'2020-03-07',	'2020-03-07 09:35:21',	1,	1,	717,	76);

DROP TABLE IF EXISTS `expense_account`;
CREATE TABLE `expense_account` (
  `expense_account_id` int(100) NOT NULL AUTO_INCREMENT,
  `expense_account_track_number` varchar(100) DEFAULT NULL,
  `expense_account_name` varchar(100) DEFAULT NULL,
  `expense_account_description` varchar(100) DEFAULT NULL,
  `expense_account_code` varchar(10) DEFAULT NULL,
  `expense_account_is_admin` int(5) DEFAULT NULL,
  `expense_account_is_active` int(5) DEFAULT NULL,
  `expense_account_is_budgeted` int(5) DEFAULT NULL,
  `fk_income_account_id` int(100) DEFAULT NULL,
  `fk_approval_id` int(100) DEFAULT NULL,
  `fk_status_id` int(100) DEFAULT NULL,
  `expense_account_created_date` date DEFAULT NULL,
  `expense_account_last_modified_date` date DEFAULT NULL,
  `expense_account_created_by` int(100) DEFAULT NULL,
  `expense_account_last_modified_by` int(100) DEFAULT NULL,
  PRIMARY KEY (`expense_account_id`),
  KEY `fk_expense_account_income_account_idx` (`fk_income_account_id`),
  CONSTRAINT `fk_expense_account_income_account` FOREIGN KEY (`fk_income_account_id`) REFERENCES `income_account` (`income_account_id`) ON DELETE NO ACTION ON UPDATE NO ACTION
) ENGINE=InnoDB DEFAULT CHARSET=latin1 COMMENT='This table holds the expense accounts';

INSERT INTO `expense_account` (`expense_account_id`, `expense_account_track_number`, `expense_account_name`, `expense_account_description`, `expense_account_code`, `expense_account_is_admin`, `expense_account_is_active`, `expense_account_is_budgeted`, `fk_income_account_id`, `fk_approval_id`, `fk_status_id`, `expense_account_created_date`, `expense_account_last_modified_date`, `expense_account_created_by`, `expense_account_last_modified_by`) VALUES
(1,	'EAC-78285',	'Expense Account 1',	'Expense 1',	'E001',	0,	1,	1,	1,	NULL,	NULL,	NULL,	NULL,	NULL,	NULL),
(2,	'EAC-87922',	'Expense Account 2',	'Expense 2',	'E002',	0,	1,	1,	1,	NULL,	NULL,	NULL,	NULL,	NULL,	NULL),
(3,	'EAC-87020',	'Expense Account 3',	'Expense 3',	'E003',	0,	1,	1,	1,	NULL,	NULL,	NULL,	NULL,	NULL,	NULL),
(4,	'EXNT-30031',	'Expense 5',	'Expense 5',	'E004',	0,	1,	1,	2,	404,	64,	'2019-11-27',	NULL,	1,	1),
(5,	'EXNT-77016',	'Salaries',	'Salaries',	'E005',	0,	1,	1,	3,	420,	64,	'2019-11-27',	NULL,	1,	1);

DROP TABLE IF EXISTS `financial_report`;
CREATE TABLE `financial_report` (
  `financial_report_id` int(100) NOT NULL AUTO_INCREMENT,
  `financial_report_track_number` varchar(100) NOT NULL,
  `financial_report_name` varchar(100) NOT NULL,
  `financial_report_month` date NOT NULL,
  `fk_office_id` int(100) NOT NULL,
  `financial_report_created_date` date DEFAULT NULL,
  `financial_report_created_by` int(100) DEFAULT NULL,
  `financial_report_last_modified_by` int(100) DEFAULT NULL,
  `financial_report_last_modified_date` date DEFAULT NULL,
  `fk_approval_id` int(100) DEFAULT NULL,
  `fk_status_id` int(100) DEFAULT NULL,
  PRIMARY KEY (`financial_report_id`)
) ENGINE=InnoDB DEFAULT CHARSET=latin1;

INSERT INTO `financial_report` (`financial_report_id`, `financial_report_track_number`, `financial_report_name`, `financial_report_month`, `fk_office_id`, `financial_report_created_date`, `financial_report_created_by`, `financial_report_last_modified_by`, `financial_report_last_modified_date`, `fk_approval_id`, `fk_status_id`) VALUES
(1,	'FIRT-2326',	'November Financial Report',	'2019-11-30',	9,	'2020-01-08',	1,	1,	NULL,	512,	0);

DROP TABLE IF EXISTS `funder`;
CREATE TABLE `funder` (
  `funder_id` int(100) NOT NULL AUTO_INCREMENT,
  `funder_track_number` varchar(100) DEFAULT NULL,
  `funder_name` varchar(45) DEFAULT NULL,
  `funder_description` varchar(45) DEFAULT NULL,
  `funder_created_date` date DEFAULT NULL,
  `funder_last_modified_date` date DEFAULT NULL,
  `funder_created_by` int(100) DEFAULT NULL,
  `funder_last_modified_by` int(100) DEFAULT NULL,
  `funder_deleted_at` datetime DEFAULT NULL,
  `fk_approval_id` int(100) DEFAULT NULL,
  `fk_status_id` int(100) DEFAULT NULL,
  PRIMARY KEY (`funder_id`)
) ENGINE=InnoDB DEFAULT CHARSET=latin1 COMMENT='This table holds donor (funders) bio-information';

INSERT INTO `funder` (`funder_id`, `funder_track_number`, `funder_name`, `funder_description`, `funder_created_date`, `funder_last_modified_date`, `funder_created_by`, `funder_last_modified_by`, `funder_deleted_at`, `fk_approval_id`, `fk_status_id`) VALUES
(13,	'FUER-41174',	'Funder A',	'Funder A',	'2019-11-27',	NULL,	1,	1,	NULL,	400,	33),
(14,	'FUER-49328',	'Funder B',	'This funder b',	'2019-11-27',	NULL,	1,	1,	NULL,	415,	33);

DROP TABLE IF EXISTS `funding_status`;
CREATE TABLE `funding_status` (
  `funding_status_id` int(100) NOT NULL AUTO_INCREMENT,
  `funding_status_name` varchar(45) DEFAULT NULL,
  `funding_status_is_active` int(5) DEFAULT NULL,
  `funding_status_created_date` date DEFAULT NULL,
  `funding_status_created_by` int(100) DEFAULT NULL,
  `funding_status_last_modified_by` int(100) DEFAULT NULL,
  `funding_status_last_modified_date` date DEFAULT NULL,
  `funding_status_is_available` int(5) NOT NULL DEFAULT '0',
  `fk_approval_id` int(100) DEFAULT NULL,
  `fk_status_id` int(100) DEFAULT NULL,
  PRIMARY KEY (`funding_status_id`)
) ENGINE=InnoDB DEFAULT CHARSET=latin1;

INSERT INTO `funding_status` (`funding_status_id`, `funding_status_name`, `funding_status_is_active`, `funding_status_created_date`, `funding_status_created_by`, `funding_status_last_modified_by`, `funding_status_last_modified_date`, `funding_status_is_available`, `fk_approval_id`, `fk_status_id`) VALUES
(1,	'Fully Funded',	1,	NULL,	NULL,	NULL,	NULL,	1,	NULL,	NULL);

DROP TABLE IF EXISTS `handover`;
CREATE TABLE `handover` (
  `handover_id` int(100) NOT NULL AUTO_INCREMENT,
  `handover_assignor` int(100) NOT NULL,
  `handover_assignee` int(100) NOT NULL,
  `handover_start_date` date NOT NULL,
  `handover_end_date` date NOT NULL,
  `handover_created_by` int(100) NOT NULL,
  `handover_created_date` date NOT NULL,
  `handover_last_modified_by` int(100) NOT NULL,
  `handover_last_modified_date` timestamp NOT NULL DEFAULT CURRENT_TIMESTAMP ON UPDATE CURRENT_TIMESTAMP,
  PRIMARY KEY (`handover_id`)
) ENGINE=InnoDB DEFAULT CHARSET=latin1;


DROP TABLE IF EXISTS `history`;
CREATE TABLE `history` (
  `history_id` int(100) NOT NULL AUTO_INCREMENT,
  `reference_table` varchar(45) DEFAULT NULL,
  `user_id` varchar(45) DEFAULT NULL,
  `table_action` varchar(45) DEFAULT NULL,
  PRIMARY KEY (`history_id`)
) ENGINE=InnoDB DEFAULT CHARSET=latin1;


DROP TABLE IF EXISTS `income_account`;
CREATE TABLE `income_account` (
  `income_account_id` int(11) NOT NULL AUTO_INCREMENT,
  `income_account_track_number` varchar(100) NOT NULL,
  `income_account_name` varchar(100) NOT NULL,
  `income_account_description` varchar(100) DEFAULT NULL,
  `income_account_code` varchar(10) DEFAULT NULL,
  `income_account_is_active` int(5) DEFAULT NULL,
  `income_account_is_budgeted` int(5) DEFAULT NULL,
  `income_account_is_donor_funded` int(5) DEFAULT NULL,
  `fk_account_system_id` int(100) DEFAULT NULL,
  `income_account_created_date` date DEFAULT NULL,
  `income_account_last_modified_date` date DEFAULT NULL,
  `income_account_created_by` int(100) DEFAULT NULL,
  `income_account_last_modified_by` int(100) DEFAULT NULL,
  `fk_approval_id` int(100) DEFAULT NULL,
  `fk_status_id` int(100) DEFAULT NULL,
  PRIMARY KEY (`income_account_id`),
  KEY `fk_account_system_id` (`fk_account_system_id`),
  CONSTRAINT `income_account_ibfk_1` FOREIGN KEY (`fk_account_system_id`) REFERENCES `account_system` (`account_system_id`)
) ENGINE=InnoDB DEFAULT CHARSET=latin1 COMMENT='This table contains the income accounts. ';

INSERT INTO `income_account` (`income_account_id`, `income_account_track_number`, `income_account_name`, `income_account_description`, `income_account_code`, `income_account_is_active`, `income_account_is_budgeted`, `income_account_is_donor_funded`, `fk_account_system_id`, `income_account_created_date`, `income_account_last_modified_date`, `income_account_created_by`, `income_account_last_modified_by`, `fk_approval_id`, `fk_status_id`) VALUES
(1,	'INC-65627',	'Income Account 1',	'Project Cost',	'R100',	1,	1,	1,	1,	NULL,	NULL,	NULL,	NULL,	NULL,	NULL),
(2,	'INNT-62852',	'Income Account 5',	'Income Account 5',	'R200',	1,	1,	1,	1,	'2019-11-27',	NULL,	1,	1,	403,	0),
(3,	'INNT-84810',	'Income 6 - Program ',	'Income 6',	'R300',	1,	1,	1,	2,	'2019-11-27',	NULL,	1,	1,	419,	0);

DROP TABLE IF EXISTS `journal`;
CREATE TABLE `journal` (
  `journal_id` int(11) NOT NULL AUTO_INCREMENT,
  `journal_track_number` varchar(100) NOT NULL,
  `journal_name` varchar(100) NOT NULL,
  `journal_month` date NOT NULL,
  `fk_office_id` int(100) NOT NULL,
  `journal_created_date` date DEFAULT NULL,
  `journal_created_by` int(100) DEFAULT NULL,
  `journal_last_modified_by` int(100) DEFAULT NULL,
  `journal_last_modified_date` timestamp NULL DEFAULT NULL ON UPDATE CURRENT_TIMESTAMP,
  `fk_approval_id` int(100) DEFAULT NULL,
  `fk_status_id` int(100) DEFAULT NULL,
  PRIMARY KEY (`journal_id`)
) ENGINE=InnoDB DEFAULT CHARSET=latin1;

INSERT INTO `journal` (`journal_id`, `journal_track_number`, `journal_name`, `journal_month`, `fk_office_id`, `journal_created_date`, `journal_created_by`, `journal_last_modified_by`, `journal_last_modified_date`, `fk_approval_id`, `fk_status_id`) VALUES
(1,	'JOAL-20975',	'GRC Shingila November Journal',	'2019-11-01',	9,	'2020-01-15',	1,	1,	NULL,	517,	90),
(2,	'JOAL-34582',	'December Financial Rpeort for GRC Shingila',	'2019-12-01',	9,	'2020-01-15',	1,	1,	NULL,	531,	90),
(3,	'VOER-13457',	'Journal # VOER-22155',	'2020-01-01',	9,	'2020-03-07',	1,	1,	NULL,	701,	90),
(4,	'VOER-75852',	'Journal # VOER-17889',	'2020-02-01',	9,	'2020-03-07',	5,	5,	NULL,	733,	90);

DROP TABLE IF EXISTS `language`;
CREATE TABLE `language` (
  `language_id` int(100) NOT NULL AUTO_INCREMENT,
  `language_track_number` varchar(100) NOT NULL,
  `language_name` varchar(100) DEFAULT NULL,
  `language_code` varchar(10) DEFAULT NULL,
  `language_created_date` date DEFAULT NULL,
  `language_last_modified_date` timestamp NOT NULL DEFAULT CURRENT_TIMESTAMP,
  `language_deleted_at` date DEFAULT NULL,
  `language_created_by` int(100) DEFAULT NULL,
  `language_last_modified_by` int(100) DEFAULT NULL,
  `fk_approval_id` int(100) DEFAULT NULL,
  `fk_status_id` int(100) DEFAULT NULL,
  PRIMARY KEY (`language_id`)
) ENGINE=InnoDB DEFAULT CHARSET=latin1;

INSERT INTO `language` (`language_id`, `language_track_number`, `language_name`, `language_code`, `language_created_date`, `language_last_modified_date`, `language_deleted_at`, `language_created_by`, `language_last_modified_by`, `fk_approval_id`, `fk_status_id`) VALUES
(1,	'LNG-97389',	'English',	'en',	NULL,	'2019-11-07 10:39:11',	NULL,	NULL,	NULL,	NULL,	NULL),
(2,	'LAGE-26371',	'Swahili',	'sw',	'2019-11-22',	'2019-11-22 21:18:48',	NULL,	1,	1,	307,	65);

DROP TABLE IF EXISTS `language_phrase`;
CREATE TABLE `language_phrase` (
  `language_phrase_id` int(11) NOT NULL AUTO_INCREMENT,
  `phrase` longtext,
  `created_date` date DEFAULT NULL,
  `last_modified_date` date DEFAULT NULL,
  `deleted_date` date DEFAULT NULL,
  `created_by` int(100) DEFAULT NULL,
  `last_modified_by` int(100) DEFAULT NULL,
  PRIMARY KEY (`language_phrase_id`)
) ENGINE=InnoDB DEFAULT CHARSET=latin1;


DROP TABLE IF EXISTS `menu`;
CREATE TABLE `menu` (
  `menu_id` int(100) NOT NULL AUTO_INCREMENT,
  `menu_name` varchar(100) DEFAULT NULL,
  `menu_derivative_controller` varchar(100) DEFAULT NULL,
  `menu_is_active` int(5) NOT NULL DEFAULT '1',
  `menu_created_date` date DEFAULT NULL,
  `menu_last_modified_date` timestamp NOT NULL DEFAULT CURRENT_TIMESTAMP,
  `menu_created_by` int(100) DEFAULT NULL,
  `menu_last_modified_by` int(100) DEFAULT NULL,
  `fk_approval_id` int(100) DEFAULT NULL,
  `fk_status_id` int(100) DEFAULT NULL,
  PRIMARY KEY (`menu_id`)
) ENGINE=InnoDB DEFAULT CHARSET=latin1;

INSERT INTO `menu` (`menu_id`, `menu_name`, `menu_derivative_controller`, `menu_is_active`, `menu_created_date`, `menu_last_modified_date`, `menu_created_by`, `menu_last_modified_by`, `fk_approval_id`, `fk_status_id`) VALUES
(380,	'Approval',	'Approval',	1,	'2019-11-23',	'2019-11-23 17:30:57',	1,	1,	NULL,	NULL),
(381,	'Bank',	'Bank',	1,	'2019-11-23',	'2019-11-23 17:30:57',	1,	1,	NULL,	NULL),
(382,	'Budget',	'Budget',	1,	'2019-11-23',	'2019-11-23 17:30:57',	1,	1,	NULL,	NULL),
(384,	'Dashboard',	'Dashboard',	1,	'2019-11-23',	'2019-11-23 17:30:57',	1,	1,	NULL,	NULL),
(385,	'Funder',	'Funder',	1,	'2019-11-23',	'2019-11-23 17:30:57',	1,	1,	NULL,	NULL),
(386,	'Journal',	'Journal',	1,	'2019-11-23',	'2019-11-23 17:30:57',	1,	1,	NULL,	NULL),
(390,	'Permission_label',	'Permission_label',	1,	'2019-11-23',	'2019-11-23 17:30:57',	1,	1,	NULL,	NULL),
(391,	'Project_allocation',	'Project_allocation',	1,	'2019-11-23',	'2019-11-23 17:30:57',	1,	1,	NULL,	NULL),
(392,	'Request',	'Request',	1,	'2019-11-23',	'2019-11-23 17:30:57',	1,	1,	NULL,	NULL),
(393,	'Role',	'Role',	1,	'2019-11-23',	'2019-11-23 17:30:57',	1,	1,	NULL,	NULL),
(397,	'Voucher',	'Voucher',	1,	'2019-11-23',	'2019-11-23 17:30:57',	1,	1,	NULL,	NULL),
(398,	'Workplan',	'Workplan',	1,	'2019-11-23',	'2019-11-23 17:30:57',	1,	1,	NULL,	NULL),
(400,	'User',	'User',	1,	'2019-11-23',	'2019-11-23 17:30:57',	1,	1,	NULL,	NULL),
(470,	'Menu_user_order',	'Menu_user_order',	1,	'2019-11-23',	'2019-11-23 17:30:57',	1,	1,	NULL,	NULL),
(478,	'Bank_branch',	'Bank_branch',	1,	'2019-11-23',	'2019-11-23 17:30:57',	1,	1,	NULL,	NULL),
(480,	'Department',	'Department',	1,	'2019-11-23',	'2019-11-23 17:30:57',	1,	1,	NULL,	NULL),
(481,	'Designation',	'Designation',	1,	'2019-11-23',	'2019-11-23 17:30:57',	1,	1,	NULL,	NULL),
(482,	'Expense_account',	'Expense_account',	1,	'2019-11-23',	'2019-11-23 17:30:57',	1,	1,	NULL,	NULL),
(483,	'Funding_status',	'Funding_status',	1,	'2019-11-23',	'2019-11-23 17:30:57',	1,	1,	NULL,	NULL),
(490,	'Project',	'Project',	1,	'2019-11-23',	'2019-11-23 17:30:57',	1,	1,	NULL,	NULL),
(491,	'Reconciliation',	'Reconciliation',	1,	'2019-11-23',	'2019-11-23 17:30:57',	1,	1,	NULL,	NULL),
(492,	'Page_view',	'Page_view',	1,	'2019-11-23',	'2019-11-23 17:30:57',	1,	1,	NULL,	NULL),
(496,	'Request_type',	'Request_type',	1,	'2019-11-23',	'2019-11-23 17:30:57',	1,	1,	NULL,	NULL),
(497,	'Language',	'Language',	1,	NULL,	'2019-11-26 20:45:56',	NULL,	NULL,	NULL,	NULL),
(498,	'Setting',	'Setting',	1,	NULL,	'2019-11-26 22:05:45',	NULL,	NULL,	NULL,	NULL),
(500,	'Income_account',	'Income_account',	1,	NULL,	'2019-11-27 13:24:36',	NULL,	NULL,	NULL,	NULL),
(521,	'Office',	'Office',	1,	NULL,	'2019-12-08 12:10:43',	NULL,	NULL,	NULL,	NULL),
(522,	'Office_bank',	'Office_bank',	1,	NULL,	'2019-12-08 12:10:43',	NULL,	NULL,	NULL,	NULL),
(523,	'Context_definition',	'Context_definition',	1,	NULL,	'2019-12-08 12:20:29',	NULL,	NULL,	NULL,	NULL),
(525,	'Cheque_book',	'Cheque_book',	1,	NULL,	'2020-01-06 10:11:55',	NULL,	NULL,	NULL,	NULL),
(526,	'Financial_report',	'Financial_report',	1,	NULL,	'2020-01-08 09:43:05',	NULL,	NULL,	NULL,	NULL),
(527,	'Voucher_type_account',	'Voucher_type_account',	1,	NULL,	'2020-01-15 15:13:14',	NULL,	NULL,	NULL,	NULL),
(528,	'Voucher_type_effect',	'Voucher_type_effect',	1,	NULL,	'2020-01-15 15:13:14',	NULL,	NULL,	NULL,	NULL),
(529,	'Voucher_type',	'Voucher_type',	1,	NULL,	'2020-01-15 15:17:27',	NULL,	NULL,	NULL,	NULL),
(531,	'Bank_contra_account',	'Bank_contra_account',	1,	NULL,	'2020-01-16 20:31:19',	NULL,	NULL,	NULL,	NULL),
(532,	'Cash_contra_account',	'Cash_contra_account',	1,	NULL,	'2020-01-16 20:31:19',	NULL,	NULL,	NULL,	NULL),
(533,	'Opening_cash_balance',	'Opening_cash_balance',	1,	NULL,	'2020-01-16 21:37:28',	NULL,	NULL,	NULL,	NULL),
(535,	'Month',	'Month',	1,	NULL,	'2020-01-18 13:08:11',	NULL,	NULL,	NULL,	NULL),
(536,	'Context_center',	'Context_center',	1,	NULL,	'2020-02-25 09:40:58',	NULL,	NULL,	NULL,	NULL),
(537,	'Context_cluster',	'Context_cluster',	1,	NULL,	'2020-02-25 09:40:58',	NULL,	NULL,	NULL,	NULL),
(538,	'Context_cohort',	'Context_cohort',	1,	NULL,	'2020-02-25 09:40:58',	NULL,	NULL,	NULL,	NULL),
(539,	'Context_country',	'Context_country',	1,	NULL,	'2020-02-25 09:40:58',	NULL,	NULL,	NULL,	NULL),
(540,	'Context_global',	'Context_global',	1,	NULL,	'2020-02-25 09:40:58',	NULL,	NULL,	NULL,	NULL),
(541,	'Context_region',	'Context_region',	1,	NULL,	'2020-02-25 09:40:58',	NULL,	NULL,	NULL,	NULL),
(542,	'Account_system',	'Account_system',	1,	NULL,	'2020-02-29 19:03:06',	NULL,	NULL,	NULL,	NULL),
(545,	'Request_conversion',	'Request_conversion',	1,	NULL,	'2020-03-02 06:43:20',	NULL,	NULL,	NULL,	NULL),
(547,	'Budget_item',	'Budget_item',	1,	NULL,	'2020-03-07 10:35:07',	NULL,	NULL,	NULL,	NULL),
(548,	'Status',	'Status',	1,	NULL,	'2020-03-08 17:59:40',	NULL,	NULL,	NULL,	NULL),
(549,	'Workflow',	'Workflow',	1,	NULL,	'2020-03-08 17:59:40',	NULL,	NULL,	NULL,	NULL),
(550,	'Approve_item',	'Approve_item',	1,	NULL,	'2020-03-08 18:11:59',	NULL,	NULL,	NULL,	NULL),
(551,	'Status_role',	'Status_role',	1,	NULL,	'2020-03-08 20:38:58',	NULL,	NULL,	NULL,	NULL);

DROP TABLE IF EXISTS `menu_user_order`;
CREATE TABLE `menu_user_order` (
  `menu_user_order_id` int(100) NOT NULL AUTO_INCREMENT,
  `fk_user_id` int(100) NOT NULL,
  `fk_menu_id` int(100) DEFAULT NULL,
  `menu_user_order_is_active` int(5) NOT NULL DEFAULT '1',
  `menu_user_order_level` int(100) NOT NULL DEFAULT '1',
  `menu_user_order_priority_item` int(5) NOT NULL DEFAULT '1',
  `menu_user_order_created_date` date DEFAULT NULL,
  `menu_user_order_last_modified_date` timestamp NOT NULL DEFAULT CURRENT_TIMESTAMP,
  `menu_user_order_created_by` int(100) DEFAULT NULL,
  `menu_user_order_last_modified_by` int(100) DEFAULT NULL,
  `fk_approval_id` int(100) DEFAULT NULL,
  `fk_status_id` int(100) DEFAULT NULL,
  PRIMARY KEY (`menu_user_order_id`),
  KEY `fk_menu_id` (`fk_menu_id`),
  CONSTRAINT `menu_user_order_ibfk_1` FOREIGN KEY (`fk_menu_id`) REFERENCES `menu` (`menu_id`) ON DELETE CASCADE
) ENGINE=InnoDB DEFAULT CHARSET=latin1;

INSERT INTO `menu_user_order` (`menu_user_order_id`, `fk_user_id`, `fk_menu_id`, `menu_user_order_is_active`, `menu_user_order_level`, `menu_user_order_priority_item`, `menu_user_order_created_date`, `menu_user_order_last_modified_date`, `menu_user_order_created_by`, `menu_user_order_last_modified_by`, `fk_approval_id`, `fk_status_id`) VALUES
(622,	1,	380,	1,	5,	1,	NULL,	'2019-11-07 16:39:04',	NULL,	NULL,	NULL,	NULL),
(623,	1,	381,	1,	2,	1,	NULL,	'2019-11-07 16:39:04',	NULL,	NULL,	NULL,	NULL),
(624,	1,	382,	1,	3,	1,	NULL,	'2019-11-07 16:39:04',	NULL,	NULL,	NULL,	NULL),
(626,	1,	384,	1,	1,	1,	NULL,	'2019-11-07 16:39:04',	NULL,	NULL,	NULL,	NULL),
(627,	1,	385,	1,	6,	1,	NULL,	'2019-11-07 16:39:04',	NULL,	NULL,	NULL,	NULL),
(628,	1,	386,	1,	7,	1,	NULL,	'2019-11-07 16:39:04',	NULL,	NULL,	NULL,	NULL),
(632,	1,	390,	1,	11,	1,	NULL,	'2019-11-07 16:39:04',	NULL,	NULL,	NULL,	NULL),
(633,	1,	391,	1,	12,	0,	NULL,	'2019-11-07 16:39:04',	NULL,	NULL,	NULL,	NULL),
(634,	1,	392,	1,	13,	1,	NULL,	'2019-11-07 16:39:04',	NULL,	NULL,	NULL,	NULL),
(635,	1,	393,	1,	14,	0,	NULL,	'2019-11-07 16:39:04',	NULL,	NULL,	NULL,	NULL),
(639,	1,	397,	1,	18,	0,	NULL,	'2019-11-07 16:39:04',	NULL,	NULL,	NULL,	NULL),
(640,	1,	398,	1,	19,	0,	NULL,	'2019-11-07 16:39:04',	NULL,	NULL,	NULL,	NULL),
(642,	1,	400,	1,	21,	0,	NULL,	'2019-11-07 16:39:04',	NULL,	NULL,	NULL,	NULL),
(645,	4,	380,	1,	1,	1,	NULL,	'2019-11-08 09:22:08',	NULL,	NULL,	NULL,	NULL),
(646,	4,	381,	1,	2,	1,	NULL,	'2019-11-08 09:22:08',	NULL,	NULL,	NULL,	NULL),
(647,	4,	382,	1,	3,	1,	NULL,	'2019-11-08 09:22:08',	NULL,	NULL,	NULL,	NULL),
(649,	4,	384,	1,	5,	1,	NULL,	'2019-11-08 09:22:08',	NULL,	NULL,	NULL,	NULL),
(650,	4,	385,	1,	6,	1,	NULL,	'2019-11-08 09:22:08',	NULL,	NULL,	NULL,	NULL),
(651,	4,	386,	1,	7,	1,	NULL,	'2019-11-08 09:22:08',	NULL,	NULL,	NULL,	NULL),
(655,	4,	390,	1,	11,	1,	NULL,	'2019-11-08 09:22:08',	NULL,	NULL,	NULL,	NULL),
(656,	4,	391,	1,	12,	0,	NULL,	'2019-11-08 09:22:08',	NULL,	NULL,	NULL,	NULL),
(657,	4,	392,	1,	13,	0,	NULL,	'2019-11-08 09:22:08',	NULL,	NULL,	NULL,	NULL),
(658,	4,	393,	1,	14,	0,	NULL,	'2019-11-08 09:22:08',	NULL,	NULL,	NULL,	NULL),
(662,	4,	397,	1,	18,	0,	NULL,	'2019-11-08 09:22:08',	NULL,	NULL,	NULL,	NULL),
(663,	4,	398,	1,	19,	0,	NULL,	'2019-11-08 09:22:08',	NULL,	NULL,	NULL,	NULL),
(665,	4,	400,	1,	21,	0,	NULL,	'2019-11-08 09:22:08',	NULL,	NULL,	NULL,	NULL),
(668,	2,	380,	1,	1,	1,	NULL,	'2019-11-08 10:08:10',	NULL,	NULL,	NULL,	NULL),
(669,	2,	381,	1,	2,	1,	NULL,	'2019-11-08 10:08:10',	NULL,	NULL,	NULL,	NULL),
(670,	2,	382,	1,	3,	1,	NULL,	'2019-11-08 10:08:10',	NULL,	NULL,	NULL,	NULL),
(672,	2,	384,	1,	5,	1,	NULL,	'2019-11-08 10:08:10',	NULL,	NULL,	NULL,	NULL),
(673,	2,	385,	1,	6,	1,	NULL,	'2019-11-08 10:08:10',	NULL,	NULL,	NULL,	NULL),
(674,	2,	386,	1,	7,	1,	NULL,	'2019-11-08 10:08:10',	NULL,	NULL,	NULL,	NULL),
(678,	2,	390,	1,	11,	1,	NULL,	'2019-11-08 10:08:10',	NULL,	NULL,	NULL,	NULL),
(679,	2,	391,	1,	12,	0,	NULL,	'2019-11-08 10:08:10',	NULL,	NULL,	NULL,	NULL),
(680,	2,	392,	1,	13,	0,	NULL,	'2019-11-08 10:08:10',	NULL,	NULL,	NULL,	NULL),
(681,	2,	393,	1,	14,	0,	NULL,	'2019-11-08 10:08:11',	NULL,	NULL,	NULL,	NULL),
(685,	2,	397,	1,	18,	0,	NULL,	'2019-11-08 10:08:11',	NULL,	NULL,	NULL,	NULL),
(686,	2,	398,	1,	19,	0,	NULL,	'2019-11-08 10:08:11',	NULL,	NULL,	NULL,	NULL),
(688,	2,	400,	1,	21,	0,	NULL,	'2019-11-08 10:08:11',	NULL,	NULL,	NULL,	NULL),
(691,	5,	380,	1,	1,	1,	NULL,	'2019-11-08 12:40:36',	NULL,	NULL,	NULL,	NULL),
(692,	5,	381,	1,	2,	1,	NULL,	'2019-11-08 12:40:36',	NULL,	NULL,	NULL,	NULL),
(693,	5,	382,	1,	3,	1,	NULL,	'2019-11-08 12:40:36',	NULL,	NULL,	NULL,	NULL),
(695,	5,	384,	1,	5,	1,	NULL,	'2019-11-08 12:40:36',	NULL,	NULL,	NULL,	NULL),
(696,	5,	385,	1,	6,	1,	NULL,	'2019-11-08 12:40:36',	NULL,	NULL,	NULL,	NULL),
(697,	5,	386,	1,	7,	1,	NULL,	'2019-11-08 12:40:36',	NULL,	NULL,	NULL,	NULL),
(701,	5,	390,	1,	11,	1,	NULL,	'2019-11-08 12:40:36',	NULL,	NULL,	NULL,	NULL),
(702,	5,	391,	1,	12,	0,	NULL,	'2019-11-08 12:40:36',	NULL,	NULL,	NULL,	NULL),
(703,	5,	392,	1,	13,	0,	NULL,	'2019-11-08 12:40:36',	NULL,	NULL,	NULL,	NULL),
(704,	5,	393,	1,	14,	0,	NULL,	'2019-11-08 12:40:36',	NULL,	NULL,	NULL,	NULL),
(708,	5,	397,	1,	18,	0,	NULL,	'2019-11-08 12:40:36',	NULL,	NULL,	NULL,	NULL),
(709,	5,	398,	1,	19,	0,	NULL,	'2019-11-08 12:40:36',	NULL,	NULL,	NULL,	NULL),
(711,	5,	400,	1,	21,	0,	NULL,	'2019-11-08 12:40:36',	NULL,	NULL,	NULL,	NULL),
(776,	12,	380,	1,	1,	1,	NULL,	'2019-11-20 16:44:02',	NULL,	NULL,	NULL,	NULL),
(777,	12,	381,	1,	2,	1,	NULL,	'2019-11-20 16:44:02',	NULL,	NULL,	NULL,	NULL),
(778,	12,	382,	1,	3,	1,	NULL,	'2019-11-20 16:44:02',	NULL,	NULL,	NULL,	NULL),
(780,	12,	384,	1,	5,	1,	NULL,	'2019-11-20 16:44:02',	NULL,	NULL,	NULL,	NULL),
(781,	12,	385,	1,	6,	1,	NULL,	'2019-11-20 16:44:02',	NULL,	NULL,	NULL,	NULL),
(782,	12,	386,	1,	7,	1,	NULL,	'2019-11-20 16:44:02',	NULL,	NULL,	NULL,	NULL),
(785,	12,	390,	1,	10,	1,	NULL,	'2019-11-20 16:44:02',	NULL,	NULL,	NULL,	NULL),
(786,	12,	391,	1,	11,	1,	NULL,	'2019-11-20 16:44:02',	NULL,	NULL,	NULL,	NULL),
(787,	12,	392,	1,	12,	0,	NULL,	'2019-11-20 16:44:02',	NULL,	NULL,	NULL,	NULL),
(788,	12,	393,	1,	13,	0,	NULL,	'2019-11-20 16:44:02',	NULL,	NULL,	NULL,	NULL),
(789,	12,	397,	1,	14,	0,	NULL,	'2019-11-20 16:44:02',	NULL,	NULL,	NULL,	NULL),
(790,	12,	398,	1,	15,	0,	NULL,	'2019-11-20 16:44:02',	NULL,	NULL,	NULL,	NULL),
(791,	12,	400,	1,	16,	0,	NULL,	'2019-11-20 16:44:02',	NULL,	NULL,	NULL,	NULL),
(849,	9,	380,	1,	1,	1,	NULL,	'2019-11-21 17:50:01',	NULL,	NULL,	NULL,	NULL),
(850,	9,	381,	1,	2,	1,	NULL,	'2019-11-21 17:50:01',	NULL,	NULL,	NULL,	NULL),
(851,	9,	382,	1,	3,	1,	NULL,	'2019-11-21 17:50:01',	NULL,	NULL,	NULL,	NULL),
(853,	9,	384,	1,	5,	1,	NULL,	'2019-11-21 17:50:01',	NULL,	NULL,	NULL,	NULL),
(854,	9,	385,	1,	6,	1,	NULL,	'2019-11-21 17:50:01',	NULL,	NULL,	NULL,	NULL),
(855,	9,	386,	1,	7,	1,	NULL,	'2019-11-21 17:50:01',	NULL,	NULL,	NULL,	NULL),
(856,	9,	390,	1,	8,	1,	NULL,	'2019-11-21 17:50:01',	NULL,	NULL,	NULL,	NULL),
(857,	9,	391,	1,	9,	1,	NULL,	'2019-11-21 17:50:01',	NULL,	NULL,	NULL,	NULL),
(858,	9,	392,	1,	10,	1,	NULL,	'2019-11-21 17:50:01',	NULL,	NULL,	NULL,	NULL),
(859,	9,	393,	1,	11,	1,	NULL,	'2019-11-21 17:50:01',	NULL,	NULL,	NULL,	NULL),
(860,	9,	397,	1,	12,	0,	NULL,	'2019-11-21 17:50:01',	NULL,	NULL,	NULL,	NULL),
(861,	9,	398,	1,	13,	0,	NULL,	'2019-11-21 17:50:01',	NULL,	NULL,	NULL,	NULL),
(862,	9,	400,	1,	14,	0,	NULL,	'2019-11-21 17:50:01',	NULL,	NULL,	NULL,	NULL),
(902,	1,	470,	1,	67,	0,	NULL,	'2019-11-21 19:39:33',	NULL,	NULL,	NULL,	NULL),
(903,	5,	470,	1,	67,	0,	NULL,	'2019-11-21 19:51:55',	NULL,	NULL,	NULL,	NULL),
(904,	4,	470,	1,	67,	0,	NULL,	'2019-11-21 22:28:49',	NULL,	NULL,	NULL,	NULL),
(905,	6,	380,	1,	1,	1,	NULL,	'2019-11-22 07:24:48',	NULL,	NULL,	NULL,	NULL),
(906,	6,	381,	1,	2,	1,	NULL,	'2019-11-22 07:24:48',	NULL,	NULL,	NULL,	NULL),
(907,	6,	382,	1,	3,	1,	NULL,	'2019-11-22 07:24:48',	NULL,	NULL,	NULL,	NULL),
(909,	6,	384,	1,	5,	1,	NULL,	'2019-11-22 07:24:48',	NULL,	NULL,	NULL,	NULL),
(910,	6,	385,	1,	6,	1,	NULL,	'2019-11-22 07:24:48',	NULL,	NULL,	NULL,	NULL),
(911,	6,	386,	1,	7,	1,	NULL,	'2019-11-22 07:24:48',	NULL,	NULL,	NULL,	NULL),
(912,	6,	390,	1,	8,	1,	NULL,	'2019-11-22 07:24:48',	NULL,	NULL,	NULL,	NULL),
(913,	6,	391,	1,	9,	1,	NULL,	'2019-11-22 07:24:48',	NULL,	NULL,	NULL,	NULL),
(914,	6,	392,	1,	10,	1,	NULL,	'2019-11-22 07:24:48',	NULL,	NULL,	NULL,	NULL),
(915,	6,	393,	1,	11,	1,	NULL,	'2019-11-22 07:24:48',	NULL,	NULL,	NULL,	NULL),
(916,	6,	397,	1,	12,	0,	NULL,	'2019-11-22 07:24:48',	NULL,	NULL,	NULL,	NULL),
(917,	6,	398,	1,	13,	0,	NULL,	'2019-11-22 07:24:48',	NULL,	NULL,	NULL,	NULL),
(918,	6,	400,	1,	14,	0,	NULL,	'2019-11-22 07:24:48',	NULL,	NULL,	NULL,	NULL),
(938,	6,	470,	1,	34,	0,	NULL,	'2019-11-22 07:24:48',	NULL,	NULL,	NULL,	NULL),
(939,	8,	380,	1,	1,	1,	NULL,	'2019-11-22 07:25:42',	NULL,	NULL,	NULL,	NULL),
(940,	8,	381,	1,	2,	1,	NULL,	'2019-11-22 07:25:42',	NULL,	NULL,	NULL,	NULL),
(941,	8,	382,	1,	3,	1,	NULL,	'2019-11-22 07:25:42',	NULL,	NULL,	NULL,	NULL),
(943,	8,	384,	1,	5,	1,	NULL,	'2019-11-22 07:25:42',	NULL,	NULL,	NULL,	NULL),
(944,	8,	385,	1,	6,	1,	NULL,	'2019-11-22 07:25:42',	NULL,	NULL,	NULL,	NULL),
(945,	8,	386,	1,	7,	1,	NULL,	'2019-11-22 07:25:42',	NULL,	NULL,	NULL,	NULL),
(946,	8,	390,	1,	8,	1,	NULL,	'2019-11-22 07:25:42',	NULL,	NULL,	NULL,	NULL),
(947,	8,	391,	1,	9,	1,	NULL,	'2019-11-22 07:25:42',	NULL,	NULL,	NULL,	NULL),
(948,	8,	392,	1,	10,	1,	NULL,	'2019-11-22 07:25:42',	NULL,	NULL,	NULL,	NULL),
(949,	8,	393,	1,	11,	1,	NULL,	'2019-11-22 07:25:42',	NULL,	NULL,	NULL,	NULL),
(950,	8,	397,	1,	12,	0,	NULL,	'2019-11-22 07:25:42',	NULL,	NULL,	NULL,	NULL),
(951,	8,	398,	1,	13,	0,	NULL,	'2019-11-22 07:25:42',	NULL,	NULL,	NULL,	NULL),
(952,	8,	400,	1,	14,	0,	NULL,	'2019-11-22 07:25:42',	NULL,	NULL,	NULL,	NULL),
(972,	8,	470,	1,	34,	0,	NULL,	'2019-11-22 07:25:42',	NULL,	NULL,	NULL,	NULL),
(980,	1,	478,	1,	39,	0,	NULL,	'2019-11-22 11:03:23',	NULL,	NULL,	NULL,	NULL),
(982,	1,	480,	1,	41,	0,	NULL,	'2019-11-22 11:03:23',	NULL,	NULL,	NULL,	NULL),
(983,	1,	481,	1,	42,	0,	NULL,	'2019-11-22 11:03:23',	NULL,	NULL,	NULL,	NULL),
(984,	1,	482,	1,	43,	0,	NULL,	'2019-11-22 11:03:23',	NULL,	NULL,	NULL,	NULL),
(985,	1,	483,	1,	44,	0,	NULL,	'2019-11-22 11:03:23',	NULL,	NULL,	NULL,	NULL),
(992,	1,	490,	1,	51,	0,	NULL,	'2019-11-22 11:03:23',	NULL,	NULL,	NULL,	NULL),
(993,	1,	491,	1,	52,	0,	NULL,	'2019-11-22 11:03:23',	NULL,	NULL,	NULL,	NULL),
(995,	5,	478,	1,	38,	0,	NULL,	'2019-11-22 11:05:22',	NULL,	NULL,	NULL,	NULL),
(997,	5,	480,	1,	40,	0,	NULL,	'2019-11-22 11:05:22',	NULL,	NULL,	NULL,	NULL),
(998,	5,	481,	1,	41,	0,	NULL,	'2019-11-22 11:05:22',	NULL,	NULL,	NULL,	NULL),
(999,	5,	482,	1,	42,	0,	NULL,	'2019-11-22 11:05:22',	NULL,	NULL,	NULL,	NULL),
(1000,	5,	483,	1,	43,	0,	NULL,	'2019-11-22 11:05:22',	NULL,	NULL,	NULL,	NULL),
(1007,	5,	490,	1,	50,	0,	NULL,	'2019-11-22 11:05:22',	NULL,	NULL,	NULL,	NULL),
(1008,	5,	491,	1,	51,	0,	NULL,	'2019-11-22 11:05:22',	NULL,	NULL,	NULL,	NULL),
(1009,	1,	492,	1,	63,	0,	NULL,	'2019-11-23 08:19:43',	NULL,	NULL,	NULL,	NULL),
(1011,	5,	492,	1,	63,	0,	NULL,	'2019-11-23 10:58:06',	NULL,	NULL,	NULL,	NULL),
(1015,	1,	496,	1,	67,	0,	NULL,	'2019-11-23 14:31:44',	NULL,	NULL,	NULL,	NULL),
(1016,	5,	496,	1,	65,	0,	NULL,	'2019-11-23 16:23:17',	NULL,	NULL,	NULL,	NULL),
(1017,	4,	478,	1,	37,	0,	NULL,	'2019-11-23 16:35:38',	NULL,	NULL,	NULL,	NULL),
(1019,	4,	480,	1,	39,	0,	NULL,	'2019-11-23 16:35:38',	NULL,	NULL,	NULL,	NULL),
(1020,	4,	481,	1,	40,	0,	NULL,	'2019-11-23 16:35:38',	NULL,	NULL,	NULL,	NULL),
(1021,	4,	482,	1,	41,	0,	NULL,	'2019-11-23 16:35:38',	NULL,	NULL,	NULL,	NULL),
(1022,	4,	483,	1,	42,	0,	NULL,	'2019-11-23 16:35:38',	NULL,	NULL,	NULL,	NULL),
(1028,	4,	490,	1,	48,	0,	NULL,	'2019-11-23 16:35:38',	NULL,	NULL,	NULL,	NULL),
(1029,	4,	491,	1,	49,	0,	NULL,	'2019-11-23 16:35:38',	NULL,	NULL,	NULL,	NULL),
(1030,	4,	492,	1,	50,	0,	NULL,	'2019-11-23 16:35:38',	NULL,	NULL,	NULL,	NULL),
(1031,	4,	496,	1,	51,	0,	NULL,	'2019-11-23 16:35:38',	NULL,	NULL,	NULL,	NULL),
(1032,	7,	380,	1,	1,	1,	NULL,	'2019-11-25 03:12:39',	NULL,	NULL,	NULL,	NULL),
(1033,	7,	381,	1,	2,	1,	NULL,	'2019-11-25 03:12:39',	NULL,	NULL,	NULL,	NULL),
(1034,	7,	382,	1,	3,	1,	NULL,	'2019-11-25 03:12:39',	NULL,	NULL,	NULL,	NULL),
(1036,	7,	384,	1,	5,	1,	NULL,	'2019-11-25 03:12:39',	NULL,	NULL,	NULL,	NULL),
(1037,	7,	385,	1,	6,	1,	NULL,	'2019-11-25 03:12:39',	NULL,	NULL,	NULL,	NULL),
(1038,	7,	386,	1,	7,	1,	NULL,	'2019-11-25 03:12:39',	NULL,	NULL,	NULL,	NULL),
(1039,	7,	390,	1,	8,	1,	NULL,	'2019-11-25 03:12:39',	NULL,	NULL,	NULL,	NULL),
(1040,	7,	391,	1,	9,	1,	NULL,	'2019-11-25 03:12:39',	NULL,	NULL,	NULL,	NULL),
(1041,	7,	392,	1,	10,	1,	NULL,	'2019-11-25 03:12:39',	NULL,	NULL,	NULL,	NULL),
(1042,	7,	393,	1,	11,	1,	NULL,	'2019-11-25 03:12:39',	NULL,	NULL,	NULL,	NULL),
(1043,	7,	397,	1,	12,	0,	NULL,	'2019-11-25 03:12:39',	NULL,	NULL,	NULL,	NULL),
(1044,	7,	398,	1,	13,	0,	NULL,	'2019-11-25 03:12:39',	NULL,	NULL,	NULL,	NULL),
(1045,	7,	400,	1,	14,	0,	NULL,	'2019-11-25 03:12:39',	NULL,	NULL,	NULL,	NULL),
(1049,	7,	470,	1,	18,	0,	NULL,	'2019-11-25 03:12:39',	NULL,	NULL,	NULL,	NULL),
(1050,	7,	478,	1,	19,	0,	NULL,	'2019-11-25 03:12:39',	NULL,	NULL,	NULL,	NULL),
(1052,	7,	480,	1,	21,	0,	NULL,	'2019-11-25 03:12:39',	NULL,	NULL,	NULL,	NULL),
(1053,	7,	481,	1,	22,	0,	NULL,	'2019-11-25 03:12:39',	NULL,	NULL,	NULL,	NULL),
(1054,	7,	482,	1,	23,	0,	NULL,	'2019-11-25 03:12:39',	NULL,	NULL,	NULL,	NULL),
(1055,	7,	483,	1,	24,	0,	NULL,	'2019-11-25 03:12:39',	NULL,	NULL,	NULL,	NULL),
(1061,	7,	490,	1,	30,	0,	NULL,	'2019-11-25 03:12:39',	NULL,	NULL,	NULL,	NULL),
(1062,	7,	491,	1,	31,	0,	NULL,	'2019-11-25 03:12:39',	NULL,	NULL,	NULL,	NULL),
(1063,	7,	492,	1,	32,	0,	NULL,	'2019-11-25 03:12:39',	NULL,	NULL,	NULL,	NULL),
(1064,	7,	496,	1,	33,	0,	NULL,	'2019-11-25 03:12:39',	NULL,	NULL,	NULL,	NULL),
(1065,	13,	380,	1,	1,	1,	NULL,	'2019-11-25 07:28:51',	NULL,	NULL,	NULL,	NULL),
(1066,	13,	381,	1,	2,	1,	NULL,	'2019-11-25 07:28:51',	NULL,	NULL,	NULL,	NULL),
(1067,	13,	382,	1,	3,	1,	NULL,	'2019-11-25 07:28:51',	NULL,	NULL,	NULL,	NULL),
(1069,	13,	384,	1,	5,	1,	NULL,	'2019-11-25 07:28:51',	NULL,	NULL,	NULL,	NULL),
(1070,	13,	385,	1,	6,	1,	NULL,	'2019-11-25 07:28:51',	NULL,	NULL,	NULL,	NULL),
(1071,	13,	386,	1,	7,	1,	NULL,	'2019-11-25 07:28:51',	NULL,	NULL,	NULL,	NULL),
(1072,	13,	390,	1,	8,	1,	NULL,	'2019-11-25 07:28:51',	NULL,	NULL,	NULL,	NULL),
(1073,	13,	391,	1,	9,	1,	NULL,	'2019-11-25 07:28:51',	NULL,	NULL,	NULL,	NULL),
(1074,	13,	392,	1,	10,	1,	NULL,	'2019-11-25 07:28:51',	NULL,	NULL,	NULL,	NULL),
(1075,	13,	393,	1,	11,	1,	NULL,	'2019-11-25 07:28:51',	NULL,	NULL,	NULL,	NULL),
(1076,	13,	397,	1,	12,	0,	NULL,	'2019-11-25 07:28:51',	NULL,	NULL,	NULL,	NULL),
(1077,	13,	398,	1,	13,	0,	NULL,	'2019-11-25 07:28:51',	NULL,	NULL,	NULL,	NULL),
(1078,	13,	400,	1,	14,	0,	NULL,	'2019-11-25 07:28:51',	NULL,	NULL,	NULL,	NULL),
(1082,	13,	470,	1,	18,	0,	NULL,	'2019-11-25 07:28:51',	NULL,	NULL,	NULL,	NULL),
(1083,	13,	478,	1,	19,	0,	NULL,	'2019-11-25 07:28:51',	NULL,	NULL,	NULL,	NULL),
(1085,	13,	480,	1,	21,	0,	NULL,	'2019-11-25 07:28:51',	NULL,	NULL,	NULL,	NULL),
(1086,	13,	481,	1,	22,	0,	NULL,	'2019-11-25 07:28:51',	NULL,	NULL,	NULL,	NULL),
(1087,	13,	482,	1,	23,	0,	NULL,	'2019-11-25 07:28:51',	NULL,	NULL,	NULL,	NULL),
(1088,	13,	483,	1,	24,	0,	NULL,	'2019-11-25 07:28:51',	NULL,	NULL,	NULL,	NULL),
(1094,	13,	490,	1,	30,	0,	NULL,	'2019-11-25 07:28:51',	NULL,	NULL,	NULL,	NULL),
(1095,	13,	491,	1,	31,	0,	NULL,	'2019-11-25 07:28:51',	NULL,	NULL,	NULL,	NULL),
(1096,	13,	492,	1,	32,	0,	NULL,	'2019-11-25 07:28:51',	NULL,	NULL,	NULL,	NULL),
(1097,	13,	496,	1,	33,	0,	NULL,	'2019-11-25 07:28:51',	NULL,	NULL,	NULL,	NULL),
(1098,	14,	380,	1,	1,	1,	NULL,	'2019-11-25 14:09:06',	NULL,	NULL,	NULL,	NULL),
(1099,	14,	381,	1,	2,	1,	NULL,	'2019-11-25 14:09:06',	NULL,	NULL,	NULL,	NULL),
(1100,	14,	382,	1,	3,	1,	NULL,	'2019-11-25 14:09:06',	NULL,	NULL,	NULL,	NULL),
(1102,	14,	384,	1,	5,	1,	NULL,	'2019-11-25 14:09:06',	NULL,	NULL,	NULL,	NULL),
(1103,	14,	385,	1,	6,	1,	NULL,	'2019-11-25 14:09:06',	NULL,	NULL,	NULL,	NULL),
(1104,	14,	386,	1,	7,	1,	NULL,	'2019-11-25 14:09:06',	NULL,	NULL,	NULL,	NULL),
(1105,	14,	390,	1,	8,	1,	NULL,	'2019-11-25 14:09:06',	NULL,	NULL,	NULL,	NULL),
(1106,	14,	391,	1,	9,	1,	NULL,	'2019-11-25 14:09:06',	NULL,	NULL,	NULL,	NULL),
(1107,	14,	392,	1,	10,	1,	NULL,	'2019-11-25 14:09:06',	NULL,	NULL,	NULL,	NULL),
(1108,	14,	393,	1,	11,	1,	NULL,	'2019-11-25 14:09:06',	NULL,	NULL,	NULL,	NULL),
(1109,	14,	397,	1,	12,	0,	NULL,	'2019-11-25 14:09:06',	NULL,	NULL,	NULL,	NULL),
(1110,	14,	398,	1,	13,	0,	NULL,	'2019-11-25 14:09:06',	NULL,	NULL,	NULL,	NULL),
(1111,	14,	400,	1,	14,	0,	NULL,	'2019-11-25 14:09:06',	NULL,	NULL,	NULL,	NULL),
(1115,	14,	470,	1,	18,	0,	NULL,	'2019-11-25 14:09:06',	NULL,	NULL,	NULL,	NULL),
(1116,	14,	478,	1,	19,	0,	NULL,	'2019-11-25 14:09:06',	NULL,	NULL,	NULL,	NULL),
(1118,	14,	480,	1,	21,	0,	NULL,	'2019-11-25 14:09:06',	NULL,	NULL,	NULL,	NULL),
(1119,	14,	481,	1,	22,	0,	NULL,	'2019-11-25 14:09:06',	NULL,	NULL,	NULL,	NULL),
(1120,	14,	482,	1,	23,	0,	NULL,	'2019-11-25 14:09:06',	NULL,	NULL,	NULL,	NULL),
(1121,	14,	483,	1,	24,	0,	NULL,	'2019-11-25 14:09:06',	NULL,	NULL,	NULL,	NULL),
(1127,	14,	490,	1,	30,	0,	NULL,	'2019-11-25 14:09:06',	NULL,	NULL,	NULL,	NULL),
(1128,	14,	491,	1,	31,	0,	NULL,	'2019-11-25 14:09:06',	NULL,	NULL,	NULL,	NULL),
(1129,	14,	492,	1,	32,	0,	NULL,	'2019-11-25 14:09:06',	NULL,	NULL,	NULL,	NULL),
(1130,	14,	496,	1,	33,	0,	NULL,	'2019-11-25 14:09:06',	NULL,	NULL,	NULL,	NULL),
(1131,	15,	380,	1,	1,	1,	NULL,	'2019-11-26 13:04:26',	NULL,	NULL,	NULL,	NULL),
(1132,	15,	381,	1,	2,	1,	NULL,	'2019-11-26 13:04:26',	NULL,	NULL,	NULL,	NULL),
(1133,	15,	382,	1,	3,	1,	NULL,	'2019-11-26 13:04:26',	NULL,	NULL,	NULL,	NULL),
(1135,	15,	384,	1,	5,	1,	NULL,	'2019-11-26 13:04:26',	NULL,	NULL,	NULL,	NULL),
(1136,	15,	385,	1,	6,	1,	NULL,	'2019-11-26 13:04:26',	NULL,	NULL,	NULL,	NULL),
(1137,	15,	386,	1,	7,	1,	NULL,	'2019-11-26 13:04:26',	NULL,	NULL,	NULL,	NULL),
(1138,	15,	390,	1,	8,	1,	NULL,	'2019-11-26 13:04:26',	NULL,	NULL,	NULL,	NULL),
(1139,	15,	391,	1,	9,	1,	NULL,	'2019-11-26 13:04:26',	NULL,	NULL,	NULL,	NULL),
(1140,	15,	392,	1,	10,	1,	NULL,	'2019-11-26 13:04:26',	NULL,	NULL,	NULL,	NULL),
(1141,	15,	393,	1,	11,	1,	NULL,	'2019-11-26 13:04:26',	NULL,	NULL,	NULL,	NULL),
(1142,	15,	397,	1,	12,	0,	NULL,	'2019-11-26 13:04:26',	NULL,	NULL,	NULL,	NULL),
(1143,	15,	398,	1,	13,	0,	NULL,	'2019-11-26 13:04:26',	NULL,	NULL,	NULL,	NULL),
(1144,	15,	400,	1,	14,	0,	NULL,	'2019-11-26 13:04:26',	NULL,	NULL,	NULL,	NULL),
(1148,	15,	470,	1,	18,	0,	NULL,	'2019-11-26 13:04:26',	NULL,	NULL,	NULL,	NULL),
(1149,	15,	478,	1,	19,	0,	NULL,	'2019-11-26 13:04:26',	NULL,	NULL,	NULL,	NULL),
(1151,	15,	480,	1,	21,	0,	NULL,	'2019-11-26 13:04:26',	NULL,	NULL,	NULL,	NULL),
(1152,	15,	481,	1,	22,	0,	NULL,	'2019-11-26 13:04:26',	NULL,	NULL,	NULL,	NULL),
(1153,	15,	482,	1,	23,	0,	NULL,	'2019-11-26 13:04:26',	NULL,	NULL,	NULL,	NULL),
(1154,	15,	483,	1,	24,	0,	NULL,	'2019-11-26 13:04:26',	NULL,	NULL,	NULL,	NULL),
(1160,	15,	490,	1,	30,	0,	NULL,	'2019-11-26 13:04:26',	NULL,	NULL,	NULL,	NULL),
(1161,	15,	491,	1,	31,	0,	NULL,	'2019-11-26 13:04:26',	NULL,	NULL,	NULL,	NULL),
(1162,	15,	492,	1,	32,	0,	NULL,	'2019-11-26 13:04:26',	NULL,	NULL,	NULL,	NULL),
(1163,	15,	496,	1,	33,	0,	NULL,	'2019-11-26 13:04:26',	NULL,	NULL,	NULL,	NULL),
(1164,	16,	380,	1,	1,	1,	NULL,	'2019-11-26 14:12:58',	NULL,	NULL,	NULL,	NULL),
(1165,	16,	381,	1,	2,	1,	NULL,	'2019-11-26 14:12:58',	NULL,	NULL,	NULL,	NULL),
(1166,	16,	382,	1,	3,	1,	NULL,	'2019-11-26 14:12:58',	NULL,	NULL,	NULL,	NULL),
(1168,	16,	384,	1,	5,	1,	NULL,	'2019-11-26 14:12:58',	NULL,	NULL,	NULL,	NULL),
(1169,	16,	385,	1,	6,	1,	NULL,	'2019-11-26 14:12:58',	NULL,	NULL,	NULL,	NULL),
(1170,	16,	386,	1,	7,	1,	NULL,	'2019-11-26 14:12:58',	NULL,	NULL,	NULL,	NULL),
(1171,	16,	390,	1,	8,	1,	NULL,	'2019-11-26 14:12:58',	NULL,	NULL,	NULL,	NULL),
(1172,	16,	391,	1,	9,	1,	NULL,	'2019-11-26 14:12:58',	NULL,	NULL,	NULL,	NULL),
(1173,	16,	392,	1,	10,	1,	NULL,	'2019-11-26 14:12:58',	NULL,	NULL,	NULL,	NULL),
(1174,	16,	393,	1,	11,	1,	NULL,	'2019-11-26 14:12:58',	NULL,	NULL,	NULL,	NULL),
(1175,	16,	397,	1,	12,	0,	NULL,	'2019-11-26 14:12:58',	NULL,	NULL,	NULL,	NULL),
(1176,	16,	398,	1,	13,	0,	NULL,	'2019-11-26 14:12:58',	NULL,	NULL,	NULL,	NULL),
(1177,	16,	400,	1,	14,	0,	NULL,	'2019-11-26 14:12:58',	NULL,	NULL,	NULL,	NULL),
(1181,	16,	470,	1,	18,	0,	NULL,	'2019-11-26 14:12:58',	NULL,	NULL,	NULL,	NULL),
(1182,	16,	478,	1,	19,	0,	NULL,	'2019-11-26 14:12:58',	NULL,	NULL,	NULL,	NULL),
(1184,	16,	480,	1,	21,	0,	NULL,	'2019-11-26 14:12:58',	NULL,	NULL,	NULL,	NULL),
(1185,	16,	481,	1,	22,	0,	NULL,	'2019-11-26 14:12:58',	NULL,	NULL,	NULL,	NULL),
(1186,	16,	482,	1,	23,	0,	NULL,	'2019-11-26 14:12:58',	NULL,	NULL,	NULL,	NULL),
(1187,	16,	483,	1,	24,	0,	NULL,	'2019-11-26 14:12:58',	NULL,	NULL,	NULL,	NULL),
(1193,	16,	490,	1,	30,	0,	NULL,	'2019-11-26 14:12:58',	NULL,	NULL,	NULL,	NULL),
(1194,	16,	491,	1,	31,	0,	NULL,	'2019-11-26 14:12:58',	NULL,	NULL,	NULL,	NULL),
(1195,	16,	492,	1,	32,	0,	NULL,	'2019-11-26 14:12:58',	NULL,	NULL,	NULL,	NULL),
(1196,	16,	496,	1,	33,	0,	NULL,	'2019-11-26 14:12:58',	NULL,	NULL,	NULL,	NULL),
(1197,	1,	497,	1,	67,	0,	NULL,	'2019-11-26 20:45:56',	NULL,	NULL,	NULL,	NULL),
(1198,	1,	498,	1,	69,	0,	NULL,	'2019-11-26 22:05:45',	NULL,	NULL,	NULL,	NULL),
(1199,	5,	497,	1,	67,	0,	NULL,	'2019-11-27 10:49:06',	NULL,	NULL,	NULL,	NULL),
(1200,	5,	498,	1,	68,	0,	NULL,	'2019-11-27 10:49:06',	NULL,	NULL,	NULL,	NULL),
(1202,	5,	500,	1,	71,	0,	NULL,	'2019-11-27 13:24:36',	NULL,	NULL,	NULL,	NULL),
(1203,	1,	500,	1,	71,	0,	NULL,	'2019-11-27 13:27:03',	NULL,	NULL,	NULL,	NULL),
(1204,	17,	380,	1,	1,	1,	NULL,	'2019-11-27 13:39:02',	NULL,	NULL,	NULL,	NULL),
(1205,	17,	381,	1,	2,	1,	NULL,	'2019-11-27 13:39:02',	NULL,	NULL,	NULL,	NULL),
(1206,	17,	382,	1,	3,	1,	NULL,	'2019-11-27 13:39:02',	NULL,	NULL,	NULL,	NULL),
(1208,	17,	384,	1,	5,	1,	NULL,	'2019-11-27 13:39:02',	NULL,	NULL,	NULL,	NULL),
(1209,	17,	385,	1,	6,	1,	NULL,	'2019-11-27 13:39:02',	NULL,	NULL,	NULL,	NULL),
(1210,	17,	386,	1,	7,	1,	NULL,	'2019-11-27 13:39:02',	NULL,	NULL,	NULL,	NULL),
(1211,	17,	390,	1,	8,	1,	NULL,	'2019-11-27 13:39:02',	NULL,	NULL,	NULL,	NULL),
(1212,	17,	391,	1,	9,	1,	NULL,	'2019-11-27 13:39:02',	NULL,	NULL,	NULL,	NULL),
(1213,	17,	392,	1,	10,	1,	NULL,	'2019-11-27 13:39:02',	NULL,	NULL,	NULL,	NULL),
(1214,	17,	393,	1,	11,	1,	NULL,	'2019-11-27 13:39:02',	NULL,	NULL,	NULL,	NULL),
(1215,	17,	397,	1,	12,	0,	NULL,	'2019-11-27 13:39:02',	NULL,	NULL,	NULL,	NULL),
(1216,	17,	398,	1,	13,	0,	NULL,	'2019-11-27 13:39:02',	NULL,	NULL,	NULL,	NULL),
(1217,	17,	400,	1,	14,	0,	NULL,	'2019-11-27 13:39:02',	NULL,	NULL,	NULL,	NULL),
(1221,	17,	470,	1,	18,	0,	NULL,	'2019-11-27 13:39:02',	NULL,	NULL,	NULL,	NULL),
(1222,	17,	478,	1,	19,	0,	NULL,	'2019-11-27 13:39:02',	NULL,	NULL,	NULL,	NULL),
(1224,	17,	480,	1,	21,	0,	NULL,	'2019-11-27 13:39:02',	NULL,	NULL,	NULL,	NULL),
(1225,	17,	481,	1,	22,	0,	NULL,	'2019-11-27 13:39:02',	NULL,	NULL,	NULL,	NULL),
(1226,	17,	482,	1,	23,	0,	NULL,	'2019-11-27 13:39:02',	NULL,	NULL,	NULL,	NULL),
(1227,	17,	483,	1,	24,	0,	NULL,	'2019-11-27 13:39:02',	NULL,	NULL,	NULL,	NULL),
(1233,	17,	490,	1,	30,	0,	NULL,	'2019-11-27 13:39:02',	NULL,	NULL,	NULL,	NULL),
(1234,	17,	491,	1,	31,	0,	NULL,	'2019-11-27 13:39:02',	NULL,	NULL,	NULL,	NULL),
(1235,	17,	492,	1,	32,	0,	NULL,	'2019-11-27 13:39:02',	NULL,	NULL,	NULL,	NULL),
(1236,	17,	496,	1,	33,	0,	NULL,	'2019-11-27 13:39:02',	NULL,	NULL,	NULL,	NULL),
(1237,	17,	497,	1,	34,	0,	NULL,	'2019-11-27 13:39:02',	NULL,	NULL,	NULL,	NULL),
(1238,	17,	498,	1,	35,	0,	NULL,	'2019-11-27 13:39:02',	NULL,	NULL,	NULL,	NULL),
(1239,	17,	500,	1,	36,	0,	NULL,	'2019-11-27 13:39:02',	NULL,	NULL,	NULL,	NULL),
(1240,	18,	380,	1,	1,	1,	NULL,	'2019-11-28 11:15:26',	NULL,	NULL,	NULL,	NULL),
(1241,	18,	381,	1,	2,	1,	NULL,	'2019-11-28 11:15:26',	NULL,	NULL,	NULL,	NULL),
(1242,	18,	382,	1,	3,	1,	NULL,	'2019-11-28 11:15:26',	NULL,	NULL,	NULL,	NULL),
(1244,	18,	384,	1,	5,	1,	NULL,	'2019-11-28 11:15:26',	NULL,	NULL,	NULL,	NULL),
(1245,	18,	385,	1,	6,	1,	NULL,	'2019-11-28 11:15:26',	NULL,	NULL,	NULL,	NULL),
(1246,	18,	386,	1,	7,	1,	NULL,	'2019-11-28 11:15:26',	NULL,	NULL,	NULL,	NULL),
(1247,	18,	390,	1,	8,	1,	NULL,	'2019-11-28 11:15:26',	NULL,	NULL,	NULL,	NULL),
(1248,	18,	391,	1,	9,	1,	NULL,	'2019-11-28 11:15:26',	NULL,	NULL,	NULL,	NULL),
(1249,	18,	392,	1,	10,	1,	NULL,	'2019-11-28 11:15:26',	NULL,	NULL,	NULL,	NULL),
(1250,	18,	393,	1,	11,	1,	NULL,	'2019-11-28 11:15:26',	NULL,	NULL,	NULL,	NULL),
(1251,	18,	397,	1,	12,	0,	NULL,	'2019-11-28 11:15:26',	NULL,	NULL,	NULL,	NULL),
(1252,	18,	398,	1,	13,	0,	NULL,	'2019-11-28 11:15:26',	NULL,	NULL,	NULL,	NULL),
(1253,	18,	400,	1,	14,	0,	NULL,	'2019-11-28 11:15:26',	NULL,	NULL,	NULL,	NULL),
(1257,	18,	470,	1,	18,	0,	NULL,	'2019-11-28 11:15:26',	NULL,	NULL,	NULL,	NULL),
(1258,	18,	478,	1,	19,	0,	NULL,	'2019-11-28 11:15:26',	NULL,	NULL,	NULL,	NULL),
(1260,	18,	480,	1,	21,	0,	NULL,	'2019-11-28 11:15:26',	NULL,	NULL,	NULL,	NULL),
(1261,	18,	481,	1,	22,	0,	NULL,	'2019-11-28 11:15:26',	NULL,	NULL,	NULL,	NULL),
(1262,	18,	482,	1,	23,	0,	NULL,	'2019-11-28 11:15:26',	NULL,	NULL,	NULL,	NULL),
(1263,	18,	483,	1,	24,	0,	NULL,	'2019-11-28 11:15:26',	NULL,	NULL,	NULL,	NULL),
(1269,	18,	490,	1,	30,	0,	NULL,	'2019-11-28 11:15:26',	NULL,	NULL,	NULL,	NULL),
(1270,	18,	491,	1,	31,	0,	NULL,	'2019-11-28 11:15:26',	NULL,	NULL,	NULL,	NULL),
(1271,	18,	492,	1,	32,	0,	NULL,	'2019-11-28 11:15:26',	NULL,	NULL,	NULL,	NULL),
(1272,	18,	496,	1,	33,	0,	NULL,	'2019-11-28 11:15:26',	NULL,	NULL,	NULL,	NULL),
(1273,	18,	497,	1,	34,	0,	NULL,	'2019-11-28 11:15:26',	NULL,	NULL,	NULL,	NULL),
(1274,	18,	498,	1,	35,	0,	NULL,	'2019-11-28 11:15:26',	NULL,	NULL,	NULL,	NULL),
(1275,	18,	500,	1,	36,	0,	NULL,	'2019-11-28 11:15:26',	NULL,	NULL,	NULL,	NULL),
(1297,	1,	521,	1,	90,	0,	NULL,	'2019-12-08 12:10:43',	NULL,	NULL,	NULL,	NULL),
(1298,	1,	522,	1,	91,	0,	NULL,	'2019-12-08 12:10:43',	NULL,	NULL,	NULL,	NULL),
(1299,	1,	523,	1,	75,	0,	NULL,	'2019-12-08 12:20:30',	NULL,	NULL,	NULL,	NULL),
(1301,	5,	521,	1,	57,	0,	NULL,	'2019-12-15 13:30:01',	NULL,	NULL,	NULL,	NULL),
(1302,	5,	522,	1,	58,	0,	NULL,	'2019-12-15 13:30:01',	NULL,	NULL,	NULL,	NULL),
(1303,	5,	523,	1,	59,	0,	NULL,	'2019-12-15 13:30:01',	NULL,	NULL,	NULL,	NULL),
(1305,	1,	525,	1,	63,	0,	NULL,	'2020-01-06 10:11:55',	NULL,	NULL,	NULL,	NULL),
(1306,	1,	526,	1,	65,	0,	NULL,	'2020-01-08 09:43:05',	NULL,	NULL,	NULL,	NULL),
(1307,	5,	525,	1,	63,	0,	NULL,	'2020-01-09 11:32:01',	NULL,	NULL,	NULL,	NULL),
(1308,	5,	526,	1,	64,	0,	NULL,	'2020-01-09 11:32:01',	NULL,	NULL,	NULL,	NULL),
(1309,	6,	478,	1,	33,	0,	NULL,	'2020-01-09 11:34:53',	NULL,	NULL,	NULL,	NULL),
(1310,	6,	480,	1,	34,	0,	NULL,	'2020-01-09 11:34:53',	NULL,	NULL,	NULL,	NULL),
(1311,	6,	481,	1,	35,	0,	NULL,	'2020-01-09 11:34:53',	NULL,	NULL,	NULL,	NULL),
(1312,	6,	482,	1,	36,	0,	NULL,	'2020-01-09 11:34:53',	NULL,	NULL,	NULL,	NULL),
(1313,	6,	483,	1,	37,	0,	NULL,	'2020-01-09 11:34:53',	NULL,	NULL,	NULL,	NULL),
(1314,	6,	490,	1,	38,	0,	NULL,	'2020-01-09 11:34:53',	NULL,	NULL,	NULL,	NULL),
(1315,	6,	491,	1,	39,	0,	NULL,	'2020-01-09 11:34:53',	NULL,	NULL,	NULL,	NULL),
(1316,	6,	492,	1,	40,	0,	NULL,	'2020-01-09 11:34:53',	NULL,	NULL,	NULL,	NULL),
(1317,	6,	496,	1,	41,	0,	NULL,	'2020-01-09 11:34:53',	NULL,	NULL,	NULL,	NULL),
(1318,	6,	497,	1,	42,	0,	NULL,	'2020-01-09 11:34:53',	NULL,	NULL,	NULL,	NULL),
(1319,	6,	498,	1,	43,	0,	NULL,	'2020-01-09 11:34:53',	NULL,	NULL,	NULL,	NULL),
(1320,	6,	500,	1,	44,	0,	NULL,	'2020-01-09 11:34:53',	NULL,	NULL,	NULL,	NULL),
(1321,	6,	521,	1,	45,	0,	NULL,	'2020-01-09 11:34:53',	NULL,	NULL,	NULL,	NULL),
(1322,	6,	522,	1,	46,	0,	NULL,	'2020-01-09 11:34:53',	NULL,	NULL,	NULL,	NULL),
(1323,	6,	523,	1,	47,	0,	NULL,	'2020-01-09 11:34:53',	NULL,	NULL,	NULL,	NULL),
(1324,	6,	525,	1,	48,	0,	NULL,	'2020-01-09 11:34:53',	NULL,	NULL,	NULL,	NULL),
(1325,	6,	526,	1,	49,	0,	NULL,	'2020-01-09 11:34:53',	NULL,	NULL,	NULL,	NULL),
(1326,	1,	527,	1,	67,	0,	NULL,	'2020-01-15 15:13:14',	NULL,	NULL,	NULL,	NULL),
(1327,	1,	528,	1,	68,	0,	NULL,	'2020-01-15 15:13:14',	NULL,	NULL,	NULL,	NULL),
(1328,	1,	529,	1,	71,	0,	NULL,	'2020-01-15 15:17:27',	NULL,	NULL,	NULL,	NULL),
(1330,	1,	531,	1,	73,	0,	NULL,	'2020-01-16 20:31:19',	NULL,	NULL,	NULL,	NULL),
(1331,	1,	532,	1,	74,	0,	NULL,	'2020-01-16 20:31:19',	NULL,	NULL,	NULL,	NULL),
(1332,	1,	533,	1,	77,	0,	NULL,	'2020-01-16 21:37:28',	NULL,	NULL,	NULL,	NULL),
(1334,	1,	535,	1,	79,	0,	NULL,	'2020-01-18 13:08:11',	NULL,	NULL,	NULL,	NULL),
(1335,	5,	527,	1,	67,	0,	NULL,	'2020-01-28 18:23:38',	NULL,	NULL,	NULL,	NULL),
(1336,	5,	528,	1,	68,	0,	NULL,	'2020-01-28 18:23:38',	NULL,	NULL,	NULL,	NULL),
(1337,	5,	529,	1,	69,	0,	NULL,	'2020-01-28 18:23:38',	NULL,	NULL,	NULL,	NULL),
(1338,	5,	531,	1,	70,	0,	NULL,	'2020-01-28 18:23:38',	NULL,	NULL,	NULL,	NULL),
(1339,	5,	532,	1,	71,	0,	NULL,	'2020-01-28 18:23:38',	NULL,	NULL,	NULL,	NULL),
(1340,	5,	533,	1,	72,	0,	NULL,	'2020-01-28 18:23:38',	NULL,	NULL,	NULL,	NULL),
(1341,	5,	535,	1,	73,	0,	NULL,	'2020-01-28 18:23:38',	NULL,	NULL,	NULL,	NULL),
(1342,	1,	536,	1,	81,	0,	NULL,	'2020-02-25 09:40:58',	NULL,	NULL,	NULL,	NULL),
(1343,	1,	537,	1,	82,	0,	NULL,	'2020-02-25 09:40:58',	NULL,	NULL,	NULL,	NULL),
(1344,	1,	538,	1,	83,	0,	NULL,	'2020-02-25 09:40:58',	NULL,	NULL,	NULL,	NULL),
(1345,	1,	539,	1,	84,	0,	NULL,	'2020-02-25 09:40:58',	NULL,	NULL,	NULL,	NULL),
(1346,	1,	540,	1,	85,	0,	NULL,	'2020-02-25 09:40:58',	NULL,	NULL,	NULL,	NULL),
(1347,	1,	541,	1,	86,	0,	NULL,	'2020-02-25 09:40:58',	NULL,	NULL,	NULL,	NULL),
(1348,	1,	542,	1,	93,	0,	NULL,	'2020-02-29 19:03:06',	NULL,	NULL,	NULL,	NULL),
(1349,	5,	536,	1,	81,	0,	NULL,	'2020-03-01 14:22:23',	NULL,	NULL,	NULL,	NULL),
(1350,	5,	537,	1,	82,	0,	NULL,	'2020-03-01 14:22:23',	NULL,	NULL,	NULL,	NULL),
(1351,	5,	538,	1,	83,	0,	NULL,	'2020-03-01 14:22:23',	NULL,	NULL,	NULL,	NULL),
(1352,	5,	539,	1,	84,	0,	NULL,	'2020-03-01 14:22:23',	NULL,	NULL,	NULL,	NULL),
(1353,	5,	540,	1,	85,	0,	NULL,	'2020-03-01 14:22:23',	NULL,	NULL,	NULL,	NULL),
(1354,	5,	541,	1,	86,	0,	NULL,	'2020-03-01 14:22:23',	NULL,	NULL,	NULL,	NULL),
(1355,	5,	542,	1,	87,	0,	NULL,	'2020-03-01 14:22:23',	NULL,	NULL,	NULL,	NULL),
(1358,	1,	545,	1,	97,	0,	NULL,	'2020-03-02 06:43:20',	NULL,	NULL,	NULL,	NULL),
(1359,	5,	545,	1,	95,	0,	NULL,	'2020-03-03 07:20:30',	NULL,	NULL,	NULL,	NULL),
(1360,	2,	470,	1,	29,	0,	NULL,	'2020-03-06 05:37:25',	NULL,	NULL,	NULL,	NULL),
(1361,	2,	478,	1,	30,	0,	NULL,	'2020-03-06 05:37:25',	NULL,	NULL,	NULL,	NULL),
(1362,	2,	480,	1,	31,	0,	NULL,	'2020-03-06 05:37:25',	NULL,	NULL,	NULL,	NULL),
(1363,	2,	481,	1,	32,	0,	NULL,	'2020-03-06 05:37:25',	NULL,	NULL,	NULL,	NULL),
(1364,	2,	482,	1,	33,	0,	NULL,	'2020-03-06 05:37:25',	NULL,	NULL,	NULL,	NULL),
(1365,	2,	483,	1,	34,	0,	NULL,	'2020-03-06 05:37:25',	NULL,	NULL,	NULL,	NULL),
(1366,	2,	490,	1,	35,	0,	NULL,	'2020-03-06 05:37:25',	NULL,	NULL,	NULL,	NULL),
(1367,	2,	491,	1,	36,	0,	NULL,	'2020-03-06 05:37:25',	NULL,	NULL,	NULL,	NULL),
(1368,	2,	492,	1,	37,	0,	NULL,	'2020-03-06 05:37:25',	NULL,	NULL,	NULL,	NULL),
(1369,	2,	496,	1,	38,	0,	NULL,	'2020-03-06 05:37:25',	NULL,	NULL,	NULL,	NULL),
(1370,	2,	497,	1,	39,	0,	NULL,	'2020-03-06 05:37:25',	NULL,	NULL,	NULL,	NULL),
(1371,	2,	498,	1,	40,	0,	NULL,	'2020-03-06 05:37:25',	NULL,	NULL,	NULL,	NULL),
(1372,	2,	500,	1,	41,	0,	NULL,	'2020-03-06 05:37:25',	NULL,	NULL,	NULL,	NULL),
(1373,	2,	521,	1,	42,	0,	NULL,	'2020-03-06 05:37:25',	NULL,	NULL,	NULL,	NULL),
(1374,	2,	522,	1,	43,	0,	NULL,	'2020-03-06 05:37:25',	NULL,	NULL,	NULL,	NULL),
(1375,	2,	523,	1,	44,	0,	NULL,	'2020-03-06 05:37:25',	NULL,	NULL,	NULL,	NULL),
(1376,	2,	525,	1,	45,	0,	NULL,	'2020-03-06 05:37:25',	NULL,	NULL,	NULL,	NULL),
(1377,	2,	526,	1,	46,	0,	NULL,	'2020-03-06 05:37:25',	NULL,	NULL,	NULL,	NULL),
(1378,	2,	527,	1,	47,	0,	NULL,	'2020-03-06 05:37:25',	NULL,	NULL,	NULL,	NULL),
(1379,	2,	528,	1,	48,	0,	NULL,	'2020-03-06 05:37:25',	NULL,	NULL,	NULL,	NULL),
(1380,	2,	529,	1,	49,	0,	NULL,	'2020-03-06 05:37:25',	NULL,	NULL,	NULL,	NULL),
(1381,	2,	531,	1,	50,	0,	NULL,	'2020-03-06 05:37:25',	NULL,	NULL,	NULL,	NULL),
(1382,	2,	532,	1,	51,	0,	NULL,	'2020-03-06 05:37:25',	NULL,	NULL,	NULL,	NULL),
(1383,	2,	533,	1,	52,	0,	NULL,	'2020-03-06 05:37:25',	NULL,	NULL,	NULL,	NULL),
(1384,	2,	535,	1,	53,	0,	NULL,	'2020-03-06 05:37:25',	NULL,	NULL,	NULL,	NULL),
(1385,	2,	536,	1,	54,	0,	NULL,	'2020-03-06 05:37:25',	NULL,	NULL,	NULL,	NULL),
(1386,	2,	537,	1,	55,	0,	NULL,	'2020-03-06 05:37:25',	NULL,	NULL,	NULL,	NULL),
(1387,	2,	538,	1,	56,	0,	NULL,	'2020-03-06 05:37:25',	NULL,	NULL,	NULL,	NULL),
(1388,	2,	539,	1,	57,	0,	NULL,	'2020-03-06 05:37:25',	NULL,	NULL,	NULL,	NULL),
(1389,	2,	540,	1,	58,	0,	NULL,	'2020-03-06 05:37:25',	NULL,	NULL,	NULL,	NULL),
(1390,	2,	541,	1,	59,	0,	NULL,	'2020-03-06 05:37:25',	NULL,	NULL,	NULL,	NULL),
(1391,	2,	542,	1,	60,	0,	NULL,	'2020-03-06 05:37:25',	NULL,	NULL,	NULL,	NULL),
(1392,	2,	545,	1,	61,	0,	NULL,	'2020-03-06 05:37:25',	NULL,	NULL,	NULL,	NULL),
(1393,	19,	380,	1,	1,	1,	NULL,	'2020-03-06 09:07:20',	NULL,	NULL,	NULL,	NULL),
(1394,	19,	381,	1,	2,	1,	NULL,	'2020-03-06 09:07:20',	NULL,	NULL,	NULL,	NULL),
(1395,	19,	382,	1,	3,	1,	NULL,	'2020-03-06 09:07:20',	NULL,	NULL,	NULL,	NULL),
(1396,	19,	384,	1,	4,	1,	NULL,	'2020-03-06 09:07:20',	NULL,	NULL,	NULL,	NULL),
(1397,	19,	385,	1,	5,	1,	NULL,	'2020-03-06 09:07:20',	NULL,	NULL,	NULL,	NULL),
(1398,	19,	386,	1,	6,	1,	NULL,	'2020-03-06 09:07:20',	NULL,	NULL,	NULL,	NULL),
(1399,	19,	390,	1,	7,	1,	NULL,	'2020-03-06 09:07:20',	NULL,	NULL,	NULL,	NULL),
(1400,	19,	391,	1,	8,	1,	NULL,	'2020-03-06 09:07:20',	NULL,	NULL,	NULL,	NULL),
(1401,	19,	392,	1,	9,	1,	NULL,	'2020-03-06 09:07:20',	NULL,	NULL,	NULL,	NULL),
(1402,	19,	393,	1,	10,	1,	NULL,	'2020-03-06 09:07:20',	NULL,	NULL,	NULL,	NULL),
(1403,	19,	397,	1,	11,	1,	NULL,	'2020-03-06 09:07:20',	NULL,	NULL,	NULL,	NULL),
(1404,	19,	398,	1,	12,	0,	NULL,	'2020-03-06 09:07:20',	NULL,	NULL,	NULL,	NULL),
(1405,	19,	400,	1,	13,	0,	NULL,	'2020-03-06 09:07:20',	NULL,	NULL,	NULL,	NULL),
(1407,	19,	470,	1,	15,	0,	NULL,	'2020-03-06 09:07:20',	NULL,	NULL,	NULL,	NULL),
(1408,	19,	478,	1,	16,	0,	NULL,	'2020-03-06 09:07:20',	NULL,	NULL,	NULL,	NULL),
(1409,	19,	480,	1,	17,	0,	NULL,	'2020-03-06 09:07:20',	NULL,	NULL,	NULL,	NULL),
(1410,	19,	481,	1,	18,	0,	NULL,	'2020-03-06 09:07:20',	NULL,	NULL,	NULL,	NULL),
(1411,	19,	482,	1,	19,	0,	NULL,	'2020-03-06 09:07:20',	NULL,	NULL,	NULL,	NULL),
(1412,	19,	483,	1,	20,	0,	NULL,	'2020-03-06 09:07:20',	NULL,	NULL,	NULL,	NULL),
(1413,	19,	490,	1,	21,	0,	NULL,	'2020-03-06 09:07:20',	NULL,	NULL,	NULL,	NULL),
(1414,	19,	491,	1,	22,	0,	NULL,	'2020-03-06 09:07:20',	NULL,	NULL,	NULL,	NULL),
(1415,	19,	492,	1,	23,	0,	NULL,	'2020-03-06 09:07:20',	NULL,	NULL,	NULL,	NULL),
(1416,	19,	496,	1,	24,	0,	NULL,	'2020-03-06 09:07:20',	NULL,	NULL,	NULL,	NULL),
(1417,	19,	497,	1,	25,	0,	NULL,	'2020-03-06 09:07:20',	NULL,	NULL,	NULL,	NULL),
(1418,	19,	498,	1,	26,	0,	NULL,	'2020-03-06 09:07:20',	NULL,	NULL,	NULL,	NULL),
(1419,	19,	500,	1,	27,	0,	NULL,	'2020-03-06 09:07:20',	NULL,	NULL,	NULL,	NULL),
(1420,	19,	521,	1,	28,	0,	NULL,	'2020-03-06 09:07:20',	NULL,	NULL,	NULL,	NULL),
(1421,	19,	522,	1,	29,	0,	NULL,	'2020-03-06 09:07:20',	NULL,	NULL,	NULL,	NULL),
(1422,	19,	523,	1,	30,	0,	NULL,	'2020-03-06 09:07:20',	NULL,	NULL,	NULL,	NULL),
(1423,	19,	525,	1,	31,	0,	NULL,	'2020-03-06 09:07:20',	NULL,	NULL,	NULL,	NULL),
(1424,	19,	526,	1,	32,	0,	NULL,	'2020-03-06 09:07:20',	NULL,	NULL,	NULL,	NULL),
(1425,	19,	527,	1,	33,	0,	NULL,	'2020-03-06 09:07:20',	NULL,	NULL,	NULL,	NULL),
(1426,	19,	528,	1,	34,	0,	NULL,	'2020-03-06 09:07:20',	NULL,	NULL,	NULL,	NULL),
(1427,	19,	529,	1,	35,	0,	NULL,	'2020-03-06 09:07:20',	NULL,	NULL,	NULL,	NULL),
(1428,	19,	531,	1,	36,	0,	NULL,	'2020-03-06 09:07:20',	NULL,	NULL,	NULL,	NULL),
(1429,	19,	532,	1,	37,	0,	NULL,	'2020-03-06 09:07:20',	NULL,	NULL,	NULL,	NULL),
(1430,	19,	533,	1,	38,	0,	NULL,	'2020-03-06 09:07:20',	NULL,	NULL,	NULL,	NULL),
(1431,	19,	535,	1,	39,	0,	NULL,	'2020-03-06 09:07:20',	NULL,	NULL,	NULL,	NULL),
(1432,	19,	536,	1,	40,	0,	NULL,	'2020-03-06 09:07:20',	NULL,	NULL,	NULL,	NULL),
(1433,	19,	537,	1,	41,	0,	NULL,	'2020-03-06 09:07:20',	NULL,	NULL,	NULL,	NULL),
(1434,	19,	538,	1,	42,	0,	NULL,	'2020-03-06 09:07:20',	NULL,	NULL,	NULL,	NULL),
(1435,	19,	539,	1,	43,	0,	NULL,	'2020-03-06 09:07:20',	NULL,	NULL,	NULL,	NULL),
(1436,	19,	540,	1,	44,	0,	NULL,	'2020-03-06 09:07:20',	NULL,	NULL,	NULL,	NULL),
(1437,	19,	541,	1,	45,	0,	NULL,	'2020-03-06 09:07:20',	NULL,	NULL,	NULL,	NULL),
(1438,	19,	542,	1,	46,	0,	NULL,	'2020-03-06 09:07:20',	NULL,	NULL,	NULL,	NULL),
(1439,	19,	545,	1,	47,	0,	NULL,	'2020-03-06 09:07:20',	NULL,	NULL,	NULL,	NULL),
(1443,	18,	521,	1,	55,	0,	NULL,	'2020-03-07 09:33:40',	NULL,	NULL,	NULL,	NULL),
(1444,	18,	522,	1,	56,	0,	NULL,	'2020-03-07 09:33:40',	NULL,	NULL,	NULL,	NULL),
(1445,	18,	523,	1,	57,	0,	NULL,	'2020-03-07 09:33:40',	NULL,	NULL,	NULL,	NULL),
(1446,	18,	525,	1,	58,	0,	NULL,	'2020-03-07 09:33:40',	NULL,	NULL,	NULL,	NULL),
(1447,	18,	526,	1,	59,	0,	NULL,	'2020-03-07 09:33:40',	NULL,	NULL,	NULL,	NULL),
(1448,	18,	527,	1,	60,	0,	NULL,	'2020-03-07 09:33:40',	NULL,	NULL,	NULL,	NULL),
(1449,	18,	528,	1,	61,	0,	NULL,	'2020-03-07 09:33:40',	NULL,	NULL,	NULL,	NULL),
(1450,	18,	529,	1,	62,	0,	NULL,	'2020-03-07 09:33:40',	NULL,	NULL,	NULL,	NULL),
(1451,	18,	531,	1,	63,	0,	NULL,	'2020-03-07 09:33:40',	NULL,	NULL,	NULL,	NULL),
(1452,	18,	532,	1,	64,	0,	NULL,	'2020-03-07 09:33:40',	NULL,	NULL,	NULL,	NULL),
(1453,	18,	533,	1,	65,	0,	NULL,	'2020-03-07 09:33:40',	NULL,	NULL,	NULL,	NULL),
(1454,	18,	535,	1,	66,	0,	NULL,	'2020-03-07 09:33:40',	NULL,	NULL,	NULL,	NULL),
(1455,	18,	536,	1,	67,	0,	NULL,	'2020-03-07 09:33:40',	NULL,	NULL,	NULL,	NULL),
(1456,	18,	537,	1,	68,	0,	NULL,	'2020-03-07 09:33:40',	NULL,	NULL,	NULL,	NULL),
(1457,	18,	538,	1,	69,	0,	NULL,	'2020-03-07 09:33:40',	NULL,	NULL,	NULL,	NULL),
(1458,	18,	539,	1,	70,	0,	NULL,	'2020-03-07 09:33:40',	NULL,	NULL,	NULL,	NULL),
(1459,	18,	540,	1,	71,	0,	NULL,	'2020-03-07 09:33:40',	NULL,	NULL,	NULL,	NULL),
(1460,	18,	541,	1,	72,	0,	NULL,	'2020-03-07 09:33:40',	NULL,	NULL,	NULL,	NULL),
(1461,	18,	542,	1,	73,	0,	NULL,	'2020-03-07 09:33:40',	NULL,	NULL,	NULL,	NULL),
(1462,	18,	545,	1,	74,	0,	NULL,	'2020-03-07 09:33:40',	NULL,	NULL,	NULL,	NULL),
(1464,	5,	547,	1,	95,	0,	NULL,	'2020-03-07 10:35:07',	NULL,	NULL,	NULL,	NULL),
(1465,	1,	547,	1,	95,	0,	NULL,	'2020-03-07 10:44:05',	NULL,	NULL,	NULL,	NULL),
(1466,	19,	547,	1,	95,	0,	NULL,	'2020-03-07 10:48:50',	NULL,	NULL,	NULL,	NULL),
(1467,	18,	547,	1,	95,	0,	NULL,	'2020-03-07 10:53:48',	NULL,	NULL,	NULL,	NULL),
(1468,	1,	548,	1,	95,	0,	NULL,	'2020-03-08 17:59:40',	NULL,	NULL,	NULL,	NULL),
(1469,	1,	549,	1,	96,	0,	NULL,	'2020-03-08 17:59:40',	NULL,	NULL,	NULL,	NULL),
(1470,	1,	550,	1,	99,	0,	NULL,	'2020-03-08 18:11:59',	NULL,	NULL,	NULL,	NULL),
(1471,	5,	548,	1,	95,	0,	NULL,	'2020-03-08 18:34:09',	NULL,	NULL,	NULL,	NULL),
(1472,	5,	549,	1,	96,	0,	NULL,	'2020-03-08 18:34:09',	NULL,	NULL,	NULL,	NULL),
(1473,	5,	550,	1,	97,	0,	NULL,	'2020-03-08 18:34:09',	NULL,	NULL,	NULL,	NULL),
(1474,	1,	551,	1,	101,	0,	NULL,	'2020-03-08 20:38:58',	NULL,	NULL,	NULL,	NULL),
(1475,	5,	551,	1,	101,	0,	NULL,	'2020-03-08 20:56:37',	NULL,	NULL,	NULL,	NULL);

DROP TABLE IF EXISTS `message`;
CREATE TABLE `message` (
  `message_id` int(11) NOT NULL AUTO_INCREMENT,
  `chatable_table_id` int(100) DEFAULT NULL,
  `customizable_table_item_primary_key` int(100) DEFAULT NULL,
  `created_by` int(100) DEFAULT NULL,
  `last_modified_by` int(100) DEFAULT NULL,
  `created_date` date DEFAULT NULL,
  `last_modified_date` date DEFAULT NULL,
  `deleted_date` date DEFAULT NULL,
  `is_thread_open` int(5) DEFAULT '1',
  PRIMARY KEY (`message_id`),
  KEY `fk_message_chatable_table1_idx` (`chatable_table_id`),
  CONSTRAINT `fk_message_chatable_table1` FOREIGN KEY (`chatable_table_id`) REFERENCES `chatable_table` (`chatable_table_id`) ON DELETE NO ACTION ON UPDATE NO ACTION
) ENGINE=InnoDB DEFAULT CHARSET=latin1;


DROP TABLE IF EXISTS `message_detail`;
CREATE TABLE `message_detail` (
  `message_detail_id` int(11) NOT NULL AUTO_INCREMENT,
  `message_from_user_id` int(100) DEFAULT NULL,
  `message_content` longtext,
  `message_id` int(100) DEFAULT NULL,
  `created_date` date DEFAULT NULL,
  `last_modified_date` date DEFAULT NULL,
  `deleted_date` date DEFAULT NULL,
  `created_by` int(100) DEFAULT NULL,
  `last_modified_by` int(100) DEFAULT NULL,
  `is_reply` int(5) DEFAULT '0',
  `replied_message_detail_id` int(100) DEFAULT NULL,
  PRIMARY KEY (`message_detail_id`),
  KEY `fk_message_detail_message1_idx` (`message_id`),
  CONSTRAINT `fk_message_detail_message1` FOREIGN KEY (`message_id`) REFERENCES `message` (`message_id`) ON DELETE NO ACTION ON UPDATE NO ACTION
) ENGINE=InnoDB DEFAULT CHARSET=latin1;


DROP TABLE IF EXISTS `month`;
CREATE TABLE `month` (
  `month_id` int(11) NOT NULL AUTO_INCREMENT,
  `month_track_number` varchar(100) NOT NULL,
  `month_number` int(5) NOT NULL,
  `month_name` varchar(50) NOT NULL,
  `fk_status_id` int(100) NOT NULL,
  `month_created_by` int(100) NOT NULL,
  `month_last_modified_by` int(100) NOT NULL,
  `month_created_date` date NOT NULL,
  `month_last_modified_date` date NOT NULL,
  `fk_approval_id` int(100) DEFAULT NULL,
  PRIMARY KEY (`month_id`),
  UNIQUE KEY `month_number` (`month_number`)
) ENGINE=InnoDB DEFAULT CHARSET=latin1;

INSERT INTO `month` (`month_id`, `month_track_number`, `month_number`, `month_name`, `fk_status_id`, `month_created_by`, `month_last_modified_by`, `month_created_date`, `month_last_modified_date`, `fk_approval_id`) VALUES
(5,	'MOTH-7084',	1,	'January',	61,	1,	1,	'2020-01-18',	'0000-00-00',	551),
(6,	'MOTH-37428',	2,	'February',	61,	1,	1,	'2020-01-18',	'0000-00-00',	552),
(7,	'MOTH-39917',	3,	'March',	61,	1,	1,	'2020-01-18',	'0000-00-00',	553),
(8,	'MOTH-13132',	4,	'April',	61,	1,	1,	'2020-01-18',	'0000-00-00',	554),
(10,	'MOTH-69289',	5,	'May',	61,	1,	1,	'2020-01-18',	'0000-00-00',	556),
(11,	'MOTH-32857',	6,	'June',	61,	1,	1,	'2020-01-18',	'0000-00-00',	557),
(12,	'MOTH-74947',	7,	'July',	61,	1,	1,	'2020-01-18',	'0000-00-00',	558),
(13,	'MOTH-16217',	8,	'August',	61,	1,	1,	'2020-01-18',	'0000-00-00',	559),
(14,	'MOTH-69410',	9,	'September',	61,	1,	1,	'2020-01-18',	'0000-00-00',	560),
(15,	'MOTH-3346',	10,	'October',	61,	1,	1,	'2020-01-18',	'0000-00-00',	561),
(16,	'MOTH-5851',	11,	'November',	61,	1,	1,	'2020-01-18',	'0000-00-00',	562),
(17,	'MOTH-27020',	12,	'December',	61,	1,	1,	'2020-01-18',	'0000-00-00',	563);

DROP TABLE IF EXISTS `office`;
CREATE TABLE `office` (
  `office_id` int(100) NOT NULL AUTO_INCREMENT,
  `office_track_number` varchar(100) DEFAULT NULL,
  `office_name` varchar(45) NOT NULL,
  `office_description` varchar(45) NOT NULL,
  `office_code` varchar(45) NOT NULL,
  `fk_context_definition_id` int(100) NOT NULL,
  `office_start_date` date NOT NULL,
  `office_end_date` date NOT NULL,
  `office_is_active` int(5) NOT NULL DEFAULT '0',
  `fk_account_system_id` int(100) NOT NULL DEFAULT '1',
  `office_created_by` int(100) NOT NULL,
  `office_created_date` date NOT NULL,
  `office_last_modified_date` date NOT NULL,
  `office_last_modified_by` int(100) NOT NULL,
  `fk_approval_id` int(11) DEFAULT NULL,
  `fk_status_id` int(11) DEFAULT NULL,
  PRIMARY KEY (`office_id`),
  KEY `fk_approval_id` (`fk_approval_id`),
  KEY `fk_status_id` (`fk_status_id`),
  KEY `fk_center_group_hierarchy_id` (`fk_context_definition_id`),
  KEY `fk_account_system_id` (`fk_account_system_id`),
  CONSTRAINT `office_ibfk_1` FOREIGN KEY (`fk_approval_id`) REFERENCES `approval` (`approval_id`),
  CONSTRAINT `office_ibfk_2` FOREIGN KEY (`fk_status_id`) REFERENCES `status` (`status_id`),
  CONSTRAINT `office_ibfk_3` FOREIGN KEY (`fk_context_definition_id`) REFERENCES `context_definition` (`context_definition_id`),
  CONSTRAINT `office_ibfk_4` FOREIGN KEY (`fk_account_system_id`) REFERENCES `account_system` (`account_system_id`)
) ENGINE=InnoDB DEFAULT CHARSET=latin1 COMMENT='This table list all the remote sites for the organization';

INSERT INTO `office` (`office_id`, `office_track_number`, `office_name`, `office_description`, `office_code`, `fk_context_definition_id`, `office_start_date`, `office_end_date`, `office_is_active`, `fk_account_system_id`, `office_created_by`, `office_created_date`, `office_last_modified_date`, `office_last_modified_by`, `fk_approval_id`, `fk_status_id`) VALUES
(9,	'CEER-77415',	'GRC Shingila',	'',	'KE-C001',	13,	'2019-11-07',	'0000-00-00',	1,	1,	1,	'2019-11-07',	'0000-00-00',	1,	151,	45),
(10,	'CEER-86769',	'Mtondia CDC',	'',	'',	13,	'2019-12-18',	'0000-00-00',	1,	1,	1,	'2019-11-21',	'0000-00-00',	1,	254,	45),
(11,	'CEER-31976',	'Mnarani FPFK',	'',	'',	13,	'2003-10-16',	'0000-00-00',	1,	1,	1,	'2019-11-21',	'0000-00-00',	1,	255,	45),
(12,	'CEER-86974',	'Githunguri PCEA',	'',	'',	13,	'1988-11-08',	'0000-00-00',	1,	1,	1,	'2019-11-21',	'0000-00-00',	1,	275,	45),
(13,	'CEER-58399',	'Light CDC',	'',	'',	13,	'2010-03-08',	'0000-00-00',	1,	1,	1,	'2019-11-25',	'0000-00-00',	1,	356,	45),
(14,	'CEER-84915',	'Center 1',	'',	'',	8,	'2019-11-25',	'0000-00-00',	1,	1,	1,	'2019-11-26',	'0000-00-00',	1,	372,	45),
(15,	'CEER-40821',	'Center 2',	'',	'',	13,	'2019-11-26',	'0000-00-00',	1,	1,	1,	'2019-11-26',	'0000-00-00',	1,	373,	45),
(16,	'CEER-45109',	'TAWK',	'',	'',	13,	'2016-01-01',	'0000-00-00',	1,	1,	1,	'2019-11-26',	'0000-00-00',	1,	384,	45),
(17,	'CEER-82530',	'YWT',	'',	'',	13,	'2017-01-01',	'0000-00-00',	1,	1,	1,	'2019-11-26',	'0000-00-00',	1,	385,	45),
(18,	'CEER-5952',	'Kenya Head Office',	'',	'',	10,	'2019-10-17',	'0000-00-00',	1,	1,	1,	'2019-12-03',	'0000-00-00',	1,	433,	45),
(19,	'CEER-29652',	'Kaloleni Cluster Unit',	'',	'',	8,	'2019-06-26',	'0000-00-00',	1,	1,	1,	'2019-12-03',	'0000-00-00',	1,	439,	45),
(20,	'CEER-80112',	'Cohort 1 Unit',	'',	'',	9,	'2009-02-17',	'0000-00-00',	1,	1,	1,	'2019-12-03',	'0000-00-00',	1,	441,	45),
(21,	'OFCE-10254',	'Global Office ',	'',	'G001',	12,	'1990-10-11',	'0000-00-00',	1,	1,	1,	'2019-12-08',	'0000-00-00',	1,	442,	45),
(22,	'OFCE-18309',	'Africa Region Office',	'',	'AFR',	11,	'1979-06-06',	'0000-00-00',	1,	1,	1,	'2019-12-13',	'0000-00-00',	1,	448,	45),
(23,	'OFCE-7255',	'Malindi Cluster',	'',	'MLD',	8,	'2008-07-31',	'0000-00-00',	1,	1,	1,	'2019-12-13',	'0000-00-00',	1,	452,	45),
(24,	'OFCE-76800',	'Uganda Country Office',	'',	'UG',	10,	'2019-07-10',	'0000-00-00',	1,	1,	1,	'2019-12-15',	'0000-00-00',	1,	459,	45),
(25,	'OFCE-78129',	'Uganda East Cohort',	'',	'Uganda East Cohort',	9,	'1994-10-26',	'0000-00-00',	1,	1,	1,	'2019-12-15',	'0000-00-00',	1,	462,	45);

DROP TABLE IF EXISTS `office_bank`;
CREATE TABLE `office_bank` (
  `office_bank_id` int(100) NOT NULL AUTO_INCREMENT,
  `office_bank_track_number` varchar(100) DEFAULT NULL,
  `office_bank_name` varchar(100) DEFAULT NULL,
  `office_bank_account_number` varchar(100) DEFAULT NULL,
  `fk_office_id` int(100) DEFAULT NULL,
  `fk_bank_id` int(100) DEFAULT NULL,
  `fk_bank_branch_id` int(100) DEFAULT NULL,
  `is_office_bank_active` int(5) DEFAULT '1',
  `office_bank_created_date` date DEFAULT NULL,
  `office_bank_created_by` int(100) DEFAULT NULL,
  `office_bank_last_modified_date` timestamp NULL DEFAULT NULL,
  `office_bank_last_modified_by` int(100) DEFAULT NULL,
  `fk_approval_id` int(100) DEFAULT NULL,
  `fk_status_id` int(100) DEFAULT NULL,
  PRIMARY KEY (`office_bank_id`),
  KEY `fk_office_id` (`fk_office_id`),
  KEY `fk_bank_id` (`fk_bank_id`),
  CONSTRAINT `office_bank_ibfk_1` FOREIGN KEY (`fk_office_id`) REFERENCES `office` (`office_id`),
  CONSTRAINT `office_bank_ibfk_2` FOREIGN KEY (`fk_bank_id`) REFERENCES `bank` (`bank_id`)
) ENGINE=InnoDB DEFAULT CHARSET=latin1;

INSERT INTO `office_bank` (`office_bank_id`, `office_bank_track_number`, `office_bank_name`, `office_bank_account_number`, `fk_office_id`, `fk_bank_id`, `fk_bank_branch_id`, `is_office_bank_active`, `office_bank_created_date`, `office_bank_created_by`, `office_bank_last_modified_date`, `office_bank_last_modified_by`, `fk_approval_id`, `fk_status_id`) VALUES
(2,	'OFNK-55821',	'GRC Shingila Bank Account 1',	'11012364830',	9,	1,	5,	1,	'2020-01-06',	1,	NULL,	1,	499,	88),
(3,	'OFNK-30712',	'GRC Shingila Bank Account 2',	'32112123124',	9,	2,	4,	1,	'2020-01-06',	1,	NULL,	1,	500,	88),
(4,	'OFNK-80172',	'Mtondia Chess Bank',	'42353464564',	10,	2,	4,	1,	'2020-01-06',	1,	NULL,	1,	510,	88);

DROP TABLE IF EXISTS `opening_cash_balance`;
CREATE TABLE `opening_cash_balance` (
  `opening_cash_balance_id` int(100) NOT NULL AUTO_INCREMENT,
  `opening_cash_balance_track_number` varchar(100) NOT NULL,
  `opening_cash_balance_name` varchar(100) NOT NULL,
  `fk_office_id` int(100) NOT NULL,
  `opening_cash_balance_bank` decimal(10,2) NOT NULL DEFAULT '0.00',
  `opening_cash_balance_cash` decimal(10,2) NOT NULL DEFAULT '0.00',
  `opening_cash_balance_created_date` date DEFAULT NULL,
  `opening_cash_balance_created_by` int(100) DEFAULT NULL,
  `opening_cash_balance_last_modified_by` int(100) DEFAULT NULL,
  `opening_cash_balance_last_modified_date` date DEFAULT NULL,
  `fk_approval_id` int(100) DEFAULT NULL,
  `fk_status_id` int(100) DEFAULT NULL,
  PRIMARY KEY (`opening_cash_balance_id`),
  UNIQUE KEY `fk_office_id` (`fk_office_id`)
) ENGINE=InnoDB DEFAULT CHARSET=latin1;

INSERT INTO `opening_cash_balance` (`opening_cash_balance_id`, `opening_cash_balance_track_number`, `opening_cash_balance_name`, `fk_office_id`, `opening_cash_balance_bank`, `opening_cash_balance_cash`, `opening_cash_balance_created_date`, `opening_cash_balance_created_by`, `opening_cash_balance_last_modified_by`, `opening_cash_balance_last_modified_date`, `fk_approval_id`, `fk_status_id`) VALUES
(1,	'OPCE-41048',	'GRC Bank Opening',	9,	845560.27,	18700.00,	'2020-01-16',	1,	1,	NULL,	548,	0);

DROP TABLE IF EXISTS `page_view`;
CREATE TABLE `page_view` (
  `page_view_id` int(100) NOT NULL AUTO_INCREMENT,
  `page_view_track_number` varchar(100) NOT NULL,
  `page_view_name` varchar(100) NOT NULL,
  `page_view_description` longtext NOT NULL,
  `fk_menu_id` int(100) NOT NULL,
  `page_view_is_default` int(5) NOT NULL DEFAULT '0' COMMENT 'System Admin default ',
  `page_view_created_date` date NOT NULL,
  `page_view_last_modified_date` timestamp NOT NULL DEFAULT CURRENT_TIMESTAMP,
  `page_view_created_by` int(100) NOT NULL,
  `page_view_last_modified_by` int(100) NOT NULL,
  `fk_approval_id` int(11) NOT NULL,
  `fk_status_id` int(11) NOT NULL,
  PRIMARY KEY (`page_view_id`),
  KEY `fk_approval_id` (`fk_approval_id`),
  KEY `fk_status_id` (`fk_status_id`),
  KEY `fk_menu_id` (`fk_menu_id`),
  CONSTRAINT `page_view_ibfk_1` FOREIGN KEY (`fk_approval_id`) REFERENCES `approval` (`approval_id`),
  CONSTRAINT `page_view_ibfk_2` FOREIGN KEY (`fk_status_id`) REFERENCES `status` (`status_id`),
  CONSTRAINT `page_view_ibfk_3` FOREIGN KEY (`fk_menu_id`) REFERENCES `menu` (`menu_id`)
) ENGINE=InnoDB DEFAULT CHARSET=latin1;


DROP TABLE IF EXISTS `page_view_condition`;
CREATE TABLE `page_view_condition` (
  `page_view_condition_id` int(100) NOT NULL AUTO_INCREMENT,
  `page_view_condition_track_number` varchar(100) NOT NULL,
  `page_view_condition_name` varchar(100) DEFAULT NULL,
  `page_view_condition_field` varchar(100) NOT NULL,
  `page_view_condition_operator` varchar(50) NOT NULL,
  `page_view_condition_value` varchar(100) NOT NULL,
  `fk_page_view_id` int(100) NOT NULL,
  `page_view_condition_created_date` date NOT NULL,
  `page_view_condition_last_modified_date` timestamp NOT NULL DEFAULT CURRENT_TIMESTAMP,
  `page_view_condition_created_by` int(100) NOT NULL,
  `page_view_condition_last_modified_by` int(100) NOT NULL,
  `fk_approval_id` int(11) DEFAULT NULL,
  `fk_status_id` int(11) DEFAULT NULL,
  PRIMARY KEY (`page_view_condition_id`),
  KEY `fk_approval_id` (`fk_approval_id`),
  KEY `fk_status_id` (`fk_status_id`),
  KEY `fk_page_view_id` (`fk_page_view_id`),
  CONSTRAINT `page_view_condition_ibfk_3` FOREIGN KEY (`fk_page_view_id`) REFERENCES `page_view` (`page_view_id`)
) ENGINE=InnoDB DEFAULT CHARSET=latin1;


DROP TABLE IF EXISTS `page_view_role`;
CREATE TABLE `page_view_role` (
  `page_view_role_id` int(100) NOT NULL AUTO_INCREMENT,
  `page_view_role_track_number` varchar(100) NOT NULL,
  `page_view_role_name` varchar(100) DEFAULT NULL,
  `page_view_role_is_default` int(5) DEFAULT '0',
  `fk_page_view_id` int(100) DEFAULT NULL,
  `fk_role_id` int(100) DEFAULT NULL,
  `page_view_role_created_date` date NOT NULL,
  `page_view_role_last_modified_date` timestamp NOT NULL DEFAULT CURRENT_TIMESTAMP,
  `page_view_role_created_by` int(100) NOT NULL,
  `page_view_role_last_modified_by` int(100) NOT NULL,
  `fk_approval_id` int(11) NOT NULL,
  `fk_status_id` int(11) NOT NULL,
  PRIMARY KEY (`page_view_role_id`),
  KEY `fk_page_view_id` (`fk_page_view_id`),
  KEY `fk_role_id` (`fk_role_id`),
  KEY `fk_approval_id` (`fk_approval_id`),
  KEY `fk_status_id` (`fk_status_id`),
  CONSTRAINT `page_view_role_ibfk_1` FOREIGN KEY (`fk_page_view_id`) REFERENCES `page_view` (`page_view_id`),
  CONSTRAINT `page_view_role_ibfk_2` FOREIGN KEY (`fk_role_id`) REFERENCES `role` (`role_id`),
  CONSTRAINT `page_view_role_ibfk_3` FOREIGN KEY (`fk_approval_id`) REFERENCES `approval` (`approval_id`),
  CONSTRAINT `page_view_role_ibfk_4` FOREIGN KEY (`fk_status_id`) REFERENCES `status` (`status_id`)
) ENGINE=InnoDB DEFAULT CHARSET=latin1;


DROP TABLE IF EXISTS `permission`;
CREATE TABLE `permission` (
  `permission_id` int(11) NOT NULL AUTO_INCREMENT,
  `permission_track_number` varchar(100) NOT NULL,
  `permission_name` varchar(100) NOT NULL,
  `permission_description` longtext NOT NULL,
  `permission_is_active` int(5) NOT NULL,
  `fk_permission_label_id` int(100) NOT NULL,
  `permission_type` int(5) NOT NULL DEFAULT '1' COMMENT 'Type 1 = Page Access, 2 = Field Access',
  `permission_field` varchar(100) NOT NULL,
  `fk_menu_id` int(100) DEFAULT NULL,
  `fk_approval_id` int(11) DEFAULT NULL,
  `fk_status_id` int(11) DEFAULT NULL,
  `permission_created_date` date DEFAULT NULL,
  `permission_created_by` int(100) DEFAULT NULL,
  `permission_deleted_at` date DEFAULT NULL,
  `permission_last_modified_date` timestamp NULL DEFAULT CURRENT_TIMESTAMP,
  `permission_last_modified_by` int(100) DEFAULT NULL,
  PRIMARY KEY (`permission_id`),
  KEY `fk_menu_id` (`fk_menu_id`),
  KEY `fk_permission_label_id` (`fk_permission_label_id`),
  KEY `fk_approval_id` (`fk_approval_id`),
  KEY `fk_status_id` (`fk_status_id`),
  CONSTRAINT `permission_ibfk_1` FOREIGN KEY (`fk_approval_id`) REFERENCES `approval` (`approval_id`) ON DELETE CASCADE,
  CONSTRAINT `permission_ibfk_4` FOREIGN KEY (`fk_menu_id`) REFERENCES `menu` (`menu_id`) ON DELETE CASCADE,
  CONSTRAINT `permission_ibfk_5` FOREIGN KEY (`fk_permission_label_id`) REFERENCES `permission_label` (`permission_label_id`) ON DELETE CASCADE,
  CONSTRAINT `permission_ibfk_6` FOREIGN KEY (`fk_approval_id`) REFERENCES `approval` (`approval_id`) ON DELETE CASCADE,
  CONSTRAINT `permission_ibfk_7` FOREIGN KEY (`fk_status_id`) REFERENCES `status` (`status_id`) ON DELETE CASCADE
) ENGINE=InnoDB DEFAULT CHARSET=latin1;

INSERT INTO `permission` (`permission_id`, `permission_track_number`, `permission_name`, `permission_description`, `permission_is_active`, `fk_permission_label_id`, `permission_type`, `permission_field`, `fk_menu_id`, `fk_approval_id`, `fk_status_id`, `permission_created_date`, `permission_created_by`, `permission_deleted_at`, `permission_last_modified_date`, `permission_last_modified_by`) VALUES
(18,	'PEM-41448',	'show_bank',	'Show a list of bank records',	1,	2,	1,	'',	381,	146,	47,	'2019-11-07',	1,	NULL,	'2019-11-07 11:34:49',	1),
(19,	'PEM-34619',	'add_bank',	'Add a new bank record',	1,	1,	1,	'',	381,	148,	47,	'2019-11-07',	1,	NULL,	'2019-11-07 12:03:32',	1),
(20,	'PEON-46617',	'delete_bank',	'Deleting a bank',	1,	4,	1,	'',	381,	157,	47,	'2019-11-07',	1,	NULL,	'2019-11-07 14:06:25',	1),
(21,	'PEON-47240',	'insert_bank_is_active',	'Show Bank Is Active Field on create',	1,	1,	2,	'bank_is_active',	381,	165,	47,	'2019-11-08',	1,	NULL,	'2019-11-08 09:35:12',	1),
(22,	'PEON-77845',	'show_request',	'Show a list of requests',	1,	2,	1,	'',	392,	171,	47,	'2019-11-08',	1,	NULL,	'2019-11-08 11:32:48',	1),
(23,	'PEON-53472',	'add_request',	'Add a new request',	1,	1,	1,	'',	392,	172,	47,	'2019-11-08',	1,	NULL,	'2019-11-08 11:33:33',	1),
(25,	'PEON-83225',	'show_center_name',	'Show center name field of the voucher form',	1,	1,	2,	'center_name',	397,	186,	47,	'2019-11-08',	1,	NULL,	'2019-11-08 12:37:51',	1),
(26,	'PEON-16620',	'show_voucher',	'Show a list of vouchers',	1,	2,	1,	'',	397,	188,	47,	'2019-11-08',	1,	NULL,	'2019-11-08 12:43:11',	1),
(27,	'PEON-21271',	'add_voucher',	'Add new voucher record',	1,	1,	1,	'',	397,	189,	47,	'2019-11-08',	1,	NULL,	'2019-11-08 12:47:29',	1),
(28,	'PEON-65200',	'show_voucher_detail_description',	'Show the voucher detail description',	1,	1,	2,	'voucher_detail_description',	397,	192,	47,	'2019-11-08',	1,	NULL,	'2019-11-08 13:30:17',	1),
(29,	'PEON-32089',	'update_bank_is_active',	'Show the bank is active field on update',	1,	3,	2,	'bank_is_active',	381,	197,	47,	'2019-11-08',	1,	NULL,	'2019-11-08 17:26:32',	1),
(30,	'PEON-2742',	'edit_bank',	'Editing a bank record',	1,	3,	1,	'',	381,	199,	47,	'2019-11-08',	1,	NULL,	'2019-11-08 17:29:44',	1),
(31,	'PEON-58643',	'show_user_list',	'Show a list of users',	1,	2,	1,	'',	400,	205,	47,	'2019-11-11',	1,	NULL,	'2019-11-11 09:49:39',	1),
(32,	'PEON-46125',	'show_permission_labels',	'Show a list of permission lables',	1,	2,	1,	'',	390,	220,	47,	'2019-11-20',	1,	NULL,	'2019-11-20 16:51:26',	1),
(33,	'PEON-8856',	'list_users',	'List all users',	1,	1,	1,	'',	400,	222,	47,	'2019-11-20',	1,	NULL,	'2019-11-20 17:04:36',	1),
(34,	'PEON-30929',	'show_my_menu',	'Show you menu items',	1,	2,	1,	'0',	470,	348,	47,	'2019-11-23',	1,	NULL,	'2019-11-23 18:11:34',	1),
(35,	'PEON-68137',	'edit_request',	'Edit a request',	1,	3,	1,	'0',	392,	475,	47,	'2019-12-16',	1,	NULL,	'2019-12-16 13:19:15',	1),
(36,	'PEON-70801',	'edit_request',	'Edit request',	1,	3,	1,	'0',	392,	476,	47,	'2019-12-16',	1,	NULL,	'2019-12-16 15:36:41',	1),
(37,	'PEON-44169',	'delete_request',	'Delete request',	1,	4,	1,	'0',	392,	477,	47,	'2019-12-16',	1,	NULL,	'2019-12-16 15:37:40',	1),
(38,	'PEON-68222',	'create_voucher',	'Create a voucher',	1,	1,	1,	'0',	397,	480,	47,	'2019-12-16',	1,	NULL,	'2019-12-16 17:11:01',	1),
(39,	'PEON-27267',	'View Financial Report',	'View Financial Report',	1,	2,	1,	'0',	526,	513,	47,	'2020-01-08',	1,	NULL,	'2020-01-08 09:56:30',	1),
(40,	'PEON-88578',	'Show Budget',	'Show Budget',	1,	2,	1,	'0',	382,	704,	47,	'2020-03-07',	1,	NULL,	'2020-03-07 06:36:47',	1),
(41,	'PEON-53622',	'Show Journal',	'Show Journal',	1,	2,	1,	'0',	386,	706,	47,	'2020-03-07',	1,	NULL,	'2020-03-07 06:42:38',	1),
(42,	'PEON-34900',	'Edit Status',	'Edit Status',	1,	3,	1,	'0',	548,	735,	47,	'2020-03-08',	1,	NULL,	'2020-03-08 18:02:49',	1),
(43,	'PEON-22175',	'Show budget item',	'Show budget item',	1,	2,	1,	'0',	547,	738,	47,	'2020-03-08',	1,	NULL,	'2020-03-08 20:55:06',	1),
(44,	'PEON-49082',	'Create a budget item',	'Create a budget item',	1,	1,	1,	'0',	547,	740,	47,	'2020-03-08',	1,	NULL,	'2020-03-08 20:58:08',	1),
(45,	'PEON-71537',	'Create a budget',	'Create a budget',	1,	1,	1,	'0',	382,	742,	47,	'2020-03-08',	1,	NULL,	'2020-03-08 21:02:26',	1);

DROP TABLE IF EXISTS `permission_label`;
CREATE TABLE `permission_label` (
  `permission_label_id` int(100) NOT NULL AUTO_INCREMENT,
  `permission_label_track_number` varchar(100) NOT NULL,
  `permission_label_name` varchar(100) NOT NULL,
  `permission_label_description` varchar(100) NOT NULL,
  `permission_label_depth` int(10) NOT NULL,
  `fk_approval_id` int(100) NOT NULL,
  `fk_status_id` int(100) NOT NULL,
  `permission_label_created_date` date NOT NULL,
  `permission_label_created_by` int(100) NOT NULL,
  `permission_label_last_modified_date` timestamp NOT NULL DEFAULT CURRENT_TIMESTAMP,
  `permission_label_last_modified_by` int(100) NOT NULL,
  PRIMARY KEY (`permission_label_id`)
) ENGINE=InnoDB DEFAULT CHARSET=latin1;

INSERT INTO `permission_label` (`permission_label_id`, `permission_label_track_number`, `permission_label_name`, `permission_label_description`, `permission_label_depth`, `fk_approval_id`, `fk_status_id`, `permission_label_created_date`, `permission_label_created_by`, `permission_label_last_modified_date`, `permission_label_last_modified_by`) VALUES
(1,	'PBL-56069',	'create',	'Mark all permissions used to create a new record',	2,	120,	50,	'2019-11-06',	1,	'2019-11-06 12:48:54',	1),
(2,	'PBL-32200',	'read',	'Mark all permissions used to read a record',	1,	121,	50,	'2019-11-06',	1,	'2019-11-06 12:51:56',	1),
(3,	'PBL-37242',	'update',	'Mark all permissions for updating a record',	3,	122,	50,	'2019-11-06',	1,	'2019-11-06 12:52:25',	1),
(4,	'PBL-14166',	'delete',	'Mark all permissions used to delete a record',	4,	123,	50,	'2019-11-06',	1,	'2019-11-06 12:52:43',	1);

DROP TABLE IF EXISTS `project`;
CREATE TABLE `project` (
  `project_id` int(100) NOT NULL AUTO_INCREMENT,
  `project_track_number` varchar(100) DEFAULT NULL,
  `project_name` varchar(100) DEFAULT NULL,
  `project_code` varchar(10) NOT NULL,
  `project_description` varchar(100) DEFAULT NULL,
  `project_start_date` date NOT NULL,
  `project_end_date` date NOT NULL,
  `fk_funder_id` int(100) NOT NULL,
  `project_cost` double(10,2) NOT NULL,
  `fk_funding_status_id` int(100) DEFAULT NULL,
  `project_created_by` int(100) NOT NULL,
  `project_last_modified_by` int(100) NOT NULL,
  `project_created_date` date NOT NULL,
  `project_last_modified_date` date NOT NULL,
  `fk_approval_id` int(100) DEFAULT NULL,
  `fk_status_id` int(100) DEFAULT NULL,
  PRIMARY KEY (`project_id`),
  KEY `fk_project_id_funder_id_idx` (`fk_funder_id`),
  KEY `fk_project_funding_status1_idx` (`fk_funding_status_id`),
  CONSTRAINT `fk_project_funding_status1` FOREIGN KEY (`fk_funding_status_id`) REFERENCES `funding_status` (`funding_status_id`) ON DELETE NO ACTION ON UPDATE NO ACTION,
  CONSTRAINT `fk_project_id_funder_id` FOREIGN KEY (`fk_funder_id`) REFERENCES `funder` (`funder_id`) ON DELETE NO ACTION ON UPDATE CASCADE
) ENGINE=InnoDB DEFAULT CHARSET=latin1 COMMENT='A project is a single funded proposal that need to be implemented and reported as a unit. It''s related to single funder\n ';

INSERT INTO `project` (`project_id`, `project_track_number`, `project_name`, `project_code`, `project_description`, `project_start_date`, `project_end_date`, `fk_funder_id`, `project_cost`, `fk_funding_status_id`, `project_created_by`, `project_last_modified_by`, `project_created_date`, `project_last_modified_date`, `fk_approval_id`, `fk_status_id`) VALUES
(7,	'PRCT-77292',	'Project 1',	'P001',	'Project 1',	'2019-11-01',	'2019-11-30',	13,	100000.00,	1,	1,	1,	'2019-11-27',	'0000-00-00',	401,	43),
(8,	'PRCT-73281',	'Advocacy',	'ADV021',	'This is advocacy funding for funder b',	'2017-11-16',	'2022-07-28',	14,	45000000.00,	1,	1,	1,	'2019-11-27',	'0000-00-00',	416,	43),
(9,	'PRCT-24953',	'WASH',	'WASH435',	'This is a wash project for funder b',	'2017-08-01',	'2022-07-27',	14,	8000000.00,	1,	1,	1,	'2019-11-27',	'0000-00-00',	417,	43);

DROP TABLE IF EXISTS `project_allocation`;
CREATE TABLE `project_allocation` (
  `project_allocation_id` int(100) NOT NULL AUTO_INCREMENT,
  `project_allocation_track_number` varchar(100) DEFAULT NULL,
  `fk_project_id` int(100) DEFAULT NULL,
  `project_allocation_name` varchar(100) DEFAULT NULL,
  `project_allocation_amount` decimal(10,2) DEFAULT NULL,
  `project_allocation_is_active` int(5) DEFAULT NULL,
  `fk_office_id` int(100) DEFAULT NULL,
  `fk_status_id` int(11) DEFAULT NULL,
  `fk_approval_id` int(11) DEFAULT NULL,
  `project_allocation_extended_end_date` date DEFAULT NULL,
  `project_allocation_created_date` date DEFAULT NULL,
  `project_allocation_last_modified_date` varchar(45) DEFAULT NULL,
  `project_allocation_created_by` int(100) DEFAULT NULL,
  `project_allocation_last_modified_by` int(100) DEFAULT NULL,
  PRIMARY KEY (`project_allocation_id`),
  KEY `fk_project_id` (`fk_project_id`),
  KEY `fk_center_id` (`fk_office_id`),
  KEY `fk_status_id` (`fk_status_id`),
  KEY `fk_approval_id` (`fk_approval_id`),
  CONSTRAINT `project_allocation_ibfk_1` FOREIGN KEY (`fk_project_id`) REFERENCES `project` (`project_id`),
  CONSTRAINT `project_allocation_ibfk_2` FOREIGN KEY (`fk_office_id`) REFERENCES `office` (`office_id`),
  CONSTRAINT `project_allocation_ibfk_3` FOREIGN KEY (`fk_status_id`) REFERENCES `status` (`status_id`),
  CONSTRAINT `project_allocation_ibfk_4` FOREIGN KEY (`fk_approval_id`) REFERENCES `approval` (`approval_id`)
) ENGINE=InnoDB DEFAULT CHARSET=latin1;

INSERT INTO `project_allocation` (`project_allocation_id`, `project_allocation_track_number`, `fk_project_id`, `project_allocation_name`, `project_allocation_amount`, `project_allocation_is_active`, `fk_office_id`, `fk_status_id`, `fk_approval_id`, `project_allocation_extended_end_date`, `project_allocation_created_date`, `project_allocation_last_modified_date`, `project_allocation_created_by`, `project_allocation_last_modified_by`) VALUES
(5,	'PRON-88526',	7,	'TAWK Project 1 ',	30000.00,	1,	16,	44,	402,	'2019-11-30',	'2019-11-27',	NULL,	1,	1),
(6,	'PRON-66515',	7,	'YWT Project 1',	45000.00,	1,	17,	44,	405,	'2019-11-30',	'2019-11-27',	NULL,	1,	1),
(7,	'PRON-2654',	8,	'TWAK Advocacy',	560000.00,	1,	16,	44,	418,	'2020-03-28',	'2019-11-27',	NULL,	1,	1),
(8,	'PRON-62640',	9,	'GRC Shingila - WASH',	650000.00,	1,	9,	44,	469,	'2020-04-15',	'2019-12-15',	NULL,	1,	1);

DROP TABLE IF EXISTS `project_allocation_detail`;
CREATE TABLE `project_allocation_detail` (
  `project_allocation_detail_id` int(11) NOT NULL,
  `project_allocation_detail_track_number` varchar(100) NOT NULL,
  `project_allocation_detail_name` varchar(100) NOT NULL,
  `fk_project_allocation_id` int(100) NOT NULL,
  `project_allocation_detail_month` date NOT NULL,
  `project_allocation_detail_amount` decimal(10,2) NOT NULL,
  `project_allocation_detail_created_date` date DEFAULT NULL,
  `project_allocation_detail_created_by` int(100) DEFAULT NULL,
  `project_allocation_detail_last_modified_by` int(100) DEFAULT NULL,
  `project_allocation_detail_last_modified_date` date DEFAULT NULL,
  `fk_approval_id` int(100) DEFAULT NULL,
  `fk_status_id` int(100) DEFAULT NULL,
  KEY `fk_project_allocation_id` (`fk_project_allocation_id`),
  CONSTRAINT `project_allocation_detail_ibfk_1` FOREIGN KEY (`fk_project_allocation_id`) REFERENCES `project_allocation` (`project_allocation_id`)
) ENGINE=InnoDB DEFAULT CHARSET=latin1;


DROP TABLE IF EXISTS `project_cost_proportion`;
CREATE TABLE `project_cost_proportion` (
  `project_cost_proportion_id` int(11) NOT NULL,
  `voucher_detail_id` int(100) DEFAULT NULL,
  `amount` varchar(45) DEFAULT NULL,
  `created_by` varchar(45) DEFAULT NULL,
  `created_date` varchar(45) DEFAULT NULL,
  `last_modified_by` varchar(45) DEFAULT NULL,
  `last_modified_date` varchar(45) DEFAULT NULL,
  `center_project_allocation_id` int(100) DEFAULT NULL,
  PRIMARY KEY (`project_cost_proportion_id`),
  KEY `voucher_detail_id` (`voucher_detail_id`),
  CONSTRAINT `project_cost_proportion_ibfk_1` FOREIGN KEY (`voucher_detail_id`) REFERENCES `voucher_detail` (`voucher_detail_id`)
) ENGINE=InnoDB DEFAULT CHARSET=latin1;


DROP TABLE IF EXISTS `reconciliation`;
CREATE TABLE `reconciliation` (
  `reconciliation_id` int(100) NOT NULL AUTO_INCREMENT,
  `reconciliation_track_number` varchar(100) DEFAULT NULL,
  `reconciliation_name` varchar(100) DEFAULT NULL,
  `fk_office_id` int(100) DEFAULT NULL,
  `reconciliation_reporting_month` date DEFAULT NULL,
  `financial_report_is_submitted` int(5) DEFAULT '0',
  `fk_status_id` int(5) DEFAULT NULL,
  `reconciliation_statement_amount` decimal(10,2) DEFAULT NULL,
  `reconciliation_suspense_amount` decimal(10,2) DEFAULT NULL,
  `reconciliation_created_by` int(100) DEFAULT NULL,
  `reconciliation_created_date` date DEFAULT NULL,
  `reconciliation_last_modified_by` int(100) DEFAULT NULL,
  `reconciliation_last_modified_date` date DEFAULT NULL,
  `fk_approval_id` int(100) DEFAULT NULL,
  PRIMARY KEY (`reconciliation_id`),
  KEY `fk_reconciliation_center1_idx` (`fk_office_id`),
  KEY `financial_report_is_submitted` (`financial_report_is_submitted`),
  CONSTRAINT `fk_reconciliation_center1` FOREIGN KEY (`fk_office_id`) REFERENCES `office` (`office_id`) ON DELETE NO ACTION ON UPDATE NO ACTION,
  CONSTRAINT `reconciliation_ibfk_1` FOREIGN KEY (`financial_report_is_submitted`) REFERENCES `financial_report` (`financial_report_id`)
) ENGINE=InnoDB DEFAULT CHARSET=latin1;

INSERT INTO `reconciliation` (`reconciliation_id`, `reconciliation_track_number`, `reconciliation_name`, `fk_office_id`, `reconciliation_reporting_month`, `financial_report_is_submitted`, `fk_status_id`, `reconciliation_statement_amount`, `reconciliation_suspense_amount`, `reconciliation_created_by`, `reconciliation_created_date`, `reconciliation_last_modified_by`, `reconciliation_last_modified_date`, `fk_approval_id`) VALUES
(1,	'REON-45123',	'November Reconciliation',	9,	'2019-11-30',	1,	63,	100.00,	0.00,	1,	'2020-03-07',	1,	NULL,	695),
(2,	'REON-29932',	'December reconciliation',	9,	'2019-12-31',	1,	63,	250.00,	0.00,	1,	'2020-03-07',	1,	NULL,	697),
(3,	'REON-61612',	'Jan report',	9,	'2020-01-31',	1,	63,	200.00,	0.00,	1,	'2020-03-07',	1,	NULL,	732);

DROP TABLE IF EXISTS `request`;
CREATE TABLE `request` (
  `request_id` int(100) NOT NULL AUTO_INCREMENT,
  `request_track_number` varchar(100) DEFAULT NULL,
  `request_name` varchar(100) DEFAULT NULL,
  `fk_request_type_id` int(11) DEFAULT '1',
  `fk_status_id` int(11) DEFAULT '0',
  `fk_office_id` int(100) DEFAULT NULL,
  `fk_approval_id` int(11) DEFAULT NULL,
  `request_date` date DEFAULT NULL,
  `request_description` varchar(100) DEFAULT NULL,
  `fk_department_id` int(100) NOT NULL,
  `request_created_date` date DEFAULT NULL,
  `request_created_by` varchar(45) DEFAULT NULL,
  `request_last_modified_by` varchar(45) DEFAULT NULL,
  `request_last_modified_date` timestamp NOT NULL DEFAULT CURRENT_TIMESTAMP ON UPDATE CURRENT_TIMESTAMP,
  `request_deleted_at` date DEFAULT NULL,
  PRIMARY KEY (`request_id`),
  KEY `fk_request_center2_idx` (`fk_office_id`),
  KEY `fk_approval_id` (`fk_approval_id`),
  KEY `fk_department_id` (`fk_department_id`),
  KEY `fk_status_id` (`fk_status_id`),
  KEY `fk_requuest_type_id` (`fk_request_type_id`),
  CONSTRAINT `fk_request_center2` FOREIGN KEY (`fk_office_id`) REFERENCES `office` (`office_id`) ON DELETE NO ACTION ON UPDATE NO ACTION,
  CONSTRAINT `request_ibfk_2` FOREIGN KEY (`fk_approval_id`) REFERENCES `approval` (`approval_id`) ON DELETE CASCADE,
  CONSTRAINT `request_ibfk_3` FOREIGN KEY (`fk_department_id`) REFERENCES `department` (`department_id`),
  CONSTRAINT `request_ibfk_4` FOREIGN KEY (`fk_status_id`) REFERENCES `status` (`status_id`),
  CONSTRAINT `request_ibfk_5` FOREIGN KEY (`fk_request_type_id`) REFERENCES `request_type` (`request_type_id`)
) ENGINE=InnoDB DEFAULT CHARSET=latin1;

INSERT INTO `request` (`request_id`, `request_track_number`, `request_name`, `fk_request_type_id`, `fk_status_id`, `fk_office_id`, `fk_approval_id`, `request_date`, `request_description`, `fk_department_id`, `request_created_date`, `request_created_by`, `request_last_modified_by`, `request_last_modified_date`, `request_deleted_at`) VALUES
(1,	'REST-50733',	'Test',	2,	10,	9,	464,	'2019-12-15',	'Test',	1,	'2019-12-15',	'1',	'1',	'2020-03-07 02:32:55',	NULL),
(2,	'REST-21224',	'Test 2',	1,	17,	9,	466,	'2019-12-15',	'Test 2',	1,	'2019-12-15',	'5',	'5',	'2020-03-05 22:04:40',	NULL),
(3,	'REST-53097',	'Test 3',	2,	20,	9,	468,	'2019-12-15',	'Test 3',	2,	'2019-12-15',	'5',	'5',	'2020-01-07 09:45:07',	NULL),
(4,	'REST-26709',	'Test 4',	1,	20,	10,	472,	'2019-12-16',	'Test 4',	2,	'2019-12-16',	'5',	'5',	'2020-01-07 09:46:25',	NULL),
(5,	'REST-13572',	'Test 5',	1,	20,	9,	473,	'2019-12-16',	'Test 5',	3,	'2019-12-16',	'5',	'5',	'2019-12-20 09:18:45',	NULL),
(6,	'REST-82277',	'This is a test',	2,	14,	9,	659,	'2020-03-05',	'Test request hello',	2,	'2020-03-05',	'1',	'1',	'2020-03-05 22:44:53',	NULL),
(9,	'REST-64971',	'Request # REST-43987',	2,	14,	9,	668,	'2020-03-06',	'Updated note',	1,	NULL,	'1',	NULL,	'2020-03-09 06:51:33',	NULL),
(10,	'REST-11302',	'Request # REST-22014',	3,	20,	9,	669,	'2020-03-06',	'Test depart restriction',	2,	NULL,	'1',	NULL,	'2020-03-09 06:51:33',	NULL),
(11,	'REST-12170',	'Request # REST-45480',	1,	20,	9,	681,	'2020-03-06',	'Cost for training',	2,	NULL,	'1',	NULL,	'2020-03-09 06:51:33',	NULL),
(12,	'REST-51522',	'Request # REST-41857',	2,	20,	9,	716,	'2020-03-07',	'Child protection training',	2,	NULL,	'1',	NULL,	'2020-03-09 06:51:33',	NULL),
(13,	'REST-53182',	'Request # REST-65054',	2,	18,	9,	723,	'2020-03-07',	'Updated request',	2,	NULL,	'1',	NULL,	'2020-03-09 06:51:33',	NULL);

DROP TABLE IF EXISTS `request_conversion`;
CREATE TABLE `request_conversion` (
  `request_conversion_id` int(100) NOT NULL AUTO_INCREMENT,
  `request_conversion_name` varchar(100) NOT NULL,
  `request_conversion_track_number` varchar(100) NOT NULL,
  `fk_account_system_id` int(100) NOT NULL,
  `conversion_status_id` int(100) NOT NULL,
  `request_conversion_created_date` date DEFAULT NULL,
  `request_conversion_created_by` int(100) DEFAULT NULL,
  `request_conversion_last_modified_by` int(100) DEFAULT NULL,
  `request_conversion_last_modified_date` date DEFAULT NULL,
  `fk_approval_id` int(100) DEFAULT NULL,
  `fk_status_id` int(100) DEFAULT NULL,
  PRIMARY KEY (`request_conversion_id`),
  KEY `fk_account_system_id` (`fk_account_system_id`),
  KEY `conversion_status_id` (`conversion_status_id`),
  CONSTRAINT `request_conversion_ibfk_1` FOREIGN KEY (`fk_account_system_id`) REFERENCES `account_system` (`account_system_id`),
  CONSTRAINT `request_conversion_ibfk_2` FOREIGN KEY (`conversion_status_id`) REFERENCES `status` (`status_id`)
) ENGINE=InnoDB DEFAULT CHARSET=latin1;

INSERT INTO `request_conversion` (`request_conversion_id`, `request_conversion_name`, `request_conversion_track_number`, `fk_account_system_id`, `conversion_status_id`, `request_conversion_created_date`, `request_conversion_created_by`, `request_conversion_last_modified_by`, `request_conversion_last_modified_date`, `fk_approval_id`, `fk_status_id`) VALUES
(4,	'Kenya Request to Voucher Conversion Approval Status',	'REON-76966',	1,	4,	'2020-03-02',	1,	1,	NULL,	570,	95);

DROP TABLE IF EXISTS `request_detail`;
CREATE TABLE `request_detail` (
  `request_detail_id` int(100) NOT NULL AUTO_INCREMENT,
  `request_detail_track_number` varchar(100) DEFAULT NULL,
  `request_detail_name` varchar(100) DEFAULT NULL,
  `fk_request_id` int(100) DEFAULT NULL,
  `request_detail_description` varchar(45) DEFAULT NULL,
  `request_detail_quantity` int(10) DEFAULT NULL,
  `request_detail_unit_cost` decimal(10,2) DEFAULT NULL,
  `request_detail_total_cost` decimal(10,2) DEFAULT NULL,
  `fk_expense_account_id` int(100) DEFAULT NULL,
  `fk_project_allocation_id` int(100) DEFAULT NULL,
  `fk_status_id` int(100) DEFAULT NULL,
  `fk_approval_id` int(100) DEFAULT NULL,
  `request_detail_conversion_set` int(5) DEFAULT '0',
  `request_detail_voucher_number` int(100) DEFAULT NULL,
  `request_detail_created_date` date DEFAULT NULL,
  `request_detail_created_by` int(100) DEFAULT NULL,
  `request_detail_last_modified_by` int(100) DEFAULT NULL,
  `request_detail_last_modified_date` timestamp NOT NULL DEFAULT CURRENT_TIMESTAMP ON UPDATE CURRENT_TIMESTAMP,
  PRIMARY KEY (`request_detail_id`),
  KEY `fk_request_detail_request1_idx` (`fk_request_id`),
  KEY `fk_request_detail_expense_account1_idx` (`fk_expense_account_id`),
  CONSTRAINT `fk_request_detail_expense_account1` FOREIGN KEY (`fk_expense_account_id`) REFERENCES `expense_account` (`expense_account_id`) ON DELETE NO ACTION ON UPDATE NO ACTION,
  CONSTRAINT `fk_request_detail_request1` FOREIGN KEY (`fk_request_id`) REFERENCES `request` (`request_id`) ON DELETE NO ACTION ON UPDATE NO ACTION
) ENGINE=InnoDB DEFAULT CHARSET=latin1;

INSERT INTO `request_detail` (`request_detail_id`, `request_detail_track_number`, `request_detail_name`, `fk_request_id`, `request_detail_description`, `request_detail_quantity`, `request_detail_unit_cost`, `request_detail_total_cost`, `fk_expense_account_id`, `fk_project_allocation_id`, `fk_status_id`, `fk_approval_id`, `request_detail_conversion_set`, `request_detail_voucher_number`, `request_detail_created_date`, `request_detail_created_by`, `request_detail_last_modified_by`, `request_detail_last_modified_date`) VALUES
(1,	'REIL-77347',	NULL,	1,	'Test',	20,	200.00,	400.00,	1,	5,	1,	NULL,	0,	NULL,	'2019-12-15',	1,	1,	'2019-12-15 09:53:15'),
(2,	'REIL-54941',	NULL,	2,	'Test 2',	25,	500.00,	12500.00,	3,	6,	15,	NULL,	0,	NULL,	'2019-12-15',	5,	5,	'2019-12-15 14:29:53'),
(3,	'REIL-8734',	NULL,	3,	'Test 3',	20,	700.00,	14000.00,	1,	5,	16,	NULL,	0,	NULL,	'2019-12-15',	5,	5,	'2020-03-07 09:16:34'),
(4,	'REIL-24712',	NULL,	3,	'Test 3',	25,	850.00,	21250.00,	2,	7,	15,	NULL,	0,	NULL,	'2019-12-15',	5,	5,	'2019-12-16 15:42:36'),
(5,	'REIL-85047',	NULL,	4,	'Testing 4',	50,	1500.00,	75000.00,	3,	8,	1,	NULL,	0,	NULL,	'2019-12-16',	5,	5,	'2019-12-16 10:55:24'),
(6,	'REIL-71669',	NULL,	5,	'Test 5',	15,	2500.00,	37500.00,	1,	8,	1,	NULL,	0,	NULL,	'2019-12-16',	5,	5,	'2019-12-16 10:57:57'),
(7,	'REIL-29565',	NULL,	6,	'Testing',	10,	1200.00,	12000.00,	1,	0,	1,	NULL,	0,	NULL,	'2020-03-05',	1,	1,	'2020-03-05 22:44:53'),
(8,	'REST-56246',	'Request_detail # REST-3120',	9,	'Updated',	10,	100.00,	1000.00,	2,	8,	7,	0,	0,	NULL,	NULL,	NULL,	NULL,	'2020-03-06 06:29:07'),
(9,	'REST-23064',	'Request_detail # REST-77957',	10,	'Restriction 1',	10,	2500.00,	25000.00,	1,	8,	7,	0,	0,	NULL,	NULL,	NULL,	NULL,	'2020-03-06 06:45:55'),
(10,	'REST-34987',	'Request_detail # REST-28288',	10,	'Restriction 2',	50,	1500.00,	75000.00,	3,	8,	7,	0,	0,	NULL,	NULL,	NULL,	NULL,	'2020-03-06 06:45:55'),
(11,	'REST-32236',	'Request_detail # REST-38266',	11,	'Transoport 1',	10,	1200.00,	12000.00,	1,	8,	7,	0,	0,	NULL,	NULL,	NULL,	NULL,	'2020-03-06 17:38:19'),
(12,	'REST-49695',	'Request_detail # REST-55493',	11,	'Transoport 2',	15,	3400.00,	51000.00,	3,	8,	7,	0,	0,	NULL,	NULL,	NULL,	NULL,	'2020-03-06 10:36:12'),
(13,	'REST-76326',	'Request_detail # REST-6562',	12,	'Facilitator cost',	20,	4500.00,	90000.00,	2,	8,	7,	0,	0,	NULL,	NULL,	NULL,	NULL,	'2020-03-07 10:27:58'),
(14,	'REST-29332',	'Request_detail # REST-33241',	12,	'Meals',	10,	2100.00,	21000.00,	2,	8,	7,	0,	0,	NULL,	NULL,	NULL,	NULL,	'2020-03-07 10:27:58'),
(15,	'REST-10982',	'Request_detail # REST-53500',	13,	'Test request',	10,	2500.00,	25000.00,	2,	8,	5,	0,	0,	NULL,	NULL,	NULL,	NULL,	'2020-03-07 11:10:53'),
(16,	'REST-38611',	'Request_detail # REST-71590',	13,	'Test request 2',	15,	3500.00,	52500.00,	1,	8,	5,	0,	0,	NULL,	NULL,	NULL,	NULL,	'2020-03-07 11:10:54');

DROP TABLE IF EXISTS `request_type`;
CREATE TABLE `request_type` (
  `request_type_id` int(11) NOT NULL AUTO_INCREMENT,
  `request_type_track_number` varchar(100) NOT NULL,
  `request_type_name` varchar(100) NOT NULL,
  `request_type_is_active` int(5) NOT NULL DEFAULT '1',
  `fk_account_system_id` int(100) NOT NULL DEFAULT '1',
  `request_type_created_date` date DEFAULT NULL,
  `request_type_created_by` int(100) DEFAULT NULL,
  `request_type_last_modified_by` int(100) DEFAULT NULL,
  `request_type_last_modified_date` timestamp NULL DEFAULT CURRENT_TIMESTAMP,
  `fk_approval_id` int(100) DEFAULT NULL,
  `fk_status_id` int(100) DEFAULT NULL,
  PRIMARY KEY (`request_type_id`),
  KEY `fk_account_system_id` (`fk_account_system_id`),
  CONSTRAINT `request_type_ibfk_1` FOREIGN KEY (`fk_account_system_id`) REFERENCES `account_system` (`account_system_id`)
) ENGINE=InnoDB DEFAULT CHARSET=latin1;

INSERT INTO `request_type` (`request_type_id`, `request_type_track_number`, `request_type_name`, `request_type_is_active`, `fk_account_system_id`, `request_type_created_date`, `request_type_created_by`, `request_type_last_modified_by`, `request_type_last_modified_date`, `fk_approval_id`, `fk_status_id`) VALUES
(1,	'REPE-35675',	'General',	1,	1,	'2019-11-23',	1,	1,	'2019-11-23 14:37:14',	326,	85),
(2,	'REPE-52210',	'Child Protection',	1,	1,	'2019-11-23',	1,	1,	'2019-11-23 14:37:52',	327,	85),
(3,	'REPE-29451',	'Health',	1,	1,	'2019-11-23',	1,	1,	'2019-11-23 14:38:04',	328,	85);

DROP TABLE IF EXISTS `role`;
CREATE TABLE `role` (
  `role_id` int(100) NOT NULL AUTO_INCREMENT,
  `role_track_number` varchar(100) DEFAULT NULL,
  `role_name` varchar(100) DEFAULT NULL,
  `role_shortname` varchar(50) NOT NULL,
  `role_description` longtext,
  `role_is_active` int(5) DEFAULT NULL,
  `role_is_new_status_default` int(5) DEFAULT '0',
  `role_is_department_strict` int(5) DEFAULT '0',
  `role_created_by` int(100) DEFAULT NULL,
  `role_created_date` date DEFAULT NULL,
  `role_last_modified_date` timestamp NOT NULL DEFAULT CURRENT_TIMESTAMP,
  `role_last_modified_by` varchar(45) DEFAULT NULL,
  `role_deleted_at` date DEFAULT NULL,
  `fk_approval_id` int(100) DEFAULT NULL,
  `fk_status_id` int(100) DEFAULT NULL,
  PRIMARY KEY (`role_id`)
) ENGINE=InnoDB DEFAULT CHARSET=latin1;

INSERT INTO `role` (`role_id`, `role_track_number`, `role_name`, `role_shortname`, `role_description`, `role_is_active`, `role_is_new_status_default`, `role_is_department_strict`, `role_created_by`, `role_created_date`, `role_last_modified_date`, `role_last_modified_by`, `role_deleted_at`, `fk_approval_id`, `fk_status_id`) VALUES
(1,	'ROL-65362',	'Department Manager',	'departmentmanager',	'Department Manager',	1,	0,	1,	1,	'2019-11-04',	'2019-11-06 06:08:14',	'1',	NULL,	150,	46),
(2,	'ROLE-86037',	'Finance Director',	'financedirector',	'Finance Director',	1,	0,	0,	1,	'2019-11-08',	'2019-11-08 10:06:09',	'1',	NULL,	167,	46),
(3,	'ROLE-23190',	'Office Accountant',	'officeaccountant',	'An Office Accountant',	1,	0,	0,	1,	'2019-11-08',	'2019-11-08 11:38:04',	'1',	NULL,	175,	46),
(4,	'ROLE-9951',	'Admin',	'admin',	'This is a country admin',	1,	0,	0,	1,	'2019-11-20',	'2019-11-20 16:41:17',	'1',	NULL,	219,	46),
(5,	'ROLE-6494',	'National Office Accoutant',	'noaccountant',	'National Office Accoutant',	1,	0,	0,	1,	'2019-11-24',	'2019-11-24 21:53:12',	'1',	NULL,	353,	46),
(6,	'ROLE-8522',	'Test Role',	'tesrole',	'This is a test role',	1,	0,	0,	1,	'2019-11-25',	'2019-11-25 13:57:26',	'1',	NULL,	360,	46),
(7,	'ROLE-24515',	'Test Role 1',	'testrole1',	'Test Role 1',	1,	0,	0,	1,	'2019-11-26',	'2019-11-26 12:54:34',	'1',	NULL,	374,	46),
(8,	'ROLE-10917',	'Test Role 2',	'testrole2',	'Test role 2',	1,	0,	0,	1,	'2019-11-26',	'2019-11-26 12:55:01',	'1',	NULL,	375,	46),
(9,	'ROLE-80181',	'Affiliate Accountant',	'afficiliateaccountant',	'This is role which will allow holders add requests, vouchers etc',	1,	0,	0,	1,	'2019-11-26',	'2019-11-26 14:03:54',	'1',	NULL,	386,	46),
(10,	'ROLE-53004',	'System',	'system',	'This is system role',	1,	1,	0,	1,	'2020-03-07',	'2020-03-07 04:21:56',	'1',	NULL,	691,	46);

DROP TABLE IF EXISTS `role_permission`;
CREATE TABLE `role_permission` (
  `role_permission_id` int(100) NOT NULL AUTO_INCREMENT,
  `role_permission_track_number` varchar(100) NOT NULL,
  `role_permission_name` varchar(100) NOT NULL,
  `role_permission_is_active` int(5) NOT NULL,
  `fk_role_id` int(100) NOT NULL,
  `fk_permission_id` int(11) NOT NULL,
  `fk_approval_id` int(100) NOT NULL,
  `fk_status_id` int(100) NOT NULL,
  `role_permission_created_date` date NOT NULL,
  `role_permission_created_by` int(100) NOT NULL,
  `role_permission_last_modified_date` timestamp NOT NULL DEFAULT CURRENT_TIMESTAMP,
  `role_permission_last_modified_by` int(100) NOT NULL,
  PRIMARY KEY (`role_permission_id`),
  KEY `fk_role_id` (`fk_role_id`),
  KEY `fk_permission_id` (`fk_permission_id`),
  CONSTRAINT `role_permission_ibfk_4` FOREIGN KEY (`fk_role_id`) REFERENCES `role` (`role_id`) ON DELETE CASCADE,
  CONSTRAINT `role_permission_ibfk_5` FOREIGN KEY (`fk_permission_id`) REFERENCES `permission` (`permission_id`) ON DELETE CASCADE
) ENGINE=InnoDB DEFAULT CHARSET=latin1;

INSERT INTO `role_permission` (`role_permission_id`, `role_permission_track_number`, `role_permission_name`, `role_permission_is_active`, `fk_role_id`, `fk_permission_id`, `fk_approval_id`, `fk_status_id`, `role_permission_created_date`, `role_permission_created_by`, `role_permission_last_modified_date`, `role_permission_last_modified_by`) VALUES
(1,	'ROON-32271',	'Department manager listing banks',	1,	1,	18,	163,	48,	'2019-11-08',	1,	'2019-11-08 09:23:41',	1),
(2,	'ROON-23380',	'Department manager adding a bank',	1,	1,	19,	164,	48,	'2019-11-08',	1,	'2019-11-08 09:24:14',	1),
(3,	'ROON-53265',	'Department manager can change bank status',	1,	1,	21,	166,	48,	'2019-11-08',	1,	'2019-11-08 09:57:44',	1),
(4,	'ROON-88427',	'Finance Director listing banks',	1,	2,	18,	168,	48,	'2019-11-08',	1,	'2019-11-08 10:09:04',	1),
(5,	'ROON-85843',	'Finance Director Adding banks',	1,	2,	19,	169,	48,	'2019-11-08',	1,	'2019-11-08 10:09:34',	1),
(6,	'ROON-44018',	'List requests for Finance director',	1,	2,	22,	173,	48,	'2019-11-08',	1,	'2019-11-08 11:34:43',	1),
(7,	'ROON-9358',	'Add requests by Finance director',	1,	2,	23,	174,	48,	'2019-11-08',	1,	'2019-11-08 11:35:07',	1),
(8,	'ROON-30396',	'Finance Director can see the center name when adding a voucher on behalf of a center',	1,	2,	25,	187,	48,	'2019-11-08',	1,	'2019-11-08 12:39:25',	1),
(9,	'ROON-41670',	'List vouchers to Center Accountant',	0,	3,	26,	190,	48,	'2019-11-08',	1,	'2019-11-08 12:48:05',	1),
(10,	'ROON-77186',	'Allow center accountant to add a voucher',	1,	3,	27,	191,	48,	'2019-11-08',	1,	'2019-11-08 12:48:32',	1),
(11,	'ROON-72193',	'Show the voucher detail description field',	1,	2,	28,	193,	48,	'2019-11-08',	1,	'2019-11-08 13:31:03',	1),
(12,	'ROON-40527',	'Show voucher list to Finance Director',	1,	2,	26,	194,	48,	'2019-11-08',	1,	'2019-11-08 14:17:53',	1),
(13,	'ROON-58711',	'Add a voucher by Finance Director',	1,	2,	27,	195,	48,	'2019-11-08',	1,	'2019-11-08 14:18:12',	1),
(14,	'ROON-38943',	'Department manager able to update bank status',	1,	1,	29,	198,	48,	'2019-11-08',	1,	'2019-11-08 17:28:08',	1),
(15,	'ROON-76668',	'Department Manager editing a bank',	1,	1,	30,	200,	48,	'2019-11-08',	1,	'2019-11-08 17:31:28',	1),
(16,	'ROON-28987',	'Finance director editing a bank',	1,	2,	30,	201,	48,	'2019-11-08',	1,	'2019-11-08 17:31:49',	1),
(17,	'ROON-63197',	'Finance Director Listing all users',	1,	2,	31,	206,	48,	'2019-11-11',	1,	'2019-11-11 09:50:29',	1),
(18,	'ROON-77476',	'Show a list of permission labels',	1,	4,	32,	221,	48,	'2019-11-20',	1,	'2019-11-20 16:52:41',	1),
(19,	'ROON-49919',	'List all users',	1,	4,	33,	223,	48,	'2019-11-20',	1,	'2019-11-20 17:05:06',	1),
(20,	'ROON-67098',	'List all permission labels by an department head',	1,	1,	32,	224,	48,	'2019-11-20',	1,	'2019-11-20 17:12:14',	1),
(21,	'ROON-85421',	'Listing requests to center accountant',	1,	3,	22,	274,	48,	'2019-11-21',	1,	'2019-11-21 19:51:30',	1),
(22,	'ROON-78079',	'List requests',	1,	1,	22,	276,	48,	'2019-11-21',	1,	'2019-11-21 22:30:27',	1),
(23,	'ROON-12657',	'Accountant adding a request',	1,	3,	23,	284,	48,	'2019-11-22',	1,	'2019-11-22 10:15:49',	1),
(24,	'ROON-23493',	'Department manager adding a request',	1,	1,	23,	285,	48,	'2019-11-22',	1,	'2019-11-22 10:33:01',	1),
(25,	'ROON-40361',	'Accountant able to view menu items',	0,	3,	34,	349,	48,	'2019-11-23',	1,	'2019-11-23 18:12:31',	1),
(26,	'ROON-53893',	'Allowing listing of requests',	1,	6,	22,	361,	48,	'2019-11-25',	1,	'2019-11-25 13:59:46',	1),
(27,	'ROON-44503',	'Tesr role 1 listing requests',	1,	7,	22,	376,	48,	'2019-11-26',	1,	'2019-11-26 12:56:58',	1),
(28,	'ROON-34108',	'Role 1 Adding requests',	1,	7,	23,	377,	48,	'2019-11-26',	1,	'2019-11-26 12:57:18',	1),
(29,	'ROON-3556',	'Show requests to affiliate accountant',	1,	9,	22,	387,	48,	'2019-11-26',	1,	'2019-11-26 14:06:58',	1),
(30,	'ROON-43907',	'Add request by affiliate accountant',	1,	9,	23,	388,	48,	'2019-11-26',	1,	'2019-11-26 14:08:47',	1),
(31,	'ROON-37252',	'Show requests to AC',	1,	5,	22,	427,	48,	'2019-11-28',	1,	'2019-11-28 10:02:02',	1),
(32,	'ROON-52185',	'Edit request by Office accountant',	0,	3,	35,	479,	48,	'2019-12-16',	1,	'2019-12-16 15:39:14',	1),
(33,	'ROON-25570',	'Department Manager View a Financial Report',	1,	1,	39,	514,	48,	'2020-01-08',	1,	'2020-01-08 09:57:35',	1),
(34,	'ROON-26977',	'Office account view budget',	1,	3,	40,	705,	48,	'2020-03-07',	1,	'2020-03-07 06:38:18',	1),
(35,	'ROON-73605',	'Office Accountant View Journal',	1,	3,	41,	707,	48,	'2020-03-07',	1,	'2020-03-07 06:43:49',	1),
(37,	'ROON-28115',	'National Office ac showing vouchers',	1,	5,	26,	726,	48,	'2020-03-07',	1,	'2020-03-07 11:04:26',	1),
(38,	'ROON-30330',	'NO adding voucher',	1,	5,	27,	727,	48,	'2020-03-07',	1,	'2020-03-07 11:06:04',	1),
(39,	'ROON-75093',	'Dept Manager edit status',	1,	1,	42,	736,	48,	'2020-03-08',	1,	'2020-03-08 18:03:55',	1),
(40,	'ROON-65473',	'Show budget item to office accountant',	1,	3,	43,	739,	48,	'2020-03-08',	1,	'2020-03-08 20:56:05',	1),
(41,	'ROON-59184',	'Office accountant create a budget item',	1,	3,	44,	741,	48,	'2020-03-08',	1,	'2020-03-08 20:59:32',	1),
(42,	'ROON-10272',	'Accountant creating a budget',	1,	3,	45,	743,	48,	'2020-03-08',	1,	'2020-03-08 21:03:15',	1);

DROP TABLE IF EXISTS `setting`;
CREATE TABLE `setting` (
  `setting_id` int(11) NOT NULL AUTO_INCREMENT,
  `type` varchar(100) DEFAULT NULL,
  `description` varchar(100) DEFAULT NULL,
  `created_date` date DEFAULT NULL,
  `last_modified_date` date DEFAULT NULL,
  `deleted_date` date DEFAULT NULL,
  `created_by` int(100) DEFAULT NULL,
  `last_modified_by` int(100) DEFAULT NULL,
  PRIMARY KEY (`setting_id`)
) ENGINE=InnoDB DEFAULT CHARSET=latin1;

INSERT INTO `setting` (`setting_id`, `type`, `description`, `created_date`, `last_modified_date`, `deleted_date`, `created_by`, `last_modified_by`) VALUES
(1,	'system_name',	'Grants Management System',	NULL,	NULL,	NULL,	NULL,	NULL),
(2,	'system_title',	'Grants Management System',	NULL,	NULL,	NULL,	NULL,	NULL),
(3,	'address',	'1945 Nairobi',	NULL,	NULL,	NULL,	NULL,	NULL),
(4,	'phone',	'254711808071',	NULL,	NULL,	NULL,	NULL,	NULL),
(7,	'system_email',	'support@compassionkenya.com',	NULL,	NULL,	NULL,	NULL,	NULL),
(9,	'language',	'english',	NULL,	NULL,	NULL,	NULL,	NULL),
(10,	'text_align',	'left-to-right',	NULL,	NULL,	NULL,	NULL,	NULL),
(14,	'skin_colour',	'blue',	NULL,	NULL,	NULL,	NULL,	NULL);

DROP TABLE IF EXISTS `status`;
CREATE TABLE `status` (
  `status_id` int(11) NOT NULL AUTO_INCREMENT,
  `status_track_number` varchar(100) NOT NULL,
  `status_name` varchar(50) NOT NULL,
  `fk_workflow_id` int(11) NOT NULL,
  `fk_approve_item_id` int(11) NOT NULL,
  `status_approval_sequence` int(10) NOT NULL,
  `status_backflow_sequence` int(10) NOT NULL,
  `status_approval_direction` int(5) NOT NULL COMMENT '1-straight jumps, 0 - return jumps, -1 - reverse jump',
  `status_is_requiring_approver_action` int(5) NOT NULL DEFAULT '1',
  `fk_role_id` int(100) NOT NULL,
  `fk_account_system_id` int(100) NOT NULL DEFAULT '1',
  `status_created_date` date NOT NULL,
  `status_created_by` int(100) NOT NULL,
  `status_last_modified_date` timestamp NOT NULL DEFAULT CURRENT_TIMESTAMP ON UPDATE CURRENT_TIMESTAMP,
  `status_last_modified_by` int(100) NOT NULL,
  `fk_approval_id` int(100) DEFAULT NULL,
  `fk_status_id` int(100) DEFAULT NULL,
  PRIMARY KEY (`status_id`),
  KEY `fk_approve_item_id` (`fk_approve_item_id`),
  KEY `fk_role_id` (`fk_role_id`),
  KEY `fk_account_system_id` (`fk_account_system_id`),
  CONSTRAINT `status_ibfk_2` FOREIGN KEY (`fk_approve_item_id`) REFERENCES `approve_item` (`approve_item_id`),
  CONSTRAINT `status_ibfk_3` FOREIGN KEY (`fk_role_id`) REFERENCES `role` (`role_id`),
  CONSTRAINT `status_ibfk_4` FOREIGN KEY (`fk_account_system_id`) REFERENCES `account_system` (`account_system_id`)
) ENGINE=InnoDB DEFAULT CHARSET=latin1;

INSERT INTO `status` (`status_id`, `status_track_number`, `status_name`, `fk_workflow_id`, `fk_approve_item_id`, `status_approval_sequence`, `status_backflow_sequence`, `status_approval_direction`, `status_is_requiring_approver_action`, `fk_role_id`, `fk_account_system_id`, `status_created_date`, `status_created_by`, `status_last_modified_date`, `status_last_modified_by`, `fk_approval_id`, `fk_status_id`) VALUES
(1,	'',	'New',	2,	1,	1,	0,	1,	1,	3,	1,	'0000-00-00',	0,	'2020-03-08 17:52:15',	0,	NULL,	NULL),
(2,	'',	'Submitted to Head of Department	',	2,	1,	2,	0,	1,	1,	1,	1,	'0000-00-00',	0,	'2020-03-08 17:52:15',	0,	NULL,	NULL),
(3,	'',	'Approved By Head of Department',	2,	1,	3,	0,	1,	1,	2,	1,	'0000-00-00',	0,	'2020-03-08 17:52:15',	0,	NULL,	NULL),
(4,	'',	'Declined By Head of Department',	2,	1,	2,	1,	-1,	1,	1,	1,	'0000-00-00',	0,	'2020-03-08 17:52:15',	0,	NULL,	NULL),
(5,	'',	'Approved By Finance Director',	2,	1,	4,	0,	1,	1,	5,	1,	'0000-00-00',	0,	'2020-03-08 17:52:15',	0,	NULL,	NULL),
(6,	'',	'Declined By Finance Director',	2,	1,	3,	1,	-1,	1,	2,	1,	'0000-00-00',	0,	'2020-03-08 17:52:15',	0,	NULL,	NULL),
(7,	'',	'Paid By Accountant',	2,	1,	5,	0,	1,	0,	5,	1,	'0000-00-00',	0,	'2020-03-08 17:52:15',	0,	NULL,	NULL),
(8,	'',	'Reinstated to Head of Department',	2,	1,	2,	0,	0,	1,	1,	1,	'0000-00-00',	0,	'2020-03-08 17:52:15',	0,	NULL,	NULL),
(9,	'',	'Reinstate to Finance Director',	2,	1,	3,	0,	0,	1,	2,	1,	'0000-00-00',	0,	'2020-03-08 17:52:15',	0,	NULL,	NULL),
(10,	'',	'Submitted to Department Manager',	4,	2,	2,	0,	1,	1,	1,	1,	'0000-00-00',	0,	'2020-03-08 20:15:26',	0,	NULL,	NULL),
(11,	'',	'Approved By Department Manager',	4,	2,	3,	0,	1,	0,	5,	1,	'0000-00-00',	0,	'2020-03-08 20:16:30',	0,	NULL,	NULL),
(12,	'',	'Declined By Department Manager',	4,	2,	2,	1,	-1,	1,	1,	1,	'0000-00-00',	0,	'2020-03-08 20:15:47',	0,	NULL,	NULL),
(13,	'',	'Reinstated to Department Manager',	4,	2,	2,	0,	0,	1,	1,	1,	'0000-00-00',	0,	'2020-03-08 20:16:05',	0,	NULL,	NULL),
(14,	'',	'New',	3,	3,	1,	0,	1,	1,	3,	1,	'0000-00-00',	0,	'2020-03-08 20:11:16',	0,	NULL,	NULL),
(15,	'',	'Submitted to Head of Department',	3,	3,	2,	0,	1,	1,	1,	1,	'0000-00-00',	0,	'2020-03-08 20:05:20',	0,	NULL,	NULL),
(16,	'',	'Approved By Head of Department',	3,	3,	3,	0,	1,	1,	2,	1,	'0000-00-00',	0,	'2020-03-08 20:04:20',	0,	NULL,	NULL),
(17,	'',	'Declined By Head of Department',	3,	3,	2,	1,	-1,	1,	1,	1,	'0000-00-00',	0,	'2020-03-08 20:07:08',	0,	NULL,	NULL),
(18,	'',	'Approved By Finance Director',	3,	3,	4,	0,	1,	1,	5,	1,	'0000-00-00',	0,	'2020-03-08 20:12:39',	0,	NULL,	NULL),
(19,	'',	'Declined By Finance Director',	3,	3,	3,	1,	-1,	1,	2,	1,	'0000-00-00',	0,	'2020-03-08 20:04:57',	0,	NULL,	NULL),
(20,	'',	'Paid By Accountant',	3,	3,	5,	0,	1,	0,	5,	1,	'0000-00-00',	0,	'2020-03-08 20:13:28',	0,	NULL,	NULL),
(21,	'',	'Reinstated to Head of Department',	3,	3,	2,	0,	1,	1,	1,	1,	'0000-00-00',	0,	'2020-03-08 20:07:30',	0,	NULL,	NULL),
(22,	'',	'Reinstated to Finance Director',	3,	3,	3,	0,	1,	1,	2,	1,	'0000-00-00',	0,	'2020-03-08 20:08:27',	0,	NULL,	NULL),
(23,	'',	'New',	2,	4,	1,	0,	1,	0,	1,	1,	'0000-00-00',	0,	'2020-03-08 17:52:15',	0,	NULL,	NULL),
(30,	'',	'New',	5,	5,	1,	0,	1,	1,	3,	1,	'0000-00-00',	0,	'2020-03-08 20:17:04',	0,	714,	57),
(33,	'',	'New',	2,	8,	1,	0,	1,	0,	1,	1,	'2019-10-22',	1,	'2020-03-08 17:52:15',	1,	NULL,	NULL),
(34,	'',	'New',	2,	9,	1,	0,	1,	0,	1,	1,	'2019-10-22',	1,	'2020-03-08 17:52:15',	1,	NULL,	NULL),
(38,	'',	'New',	2,	13,	1,	0,	1,	0,	1,	1,	'2019-10-22',	1,	'2020-03-08 17:52:15',	1,	NULL,	NULL),
(39,	'',	'New',	2,	14,	1,	0,	1,	0,	3,	1,	'2019-10-22',	1,	'2020-03-08 17:52:15',	1,	NULL,	NULL),
(43,	'',	'New',	2,	18,	1,	0,	1,	0,	1,	1,	'2019-10-25',	1,	'2020-03-08 17:52:15',	1,	NULL,	NULL),
(44,	'',	'New',	2,	19,	1,	0,	1,	0,	1,	1,	'2019-11-03',	1,	'2020-03-08 17:52:15',	1,	NULL,	NULL),
(45,	'',	'New',	2,	20,	1,	0,	1,	0,	1,	1,	'2019-11-03',	1,	'2020-03-08 17:52:15',	1,	NULL,	NULL),
(46,	'',	'New',	2,	21,	1,	0,	1,	0,	1,	1,	'2019-11-04',	1,	'2020-03-08 17:52:15',	1,	NULL,	NULL),
(47,	'',	'New',	2,	22,	1,	0,	1,	0,	1,	1,	'2019-11-04',	1,	'2020-03-08 17:52:15',	1,	NULL,	NULL),
(48,	'',	'New',	2,	23,	1,	0,	1,	0,	1,	1,	'2019-11-04',	1,	'2020-03-08 17:52:15',	1,	NULL,	NULL),
(49,	'',	'New',	2,	24,	1,	0,	1,	0,	1,	1,	'2019-11-05',	1,	'2020-03-08 17:52:15',	1,	NULL,	NULL),
(50,	'',	'New',	2,	25,	1,	0,	1,	0,	1,	1,	'2019-11-06',	1,	'2020-03-08 17:52:15',	1,	NULL,	NULL),
(51,	'',	'New',	2,	26,	1,	0,	1,	0,	1,	1,	'2019-11-06',	1,	'2020-03-08 17:52:15',	1,	NULL,	NULL),
(52,	'',	'New',	2,	27,	1,	0,	1,	0,	1,	1,	'2019-11-07',	1,	'2020-03-08 17:52:15',	1,	NULL,	NULL),
(53,	'',	'New',	2,	28,	1,	0,	1,	0,	1,	1,	'2019-11-07',	1,	'2020-03-08 17:52:15',	1,	NULL,	NULL),
(54,	'',	'New',	2,	29,	1,	0,	1,	0,	1,	1,	'2019-11-07',	1,	'2020-03-08 17:52:15',	1,	NULL,	NULL),
(55,	'',	'New',	2,	30,	1,	0,	1,	0,	1,	1,	'2019-11-07',	1,	'2020-03-08 17:52:15',	1,	NULL,	NULL),
(56,	'',	'New',	2,	31,	1,	0,	1,	0,	1,	1,	'2019-11-07',	1,	'2020-03-08 17:52:15',	1,	NULL,	NULL),
(57,	'',	'New',	2,	32,	1,	0,	1,	0,	1,	1,	'2019-11-07',	1,	'2020-03-08 17:52:15',	1,	NULL,	NULL),
(58,	'',	'New',	2,	33,	1,	0,	1,	0,	2,	1,	'2019-11-13',	1,	'2020-03-08 17:52:15',	1,	NULL,	NULL),
(59,	'',	'New',	2,	34,	1,	0,	1,	0,	2,	1,	'2019-11-13',	1,	'2020-03-08 17:52:15',	1,	NULL,	NULL),
(61,	'',	'New',	2,	36,	1,	0,	1,	0,	2,	1,	'2019-11-21',	1,	'2020-03-08 17:52:15',	1,	NULL,	NULL),
(62,	'',	'New',	2,	37,	1,	0,	1,	0,	2,	1,	'2019-11-21',	1,	'2020-03-08 17:52:15',	1,	NULL,	NULL),
(63,	'',	'New',	2,	38,	1,	0,	1,	0,	2,	1,	'2019-11-21',	1,	'2020-03-08 17:52:15',	1,	NULL,	NULL),
(64,	'',	'New',	2,	39,	1,	0,	1,	0,	2,	1,	'2019-11-21',	1,	'2020-03-08 17:52:15',	1,	NULL,	NULL),
(65,	'',	'New',	2,	40,	1,	0,	1,	0,	2,	1,	'2019-11-21',	1,	'2020-03-08 17:52:15',	1,	NULL,	NULL),
(66,	'',	'New',	0,	41,	1,	0,	1,	0,	2,	1,	'2019-11-21',	1,	'2019-11-21 05:43:37',	1,	NULL,	NULL),
(67,	'',	'New',	0,	42,	1,	0,	1,	0,	2,	1,	'2019-11-21',	1,	'2019-11-21 05:45:54',	1,	NULL,	NULL),
(68,	'',	'New',	0,	43,	1,	0,	1,	0,	2,	1,	'2019-11-21',	1,	'2019-11-21 05:48:36',	1,	NULL,	NULL),
(69,	'',	'New',	0,	44,	1,	0,	1,	0,	2,	1,	'2019-11-21',	1,	'2019-11-21 05:52:00',	1,	NULL,	NULL),
(70,	'',	'New',	0,	45,	1,	0,	1,	0,	2,	1,	'2019-11-21',	1,	'2019-11-21 05:56:56',	1,	NULL,	NULL),
(71,	'',	'New',	0,	46,	1,	0,	1,	0,	2,	1,	'2019-11-21',	1,	'2019-11-21 14:51:30',	1,	NULL,	NULL),
(72,	'',	'New',	0,	47,	1,	0,	1,	0,	2,	1,	'2019-11-21',	1,	'2019-11-21 15:40:57',	1,	NULL,	NULL),
(73,	'',	'New',	0,	48,	1,	0,	1,	0,	2,	1,	'2019-11-21',	1,	'2019-11-21 16:09:50',	1,	NULL,	NULL),
(74,	'',	'New',	0,	49,	1,	0,	1,	0,	2,	1,	'2019-11-21',	1,	'2019-11-21 16:14:04',	1,	NULL,	NULL),
(75,	'',	'New',	0,	50,	1,	0,	1,	0,	2,	1,	'2019-11-21',	1,	'2019-11-21 16:31:45',	1,	NULL,	NULL),
(76,	'',	'New',	0,	51,	1,	0,	1,	0,	2,	1,	'2019-11-21',	1,	'2019-11-21 16:37:42',	1,	NULL,	NULL),
(77,	'',	'New',	0,	52,	1,	0,	1,	0,	2,	1,	'2019-11-22',	1,	'2019-11-22 07:22:23',	1,	NULL,	NULL),
(78,	'',	'New',	0,	53,	1,	0,	1,	0,	2,	1,	'2019-11-22',	1,	'2019-11-22 07:52:16',	1,	NULL,	NULL),
(79,	'',	'New',	0,	54,	1,	0,	1,	0,	2,	1,	'2019-11-22',	1,	'2019-11-22 08:29:59',	1,	NULL,	NULL),
(80,	'',	'New',	0,	55,	1,	0,	1,	0,	2,	1,	'2019-11-22',	1,	'2019-11-22 08:35:26',	1,	NULL,	NULL),
(81,	'',	'New',	0,	56,	1,	0,	1,	0,	2,	1,	'2019-11-22',	1,	'2019-11-22 22:07:30',	1,	NULL,	NULL),
(82,	'',	'New',	0,	57,	1,	0,	1,	0,	2,	1,	'2019-11-23',	1,	'2019-11-23 08:19:50',	1,	NULL,	NULL),
(83,	'',	'New',	0,	58,	1,	0,	1,	0,	2,	1,	'2019-11-23',	1,	'2019-11-23 08:19:50',	1,	NULL,	NULL),
(84,	'',	'New',	0,	59,	1,	0,	1,	0,	2,	1,	'2019-11-23',	1,	'2019-11-23 14:11:51',	1,	NULL,	NULL),
(85,	'',	'New',	0,	60,	1,	0,	1,	0,	2,	1,	'2019-11-23',	1,	'2019-11-23 14:31:51',	1,	NULL,	NULL),
(86,	'',	'New',	0,	61,	1,	0,	1,	0,	2,	1,	'2019-11-23',	1,	'2019-11-23 15:32:11',	1,	NULL,	NULL),
(87,	'STUS-43859',	'New',	0,	62,	1,	0,	1,	0,	10,	1,	'2019-11-23',	1,	'2020-03-07 04:24:52',	1,	NULL,	NULL),
(88,	'',	'New',	0,	68,	1,	0,	1,	0,	2,	1,	'2019-11-23',	1,	'2019-11-23 15:32:11',	1,	NULL,	NULL),
(89,	'',	'New',	0,	67,	1,	0,	1,	0,	2,	1,	'2019-11-23',	1,	'2019-11-23 15:32:11',	1,	NULL,	NULL),
(90,	'',	'New',	0,	71,	1,	0,	1,	0,	2,	1,	'2019-11-23',	1,	'2019-11-23 15:32:11',	1,	NULL,	NULL),
(91,	'',	'New',	0,	72,	1,	0,	1,	0,	2,	1,	'2019-11-23',	1,	'2019-11-23 15:32:11',	1,	NULL,	NULL),
(92,	'',	'New',	0,	73,	1,	0,	1,	0,	2,	1,	'2019-11-23',	1,	'2019-11-23 15:32:11',	1,	NULL,	NULL),
(93,	'',	'New',	0,	74,	1,	0,	1,	0,	2,	1,	'2019-11-23',	1,	'2019-11-23 15:32:11',	1,	NULL,	NULL),
(94,	'',	'New',	0,	75,	1,	0,	1,	0,	2,	1,	'2019-11-23',	1,	'2019-11-23 15:32:11',	1,	NULL,	NULL),
(95,	'',	'New',	0,	79,	1,	0,	1,	0,	2,	1,	'2019-11-23',	1,	'2019-11-23 15:32:11',	1,	NULL,	NULL),
(96,	'STUS-54949',	'New',	0,	2,	1,	0,	1,	1,	3,	1,	'2020-03-07',	1,	'2020-03-07 01:49:55',	1,	684,	57),
(97,	'STUS-70496',	'Submitted to Department Manager',	0,	14,	2,	0,	1,	1,	1,	1,	'2020-03-07',	1,	'2020-03-07 02:53:43',	1,	686,	57),
(98,	'STUS-24617',	'Declined By Department Manager',	0,	14,	2,	1,	-1,	1,	1,	1,	'2020-03-07',	1,	'2020-03-07 02:55:07',	1,	687,	57),
(99,	'STUS-10895',	'Reinstated to Department Manager',	0,	14,	2,	2,	1,	1,	1,	1,	'2020-03-07',	1,	'2020-03-07 02:57:04',	1,	688,	57),
(100,	'STUS-24483',	'Approved By Department Manager',	0,	14,	3,	0,	1,	0,	5,	1,	'2020-03-07',	1,	'2020-03-07 02:58:29',	1,	689,	57),
(102,	'STUS-39265',	'Approval In-Progress',	0,	62,	2,	0,	1,	0,	10,	1,	'2020-03-07',	1,	'2020-03-07 04:23:50',	1,	692,	57),
(103,	'STUS-52120',	'Approval Completed',	0,	62,	3,	0,	1,	0,	10,	1,	'2020-03-07',	1,	'2020-03-07 04:25:37',	1,	693,	57),
(104,	'STUS-48476',	'Submitted to department manager',	0,	5,	2,	0,	1,	1,	1,	1,	'2020-03-07',	1,	'2020-03-07 07:09:28',	1,	714,	57),
(105,	'STUS-26860',	'Approved by Department Manager',	0,	5,	3,	0,	1,	0,	10,	1,	'2020-03-07',	1,	'2020-03-07 07:43:20',	1,	715,	57);

DROP TABLE IF EXISTS `status_role`;
CREATE TABLE `status_role` (
  `status_role_id` int(100) NOT NULL AUTO_INCREMENT,
  `status_role_track_number` varchar(100) NOT NULL,
  `status_role_name` varchar(50) NOT NULL,
  `fk_role_id` int(100) NOT NULL,
  `fk_status_id` int(11) NOT NULL,
  `status_role_created_by` int(100) NOT NULL,
  `status_role_created_date` date NOT NULL DEFAULT '0000-00-00',
  `status_role_last_modified_by` int(100) NOT NULL,
  `status_role_last_modified_date` timestamp NOT NULL DEFAULT CURRENT_TIMESTAMP ON UPDATE CURRENT_TIMESTAMP,
  `fk_approval_id` int(11) NOT NULL,
  PRIMARY KEY (`status_role_id`),
  KEY `fk_role_id` (`fk_role_id`),
  CONSTRAINT `status_role_ibfk_4` FOREIGN KEY (`fk_role_id`) REFERENCES `role` (`role_id`) ON DELETE CASCADE
) ENGINE=InnoDB DEFAULT CHARSET=latin1;

INSERT INTO `status_role` (`status_role_id`, `status_role_track_number`, `status_role_name`, `fk_role_id`, `fk_status_id`, `status_role_created_by`, `status_role_created_date`, `status_role_last_modified_by`, `status_role_last_modified_date`, `fk_approval_id`) VALUES
(16,	'STLE-30532',	'New request actor for center ',	3,	14,	1,	'2020-03-09',	1,	'2020-03-09 06:15:45',	757),
(17,	'STLE-27000',	'Request Approval by Head Of Department',	1,	15,	1,	'2020-03-09',	1,	'2020-03-09 06:17:46',	758);

DROP TABLE IF EXISTS `transaction_effect`;
CREATE TABLE `transaction_effect` (
  `transaction_effect_id` int(100) NOT NULL AUTO_INCREMENT,
  `transaction_effect_name` varchar(100) DEFAULT NULL,
  `transaction_effect_created_date` date DEFAULT NULL,
  `transaction_effect_last_modified_date` date DEFAULT NULL,
  `transaction_effect_deleted_date` date DEFAULT NULL,
  `transaction_effect_created_by` int(100) DEFAULT NULL,
  `transaction_effect_last_modified_by` int(100) DEFAULT NULL,
  PRIMARY KEY (`transaction_effect_id`)
) ENGINE=InnoDB DEFAULT CHARSET=latin1;

INSERT INTO `transaction_effect` (`transaction_effect_id`, `transaction_effect_name`, `transaction_effect_created_date`, `transaction_effect_last_modified_date`, `transaction_effect_deleted_date`, `transaction_effect_created_by`, `transaction_effect_last_modified_by`) VALUES
(1,	'payment',	NULL,	NULL,	NULL,	NULL,	NULL),
(2,	'revenue',	NULL,	NULL,	NULL,	NULL,	NULL);

DROP TABLE IF EXISTS `translation`;
CREATE TABLE `translation` (
  `translation_id` int(100) NOT NULL AUTO_INCREMENT,
  `language_phrase_id` int(100) DEFAULT NULL,
  `language_id` int(100) DEFAULT NULL,
  `translate` longtext,
  `created_date` date DEFAULT NULL,
  `last_modified_date` date DEFAULT NULL,
  `deleted_date` date DEFAULT NULL,
  `created_by` int(100) DEFAULT NULL,
  `last_modified_by` int(100) DEFAULT NULL,
  PRIMARY KEY (`translation_id`),
  KEY `fk_translation_language1_idx` (`language_id`),
  KEY `fk_translation_language_phrase1_idx` (`language_phrase_id`),
  CONSTRAINT `fk_translation_language1` FOREIGN KEY (`language_id`) REFERENCES `language` (`language_id`) ON DELETE NO ACTION ON UPDATE NO ACTION,
  CONSTRAINT `fk_translation_language_phrase1` FOREIGN KEY (`language_phrase_id`) REFERENCES `language_phrase` (`language_phrase_id`) ON DELETE NO ACTION ON UPDATE NO ACTION
) ENGINE=InnoDB DEFAULT CHARSET=latin1;


DROP TABLE IF EXISTS `user`;
CREATE TABLE `user` (
  `user_id` int(100) NOT NULL AUTO_INCREMENT,
  `user_track_number` varchar(100) NOT NULL,
  `user_name` varchar(100) NOT NULL,
  `shortname` varchar(20) NOT NULL,
  `user_firstname` varchar(100) NOT NULL,
  `user_lastname` varchar(100) NOT NULL,
  `user_email` varchar(100) NOT NULL,
  `fk_context_definition_id` int(100) NOT NULL,
  `user_is_context_manager` int(5) NOT NULL,
  `user_is_system_admin` int(5) NOT NULL DEFAULT '0',
  `fk_language_id` int(100) DEFAULT NULL COMMENT 'User''s default language',
  `user_is_active` int(5) NOT NULL DEFAULT '1',
  `fk_role_id` int(100) DEFAULT NULL,
  `user_password` varchar(100) NOT NULL,
  `user_created_date` date NOT NULL,
  `user_created_by` int(100) NOT NULL,
  `user_last_modified_date` timestamp NOT NULL DEFAULT CURRENT_TIMESTAMP,
  `user_last_modifed_by` int(100) DEFAULT NULL,
  `user_last_modified_by` int(100) NOT NULL,
  `fk_approval_id` int(100) DEFAULT NULL,
  `fk_status_id` int(100) DEFAULT NULL,
  PRIMARY KEY (`user_id`),
  UNIQUE KEY `user_name` (`user_name`),
  UNIQUE KEY `user_email` (`user_email`),
  KEY `fk_language_id` (`fk_language_id`),
  KEY `fk_role_id` (`fk_role_id`),
  KEY `fk_center_group_hierarchy_id` (`fk_context_definition_id`),
  CONSTRAINT `user_ibfk_2` FOREIGN KEY (`fk_role_id`) REFERENCES `role` (`role_id`),
  CONSTRAINT `user_ibfk_3` FOREIGN KEY (`fk_language_id`) REFERENCES `language` (`language_id`),
  CONSTRAINT `user_ibfk_4` FOREIGN KEY (`fk_context_definition_id`) REFERENCES `context_definition` (`context_definition_id`)
) ENGINE=InnoDB DEFAULT CHARSET=latin1;

INSERT INTO `user` (`user_id`, `user_track_number`, `user_name`, `shortname`, `user_firstname`, `user_lastname`, `user_email`, `fk_context_definition_id`, `user_is_context_manager`, `user_is_system_admin`, `fk_language_id`, `user_is_active`, `fk_role_id`, `user_password`, `user_created_date`, `user_created_by`, `user_last_modified_date`, `user_last_modifed_by`, `user_last_modified_by`, `fk_approval_id`, `fk_status_id`) VALUES
(1,	'USR-84763',	'Nicodemus Karisa',	'',	'Nicodemus',	'Karisa',	'nkmwambs@gmail.com',	10,	0,	1,	1,	1,	1,	'fbdf9989ea636d6b339fd6b85f63e06e',	'0000-00-00',	0,	'2019-11-07 07:54:59',	NULL,	0,	NULL,	NULL),
(2,	'USER-24279',	'Mwambire Karisa',	'',	'Mwambire',	'Karisa ',	'nkmwambs2@gmail.com',	8,	0,	0,	1,	1,	2,	'fbdf9989ea636d6b339fd6b85f63e06e',	'2019-11-08',	1,	'2019-11-08 07:21:31',	NULL,	1,	160,	54),
(4,	'USER-85054',	'Joyce Cherono',	'',	'Joyce',	'Cherono',	'jcherono@gmail.com',	8,	0,	0,	1,	1,	1,	'fbdf9989ea636d6b339fd6b85f63e06e',	'2019-11-08',	1,	'2019-11-08 07:55:20',	NULL,	1,	162,	54),
(5,	'USER-35106',	'David Mbitsi',	'',	'David',	'Mbitsi',	'davidm@gmail.com',	13,	0,	0,	1,	1,	3,	'fbdf9989ea636d6b339fd6b85f63e06e',	'2019-11-08',	1,	'2019-11-08 11:57:17',	NULL,	1,	176,	54),
(6,	'USER-8011',	'Betty Kanze',	'',	'Betty',	'Kanze',	'byeri@gmail.com',	13,	0,	0,	1,	1,	3,	'fbdf9989ea636d6b339fd6b85f63e06e',	'2019-11-08',	1,	'2019-11-08 12:14:22',	NULL,	1,	177,	54),
(7,	'USER-74028',	'Livingstone Onduso',	'',	'Livingstone',	'Onduso',	'onduso@gmail.com',	8,	0,	1,	1,	1,	1,	'fbdf9989ea636d6b339fd6b85f63e06e',	'2019-11-08',	1,	'2019-11-08 12:16:01',	NULL,	1,	178,	54),
(8,	'USER-56932',	'John Koi',	'',	'John',	'Koi',	'jkoi@gmail.com',	9,	0,	0,	1,	1,	3,	'fbdf9989ea636d6b339fd6b85f63e06e',	'2019-11-08',	1,	'2019-11-08 12:18:44',	NULL,	1,	179,	54),
(9,	'USER-42367',	'Mapenzi Amani',	'',	'Mapenzi',	'Amani',	'mapenzi@gmail.com',	8,	0,	0,	1,	1,	1,	'fbdf9989ea636d6b339fd6b85f63e06e',	'2019-11-08',	1,	'2019-11-08 12:23:24',	NULL,	1,	180,	54),
(10,	'USER-14904',	'Hellen Bahati',	'',	'Hellen',	'Bahati',	'hellen@gmail.com',	8,	0,	0,	1,	1,	1,	'fbdf9989ea636d6b339fd6b85f63e06e',	'2019-11-08',	1,	'2019-11-08 12:24:18',	NULL,	1,	181,	54),
(11,	'USER-45040',	'Trizer Bethuel',	'',	'Trizer',	'Bethuel',	'trizer@gmail.com',	12,	0,	0,	1,	1,	1,	'fbdf9989ea636d6b339fd6b85f63e06e',	'2019-11-08',	1,	'2019-11-08 12:26:22',	NULL,	1,	182,	54),
(12,	'USER-19929',	'Admin Main',	'',	'Main',	'Admin',	'admin@gmail.com',	8,	0,	0,	1,	1,	4,	'fbdf9989ea636d6b339fd6b85f63e06e',	'2019-11-20',	1,	'2019-11-20 16:40:43',	NULL,	1,	218,	54),
(13,	'USER-13258',	'Joan Kampala',	'jkampala',	'Joan',	'Kampala',	'jkampala@gmail.com',	13,	0,	0,	1,	1,	3,	'fbdf9989ea636d6b339fd6b85f63e06e',	'2019-11-25',	1,	'2019-11-25 07:26:30',	1,	1,	357,	54),
(14,	'USER-39078',	'Test User',	'',	'Test',	'User',	'tuser@gmail.com',	10,	0,	0,	1,	1,	6,	'fbdf9989ea636d6b339fd6b85f63e06e',	'2019-11-25',	1,	'2019-11-25 14:07:15',	NULL,	1,	363,	54),
(15,	'USER-29419',	'Test User 2',	'',	'Test ',	'User 2',	'testuser2@gmail.com',	13,	0,	0,	1,	1,	7,	'fbdf9989ea636d6b339fd6b85f63e06e',	'2019-11-26',	1,	'2019-11-26 13:03:56',	NULL,	1,	378,	54),
(16,	'USER-72870',	'Wilson Gitonga',	'',	'Wilson ',	'Wilson Gitonga',	'wilson@gmail.com',	13,	0,	0,	1,	1,	9,	'fbdf9989ea636d6b339fd6b85f63e06e',	'2019-11-26',	1,	'2019-11-26 14:12:12',	NULL,	1,	389,	54),
(17,	'USER-1336',	'Mary Joy',	'',	'Mary',	'Joy',	'joy@gmail.com',	10,	0,	0,	1,	1,	2,	'fbdf9989ea636d6b339fd6b85f63e06e',	'2019-11-27',	1,	'2019-11-27 13:37:07',	NULL,	1,	410,	54),
(18,	'USER-20992',	'Ben Ken',	'',	'Ben',	'Ken',	'ben@gmail.com',	10,	0,	0,	1,	1,	5,	'fbdf9989ea636d6b339fd6b85f63e06e',	'2019-11-28',	1,	'2019-11-28 09:55:58',	NULL,	1,	426,	54),
(19,	'USER-64685',	'wilson.emacke',	'',	'Wilson',	'Gitonga',	'wilson.emacke@gmail.com',	10,	1,	0,	1,	1,	2,	'fbdf9989ea636d6b339fd6b85f63e06e',	'2020-03-06',	1,	'2020-03-06 09:05:54',	NULL,	1,	678,	54);

DROP TABLE IF EXISTS `variance_note`;
CREATE TABLE `variance_note` (
  `variance_note_id` int(100) NOT NULL AUTO_INCREMENT,
  `reconciliation_id` int(100) DEFAULT NULL,
  `expense_account_id` int(100) DEFAULT NULL,
  `created_by` varchar(45) DEFAULT NULL,
  `created_date` varchar(45) DEFAULT NULL,
  `last_modified_date` varchar(45) DEFAULT NULL,
  `last_modified_by` varchar(45) DEFAULT NULL,
  `variance_note_detail` longtext,
  PRIMARY KEY (`variance_note_id`),
  KEY `fk_variance_comment_reconciliation1_idx` (`reconciliation_id`),
  KEY `fk_variance_comment_expense_account1_idx` (`expense_account_id`),
  CONSTRAINT `fk_variance_comment_expense_account1` FOREIGN KEY (`expense_account_id`) REFERENCES `expense_account` (`expense_account_id`) ON DELETE NO ACTION ON UPDATE NO ACTION,
  CONSTRAINT `fk_variance_comment_reconciliation1` FOREIGN KEY (`reconciliation_id`) REFERENCES `reconciliation` (`reconciliation_id`) ON DELETE NO ACTION ON UPDATE NO ACTION
) ENGINE=InnoDB DEFAULT CHARSET=latin1;


DROP TABLE IF EXISTS `voucher`;
CREATE TABLE `voucher` (
  `voucher_id` int(100) NOT NULL AUTO_INCREMENT,
  `voucher_track_number` varchar(50) DEFAULT NULL,
  `voucher_name` varchar(100) DEFAULT NULL,
  `voucher_number` int(10) DEFAULT NULL,
  `fk_office_id` int(100) DEFAULT NULL,
  `voucher_date` date DEFAULT NULL,
  `fk_voucher_type_id` int(100) DEFAULT NULL,
  `voucher_cleared` int(5) DEFAULT '0',
  `voucher_cleared_month` date DEFAULT NULL,
  `fk_approval_id` int(100) DEFAULT NULL,
  `fk_status_id` int(100) DEFAULT NULL,
  `fk_office_bank_id` int(100) DEFAULT NULL,
  `voucher_cheque_number` int(100) DEFAULT NULL,
  `voucher_transaction_cleared_date` date DEFAULT '0000-00-00',
  `voucher_transaction_cleared_month` date DEFAULT '0000-00-00',
  `voucher_vendor` varchar(100) DEFAULT NULL,
  `voucher_vendor_address` varchar(100) DEFAULT NULL,
  `voucher_description` varchar(200) DEFAULT NULL,
  `voucher_allow_edit` int(5) DEFAULT '0',
  `voucher_created_by` int(100) DEFAULT NULL,
  `voucher_created_date` date DEFAULT NULL,
  `voucher_last_modified_date` timestamp NULL DEFAULT CURRENT_TIMESTAMP,
  `voucher_last_modified_by` int(100) DEFAULT NULL,
  PRIMARY KEY (`voucher_id`),
  KEY `fk_voucher_center1_idx` (`fk_office_id`),
  KEY `fk_voucher_voucher_type1_idx` (`fk_voucher_type_id`),
  KEY `fk_approval_id` (`fk_approval_id`),
  KEY `fk_status_id` (`fk_status_id`),
  CONSTRAINT `fk_voucher_voucher_type1` FOREIGN KEY (`fk_voucher_type_id`) REFERENCES `voucher_type` (`voucher_type_id`) ON DELETE NO ACTION ON UPDATE NO ACTION,
  CONSTRAINT `voucher_ibfk_1` FOREIGN KEY (`fk_approval_id`) REFERENCES `approval` (`approval_id`) ON DELETE CASCADE,
  CONSTRAINT `voucher_ibfk_2` FOREIGN KEY (`fk_status_id`) REFERENCES `status` (`status_id`) ON DELETE NO ACTION,
  CONSTRAINT `voucher_ibfk_3` FOREIGN KEY (`fk_office_id`) REFERENCES `office` (`office_id`) ON DELETE CASCADE ON UPDATE CASCADE
) ENGINE=InnoDB DEFAULT CHARSET=latin1 COMMENT='This holds transactions ';

INSERT INTO `voucher` (`voucher_id`, `voucher_track_number`, `voucher_name`, `voucher_number`, `fk_office_id`, `voucher_date`, `fk_voucher_type_id`, `voucher_cleared`, `voucher_cleared_month`, `fk_approval_id`, `fk_status_id`, `fk_office_bank_id`, `voucher_cheque_number`, `voucher_transaction_cleared_date`, `voucher_transaction_cleared_month`, `voucher_vendor`, `voucher_vendor_address`, `voucher_description`, `voucher_allow_edit`, `voucher_created_by`, `voucher_created_date`, `voucher_last_modified_date`, `voucher_last_modified_by`) VALUES
(1,	'VOER-1089',	'Voucher # VOER-1089',	191101,	9,	'2019-11-07',	2,	0,	NULL,	532,	11,	0,	0,	'0000-00-00',	'0000-00-00',	'Test 1',	NULL,	'Test 1',	0,	5,	'2020-03-07',	'2020-01-16 11:06:17',	5),
(2,	'VOER-53791',	'Voucher # VOER-53791',	191102,	9,	'2019-11-07',	3,	0,	NULL,	537,	11,	2,	1,	'0000-00-00',	'0000-00-00',	'Test 2',	NULL,	'Test 2',	0,	5,	'2020-03-07',	'2020-01-16 18:01:57',	5),
(3,	'VOER-5211',	'Voucher # VOER-5211',	191103,	9,	'2019-11-07',	4,	0,	NULL,	538,	10,	0,	0,	'0000-00-00',	'0000-00-00',	'Test 3',	NULL,	'Test 3',	0,	5,	'2020-03-07',	'2020-01-16 18:02:46',	5),
(4,	'VOER-54762',	'Voucher # VOER-54762',	191104,	9,	'2019-11-07',	9,	0,	NULL,	539,	11,	0,	0,	'0000-00-00',	'0000-00-00',	'Test 4',	NULL,	'Test 4',	0,	5,	'2020-03-07',	'2020-01-16 18:03:29',	5),
(5,	'VOER-8270',	'Voucher # VOER-8270',	191105,	9,	'2019-11-07',	5,	0,	NULL,	540,	96,	0,	0,	'0000-00-00',	'0000-00-00',	'Test 5',	NULL,	'Test 5',	0,	5,	'2020-03-07',	'2020-01-16 18:04:14',	5),
(6,	'VOER-69294',	'Voucher # VOER-69294',	191106,	9,	'2019-11-07',	6,	1,	'2019-11-01',	541,	96,	0,	0,	'0000-00-00',	'0000-00-00',	'Test 6',	NULL,	'Test 6',	0,	5,	'2020-03-07',	'2020-01-16 18:05:05',	5),
(7,	'VOER-89999',	'Voucher # VOER-89999',	191107,	9,	'2019-11-07',	7,	0,	NULL,	542,	96,	0,	0,	'0000-00-00',	'0000-00-00',	'Test 7',	NULL,	'Test 7',	0,	5,	'2020-03-07',	'2020-01-16 18:05:53',	5),
(8,	'VOER-1551',	'Voucher # VOER-1551',	191108,	9,	'2019-11-07',	8,	0,	NULL,	543,	96,	0,	0,	'0000-00-00',	'0000-00-00',	'Test 8',	NULL,	'Test 8',	0,	5,	'2020-03-07',	'2020-01-16 18:06:37',	5),
(9,	'VOER-9033',	'Voucher # VOER-9033',	191109,	9,	'2019-11-07',	2,	0,	NULL,	545,	96,	0,	0,	'0000-00-00',	'0000-00-00',	'Test 10',	NULL,	'Test 10',	0,	5,	'2020-03-07',	'2020-01-16 19:16:54',	5),
(29,	'VOER-84811',	'Voucher # VOER-15232',	191110,	9,	'2019-11-07',	5,	0,	NULL,	613,	96,	0,	0,	'0000-00-00',	'0000-00-00',	'Test',	'Test',	'Test',	0,	5,	'2020-03-07',	'2020-03-03 01:48:44',	5),
(31,	'VOER-12808',	'Voucher # VOER-23972',	191111,	9,	'2019-11-07',	5,	0,	NULL,	615,	96,	0,	0,	'0000-00-00',	'0000-00-00',	'Test 2',	'Test 2',	'Test 2',	0,	5,	'2020-03-07',	'2020-03-03 01:52:31',	5),
(33,	'VOER-26097',	'Voucher # VOER-84992',	191112,	9,	'2019-11-07',	5,	0,	NULL,	617,	96,	0,	0,	'0000-00-00',	'0000-00-00',	'Test 4',	'Test 4',	'Test 4',	0,	5,	'2020-03-07',	'2020-03-03 01:58:49',	5),
(34,	'VOER-31716',	'Voucher # VOER-46176',	191113,	9,	'2019-11-07',	5,	0,	NULL,	618,	96,	0,	0,	'0000-00-00',	'0000-00-00',	'',	'',	'',	0,	5,	'2020-03-07',	'2020-03-03 02:14:08',	5),
(35,	'VOER-59469',	'Voucher # VOER-69837',	191114,	9,	'2019-11-07',	5,	0,	NULL,	619,	96,	0,	0,	'0000-00-00',	'0000-00-00',	'',	'',	'',	0,	5,	'2020-03-07',	'2020-03-03 02:19:34',	5),
(36,	'VOER-30263',	'Voucher # VOER-19391',	191115,	9,	'2019-11-07',	5,	0,	NULL,	620,	96,	0,	0,	'0000-00-00',	'0000-00-00',	'',	'',	'',	0,	5,	'2020-03-07',	'2020-03-03 02:25:23',	5),
(37,	'VOER-65249',	'Voucher # VOER-88689',	191116,	9,	'2019-11-07',	5,	0,	NULL,	621,	96,	0,	0,	'0000-00-00',	'0000-00-00',	'',	'',	'',	0,	5,	'2020-03-07',	'2020-03-03 02:26:28',	5),
(38,	'VOER-28707',	'Voucher # VOER-10389',	191117,	9,	'2019-11-07',	5,	0,	NULL,	622,	96,	0,	0,	'0000-00-00',	'0000-00-00',	'',	'',	'',	0,	5,	'2020-03-07',	'2020-03-03 02:27:41',	5),
(39,	'VOER-15253',	'Voucher # VOER-10158',	191118,	9,	'2019-11-07',	2,	0,	NULL,	623,	96,	0,	0,	'0000-00-00',	'0000-00-00',	'Test 5',	'Test 5',	'Test 5',	0,	5,	'2020-03-07',	'2020-03-03 02:29:41',	5),
(40,	'VOER-85373',	'Voucher # VOER-12230',	191119,	9,	'2019-11-07',	2,	0,	NULL,	624,	96,	0,	0,	'0000-00-00',	'0000-00-00',	'Test 6',	'Test 6',	'Test 6',	0,	5,	'2020-03-07',	'2020-03-03 02:32:50',	5),
(41,	'VOER-52879',	'Voucher # VOER-3805',	191120,	9,	'2019-11-07',	5,	0,	NULL,	625,	96,	0,	0,	'0000-00-00',	'0000-00-00',	'',	'',	'',	0,	5,	'2020-03-07',	'2020-03-03 02:33:42',	5),
(42,	'VOER-52733',	'Voucher # VOER-36944',	191121,	9,	'2019-11-07',	5,	0,	NULL,	626,	96,	0,	0,	'0000-00-00',	'0000-00-00',	'',	'',	'',	0,	5,	'2020-03-07',	'2020-03-03 02:36:23',	5),
(43,	'VOER-76569',	'Voucher # VOER-9566',	191122,	9,	'2019-11-07',	5,	0,	NULL,	627,	96,	0,	0,	'0000-00-00',	'0000-00-00',	'',	'',	'',	0,	5,	'2020-03-07',	'2020-03-03 02:36:29',	5),
(44,	'VOER-23734',	'Voucher # VOER-29489',	191123,	9,	'2019-11-07',	5,	0,	NULL,	628,	96,	0,	0,	'0000-00-00',	'0000-00-00',	'Test 7',	'Test 7',	'Test 7',	0,	5,	'2020-03-07',	'2020-03-03 02:37:26',	5),
(46,	'VOER-35868',	'Voucher # VOER-34030',	191124,	9,	'2019-11-07',	3,	0,	NULL,	630,	96,	2,	2,	'0000-00-00',	'0000-00-00',	'Test',	'Test',	'Test',	0,	5,	'2020-03-07',	'2020-03-03 08:01:54',	5),
(47,	'VOER-82431',	'Voucher # VOER-77791',	191125,	9,	'2019-11-07',	5,	0,	NULL,	631,	96,	0,	0,	'0000-00-00',	'0000-00-00',	'Test 11',	'Test 11',	'Test 11',	0,	5,	'2020-03-07',	'2020-03-03 08:02:45',	5),
(48,	'VOER-4135',	'Voucher # VOER-82093',	191126,	9,	'2019-11-07',	2,	0,	NULL,	632,	96,	0,	0,	'0000-00-00',	'0000-00-00',	'',	'',	'',	0,	5,	'2020-03-07',	'2020-03-03 08:04:29',	5),
(51,	'VOER-21361',	'Voucher # VOER-8866',	191127,	9,	'2019-11-07',	2,	0,	NULL,	674,	96,	0,	0,	'0000-00-00',	'0000-00-00',	'Trading ',	'Trading ',	'Trading ',	0,	5,	'2020-03-07',	'2020-03-06 06:29:07',	5),
(52,	'VOER-49224',	'Voucher # VOER-64250',	191128,	9,	'2019-11-07',	2,	0,	NULL,	675,	96,	0,	0,	'0000-00-00',	'0000-00-00',	'Test another req',	'Test another req',	'Test another req',	0,	5,	'2020-03-07',	'2020-03-06 06:41:59',	5),
(53,	'VOER-74899',	'Voucher # VOER-58620',	191129,	9,	'2019-11-07',	2,	0,	NULL,	676,	96,	0,	0,	'0000-00-00',	'0000-00-00',	'Req test',	'Req test',	'Req test',	0,	5,	'2020-03-07',	'2020-03-06 06:45:55',	5),
(54,	'VOER-74253',	'Voucher # VOER-44977',	191130,	9,	'2019-11-07',	2,	0,	NULL,	677,	96,	0,	0,	'0000-00-00',	'0000-00-00',	'save reset',	'save reset',	'save reset',	0,	5,	'2020-03-07',	'2020-03-06 06:47:21',	5),
(55,	'VOER-75277',	'Voucher # VOER-13157',	191131,	9,	'2019-11-07',	3,	0,	NULL,	682,	96,	2,	3,	'0000-00-00',	'0000-00-00',	'Nicodemus Karisa',	'Nairobi',	'Payment for training',	0,	5,	'2020-03-07',	'2020-03-06 10:36:12',	5),
(56,	'VOER-67105',	'Voucher # VOER-83727',	191132,	9,	'2019-11-07',	2,	0,	NULL,	683,	96,	0,	0,	'0000-00-00',	'0000-00-00',	'Test voucher',	'Test voucher',	'Test voucher',	0,	5,	'2020-03-07',	'2020-03-06 17:38:19',	5),
(57,	'VOER-19403',	'Voucher # VOER-68276',	191201,	9,	'2019-12-01',	5,	0,	NULL,	696,	11,	0,	0,	'0000-00-00',	'0000-00-00',	'Support funds',	'HQ',	'HQ',	0,	NULL,	'2020-03-07',	'2020-03-07 05:35:01',	NULL),
(60,	'VOER-54154',	'Voucher # VOER-75462',	200101,	9,	'2020-01-01',	5,	0,	NULL,	702,	96,	0,	0,	'0000-00-00',	'0000-00-00',	'Sundries suppliers',	'Sundries',	'Sundries',	0,	NULL,	'2020-03-07',	'2020-03-07 06:23:33',	NULL),
(61,	'VOER-31803',	'Voucher # VOER-21903',	200102,	9,	'2020-01-01',	8,	0,	NULL,	703,	11,	0,	0,	'0000-00-00',	'0000-00-00',	'Test new journal',	'Test new journal',	'Test new journal',	0,	NULL,	'2020-03-07',	'2020-03-07 06:25:10',	NULL),
(66,	'VOER-10555',	'Voucher # VOER-9619',	200103,	9,	'2020-01-01',	2,	0,	NULL,	722,	96,	0,	0,	'0000-00-00',	'0000-00-00',	'A test voucher',	'A test voucher',	'A test voucher',	0,	NULL,	NULL,	'2020-03-07 10:27:58',	NULL),
(68,	'VOER-28993',	'Voucher # VOER-17140',	200104,	9,	'2020-01-01',	5,	0,	NULL,	729,	11,	0,	0,	'0000-00-00',	'0000-00-00',	'My Cash Received',	'My Cash Received',	'My Cash Received',	0,	NULL,	'2020-03-07',	'2020-03-07 11:12:46',	NULL),
(70,	'VOER-7771',	'Voucher # VOER-16527',	200105,	9,	'2020-01-01',	5,	0,	NULL,	731,	11,	0,	0,	'0000-00-00',	'0000-00-00',	'Test voucher 100',	'Test voucher 100',	'Test voucher 100',	0,	NULL,	'2020-03-07',	'2020-03-07 11:49:12',	NULL),
(71,	'VOER-23695',	'Voucher # VOER-9951',	200201,	9,	'2020-02-01',	5,	0,	NULL,	734,	96,	0,	0,	'0000-00-00',	'0000-00-00',	'Feb voucher',	'Feb voucher',	'Feb voucher',	0,	NULL,	'2020-03-07',	'2020-03-07 12:11:32',	NULL);

DROP TABLE IF EXISTS `voucher_detail`;
CREATE TABLE `voucher_detail` (
  `voucher_detail_id` int(100) NOT NULL AUTO_INCREMENT,
  `voucher_detail_track_number` varchar(100) DEFAULT NULL,
  `voucher_detail_name` varchar(100) DEFAULT NULL,
  `fk_voucher_id` int(100) DEFAULT NULL,
  `voucher_detail_description` varchar(45) DEFAULT NULL,
  `voucher_detail_quantity` int(10) DEFAULT NULL,
  `voucher_detail_unit_cost` decimal(10,2) DEFAULT NULL,
  `voucher_detail_total_cost` decimal(10,2) DEFAULT NULL,
  `fk_expense_account_id` int(100) NOT NULL DEFAULT '0' COMMENT 'Can be income_account_id or expense_account_id depending on the selected voucher type',
  `fk_income_account_id` int(100) NOT NULL DEFAULT '0',
  `fk_bank_contra_account_id` int(100) NOT NULL DEFAULT '0',
  `fk_cash_contra_account_id` int(100) NOT NULL DEFAULT '0',
  `fk_approval_id` int(100) NOT NULL DEFAULT '0',
  `fk_status_id` int(100) NOT NULL DEFAULT '0',
  `fk_request_detail_id` int(100) NOT NULL DEFAULT '0',
  `fk_project_allocation_id` int(100) NOT NULL DEFAULT '0',
  `voucher_detail_last_modified_date` date DEFAULT NULL,
  `voucher_detail_last_modified_by` varchar(45) DEFAULT NULL,
  `voucher_detail_created_by` int(100) DEFAULT NULL,
  `voucher_detail_created_date` date DEFAULT NULL,
  PRIMARY KEY (`voucher_detail_id`),
  KEY `fk_voucher_detail_voucher1_idx` (`fk_voucher_id`),
  KEY `fk_voucher_detail_request_detail1_idx` (`fk_approval_id`),
  CONSTRAINT `voucher_detail_ibfk_3` FOREIGN KEY (`fk_voucher_id`) REFERENCES `voucher` (`voucher_id`)
) ENGINE=InnoDB DEFAULT CHARSET=latin1;

INSERT INTO `voucher_detail` (`voucher_detail_id`, `voucher_detail_track_number`, `voucher_detail_name`, `fk_voucher_id`, `voucher_detail_description`, `voucher_detail_quantity`, `voucher_detail_unit_cost`, `voucher_detail_total_cost`, `fk_expense_account_id`, `fk_income_account_id`, `fk_bank_contra_account_id`, `fk_cash_contra_account_id`, `fk_approval_id`, `fk_status_id`, `fk_request_detail_id`, `fk_project_allocation_id`, `voucher_detail_last_modified_date`, `voucher_detail_last_modified_by`, `voucher_detail_created_by`, `voucher_detail_created_date`) VALUES
(1,	'VOIL-37322',	NULL,	1,	'Test 11',	10,	4500.00,	45000.00,	1,	0,	0,	0,	0,	0,	0,	0,	NULL,	'1',	1,	'2020-01-16'),
(3,	'VOIL-64285',	NULL,	2,	'10',	5400,	5.00,	27000.00,	2,	0,	0,	0,	0,	100,	0,	0,	NULL,	'1',	1,	'2020-01-16'),
(4,	'VOIL-71539',	NULL,	3,	'Test 3',	1,	25000.00,	25000.00,	0,	0,	1,	0,	0,	97,	0,	0,	NULL,	'1',	1,	'2020-01-16'),
(5,	'VOIL-69765',	NULL,	4,	'Test 4',	1,	10000.00,	10000.00,	0,	0,	0,	1,	0,	0,	0,	0,	NULL,	'1',	1,	'2020-01-16'),
(6,	'VOIL-45509',	NULL,	5,	'Test 5',	1,	150000.00,	150000.00,	0,	1,	0,	0,	0,	39,	0,	0,	NULL,	'1',	1,	'2020-01-16'),
(7,	'VOIL-21040',	NULL,	6,	'Test 6',	1,	546.00,	546.00,	4,	0,	0,	0,	0,	39,	0,	0,	NULL,	'1',	1,	'2020-01-16'),
(8,	'VOIL-30018',	NULL,	7,	'Test 7',	1,	2400.00,	2400.00,	0,	3,	0,	0,	0,	39,	0,	0,	NULL,	'1',	1,	'2020-01-16'),
(9,	'VOIL-34090',	NULL,	8,	'Test 8',	1,	8700.00,	8700.00,	0,	1,	0,	0,	0,	39,	0,	0,	NULL,	'1',	1,	'2020-01-16'),
(12,	'VOIL-71463',	NULL,	9,	'Test 101',	10,	1500.00,	15000.00,	1,	0,	0,	0,	0,	39,	0,	0,	NULL,	'1',	1,	'2020-01-16'),
(13,	'VOIL-9518',	NULL,	9,	'Test 101',	15,	2000.00,	30000.00,	4,	0,	0,	0,	0,	39,	0,	0,	NULL,	'1',	1,	'2020-01-16'),
(38,	'VOER-24821',	'Voucher_detail # VOER-62776',	29,	'Test',	10,	1500.00,	15000.00,	0,	1,	0,	0,	0,	39,	0,	8,	NULL,	NULL,	NULL,	NULL),
(39,	'VOER-5419',	'Voucher_detail # VOER-84817',	29,	'Test 2',	15,	2500.00,	37500.00,	0,	2,	0,	0,	0,	39,	0,	8,	NULL,	NULL,	NULL,	NULL),
(43,	'VOER-82612',	'Voucher_detail # VOER-4195',	31,	'Test 2',	1,	2200.00,	2200.00,	0,	1,	0,	0,	0,	39,	0,	8,	NULL,	NULL,	NULL,	NULL),
(44,	'VOER-11073',	'Voucher_detail # VOER-28723',	31,	'Test 3',	10,	3500.00,	35000.00,	0,	2,	0,	0,	0,	39,	0,	8,	NULL,	NULL,	NULL,	NULL),
(45,	'VOER-60897',	'Voucher_detail # VOER-49332',	31,	'Test 4',	1,	6500.00,	6500.00,	0,	1,	0,	0,	0,	39,	0,	8,	NULL,	NULL,	NULL,	NULL),
(47,	'VOER-54449',	'Voucher_detail # VOER-88245',	33,	'Test 4',	1,	3450.00,	3450.00,	0,	1,	0,	0,	0,	39,	0,	8,	NULL,	NULL,	NULL,	NULL),
(48,	'VOER-36406',	'Voucher_detail # VOER-44398',	34,	'',	0,	0.00,	0.00,	0,	0,	0,	0,	0,	39,	0,	0,	NULL,	NULL,	NULL,	NULL),
(49,	'VOER-54301',	'Voucher_detail # VOER-87527',	39,	'Test 5',	1,	1400.00,	1400.00,	3,	0,	0,	0,	0,	39,	0,	8,	NULL,	NULL,	NULL,	NULL),
(50,	'VOER-17118',	'Voucher_detail # VOER-24602',	40,	'Test 6',	1,	6500.00,	6500.00,	1,	0,	0,	0,	0,	39,	0,	8,	NULL,	NULL,	NULL,	NULL),
(51,	'VOER-83603',	'Voucher_detail # VOER-65719',	44,	'Test 7',	10,	1500.00,	15000.00,	0,	1,	0,	0,	0,	39,	0,	0,	NULL,	NULL,	NULL,	NULL),
(52,	'VOER-5796',	'Voucher_detail # VOER-41035',	46,	'Test 10',	10,	1000.00,	10000.00,	1,	0,	0,	0,	0,	39,	0,	0,	NULL,	NULL,	NULL,	NULL),
(53,	'VOER-9878',	'Voucher_detail # VOER-49563',	47,	'Test 11',	15,	1500.00,	22500.00,	0,	1,	0,	0,	0,	39,	0,	8,	NULL,	NULL,	NULL,	NULL),
(54,	'VOER-53499',	'Voucher_detail # VOER-5483',	48,	'Test 5',	15,	2500.00,	37500.00,	1,	0,	0,	0,	0,	39,	6,	8,	NULL,	NULL,	NULL,	NULL),
(55,	'VOER-20963',	'Voucher_detail # VOER-16175',	51,	'Updated',	10,	100.00,	1000.00,	0,	0,	0,	0,	0,	39,	8,	0,	NULL,	NULL,	NULL,	NULL),
(56,	'VOER-64174',	'Voucher_detail # VOER-78405',	52,	'Restriction 2',	50,	1500.00,	75000.00,	1,	0,	0,	0,	0,	39,	10,	8,	NULL,	NULL,	NULL,	NULL),
(57,	'VOER-51955',	'Voucher_detail # VOER-28764',	52,	'Restriction 1',	10,	2500.00,	25000.00,	2,	0,	0,	0,	0,	39,	9,	8,	NULL,	NULL,	NULL,	NULL),
(58,	'VOER-70041',	'Voucher_detail # VOER-8518',	53,	'Restriction 1',	10,	2500.00,	25000.00,	1,	0,	0,	0,	0,	39,	9,	8,	NULL,	NULL,	NULL,	NULL),
(59,	'VOER-49660',	'Voucher_detail # VOER-34794',	53,	'Restriction 2',	50,	1500.00,	75000.00,	3,	0,	0,	0,	0,	39,	10,	8,	NULL,	NULL,	NULL,	NULL),
(60,	'VOER-42109',	'Voucher_detail # VOER-73002',	54,	'save reset',	1,	1200.00,	1200.00,	2,	0,	0,	0,	0,	39,	0,	8,	NULL,	NULL,	NULL,	NULL),
(61,	'VOER-25219',	'Voucher_detail # VOER-61090',	55,	'Transoport 2',	15,	3400.00,	51000.00,	4,	0,	0,	0,	0,	39,	12,	8,	NULL,	NULL,	NULL,	NULL),
(62,	'VOER-32179',	'Voucher_detail # VOER-3994',	56,	'Transoport 1',	10,	1200.00,	12000.00,	2,	0,	0,	0,	0,	39,	11,	8,	NULL,	NULL,	NULL,	NULL),
(63,	'VOER-15598',	'Voucher_detail # VOER-63259',	57,	'Support',	1,	250600.00,	250600.00,	0,	1,	0,	0,	0,	100,	0,	8,	NULL,	NULL,	NULL,	NULL),
(67,	'VOER-85094',	'Voucher_detail # VOER-42626',	60,	'Sundries',	1,	15000.00,	15000.00,	0,	2,	0,	0,	0,	39,	0,	8,	NULL,	NULL,	NULL,	NULL),
(68,	'VOER-23377',	'Voucher_detail # VOER-60087',	61,	'Test new journal',	10,	5600.00,	56000.00,	0,	2,	0,	0,	0,	100,	0,	8,	NULL,	NULL,	NULL,	NULL),
(69,	'VOER-18566',	'Voucher_detail # VOER-8626',	66,	'Facilitator cost',	20,	4500.00,	90000.00,	2,	0,	0,	0,	0,	39,	13,	8,	NULL,	NULL,	NULL,	NULL),
(70,	'VOER-8918',	'Voucher_detail # VOER-5745',	66,	'Meals',	10,	2100.00,	21000.00,	2,	0,	0,	0,	0,	39,	14,	8,	NULL,	NULL,	NULL,	NULL),
(71,	'VOER-57607',	'Voucher_detail # VOER-8640',	68,	'My Cash Received',	10,	10000.00,	100000.00,	0,	1,	0,	0,	0,	100,	0,	8,	NULL,	NULL,	NULL,	NULL),
(72,	'VOER-83371',	'Voucher_detail # VOER-84591',	70,	'Test voucher 100',	100,	2500.00,	250000.00,	0,	2,	0,	0,	0,	100,	0,	8,	NULL,	NULL,	NULL,	NULL),
(73,	'VOER-61126',	'Voucher_detail # VOER-18162',	71,	'Feb voucher',	10,	1000.00,	10000.00,	0,	1,	0,	0,	0,	39,	0,	8,	NULL,	NULL,	NULL,	NULL);

DROP TABLE IF EXISTS `voucher_type`;
CREATE TABLE `voucher_type` (
  `voucher_type_id` int(100) NOT NULL AUTO_INCREMENT,
  `voucher_type_track_number` varchar(100) NOT NULL,
  `voucher_type_name` varchar(45) DEFAULT NULL,
  `voucher_type_is_active` int(5) DEFAULT NULL,
  `voucher_type_abbrev` varchar(5) DEFAULT NULL,
  `fk_voucher_type_account_id` int(100) DEFAULT NULL COMMENT 'Can be bank, cash or contra',
  `fk_voucher_type_effect_id` int(100) DEFAULT NULL COMMENT 'Can be income or expense',
  `voucher_type_created_by` int(100) DEFAULT NULL,
  `voucher_type_created_date` date DEFAULT NULL,
  `voucher_type_last_modified_by` int(100) DEFAULT NULL,
  `voucher_type_last_modified_date` date DEFAULT NULL,
  `fk_approval_id` int(100) DEFAULT NULL,
  `fk_status_id` int(100) DEFAULT NULL,
  PRIMARY KEY (`voucher_type_id`),
  KEY `fk_voucher_type_voucher_type_transaction_effect1_idx` (`fk_voucher_type_effect_id`),
  KEY `voucher_type_account_id` (`fk_voucher_type_account_id`),
  CONSTRAINT `voucher_type_ibfk_1` FOREIGN KEY (`fk_voucher_type_account_id`) REFERENCES `voucher_type_account` (`voucher_type_account_id`),
  CONSTRAINT `voucher_type_ibfk_2` FOREIGN KEY (`fk_voucher_type_effect_id`) REFERENCES `voucher_type_effect` (`voucher_type_effect_id`)
) ENGINE=InnoDB DEFAULT CHARSET=latin1;

INSERT INTO `voucher_type` (`voucher_type_id`, `voucher_type_track_number`, `voucher_type_name`, `voucher_type_is_active`, `voucher_type_abbrev`, `fk_voucher_type_account_id`, `fk_voucher_type_effect_id`, `voucher_type_created_by`, `voucher_type_created_date`, `voucher_type_last_modified_by`, `voucher_type_last_modified_date`, `fk_approval_id`, `fk_status_id`) VALUES
(2,	'VOPE-73018',	'Payment by Cash',	1,	'PCE',	2,	2,	1,	'2020-01-15',	1,	NULL,	523,	62),
(3,	'VOPE-52694',	'Bank payment',	1,	'CHQ',	1,	2,	1,	'2020-01-15',	1,	NULL,	524,	62),
(4,	'VOPE-3307',	'Petty Cash Top Up',	1,	'CTP',	2,	3,	1,	'2020-01-15',	1,	NULL,	525,	62),
(5,	'VOPE-56398',	'Bank Cash Received',	1,	'BCR',	1,	1,	1,	'2020-01-15',	1,	NULL,	526,	62),
(6,	'VOPE-19114',	'Bank Charges',	1,	'BCHG',	1,	2,	1,	'2020-01-15',	1,	NULL,	527,	62),
(7,	'VOPE-29303',	'Bank Interest Receiveable',	1,	'BIT',	1,	1,	1,	'2020-01-15',	1,	NULL,	528,	62),
(8,	'VOPE-75339',	'Petty Cash Income',	1,	'PCR',	2,	1,	1,	'2020-01-15',	1,	NULL,	529,	62),
(9,	'VOPE-3307',	'Petty Cash Rebanking',	1,	'CTP',	1,	4,	1,	'2020-01-15',	1,	NULL,	525,	62);

DROP TABLE IF EXISTS `voucher_type_account`;
CREATE TABLE `voucher_type_account` (
  `voucher_type_account_id` int(100) NOT NULL AUTO_INCREMENT,
  `voucher_type_account_track_number` varchar(100) NOT NULL,
  `voucher_type_account_name` varchar(100) NOT NULL,
  `voucher_type_account_code` varchar(10) NOT NULL COMMENT 'cash or bank',
  `voucher_type_account_created_date` date DEFAULT NULL,
  `voucher_type_account_created_by` int(100) DEFAULT NULL,
  `voucher_type_account_last_modified_by` int(100) DEFAULT NULL,
  `voucher_type_account_last_modified_date` date DEFAULT NULL,
  `fk_approval_id` int(100) DEFAULT NULL,
  `fk_status_id` int(100) DEFAULT NULL,
  PRIMARY KEY (`voucher_type_account_id`)
) ENGINE=InnoDB DEFAULT CHARSET=latin1;

INSERT INTO `voucher_type_account` (`voucher_type_account_id`, `voucher_type_account_track_number`, `voucher_type_account_name`, `voucher_type_account_code`, `voucher_type_account_created_date`, `voucher_type_account_created_by`, `voucher_type_account_last_modified_by`, `voucher_type_account_last_modified_date`, `fk_approval_id`, `fk_status_id`) VALUES
(1,	'VONT-69699',	'Bank',	'bank',	'2020-01-15',	1,	1,	NULL,	518,	0),
(2,	'VONT-11776',	'Cash',	'cash',	'2020-01-15',	1,	1,	NULL,	519,	0);

DROP TABLE IF EXISTS `voucher_type_effect`;
CREATE TABLE `voucher_type_effect` (
  `voucher_type_effect_id` int(100) NOT NULL AUTO_INCREMENT,
  `voucher_type_effect_track_number` varchar(100) NOT NULL,
  `voucher_type_effect_name` varchar(100) NOT NULL,
  `voucher_type_effect_code` varchar(50) NOT NULL,
  `voucher_type_effect_created_date` date DEFAULT NULL,
  `voucher_type_effect_created_by` int(100) DEFAULT NULL,
  `voucher_type_effect_last_modified_by` int(100) DEFAULT NULL,
  `voucher_type_effect_last_modified_date` date DEFAULT NULL,
  `fk_approval_id` int(100) DEFAULT NULL,
  `fk_status_id` int(100) DEFAULT NULL,
  PRIMARY KEY (`voucher_type_effect_id`)
) ENGINE=InnoDB DEFAULT CHARSET=latin1;

INSERT INTO `voucher_type_effect` (`voucher_type_effect_id`, `voucher_type_effect_track_number`, `voucher_type_effect_name`, `voucher_type_effect_code`, `voucher_type_effect_created_date`, `voucher_type_effect_created_by`, `voucher_type_effect_last_modified_by`, `voucher_type_effect_last_modified_date`, `fk_approval_id`, `fk_status_id`) VALUES
(1,	'VOCT-80726',	'Income',	'income',	'2020-01-15',	1,	1,	NULL,	520,	0),
(2,	'VOCT-37953',	'Expense',	'expense',	'2020-01-15',	1,	1,	NULL,	521,	0),
(3,	'VOCT-51241',	'Bank Contra',	'bank_contra',	'2020-01-15',	1,	1,	NULL,	522,	0),
(4,	'VOCT-12589',	'Cash Contra',	'cash_contra',	'2020-01-16',	1,	1,	NULL,	546,	0);

DROP TABLE IF EXISTS `workflow`;
CREATE TABLE `workflow` (
  `workflow_id` int(100) NOT NULL AUTO_INCREMENT,
  `workflow_name` varchar(100) NOT NULL,
  `workflow_track_number` varchar(100) NOT NULL,
  `fk_approve_item_id` int(100) NOT NULL,
  `fk_context_definition_id` int(100) NOT NULL,
  `workflow_is_active` int(5) NOT NULL DEFAULT '1',
  `workflow_created_date` date DEFAULT NULL,
  `workflow_created_by` int(100) DEFAULT NULL,
  `workflow_last_modified_by` int(100) DEFAULT NULL,
  `workflow_last_modified_date` date DEFAULT NULL,
  `fk_approval_id` int(100) DEFAULT NULL,
  PRIMARY KEY (`workflow_id`),
  KEY `fk_approve_item_id` (`fk_approve_item_id`),
  KEY `fk_context_definition_id` (`fk_context_definition_id`),
  CONSTRAINT `workflow_ibfk_1` FOREIGN KEY (`fk_approve_item_id`) REFERENCES `approve_item` (`approve_item_id`),
  CONSTRAINT `workflow_ibfk_2` FOREIGN KEY (`fk_context_definition_id`) REFERENCES `context_definition` (`context_definition_id`)
) ENGINE=InnoDB DEFAULT CHARSET=latin1;

INSERT INTO `workflow` (`workflow_id`, `workflow_name`, `workflow_track_number`, `fk_approve_item_id`, `fk_context_definition_id`, `workflow_is_active`, `workflow_created_date`, `workflow_created_by`, `workflow_last_modified_by`, `workflow_last_modified_date`, `fk_approval_id`) VALUES
(2,	'Dummy Process',	'WOOW-76767',	3,	13,	1,	'2020-03-08',	1,	1,	NULL,	758),
(3,	'Center Request Approval Process',	'WOOW-25651',	3,	13,	1,	'2020-03-08',	1,	1,	NULL,	758),
(4,	'Center Voucher Approval Process',	'WOOW-49336',	2,	13,	1,	'2020-03-08',	1,	1,	NULL,	759),
(5,	'Center Budget Item Approval Process',	'WOOW-37060',	5,	13,	1,	'2020-03-08',	1,	1,	NULL,	760);

DROP TABLE IF EXISTS `workplan`;
CREATE TABLE `workplan` (
  `workplan_id` int(100) NOT NULL,
  `workplan_track_number` varchar(100) DEFAULT NULL,
  `workplan_name` varchar(100) DEFAULT NULL,
  `fk_budget_id` int(100) DEFAULT NULL,
  `workplan_description` longtext,
  `workplan_start_date` date DEFAULT NULL,
  `workplan_end_date` date DEFAULT NULL,
  `workplan_created_date` date DEFAULT NULL,
  `workplan_created_by` int(100) DEFAULT NULL,
  `workplan_last_modified_date` date DEFAULT NULL,
  `workplan_last_modified_by` int(100) DEFAULT NULL,
  `fk_approval_id` int(100) DEFAULT NULL,
  `fk_status_id` int(100) DEFAULT NULL,
  PRIMARY KEY (`workplan_id`)
) ENGINE=InnoDB DEFAULT CHARSET=latin1;

INSERT INTO `workplan` (`workplan_id`, `workplan_track_number`, `workplan_name`, `fk_budget_id`, `workplan_description`, `workplan_start_date`, `workplan_end_date`, `workplan_created_date`, `workplan_created_by`, `workplan_last_modified_date`, `workplan_last_modified_by`, `fk_approval_id`, `fk_status_id`) VALUES
(0,	'WOAN-6770',	'FY20 Workplan',	NULL,	'This is the first work plan',	'2020-03-01',	'2020-03-31',	'2020-03-06',	1,	NULL,	1,	663,	34);

DROP TABLE IF EXISTS `workplan_task`;
CREATE TABLE `workplan_task` (
  `workplan_task_id` int(100) NOT NULL AUTO_INCREMENT,
  `fk_workplan_id` int(100) NOT NULL,
  `workplan_task_track_number` varchar(100) NOT NULL,
  `workplan_task_name` varchar(100) NOT NULL,
  `workplan_task_description` longtext NOT NULL,
  `workplan_task_start_date` date NOT NULL,
  `workplan_taskend_date` date NOT NULL,
  `workplan_task_user` int(100) NOT NULL,
  `workplan_task_status` int(5) NOT NULL DEFAULT '1',
  `workplan_task_note` longtext NOT NULL,
  PRIMARY KEY (`workplan_task_id`),
  KEY `fk_workplan_id` (`fk_workplan_id`),
  KEY `workplan_detail_task_user` (`workplan_task_user`),
  CONSTRAINT `workplan_task_ibfk_1` FOREIGN KEY (`fk_workplan_id`) REFERENCES `workplan` (`workplan_id`),
  CONSTRAINT `workplan_task_ibfk_2` FOREIGN KEY (`workplan_task_user`) REFERENCES `user` (`user_id`)
) ENGINE=InnoDB DEFAULT CHARSET=latin1;


-- 2020-03-10 06:20:06
