-- Adminer 4.6.3 MySQL dump

SET NAMES utf8;
SET time_zone = '+00:00';
SET foreign_key_checks = 0;
SET sql_mode = 'NO_AUTO_VALUE_ON_ZERO';

DROP TABLE IF EXISTS `account_system`;
CREATE TABLE `account_system` (
  `account_system_id` int(100) NOT NULL AUTO_INCREMENT,
  `account_system_track_number` varchar(100) NOT NULL,
  `account_system_name` varchar(100) NOT NULL,
  `account_system_is_allocation_linked_to_account` int(5) NOT NULL,
  `account_system_created_date` date DEFAULT NULL,
  `account_system_created_by` int(100) DEFAULT NULL,
  `account_system_last_modified_by` int(100) DEFAULT NULL,
  `account_system_last_modified_date` date DEFAULT NULL,
  `fk_approval_id` int(100) DEFAULT NULL,
  `fk_status_id` int(100) DEFAULT NULL,
  PRIMARY KEY (`account_system_id`)
) ENGINE=InnoDB DEFAULT CHARSET=latin1;

INSERT INTO `account_system` (`account_system_id`, `account_system_track_number`, `account_system_name`, `account_system_is_allocation_linked_to_account`, `account_system_created_date`, `account_system_created_by`, `account_system_last_modified_by`, `account_system_last_modified_date`, `fk_approval_id`, `fk_status_id`) VALUES
(1,	'ACEM-84359',	'Global',	1,	'2020-02-29',	1,	1,	NULL,	564,	0),
(2,	'ACEM-2393',	'Kenya Account System',	1,	'2020-03-23',	1,	1,	NULL,	2300,	313);

DROP TABLE IF EXISTS `approval`;
CREATE TABLE `approval` (
  `approval_id` int(11) NOT NULL AUTO_INCREMENT,
  `approval_track_number` varchar(100) NOT NULL,
  `approval_name` varchar(100) NOT NULL,
  `fk_approve_item_id` int(11) NOT NULL,
  `fk_status_id` int(11) NOT NULL DEFAULT '87',
  `approval_created_by` int(100) NOT NULL,
  `approval_created_date` date NOT NULL,
  `approval_last_modified_date` timestamp NOT NULL DEFAULT CURRENT_TIMESTAMP ON UPDATE CURRENT_TIMESTAMP,
  `approval_last_modified_by` int(100) NOT NULL,
  PRIMARY KEY (`approval_id`),
  KEY `fk_approve_item_id` (`fk_approve_item_id`),
  KEY `fk_status_id` (`fk_status_id`),
  CONSTRAINT `approval_ibfk_1` FOREIGN KEY (`fk_approve_item_id`) REFERENCES `approve_item` (`approve_item_id`),
  CONSTRAINT `approval_ibfk_2` FOREIGN KEY (`fk_approve_item_id`) REFERENCES `approve_item` (`approve_item_id`),
  CONSTRAINT `approval_ibfk_3` FOREIGN KEY (`fk_status_id`) REFERENCES `status` (`status_id`)
) ENGINE=InnoDB DEFAULT CHARSET=latin1;

INSERT INTO `approval` (`approval_id`, `approval_track_number`, `approval_name`, `fk_approve_item_id`, `fk_status_id`, `approval_created_by`, `approval_created_date`, `approval_last_modified_date`, `approval_last_modified_by`) VALUES
(433,	'APAL-30761',	'Approval Ticket # APAL-30761',	20,	87,	1,	'2019-12-03',	'2019-12-03 13:41:48',	1),
(442,	'APAL-45850',	'Approval Ticket # APAL-45850',	20,	87,	1,	'2019-12-08',	'2019-12-08 12:46:56',	1),
(446,	'APAL-82249',	'Approval Ticket # APAL-82249',	42,	87,	1,	'2019-12-13',	'2019-12-13 04:05:02',	1),
(448,	'APAL-67896',	'Approval Ticket # APAL-67896',	20,	87,	1,	'2019-12-13',	'2019-12-13 04:09:20',	1),
(449,	'APAL-3390',	'Approval Ticket # APAL-3390',	43,	87,	1,	'2019-12-13',	'2019-12-13 04:10:04',	1),
(450,	'APAL-78692',	'Approval Ticket # APAL-78692',	44,	87,	1,	'2019-12-13',	'2019-12-13 04:11:04',	1),
(455,	'APAL-73086',	'Approval Ticket # APAL-73086',	51,	87,	1,	'2019-12-13',	'2019-12-13 16:14:20',	1),
(456,	'APAL-46322',	'Approval Ticket # APAL-46322',	52,	87,	1,	'2019-12-13',	'2019-12-13 16:15:08',	1),
(1933,	'APAL-65411',	'Approval Ticket # APAL-65411',	99,	87,	1,	'2020-03-21',	'2020-03-21 06:43:26',	1),
(1934,	'APAL-75120',	'Approval Ticket # APAL-75120',	99,	87,	1,	'2020-03-21',	'2020-03-21 06:43:26',	1),
(1935,	'APAL-85944',	'Approval Ticket # APAL-85944',	99,	87,	1,	'2020-03-21',	'2020-03-21 06:43:26',	1),
(1936,	'APAL-42812',	'Approval Ticket # APAL-42812',	99,	87,	1,	'2020-03-21',	'2020-03-21 06:43:26',	1),
(1937,	'APAL-8951',	'Approval Ticket # APAL-8951',	99,	87,	1,	'2020-03-21',	'2020-03-21 06:43:26',	1),
(1938,	'APAL-50441',	'Approval Ticket # APAL-50441',	99,	87,	1,	'2020-03-21',	'2020-03-21 06:43:26',	1),
(1939,	'APAL-89597',	'Approval Ticket # APAL-89597',	99,	87,	1,	'2020-03-21',	'2020-03-21 06:43:26',	1),
(1940,	'APAL-37541',	'Approval Ticket # APAL-37541',	99,	87,	1,	'2020-03-21',	'2020-03-21 06:43:26',	1),
(1941,	'APAL-62485',	'Approval Ticket # APAL-62485',	99,	87,	1,	'2020-03-21',	'2020-03-21 06:43:26',	1),
(1942,	'APAL-43941',	'Approval Ticket # APAL-43941',	99,	87,	1,	'2020-03-21',	'2020-03-21 06:43:26',	1),
(1943,	'APAL-61799',	'Approval Ticket # APAL-61799',	99,	87,	1,	'2020-03-21',	'2020-03-21 06:43:26',	1),
(1944,	'APAL-7014',	'Approval Ticket # APAL-7014',	99,	87,	1,	'2020-03-21',	'2020-03-21 06:43:26',	1),
(1945,	'APAL-28272',	'Approval Ticket # APAL-28272',	99,	87,	1,	'2020-03-21',	'2020-03-21 06:43:26',	1),
(1946,	'APAL-15663',	'Approval Ticket # APAL-15663',	99,	87,	1,	'2020-03-21',	'2020-03-21 06:43:26',	1),
(1947,	'APAL-2566',	'Approval Ticket # APAL-2566',	99,	87,	1,	'2020-03-21',	'2020-03-21 06:43:26',	1),
(1948,	'APAL-86225',	'Approval Ticket # APAL-86225',	99,	87,	1,	'2020-03-21',	'2020-03-21 06:43:26',	1),
(1949,	'APAL-31084',	'Approval Ticket # APAL-31084',	99,	87,	1,	'2020-03-21',	'2020-03-21 06:43:26',	1),
(1950,	'APAL-29142',	'Approval Ticket # APAL-29142',	99,	87,	1,	'2020-03-21',	'2020-03-21 06:43:26',	1),
(1951,	'APAL-7497',	'Approval Ticket # APAL-7497',	99,	87,	1,	'2020-03-21',	'2020-03-21 06:43:26',	1),
(1952,	'APAL-73613',	'Approval Ticket # APAL-73613',	99,	87,	1,	'2020-03-21',	'2020-03-21 06:43:26',	1),
(1953,	'APAL-66508',	'Approval Ticket # APAL-66508',	99,	87,	1,	'2020-03-21',	'2020-03-21 06:43:26',	1),
(1954,	'APAL-70801',	'Approval Ticket # APAL-70801',	99,	87,	1,	'2020-03-21',	'2020-03-21 06:43:26',	1),
(1955,	'APAL-8409',	'Approval Ticket # APAL-8409',	99,	87,	1,	'2020-03-21',	'2020-03-21 06:43:26',	1),
(1956,	'APAL-67395',	'Approval Ticket # APAL-67395',	99,	87,	1,	'2020-03-21',	'2020-03-21 06:43:26',	1),
(1957,	'APAL-21093',	'Approval Ticket # APAL-21093',	99,	87,	1,	'2020-03-21',	'2020-03-21 06:43:26',	1),
(1958,	'APAL-60207',	'Approval Ticket # APAL-60207',	99,	87,	1,	'2020-03-21',	'2020-03-21 06:43:26',	1),
(1959,	'APAL-48655',	'Approval Ticket # APAL-48655',	99,	87,	1,	'2020-03-21',	'2020-03-21 06:43:26',	1),
(1960,	'APAL-61352',	'Approval Ticket # APAL-61352',	99,	87,	1,	'2020-03-21',	'2020-03-21 06:43:26',	1),
(1961,	'APAL-4963',	'Approval Ticket # APAL-4963',	99,	87,	1,	'2020-03-21',	'2020-03-21 06:43:27',	1),
(1962,	'APAL-56842',	'Approval Ticket # APAL-56842',	99,	87,	1,	'2020-03-21',	'2020-03-21 06:43:27',	1),
(1963,	'APAL-64673',	'Approval Ticket # APAL-64673',	99,	87,	1,	'2020-03-21',	'2020-03-21 06:43:27',	1),
(1964,	'APAL-86019',	'Approval Ticket # APAL-86019',	99,	87,	1,	'2020-03-21',	'2020-03-21 06:43:27',	1),
(1965,	'APAL-80316',	'Approval Ticket # APAL-80316',	99,	87,	1,	'2020-03-21',	'2020-03-21 06:43:27',	1),
(1966,	'APAL-74081',	'Approval Ticket # APAL-74081',	99,	87,	1,	'2020-03-21',	'2020-03-21 06:43:27',	1),
(1967,	'APAL-48030',	'Approval Ticket # APAL-48030',	99,	87,	1,	'2020-03-21',	'2020-03-21 06:43:27',	1),
(1968,	'APAL-15197',	'Approval Ticket # APAL-15197',	99,	87,	1,	'2020-03-21',	'2020-03-21 06:43:27',	1),
(1969,	'APAL-1322',	'Approval Ticket # APAL-1322',	99,	87,	1,	'2020-03-21',	'2020-03-21 06:43:27',	1),
(1970,	'APAL-46014',	'Approval Ticket # APAL-46014',	99,	87,	1,	'2020-03-21',	'2020-03-21 06:43:27',	1),
(1971,	'APAL-34452',	'Approval Ticket # APAL-34452',	99,	87,	1,	'2020-03-21',	'2020-03-21 06:43:27',	1),
(1972,	'APAL-61640',	'Approval Ticket # APAL-61640',	99,	87,	1,	'2020-03-21',	'2020-03-21 06:43:27',	1),
(1973,	'APAL-83061',	'Approval Ticket # APAL-83061',	99,	87,	1,	'2020-03-21',	'2020-03-21 06:43:27',	1),
(1974,	'APAL-42172',	'Approval Ticket # APAL-42172',	99,	87,	1,	'2020-03-21',	'2020-03-21 06:43:27',	1),
(1975,	'APAL-3405',	'Approval Ticket # APAL-3405',	99,	87,	1,	'2020-03-21',	'2020-03-21 06:43:27',	1),
(1976,	'APAL-33613',	'Approval Ticket # APAL-33613',	99,	87,	1,	'2020-03-21',	'2020-03-21 06:43:27',	1),
(1977,	'APAL-32047',	'Approval Ticket # APAL-32047',	99,	87,	1,	'2020-03-21',	'2020-03-21 06:43:27',	1),
(1978,	'APAL-9535',	'Approval Ticket # APAL-9535',	99,	87,	1,	'2020-03-21',	'2020-03-21 06:43:27',	1),
(1979,	'APAL-11447',	'Approval Ticket # APAL-11447',	99,	87,	1,	'2020-03-21',	'2020-03-21 06:43:27',	1),
(1980,	'APAL-71193',	'Approval Ticket # APAL-71193',	99,	87,	1,	'2020-03-21',	'2020-03-21 06:43:27',	1),
(1981,	'APAL-77782',	'Approval Ticket # APAL-77782',	99,	87,	1,	'2020-03-21',	'2020-03-21 06:43:27',	1),
(1982,	'APAL-14682',	'Approval Ticket # APAL-14682',	99,	87,	1,	'2020-03-21',	'2020-03-21 06:43:27',	1),
(1983,	'APAL-44233',	'Approval Ticket # APAL-44233',	99,	87,	1,	'2020-03-21',	'2020-03-21 06:43:27',	1),
(1984,	'APAL-28758',	'Approval Ticket # APAL-28758',	99,	87,	1,	'2020-03-21',	'2020-03-21 06:43:27',	1),
(1985,	'APAL-86176',	'Approval Ticket # APAL-86176',	99,	87,	1,	'2020-03-21',	'2020-03-21 06:43:27',	1),
(1986,	'APAL-18759',	'Approval Ticket # APAL-18759',	99,	87,	1,	'2020-03-21',	'2020-03-21 06:43:27',	1),
(1987,	'APAL-1715',	'Approval Ticket # APAL-1715',	99,	87,	1,	'2020-03-21',	'2020-03-21 06:43:27',	1),
(1988,	'APAL-53296',	'Approval Ticket # APAL-53296',	99,	87,	1,	'2020-03-21',	'2020-03-21 06:43:27',	1),
(1989,	'APAL-1176',	'Approval Ticket # APAL-1176',	99,	87,	1,	'2020-03-21',	'2020-03-21 06:43:27',	1),
(1990,	'APAL-43623',	'Approval Ticket # APAL-43623',	99,	87,	1,	'2020-03-21',	'2020-03-21 06:43:27',	1),
(1991,	'APAL-51343',	'Approval Ticket # APAL-51343',	99,	87,	1,	'2020-03-21',	'2020-03-21 06:43:27',	1),
(1992,	'APAL-42029',	'Approval Ticket # APAL-42029',	99,	87,	1,	'2020-03-21',	'2020-03-21 06:43:27',	1),
(1993,	'APAL-49866',	'Approval Ticket # APAL-49866',	99,	87,	1,	'2020-03-21',	'2020-03-21 06:43:27',	1),
(1994,	'APAL-75027',	'Approval Ticket # APAL-75027',	99,	87,	1,	'2020-03-21',	'2020-03-21 06:43:28',	1),
(1995,	'APAL-65802',	'Approval Ticket # APAL-65802',	99,	87,	1,	'2020-03-21',	'2020-03-21 06:43:28',	1),
(1996,	'APAL-37907',	'Approval Ticket # APAL-37907',	99,	87,	1,	'2020-03-21',	'2020-03-21 06:43:28',	1),
(1997,	'APAL-24155',	'Approval Ticket # APAL-24155',	99,	87,	1,	'2020-03-21',	'2020-03-21 06:43:28',	1),
(1998,	'APAL-41020',	'Approval Ticket # APAL-41020',	99,	87,	1,	'2020-03-21',	'2020-03-21 06:43:28',	1),
(1999,	'APAL-27609',	'Approval Ticket # APAL-27609',	99,	87,	1,	'2020-03-21',	'2020-03-21 06:43:28',	1),
(2000,	'APAL-77969',	'Approval Ticket # APAL-77969',	99,	87,	1,	'2020-03-21',	'2020-03-21 06:43:28',	1),
(2001,	'APAL-80027',	'Approval Ticket # APAL-80027',	99,	87,	1,	'2020-03-21',	'2020-03-21 06:43:28',	1),
(2002,	'APAL-70884',	'Approval Ticket # APAL-70884',	99,	87,	1,	'2020-03-21',	'2020-03-21 06:43:28',	1),
(2003,	'APAL-48323',	'Approval Ticket # APAL-48323',	99,	87,	1,	'2020-03-21',	'2020-03-21 06:43:28',	1),
(2004,	'APAL-81513',	'Approval Ticket # APAL-81513',	99,	87,	1,	'2020-03-21',	'2020-03-21 06:43:28',	1),
(2005,	'APAL-65155',	'Approval Ticket # APAL-65155',	99,	87,	1,	'2020-03-21',	'2020-03-21 06:43:28',	1),
(2006,	'APAL-85445',	'Approval Ticket # APAL-85445',	99,	87,	1,	'2020-03-21',	'2020-03-21 06:43:28',	1),
(2007,	'APAL-44011',	'Approval Ticket # APAL-44011',	99,	87,	1,	'2020-03-21',	'2020-03-21 06:43:28',	1),
(2008,	'APAL-86700',	'Approval Ticket # APAL-86700',	99,	87,	1,	'2020-03-21',	'2020-03-21 06:43:28',	1),
(2009,	'APAL-75195',	'Approval Ticket # APAL-75195',	99,	87,	1,	'2020-03-21',	'2020-03-21 06:43:28',	1),
(2010,	'APAL-37846',	'Approval Ticket # APAL-37846',	99,	87,	1,	'2020-03-21',	'2020-03-21 06:43:28',	1),
(2011,	'APAL-20099',	'Approval Ticket # APAL-20099',	99,	87,	1,	'2020-03-21',	'2020-03-21 06:43:28',	1),
(2012,	'APAL-79144',	'Approval Ticket # APAL-79144',	99,	87,	1,	'2020-03-21',	'2020-03-21 06:43:28',	1),
(2013,	'APAL-23313',	'Approval Ticket # APAL-23313',	99,	87,	1,	'2020-03-21',	'2020-03-21 06:43:28',	1),
(2014,	'APAL-40042',	'Approval Ticket # APAL-40042',	99,	87,	1,	'2020-03-21',	'2020-03-21 06:43:28',	1),
(2015,	'APAL-20268',	'Approval Ticket # APAL-20268',	99,	87,	1,	'2020-03-21',	'2020-03-21 06:43:28',	1),
(2016,	'APAL-39653',	'Approval Ticket # APAL-39653',	99,	87,	1,	'2020-03-21',	'2020-03-21 06:43:28',	1),
(2017,	'APAL-70751',	'Approval Ticket # APAL-70751',	99,	87,	1,	'2020-03-21',	'2020-03-21 06:43:28',	1),
(2018,	'APAL-67976',	'Approval Ticket # APAL-67976',	99,	87,	1,	'2020-03-21',	'2020-03-21 06:43:28',	1),
(2019,	'APAL-55566',	'Approval Ticket # APAL-55566',	99,	87,	1,	'2020-03-21',	'2020-03-21 06:43:28',	1),
(2020,	'APAL-29914',	'Approval Ticket # APAL-29914',	99,	87,	1,	'2020-03-21',	'2020-03-21 06:43:28',	1),
(2021,	'APAL-87489',	'Approval Ticket # APAL-87489',	99,	87,	1,	'2020-03-21',	'2020-03-21 06:43:28',	1),
(2022,	'APAL-45791',	'Approval Ticket # APAL-45791',	99,	87,	1,	'2020-03-21',	'2020-03-21 06:43:28',	1),
(2023,	'APAL-8092',	'Approval Ticket # APAL-8092',	99,	87,	1,	'2020-03-21',	'2020-03-21 06:43:28',	1),
(2024,	'APAL-60759',	'Approval Ticket # APAL-60759',	99,	87,	1,	'2020-03-21',	'2020-03-21 06:43:28',	1),
(2025,	'APAL-35241',	'Approval Ticket # APAL-35241',	99,	87,	1,	'2020-03-21',	'2020-03-21 06:43:28',	1),
(2026,	'APAL-57830',	'Approval Ticket # APAL-57830',	99,	87,	1,	'2020-03-21',	'2020-03-21 06:43:28',	1),
(2027,	'APAL-4565',	'Approval Ticket # APAL-4565',	99,	87,	1,	'2020-03-21',	'2020-03-21 06:43:28',	1),
(2028,	'APAL-66936',	'Approval Ticket # APAL-66936',	99,	87,	1,	'2020-03-21',	'2020-03-21 06:43:28',	1),
(2029,	'APAL-53194',	'Approval Ticket # APAL-53194',	99,	87,	1,	'2020-03-21',	'2020-03-21 06:43:28',	1),
(2030,	'APAL-22863',	'Approval Ticket # APAL-22863',	99,	87,	1,	'2020-03-21',	'2020-03-21 06:43:28',	1),
(2031,	'APAL-48658',	'Approval Ticket # APAL-48658',	99,	87,	1,	'2020-03-21',	'2020-03-21 06:43:28',	1),
(2032,	'APAL-18501',	'Approval Ticket # APAL-18501',	99,	87,	1,	'2020-03-21',	'2020-03-21 06:43:28',	1),
(2033,	'APAL-86753',	'Approval Ticket # APAL-86753',	99,	87,	1,	'2020-03-21',	'2020-03-21 06:43:28',	1),
(2034,	'APAL-59552',	'Approval Ticket # APAL-59552',	99,	87,	1,	'2020-03-21',	'2020-03-21 06:43:28',	1),
(2035,	'APAL-46124',	'Approval Ticket # APAL-46124',	99,	87,	1,	'2020-03-21',	'2020-03-21 06:43:29',	1),
(2036,	'APAL-63631',	'Approval Ticket # APAL-63631',	99,	87,	1,	'2020-03-21',	'2020-03-21 06:43:29',	1),
(2037,	'APAL-9584',	'Approval Ticket # APAL-9584',	99,	87,	1,	'2020-03-21',	'2020-03-21 06:43:29',	1),
(2038,	'APAL-1998',	'Approval Ticket # APAL-1998',	99,	87,	1,	'2020-03-21',	'2020-03-21 06:43:29',	1),
(2039,	'APAL-67875',	'Approval Ticket # APAL-67875',	99,	87,	1,	'2020-03-21',	'2020-03-21 06:43:29',	1),
(2040,	'APAL-83861',	'Approval Ticket # APAL-83861',	99,	87,	1,	'2020-03-21',	'2020-03-21 06:43:29',	1),
(2041,	'APAL-28924',	'Approval Ticket # APAL-28924',	99,	87,	1,	'2020-03-21',	'2020-03-21 06:43:29',	1),
(2042,	'APAL-62881',	'Approval Ticket # APAL-62881',	99,	87,	1,	'2020-03-21',	'2020-03-21 06:43:29',	1),
(2043,	'APAL-41387',	'Approval Ticket # APAL-41387',	99,	87,	1,	'2020-03-21',	'2020-03-21 06:43:29',	1),
(2044,	'APAL-45313',	'Approval Ticket # APAL-45313',	99,	87,	1,	'2020-03-21',	'2020-03-21 06:43:29',	1),
(2045,	'APAL-35706',	'Approval Ticket # APAL-35706',	99,	87,	1,	'2020-03-21',	'2020-03-21 06:43:29',	1),
(2046,	'APAL-55036',	'Approval Ticket # APAL-55036',	99,	87,	1,	'2020-03-21',	'2020-03-21 06:43:29',	1),
(2047,	'APAL-21691',	'Approval Ticket # APAL-21691',	99,	87,	1,	'2020-03-21',	'2020-03-21 06:43:29',	1),
(2048,	'APAL-16070',	'Approval Ticket # APAL-16070',	99,	87,	1,	'2020-03-21',	'2020-03-21 06:43:29',	1),
(2049,	'APAL-63654',	'Approval Ticket # APAL-63654',	99,	87,	1,	'2020-03-21',	'2020-03-21 06:43:29',	1),
(2050,	'APAL-5980',	'Approval Ticket # APAL-5980',	99,	87,	1,	'2020-03-21',	'2020-03-21 06:43:29',	1),
(2051,	'APAL-41372',	'Approval Ticket # APAL-41372',	99,	87,	1,	'2020-03-21',	'2020-03-21 06:43:29',	1),
(2052,	'APAL-61605',	'Approval Ticket # APAL-61605',	99,	87,	1,	'2020-03-21',	'2020-03-21 06:43:29',	1),
(2053,	'APAL-31342',	'Approval Ticket # APAL-31342',	99,	87,	1,	'2020-03-21',	'2020-03-21 06:43:29',	1),
(2054,	'APAL-64487',	'Approval Ticket # APAL-64487',	99,	87,	1,	'2020-03-21',	'2020-03-21 06:43:29',	1),
(2055,	'APAL-82412',	'Approval Ticket # APAL-82412',	99,	87,	1,	'2020-03-21',	'2020-03-21 06:43:29',	1),
(2056,	'APAL-3315',	'Approval Ticket # APAL-3315',	99,	87,	1,	'2020-03-21',	'2020-03-21 06:43:29',	1),
(2057,	'APAL-5210',	'Approval Ticket # APAL-5210',	99,	87,	1,	'2020-03-21',	'2020-03-21 06:43:29',	1),
(2058,	'APAL-86076',	'Approval Ticket # APAL-86076',	99,	87,	1,	'2020-03-21',	'2020-03-21 06:43:29',	1),
(2059,	'APAL-16680',	'Approval Ticket # APAL-16680',	99,	87,	1,	'2020-03-21',	'2020-03-21 06:43:29',	1),
(2060,	'APAL-16744',	'Approval Ticket # APAL-16744',	99,	87,	1,	'2020-03-21',	'2020-03-21 06:43:29',	1),
(2061,	'APAL-85586',	'Approval Ticket # APAL-85586',	99,	87,	1,	'2020-03-21',	'2020-03-21 06:43:29',	1),
(2062,	'APAL-12513',	'Approval Ticket # APAL-12513',	99,	87,	1,	'2020-03-21',	'2020-03-21 06:43:29',	1),
(2063,	'APAL-33543',	'Approval Ticket # APAL-33543',	99,	87,	1,	'2020-03-21',	'2020-03-21 06:43:29',	1),
(2064,	'APAL-9378',	'Approval Ticket # APAL-9378',	99,	87,	1,	'2020-03-21',	'2020-03-21 06:43:29',	1),
(2065,	'APAL-68619',	'Approval Ticket # APAL-68619',	99,	87,	1,	'2020-03-21',	'2020-03-21 06:43:29',	1),
(2066,	'APAL-49573',	'Approval Ticket # APAL-49573',	99,	87,	1,	'2020-03-21',	'2020-03-21 06:43:29',	1),
(2067,	'APAL-81746',	'Approval Ticket # APAL-81746',	99,	87,	1,	'2020-03-21',	'2020-03-21 06:43:29',	1),
(2068,	'APAL-12634',	'Approval Ticket # APAL-12634',	99,	87,	1,	'2020-03-21',	'2020-03-21 06:43:29',	1),
(2069,	'APAL-81363',	'Approval Ticket # APAL-81363',	99,	87,	1,	'2020-03-21',	'2020-03-21 06:43:29',	1),
(2070,	'APAL-28305',	'Approval Ticket # APAL-28305',	99,	87,	1,	'2020-03-21',	'2020-03-21 06:43:29',	1),
(2071,	'APAL-56501',	'Approval Ticket # APAL-56501',	99,	87,	1,	'2020-03-21',	'2020-03-21 06:43:29',	1),
(2072,	'APAL-12326',	'Approval Ticket # APAL-12326',	99,	87,	1,	'2020-03-21',	'2020-03-21 06:43:29',	1),
(2073,	'APAL-26448',	'Approval Ticket # APAL-26448',	99,	87,	1,	'2020-03-21',	'2020-03-21 06:43:29',	1),
(2074,	'APAL-65669',	'Approval Ticket # APAL-65669',	99,	87,	1,	'2020-03-21',	'2020-03-21 06:43:29',	1),
(2075,	'APAL-54766',	'Approval Ticket # APAL-54766',	99,	87,	1,	'2020-03-21',	'2020-03-21 06:43:29',	1),
(2076,	'APAL-81028',	'Approval Ticket # APAL-81028',	99,	87,	1,	'2020-03-21',	'2020-03-21 06:43:29',	1),
(2077,	'APAL-15244',	'Approval Ticket # APAL-15244',	99,	87,	1,	'2020-03-21',	'2020-03-21 06:43:30',	1),
(2078,	'APAL-69617',	'Approval Ticket # APAL-69617',	99,	87,	1,	'2020-03-21',	'2020-03-21 06:43:30',	1),
(2079,	'APAL-77757',	'Approval Ticket # APAL-77757',	99,	87,	1,	'2020-03-21',	'2020-03-21 06:43:30',	1),
(2080,	'APAL-72123',	'Approval Ticket # APAL-72123',	99,	87,	1,	'2020-03-21',	'2020-03-21 06:43:30',	1),
(2081,	'APAL-45477',	'Approval Ticket # APAL-45477',	99,	87,	1,	'2020-03-21',	'2020-03-21 06:43:30',	1),
(2082,	'APAL-28833',	'Approval Ticket # APAL-28833',	99,	87,	1,	'2020-03-21',	'2020-03-21 06:43:30',	1),
(2083,	'APAL-60240',	'Approval Ticket # APAL-60240',	99,	87,	1,	'2020-03-21',	'2020-03-21 06:43:30',	1),
(2084,	'APAL-26521',	'Approval Ticket # APAL-26521',	99,	87,	1,	'2020-03-21',	'2020-03-21 06:43:30',	1),
(2085,	'APAL-85004',	'Approval Ticket # APAL-85004',	99,	87,	1,	'2020-03-21',	'2020-03-21 06:43:30',	1),
(2086,	'APAL-40906',	'Approval Ticket # APAL-40906',	99,	87,	1,	'2020-03-21',	'2020-03-21 06:43:30',	1),
(2087,	'APAL-12160',	'Approval Ticket # APAL-12160',	99,	87,	1,	'2020-03-21',	'2020-03-21 06:43:30',	1),
(2088,	'APAL-59282',	'Approval Ticket # APAL-59282',	99,	87,	1,	'2020-03-21',	'2020-03-21 06:43:30',	1),
(2089,	'APAL-10446',	'Approval Ticket # APAL-10446',	99,	87,	1,	'2020-03-21',	'2020-03-21 06:43:30',	1),
(2090,	'APAL-42814',	'Approval Ticket # APAL-42814',	99,	87,	1,	'2020-03-21',	'2020-03-21 06:43:30',	1),
(2091,	'APAL-82674',	'Approval Ticket # APAL-82674',	99,	87,	1,	'2020-03-21',	'2020-03-21 06:43:30',	1),
(2092,	'APAL-82627',	'Approval Ticket # APAL-82627',	99,	87,	1,	'2020-03-21',	'2020-03-21 06:43:30',	1),
(2093,	'APAL-29603',	'Approval Ticket # APAL-29603',	99,	87,	1,	'2020-03-21',	'2020-03-21 06:43:30',	1),
(2094,	'APAL-13739',	'Approval Ticket # APAL-13739',	99,	87,	1,	'2020-03-21',	'2020-03-21 06:43:30',	1),
(2095,	'APAL-38810',	'Approval Ticket # APAL-38810',	99,	87,	1,	'2020-03-21',	'2020-03-21 06:43:30',	1),
(2096,	'APAL-84575',	'Approval Ticket # APAL-84575',	99,	87,	1,	'2020-03-21',	'2020-03-21 06:43:30',	1),
(2097,	'APAL-55005',	'Approval Ticket # APAL-55005',	99,	87,	1,	'2020-03-23',	'2020-03-23 17:45:46',	1),
(2098,	'APAL-72752',	'Approval Ticket # APAL-72752',	99,	87,	1,	'2020-03-23',	'2020-03-23 17:45:46',	1),
(2099,	'APAL-30823',	'Approval Ticket # APAL-30823',	99,	87,	1,	'2020-03-23',	'2020-03-23 17:45:46',	1),
(2100,	'APAL-48173',	'Approval Ticket # APAL-48173',	99,	87,	1,	'2020-03-23',	'2020-03-23 17:45:46',	1),
(2101,	'APAL-88233',	'Approval Ticket # APAL-88233',	99,	87,	1,	'2020-03-23',	'2020-03-23 17:45:46',	1),
(2102,	'APAL-45972',	'Approval Ticket # APAL-45972',	99,	87,	1,	'2020-03-23',	'2020-03-23 17:45:46',	1),
(2103,	'APAL-83482',	'Approval Ticket # APAL-83482',	99,	87,	1,	'2020-03-23',	'2020-03-23 17:45:46',	1),
(2104,	'APAL-1409',	'Approval Ticket # APAL-1409',	99,	87,	1,	'2020-03-23',	'2020-03-23 17:45:46',	1),
(2105,	'APAL-39409',	'Approval Ticket # APAL-39409',	99,	87,	1,	'2020-03-23',	'2020-03-23 17:45:46',	1),
(2106,	'APAL-43273',	'Approval Ticket # APAL-43273',	99,	87,	1,	'2020-03-23',	'2020-03-23 17:45:46',	1),
(2107,	'APAL-68783',	'Approval Ticket # APAL-68783',	99,	87,	1,	'2020-03-23',	'2020-03-23 17:45:46',	1),
(2108,	'APAL-88041',	'Approval Ticket # APAL-88041',	99,	87,	1,	'2020-03-23',	'2020-03-23 17:45:46',	1),
(2109,	'APAL-40045',	'Approval Ticket # APAL-40045',	99,	87,	1,	'2020-03-23',	'2020-03-23 17:45:46',	1),
(2110,	'APAL-51755',	'Approval Ticket # APAL-51755',	99,	87,	1,	'2020-03-23',	'2020-03-23 17:45:46',	1),
(2111,	'APAL-61874',	'Approval Ticket # APAL-61874',	99,	87,	1,	'2020-03-23',	'2020-03-23 17:45:46',	1),
(2112,	'APAL-69024',	'Approval Ticket # APAL-69024',	99,	87,	1,	'2020-03-23',	'2020-03-23 17:45:46',	1),
(2113,	'APAL-21365',	'Approval Ticket # APAL-21365',	99,	87,	1,	'2020-03-23',	'2020-03-23 17:45:46',	1),
(2114,	'APAL-28312',	'Approval Ticket # APAL-28312',	99,	87,	1,	'2020-03-23',	'2020-03-23 17:45:47',	1),
(2115,	'APAL-50329',	'Approval Ticket # APAL-50329',	99,	87,	1,	'2020-03-23',	'2020-03-23 17:45:47',	1),
(2116,	'APAL-27536',	'Approval Ticket # APAL-27536',	99,	87,	1,	'2020-03-23',	'2020-03-23 17:45:47',	1),
(2117,	'APAL-85381',	'Approval Ticket # APAL-85381',	99,	87,	1,	'2020-03-23',	'2020-03-23 17:45:47',	1),
(2118,	'APAL-10926',	'Approval Ticket # APAL-10926',	99,	87,	1,	'2020-03-23',	'2020-03-23 17:45:47',	1),
(2119,	'APAL-36063',	'Approval Ticket # APAL-36063',	99,	87,	1,	'2020-03-23',	'2020-03-23 17:45:47',	1),
(2120,	'APAL-10186',	'Approval Ticket # APAL-10186',	99,	87,	1,	'2020-03-23',	'2020-03-23 17:45:47',	1),
(2121,	'APAL-32664',	'Approval Ticket # APAL-32664',	99,	87,	1,	'2020-03-23',	'2020-03-23 17:45:47',	1),
(2122,	'APAL-81073',	'Approval Ticket # APAL-81073',	99,	87,	1,	'2020-03-23',	'2020-03-23 17:45:47',	1),
(2123,	'APAL-82995',	'Approval Ticket # APAL-82995',	99,	87,	1,	'2020-03-23',	'2020-03-23 17:45:47',	1),
(2124,	'APAL-72885',	'Approval Ticket # APAL-72885',	99,	87,	1,	'2020-03-23',	'2020-03-23 17:45:47',	1),
(2125,	'APAL-22945',	'Approval Ticket # APAL-22945',	99,	87,	1,	'2020-03-23',	'2020-03-23 17:45:47',	1),
(2126,	'APAL-76583',	'Approval Ticket # APAL-76583',	99,	87,	1,	'2020-03-23',	'2020-03-23 17:45:47',	1),
(2127,	'APAL-76139',	'Approval Ticket # APAL-76139',	99,	87,	1,	'2020-03-23',	'2020-03-23 17:45:47',	1),
(2128,	'APAL-19317',	'Approval Ticket # APAL-19317',	99,	87,	1,	'2020-03-23',	'2020-03-23 17:45:47',	1),
(2129,	'APAL-11338',	'Approval Ticket # APAL-11338',	99,	87,	1,	'2020-03-23',	'2020-03-23 17:45:47',	1),
(2130,	'APAL-68278',	'Approval Ticket # APAL-68278',	99,	87,	1,	'2020-03-23',	'2020-03-23 17:45:47',	1),
(2131,	'APAL-43168',	'Approval Ticket # APAL-43168',	99,	87,	1,	'2020-03-23',	'2020-03-23 17:45:47',	1),
(2132,	'APAL-80921',	'Approval Ticket # APAL-80921',	99,	87,	1,	'2020-03-23',	'2020-03-23 17:45:47',	1),
(2133,	'APAL-25038',	'Approval Ticket # APAL-25038',	99,	87,	1,	'2020-03-23',	'2020-03-23 17:45:47',	1),
(2134,	'APAL-78782',	'Approval Ticket # APAL-78782',	99,	87,	1,	'2020-03-23',	'2020-03-23 17:45:47',	1),
(2135,	'APAL-67372',	'Approval Ticket # APAL-67372',	99,	87,	1,	'2020-03-23',	'2020-03-23 17:45:47',	1),
(2136,	'APAL-2702',	'Approval Ticket # APAL-2702',	99,	87,	1,	'2020-03-23',	'2020-03-23 17:45:47',	1),
(2137,	'APAL-27881',	'Approval Ticket # APAL-27881',	99,	87,	1,	'2020-03-23',	'2020-03-23 17:45:47',	1),
(2138,	'APAL-17829',	'Approval Ticket # APAL-17829',	99,	87,	1,	'2020-03-23',	'2020-03-23 17:45:47',	1),
(2139,	'APAL-45307',	'Approval Ticket # APAL-45307',	99,	87,	1,	'2020-03-23',	'2020-03-23 17:45:47',	1),
(2140,	'APAL-1769',	'Approval Ticket # APAL-1769',	99,	87,	1,	'2020-03-23',	'2020-03-23 17:45:47',	1),
(2141,	'APAL-6783',	'Approval Ticket # APAL-6783',	99,	87,	1,	'2020-03-23',	'2020-03-23 17:45:47',	1),
(2142,	'APAL-1562',	'Approval Ticket # APAL-1562',	99,	87,	1,	'2020-03-23',	'2020-03-23 17:45:47',	1),
(2143,	'APAL-53768',	'Approval Ticket # APAL-53768',	99,	87,	1,	'2020-03-23',	'2020-03-23 17:45:47',	1),
(2144,	'APAL-49684',	'Approval Ticket # APAL-49684',	99,	87,	1,	'2020-03-23',	'2020-03-23 17:45:47',	1),
(2145,	'APAL-37443',	'Approval Ticket # APAL-37443',	99,	87,	1,	'2020-03-23',	'2020-03-23 17:45:47',	1),
(2146,	'APAL-22427',	'Approval Ticket # APAL-22427',	99,	87,	1,	'2020-03-23',	'2020-03-23 17:45:47',	1),
(2147,	'APAL-83152',	'Approval Ticket # APAL-83152',	99,	87,	1,	'2020-03-23',	'2020-03-23 17:45:47',	1),
(2148,	'APAL-14741',	'Approval Ticket # APAL-14741',	99,	87,	1,	'2020-03-23',	'2020-03-23 17:45:47',	1),
(2149,	'APAL-26410',	'Approval Ticket # APAL-26410',	99,	87,	1,	'2020-03-23',	'2020-03-23 17:45:47',	1),
(2150,	'APAL-83857',	'Approval Ticket # APAL-83857',	99,	87,	1,	'2020-03-23',	'2020-03-23 17:45:47',	1),
(2151,	'APAL-88617',	'Approval Ticket # APAL-88617',	99,	87,	1,	'2020-03-23',	'2020-03-23 17:45:47',	1),
(2152,	'APAL-40621',	'Approval Ticket # APAL-40621',	99,	87,	1,	'2020-03-23',	'2020-03-23 17:45:47',	1),
(2153,	'APAL-3140',	'Approval Ticket # APAL-3140',	99,	87,	1,	'2020-03-23',	'2020-03-23 17:45:47',	1),
(2154,	'APAL-25468',	'Approval Ticket # APAL-25468',	99,	87,	1,	'2020-03-23',	'2020-03-23 17:45:47',	1),
(2155,	'APAL-59127',	'Approval Ticket # APAL-59127',	99,	87,	1,	'2020-03-23',	'2020-03-23 17:45:47',	1),
(2156,	'APAL-8916',	'Approval Ticket # APAL-8916',	99,	87,	1,	'2020-03-23',	'2020-03-23 17:45:48',	1),
(2157,	'APAL-64570',	'Approval Ticket # APAL-64570',	99,	87,	1,	'2020-03-23',	'2020-03-23 17:45:48',	1),
(2158,	'APAL-28715',	'Approval Ticket # APAL-28715',	99,	87,	1,	'2020-03-23',	'2020-03-23 17:45:48',	1),
(2159,	'APAL-72218',	'Approval Ticket # APAL-72218',	99,	87,	1,	'2020-03-23',	'2020-03-23 17:45:48',	1),
(2160,	'APAL-84660',	'Approval Ticket # APAL-84660',	99,	87,	1,	'2020-03-23',	'2020-03-23 17:45:48',	1),
(2161,	'APAL-46770',	'Approval Ticket # APAL-46770',	99,	87,	1,	'2020-03-23',	'2020-03-23 17:45:48',	1),
(2162,	'APAL-17050',	'Approval Ticket # APAL-17050',	99,	87,	1,	'2020-03-23',	'2020-03-23 17:45:48',	1),
(2163,	'APAL-10520',	'Approval Ticket # APAL-10520',	99,	87,	1,	'2020-03-23',	'2020-03-23 17:45:48',	1),
(2164,	'APAL-47263',	'Approval Ticket # APAL-47263',	99,	87,	1,	'2020-03-23',	'2020-03-23 17:45:48',	1),
(2165,	'APAL-50241',	'Approval Ticket # APAL-50241',	99,	87,	1,	'2020-03-23',	'2020-03-23 17:45:48',	1),
(2166,	'APAL-75693',	'Approval Ticket # APAL-75693',	99,	87,	1,	'2020-03-23',	'2020-03-23 17:45:48',	1),
(2167,	'APAL-76446',	'Approval Ticket # APAL-76446',	99,	87,	1,	'2020-03-23',	'2020-03-23 17:45:48',	1),
(2168,	'APAL-1105',	'Approval Ticket # APAL-1105',	99,	87,	1,	'2020-03-23',	'2020-03-23 17:45:48',	1),
(2169,	'APAL-30325',	'Approval Ticket # APAL-30325',	99,	87,	1,	'2020-03-23',	'2020-03-23 17:45:48',	1),
(2170,	'APAL-75452',	'Approval Ticket # APAL-75452',	99,	87,	1,	'2020-03-23',	'2020-03-23 17:45:48',	1),
(2171,	'APAL-48258',	'Approval Ticket # APAL-48258',	99,	87,	1,	'2020-03-23',	'2020-03-23 17:45:48',	1),
(2172,	'APAL-25325',	'Approval Ticket # APAL-25325',	99,	87,	1,	'2020-03-23',	'2020-03-23 17:45:48',	1),
(2173,	'APAL-63476',	'Approval Ticket # APAL-63476',	99,	87,	1,	'2020-03-23',	'2020-03-23 17:45:48',	1),
(2174,	'APAL-18242',	'Approval Ticket # APAL-18242',	99,	87,	1,	'2020-03-23',	'2020-03-23 17:45:48',	1),
(2175,	'APAL-49059',	'Approval Ticket # APAL-49059',	99,	87,	1,	'2020-03-23',	'2020-03-23 17:45:48',	1),
(2176,	'APAL-89179',	'Approval Ticket # APAL-89179',	99,	87,	1,	'2020-03-23',	'2020-03-23 17:45:48',	1),
(2177,	'APAL-32860',	'Approval Ticket # APAL-32860',	99,	87,	1,	'2020-03-23',	'2020-03-23 17:45:48',	1),
(2178,	'APAL-13480',	'Approval Ticket # APAL-13480',	99,	87,	1,	'2020-03-23',	'2020-03-23 17:45:48',	1),
(2179,	'APAL-65188',	'Approval Ticket # APAL-65188',	99,	87,	1,	'2020-03-23',	'2020-03-23 17:45:48',	1),
(2180,	'APAL-20071',	'Approval Ticket # APAL-20071',	99,	87,	1,	'2020-03-23',	'2020-03-23 17:45:48',	1),
(2181,	'APAL-43498',	'Approval Ticket # APAL-43498',	99,	87,	1,	'2020-03-23',	'2020-03-23 17:45:48',	1),
(2182,	'APAL-48197',	'Approval Ticket # APAL-48197',	99,	87,	1,	'2020-03-23',	'2020-03-23 17:45:48',	1),
(2183,	'APAL-25052',	'Approval Ticket # APAL-25052',	99,	87,	1,	'2020-03-23',	'2020-03-23 17:45:48',	1),
(2184,	'APAL-6218',	'Approval Ticket # APAL-6218',	99,	87,	1,	'2020-03-23',	'2020-03-23 17:45:48',	1),
(2185,	'APAL-33360',	'Approval Ticket # APAL-33360',	99,	87,	1,	'2020-03-23',	'2020-03-23 17:45:48',	1),
(2186,	'APAL-1913',	'Approval Ticket # APAL-1913',	99,	87,	1,	'2020-03-23',	'2020-03-23 17:45:48',	1),
(2187,	'APAL-22437',	'Approval Ticket # APAL-22437',	99,	87,	1,	'2020-03-23',	'2020-03-23 17:45:48',	1),
(2188,	'APAL-31622',	'Approval Ticket # APAL-31622',	99,	87,	1,	'2020-03-23',	'2020-03-23 17:45:48',	1),
(2189,	'APAL-71302',	'Approval Ticket # APAL-71302',	99,	87,	1,	'2020-03-23',	'2020-03-23 17:45:48',	1),
(2190,	'APAL-10854',	'Approval Ticket # APAL-10854',	99,	87,	1,	'2020-03-23',	'2020-03-23 17:45:48',	1),
(2191,	'APAL-78606',	'Approval Ticket # APAL-78606',	99,	87,	1,	'2020-03-23',	'2020-03-23 17:45:48',	1),
(2192,	'APAL-68818',	'Approval Ticket # APAL-68818',	99,	87,	1,	'2020-03-23',	'2020-03-23 17:45:48',	1),
(2193,	'APAL-47179',	'Approval Ticket # APAL-47179',	99,	87,	1,	'2020-03-23',	'2020-03-23 17:45:48',	1),
(2194,	'APAL-24293',	'Approval Ticket # APAL-24293',	99,	87,	1,	'2020-03-23',	'2020-03-23 17:45:48',	1),
(2195,	'APAL-19894',	'Approval Ticket # APAL-19894',	99,	87,	1,	'2020-03-23',	'2020-03-23 17:45:48',	1),
(2196,	'APAL-72894',	'Approval Ticket # APAL-72894',	99,	87,	1,	'2020-03-23',	'2020-03-23 17:45:48',	1),
(2197,	'APAL-37065',	'Approval Ticket # APAL-37065',	99,	87,	1,	'2020-03-23',	'2020-03-23 17:45:49',	1),
(2198,	'APAL-11349',	'Approval Ticket # APAL-11349',	99,	87,	1,	'2020-03-23',	'2020-03-23 17:45:49',	1),
(2199,	'APAL-40913',	'Approval Ticket # APAL-40913',	99,	87,	1,	'2020-03-23',	'2020-03-23 17:45:49',	1),
(2200,	'APAL-58015',	'Approval Ticket # APAL-58015',	99,	87,	1,	'2020-03-23',	'2020-03-23 17:45:49',	1),
(2201,	'APAL-52875',	'Approval Ticket # APAL-52875',	99,	87,	1,	'2020-03-23',	'2020-03-23 17:45:49',	1),
(2202,	'APAL-48777',	'Approval Ticket # APAL-48777',	99,	87,	1,	'2020-03-23',	'2020-03-23 17:45:49',	1),
(2203,	'APAL-40886',	'Approval Ticket # APAL-40886',	99,	87,	1,	'2020-03-23',	'2020-03-23 17:45:49',	1),
(2204,	'APAL-19514',	'Approval Ticket # APAL-19514',	99,	87,	1,	'2020-03-23',	'2020-03-23 17:45:49',	1),
(2205,	'APAL-63787',	'Approval Ticket # APAL-63787',	99,	87,	1,	'2020-03-23',	'2020-03-23 17:45:49',	1),
(2206,	'APAL-87272',	'Approval Ticket # APAL-87272',	99,	87,	1,	'2020-03-23',	'2020-03-23 17:45:49',	1),
(2207,	'APAL-80447',	'Approval Ticket # APAL-80447',	99,	87,	1,	'2020-03-23',	'2020-03-23 17:45:49',	1),
(2208,	'APAL-80508',	'Approval Ticket # APAL-80508',	99,	87,	1,	'2020-03-23',	'2020-03-23 17:45:49',	1),
(2209,	'APAL-20020',	'Approval Ticket # APAL-20020',	99,	87,	1,	'2020-03-23',	'2020-03-23 17:45:49',	1),
(2210,	'APAL-7299',	'Approval Ticket # APAL-7299',	99,	87,	1,	'2020-03-23',	'2020-03-23 17:45:49',	1),
(2211,	'APAL-51581',	'Approval Ticket # APAL-51581',	99,	87,	1,	'2020-03-23',	'2020-03-23 17:45:49',	1),
(2212,	'APAL-47238',	'Approval Ticket # APAL-47238',	99,	87,	1,	'2020-03-23',	'2020-03-23 17:45:49',	1),
(2213,	'APAL-34120',	'Approval Ticket # APAL-34120',	99,	87,	1,	'2020-03-23',	'2020-03-23 17:45:49',	1),
(2214,	'APAL-77995',	'Approval Ticket # APAL-77995',	99,	87,	1,	'2020-03-23',	'2020-03-23 17:45:49',	1),
(2215,	'APAL-88967',	'Approval Ticket # APAL-88967',	99,	87,	1,	'2020-03-23',	'2020-03-23 17:45:49',	1),
(2216,	'APAL-51422',	'Approval Ticket # APAL-51422',	99,	87,	1,	'2020-03-23',	'2020-03-23 17:45:49',	1),
(2217,	'APAL-75013',	'Approval Ticket # APAL-75013',	99,	87,	1,	'2020-03-23',	'2020-03-23 17:45:49',	1),
(2218,	'APAL-36003',	'Approval Ticket # APAL-36003',	99,	87,	1,	'2020-03-23',	'2020-03-23 17:45:49',	1),
(2219,	'APAL-58507',	'Approval Ticket # APAL-58507',	99,	87,	1,	'2020-03-23',	'2020-03-23 17:45:49',	1),
(2220,	'APAL-45558',	'Approval Ticket # APAL-45558',	99,	87,	1,	'2020-03-23',	'2020-03-23 17:45:49',	1),
(2221,	'APAL-85284',	'Approval Ticket # APAL-85284',	99,	87,	1,	'2020-03-23',	'2020-03-23 17:45:50',	1),
(2222,	'APAL-84167',	'Approval Ticket # APAL-84167',	99,	87,	1,	'2020-03-23',	'2020-03-23 17:45:50',	1),
(2223,	'APAL-15879',	'Approval Ticket # APAL-15879',	99,	87,	1,	'2020-03-23',	'2020-03-23 17:45:50',	1),
(2224,	'APAL-25569',	'Approval Ticket # APAL-25569',	99,	87,	1,	'2020-03-23',	'2020-03-23 17:45:50',	1),
(2225,	'APAL-13031',	'Approval Ticket # APAL-13031',	99,	87,	1,	'2020-03-23',	'2020-03-23 17:45:50',	1),
(2226,	'APAL-70588',	'Approval Ticket # APAL-70588',	99,	87,	1,	'2020-03-23',	'2020-03-23 17:45:50',	1),
(2227,	'APAL-80491',	'Approval Ticket # APAL-80491',	99,	87,	1,	'2020-03-23',	'2020-03-23 17:45:50',	1),
(2228,	'APAL-29816',	'Approval Ticket # APAL-29816',	99,	87,	1,	'2020-03-23',	'2020-03-23 17:45:50',	1),
(2229,	'APAL-9577',	'Approval Ticket # APAL-9577',	99,	87,	1,	'2020-03-23',	'2020-03-23 17:45:50',	1),
(2230,	'APAL-64607',	'Approval Ticket # APAL-64607',	99,	87,	1,	'2020-03-23',	'2020-03-23 17:45:50',	1),
(2231,	'APAL-8492',	'Approval Ticket # APAL-8492',	99,	87,	1,	'2020-03-23',	'2020-03-23 17:45:50',	1),
(2232,	'APAL-53051',	'Approval Ticket # APAL-53051',	99,	87,	1,	'2020-03-23',	'2020-03-23 17:45:50',	1),
(2233,	'APAL-84966',	'Approval Ticket # APAL-84966',	99,	87,	1,	'2020-03-23',	'2020-03-23 17:45:50',	1),
(2234,	'APAL-28462',	'Approval Ticket # APAL-28462',	99,	87,	1,	'2020-03-23',	'2020-03-23 17:45:50',	1),
(2235,	'APAL-11855',	'Approval Ticket # APAL-11855',	99,	87,	1,	'2020-03-23',	'2020-03-23 17:45:50',	1),
(2236,	'APAL-7857',	'Approval Ticket # APAL-7857',	99,	87,	1,	'2020-03-23',	'2020-03-23 17:45:50',	1),
(2237,	'APAL-72310',	'Approval Ticket # APAL-72310',	99,	87,	1,	'2020-03-23',	'2020-03-23 17:45:50',	1),
(2238,	'APAL-20907',	'Approval Ticket # APAL-20907',	99,	87,	1,	'2020-03-23',	'2020-03-23 17:45:50',	1),
(2239,	'APAL-26377',	'Approval Ticket # APAL-26377',	99,	87,	1,	'2020-03-23',	'2020-03-23 17:45:50',	1),
(2240,	'APAL-69068',	'Approval Ticket # APAL-69068',	99,	87,	1,	'2020-03-23',	'2020-03-23 17:45:50',	1),
(2241,	'APAL-51538',	'Approval Ticket # APAL-51538',	99,	87,	1,	'2020-03-23',	'2020-03-23 17:45:50',	1),
(2242,	'APAL-52462',	'Approval Ticket # APAL-52462',	99,	87,	1,	'2020-03-23',	'2020-03-23 17:45:50',	1),
(2243,	'APAL-47166',	'Approval Ticket # APAL-47166',	99,	87,	1,	'2020-03-23',	'2020-03-23 17:45:50',	1),
(2244,	'APAL-41771',	'Approval Ticket # APAL-41771',	99,	87,	1,	'2020-03-23',	'2020-03-23 17:45:50',	1),
(2245,	'APAL-19437',	'Approval Ticket # APAL-19437',	99,	87,	1,	'2020-03-23',	'2020-03-23 17:45:50',	1),
(2246,	'APAL-88114',	'Approval Ticket # APAL-88114',	99,	87,	1,	'2020-03-23',	'2020-03-23 17:45:50',	1),
(2247,	'APAL-44786',	'Approval Ticket # APAL-44786',	99,	87,	1,	'2020-03-23',	'2020-03-23 17:45:50',	1),
(2248,	'APAL-65334',	'Approval Ticket # APAL-65334',	99,	87,	1,	'2020-03-23',	'2020-03-23 17:45:50',	1),
(2249,	'APAL-32252',	'Approval Ticket # APAL-32252',	99,	87,	1,	'2020-03-23',	'2020-03-23 17:45:50',	1),
(2250,	'APAL-69982',	'Approval Ticket # APAL-69982',	99,	87,	1,	'2020-03-23',	'2020-03-23 17:45:50',	1),
(2251,	'APAL-73417',	'Approval Ticket # APAL-73417',	99,	87,	1,	'2020-03-23',	'2020-03-23 17:45:50',	1),
(2252,	'APAL-62621',	'Approval Ticket # APAL-62621',	99,	87,	1,	'2020-03-23',	'2020-03-23 17:45:50',	1),
(2253,	'APAL-79311',	'Approval Ticket # APAL-79311',	99,	87,	1,	'2020-03-23',	'2020-03-23 17:45:50',	1),
(2254,	'APAL-43388',	'Approval Ticket # APAL-43388',	99,	87,	1,	'2020-03-23',	'2020-03-23 17:45:50',	1),
(2255,	'APAL-81131',	'Approval Ticket # APAL-81131',	99,	87,	1,	'2020-03-23',	'2020-03-23 17:45:51',	1),
(2256,	'APAL-80141',	'Approval Ticket # APAL-80141',	99,	87,	1,	'2020-03-23',	'2020-03-23 17:45:51',	1),
(2257,	'APAL-40859',	'Approval Ticket # APAL-40859',	99,	87,	1,	'2020-03-23',	'2020-03-23 17:45:51',	1),
(2258,	'APAL-13220',	'Approval Ticket # APAL-13220',	99,	87,	1,	'2020-03-23',	'2020-03-23 17:45:51',	1),
(2259,	'APAL-37552',	'Approval Ticket # APAL-37552',	99,	87,	1,	'2020-03-23',	'2020-03-23 17:45:51',	1),
(2260,	'APAL-49155',	'Approval Ticket # APAL-49155',	99,	87,	1,	'2020-03-23',	'2020-03-23 17:45:51',	1),
(2261,	'APAL-79792',	'Approval Ticket # APAL-79792',	99,	87,	1,	'2020-03-23',	'2020-03-23 17:45:51',	1),
(2262,	'APAL-47599',	'Approval Ticket # APAL-47599',	99,	87,	1,	'2020-03-23',	'2020-03-23 17:45:51',	1),
(2263,	'APAL-40951',	'Approval Ticket # APAL-40951',	99,	87,	1,	'2020-03-23',	'2020-03-23 17:45:51',	1),
(2264,	'APAL-26786',	'Approval Ticket # APAL-26786',	99,	87,	1,	'2020-03-23',	'2020-03-23 17:45:51',	1),
(2265,	'APAL-64712',	'Approval Ticket # APAL-64712',	99,	87,	1,	'2020-03-23',	'2020-03-23 17:45:51',	1),
(2266,	'APAL-11205',	'Approval Ticket # APAL-11205',	99,	87,	1,	'2020-03-23',	'2020-03-23 17:45:51',	1),
(2267,	'APAL-58986',	'Approval Ticket # APAL-58986',	99,	87,	1,	'2020-03-23',	'2020-03-23 17:45:51',	1),
(2268,	'APAL-59812',	'Approval Ticket # APAL-59812',	99,	87,	1,	'2020-03-23',	'2020-03-23 17:45:51',	1),
(2269,	'APAL-80324',	'Approval Ticket # APAL-80324',	99,	87,	1,	'2020-03-23',	'2020-03-23 17:45:51',	1),
(2270,	'APAL-43909',	'Approval Ticket # APAL-43909',	99,	87,	1,	'2020-03-23',	'2020-03-23 17:45:51',	1),
(2271,	'APAL-26372',	'Approval Ticket # APAL-26372',	99,	87,	1,	'2020-03-23',	'2020-03-23 17:45:51',	1),
(2272,	'APAL-2695',	'Approval Ticket # APAL-2695',	99,	87,	1,	'2020-03-23',	'2020-03-23 17:45:51',	1),
(2273,	'APAL-57100',	'Approval Ticket # APAL-57100',	99,	87,	1,	'2020-03-23',	'2020-03-23 17:45:51',	1),
(2274,	'APAL-37364',	'Approval Ticket # APAL-37364',	99,	87,	1,	'2020-03-23',	'2020-03-23 17:45:51',	1),
(2275,	'APAL-42047',	'Approval Ticket # APAL-42047',	99,	87,	1,	'2020-03-23',	'2020-03-23 17:45:51',	1),
(2276,	'APAL-61088',	'Approval Ticket # APAL-61088',	99,	87,	1,	'2020-03-23',	'2020-03-23 17:45:51',	1),
(2277,	'APAL-52118',	'Approval Ticket # APAL-52118',	99,	87,	1,	'2020-03-23',	'2020-03-23 17:45:51',	1),
(2278,	'APAL-33170',	'Approval Ticket # APAL-33170',	99,	87,	1,	'2020-03-23',	'2020-03-23 17:45:51',	1),
(2279,	'APAL-11592',	'Approval Ticket # APAL-11592',	99,	87,	1,	'2020-03-23',	'2020-03-23 17:45:51',	1),
(2280,	'APAL-25013',	'Approval Ticket # APAL-25013',	99,	87,	1,	'2020-03-23',	'2020-03-23 17:45:51',	1),
(2281,	'APAL-20089',	'Approval Ticket # APAL-20089',	99,	87,	1,	'2020-03-23',	'2020-03-23 17:45:51',	1),
(2282,	'APAL-39691',	'Approval Ticket # APAL-39691',	99,	87,	1,	'2020-03-23',	'2020-03-23 17:45:51',	1),
(2283,	'APAL-77220',	'Approval Ticket # APAL-77220',	99,	87,	1,	'2020-03-23',	'2020-03-23 17:45:51',	1),
(2284,	'APAL-53350',	'Approval Ticket # APAL-53350',	99,	87,	1,	'2020-03-23',	'2020-03-23 17:45:51',	1),
(2285,	'APAL-45941',	'Approval Ticket # APAL-45941',	99,	87,	1,	'2020-03-23',	'2020-03-23 17:45:51',	1),
(2286,	'APAL-44539',	'Approval Ticket # APAL-44539',	99,	87,	1,	'2020-03-23',	'2020-03-23 17:45:51',	1),
(2287,	'APAL-88077',	'Approval Ticket # APAL-88077',	99,	87,	1,	'2020-03-23',	'2020-03-23 17:45:51',	1),
(2288,	'APAL-43630',	'Approval Ticket # APAL-43630',	99,	87,	1,	'2020-03-23',	'2020-03-23 17:45:51',	1),
(2289,	'APAL-84418',	'Approval Ticket # APAL-84418',	99,	87,	1,	'2020-03-23',	'2020-03-23 17:45:51',	1),
(2290,	'APAL-66772',	'Approval Ticket # APAL-66772',	99,	87,	1,	'2020-03-23',	'2020-03-23 17:45:51',	1),
(2291,	'APAL-45434',	'Approval Ticket # APAL-45434',	99,	87,	1,	'2020-03-23',	'2020-03-23 17:45:51',	1),
(2292,	'APAL-35536',	'Approval Ticket # APAL-35536',	99,	87,	1,	'2020-03-23',	'2020-03-23 17:45:51',	1),
(2293,	'APAL-83994',	'Approval Ticket # APAL-83994',	99,	87,	1,	'2020-03-23',	'2020-03-23 17:45:51',	1),
(2294,	'APAL-7366',	'Approval Ticket # APAL-7366',	99,	87,	1,	'2020-03-23',	'2020-03-23 17:45:51',	1),
(2295,	'APAL-23166',	'Approval Ticket # APAL-23166',	99,	87,	1,	'2020-03-23',	'2020-03-23 17:45:51',	1),
(2296,	'APAL-69963',	'Approval Ticket # APAL-69963',	99,	87,	1,	'2020-03-23',	'2020-03-23 17:45:51',	1),
(2297,	'APAL-29635',	'Approval Ticket # APAL-29635',	346,	87,	1,	'2020-03-23',	'2020-03-23 18:18:14',	1),
(2298,	'APAL-31830',	'Approval Ticket # APAL-31830',	314,	87,	1,	'2020-03-23',	'2020-03-23 18:24:27',	1),
(2299,	'APAL-56982',	'Approval Ticket # APAL-56982',	336,	87,	1,	'2020-03-23',	'2020-03-23 18:26:27',	1),
(2300,	'APAL-84686',	'Approval Ticket # APAL-84686',	296,	87,	1,	'2020-03-23',	'2020-03-23 18:36:41',	1),
(2307,	'APAL-45055',	'Approval Ticket # APAL-45055',	20,	87,	1,	'2020-03-23',	'2020-03-23 19:07:17',	1),
(2308,	'APAL-69395',	'Approval Ticket # APAL-69395',	45,	87,	1,	'2020-03-23',	'2020-03-23 19:07:17',	1),
(2309,	'APAL-24505',	'Approval Ticket # APAL-24505',	349,	87,	1,	'2020-03-23',	'2020-03-23 19:07:17',	1),
(2310,	'APAL-61999',	'Approval Ticket # APAL-61999',	20,	87,	1,	'2020-03-23',	'2020-03-23 19:09:48',	1),
(2311,	'APAL-54819',	'Approval Ticket # APAL-54819',	41,	87,	1,	'2020-03-23',	'2020-03-23 19:09:48',	1),
(2312,	'APAL-58813',	'Approval Ticket # APAL-58813',	349,	87,	1,	'2020-03-23',	'2020-03-23 19:09:48',	1),
(2313,	'APAL-13828',	'Approval Ticket # APAL-13828',	20,	87,	1,	'2020-03-23',	'2020-03-23 19:10:38',	1),
(2314,	'APAL-44070',	'Approval Ticket # APAL-44070',	307,	87,	1,	'2020-03-23',	'2020-03-23 19:10:38',	1),
(2315,	'APAL-21664',	'Approval Ticket # APAL-21664',	349,	87,	1,	'2020-03-23',	'2020-03-23 19:10:38',	1),
(2316,	'APAL-31338',	'Approval Ticket # APAL-31338',	20,	87,	1,	'2020-03-24',	'2020-03-24 16:07:17',	1),
(2317,	'APAL-16480',	'Approval Ticket # APAL-16480',	307,	87,	1,	'2020-03-24',	'2020-03-24 16:07:17',	1),
(2318,	'APAL-68385',	'Approval Ticket # APAL-68385',	349,	87,	1,	'2020-03-24',	'2020-03-24 16:07:17',	1),
(2319,	'APAL-14923',	'Approval Ticket # APAL-14923',	20,	87,	1,	'2020-03-24',	'2020-03-24 16:13:37',	1),
(2320,	'APAL-31545',	'Approval Ticket # APAL-31545',	307,	87,	1,	'2020-03-24',	'2020-03-24 16:13:37',	1),
(2321,	'APAL-72200',	'Approval Ticket # APAL-72200',	349,	87,	1,	'2020-03-24',	'2020-03-24 16:13:37',	1),
(2322,	'APAL-51468',	'Approval Ticket # APAL-51468',	298,	87,	1,	'2020-03-24',	'2020-03-24 16:15:52',	1),
(2323,	'APAL-63380',	'Approval Ticket # APAL-63380',	298,	87,	1,	'2020-03-24',	'2020-03-24 16:16:22',	1),
(2324,	'APAL-73175',	'Approval Ticket # APAL-73175',	298,	87,	1,	'2020-03-24',	'2020-03-24 16:16:55',	1),
(2325,	'APAL-69394',	'Approval Ticket # APAL-69394',	298,	87,	1,	'2020-03-24',	'2020-03-24 16:17:28',	1),
(2326,	'APAL-26192',	'Approval Ticket # APAL-26192',	298,	87,	1,	'2020-03-24',	'2020-03-24 16:18:24',	1),
(2327,	'APAL-89438',	'Approval Ticket # APAL-89438',	299,	87,	1,	'2020-03-24',	'2020-03-24 16:19:19',	1),
(2328,	'APAL-52702',	'Approval Ticket # APAL-52702',	299,	87,	1,	'2020-03-24',	'2020-03-24 16:19:49',	1),
(2329,	'APAL-67406',	'Approval Ticket # APAL-67406',	299,	87,	1,	'2020-03-24',	'2020-03-24 16:20:01',	1),
(2330,	'APAL-32434',	'Approval Ticket # APAL-32434',	299,	87,	1,	'2020-03-24',	'2020-03-24 16:20:18',	1),
(2331,	'APAL-51131',	'Approval Ticket # APAL-51131',	299,	87,	1,	'2020-03-24',	'2020-03-24 16:22:46',	1),
(2332,	'APAL-45423',	'Approval Ticket # APAL-45423',	326,	87,	1,	'2020-03-24',	'2020-03-24 16:30:37',	1),
(2333,	'APAL-75654',	'Approval Ticket # APAL-75654',	299,	87,	1,	'2020-03-24',	'2020-03-24 16:53:38',	1),
(2334,	'APAL-87390',	'Approval Ticket # APAL-87390',	299,	87,	1,	'2020-03-24',	'2020-03-24 16:54:16',	1),
(2335,	'APAL-40808',	'Approval Ticket # APAL-40808',	326,	87,	1,	'2020-03-24',	'2020-03-24 16:55:42',	1),
(2336,	'APAL-31858',	'Approval Ticket # APAL-31858',	317,	87,	1,	'2020-03-24',	'2020-03-24 16:58:37',	1),
(2337,	'APAL-10664',	'Approval Ticket # APAL-10664',	317,	87,	1,	'2020-03-24',	'2020-03-24 17:01:49',	1),
(2338,	'APAL-22516',	'Approval Ticket # APAL-22516',	317,	87,	1,	'2020-03-24',	'2020-03-24 17:02:25',	1),
(2339,	'APAL-13617',	'Approval Ticket # APAL-13617',	312,	87,	1,	'2020-03-24',	'2020-03-24 17:03:19',	1),
(2340,	'APAL-17930',	'Approval Ticket # APAL-17930',	312,	87,	1,	'2020-03-24',	'2020-03-24 17:03:41',	1),
(2341,	'APAL-35431',	'Approval Ticket # APAL-35431',	312,	87,	1,	'2020-03-24',	'2020-03-24 17:04:17',	1),
(2342,	'APAL-6251',	'Approval Ticket # APAL-6251',	312,	87,	1,	'2020-03-24',	'2020-03-24 17:05:15',	1),
(2343,	'APAL-79300',	'Approval Ticket # APAL-79300',	312,	87,	1,	'2020-03-24',	'2020-03-24 17:05:56',	1),
(2344,	'APAL-59849',	'Approval Ticket # APAL-59849',	312,	87,	1,	'2020-03-24',	'2020-03-24 17:06:52',	1),
(2345,	'APAL-56258',	'Approval Ticket # APAL-56258',	337,	87,	1,	'2020-03-24',	'2020-03-24 17:09:17',	1),
(2346,	'APAL-67060',	'Approval Ticket # APAL-67060',	336,	87,	1,	'2020-03-24',	'2020-03-24 17:11:02',	1),
(2347,	'APAL-9813',	'Approval Ticket # APAL-9813',	314,	87,	1,	'2020-03-24',	'2020-03-24 17:11:31',	1),
(2348,	'APAL-13150',	'Approval Ticket # APAL-13150',	336,	87,	1,	'2020-03-24',	'2020-03-24 17:12:30',	1),
(2349,	'APAL-13443',	'Approval Ticket # APAL-13443',	337,	87,	1,	'2020-03-24',	'2020-03-24 17:13:31',	1),
(2350,	'APAL-10850',	'Approval Ticket # APAL-10850',	305,	87,	1,	'2020-03-24',	'2020-03-24 18:54:25',	1),
(2351,	'APAL-2331',	'Approval Ticket # APAL-2331',	305,	87,	1,	'2020-03-24',	'2020-03-24 18:55:20',	1),
(2352,	'APAL-77208',	'Approval Ticket # APAL-77208',	318,	87,	1,	'2020-03-24',	'2020-03-24 18:56:36',	1),
(2353,	'APAL-68776',	'Approval Ticket # APAL-68776',	313,	87,	1,	'2020-03-24',	'2020-03-24 18:56:36',	1),
(2354,	'APAL-41579',	'Approval Ticket # APAL-41579',	354,	87,	1,	'2020-03-24',	'2020-03-24 18:56:36',	1),
(2355,	'APAL-25010',	'Approval Ticket # APAL-25010',	354,	87,	1,	'2020-03-24',	'2020-03-24 18:58:36',	1),
(2356,	'APAL-23140',	'Approval Ticket # APAL-23140',	354,	87,	1,	'2020-03-26',	'2020-03-26 06:55:57',	1),
(2357,	'APAL-22549',	'Approval Ticket # APAL-22549',	337,	87,	1,	'2020-03-26',	'2020-03-26 07:01:11',	1),
(2358,	'APAL-24354',	'Approval Ticket # APAL-24354',	337,	87,	1,	'2020-03-26',	'2020-03-26 07:04:01',	1),
(2359,	'APAL-22776',	'Approval Ticket # APAL-22776',	318,	87,	1,	'2020-03-26',	'2020-03-26 07:05:26',	1),
(2360,	'APAL-40669',	'Approval Ticket # APAL-40669',	313,	87,	1,	'2020-03-26',	'2020-03-26 07:05:26',	1),
(2361,	'APAL-54134',	'Approval Ticket # APAL-54134',	354,	87,	1,	'2020-03-26',	'2020-03-26 07:05:26',	1),
(2362,	'APAL-42630',	'Approval Ticket # APAL-42630',	354,	87,	1,	'2020-03-26',	'2020-03-26 07:56:27',	1),
(2365,	'APAL-50185',	'Approval Ticket # APAL-50185',	362,	87,	1,	'2020-03-26',	'2020-03-26 08:15:50',	1),
(2366,	'APAL-87756',	'Approval Ticket # APAL-87756',	362,	87,	1,	'2020-03-26',	'2020-03-26 08:16:14',	1),
(2367,	'APAL-7742',	'Approval Ticket # APAL-7742',	354,	87,	1,	'2020-03-26',	'2020-03-26 08:57:08',	1),
(2368,	'APAL-38160',	'Approval Ticket # APAL-38160',	354,	87,	1,	'2020-03-26',	'2020-03-26 08:58:23',	1),
(2369,	'APAL-25753',	'Approval Ticket # APAL-25753',	354,	87,	1,	'2020-03-26',	'2020-03-26 09:00:22',	1),
(2370,	'APAL-17412',	'Approval Ticket # APAL-17412',	354,	87,	1,	'2020-03-26',	'2020-03-26 09:14:57',	1),
(2371,	'APAL-80764',	'Approval Ticket # APAL-80764',	354,	87,	1,	'2020-03-26',	'2020-03-26 10:42:18',	1),
(2372,	'APAL-88225',	'Approval Ticket # APAL-88225',	340,	87,	1,	'2020-03-27',	'2020-03-27 11:58:02',	1),
(2373,	'APAL-50927',	'Approval Ticket # APAL-50927',	340,	87,	1,	'2020-03-27',	'2020-03-27 12:01:53',	1),
(2374,	'APAL-46941',	'Approval Ticket # APAL-46941',	340,	87,	1,	'2020-03-27',	'2020-03-27 12:02:40',	1),
(2375,	'APAL-15630',	'Approval Ticket # APAL-15630',	340,	87,	1,	'2020-03-27',	'2020-03-27 12:02:58',	1),
(2376,	'APAL-84155',	'Approval Ticket # APAL-84155',	340,	87,	1,	'2020-03-27',	'2020-03-27 12:04:03',	1),
(2377,	'APAL-61702',	'Approval Ticket # APAL-61702',	340,	87,	1,	'2020-03-27',	'2020-03-27 12:05:28',	1),
(2378,	'APAL-68536',	'Approval Ticket # APAL-68536',	310,	87,	1,	'2020-03-30',	'2020-03-30 08:30:02',	1),
(2379,	'APAL-68165',	'Approval Ticket # APAL-68165',	345,	87,	1,	'2020-03-30',	'2020-03-30 08:31:13',	1),
(2380,	'APAL-9083',	'Approval Ticket # APAL-9083',	51,	87,	1,	'2020-03-30',	'2020-03-30 08:31:50',	1),
(2381,	'APAL-35207',	'Approval Ticket # APAL-35207',	352,	87,	1,	'2020-03-30',	'2020-03-30 08:33:05',	1),
(2382,	'APAL-58766',	'Approval Ticket # APAL-58766',	308,	87,	1,	'2020-03-30',	'2020-03-30 08:33:05',	1),
(2383,	'APAL-29370',	'Approval Ticket # APAL-29370',	311,	87,	1,	'2020-03-30',	'2020-03-30 08:33:05',	1),
(2384,	'APAL-26451',	'Approval Ticket # APAL-26451',	346,	87,	1,	'2020-03-30',	'2020-03-30 13:08:09',	1),
(2385,	'APAL-32213',	'Approval Ticket # APAL-32213',	346,	87,	1,	'2020-04-01',	'2020-04-01 06:29:33',	1),
(2386,	'APAL-15930',	'Approval Ticket # APAL-15930',	346,	87,	2,	'2020-04-01',	'2020-04-01 06:31:07',	2),
(2387,	'APAL-77082',	'Approval Ticket # APAL-77082',	354,	87,	1,	'2020-04-02',	'2020-04-02 07:54:50',	1),
(2388,	'APAL-73269',	'Approval Ticket # APAL-73269',	301,	87,	1,	'2020-04-02',	'2020-04-02 18:16:53',	1),
(2389,	'APAL-34378',	'Approval Ticket # APAL-34378',	302,	87,	1,	'2020-04-02',	'2020-04-02 18:17:51',	1),
(2390,	'APAL-65768',	'Approval Ticket # APAL-65768',	340,	87,	1,	'2020-04-03',	'2020-04-03 18:34:10',	1),
(2391,	'APAL-11287',	'Approval Ticket # APAL-11287',	340,	87,	1,	'2020-04-03',	'2020-04-03 18:40:34',	1),
(2392,	'APAL-39981',	'Approval Ticket # APAL-39981',	340,	87,	1,	'2020-04-03',	'2020-04-03 18:46:13',	1),
(2393,	'APAL-16376',	'Approval Ticket # APAL-16376',	340,	87,	1,	'2020-04-03',	'2020-04-03 18:50:26',	1),
(2394,	'APAL-75274',	'Approval Ticket # APAL-75274',	340,	87,	1,	'2020-04-03',	'2020-04-03 18:50:54',	1),
(2395,	'APAL-31774',	'Approval Ticket # APAL-31774',	340,	87,	1,	'2020-04-03',	'2020-04-03 18:56:44',	1),
(2396,	'APAL-74564',	'Approval Ticket # APAL-74564',	340,	87,	1,	'2020-04-03',	'2020-04-03 18:58:52',	1),
(2397,	'APAL-4134',	'Approval Ticket # APAL-4134',	340,	87,	1,	'2020-04-03',	'2020-04-03 19:08:43',	1),
(2398,	'APAL-65475',	'Approval Ticket # APAL-65475',	340,	87,	1,	'2020-04-03',	'2020-04-03 19:09:34',	1);

DROP TABLE IF EXISTS `approve_item`;
CREATE TABLE `approve_item` (
  `approve_item_id` int(100) NOT NULL AUTO_INCREMENT,
  `approve_item_track_number` varchar(100) NOT NULL,
  `approve_item_name` varchar(100) NOT NULL,
  `approve_item_is_active` int(5) NOT NULL,
  `approve_item_created_date` date NOT NULL,
  `approve_item_created_by` int(100) NOT NULL,
  `approve_item_last_modified_date` timestamp NOT NULL DEFAULT CURRENT_TIMESTAMP ON UPDATE CURRENT_TIMESTAMP,
  `approve_item_last_modified_by` int(100) NOT NULL,
  `fk_approval_id` int(100) DEFAULT NULL,
  `fk_status_id` int(100) DEFAULT NULL,
  PRIMARY KEY (`approve_item_id`),
  UNIQUE KEY `approve_item_name` (`approve_item_name`)
) ENGINE=InnoDB DEFAULT CHARSET=latin1;

INSERT INTO `approve_item` (`approve_item_id`, `approve_item_track_number`, `approve_item_name`, `approve_item_is_active`, `approve_item_created_date`, `approve_item_created_by`, `approve_item_last_modified_date`, `approve_item_last_modified_by`, `fk_approval_id`, `fk_status_id`) VALUES
(20,	'APEM-45333',	'office',	1,	'2019-11-03',	1,	'2019-12-08 07:57:15',	1,	NULL,	NULL),
(41,	'',	'context_cluster',	0,	'2019-11-21',	1,	'2019-12-08 08:45:49',	1,	NULL,	NULL),
(42,	'',	'context_global',	0,	'2019-11-21',	1,	'2019-12-08 08:45:49',	1,	NULL,	NULL),
(43,	'',	'context_region',	0,	'2019-11-21',	1,	'2019-12-08 08:45:49',	1,	NULL,	NULL),
(44,	'',	'context_country',	0,	'2019-11-21',	1,	'2019-12-08 08:45:49',	1,	NULL,	NULL),
(45,	'',	'context_cohort',	0,	'2019-11-21',	1,	'2019-12-08 08:45:49',	1,	NULL,	NULL),
(50,	'',	'context_cluster_user',	0,	'2019-11-21',	1,	'2019-12-08 08:45:49',	1,	NULL,	NULL),
(51,	'',	'designation',	0,	'2019-11-21',	1,	'2019-11-21 16:37:42',	1,	NULL,	NULL),
(52,	'',	'context_country_user',	0,	'2019-11-22',	1,	'2019-12-08 08:45:49',	1,	NULL,	NULL),
(53,	'',	'context_cohort_user',	0,	'2019-11-22',	1,	'2019-12-08 08:45:49',	1,	NULL,	NULL),
(54,	'',	'context_global_user',	0,	'2019-11-22',	1,	'2019-12-08 08:45:49',	1,	NULL,	NULL),
(55,	'',	'context_region_user',	0,	'2019-11-22',	1,	'2019-12-08 08:45:49',	1,	NULL,	NULL),
(62,	'APEM-78654',	'approval',	0,	'2019-11-23',	1,	'2020-03-07 04:19:43',	1,	NULL,	NULL),
(99,	'',	'permission',	0,	'2020-03-21',	1,	'2020-03-21 06:43:26',	1,	NULL,	NULL),
(295,	'',	'dashboard',	0,	'2020-03-23',	1,	'2020-03-23 17:28:56',	1,	NULL,	NULL),
(296,	'',	'account_system',	0,	'2020-03-23',	1,	'2020-03-23 17:31:34',	1,	NULL,	NULL),
(297,	'',	'',	0,	'2020-03-23',	1,	'2020-03-23 17:32:17',	1,	NULL,	NULL),
(298,	'',	'bank',	0,	'2020-03-23',	1,	'2020-03-23 17:32:17',	1,	NULL,	NULL),
(299,	'',	'bank_branch',	0,	'2020-03-23',	1,	'2020-03-23 17:32:17',	1,	NULL,	NULL),
(300,	'',	'bank_contra_account',	0,	'2020-03-23',	1,	'2020-03-23 17:32:17',	1,	NULL,	NULL),
(301,	'',	'budget',	0,	'2020-03-23',	1,	'2020-03-23 17:32:17',	1,	NULL,	NULL),
(302,	'',	'budget_item',	0,	'2020-03-23',	1,	'2020-03-23 17:32:17',	1,	NULL,	NULL),
(303,	'',	'budget_item_detail',	0,	'2020-03-23',	1,	'2020-03-23 17:32:17',	1,	NULL,	NULL),
(304,	'',	'cash_contra_account',	0,	'2020-03-23',	1,	'2020-03-23 17:32:17',	1,	NULL,	NULL),
(305,	'',	'cheque_book',	0,	'2020-03-23',	1,	'2020-03-23 17:32:17',	1,	NULL,	NULL),
(306,	'',	'ci_sessions',	0,	'2020-03-23',	1,	'2020-03-23 17:32:17',	1,	NULL,	NULL),
(307,	'',	'context_center',	0,	'2020-03-23',	1,	'2020-03-23 17:32:17',	1,	NULL,	NULL),
(308,	'',	'context_center_user',	0,	'2020-03-23',	1,	'2020-03-23 17:32:17',	1,	NULL,	NULL),
(309,	'',	'context_definition',	0,	'2020-03-23',	1,	'2020-03-23 17:32:18',	1,	NULL,	NULL),
(310,	'',	'department',	0,	'2020-03-23',	1,	'2020-03-23 17:32:18',	1,	NULL,	NULL),
(311,	'',	'department_user',	0,	'2020-03-23',	1,	'2020-03-23 17:32:18',	1,	NULL,	NULL),
(312,	'',	'expense_account',	0,	'2020-03-23',	1,	'2020-03-23 17:32:18',	1,	NULL,	NULL),
(313,	'',	'financial_report',	0,	'2020-03-23',	1,	'2020-03-23 17:32:18',	1,	NULL,	NULL),
(314,	'',	'funder',	0,	'2020-03-23',	1,	'2020-03-23 17:32:18',	1,	NULL,	NULL),
(315,	'',	'funding_status',	0,	'2020-03-23',	1,	'2020-03-23 17:32:18',	1,	NULL,	NULL),
(316,	'',	'history',	0,	'2020-03-23',	1,	'2020-03-23 17:32:18',	1,	NULL,	NULL),
(317,	'',	'income_account',	0,	'2020-03-23',	1,	'2020-03-23 17:32:18',	1,	NULL,	NULL),
(318,	'',	'journal',	0,	'2020-03-23',	1,	'2020-03-23 17:32:18',	1,	NULL,	NULL),
(319,	'',	'language',	0,	'2020-03-23',	1,	'2020-03-23 17:32:18',	1,	NULL,	NULL),
(320,	'',	'language_phrase',	0,	'2020-03-23',	1,	'2020-03-23 17:32:18',	1,	NULL,	NULL),
(321,	'',	'menu',	0,	'2020-03-23',	1,	'2020-03-23 17:32:19',	1,	NULL,	NULL),
(322,	'',	'menu_user_order',	0,	'2020-03-23',	1,	'2020-03-23 17:32:19',	1,	NULL,	NULL),
(323,	'',	'message',	0,	'2020-03-23',	1,	'2020-03-23 17:32:19',	1,	NULL,	NULL),
(324,	'',	'message_detail',	0,	'2020-03-23',	1,	'2020-03-23 17:32:19',	1,	NULL,	NULL),
(325,	'',	'month',	0,	'2020-03-23',	1,	'2020-03-23 17:32:19',	1,	NULL,	NULL),
(326,	'',	'office_bank',	0,	'2020-03-23',	1,	'2020-03-23 17:32:19',	1,	NULL,	NULL),
(327,	'',	'opening_allocation_balance',	0,	'2020-03-23',	1,	'2020-03-23 17:32:19',	1,	NULL,	NULL),
(328,	'',	'opening_cash_balance',	0,	'2020-03-23',	1,	'2020-03-23 17:32:19',	1,	NULL,	NULL),
(329,	'',	'opening_deposit_transit',	0,	'2020-03-23',	1,	'2020-03-23 17:32:19',	1,	NULL,	NULL),
(330,	'',	'opening_fund_balance',	0,	'2020-03-23',	1,	'2020-03-23 17:32:19',	1,	NULL,	NULL),
(331,	'',	'opening_outstanding_cheque',	0,	'2020-03-23',	1,	'2020-03-23 17:32:19',	1,	NULL,	NULL),
(332,	'',	'page_view',	0,	'2020-03-23',	1,	'2020-03-23 17:32:19',	1,	NULL,	NULL),
(333,	'',	'page_view_condition',	0,	'2020-03-23',	1,	'2020-03-23 17:32:19',	1,	NULL,	NULL),
(334,	'',	'page_view_role',	0,	'2020-03-23',	1,	'2020-03-23 17:32:20',	1,	NULL,	NULL),
(335,	'',	'permission_label',	0,	'2020-03-23',	1,	'2020-03-23 17:32:20',	1,	NULL,	NULL),
(336,	'',	'project',	0,	'2020-03-23',	1,	'2020-03-23 17:32:20',	1,	NULL,	NULL),
(337,	'',	'project_allocation',	0,	'2020-03-23',	1,	'2020-03-23 17:32:20',	1,	NULL,	NULL),
(338,	'',	'project_allocation_detail',	0,	'2020-03-23',	1,	'2020-03-23 17:32:20',	1,	NULL,	NULL),
(339,	'',	'project_cost_proportion',	0,	'2020-03-23',	1,	'2020-03-23 17:32:20',	1,	NULL,	NULL),
(340,	'',	'reconciliation',	0,	'2020-03-23',	1,	'2020-03-23 17:32:20',	1,	NULL,	NULL),
(341,	'',	'request',	0,	'2020-03-23',	1,	'2020-03-23 17:32:20',	1,	NULL,	NULL),
(342,	'',	'request_detail',	0,	'2020-03-23',	1,	'2020-03-23 17:32:20',	1,	NULL,	NULL),
(343,	'',	'request_conversion',	0,	'2020-03-23',	1,	'2020-03-23 17:32:20',	1,	NULL,	NULL),
(344,	'',	'request_type',	0,	'2020-03-23',	1,	'2020-03-23 17:32:21',	1,	NULL,	NULL),
(345,	'',	'role',	0,	'2020-03-23',	1,	'2020-03-23 17:32:21',	1,	NULL,	NULL),
(346,	'',	'role_permission',	0,	'2020-03-23',	1,	'2020-03-23 17:32:21',	1,	NULL,	NULL),
(347,	'',	'setting',	0,	'2020-03-23',	1,	'2020-03-23 17:32:21',	1,	NULL,	NULL),
(348,	'',	'status_role',	0,	'2020-03-23',	1,	'2020-03-23 17:32:21',	1,	NULL,	NULL),
(349,	'',	'system_opening_balance',	0,	'2020-03-23',	1,	'2020-03-23 17:32:21',	1,	NULL,	NULL),
(350,	'',	'transaction_effect',	0,	'2020-03-23',	1,	'2020-03-23 17:32:21',	1,	NULL,	NULL),
(351,	'',	'translation',	0,	'2020-03-23',	1,	'2020-03-23 17:32:21',	1,	NULL,	NULL),
(352,	'',	'user',	0,	'2020-03-23',	1,	'2020-03-23 17:32:21',	1,	NULL,	NULL),
(353,	'',	'variance_note',	0,	'2020-03-23',	1,	'2020-03-23 17:32:21',	1,	NULL,	NULL),
(354,	'',	'voucher',	1,	'2020-03-23',	1,	'2020-03-26 09:30:21',	1,	NULL,	NULL),
(355,	'',	'voucher_detail',	0,	'2020-03-23',	1,	'2020-03-23 17:32:21',	1,	NULL,	NULL),
(356,	'',	'voucher_type',	0,	'2020-03-23',	1,	'2020-03-23 17:32:21',	1,	NULL,	NULL),
(357,	'',	'voucher_type_account',	0,	'2020-03-23',	1,	'2020-03-23 17:32:22',	1,	NULL,	NULL),
(358,	'',	'voucher_type_effect',	0,	'2020-03-23',	1,	'2020-03-23 17:32:22',	1,	NULL,	NULL),
(359,	'',	'workflow',	0,	'2020-03-23',	1,	'2020-03-23 17:32:22',	1,	NULL,	NULL),
(360,	'',	'workplan',	0,	'2020-03-23',	1,	'2020-03-23 17:32:22',	1,	NULL,	NULL),
(361,	'',	'workplan_task',	0,	'2020-03-23',	1,	'2020-03-23 17:32:22',	1,	NULL,	NULL),
(362,	'',	'contra_account',	0,	'2020-03-26',	1,	'2020-03-26 08:09:33',	1,	NULL,	NULL);

DROP TABLE IF EXISTS `bank`;
CREATE TABLE `bank` (
  `bank_id` int(100) NOT NULL AUTO_INCREMENT,
  `bank_track_number` varchar(100) DEFAULT NULL,
  `bank_name` varchar(45) DEFAULT NULL,
  `bank_swift_code` varchar(45) DEFAULT NULL,
  `bank_is_active` int(5) NOT NULL DEFAULT '1',
  `bank_created_date` date DEFAULT NULL,
  `bank_created_by` int(100) DEFAULT NULL,
  `bank_last_modified_date` timestamp NOT NULL DEFAULT CURRENT_TIMESTAMP,
  `bank_last_modified_by` int(100) DEFAULT NULL,
  `fk_approval_id` int(11) DEFAULT NULL,
  `fk_status_id` int(11) DEFAULT NULL,
  PRIMARY KEY (`bank_id`),
  KEY `fk_approval_id` (`fk_approval_id`),
  KEY `fk_status_id` (`fk_status_id`),
  CONSTRAINT `bank_ibfk_3` FOREIGN KEY (`fk_approval_id`) REFERENCES `approval` (`approval_id`) ON DELETE CASCADE,
  CONSTRAINT `bank_ibfk_4` FOREIGN KEY (`fk_status_id`) REFERENCES `status` (`status_id`) ON DELETE CASCADE
) ENGINE=InnoDB DEFAULT CHARSET=latin1 COMMENT='This table list all the banks for centers';

INSERT INTO `bank` (`bank_id`, `bank_track_number`, `bank_name`, `bank_swift_code`, `bank_is_active`, `bank_created_date`, `bank_created_by`, `bank_last_modified_date`, `bank_last_modified_by`, `fk_approval_id`, `fk_status_id`) VALUES
(1,	'BANK-40941',	'Kenya Commercial Bank',	'43253',	1,	'2020-03-24',	1,	'2020-03-24 16:15:52',	1,	2322,	315),
(2,	'BANK-8253',	'ABSA ',	'42555',	1,	'2020-03-24',	1,	'2020-03-24 16:16:22',	1,	2323,	315),
(3,	'BANK-61156',	'Equity Bank',	'76478',	1,	'2020-03-24',	1,	'2020-03-24 16:16:55',	1,	2324,	315),
(4,	'BANK-54006',	'NCBA',	'53328',	1,	'2020-03-24',	1,	'2020-03-24 16:17:28',	1,	2325,	315),
(5,	'BANK-82333',	'Standard Chartered Bank',	'87976',	1,	'2020-03-24',	1,	'2020-03-24 16:18:24',	1,	2326,	315);

DROP TABLE IF EXISTS `bank_branch`;
CREATE TABLE `bank_branch` (
  `bank_branch_id` int(100) NOT NULL AUTO_INCREMENT,
  `bank_branch_track_number` varchar(100) DEFAULT NULL,
  `fk_bank_id` int(100) DEFAULT NULL,
  `bank_branch_name` varchar(45) DEFAULT NULL,
  `bank_branch_is_active` int(5) DEFAULT NULL,
  `bank_branch_created_by` int(100) DEFAULT NULL,
  `bank_branch_created_date` date DEFAULT NULL,
  `bank_branch_last_modified_date` date DEFAULT NULL,
  `bank_branch_last_modified_by` timestamp NULL DEFAULT CURRENT_TIMESTAMP ON UPDATE CURRENT_TIMESTAMP,
  `fk_approval_id` int(100) DEFAULT NULL,
  `fk_status_id` int(100) DEFAULT NULL,
  PRIMARY KEY (`bank_branch_id`),
  KEY `fk_bank_branch_bank1_idx` (`fk_bank_id`),
  CONSTRAINT `fk_bank_branch_bank1` FOREIGN KEY (`fk_bank_id`) REFERENCES `bank` (`bank_id`) ON DELETE NO ACTION ON UPDATE NO ACTION
) ENGINE=InnoDB DEFAULT CHARSET=latin1 COMMENT='This table holds branches for banks';

INSERT INTO `bank_branch` (`bank_branch_id`, `bank_branch_track_number`, `fk_bank_id`, `bank_branch_name`, `bank_branch_is_active`, `bank_branch_created_by`, `bank_branch_created_date`, `bank_branch_last_modified_date`, `bank_branch_last_modified_by`, `fk_approval_id`, `fk_status_id`) VALUES
(1,	'BACH-75756',	1,	'Kenya Commercial Bank - Kilifi Branch',	1,	1,	'2020-03-24',	NULL,	'0000-00-00 00:00:00',	2327,	316),
(2,	'BACH-34839',	1,	'Kenya Commercial Bank - Malindi Branch',	1,	1,	'2020-03-24',	NULL,	'0000-00-00 00:00:00',	2328,	316),
(3,	'BACH-20266',	1,	'Kenya Commercial Bank - Mombasa Branch',	1,	1,	'2020-03-24',	NULL,	'0000-00-00 00:00:00',	2329,	316),
(4,	'BACH-25317',	1,	'Kenya Commercial Bank - Mariakani Branch',	1,	1,	'2020-03-24',	NULL,	'0000-00-00 00:00:00',	2330,	316),
(5,	'BACH-41057',	1,	'Kenya Commercial Bank - Gongoni Branch',	1,	1,	'2020-03-24',	NULL,	'0000-00-00 00:00:00',	2331,	316),
(6,	'BACH-32578',	3,	'Equity Bank - Kilifi Branch',	1,	1,	'2020-03-24',	NULL,	'0000-00-00 00:00:00',	2333,	316),
(7,	'BACH-70314',	3,	'Equity Bank - Malindi Branch',	1,	1,	'2020-03-24',	NULL,	'0000-00-00 00:00:00',	2334,	316);

DROP TABLE IF EXISTS `bank_contra_account`;
CREATE TABLE `bank_contra_account` (
  `bank_contra_account_id` int(100) NOT NULL AUTO_INCREMENT,
  `bank_contra_account_track_number` varchar(100) NOT NULL,
  `bank_contra_account_name` varchar(100) NOT NULL,
  `bank_contra_account_code` varchar(50) NOT NULL,
  `fk_contra_account_id` int(100) NOT NULL,
  `fk_voucher_type_account_id` int(100) NOT NULL,
  `bank_contra_account_created_date` date DEFAULT NULL,
  `bank_contra_account_created_by` int(100) DEFAULT NULL,
  `bank_contra_account_last_modified_by` int(100) DEFAULT NULL,
  `bank_contra_account_last_modified_date` date DEFAULT NULL,
  `fk_approval_id` int(100) DEFAULT NULL,
  `fk_status_id` int(100) DEFAULT NULL,
  PRIMARY KEY (`bank_contra_account_id`),
  KEY `fk_contra_account_id` (`fk_contra_account_id`),
  KEY `fk_voucher_type_account_id` (`fk_voucher_type_account_id`),
  CONSTRAINT `bank_contra_account_ibfk_1` FOREIGN KEY (`fk_contra_account_id`) REFERENCES `contra_account` (`contra_account_id`),
  CONSTRAINT `bank_contra_account_ibfk_2` FOREIGN KEY (`fk_voucher_type_account_id`) REFERENCES `voucher_type_account` (`voucher_type_account_id`)
) ENGINE=InnoDB DEFAULT CHARSET=latin1;

INSERT INTO `bank_contra_account` (`bank_contra_account_id`, `bank_contra_account_track_number`, `bank_contra_account_name`, `bank_contra_account_code`, `fk_contra_account_id`, `fk_voucher_type_account_id`, `bank_contra_account_created_date`, `bank_contra_account_created_by`, `bank_contra_account_last_modified_by`, `bank_contra_account_last_modified_date`, `fk_approval_id`, `fk_status_id`) VALUES
(1,	'CONT-20988',	'Petty Cash Imprest',	'C001',	3,	1,	'2020-01-16',	1,	1,	NULL,	533,	0);

DROP TABLE IF EXISTS `budget`;
CREATE TABLE `budget` (
  `budget_id` int(100) NOT NULL AUTO_INCREMENT,
  `budget_track_number` varchar(45) DEFAULT NULL,
  `budget_name` varchar(100) DEFAULT NULL,
  `fk_office_id` int(100) DEFAULT NULL,
  `fk_approval_id` int(11) DEFAULT '0',
  `fk_status_id` int(11) DEFAULT '0',
  `budget_year` int(5) DEFAULT NULL,
  `budget_created_by` int(100) DEFAULT NULL,
  `budget_created_date` date DEFAULT NULL,
  `budget_last_modified_by` int(100) DEFAULT NULL,
  `budget_last_modified_date` date DEFAULT NULL,
  PRIMARY KEY (`budget_id`),
  KEY `fk_budget_center1_idx` (`fk_office_id`),
  KEY `fk_approval_id` (`fk_approval_id`),
  KEY `fk_status_id` (`fk_status_id`),
  CONSTRAINT `budget_ibfk_1` FOREIGN KEY (`fk_office_id`) REFERENCES `office` (`office_id`),
  CONSTRAINT `budget_ibfk_2` FOREIGN KEY (`fk_approval_id`) REFERENCES `approval` (`approval_id`),
  CONSTRAINT `budget_ibfk_3` FOREIGN KEY (`fk_status_id`) REFERENCES `status` (`status_id`),
  CONSTRAINT `fk_budget_center1` FOREIGN KEY (`fk_office_id`) REFERENCES `office` (`office_id`) ON DELETE NO ACTION ON UPDATE NO ACTION
) ENGINE=InnoDB DEFAULT CHARSET=latin1 COMMENT='This table holds the budget items by activity';

INSERT INTO `budget` (`budget_id`, `budget_track_number`, `budget_name`, `fk_office_id`, `fk_approval_id`, `fk_status_id`, `budget_year`, `budget_created_by`, `budget_created_date`, `budget_last_modified_by`, `budget_last_modified_date`) VALUES
(1,	'BUET-17775',	'KE0623 - St. Andrews ACK Budget',	29,	2388,	318,	2020,	1,	'2020-04-02',	1,	NULL);

DROP TABLE IF EXISTS `budget_item`;
CREATE TABLE `budget_item` (
  `budget_item_id` int(100) NOT NULL AUTO_INCREMENT,
  `budget_item_track_number` varchar(100) DEFAULT NULL,
  `budget_item_name` varchar(100) DEFAULT NULL,
  `fk_budget_id` int(100) DEFAULT NULL,
  `budget_item_total_cost` int(50) DEFAULT NULL,
  `fk_expense_account_id` int(100) DEFAULT NULL,
  `budget_item_description` longtext,
  `fk_status_id` int(11) DEFAULT '0',
  `fk_approval_id` int(11) DEFAULT '0',
  `fk_project_allocation_id` int(100) DEFAULT NULL,
  `budget_item_created_by` int(100) DEFAULT NULL,
  `budget_item_last_modified_by` int(11) DEFAULT NULL,
  `budget_item_created_date` date DEFAULT NULL,
  `budget_item_last_modified_date` timestamp NOT NULL DEFAULT '0000-00-00 00:00:00',
  PRIMARY KEY (`budget_item_id`),
  KEY `fk_budget_detail_id_expense_account_id_idx` (`fk_expense_account_id`),
  KEY `fk_budget_detail_budget_id_idx` (`fk_budget_id`),
  KEY `fk_project_allocation_id` (`fk_project_allocation_id`),
  KEY `fk_status_id` (`fk_status_id`),
  KEY `fk_approval_id` (`fk_approval_id`),
  CONSTRAINT `budget_item_ibfk_1` FOREIGN KEY (`fk_project_allocation_id`) REFERENCES `project_allocation` (`project_allocation_id`),
  CONSTRAINT `budget_item_ibfk_2` FOREIGN KEY (`fk_status_id`) REFERENCES `status` (`status_id`),
  CONSTRAINT `budget_item_ibfk_3` FOREIGN KEY (`fk_approval_id`) REFERENCES `approval` (`approval_id`),
  CONSTRAINT `fk_budget_detail_budget_id` FOREIGN KEY (`fk_budget_id`) REFERENCES `budget` (`budget_id`) ON DELETE NO ACTION ON UPDATE CASCADE,
  CONSTRAINT `fk_budget_detail_id_expense_account_id` FOREIGN KEY (`fk_expense_account_id`) REFERENCES `expense_account` (`expense_account_id`) ON DELETE NO ACTION ON UPDATE NO ACTION
) ENGINE=InnoDB DEFAULT CHARSET=latin1 COMMENT='This hold activties and their budgeted cost';

INSERT INTO `budget_item` (`budget_item_id`, `budget_item_track_number`, `budget_item_name`, `fk_budget_id`, `budget_item_total_cost`, `fk_expense_account_id`, `budget_item_description`, `fk_status_id`, `fk_approval_id`, `fk_project_allocation_id`, `budget_item_created_by`, `budget_item_last_modified_by`, `budget_item_created_date`, `budget_item_last_modified_date`) VALUES
(1,	'BUEM-8256',	'Budget_item # BUEM-48134',	1,	150000,	1,	'These are test items',	319,	2389,	1,	1,	1,	'2020-04-02',	'0000-00-00 00:00:00');

DROP TABLE IF EXISTS `budget_item_detail`;
CREATE TABLE `budget_item_detail` (
  `budget_item_detail_id` int(100) NOT NULL AUTO_INCREMENT,
  `budget_item_detail_track_number` varchar(100) DEFAULT NULL,
  `budget_item_detail_name` varchar(100) DEFAULT NULL,
  `fk_budget_item_id` int(100) DEFAULT NULL,
  `fk_month_id` int(5) DEFAULT NULL,
  `fk_status_id` int(11) DEFAULT '0',
  `fk_approval_id` int(11) DEFAULT '0',
  `budget_item_detail_amount` decimal(10,2) DEFAULT NULL,
  `budget_item_detail_created_date` date DEFAULT NULL,
  `budget_item_detail_created_by` int(100) DEFAULT NULL,
  `budget_item_detail_last_modified_by` int(100) DEFAULT NULL,
  `budget_item_detail_last_modified_date` timestamp NOT NULL DEFAULT '0000-00-00 00:00:00',
  PRIMARY KEY (`budget_item_detail_id`),
  KEY `fk_budget_month_spread_budget_detail1_idx` (`fk_budget_item_id`),
  KEY `fk_status_id` (`fk_status_id`),
  KEY `fk_approval_id` (`fk_approval_id`),
  CONSTRAINT `budget_item_detail_ibfk_1` FOREIGN KEY (`fk_status_id`) REFERENCES `status` (`status_id`),
  CONSTRAINT `fk_budget_month_spread_budget_detail1` FOREIGN KEY (`fk_budget_item_id`) REFERENCES `budget_item` (`budget_item_id`) ON DELETE NO ACTION ON UPDATE NO ACTION
) ENGINE=InnoDB DEFAULT CHARSET=latin1 COMMENT='This table distributes budget allocations by month';

INSERT INTO `budget_item_detail` (`budget_item_detail_id`, `budget_item_detail_track_number`, `budget_item_detail_name`, `fk_budget_item_id`, `fk_month_id`, `fk_status_id`, `fk_approval_id`, `budget_item_detail_amount`, `budget_item_detail_created_date`, `budget_item_detail_created_by`, `budget_item_detail_last_modified_by`, `budget_item_detail_last_modified_date`) VALUES
(1,	'BUIL-20041',	'Budget_item_detail # BUIL-2505',	1,	5,	319,	0,	12500.00,	'2020-04-02',	1,	1,	'0000-00-00 00:00:00'),
(2,	'BUIL-68614',	'Budget_item_detail # BUIL-14819',	1,	6,	319,	0,	12500.00,	'2020-04-02',	1,	1,	'0000-00-00 00:00:00'),
(3,	'BUIL-35417',	'Budget_item_detail # BUIL-51813',	1,	7,	319,	0,	12500.00,	'2020-04-02',	1,	1,	'0000-00-00 00:00:00'),
(4,	'BUIL-87643',	'Budget_item_detail # BUIL-18331',	1,	8,	319,	0,	12500.00,	'2020-04-02',	1,	1,	'0000-00-00 00:00:00'),
(5,	'BUIL-32223',	'Budget_item_detail # BUIL-28053',	1,	10,	319,	0,	12500.00,	'2020-04-02',	1,	1,	'0000-00-00 00:00:00'),
(6,	'BUIL-3022',	'Budget_item_detail # BUIL-84382',	1,	11,	319,	0,	12500.00,	'2020-04-02',	1,	1,	'0000-00-00 00:00:00'),
(7,	'BUIL-62498',	'Budget_item_detail # BUIL-88276',	1,	12,	319,	0,	12500.00,	'2020-04-02',	1,	1,	'0000-00-00 00:00:00'),
(8,	'BUIL-16699',	'Budget_item_detail # BUIL-44855',	1,	13,	319,	0,	12500.00,	'2020-04-02',	1,	1,	'0000-00-00 00:00:00'),
(9,	'BUIL-81604',	'Budget_item_detail # BUIL-13029',	1,	14,	319,	0,	12500.00,	'2020-04-02',	1,	1,	'0000-00-00 00:00:00'),
(10,	'BUIL-85457',	'Budget_item_detail # BUIL-59258',	1,	15,	319,	0,	12500.00,	'2020-04-02',	1,	1,	'0000-00-00 00:00:00'),
(11,	'BUIL-31442',	'Budget_item_detail # BUIL-24388',	1,	16,	319,	0,	12500.00,	'2020-04-02',	1,	1,	'0000-00-00 00:00:00'),
(12,	'BUIL-22463',	'Budget_item_detail # BUIL-6507',	1,	17,	319,	0,	12500.00,	'2020-04-02',	1,	1,	'0000-00-00 00:00:00');

DROP TABLE IF EXISTS `cash_contra_account`;
CREATE TABLE `cash_contra_account` (
  `cash_contra_account_id` int(100) NOT NULL AUTO_INCREMENT,
  `cash_contra_account_track_number` varchar(100) NOT NULL,
  `cash_contra_account_name` varchar(100) NOT NULL,
  `cash_contra_account_code` varchar(50) NOT NULL,
  `fk_contra_account_id` int(100) NOT NULL,
  `fk_voucher_type_account_id` int(100) NOT NULL,
  `cash_contra_account_created_date` date DEFAULT NULL,
  `cash_contra_account_created_by` int(100) DEFAULT NULL,
  `cash_contra_account_last_modified_by` int(100) DEFAULT NULL,
  `cash_contra_account_last_modified_date` date DEFAULT NULL,
  `fk_approval_id` int(100) DEFAULT NULL,
  `fk_status_id` int(100) DEFAULT NULL,
  PRIMARY KEY (`cash_contra_account_id`),
  KEY `fk_contra_account_id` (`fk_contra_account_id`),
  KEY `fk_voucher_type_account_id` (`fk_voucher_type_account_id`),
  CONSTRAINT `cash_contra_account_ibfk_1` FOREIGN KEY (`fk_contra_account_id`) REFERENCES `contra_account` (`contra_account_id`),
  CONSTRAINT `cash_contra_account_ibfk_2` FOREIGN KEY (`fk_voucher_type_account_id`) REFERENCES `voucher_type_account` (`voucher_type_account_id`)
) ENGINE=InnoDB DEFAULT CHARSET=latin1;

INSERT INTO `cash_contra_account` (`cash_contra_account_id`, `cash_contra_account_track_number`, `cash_contra_account_name`, `cash_contra_account_code`, `fk_contra_account_id`, `fk_voucher_type_account_id`, `cash_contra_account_created_date`, `cash_contra_account_created_by`, `cash_contra_account_last_modified_by`, `cash_contra_account_last_modified_date`, `fk_approval_id`, `fk_status_id`) VALUES
(1,	'CANT-70987',	'Petty Cash Rebanking',	'C002',	3,	2,	'2020-01-16',	1,	1,	NULL,	547,	0);

DROP TABLE IF EXISTS `cheque_book`;
CREATE TABLE `cheque_book` (
  `cheque_book_id` int(11) NOT NULL AUTO_INCREMENT,
  `cheque_book_track_number` varchar(100) NOT NULL,
  `cheque_book_name` varchar(100) NOT NULL,
  `fk_office_bank_id` int(100) DEFAULT NULL,
  `cheque_book_is_active` int(5) DEFAULT '1',
  `cheque_book_start_serial_number` varchar(45) DEFAULT NULL,
  `cheque_book_count_of_leaves` varchar(45) DEFAULT NULL,
  `cheque_book_use_start_date` date DEFAULT NULL,
  `cheque_book_created_date` date DEFAULT NULL,
  `cheque_book_created_by` int(100) DEFAULT NULL,
  `cheque_book_last_modified_by` int(100) DEFAULT NULL,
  `cheque_book_last_modified_date` date DEFAULT NULL,
  `fk_approval_id` int(100) DEFAULT NULL,
  `fk_status_id` int(100) DEFAULT NULL,
  PRIMARY KEY (`cheque_book_id`),
  KEY `fk_office_bank_id` (`fk_office_bank_id`),
  CONSTRAINT `cheque_book_ibfk_1` FOREIGN KEY (`fk_office_bank_id`) REFERENCES `office_bank` (`office_bank_id`)
) ENGINE=InnoDB DEFAULT CHARSET=latin1;

INSERT INTO `cheque_book` (`cheque_book_id`, `cheque_book_track_number`, `cheque_book_name`, `fk_office_bank_id`, `cheque_book_is_active`, `cheque_book_start_serial_number`, `cheque_book_count_of_leaves`, `cheque_book_use_start_date`, `cheque_book_created_date`, `cheque_book_created_by`, `cheque_book_last_modified_by`, `cheque_book_last_modified_date`, `fk_approval_id`, `fk_status_id`) VALUES
(1,	'CHOK-53932',	'Cheque_book # CHOK-53932',	1,	1,	'1',	'150',	'2020-03-01',	'2020-03-24',	1,	1,	NULL,	2350,	322),
(2,	'CHOK-11237',	'Cheque_book # CHOK-11237',	2,	1,	'1',	'200',	'2020-03-01',	'2020-03-24',	1,	1,	NULL,	2351,	322);

DROP TABLE IF EXISTS `ci_sessions`;
CREATE TABLE `ci_sessions` (
  `id` varchar(40) COLLATE utf8_unicode_ci NOT NULL,
  `ip_address` varchar(45) COLLATE utf8_unicode_ci NOT NULL,
  `timestamp` int(10) unsigned NOT NULL DEFAULT '0',
  `data` blob NOT NULL,
  `ci_sessions_created_date` date DEFAULT NULL,
  `ci_sessions_created_by` int(100) DEFAULT NULL,
  `ci_sessions_last_modified_by` int(100) DEFAULT NULL,
  `ci_sessions_last_modified_date` date DEFAULT NULL,
  `fk_approval_id` int(100) DEFAULT NULL,
  `fk_status_id` int(100) DEFAULT NULL,
  PRIMARY KEY (`id`),
  KEY `ci_sessions_timestamp` (`timestamp`)
) ENGINE=InnoDB DEFAULT CHARSET=utf8 COLLATE=utf8_unicode_ci;


DROP TABLE IF EXISTS `context_center`;
CREATE TABLE `context_center` (
  `context_center_id` int(100) NOT NULL AUTO_INCREMENT,
  `context_center_track_number` varchar(100) NOT NULL,
  `context_center_name` varchar(100) NOT NULL,
  `context_center_description` varchar(100) NOT NULL,
  `fk_context_cluster_id` int(100) NOT NULL,
  `fk_context_definition_id` int(100) NOT NULL,
  `fk_office_id` int(100) NOT NULL,
  `context_center_created_date` date DEFAULT NULL,
  `context_center_created_by` int(100) DEFAULT NULL,
  `context_center_last_modified_by` int(100) DEFAULT NULL,
  `context_center_last_modified_date` date DEFAULT NULL,
  `fk_approval_id` int(100) DEFAULT NULL,
  `fk_status_id` int(100) DEFAULT NULL,
  PRIMARY KEY (`context_center_id`),
  UNIQUE KEY `fk_office_id` (`fk_office_id`),
  KEY `fk_context_cluster_id` (`fk_context_cluster_id`),
  KEY `fk_context_definition_id` (`fk_context_definition_id`),
  CONSTRAINT `context_center_ibfk_1` FOREIGN KEY (`fk_context_cluster_id`) REFERENCES `context_cluster` (`context_cluster_id`),
  CONSTRAINT `context_center_ibfk_2` FOREIGN KEY (`fk_context_cluster_id`) REFERENCES `context_cluster` (`context_cluster_id`),
  CONSTRAINT `context_center_ibfk_3` FOREIGN KEY (`fk_office_id`) REFERENCES `office` (`office_id`),
  CONSTRAINT `context_center_ibfk_4` FOREIGN KEY (`fk_context_definition_id`) REFERENCES `context_definition` (`context_definition_id`)
) ENGINE=InnoDB DEFAULT CHARSET=latin1;

INSERT INTO `context_center` (`context_center_id`, `context_center_track_number`, `context_center_name`, `context_center_description`, `fk_context_cluster_id`, `fk_context_definition_id`, `fk_office_id`, `context_center_created_date`, `context_center_created_by`, `context_center_last_modified_by`, `context_center_last_modified_date`, `fk_approval_id`, `fk_status_id`) VALUES
(1,	'COER-25800',	'Context for office GRC Shingila CDC',	'Context for office GRC Shingila CDC',	1,	13,	27,	'2020-03-23',	1,	1,	NULL,	2314,	324),
(2,	'COER-53066',	'Context for office Mtondia PEFA CDC',	'Context for office Mtondia PEFA CDC',	1,	13,	28,	'2020-03-24',	1,	1,	NULL,	2317,	324),
(3,	'COER-49971',	'Context for office St. Andrews ACK Malindi',	'Context for office St. Andrews ACK Malindi',	1,	13,	29,	'2020-03-24',	1,	1,	NULL,	2320,	324);

DROP TABLE IF EXISTS `context_center_user`;
CREATE TABLE `context_center_user` (
  `context_center_user_id` int(100) NOT NULL AUTO_INCREMENT,
  `context_center_user_track_number` varchar(100) NOT NULL,
  `context_center_user_name` varchar(100) NOT NULL,
  `fk_user_id` int(100) NOT NULL,
  `fk_context_center_id` int(100) NOT NULL,
  `fk_designation_id` int(100) NOT NULL,
  `context_center_user_is_active` int(5) NOT NULL DEFAULT '1',
  `context_center_user_created_date` date NOT NULL,
  `context_center_user_last_modified_date` timestamp NOT NULL DEFAULT CURRENT_TIMESTAMP,
  `context_center_user_created_by` int(100) NOT NULL,
  `context_center_user_last_modified_by` int(100) NOT NULL,
  `fk_approval_id` int(100) DEFAULT NULL,
  `fk_status_id` int(100) DEFAULT NULL,
  PRIMARY KEY (`context_center_user_id`),
  KEY `fk_context_center_id` (`fk_context_center_id`),
  KEY `fk_designation_id` (`fk_designation_id`),
  KEY `fk_user_id` (`fk_user_id`),
  CONSTRAINT `context_center_user_ibfk_1` FOREIGN KEY (`fk_user_id`) REFERENCES `user` (`user_id`),
  CONSTRAINT `context_center_user_ibfk_2` FOREIGN KEY (`fk_context_center_id`) REFERENCES `context_center` (`context_center_id`),
  CONSTRAINT `context_center_user_ibfk_3` FOREIGN KEY (`fk_designation_id`) REFERENCES `designation` (`designation_id`)
) ENGINE=InnoDB DEFAULT CHARSET=latin1;

INSERT INTO `context_center_user` (`context_center_user_id`, `context_center_user_track_number`, `context_center_user_name`, `fk_user_id`, `fk_context_center_id`, `fk_designation_id`, `context_center_user_is_active`, `context_center_user_created_date`, `context_center_user_last_modified_date`, `context_center_user_created_by`, `context_center_user_last_modified_by`, `fk_approval_id`, `fk_status_id`) VALUES
(1,	'COER-15614',	'Office context for Livingstone Onduso',	2,	3,	8,	1,	'2020-03-30',	'2020-03-30 08:33:05',	1,	1,	2382,	325);

DROP TABLE IF EXISTS `context_cluster`;
CREATE TABLE `context_cluster` (
  `context_cluster_id` int(100) NOT NULL AUTO_INCREMENT,
  `context_cluster_track_number` varchar(100) NOT NULL,
  `context_cluster_name` varchar(100) NOT NULL,
  `context_cluster_description` longtext NOT NULL,
  `fk_office_id` int(100) NOT NULL,
  `fk_context_cohort_id` int(100) NOT NULL,
  `fk_context_definition_id` int(100) NOT NULL,
  `context_cluster_created_date` date NOT NULL,
  `context_cluster_last_modified_date` timestamp NOT NULL DEFAULT CURRENT_TIMESTAMP,
  `context_cluster_created_by` int(100) NOT NULL,
  `context_cluster_last_modified_by` int(100) NOT NULL,
  `fk_approval_id` int(11) NOT NULL,
  `fk_status_id` int(11) NOT NULL,
  PRIMARY KEY (`context_cluster_id`),
  UNIQUE KEY `fk_office_id` (`fk_office_id`),
  KEY `fk_approval_id` (`fk_approval_id`),
  KEY `fk_status_id` (`fk_status_id`),
  KEY `fk_context_cohort_id` (`fk_context_cohort_id`),
  KEY `fk_context_definition_id` (`fk_context_definition_id`),
  CONSTRAINT `context_cluster_ibfk_1` FOREIGN KEY (`fk_context_cohort_id`) REFERENCES `context_cohort` (`context_cohort_id`),
  CONSTRAINT `context_cluster_ibfk_2` FOREIGN KEY (`fk_approval_id`) REFERENCES `approval` (`approval_id`),
  CONSTRAINT `context_cluster_ibfk_3` FOREIGN KEY (`fk_status_id`) REFERENCES `status` (`status_id`),
  CONSTRAINT `context_cluster_ibfk_6` FOREIGN KEY (`fk_office_id`) REFERENCES `office` (`office_id`),
  CONSTRAINT `context_cluster_ibfk_7` FOREIGN KEY (`fk_context_definition_id`) REFERENCES `context_definition` (`context_definition_id`),
  CONSTRAINT `context_cluster_ibfk_8` FOREIGN KEY (`fk_context_cohort_id`) REFERENCES `context_cohort` (`context_cohort_id`)
) ENGINE=InnoDB DEFAULT CHARSET=latin1;

INSERT INTO `context_cluster` (`context_cluster_id`, `context_cluster_track_number`, `context_cluster_name`, `context_cluster_description`, `fk_office_id`, `fk_context_cohort_id`, `fk_context_definition_id`, `context_cluster_created_date`, `context_cluster_last_modified_date`, `context_cluster_created_by`, `context_cluster_last_modified_by`, `fk_approval_id`, `fk_status_id`) VALUES
(1,	'COER-8551',	'Context for office Malindi-Kilifi Cluster',	'Context for office Malindi-Kilifi Cluster',	26,	3,	8,	'2020-03-23',	'2020-03-23 19:09:48',	1,	1,	2311,	172);

DROP TABLE IF EXISTS `context_cluster_user`;
CREATE TABLE `context_cluster_user` (
  `context_cluster_user_id` int(100) NOT NULL AUTO_INCREMENT,
  `context_cluster_user_track_number` varchar(100) NOT NULL,
  `context_cluster_user_name` varchar(100) NOT NULL,
  `fk_context_cluster_id` int(100) NOT NULL,
  `fk_user_id` int(100) NOT NULL,
  `fk_designation_id` int(100) NOT NULL,
  `context_cluster_user_is_active` int(5) NOT NULL DEFAULT '1',
  `context_cluster_user_created_date` date NOT NULL,
  `context_cluster_user_last_modified_date` timestamp NOT NULL DEFAULT CURRENT_TIMESTAMP,
  `context_cluster_user_created_by` int(100) NOT NULL,
  `context_cluster_user_last_modified_by` int(100) NOT NULL,
  `fk_approval_id` int(11) NOT NULL,
  `fk_status_id` int(11) NOT NULL,
  PRIMARY KEY (`context_cluster_user_id`),
  KEY `fk_approval_id` (`fk_approval_id`),
  KEY `fk_status_id` (`fk_status_id`),
  KEY `fk_context_cluster_id` (`fk_context_cluster_id`),
  KEY `fk_designation_id` (`fk_designation_id`),
  KEY `fk_user_id` (`fk_user_id`)
) ENGINE=InnoDB DEFAULT CHARSET=latin1;


DROP TABLE IF EXISTS `context_cohort`;
CREATE TABLE `context_cohort` (
  `context_cohort_id` int(100) NOT NULL AUTO_INCREMENT,
  `context_cohort_track_number` varchar(100) NOT NULL,
  `context_cohort_name` varchar(100) NOT NULL,
  `context_cohort_description` longtext NOT NULL,
  `fk_office_id` int(100) NOT NULL,
  `fk_context_country_id` int(100) NOT NULL,
  `fk_context_definition_id` int(100) NOT NULL,
  `context_cohort_created_date` date NOT NULL,
  `context_cohort_last_modified_date` timestamp NOT NULL DEFAULT CURRENT_TIMESTAMP,
  `context_cohort_created_by` int(100) NOT NULL,
  `context_cohort_last_modified_by` int(100) NOT NULL,
  `fk_approval_id` int(11) NOT NULL,
  `fk_status_id` int(11) NOT NULL,
  PRIMARY KEY (`context_cohort_id`),
  UNIQUE KEY `fk_coffice_id` (`fk_office_id`),
  KEY `fk_approval_id` (`fk_approval_id`),
  KEY `fk_status_id` (`fk_status_id`),
  KEY `fk_context_country_id` (`fk_context_country_id`),
  KEY `fk_context_definition_id` (`fk_context_definition_id`),
  CONSTRAINT `context_cohort_ibfk_1` FOREIGN KEY (`fk_context_country_id`) REFERENCES `context_country` (`context_country_id`),
  CONSTRAINT `context_cohort_ibfk_2` FOREIGN KEY (`fk_approval_id`) REFERENCES `approval` (`approval_id`),
  CONSTRAINT `context_cohort_ibfk_3` FOREIGN KEY (`fk_status_id`) REFERENCES `status` (`status_id`),
  CONSTRAINT `context_cohort_ibfk_4` FOREIGN KEY (`fk_office_id`) REFERENCES `office` (`office_id`),
  CONSTRAINT `context_cohort_ibfk_5` FOREIGN KEY (`fk_context_country_id`) REFERENCES `context_country` (`context_country_id`),
  CONSTRAINT `context_cohort_ibfk_6` FOREIGN KEY (`fk_context_definition_id`) REFERENCES `context_definition` (`context_definition_id`)
) ENGINE=InnoDB DEFAULT CHARSET=latin1;

INSERT INTO `context_cohort` (`context_cohort_id`, `context_cohort_track_number`, `context_cohort_name`, `context_cohort_description`, `fk_office_id`, `fk_context_country_id`, `fk_context_definition_id`, `context_cohort_created_date`, `context_cohort_last_modified_date`, `context_cohort_created_by`, `context_cohort_last_modified_by`, `fk_approval_id`, `fk_status_id`) VALUES
(3,	'CORT-17548',	'Context for office Lower Eastern and Coast Cohort',	'Context for office Lower Eastern and Coast Cohort',	25,	1,	9,	'2020-03-23',	'2020-03-23 19:07:17',	1,	1,	2308,	174);

DROP TABLE IF EXISTS `context_cohort_user`;
CREATE TABLE `context_cohort_user` (
  `context_cohort_user_id` int(100) NOT NULL AUTO_INCREMENT,
  `context_cohort_user_track_number` varchar(100) NOT NULL,
  `context_cohort_user_name` varchar(100) NOT NULL,
  `fk_user_id` int(100) NOT NULL,
  `fk_context_cohort_id` int(100) NOT NULL,
  `fk_designation_id` int(100) NOT NULL,
  `context_cohort_user_is_active` int(5) NOT NULL DEFAULT '1',
  `context_cohort_user_created_date` date NOT NULL,
  `context_cohort_user_last_modified_date` timestamp NOT NULL DEFAULT CURRENT_TIMESTAMP,
  `context_cohort_user_created_by` int(100) NOT NULL,
  `context_cohort_user_last_modified_by` int(100) NOT NULL,
  `fk_approval_id` int(11) NOT NULL,
  `fk_status_id` int(11) NOT NULL,
  PRIMARY KEY (`context_cohort_user_id`),
  KEY `fk_user_id` (`fk_user_id`),
  KEY `fk_group_cohort_id` (`fk_context_cohort_id`),
  KEY `fk_approval_id` (`fk_approval_id`),
  KEY `fk_status_id` (`fk_status_id`),
  KEY `fk_designation_id` (`fk_designation_id`),
  CONSTRAINT `context_cohort_user_ibfk_1` FOREIGN KEY (`fk_user_id`) REFERENCES `user` (`user_id`),
  CONSTRAINT `context_cohort_user_ibfk_2` FOREIGN KEY (`fk_context_cohort_id`) REFERENCES `context_cohort` (`context_cohort_id`),
  CONSTRAINT `context_cohort_user_ibfk_3` FOREIGN KEY (`fk_approval_id`) REFERENCES `approval` (`approval_id`),
  CONSTRAINT `context_cohort_user_ibfk_4` FOREIGN KEY (`fk_status_id`) REFERENCES `status` (`status_id`),
  CONSTRAINT `context_cohort_user_ibfk_5` FOREIGN KEY (`fk_designation_id`) REFERENCES `designation` (`designation_id`)
) ENGINE=InnoDB DEFAULT CHARSET=latin1;


DROP TABLE IF EXISTS `context_country`;
CREATE TABLE `context_country` (
  `context_country_id` int(100) NOT NULL AUTO_INCREMENT,
  `context_country_track_number` varchar(100) NOT NULL,
  `context_country_name` varchar(100) NOT NULL,
  `context_country_description` longtext NOT NULL,
  `fk_office_id` int(100) NOT NULL,
  `fk_context_region_id` int(100) NOT NULL,
  `fk_context_definition_id` int(100) NOT NULL,
  `context_country_created_date` date NOT NULL,
  `context_country_last_modified_date` timestamp NOT NULL DEFAULT CURRENT_TIMESTAMP,
  `context_country_created_by` int(100) NOT NULL,
  `context_country_last_modified_by` int(100) NOT NULL,
  `fk_approval_id` int(11) NOT NULL,
  `fk_status_id` int(11) NOT NULL,
  PRIMARY KEY (`context_country_id`),
  UNIQUE KEY `fk_office_id` (`fk_office_id`),
  KEY `fk_approval_id` (`fk_approval_id`),
  KEY `fk_status_id` (`fk_status_id`),
  KEY `fk_context_region_id` (`fk_context_region_id`),
  KEY `fk_context_definition_id` (`fk_context_definition_id`),
  CONSTRAINT `context_country_ibfk_1` FOREIGN KEY (`fk_context_region_id`) REFERENCES `context_region` (`context_region_id`),
  CONSTRAINT `context_country_ibfk_2` FOREIGN KEY (`fk_approval_id`) REFERENCES `approval` (`approval_id`),
  CONSTRAINT `context_country_ibfk_3` FOREIGN KEY (`fk_status_id`) REFERENCES `status` (`status_id`),
  CONSTRAINT `context_country_ibfk_4` FOREIGN KEY (`fk_office_id`) REFERENCES `office` (`office_id`),
  CONSTRAINT `context_country_ibfk_5` FOREIGN KEY (`fk_context_region_id`) REFERENCES `context_region` (`context_region_id`),
  CONSTRAINT `context_country_ibfk_6` FOREIGN KEY (`fk_context_definition_id`) REFERENCES `context_definition` (`context_definition_id`)
) ENGINE=InnoDB DEFAULT CHARSET=latin1;

INSERT INTO `context_country` (`context_country_id`, `context_country_track_number`, `context_country_name`, `context_country_description`, `fk_office_id`, `fk_context_region_id`, `fk_context_definition_id`, `context_country_created_date`, `context_country_last_modified_date`, `context_country_created_by`, `context_country_last_modified_by`, `fk_approval_id`, `fk_status_id`) VALUES
(1,	'CORY-56399',	'Kenya Country Office',	'This is Kenya Country Office',	18,	2,	10,	'2019-12-13',	'2019-12-13 04:11:04',	1,	1,	450,	69);

DROP TABLE IF EXISTS `context_country_user`;
CREATE TABLE `context_country_user` (
  `context_country_user_id` int(100) NOT NULL AUTO_INCREMENT,
  `context_country_user_track_number` varchar(100) NOT NULL,
  `context_country_user_name` varchar(100) NOT NULL,
  `fk_user_id` int(100) NOT NULL,
  `fk_context_country_id` int(100) NOT NULL,
  `fk_designation_id` int(100) NOT NULL,
  `context_country_user_is_active` int(5) NOT NULL DEFAULT '1',
  `context_country_user_created_date` date NOT NULL,
  `context_country_user_last_modified_date` timestamp NOT NULL DEFAULT CURRENT_TIMESTAMP,
  `context_country_user_created_by` int(100) NOT NULL,
  `context_country_user_last_modified_by` int(100) NOT NULL,
  `fk_approval_id` int(11) NOT NULL,
  `fk_status_id` int(11) NOT NULL,
  PRIMARY KEY (`context_country_user_id`),
  KEY `fk_user_id` (`fk_user_id`),
  KEY `fk_group_country_id` (`fk_context_country_id`),
  KEY `fk_approval_id` (`fk_approval_id`),
  KEY `fk_status_id` (`fk_status_id`),
  KEY `fk_designation_id` (`fk_designation_id`),
  CONSTRAINT `context_country_user_ibfk_1` FOREIGN KEY (`fk_user_id`) REFERENCES `user` (`user_id`),
  CONSTRAINT `context_country_user_ibfk_2` FOREIGN KEY (`fk_context_country_id`) REFERENCES `context_country` (`context_country_id`),
  CONSTRAINT `context_country_user_ibfk_3` FOREIGN KEY (`fk_approval_id`) REFERENCES `approval` (`approval_id`),
  CONSTRAINT `context_country_user_ibfk_4` FOREIGN KEY (`fk_status_id`) REFERENCES `status` (`status_id`),
  CONSTRAINT `context_country_user_ibfk_5` FOREIGN KEY (`fk_designation_id`) REFERENCES `designation` (`designation_id`)
) ENGINE=InnoDB DEFAULT CHARSET=latin1;


DROP TABLE IF EXISTS `context_definition`;
CREATE TABLE `context_definition` (
  `context_definition_id` int(100) NOT NULL AUTO_INCREMENT,
  `context_definition_track_number` varchar(100) DEFAULT NULL,
  `context_definition_name` varchar(100) DEFAULT NULL,
  `context_definition_level` int(5) DEFAULT NULL,
  `context_definition_is_implementing` int(5) DEFAULT NULL,
  `context_definition_is_active` int(5) NOT NULL DEFAULT '1',
  `context_definition_created_date` date DEFAULT NULL,
  `context_definition_last_modified_date` timestamp NULL DEFAULT CURRENT_TIMESTAMP,
  `context_definition_created_by` int(100) DEFAULT NULL,
  `context_definition_last_modified_by` int(100) DEFAULT NULL,
  `context_definition_deleted_at` date DEFAULT NULL,
  `fk_approval_id` int(11) DEFAULT NULL,
  `fk_status_id` int(11) DEFAULT NULL,
  PRIMARY KEY (`context_definition_id`),
  UNIQUE KEY `center_group_hierarchy_level` (`context_definition_level`),
  KEY `fk_status_id` (`fk_status_id`),
  KEY `fk_approval_id` (`fk_approval_id`),
  CONSTRAINT `context_definition_ibfk_1` FOREIGN KEY (`fk_status_id`) REFERENCES `status` (`status_id`),
  CONSTRAINT `context_definition_ibfk_2` FOREIGN KEY (`fk_approval_id`) REFERENCES `approval` (`approval_id`)
) ENGINE=InnoDB DEFAULT CHARSET=latin1;

INSERT INTO `context_definition` (`context_definition_id`, `context_definition_track_number`, `context_definition_name`, `context_definition_level`, `context_definition_is_implementing`, `context_definition_is_active`, `context_definition_created_date`, `context_definition_last_modified_date`, `context_definition_created_by`, `context_definition_last_modified_by`, `context_definition_deleted_at`, `fk_approval_id`, `fk_status_id`) VALUES
(8,	'CEHY-27364',	'cluster',	2,	1,	1,	'2019-11-21',	'2019-11-21 06:49:58',	1,	1,	NULL,	433,	326),
(9,	'CEHY-40087',	'cohort',	3,	0,	1,	'2019-11-21',	'2019-11-21 06:50:26',	1,	1,	NULL,	433,	326),
(10,	'CEHY-76588',	'country',	4,	0,	1,	'2019-11-21',	'2019-11-21 06:50:34',	1,	1,	NULL,	433,	326),
(11,	'CEHY-37430',	'region',	5,	0,	1,	'2019-11-21',	'2019-11-21 06:50:43',	1,	1,	NULL,	433,	326),
(12,	'CEHY-72349',	'global',	6,	0,	1,	'2019-11-21',	'2019-11-21 06:50:52',	1,	1,	NULL,	433,	326),
(13,	'CEHY-56809',	'center',	1,	0,	1,	'2019-11-21',	'2019-11-21 16:39:07',	1,	1,	NULL,	433,	326);

DROP TABLE IF EXISTS `context_global`;
CREATE TABLE `context_global` (
  `context_global_id` int(100) NOT NULL AUTO_INCREMENT,
  `context_global_track_number` varchar(100) NOT NULL,
  `context_global_name` varchar(100) NOT NULL,
  `context_global_description` longtext NOT NULL,
  `fk_office_id` int(100) NOT NULL,
  `fk_context_definition_id` int(100) NOT NULL,
  `context_global_created_date` date NOT NULL,
  `context_global_created_by` int(100) NOT NULL,
  `context_global_last_modified_date` timestamp NOT NULL DEFAULT CURRENT_TIMESTAMP,
  `context_global_last_modified_by` int(100) NOT NULL,
  `fk_approval_id` int(11) NOT NULL,
  `fk_status_id` int(11) NOT NULL,
  PRIMARY KEY (`context_global_id`),
  UNIQUE KEY `fk_office_id` (`fk_office_id`),
  KEY `fk_approval_id` (`fk_approval_id`),
  KEY `fk_status_id` (`fk_status_id`),
  KEY `fk_context_definition_id` (`fk_context_definition_id`),
  CONSTRAINT `context_global_ibfk_1` FOREIGN KEY (`fk_approval_id`) REFERENCES `approval` (`approval_id`),
  CONSTRAINT `context_global_ibfk_2` FOREIGN KEY (`fk_status_id`) REFERENCES `status` (`status_id`),
  CONSTRAINT `context_global_ibfk_3` FOREIGN KEY (`fk_office_id`) REFERENCES `office` (`office_id`),
  CONSTRAINT `context_global_ibfk_4` FOREIGN KEY (`fk_context_definition_id`) REFERENCES `context_definition` (`context_definition_id`)
) ENGINE=InnoDB DEFAULT CHARSET=latin1;

INSERT INTO `context_global` (`context_global_id`, `context_global_track_number`, `context_global_name`, `context_global_description`, `fk_office_id`, `fk_context_definition_id`, `context_global_created_date`, `context_global_created_by`, `context_global_last_modified_date`, `context_global_last_modified_by`, `fk_approval_id`, `fk_status_id`) VALUES
(3,	'COAL-61677',	'International Office',	'This is the international office',	21,	12,	'2019-12-13',	1,	'2019-12-13 04:05:02',	1,	446,	67);

DROP TABLE IF EXISTS `context_global_user`;
CREATE TABLE `context_global_user` (
  `context_global_user_id` int(100) NOT NULL AUTO_INCREMENT,
  `context_global_user_track_number` varchar(100) NOT NULL,
  `context_global_user_name` varchar(100) NOT NULL,
  `fk_user_id` int(100) NOT NULL,
  `fk_context_global_id` int(100) NOT NULL,
  `fk_designation_id` int(100) NOT NULL,
  `context_global_user_is_active` int(5) NOT NULL DEFAULT '1',
  `context_global_user_created_date` date NOT NULL,
  `context_global_user_last_modified_date` timestamp NOT NULL DEFAULT CURRENT_TIMESTAMP,
  `context_global_user_created_by` int(100) NOT NULL,
  `context_global_user_last_modified_by` int(100) NOT NULL,
  `fk_approval_id` int(11) NOT NULL,
  `fk_status_id` int(11) NOT NULL,
  PRIMARY KEY (`context_global_user_id`),
  KEY `fk_user_id` (`fk_user_id`),
  KEY `fk_group_global_id` (`fk_context_global_id`),
  KEY `fk_approval_id` (`fk_approval_id`),
  KEY `fk_status_id` (`fk_status_id`),
  KEY `fk_designation_id` (`fk_designation_id`),
  CONSTRAINT `context_global_user_ibfk_1` FOREIGN KEY (`fk_user_id`) REFERENCES `user` (`user_id`),
  CONSTRAINT `context_global_user_ibfk_2` FOREIGN KEY (`fk_context_global_id`) REFERENCES `context_global` (`context_global_id`),
  CONSTRAINT `context_global_user_ibfk_3` FOREIGN KEY (`fk_approval_id`) REFERENCES `approval` (`approval_id`),
  CONSTRAINT `context_global_user_ibfk_4` FOREIGN KEY (`fk_status_id`) REFERENCES `status` (`status_id`),
  CONSTRAINT `context_global_user_ibfk_5` FOREIGN KEY (`fk_designation_id`) REFERENCES `designation` (`designation_id`)
) ENGINE=InnoDB DEFAULT CHARSET=latin1;

INSERT INTO `context_global_user` (`context_global_user_id`, `context_global_user_track_number`, `context_global_user_name`, `fk_user_id`, `fk_context_global_id`, `fk_designation_id`, `context_global_user_is_active`, `context_global_user_created_date`, `context_global_user_last_modified_date`, `context_global_user_created_by`, `context_global_user_last_modified_by`, `fk_approval_id`, `fk_status_id`) VALUES
(4,	'COER-3908',	'Nicodemus Karisa - System Admin	',	1,	3,	7,	1,	'2020-03-20',	'2020-03-20 17:23:53',	1,	1,	456,	142);

DROP TABLE IF EXISTS `context_region`;
CREATE TABLE `context_region` (
  `context_region_id` int(100) NOT NULL AUTO_INCREMENT,
  `context_region_track_number` varchar(100) NOT NULL,
  `context_region_name` varchar(100) NOT NULL,
  `context_region_description` longtext NOT NULL,
  `fk_office_id` int(100) NOT NULL,
  `fk_context_global_id` int(100) NOT NULL,
  `fk_context_definition_id` int(100) NOT NULL,
  `context_region_created_date` date NOT NULL,
  `context_region_last_modified_date` timestamp NOT NULL DEFAULT CURRENT_TIMESTAMP,
  `context_region_created_by` int(100) NOT NULL,
  `context_region_last_modified_by` int(100) NOT NULL,
  `fk_approval_id` int(11) NOT NULL,
  `fk_status_id` int(11) NOT NULL,
  PRIMARY KEY (`context_region_id`),
  UNIQUE KEY `fk_office_id` (`fk_office_id`),
  KEY `fk_approval_id` (`fk_approval_id`),
  KEY `fk_status_id` (`fk_status_id`),
  KEY `fk_context_global_id` (`fk_context_global_id`),
  KEY `fk_context_definition_id` (`fk_context_definition_id`),
  CONSTRAINT `context_region_ibfk_1` FOREIGN KEY (`fk_context_global_id`) REFERENCES `context_global` (`context_global_id`),
  CONSTRAINT `context_region_ibfk_2` FOREIGN KEY (`fk_approval_id`) REFERENCES `approval` (`approval_id`),
  CONSTRAINT `context_region_ibfk_3` FOREIGN KEY (`fk_status_id`) REFERENCES `status` (`status_id`),
  CONSTRAINT `context_region_ibfk_4` FOREIGN KEY (`fk_office_id`) REFERENCES `office` (`office_id`),
  CONSTRAINT `context_region_ibfk_5` FOREIGN KEY (`fk_context_global_id`) REFERENCES `context_global` (`context_global_id`),
  CONSTRAINT `context_region_ibfk_6` FOREIGN KEY (`fk_context_definition_id`) REFERENCES `context_definition` (`context_definition_id`)
) ENGINE=InnoDB DEFAULT CHARSET=latin1;

INSERT INTO `context_region` (`context_region_id`, `context_region_track_number`, `context_region_name`, `context_region_description`, `fk_office_id`, `fk_context_global_id`, `fk_context_definition_id`, `context_region_created_date`, `context_region_last_modified_date`, `context_region_created_by`, `context_region_last_modified_by`, `fk_approval_id`, `fk_status_id`) VALUES
(2,	'COON-65080',	'Africa Region Office',	'This is Africa Region',	22,	3,	11,	'2019-12-13',	'2019-12-13 04:10:04',	1,	1,	449,	68);

DROP TABLE IF EXISTS `context_region_user`;
CREATE TABLE `context_region_user` (
  `context_region_user_id` int(100) NOT NULL AUTO_INCREMENT,
  `context_region_user_track_number` varchar(100) NOT NULL,
  `context_region_user_name` varchar(100) NOT NULL,
  `fk_user_id` int(100) NOT NULL,
  `fk_context_region_id` int(100) NOT NULL,
  `fk_designation_id` int(100) NOT NULL,
  `context_region_user_is_active` int(5) NOT NULL DEFAULT '1',
  `context_region_user_created_date` date NOT NULL,
  `context_region_user_last_modified_date` timestamp NOT NULL DEFAULT CURRENT_TIMESTAMP,
  `context_region_user_created_by` int(100) NOT NULL,
  `context_region_user_last_modified_by` int(100) NOT NULL,
  `fk_approval_id` int(11) NOT NULL,
  `fk_status_id` int(100) DEFAULT NULL,
  PRIMARY KEY (`context_region_user_id`),
  KEY `fk_user_id` (`fk_user_id`),
  KEY `fk_group_region_id` (`fk_context_region_id`),
  KEY `fk_approval_id` (`fk_approval_id`),
  KEY `fk_designation_id` (`fk_designation_id`),
  CONSTRAINT `context_region_user_ibfk_1` FOREIGN KEY (`fk_user_id`) REFERENCES `user` (`user_id`),
  CONSTRAINT `context_region_user_ibfk_2` FOREIGN KEY (`fk_context_region_id`) REFERENCES `context_region` (`context_region_id`),
  CONSTRAINT `context_region_user_ibfk_3` FOREIGN KEY (`fk_approval_id`) REFERENCES `approval` (`approval_id`),
  CONSTRAINT `context_region_user_ibfk_5` FOREIGN KEY (`fk_designation_id`) REFERENCES `designation` (`designation_id`)
) ENGINE=InnoDB DEFAULT CHARSET=latin1;


DROP TABLE IF EXISTS `contra_account`;
CREATE TABLE `contra_account` (
  `contra_account_id` int(100) NOT NULL AUTO_INCREMENT,
  `contra_account_track_number` varchar(100) NOT NULL,
  `contra_account_name` varchar(100) NOT NULL,
  `fk_account_system_id` int(100) NOT NULL,
  `contra_account_created_date` date DEFAULT NULL,
  `contra_account_created_by` int(100) DEFAULT NULL,
  `contra_account_last_modified_by` int(100) DEFAULT NULL,
  `contra_account_last_modified_date` date DEFAULT NULL,
  `fk_approval_id` int(100) DEFAULT NULL,
  `fk_status_id` int(100) DEFAULT NULL,
  PRIMARY KEY (`contra_account_id`),
  KEY `fk_account_system_id` (`fk_account_system_id`),
  CONSTRAINT `contra_account_ibfk_1` FOREIGN KEY (`fk_account_system_id`) REFERENCES `account_system` (`account_system_id`)
) ENGINE=InnoDB DEFAULT CHARSET=latin1;

INSERT INTO `contra_account` (`contra_account_id`, `contra_account_track_number`, `contra_account_name`, `fk_account_system_id`, `contra_account_created_date`, `contra_account_created_by`, `contra_account_last_modified_by`, `contra_account_last_modified_date`, `fk_approval_id`, `fk_status_id`) VALUES
(3,	'CONT-44579',	'Kenya Contra Entry Accounts',	2,	'2020-03-26',	1,	1,	NULL,	2365,	381);

DROP TABLE IF EXISTS `dashboard`;
CREATE TABLE `dashboard` (
  `dashboard_id` int(100) NOT NULL AUTO_INCREMENT,
  `dashboard_name` varchar(100) DEFAULT NULL,
  `dashboard_created_date` date DEFAULT NULL,
  `dashboard_created_by` int(100) DEFAULT NULL,
  `dashboard_last_modified_by` int(100) DEFAULT NULL,
  `dashboard_last_modified_date` date DEFAULT NULL,
  `fk_approval_id` int(100) DEFAULT NULL,
  `fk_status_id` int(100) DEFAULT NULL,
  PRIMARY KEY (`dashboard_id`)
) ENGINE=InnoDB DEFAULT CHARSET=latin1;


DROP TABLE IF EXISTS `department`;
CREATE TABLE `department` (
  `department_id` int(100) NOT NULL AUTO_INCREMENT,
  `department_track_number` varchar(100) NOT NULL,
  `department_name` varchar(100) NOT NULL,
  `department_description` longtext NOT NULL,
  `department_is_active` int(5) NOT NULL,
  `department_created_date` date NOT NULL,
  `department_last_modified_date` timestamp NOT NULL DEFAULT CURRENT_TIMESTAMP,
  `department_created_by` int(100) NOT NULL,
  `department_last_modified_by` int(100) NOT NULL,
  `fk_approval_id` int(11) NOT NULL,
  `fk_status_id` int(11) NOT NULL,
  PRIMARY KEY (`department_id`),
  KEY `fk_approval_id` (`fk_approval_id`),
  KEY `fk_status_id` (`fk_status_id`),
  CONSTRAINT `department_ibfk_1` FOREIGN KEY (`fk_approval_id`) REFERENCES `approval` (`approval_id`),
  CONSTRAINT `department_ibfk_2` FOREIGN KEY (`fk_status_id`) REFERENCES `status` (`status_id`)
) ENGINE=InnoDB DEFAULT CHARSET=latin1;

INSERT INTO `department` (`department_id`, `department_track_number`, `department_name`, `department_description`, `department_is_active`, `department_created_date`, `department_last_modified_date`, `department_created_by`, `department_last_modified_by`, `fk_approval_id`, `fk_status_id`) VALUES
(1,	'DENT-24232',	'Finance',	'Finance',	1,	'2020-03-30',	'2020-03-30 08:30:02',	1,	1,	2378,	328);

DROP TABLE IF EXISTS `department_user`;
CREATE TABLE `department_user` (
  `department_user_id` int(100) NOT NULL AUTO_INCREMENT,
  `department_user_track_number` varchar(100) NOT NULL,
  `department_user_name` varchar(100) NOT NULL,
  `fk_user_id` int(100) NOT NULL,
  `fk_department_id` int(100) NOT NULL,
  `department_user_created_date` date NOT NULL,
  `department_user_last_modified_date` timestamp NOT NULL DEFAULT CURRENT_TIMESTAMP,
  `department_user_created_by` int(100) NOT NULL,
  `department_user_last_modified_by` int(100) NOT NULL,
  `fk_approval_id` int(11) NOT NULL,
  `fk_status_id` int(11) NOT NULL,
  PRIMARY KEY (`department_user_id`),
  KEY `fk_user_id` (`fk_user_id`),
  KEY `fk_department_id` (`fk_department_id`),
  KEY `fk_approval_id` (`fk_approval_id`),
  KEY `fk_status_id` (`fk_status_id`),
  CONSTRAINT `department_user_ibfk_1` FOREIGN KEY (`fk_user_id`) REFERENCES `user` (`user_id`),
  CONSTRAINT `department_user_ibfk_2` FOREIGN KEY (`fk_department_id`) REFERENCES `department` (`department_id`),
  CONSTRAINT `department_user_ibfk_3` FOREIGN KEY (`fk_approval_id`) REFERENCES `approval` (`approval_id`),
  CONSTRAINT `department_user_ibfk_4` FOREIGN KEY (`fk_status_id`) REFERENCES `status` (`status_id`)
) ENGINE=InnoDB DEFAULT CHARSET=latin1;

INSERT INTO `department_user` (`department_user_id`, `department_user_track_number`, `department_user_name`, `fk_user_id`, `fk_department_id`, `department_user_created_date`, `department_user_last_modified_date`, `department_user_created_by`, `department_user_last_modified_by`, `fk_approval_id`, `fk_status_id`) VALUES
(1,	'DEER-2450',	'Department for Livingstone Onduso',	2,	1,	'2020-03-30',	'2020-03-30 08:33:05',	1,	1,	2383,	329);

DROP TABLE IF EXISTS `designation`;
CREATE TABLE `designation` (
  `designation_id` int(100) NOT NULL AUTO_INCREMENT,
  `designation_track_number` varchar(100) NOT NULL,
  `designation_name` varchar(100) NOT NULL,
  `fk_context_definition_id` int(100) NOT NULL,
  `designation_created_date` date NOT NULL,
  `designation_last_modified_date` timestamp NOT NULL DEFAULT CURRENT_TIMESTAMP,
  `designation_created_by` int(100) NOT NULL,
  `designation_last_modified_by` int(100) NOT NULL,
  `fk_approval_id` int(11) NOT NULL,
  `fk_status_id` int(11) NOT NULL,
  PRIMARY KEY (`designation_id`),
  KEY `fk_approval_id` (`fk_approval_id`),
  KEY `fk_status_id` (`fk_status_id`),
  KEY `fk_center_group_hierarchy_id` (`fk_context_definition_id`),
  CONSTRAINT `designation_ibfk_1` FOREIGN KEY (`fk_approval_id`) REFERENCES `approval` (`approval_id`),
  CONSTRAINT `designation_ibfk_2` FOREIGN KEY (`fk_status_id`) REFERENCES `status` (`status_id`),
  CONSTRAINT `designation_ibfk_3` FOREIGN KEY (`fk_context_definition_id`) REFERENCES `context_definition` (`context_definition_id`)
) ENGINE=InnoDB DEFAULT CHARSET=latin1;

INSERT INTO `designation` (`designation_id`, `designation_track_number`, `designation_name`, `fk_context_definition_id`, `designation_created_date`, `designation_last_modified_date`, `designation_created_by`, `designation_last_modified_by`, `fk_approval_id`, `fk_status_id`) VALUES
(7,	'DEON-68629',	'System Admin',	10,	'2019-12-13',	'2019-12-13 16:14:20',	1,	1,	455,	76),
(8,	'DEON-9934',	'Project Accountant',	13,	'2020-03-30',	'2020-03-30 08:31:50',	1,	1,	2380,	76);

DROP TABLE IF EXISTS `expense_account`;
CREATE TABLE `expense_account` (
  `expense_account_id` int(100) NOT NULL AUTO_INCREMENT,
  `expense_account_track_number` varchar(100) DEFAULT NULL,
  `expense_account_name` varchar(100) DEFAULT NULL,
  `expense_account_description` varchar(100) DEFAULT NULL,
  `expense_account_code` varchar(10) DEFAULT NULL,
  `expense_account_is_admin` int(5) DEFAULT NULL,
  `expense_account_is_active` int(5) DEFAULT NULL,
  `expense_account_is_budgeted` int(5) DEFAULT NULL,
  `fk_income_account_id` int(100) DEFAULT NULL,
  `fk_approval_id` int(100) DEFAULT NULL,
  `fk_status_id` int(100) DEFAULT NULL,
  `expense_account_created_date` date DEFAULT NULL,
  `expense_account_last_modified_date` date DEFAULT NULL,
  `expense_account_created_by` int(100) DEFAULT NULL,
  `expense_account_last_modified_by` int(100) DEFAULT NULL,
  PRIMARY KEY (`expense_account_id`),
  KEY `fk_expense_account_income_account_idx` (`fk_income_account_id`),
  CONSTRAINT `fk_expense_account_income_account` FOREIGN KEY (`fk_income_account_id`) REFERENCES `income_account` (`income_account_id`) ON DELETE NO ACTION ON UPDATE NO ACTION
) ENGINE=InnoDB DEFAULT CHARSET=latin1 COMMENT='This table holds the expense accounts';

INSERT INTO `expense_account` (`expense_account_id`, `expense_account_track_number`, `expense_account_name`, `expense_account_description`, `expense_account_code`, `expense_account_is_admin`, `expense_account_is_active`, `expense_account_is_budgeted`, `fk_income_account_id`, `fk_approval_id`, `fk_status_id`, `expense_account_created_date`, `expense_account_last_modified_date`, `expense_account_created_by`, `expense_account_last_modified_by`) VALUES
(1,	'EXNT-2581',	'Expense Account 1.1',	'Expense Account 1.1',	'E001',	0,	1,	1,	1,	2339,	330,	'2020-03-24',	NULL,	1,	1),
(2,	'EXNT-84187',	'Expense Account 1.2',	'Expense Account 1.2',	'E002',	1,	1,	1,	1,	2340,	330,	'2020-03-24',	NULL,	1,	1),
(3,	'EXNT-33985',	'Expense Account 1.3',	'Expense Account 1.3',	'E003',	0,	1,	0,	1,	2341,	330,	'2020-03-24',	NULL,	1,	1),
(4,	'EXNT-87475',	'Expense Account 2.1',	'Expense Account 2.1',	'E004',	0,	1,	1,	2,	2342,	330,	'2020-03-24',	NULL,	1,	1),
(5,	'EXNT-14342',	'Expense Account 2.2',	'Expense Account 2.2',	'E005',	1,	1,	1,	2,	2343,	330,	'2020-03-24',	NULL,	1,	1),
(6,	'EXNT-23871',	'Expense Account 3.1',	'Expense Account 3.1',	'E006',	0,	1,	1,	3,	2344,	330,	'2020-03-24',	NULL,	1,	1);

DROP TABLE IF EXISTS `financial_report`;
CREATE TABLE `financial_report` (
  `financial_report_id` int(100) NOT NULL AUTO_INCREMENT,
  `financial_report_track_number` varchar(100) NOT NULL,
  `financial_report_name` varchar(100) NOT NULL,
  `financial_report_month` date NOT NULL,
  `fk_office_id` int(100) NOT NULL,
  `financial_report_statement_balance` int(100) NOT NULL DEFAULT '0',
  `financial_report_statement_date` date NOT NULL DEFAULT '0000-00-00',
  `financial_report_is_submitted` int(5) NOT NULL DEFAULT '0',
  `financial_report_created_date` date DEFAULT NULL,
  `financial_report_created_by` int(100) DEFAULT NULL,
  `financial_report_last_modified_by` int(100) DEFAULT NULL,
  `financial_report_last_modified_date` date DEFAULT NULL,
  `fk_approval_id` int(100) DEFAULT NULL,
  `fk_status_id` int(100) DEFAULT NULL,
  PRIMARY KEY (`financial_report_id`),
  KEY `fk_office_id` (`fk_office_id`),
  CONSTRAINT `financial_report_ibfk_1` FOREIGN KEY (`fk_office_id`) REFERENCES `office` (`office_id`)
) ENGINE=InnoDB DEFAULT CHARSET=latin1;

INSERT INTO `financial_report` (`financial_report_id`, `financial_report_track_number`, `financial_report_name`, `financial_report_month`, `fk_office_id`, `financial_report_statement_balance`, `financial_report_statement_date`, `financial_report_is_submitted`, `financial_report_created_date`, `financial_report_created_by`, `financial_report_last_modified_by`, `financial_report_last_modified_date`, `fk_approval_id`, `fk_status_id`) VALUES
(1,	'FIRT-42206',	'Financial_report # FIRT-45548',	'2020-03-01',	29,	415250,	'2020-03-31',	0,	'2020-03-24',	1,	1,	NULL,	2353,	331),
(2,	'FIRT-30181',	'Financial_report # FIRT-78548',	'2020-03-01',	27,	4501,	'2020-03-31',	0,	'2020-03-26',	1,	1,	NULL,	2360,	331);

DROP TABLE IF EXISTS `funder`;
CREATE TABLE `funder` (
  `funder_id` int(100) NOT NULL AUTO_INCREMENT,
  `funder_track_number` varchar(100) DEFAULT NULL,
  `funder_name` varchar(45) DEFAULT NULL,
  `funder_description` varchar(45) DEFAULT NULL,
  `funder_created_date` date DEFAULT NULL,
  `funder_last_modified_date` date DEFAULT NULL,
  `funder_created_by` int(100) DEFAULT NULL,
  `funder_last_modified_by` int(100) DEFAULT NULL,
  `funder_deleted_at` datetime DEFAULT NULL,
  `fk_approval_id` int(100) DEFAULT NULL,
  `fk_status_id` int(100) DEFAULT NULL,
  PRIMARY KEY (`funder_id`)
) ENGINE=InnoDB DEFAULT CHARSET=latin1 COMMENT='This table holds donor (funders) bio-information';

INSERT INTO `funder` (`funder_id`, `funder_track_number`, `funder_name`, `funder_description`, `funder_created_date`, `funder_last_modified_date`, `funder_created_by`, `funder_last_modified_by`, `funder_deleted_at`, `fk_approval_id`, `fk_status_id`) VALUES
(1,	'FUER-6082',	'Global Image',	'Global Image',	'2020-03-23',	NULL,	1,	1,	NULL,	2298,	332),
(2,	'FUER-77395',	'AWAKE',	'AWAKE Fund',	'2020-03-24',	NULL,	1,	1,	NULL,	2347,	332);

DROP TABLE IF EXISTS `funding_status`;
CREATE TABLE `funding_status` (
  `funding_status_id` int(100) NOT NULL AUTO_INCREMENT,
  `funding_status_name` varchar(45) DEFAULT NULL,
  `funding_status_is_active` int(5) DEFAULT NULL,
  `funding_status_created_date` date DEFAULT NULL,
  `funding_status_created_by` int(100) DEFAULT NULL,
  `funding_status_last_modified_by` int(100) DEFAULT NULL,
  `funding_status_last_modified_date` date DEFAULT NULL,
  `funding_status_is_available` int(5) NOT NULL DEFAULT '0',
  `fk_approval_id` int(100) DEFAULT NULL,
  `fk_status_id` int(100) DEFAULT NULL,
  PRIMARY KEY (`funding_status_id`)
) ENGINE=InnoDB DEFAULT CHARSET=latin1;

INSERT INTO `funding_status` (`funding_status_id`, `funding_status_name`, `funding_status_is_active`, `funding_status_created_date`, `funding_status_created_by`, `funding_status_last_modified_by`, `funding_status_last_modified_date`, `funding_status_is_available`, `fk_approval_id`, `fk_status_id`) VALUES
(1,	'Fully Funded',	1,	NULL,	NULL,	NULL,	NULL,	1,	NULL,	NULL);

DROP TABLE IF EXISTS `history`;
CREATE TABLE `history` (
  `history_id` int(100) NOT NULL AUTO_INCREMENT,
  `reference_table` varchar(45) DEFAULT NULL,
  `user_id` varchar(45) DEFAULT NULL,
  `table_action` varchar(45) DEFAULT NULL,
  `history_created_date` date DEFAULT NULL,
  `history_created_by` int(100) DEFAULT NULL,
  `history_last_modified_by` int(100) DEFAULT NULL,
  `history_last_modified_date` date DEFAULT NULL,
  `fk_approval_id` int(100) DEFAULT NULL,
  `fk_status_id` int(100) DEFAULT NULL,
  PRIMARY KEY (`history_id`)
) ENGINE=InnoDB DEFAULT CHARSET=latin1;


DROP TABLE IF EXISTS `income_account`;
CREATE TABLE `income_account` (
  `income_account_id` int(11) NOT NULL AUTO_INCREMENT,
  `income_account_track_number` varchar(100) NOT NULL,
  `income_account_name` varchar(100) NOT NULL,
  `income_account_description` varchar(100) DEFAULT NULL,
  `income_account_code` varchar(10) DEFAULT NULL,
  `income_account_is_active` int(5) DEFAULT NULL,
  `income_account_is_budgeted` int(5) DEFAULT NULL,
  `income_account_is_donor_funded` int(5) DEFAULT NULL,
  `fk_account_system_id` int(100) DEFAULT NULL,
  `income_account_created_date` date DEFAULT NULL,
  `income_account_last_modified_date` date DEFAULT NULL,
  `income_account_created_by` int(100) DEFAULT NULL,
  `income_account_last_modified_by` int(100) DEFAULT NULL,
  `fk_approval_id` int(100) DEFAULT NULL,
  `fk_status_id` int(100) DEFAULT NULL,
  PRIMARY KEY (`income_account_id`),
  KEY `fk_account_system_id` (`fk_account_system_id`),
  CONSTRAINT `income_account_ibfk_1` FOREIGN KEY (`fk_account_system_id`) REFERENCES `account_system` (`account_system_id`)
) ENGINE=InnoDB DEFAULT CHARSET=latin1 COMMENT='This table contains the income accounts. ';

INSERT INTO `income_account` (`income_account_id`, `income_account_track_number`, `income_account_name`, `income_account_description`, `income_account_code`, `income_account_is_active`, `income_account_is_budgeted`, `income_account_is_donor_funded`, `fk_account_system_id`, `income_account_created_date`, `income_account_last_modified_date`, `income_account_created_by`, `income_account_last_modified_by`, `fk_approval_id`, `fk_status_id`) VALUES
(1,	'INNT-86711',	'Income Account 1',	'Income Account 1',	'R100',	1,	1,	0,	2,	'2020-03-24',	NULL,	1,	1,	2336,	335),
(2,	'INNT-59988',	'Income Account 2',	'Income Account 2',	'R200',	1,	1,	0,	2,	'2020-03-24',	NULL,	1,	1,	2337,	335),
(3,	'INNT-85259',	'Income Account 3',	'Income Account 3',	'R300',	1,	1,	0,	2,	'2020-03-24',	NULL,	1,	1,	2338,	335);

DROP TABLE IF EXISTS `journal`;
CREATE TABLE `journal` (
  `journal_id` int(11) NOT NULL AUTO_INCREMENT,
  `journal_track_number` varchar(100) NOT NULL,
  `journal_name` varchar(100) NOT NULL,
  `journal_month` date NOT NULL,
  `fk_office_id` int(100) NOT NULL,
  `journal_created_date` date DEFAULT NULL,
  `journal_created_by` int(100) DEFAULT NULL,
  `journal_last_modified_by` int(100) DEFAULT NULL,
  `journal_last_modified_date` timestamp NULL DEFAULT NULL ON UPDATE CURRENT_TIMESTAMP,
  `fk_approval_id` int(100) DEFAULT NULL,
  `fk_status_id` int(100) DEFAULT NULL,
  PRIMARY KEY (`journal_id`),
  KEY `fk_office_id` (`fk_office_id`),
  CONSTRAINT `journal_ibfk_1` FOREIGN KEY (`fk_office_id`) REFERENCES `office` (`office_id`)
) ENGINE=InnoDB DEFAULT CHARSET=latin1;

INSERT INTO `journal` (`journal_id`, `journal_track_number`, `journal_name`, `journal_month`, `fk_office_id`, `journal_created_date`, `journal_created_by`, `journal_last_modified_by`, `journal_last_modified_date`, `fk_approval_id`, `fk_status_id`) VALUES
(1,	'JOAL-58690',	'Journal # JOAL-25751',	'2020-03-01',	29,	'2020-03-24',	1,	1,	NULL,	2352,	336),
(2,	'JOAL-44766',	'Journal # JOAL-73734',	'2020-03-01',	27,	'2020-03-26',	1,	1,	NULL,	2359,	336);

DROP TABLE IF EXISTS `language`;
CREATE TABLE `language` (
  `language_id` int(100) NOT NULL AUTO_INCREMENT,
  `language_track_number` varchar(100) NOT NULL,
  `language_name` varchar(100) DEFAULT NULL,
  `language_code` varchar(10) DEFAULT NULL,
  `language_created_date` date DEFAULT NULL,
  `language_last_modified_date` timestamp NOT NULL DEFAULT CURRENT_TIMESTAMP,
  `language_deleted_at` date DEFAULT NULL,
  `language_created_by` int(100) DEFAULT NULL,
  `language_last_modified_by` int(100) DEFAULT NULL,
  `fk_approval_id` int(100) DEFAULT NULL,
  `fk_status_id` int(100) DEFAULT NULL,
  PRIMARY KEY (`language_id`)
) ENGINE=InnoDB DEFAULT CHARSET=latin1;

INSERT INTO `language` (`language_id`, `language_track_number`, `language_name`, `language_code`, `language_created_date`, `language_last_modified_date`, `language_deleted_at`, `language_created_by`, `language_last_modified_by`, `fk_approval_id`, `fk_status_id`) VALUES
(1,	'LAGE-97389',	'English',	'en',	NULL,	'2019-11-07 10:39:11',	NULL,	NULL,	NULL,	NULL,	NULL),
(2,	'LAGE-26371',	'Swahili',	'sw',	'2019-11-22',	'2019-11-22 21:18:48',	NULL,	1,	1,	307,	65);

DROP TABLE IF EXISTS `language_phrase`;
CREATE TABLE `language_phrase` (
  `language_phrase_id` int(11) NOT NULL AUTO_INCREMENT,
  `phrase` longtext,
  `created_date` date DEFAULT NULL,
  `last_modified_date` date DEFAULT NULL,
  `deleted_date` date DEFAULT NULL,
  `created_by` int(100) DEFAULT NULL,
  `last_modified_by` int(100) DEFAULT NULL,
  `language_phrase_created_date` date DEFAULT NULL,
  `language_phrase_created_by` int(100) DEFAULT NULL,
  `language_phrase_last_modified_by` int(100) DEFAULT NULL,
  `language_phrase_last_modified_date` date DEFAULT NULL,
  `fk_approval_id` int(100) DEFAULT NULL,
  `fk_status_id` int(100) DEFAULT NULL,
  PRIMARY KEY (`language_phrase_id`)
) ENGINE=InnoDB DEFAULT CHARSET=latin1;


DROP TABLE IF EXISTS `menu`;
CREATE TABLE `menu` (
  `menu_id` int(100) NOT NULL AUTO_INCREMENT,
  `menu_name` varchar(100) DEFAULT NULL,
  `menu_derivative_controller` varchar(100) DEFAULT NULL,
  `menu_is_active` int(5) NOT NULL DEFAULT '1',
  `menu_created_date` date DEFAULT NULL,
  `menu_last_modified_date` timestamp NOT NULL DEFAULT CURRENT_TIMESTAMP,
  `menu_created_by` int(100) DEFAULT NULL,
  `menu_last_modified_by` int(100) DEFAULT NULL,
  `fk_approval_id` int(100) DEFAULT NULL,
  `fk_status_id` int(100) DEFAULT NULL,
  PRIMARY KEY (`menu_id`)
) ENGINE=InnoDB DEFAULT CHARSET=latin1;

INSERT INTO `menu` (`menu_id`, `menu_name`, `menu_derivative_controller`, `menu_is_active`, `menu_created_date`, `menu_last_modified_date`, `menu_created_by`, `menu_last_modified_by`, `fk_approval_id`, `fk_status_id`) VALUES
(380,	'Approval',	'Approval',	1,	'2019-11-23',	'2019-11-23 17:30:57',	1,	1,	NULL,	NULL),
(381,	'Bank',	'Bank',	1,	'2019-11-23',	'2019-11-23 17:30:57',	1,	1,	NULL,	NULL),
(382,	'Budget',	'Budget',	1,	'2019-11-23',	'2019-11-23 17:30:57',	1,	1,	NULL,	NULL),
(384,	'Dashboard',	'Dashboard',	1,	'2019-11-23',	'2019-11-23 17:30:57',	1,	1,	NULL,	NULL),
(385,	'Funder',	'Funder',	1,	'2019-11-23',	'2019-11-23 17:30:57',	1,	1,	NULL,	NULL),
(386,	'Journal',	'Journal',	1,	'2019-11-23',	'2019-11-23 17:30:57',	1,	1,	NULL,	NULL),
(390,	'Permission_label',	'Permission_label',	1,	'2019-11-23',	'2019-11-23 17:30:57',	1,	1,	NULL,	NULL),
(391,	'Project_allocation',	'Project_allocation',	1,	'2019-11-23',	'2019-11-23 17:30:57',	1,	1,	NULL,	NULL),
(392,	'Request',	'Request',	1,	'2019-11-23',	'2019-11-23 17:30:57',	1,	1,	NULL,	NULL),
(393,	'Role',	'Role',	1,	'2019-11-23',	'2019-11-23 17:30:57',	1,	1,	NULL,	NULL),
(397,	'Voucher',	'Voucher',	1,	'2019-11-23',	'2019-11-23 17:30:57',	1,	1,	NULL,	NULL),
(398,	'Workplan',	'Workplan',	1,	'2019-11-23',	'2019-11-23 17:30:57',	1,	1,	NULL,	NULL),
(400,	'User',	'User',	1,	'2019-11-23',	'2019-11-23 17:30:57',	1,	1,	NULL,	NULL),
(470,	'Menu_user_order',	'Menu_user_order',	1,	'2019-11-23',	'2019-11-23 17:30:57',	1,	1,	NULL,	NULL),
(478,	'Bank_branch',	'Bank_branch',	1,	'2019-11-23',	'2019-11-23 17:30:57',	1,	1,	NULL,	NULL),
(480,	'Department',	'Department',	1,	'2019-11-23',	'2019-11-23 17:30:57',	1,	1,	NULL,	NULL),
(481,	'Designation',	'Designation',	1,	'2019-11-23',	'2019-11-23 17:30:57',	1,	1,	NULL,	NULL),
(482,	'Expense_account',	'Expense_account',	1,	'2019-11-23',	'2019-11-23 17:30:57',	1,	1,	NULL,	NULL),
(483,	'Funding_status',	'Funding_status',	1,	'2019-11-23',	'2019-11-23 17:30:57',	1,	1,	NULL,	NULL),
(490,	'Project',	'Project',	1,	'2019-11-23',	'2019-11-23 17:30:57',	1,	1,	NULL,	NULL),
(492,	'Page_view',	'Page_view',	1,	'2019-11-23',	'2019-11-23 17:30:57',	1,	1,	NULL,	NULL),
(496,	'Request_type',	'Request_type',	1,	'2019-11-23',	'2019-11-23 17:30:57',	1,	1,	NULL,	NULL),
(497,	'Language',	'Language',	1,	NULL,	'2019-11-26 20:45:56',	NULL,	NULL,	NULL,	NULL),
(498,	'Setting',	'Setting',	1,	NULL,	'2019-11-26 22:05:45',	NULL,	NULL,	NULL,	NULL),
(500,	'Income_account',	'Income_account',	1,	NULL,	'2019-11-27 13:24:36',	NULL,	NULL,	NULL,	NULL),
(521,	'Office',	'Office',	1,	NULL,	'2019-12-08 12:10:43',	NULL,	NULL,	NULL,	NULL),
(522,	'Office_bank',	'Office_bank',	1,	NULL,	'2019-12-08 12:10:43',	NULL,	NULL,	NULL,	NULL),
(523,	'Context_definition',	'Context_definition',	1,	NULL,	'2019-12-08 12:20:29',	NULL,	NULL,	NULL,	NULL),
(526,	'Financial_report',	'Financial_report',	1,	NULL,	'2020-01-08 09:43:05',	NULL,	NULL,	NULL,	NULL),
(527,	'Voucher_type_account',	'Voucher_type_account',	1,	NULL,	'2020-01-15 15:13:14',	NULL,	NULL,	NULL,	NULL),
(528,	'Voucher_type_effect',	'Voucher_type_effect',	1,	NULL,	'2020-01-15 15:13:14',	NULL,	NULL,	NULL,	NULL),
(529,	'Voucher_type',	'Voucher_type',	1,	NULL,	'2020-01-15 15:17:27',	NULL,	NULL,	NULL,	NULL),
(535,	'Month',	'Month',	1,	NULL,	'2020-01-18 13:08:11',	NULL,	NULL,	NULL,	NULL),
(542,	'Account_system',	'Account_system',	1,	NULL,	'2020-02-29 19:03:06',	NULL,	NULL,	NULL,	NULL),
(545,	'Request_conversion',	'Request_conversion',	1,	NULL,	'2020-03-02 06:43:20',	NULL,	NULL,	NULL,	NULL),
(547,	'Budget_item',	'Budget_item',	1,	NULL,	'2020-03-07 10:35:07',	NULL,	NULL,	NULL,	NULL),
(550,	'Approve_item',	'Approve_item',	1,	NULL,	'2020-03-08 18:11:59',	NULL,	NULL,	NULL,	NULL),
(554,	'System_opening_balance',	'System_opening_balance',	1,	NULL,	'2020-03-19 14:10:25',	NULL,	NULL,	NULL,	NULL),
(556,	'History',	'History',	1,	NULL,	'2020-03-23 16:56:25',	NULL,	NULL,	NULL,	NULL),
(557,	'Language_phrase',	'Language_phrase',	1,	NULL,	'2020-03-23 16:56:25',	NULL,	NULL,	NULL,	NULL),
(558,	'Project_cost_proportion',	'Project_cost_proportion',	1,	NULL,	'2020-03-23 16:56:25',	NULL,	NULL,	NULL,	NULL),
(559,	'Status_role',	'Status_role',	1,	NULL,	'2020-03-23 16:56:25',	NULL,	NULL,	NULL,	NULL),
(560,	'Transaction_effect',	'Transaction_effect',	1,	NULL,	'2020-03-23 16:56:25',	NULL,	NULL,	NULL,	NULL),
(561,	'Translation',	'Translation',	1,	NULL,	'2020-03-23 16:56:25',	NULL,	NULL,	NULL,	NULL),
(562,	'Variance_note',	'Variance_note',	1,	NULL,	'2020-03-23 16:56:25',	NULL,	NULL,	NULL,	NULL),
(563,	'Workflow',	'Workflow',	1,	NULL,	'2020-03-23 16:56:25',	NULL,	NULL,	NULL,	NULL),
(564,	'Contra_account',	'Contra_account',	1,	NULL,	'2020-03-26 08:09:35',	NULL,	NULL,	NULL,	NULL);

DROP TABLE IF EXISTS `menu_user_order`;
CREATE TABLE `menu_user_order` (
  `menu_user_order_id` int(100) NOT NULL AUTO_INCREMENT,
  `fk_user_id` int(100) NOT NULL,
  `menu_user_order_track_number` varchar(100) DEFAULT NULL,
  `menu_user_order_name` varchar(100) DEFAULT NULL,
  `fk_menu_id` int(100) DEFAULT NULL,
  `menu_user_order_is_active` int(5) NOT NULL DEFAULT '1',
  `menu_user_order_level` int(100) NOT NULL DEFAULT '1',
  `menu_user_order_priority_item` int(5) NOT NULL DEFAULT '1',
  `menu_user_order_created_date` date DEFAULT NULL,
  `menu_user_order_last_modified_date` timestamp NOT NULL DEFAULT CURRENT_TIMESTAMP,
  `menu_user_order_created_by` int(100) DEFAULT NULL,
  `menu_user_order_last_modified_by` int(100) DEFAULT NULL,
  `fk_approval_id` int(100) DEFAULT NULL,
  `fk_status_id` int(100) DEFAULT NULL,
  PRIMARY KEY (`menu_user_order_id`),
  KEY `fk_menu_id` (`fk_menu_id`),
  CONSTRAINT `menu_user_order_ibfk_1` FOREIGN KEY (`fk_menu_id`) REFERENCES `menu` (`menu_id`) ON DELETE CASCADE
) ENGINE=InnoDB DEFAULT CHARSET=latin1;

INSERT INTO `menu_user_order` (`menu_user_order_id`, `fk_user_id`, `menu_user_order_track_number`, `menu_user_order_name`, `fk_menu_id`, `menu_user_order_is_active`, `menu_user_order_level`, `menu_user_order_priority_item`, `menu_user_order_created_date`, `menu_user_order_last_modified_date`, `menu_user_order_created_by`, `menu_user_order_last_modified_by`, `fk_approval_id`, `fk_status_id`) VALUES
(1753,	1,	NULL,	NULL,	380,	1,	7,	0,	NULL,	'2020-03-30 13:24:36',	NULL,	NULL,	NULL,	NULL),
(1754,	1,	NULL,	NULL,	381,	1,	5,	0,	NULL,	'2020-03-30 13:24:36',	NULL,	NULL,	NULL,	NULL),
(1755,	1,	NULL,	NULL,	382,	1,	3,	1,	NULL,	'2020-03-30 13:24:36',	NULL,	NULL,	NULL,	NULL),
(1756,	1,	NULL,	NULL,	384,	1,	1,	1,	NULL,	'2020-03-30 13:24:36',	NULL,	NULL,	NULL,	NULL),
(1757,	1,	NULL,	NULL,	385,	1,	3,	0,	NULL,	'2020-03-30 13:24:36',	NULL,	NULL,	NULL,	NULL),
(1758,	1,	NULL,	NULL,	386,	1,	5,	1,	NULL,	'2020-03-30 13:24:36',	NULL,	NULL,	NULL,	NULL),
(1759,	1,	NULL,	NULL,	390,	1,	4,	0,	NULL,	'2020-03-30 13:24:36',	NULL,	NULL,	NULL,	NULL),
(1760,	1,	NULL,	NULL,	391,	1,	2,	0,	NULL,	'2020-03-30 13:24:36',	NULL,	NULL,	NULL,	NULL),
(1761,	1,	NULL,	NULL,	392,	1,	2,	1,	NULL,	'2020-03-30 13:24:36',	NULL,	NULL,	NULL,	NULL),
(1762,	1,	NULL,	NULL,	393,	1,	1,	0,	NULL,	'2020-03-30 13:24:36',	NULL,	NULL,	NULL,	NULL),
(1763,	1,	NULL,	NULL,	397,	1,	4,	1,	NULL,	'2020-03-30 13:24:36',	NULL,	NULL,	NULL,	NULL),
(1764,	1,	NULL,	NULL,	398,	1,	6,	0,	NULL,	'2020-03-30 13:24:36',	NULL,	NULL,	NULL,	NULL),
(1765,	1,	NULL,	NULL,	400,	1,	8,	0,	NULL,	'2020-03-30 13:24:36',	NULL,	NULL,	NULL,	NULL),
(1766,	1,	NULL,	NULL,	470,	1,	7,	1,	NULL,	'2020-03-30 13:24:36',	NULL,	NULL,	NULL,	NULL),
(1767,	1,	NULL,	NULL,	478,	1,	9,	0,	NULL,	'2020-03-30 13:24:36',	NULL,	NULL,	NULL,	NULL),
(1768,	1,	NULL,	NULL,	480,	1,	10,	0,	NULL,	'2020-03-30 13:24:36',	NULL,	NULL,	NULL,	NULL),
(1769,	1,	NULL,	NULL,	481,	1,	11,	0,	NULL,	'2020-03-30 13:24:36',	NULL,	NULL,	NULL,	NULL),
(1770,	1,	NULL,	NULL,	482,	1,	12,	0,	NULL,	'2020-03-30 13:24:36',	NULL,	NULL,	NULL,	NULL),
(1771,	1,	NULL,	NULL,	483,	1,	13,	0,	NULL,	'2020-03-30 13:24:36',	NULL,	NULL,	NULL,	NULL),
(1772,	1,	NULL,	NULL,	490,	1,	14,	0,	NULL,	'2020-03-30 13:24:36',	NULL,	NULL,	NULL,	NULL),
(1773,	1,	NULL,	NULL,	492,	1,	15,	0,	NULL,	'2020-03-30 13:24:36',	NULL,	NULL,	NULL,	NULL),
(1774,	1,	NULL,	NULL,	496,	1,	16,	0,	NULL,	'2020-03-30 13:24:36',	NULL,	NULL,	NULL,	NULL),
(1775,	1,	NULL,	NULL,	497,	1,	17,	0,	NULL,	'2020-03-30 13:24:36',	NULL,	NULL,	NULL,	NULL),
(1776,	1,	NULL,	NULL,	498,	1,	18,	0,	NULL,	'2020-03-30 13:24:36',	NULL,	NULL,	NULL,	NULL),
(1777,	1,	NULL,	NULL,	500,	1,	19,	0,	NULL,	'2020-03-30 13:24:36',	NULL,	NULL,	NULL,	NULL),
(1778,	1,	NULL,	NULL,	521,	1,	20,	0,	NULL,	'2020-03-30 13:24:36',	NULL,	NULL,	NULL,	NULL),
(1779,	1,	NULL,	NULL,	522,	1,	21,	0,	NULL,	'2020-03-30 13:24:36',	NULL,	NULL,	NULL,	NULL),
(1780,	1,	NULL,	NULL,	523,	1,	22,	0,	NULL,	'2020-03-30 13:24:36',	NULL,	NULL,	NULL,	NULL),
(1781,	1,	NULL,	NULL,	526,	1,	6,	1,	NULL,	'2020-03-30 13:24:36',	NULL,	NULL,	NULL,	NULL),
(1782,	1,	NULL,	NULL,	527,	1,	23,	0,	NULL,	'2020-03-30 13:24:36',	NULL,	NULL,	NULL,	NULL),
(1783,	1,	NULL,	NULL,	528,	1,	24,	0,	NULL,	'2020-03-30 13:24:36',	NULL,	NULL,	NULL,	NULL),
(1784,	1,	NULL,	NULL,	529,	1,	25,	0,	NULL,	'2020-03-30 13:24:36',	NULL,	NULL,	NULL,	NULL),
(1785,	1,	NULL,	NULL,	535,	1,	26,	0,	NULL,	'2020-03-30 13:24:36',	NULL,	NULL,	NULL,	NULL),
(1786,	1,	NULL,	NULL,	542,	1,	27,	0,	NULL,	'2020-03-30 13:24:36',	NULL,	NULL,	NULL,	NULL),
(1787,	1,	NULL,	NULL,	545,	1,	28,	0,	NULL,	'2020-03-30 13:24:36',	NULL,	NULL,	NULL,	NULL),
(1788,	1,	NULL,	NULL,	547,	1,	29,	0,	NULL,	'2020-03-30 13:24:36',	NULL,	NULL,	NULL,	NULL),
(1789,	1,	NULL,	NULL,	550,	1,	30,	0,	NULL,	'2020-03-30 13:24:36',	NULL,	NULL,	NULL,	NULL),
(1790,	1,	NULL,	NULL,	554,	1,	31,	0,	NULL,	'2020-03-30 13:24:36',	NULL,	NULL,	NULL,	NULL),
(1791,	1,	NULL,	NULL,	556,	1,	32,	0,	NULL,	'2020-03-30 13:24:36',	NULL,	NULL,	NULL,	NULL),
(1792,	1,	NULL,	NULL,	557,	1,	33,	0,	NULL,	'2020-03-30 13:24:36',	NULL,	NULL,	NULL,	NULL),
(1793,	1,	NULL,	NULL,	558,	1,	34,	0,	NULL,	'2020-03-30 13:24:36',	NULL,	NULL,	NULL,	NULL),
(1794,	1,	NULL,	NULL,	559,	1,	35,	0,	NULL,	'2020-03-30 13:24:36',	NULL,	NULL,	NULL,	NULL),
(1795,	1,	NULL,	NULL,	560,	1,	36,	0,	NULL,	'2020-03-30 13:24:36',	NULL,	NULL,	NULL,	NULL),
(1796,	1,	NULL,	NULL,	561,	1,	37,	0,	NULL,	'2020-03-30 13:24:36',	NULL,	NULL,	NULL,	NULL),
(1797,	1,	NULL,	NULL,	562,	1,	38,	0,	NULL,	'2020-03-30 13:24:36',	NULL,	NULL,	NULL,	NULL),
(1798,	1,	NULL,	NULL,	563,	1,	39,	0,	NULL,	'2020-03-30 13:24:36',	NULL,	NULL,	NULL,	NULL),
(1799,	1,	NULL,	NULL,	564,	1,	40,	0,	NULL,	'2020-03-30 13:24:36',	NULL,	NULL,	NULL,	NULL),
(1800,	2,	NULL,	NULL,	380,	1,	1,	1,	NULL,	'2020-03-31 04:41:26',	NULL,	NULL,	NULL,	NULL),
(1801,	2,	NULL,	NULL,	381,	1,	2,	1,	NULL,	'2020-03-31 04:41:26',	NULL,	NULL,	NULL,	NULL),
(1802,	2,	NULL,	NULL,	382,	1,	3,	1,	NULL,	'2020-03-31 04:41:26',	NULL,	NULL,	NULL,	NULL),
(1803,	2,	NULL,	NULL,	384,	1,	4,	1,	NULL,	'2020-03-31 04:41:26',	NULL,	NULL,	NULL,	NULL),
(1804,	2,	NULL,	NULL,	385,	1,	5,	1,	NULL,	'2020-03-31 04:41:26',	NULL,	NULL,	NULL,	NULL),
(1805,	2,	NULL,	NULL,	386,	1,	6,	1,	NULL,	'2020-03-31 04:41:26',	NULL,	NULL,	NULL,	NULL),
(1806,	2,	NULL,	NULL,	390,	1,	7,	1,	NULL,	'2020-03-31 04:41:26',	NULL,	NULL,	NULL,	NULL),
(1807,	2,	NULL,	NULL,	391,	1,	8,	1,	NULL,	'2020-03-31 04:41:26',	NULL,	NULL,	NULL,	NULL),
(1808,	2,	NULL,	NULL,	392,	1,	9,	1,	NULL,	'2020-03-31 04:41:26',	NULL,	NULL,	NULL,	NULL),
(1809,	2,	NULL,	NULL,	393,	1,	10,	1,	NULL,	'2020-03-31 04:41:26',	NULL,	NULL,	NULL,	NULL),
(1810,	2,	NULL,	NULL,	397,	1,	11,	1,	NULL,	'2020-03-31 04:41:26',	NULL,	NULL,	NULL,	NULL),
(1811,	2,	NULL,	NULL,	398,	1,	12,	0,	NULL,	'2020-03-31 04:41:26',	NULL,	NULL,	NULL,	NULL),
(1812,	2,	NULL,	NULL,	400,	1,	13,	0,	NULL,	'2020-03-31 04:41:26',	NULL,	NULL,	NULL,	NULL),
(1813,	2,	NULL,	NULL,	470,	1,	1,	0,	NULL,	'2020-03-31 04:41:26',	NULL,	NULL,	NULL,	NULL),
(1814,	2,	NULL,	NULL,	478,	1,	15,	0,	NULL,	'2020-03-31 04:41:26',	NULL,	NULL,	NULL,	NULL),
(1815,	2,	NULL,	NULL,	480,	1,	16,	0,	NULL,	'2020-03-31 04:41:26',	NULL,	NULL,	NULL,	NULL),
(1816,	2,	NULL,	NULL,	481,	1,	17,	0,	NULL,	'2020-03-31 04:41:26',	NULL,	NULL,	NULL,	NULL),
(1817,	2,	NULL,	NULL,	482,	1,	18,	0,	NULL,	'2020-03-31 04:41:26',	NULL,	NULL,	NULL,	NULL),
(1818,	2,	NULL,	NULL,	483,	1,	19,	0,	NULL,	'2020-03-31 04:41:26',	NULL,	NULL,	NULL,	NULL),
(1819,	2,	NULL,	NULL,	490,	1,	20,	0,	NULL,	'2020-03-31 04:41:26',	NULL,	NULL,	NULL,	NULL),
(1820,	2,	NULL,	NULL,	492,	1,	21,	0,	NULL,	'2020-03-31 04:41:26',	NULL,	NULL,	NULL,	NULL),
(1821,	2,	NULL,	NULL,	496,	1,	22,	0,	NULL,	'2020-03-31 04:41:26',	NULL,	NULL,	NULL,	NULL),
(1822,	2,	NULL,	NULL,	497,	1,	23,	0,	NULL,	'2020-03-31 04:41:26',	NULL,	NULL,	NULL,	NULL),
(1823,	2,	NULL,	NULL,	498,	1,	24,	0,	NULL,	'2020-03-31 04:41:26',	NULL,	NULL,	NULL,	NULL),
(1824,	2,	NULL,	NULL,	500,	1,	25,	0,	NULL,	'2020-03-31 04:41:26',	NULL,	NULL,	NULL,	NULL),
(1825,	2,	NULL,	NULL,	521,	1,	26,	0,	NULL,	'2020-03-31 04:41:26',	NULL,	NULL,	NULL,	NULL),
(1826,	2,	NULL,	NULL,	522,	1,	27,	0,	NULL,	'2020-03-31 04:41:26',	NULL,	NULL,	NULL,	NULL),
(1827,	2,	NULL,	NULL,	523,	1,	28,	0,	NULL,	'2020-03-31 04:41:26',	NULL,	NULL,	NULL,	NULL),
(1828,	2,	NULL,	NULL,	526,	1,	29,	0,	NULL,	'2020-03-31 04:41:26',	NULL,	NULL,	NULL,	NULL),
(1829,	2,	NULL,	NULL,	527,	1,	30,	0,	NULL,	'2020-03-31 04:41:26',	NULL,	NULL,	NULL,	NULL),
(1830,	2,	NULL,	NULL,	528,	1,	31,	0,	NULL,	'2020-03-31 04:41:26',	NULL,	NULL,	NULL,	NULL),
(1831,	2,	NULL,	NULL,	529,	1,	32,	0,	NULL,	'2020-03-31 04:41:26',	NULL,	NULL,	NULL,	NULL),
(1832,	2,	NULL,	NULL,	535,	1,	33,	0,	NULL,	'2020-03-31 04:41:26',	NULL,	NULL,	NULL,	NULL),
(1833,	2,	NULL,	NULL,	542,	1,	34,	0,	NULL,	'2020-03-31 04:41:26',	NULL,	NULL,	NULL,	NULL),
(1834,	2,	NULL,	NULL,	545,	1,	35,	0,	NULL,	'2020-03-31 04:41:26',	NULL,	NULL,	NULL,	NULL),
(1835,	2,	NULL,	NULL,	547,	1,	36,	0,	NULL,	'2020-03-31 04:41:26',	NULL,	NULL,	NULL,	NULL),
(1836,	2,	NULL,	NULL,	550,	1,	37,	0,	NULL,	'2020-03-31 04:41:26',	NULL,	NULL,	NULL,	NULL),
(1837,	2,	NULL,	NULL,	554,	1,	38,	0,	NULL,	'2020-03-31 04:41:26',	NULL,	NULL,	NULL,	NULL),
(1838,	2,	NULL,	NULL,	556,	1,	39,	0,	NULL,	'2020-03-31 04:41:26',	NULL,	NULL,	NULL,	NULL),
(1839,	2,	NULL,	NULL,	557,	1,	40,	0,	NULL,	'2020-03-31 04:41:26',	NULL,	NULL,	NULL,	NULL),
(1840,	2,	NULL,	NULL,	558,	1,	41,	0,	NULL,	'2020-03-31 04:41:26',	NULL,	NULL,	NULL,	NULL),
(1841,	2,	NULL,	NULL,	559,	1,	42,	0,	NULL,	'2020-03-31 04:41:26',	NULL,	NULL,	NULL,	NULL),
(1842,	2,	NULL,	NULL,	560,	1,	43,	0,	NULL,	'2020-03-31 04:41:26',	NULL,	NULL,	NULL,	NULL),
(1843,	2,	NULL,	NULL,	561,	1,	44,	0,	NULL,	'2020-03-31 04:41:26',	NULL,	NULL,	NULL,	NULL),
(1844,	2,	NULL,	NULL,	562,	1,	45,	0,	NULL,	'2020-03-31 04:41:26',	NULL,	NULL,	NULL,	NULL),
(1845,	2,	NULL,	NULL,	563,	1,	46,	0,	NULL,	'2020-03-31 04:41:26',	NULL,	NULL,	NULL,	NULL),
(1846,	2,	NULL,	NULL,	564,	1,	47,	0,	NULL,	'2020-03-31 04:41:26',	NULL,	NULL,	NULL,	NULL);

DROP TABLE IF EXISTS `message`;
CREATE TABLE `message` (
  `message_id` int(100) NOT NULL AUTO_INCREMENT,
  `message_track_number` varchar(100) DEFAULT NULL,
  `message_name` varchar(100) DEFAULT NULL,
  `fk_approve_item_id` int(100) DEFAULT NULL,
  `message_record_key` int(100) DEFAULT NULL,
  `message_created_by` int(100) DEFAULT NULL,
  `message_last_modified_by` int(100) DEFAULT NULL,
  `message_created_date` date DEFAULT NULL,
  `message_last_modified_date` timestamp NULL DEFAULT CURRENT_TIMESTAMP,
  `message_deleted_date` date DEFAULT NULL,
  `message_is_thread_open` int(5) DEFAULT '1',
  `fk_status_id` int(100) DEFAULT NULL,
  `fk_approval_id` int(100) DEFAULT NULL,
  PRIMARY KEY (`message_id`),
  KEY `fk_approve_item_id` (`fk_approve_item_id`),
  CONSTRAINT `message_ibfk_1` FOREIGN KEY (`fk_approve_item_id`) REFERENCES `approve_item` (`approve_item_id`)
) ENGINE=InnoDB DEFAULT CHARSET=latin1;


DROP TABLE IF EXISTS `message_detail`;
CREATE TABLE `message_detail` (
  `message_detail_id` int(100) NOT NULL AUTO_INCREMENT,
  `message_detail_track_number` varchar(100) NOT NULL,
  `message_detail_name` varchar(100) NOT NULL,
  `fk_user_id` int(100) DEFAULT NULL,
  `message_detail_content` longtext,
  `fk_message_id` int(100) DEFAULT NULL,
  `message_detail_created_date` datetime DEFAULT NULL,
  `message_detail_last_modified_date` date DEFAULT NULL,
  `message_detail_deleted_date` date DEFAULT NULL,
  `message_detail_created_by` int(100) DEFAULT NULL,
  `message_detail_last_modified_by` timestamp NULL DEFAULT CURRENT_TIMESTAMP,
  `message_detail_is_reply` int(5) DEFAULT '0',
  `message_detail_replied_message_key` int(100) DEFAULT NULL,
  `fk_status_id` int(100) DEFAULT NULL,
  `fk_approval_id` int(100) DEFAULT NULL,
  PRIMARY KEY (`message_detail_id`),
  KEY `fk_message_detail_message1_idx` (`fk_message_id`),
  CONSTRAINT `fk_message_detail_message1` FOREIGN KEY (`fk_message_id`) REFERENCES `message` (`message_id`) ON DELETE NO ACTION ON UPDATE NO ACTION
) ENGINE=InnoDB DEFAULT CHARSET=latin1;


DROP TABLE IF EXISTS `month`;
CREATE TABLE `month` (
  `month_id` int(11) NOT NULL AUTO_INCREMENT,
  `month_track_number` varchar(100) NOT NULL,
  `month_number` int(5) NOT NULL,
  `month_name` varchar(50) NOT NULL,
  `month_order` int(5) NOT NULL DEFAULT '0',
  `fk_status_id` int(100) NOT NULL,
  `month_created_by` int(100) NOT NULL,
  `month_last_modified_by` int(100) NOT NULL,
  `month_created_date` date NOT NULL,
  `month_last_modified_date` date NOT NULL,
  `fk_approval_id` int(100) DEFAULT NULL,
  PRIMARY KEY (`month_id`),
  UNIQUE KEY `month_number` (`month_number`),
  UNIQUE KEY `month_order` (`month_order`)
) ENGINE=InnoDB DEFAULT CHARSET=latin1;

INSERT INTO `month` (`month_id`, `month_track_number`, `month_number`, `month_name`, `month_order`, `fk_status_id`, `month_created_by`, `month_last_modified_by`, `month_created_date`, `month_last_modified_date`, `fk_approval_id`) VALUES
(5,	'MOTH-7084',	1,	'January',	1,	61,	1,	1,	'2020-01-18',	'0000-00-00',	551),
(6,	'MOTH-37428',	2,	'February',	2,	61,	1,	1,	'2020-01-18',	'0000-00-00',	552),
(7,	'MOTH-39917',	3,	'March',	3,	61,	1,	1,	'2020-01-18',	'0000-00-00',	553),
(8,	'MOTH-13132',	4,	'April',	4,	61,	1,	1,	'2020-01-18',	'0000-00-00',	554),
(10,	'MOTH-69289',	5,	'May',	5,	61,	1,	1,	'2020-01-18',	'0000-00-00',	556),
(11,	'MOTH-32857',	6,	'June',	6,	61,	1,	1,	'2020-01-18',	'0000-00-00',	557),
(12,	'MOTH-74947',	7,	'July',	7,	61,	1,	1,	'2020-01-18',	'0000-00-00',	558),
(13,	'MOTH-16217',	8,	'August',	8,	61,	1,	1,	'2020-01-18',	'0000-00-00',	559),
(14,	'MOTH-69410',	9,	'September',	9,	61,	1,	1,	'2020-01-18',	'0000-00-00',	560),
(15,	'MOTH-3346',	10,	'October',	10,	61,	1,	1,	'2020-01-18',	'0000-00-00',	561),
(16,	'MOTH-5851',	11,	'November',	11,	61,	1,	1,	'2020-01-18',	'0000-00-00',	562),
(17,	'MOTH-27020',	12,	'December',	12,	61,	1,	1,	'2020-01-18',	'0000-00-00',	563);

DROP TABLE IF EXISTS `office`;
CREATE TABLE `office` (
  `office_id` int(100) NOT NULL AUTO_INCREMENT,
  `office_track_number` varchar(100) DEFAULT NULL,
  `office_name` varchar(45) NOT NULL,
  `office_description` longtext NOT NULL,
  `office_code` varchar(45) NOT NULL,
  `fk_context_definition_id` int(100) NOT NULL,
  `office_start_date` date NOT NULL,
  `office_end_date` date NOT NULL,
  `office_is_active` int(5) NOT NULL DEFAULT '0',
  `fk_account_system_id` int(100) NOT NULL DEFAULT '1',
  `office_created_by` int(100) NOT NULL,
  `office_created_date` date NOT NULL,
  `office_last_modified_date` date NOT NULL,
  `office_last_modified_by` int(100) NOT NULL,
  `fk_approval_id` int(11) DEFAULT NULL,
  `fk_status_id` int(11) DEFAULT NULL,
  PRIMARY KEY (`office_id`),
  KEY `fk_approval_id` (`fk_approval_id`),
  KEY `fk_status_id` (`fk_status_id`),
  KEY `fk_center_group_hierarchy_id` (`fk_context_definition_id`),
  KEY `fk_account_system_id` (`fk_account_system_id`),
  CONSTRAINT `office_ibfk_1` FOREIGN KEY (`fk_approval_id`) REFERENCES `approval` (`approval_id`),
  CONSTRAINT `office_ibfk_2` FOREIGN KEY (`fk_status_id`) REFERENCES `status` (`status_id`),
  CONSTRAINT `office_ibfk_3` FOREIGN KEY (`fk_context_definition_id`) REFERENCES `context_definition` (`context_definition_id`),
  CONSTRAINT `office_ibfk_4` FOREIGN KEY (`fk_account_system_id`) REFERENCES `account_system` (`account_system_id`)
) ENGINE=InnoDB DEFAULT CHARSET=latin1 COMMENT='This table list all the remote sites for the organization';

INSERT INTO `office` (`office_id`, `office_track_number`, `office_name`, `office_description`, `office_code`, `fk_context_definition_id`, `office_start_date`, `office_end_date`, `office_is_active`, `fk_account_system_id`, `office_created_by`, `office_created_date`, `office_last_modified_date`, `office_last_modified_by`, `fk_approval_id`, `fk_status_id`) VALUES
(18,	'CEER-5952',	'Kenya Head Office',	'',	'KE',	10,	'2019-10-17',	'0000-00-00',	1,	1,	1,	'2019-12-03',	'0000-00-00',	1,	433,	45),
(21,	'OFCE-10254',	'Global Office ',	'',	'G001',	12,	'1990-10-11',	'0000-00-00',	1,	1,	1,	'2019-12-08',	'0000-00-00',	1,	442,	45),
(22,	'OFCE-18309',	'Africa Region Office',	'',	'AFR',	11,	'1979-06-06',	'0000-00-00',	1,	1,	1,	'2019-12-13',	'0000-00-00',	1,	448,	45),
(25,	'OFCE-67461',	'Lower Eastern and Coast Cohort',	'Lower Eastern and Coast Cohort',	'KE-C001',	9,	'2020-01-01',	'0000-00-00',	1,	2,	1,	'2020-03-23',	'0000-00-00',	1,	2307,	45),
(26,	'OFCE-24115',	'Malindi-Kilifi Cluster',	'Malindi-Kilifi Cluster',	'KE-CS-001',	8,	'2020-01-01',	'0000-00-00',	1,	2,	1,	'2020-03-23',	'0000-00-00',	1,	2310,	45),
(27,	'OFCE-89667',	'GRC Shingila CDC',	'GRC Shingila CDC',	'KE0347',	13,	'2020-03-01',	'0000-00-00',	1,	2,	1,	'2020-03-23',	'0000-00-00',	1,	2313,	45),
(28,	'OFCE-48531',	'Mtondia PEFA CDC',	'Mtondia PEFA CDC',	'KE0530',	13,	'2020-03-01',	'0000-00-00',	1,	2,	1,	'2020-03-24',	'0000-00-00',	1,	2316,	45),
(29,	'OFCE-20349',	'St. Andrews ACK Malindi',	'St. Andrews ACK Malindi',	'KE0623',	13,	'2020-03-01',	'0000-00-00',	1,	2,	1,	'2020-03-24',	'0000-00-00',	1,	2319,	45);

DROP TABLE IF EXISTS `office_bank`;
CREATE TABLE `office_bank` (
  `office_bank_id` int(100) NOT NULL AUTO_INCREMENT,
  `office_bank_track_number` varchar(100) DEFAULT NULL,
  `office_bank_name` varchar(100) DEFAULT NULL,
  `office_bank_account_number` varchar(100) DEFAULT NULL,
  `fk_office_id` int(100) DEFAULT NULL,
  `fk_bank_branch_id` int(100) DEFAULT NULL,
  `office_bank_is_active` int(5) DEFAULT '1',
  `office_bank_created_date` date DEFAULT NULL,
  `office_bank_created_by` int(100) DEFAULT NULL,
  `office_bank_last_modified_date` timestamp NULL DEFAULT NULL,
  `office_bank_last_modified_by` int(100) DEFAULT NULL,
  `fk_approval_id` int(100) DEFAULT NULL,
  `fk_status_id` int(100) DEFAULT NULL,
  PRIMARY KEY (`office_bank_id`),
  KEY `fk_office_id` (`fk_office_id`),
  CONSTRAINT `office_bank_ibfk_1` FOREIGN KEY (`fk_office_id`) REFERENCES `office` (`office_id`)
) ENGINE=InnoDB DEFAULT CHARSET=latin1;

INSERT INTO `office_bank` (`office_bank_id`, `office_bank_track_number`, `office_bank_name`, `office_bank_account_number`, `fk_office_id`, `fk_bank_branch_id`, `office_bank_is_active`, `office_bank_created_date`, `office_bank_created_by`, `office_bank_last_modified_date`, `office_bank_last_modified_by`, `fk_approval_id`, `fk_status_id`) VALUES
(1,	'OFNK-44428',	'St. Andrews Bank Account 1',	'110298377646',	29,	2,	1,	'2020-03-24',	1,	NULL,	1,	2332,	344),
(2,	'OFNK-7442',	'St. Andrews ACK Equity Account',	'0118763037474',	29,	7,	1,	'2020-03-24',	1,	NULL,	1,	2335,	344);

DROP TABLE IF EXISTS `opening_allocation_balance`;
CREATE TABLE `opening_allocation_balance` (
  `opening_allocation_balance_id` int(100) NOT NULL AUTO_INCREMENT,
  `fk_system_opening_balance_id` int(100) NOT NULL,
  `opening_allocation_balance_track_number` varchar(100) NOT NULL,
  `opening_allocation_balance_name` varchar(100) NOT NULL,
  `fk_project_allocation_id` int(100) NOT NULL,
  `opening_allocation_balance_amount` decimal(10,2) NOT NULL,
  `opening_allocation_balance_created_date` date DEFAULT NULL,
  `opening_allocation_balance_created_by` int(100) DEFAULT NULL,
  `opening_allocation_balance_last_modified_by` int(100) DEFAULT NULL,
  `opening_allocation_balance_last_modified_date` date DEFAULT NULL,
  `fk_approval_id` int(100) DEFAULT NULL,
  `fk_status_id` int(100) DEFAULT NULL,
  PRIMARY KEY (`opening_allocation_balance_id`),
  KEY `system_opening_balance_id` (`fk_system_opening_balance_id`),
  KEY `fk_project_allocation_id` (`fk_project_allocation_id`),
  CONSTRAINT `opening_allocation_balance_ibfk_1` FOREIGN KEY (`fk_system_opening_balance_id`) REFERENCES `system_opening_balance` (`system_opening_balance_id`),
  CONSTRAINT `opening_allocation_balance_ibfk_2` FOREIGN KEY (`fk_project_allocation_id`) REFERENCES `project_allocation` (`project_allocation_id`)
) ENGINE=InnoDB DEFAULT CHARSET=latin1;


DROP TABLE IF EXISTS `opening_cash_balance`;
CREATE TABLE `opening_cash_balance` (
  `opening_cash_balance_id` int(100) NOT NULL AUTO_INCREMENT,
  `fk_system_opening_balance_id` int(100) NOT NULL,
  `opening_cash_balance_track_number` varchar(100) NOT NULL,
  `opening_cash_balance_name` varchar(100) NOT NULL,
  `opening_cash_balance_bank` decimal(10,2) NOT NULL DEFAULT '0.00',
  `opening_cash_balance_cash` decimal(10,2) NOT NULL DEFAULT '0.00',
  `opening_cash_balance_created_date` date DEFAULT NULL,
  `opening_cash_balance_created_by` int(100) DEFAULT NULL,
  `opening_cash_balance_last_modified_by` int(100) DEFAULT NULL,
  `opening_cash_balance_last_modified_date` date DEFAULT NULL,
  `fk_approval_id` int(100) DEFAULT NULL,
  `fk_status_id` int(100) DEFAULT NULL,
  PRIMARY KEY (`opening_cash_balance_id`),
  KEY `fk_system_opening_balance_id` (`fk_system_opening_balance_id`),
  CONSTRAINT `opening_cash_balance_ibfk_1` FOREIGN KEY (`fk_system_opening_balance_id`) REFERENCES `system_opening_balance` (`system_opening_balance_id`)
) ENGINE=InnoDB DEFAULT CHARSET=latin1;


DROP TABLE IF EXISTS `opening_deposit_transit`;
CREATE TABLE `opening_deposit_transit` (
  `opening_deposit_transit_id` int(100) NOT NULL AUTO_INCREMENT,
  `opening_deposit_transit_track_number` varchar(100) NOT NULL,
  `opening_deposit_transit_name` varchar(100) NOT NULL,
  `fk_system_opening_balance_id` int(100) NOT NULL,
  `opening_deposit_transit_date` date NOT NULL,
  `opening_deposit_transit_description` longtext NOT NULL,
  `opening_deposit_transit_amount` decimal(10,2) NOT NULL,
  `opening_deposit_transit_is_cleared` int(5) NOT NULL DEFAULT '0',
  `opening_deposit_transit_cleared_date` date NOT NULL,
  `opening_deposit_transit_created_date` date DEFAULT NULL,
  `opening_deposit_transit_created_by` int(100) DEFAULT NULL,
  `opening_deposit_transit_last_modified_by` int(100) DEFAULT NULL,
  `opening_deposit_transit_last_modified_date` date DEFAULT NULL,
  `fk_approval_id` int(100) DEFAULT NULL,
  `fk_status_id` int(100) DEFAULT NULL,
  PRIMARY KEY (`opening_deposit_transit_id`),
  KEY `fk_system_opening_balance_id` (`fk_system_opening_balance_id`),
  CONSTRAINT `opening_deposit_transit_ibfk_1` FOREIGN KEY (`fk_system_opening_balance_id`) REFERENCES `system_opening_balance` (`system_opening_balance_id`)
) ENGINE=InnoDB DEFAULT CHARSET=latin1;


DROP TABLE IF EXISTS `opening_fund_balance`;
CREATE TABLE `opening_fund_balance` (
  `opening_fund_balance_id` int(100) NOT NULL AUTO_INCREMENT,
  `fk_system_opening_balance_id` int(100) NOT NULL,
  `opening_fund_balance_track_number` varchar(100) NOT NULL,
  `opening_fund_balance_name` varchar(100) NOT NULL,
  `fk_income_account_id` int(11) NOT NULL,
  `opening_fund_balance_amount` decimal(10,2) NOT NULL,
  `opening_fund_balance_created_date` date DEFAULT NULL,
  `opening_fund_balance_created_by` int(100) DEFAULT NULL,
  `opening_fund_balance_last_modified_by` int(100) DEFAULT NULL,
  `opening_fund_balance_last_modified_date` date DEFAULT NULL,
  `fk_approval_id` int(100) DEFAULT NULL,
  `fk_status_id` int(100) DEFAULT NULL,
  PRIMARY KEY (`opening_fund_balance_id`),
  KEY `fk_system_opening_balance_id` (`fk_system_opening_balance_id`),
  KEY `fk_income_account_id` (`fk_income_account_id`),
  CONSTRAINT `opening_fund_balance_ibfk_1` FOREIGN KEY (`fk_system_opening_balance_id`) REFERENCES `system_opening_balance` (`system_opening_balance_id`),
  CONSTRAINT `opening_fund_balance_ibfk_2` FOREIGN KEY (`fk_income_account_id`) REFERENCES `income_account` (`income_account_id`)
) ENGINE=InnoDB DEFAULT CHARSET=latin1;


DROP TABLE IF EXISTS `opening_outstanding_cheque`;
CREATE TABLE `opening_outstanding_cheque` (
  `opening_outstanding_cheque_id` int(100) NOT NULL AUTO_INCREMENT,
  `opening_outstanding_cheque_name` varchar(100) NOT NULL,
  `opening_outstanding_cheque_track_number` varchar(100) NOT NULL,
  `opening_outstanding_cheque_description` longtext NOT NULL,
  `opening_outstanding_cheque_date` date NOT NULL,
  `fk_system_opening_balance_id` int(100) NOT NULL,
  `opening_outstanding_cheque_number` int(50) NOT NULL,
  `opening_outstanding_cheque_amount` decimal(10,2) NOT NULL,
  `opening_outstanding_cheque_is_cleared` int(5) NOT NULL DEFAULT '0',
  `opening_outstanding_cheque_cleared_date` date NOT NULL,
  `opening_outstanding_cheque_created_date` date DEFAULT NULL,
  `opening_outstanding_cheque_created_by` int(100) DEFAULT NULL,
  `opening_outstanding_cheque_last_modified_by` int(100) DEFAULT NULL,
  `opening_outstanding_cheque_last_modified_date` date DEFAULT NULL,
  `fk_approval_id` int(100) DEFAULT NULL,
  `fk_status_id` int(100) DEFAULT NULL,
  PRIMARY KEY (`opening_outstanding_cheque_id`),
  KEY `fk_system_opening_balance_id` (`fk_system_opening_balance_id`),
  CONSTRAINT `opening_outstanding_cheque_ibfk_1` FOREIGN KEY (`fk_system_opening_balance_id`) REFERENCES `system_opening_balance` (`system_opening_balance_id`),
  CONSTRAINT `opening_outstanding_cheque_ibfk_2` FOREIGN KEY (`fk_system_opening_balance_id`) REFERENCES `system_opening_balance` (`system_opening_balance_id`)
) ENGINE=InnoDB DEFAULT CHARSET=latin1;


DROP TABLE IF EXISTS `page_view`;
CREATE TABLE `page_view` (
  `page_view_id` int(100) NOT NULL AUTO_INCREMENT,
  `page_view_track_number` varchar(100) NOT NULL,
  `page_view_name` varchar(100) NOT NULL,
  `page_view_description` longtext NOT NULL,
  `fk_menu_id` int(100) NOT NULL,
  `page_view_is_default` int(5) NOT NULL DEFAULT '0' COMMENT 'System Admin default ',
  `page_view_created_date` date NOT NULL,
  `page_view_last_modified_date` timestamp NOT NULL DEFAULT CURRENT_TIMESTAMP,
  `page_view_created_by` int(100) NOT NULL,
  `page_view_last_modified_by` int(100) NOT NULL,
  `fk_approval_id` int(11) NOT NULL,
  `fk_status_id` int(11) NOT NULL,
  PRIMARY KEY (`page_view_id`),
  KEY `fk_approval_id` (`fk_approval_id`),
  KEY `fk_status_id` (`fk_status_id`),
  KEY `fk_menu_id` (`fk_menu_id`),
  CONSTRAINT `page_view_ibfk_1` FOREIGN KEY (`fk_approval_id`) REFERENCES `approval` (`approval_id`),
  CONSTRAINT `page_view_ibfk_2` FOREIGN KEY (`fk_status_id`) REFERENCES `status` (`status_id`),
  CONSTRAINT `page_view_ibfk_3` FOREIGN KEY (`fk_menu_id`) REFERENCES `menu` (`menu_id`)
) ENGINE=InnoDB DEFAULT CHARSET=latin1;


DROP TABLE IF EXISTS `page_view_condition`;
CREATE TABLE `page_view_condition` (
  `page_view_condition_id` int(100) NOT NULL AUTO_INCREMENT,
  `page_view_condition_track_number` varchar(100) NOT NULL,
  `page_view_condition_name` varchar(100) DEFAULT NULL,
  `page_view_condition_field` varchar(100) NOT NULL,
  `page_view_condition_operator` varchar(50) NOT NULL,
  `page_view_condition_value` varchar(100) NOT NULL,
  `fk_page_view_id` int(100) NOT NULL,
  `page_view_condition_created_date` date NOT NULL,
  `page_view_condition_last_modified_date` timestamp NOT NULL DEFAULT CURRENT_TIMESTAMP,
  `page_view_condition_created_by` int(100) NOT NULL,
  `page_view_condition_last_modified_by` int(100) NOT NULL,
  `fk_approval_id` int(11) DEFAULT NULL,
  `fk_status_id` int(11) DEFAULT NULL,
  PRIMARY KEY (`page_view_condition_id`),
  KEY `fk_approval_id` (`fk_approval_id`),
  KEY `fk_status_id` (`fk_status_id`),
  KEY `fk_page_view_id` (`fk_page_view_id`),
  CONSTRAINT `page_view_condition_ibfk_3` FOREIGN KEY (`fk_page_view_id`) REFERENCES `page_view` (`page_view_id`)
) ENGINE=InnoDB DEFAULT CHARSET=latin1;


DROP TABLE IF EXISTS `page_view_role`;
CREATE TABLE `page_view_role` (
  `page_view_role_id` int(100) NOT NULL AUTO_INCREMENT,
  `page_view_role_track_number` varchar(100) NOT NULL,
  `page_view_role_name` varchar(100) DEFAULT NULL,
  `page_view_role_is_default` int(5) DEFAULT '0',
  `fk_page_view_id` int(100) DEFAULT NULL,
  `fk_role_id` int(100) DEFAULT NULL,
  `page_view_role_created_date` date NOT NULL,
  `page_view_role_last_modified_date` timestamp NOT NULL DEFAULT CURRENT_TIMESTAMP,
  `page_view_role_created_by` int(100) NOT NULL,
  `page_view_role_last_modified_by` int(100) NOT NULL,
  `fk_approval_id` int(11) NOT NULL,
  `fk_status_id` int(11) NOT NULL,
  PRIMARY KEY (`page_view_role_id`),
  KEY `fk_page_view_id` (`fk_page_view_id`),
  KEY `fk_role_id` (`fk_role_id`),
  KEY `fk_approval_id` (`fk_approval_id`),
  KEY `fk_status_id` (`fk_status_id`),
  CONSTRAINT `page_view_role_ibfk_1` FOREIGN KEY (`fk_page_view_id`) REFERENCES `page_view` (`page_view_id`),
  CONSTRAINT `page_view_role_ibfk_2` FOREIGN KEY (`fk_role_id`) REFERENCES `role` (`role_id`),
  CONSTRAINT `page_view_role_ibfk_3` FOREIGN KEY (`fk_approval_id`) REFERENCES `approval` (`approval_id`),
  CONSTRAINT `page_view_role_ibfk_4` FOREIGN KEY (`fk_status_id`) REFERENCES `status` (`status_id`)
) ENGINE=InnoDB DEFAULT CHARSET=latin1;


DROP TABLE IF EXISTS `permission`;
CREATE TABLE `permission` (
  `permission_id` int(11) NOT NULL AUTO_INCREMENT,
  `permission_track_number` varchar(100) NOT NULL,
  `permission_name` varchar(100) NOT NULL,
  `permission_description` longtext NOT NULL,
  `permission_is_active` int(5) NOT NULL,
  `fk_permission_label_id` int(100) NOT NULL,
  `permission_type` int(5) NOT NULL DEFAULT '1' COMMENT 'Type 1 = Page Access, 2 = Field Access',
  `permission_field` varchar(100) NOT NULL,
  `fk_menu_id` int(100) DEFAULT NULL,
  `fk_approval_id` int(11) DEFAULT NULL,
  `fk_status_id` int(11) DEFAULT NULL,
  `permission_created_date` date DEFAULT NULL,
  `permission_created_by` int(100) DEFAULT NULL,
  `permission_deleted_at` date DEFAULT NULL,
  `permission_last_modified_date` timestamp NULL DEFAULT CURRENT_TIMESTAMP,
  `permission_last_modified_by` int(100) DEFAULT NULL,
  PRIMARY KEY (`permission_id`),
  KEY `fk_menu_id` (`fk_menu_id`),
  KEY `fk_permission_label_id` (`fk_permission_label_id`),
  KEY `fk_approval_id` (`fk_approval_id`),
  KEY `fk_status_id` (`fk_status_id`),
  CONSTRAINT `permission_ibfk_1` FOREIGN KEY (`fk_approval_id`) REFERENCES `approval` (`approval_id`) ON DELETE CASCADE,
  CONSTRAINT `permission_ibfk_4` FOREIGN KEY (`fk_menu_id`) REFERENCES `menu` (`menu_id`) ON DELETE CASCADE,
  CONSTRAINT `permission_ibfk_5` FOREIGN KEY (`fk_permission_label_id`) REFERENCES `permission_label` (`permission_label_id`) ON DELETE CASCADE,
  CONSTRAINT `permission_ibfk_6` FOREIGN KEY (`fk_approval_id`) REFERENCES `approval` (`approval_id`) ON DELETE CASCADE,
  CONSTRAINT `permission_ibfk_7` FOREIGN KEY (`fk_status_id`) REFERENCES `status` (`status_id`) ON DELETE CASCADE
) ENGINE=InnoDB DEFAULT CHARSET=latin1;

INSERT INTO `permission` (`permission_id`, `permission_track_number`, `permission_name`, `permission_description`, `permission_is_active`, `fk_permission_label_id`, `permission_type`, `permission_field`, `fk_menu_id`, `fk_approval_id`, `fk_status_id`, `permission_created_date`, `permission_created_by`, `permission_deleted_at`, `permission_last_modified_date`, `permission_last_modified_by`) VALUES
(1641,	'PEON-41870',	'Create Approval',	'Create Approval',	1,	1,	1,	'0',	380,	2097,	353,	'2020-03-23',	1,	NULL,	'2020-03-23 17:45:46',	1),
(1642,	'PEON-18328',	'Read Approval',	'Read Approval',	1,	2,	1,	'0',	380,	2098,	353,	'2020-03-23',	1,	NULL,	'2020-03-23 17:45:46',	1),
(1643,	'PEON-33210',	'Update Approval',	'Update Approval',	1,	3,	1,	'0',	380,	2099,	353,	'2020-03-23',	1,	NULL,	'2020-03-23 17:45:46',	1),
(1644,	'PEON-52725',	'Delete Approval',	'Delete Approval',	1,	4,	1,	'0',	380,	2100,	353,	'2020-03-23',	1,	NULL,	'2020-03-23 17:45:46',	1),
(1645,	'PEON-78772',	'Create Bank',	'Create Bank',	1,	1,	1,	'0',	381,	2101,	353,	'2020-03-23',	1,	NULL,	'2020-03-23 17:45:46',	1),
(1646,	'PEON-84398',	'Read Bank',	'Read Bank',	1,	2,	1,	'0',	381,	2102,	353,	'2020-03-23',	1,	NULL,	'2020-03-23 17:45:46',	1),
(1647,	'PEON-17457',	'Update Bank',	'Update Bank',	1,	3,	1,	'0',	381,	2103,	353,	'2020-03-23',	1,	NULL,	'2020-03-23 17:45:46',	1),
(1648,	'PEON-27731',	'Delete Bank',	'Delete Bank',	1,	4,	1,	'0',	381,	2104,	353,	'2020-03-23',	1,	NULL,	'2020-03-23 17:45:46',	1),
(1649,	'PEON-60613',	'Create Budget',	'Create Budget',	1,	1,	1,	'0',	382,	2105,	353,	'2020-03-23',	1,	NULL,	'2020-03-23 17:45:46',	1),
(1650,	'PEON-78634',	'Read Budget',	'Read Budget',	1,	2,	1,	'0',	382,	2106,	353,	'2020-03-23',	1,	NULL,	'2020-03-23 17:45:46',	1),
(1651,	'PEON-40372',	'Update Budget',	'Update Budget',	1,	3,	1,	'0',	382,	2107,	353,	'2020-03-23',	1,	NULL,	'2020-03-23 17:45:46',	1),
(1652,	'PEON-78614',	'Delete Budget',	'Delete Budget',	1,	4,	1,	'0',	382,	2108,	353,	'2020-03-23',	1,	NULL,	'2020-03-23 17:45:46',	1),
(1653,	'PEON-34535',	'Create Dashboard',	'Create Dashboard',	1,	1,	1,	'0',	384,	2109,	353,	'2020-03-23',	1,	NULL,	'2020-03-23 17:45:46',	1),
(1654,	'PEON-62419',	'Read Dashboard',	'Read Dashboard',	1,	2,	1,	'0',	384,	2110,	353,	'2020-03-23',	1,	NULL,	'2020-03-23 17:45:46',	1),
(1655,	'PEON-56655',	'Update Dashboard',	'Update Dashboard',	1,	3,	1,	'0',	384,	2111,	353,	'2020-03-23',	1,	NULL,	'2020-03-23 17:45:46',	1),
(1656,	'PEON-33132',	'Delete Dashboard',	'Delete Dashboard',	1,	4,	1,	'0',	384,	2112,	353,	'2020-03-23',	1,	NULL,	'2020-03-23 17:45:46',	1),
(1657,	'PEON-79582',	'Create Funder',	'Create Funder',	1,	1,	1,	'0',	385,	2113,	353,	'2020-03-23',	1,	NULL,	'2020-03-23 17:45:47',	1),
(1658,	'PEON-34922',	'Read Funder',	'Read Funder',	1,	2,	1,	'0',	385,	2114,	353,	'2020-03-23',	1,	NULL,	'2020-03-23 17:45:47',	1),
(1659,	'PEON-89230',	'Update Funder',	'Update Funder',	1,	3,	1,	'0',	385,	2115,	353,	'2020-03-23',	1,	NULL,	'2020-03-23 17:45:47',	1),
(1660,	'PEON-42829',	'Delete Funder',	'Delete Funder',	1,	4,	1,	'0',	385,	2116,	353,	'2020-03-23',	1,	NULL,	'2020-03-23 17:45:47',	1),
(1661,	'PEON-74423',	'Create Journal',	'Create Journal',	1,	1,	1,	'0',	386,	2117,	353,	'2020-03-23',	1,	NULL,	'2020-03-23 17:45:47',	1),
(1662,	'PEON-38936',	'Read Journal',	'Read Journal',	1,	2,	1,	'0',	386,	2118,	353,	'2020-03-23',	1,	NULL,	'2020-03-23 17:45:47',	1),
(1663,	'PEON-52259',	'Update Journal',	'Update Journal',	1,	3,	1,	'0',	386,	2119,	353,	'2020-03-23',	1,	NULL,	'2020-03-23 17:45:47',	1),
(1664,	'PEON-6324',	'Delete Journal',	'Delete Journal',	1,	4,	1,	'0',	386,	2120,	353,	'2020-03-23',	1,	NULL,	'2020-03-23 17:45:47',	1),
(1665,	'PEON-78826',	'Create Permission label',	'Create Permission label',	1,	1,	1,	'0',	390,	2121,	353,	'2020-03-23',	1,	NULL,	'2020-03-23 17:45:47',	1),
(1666,	'PEON-15309',	'Read Permission label',	'Read Permission label',	1,	2,	1,	'0',	390,	2122,	353,	'2020-03-23',	1,	NULL,	'2020-03-23 17:45:47',	1),
(1667,	'PEON-21782',	'Update Permission label',	'Update Permission label',	1,	3,	1,	'0',	390,	2123,	353,	'2020-03-23',	1,	NULL,	'2020-03-23 17:45:47',	1),
(1668,	'PEON-81480',	'Delete Permission label',	'Delete Permission label',	1,	4,	1,	'0',	390,	2124,	353,	'2020-03-23',	1,	NULL,	'2020-03-23 17:45:47',	1),
(1669,	'PEON-70411',	'Create Project allocation',	'Create Project allocation',	1,	1,	1,	'0',	391,	2125,	353,	'2020-03-23',	1,	NULL,	'2020-03-23 17:45:47',	1),
(1670,	'PEON-59228',	'Read Project allocation',	'Read Project allocation',	1,	2,	1,	'0',	391,	2126,	353,	'2020-03-23',	1,	NULL,	'2020-03-23 17:45:47',	1),
(1671,	'PEON-31827',	'Update Project allocation',	'Update Project allocation',	1,	3,	1,	'0',	391,	2127,	353,	'2020-03-23',	1,	NULL,	'2020-03-23 17:45:47',	1),
(1672,	'PEON-35275',	'Delete Project allocation',	'Delete Project allocation',	1,	4,	1,	'0',	391,	2128,	353,	'2020-03-23',	1,	NULL,	'2020-03-23 17:45:47',	1),
(1673,	'PEON-45128',	'Create Request',	'Create Request',	1,	1,	1,	'0',	392,	2129,	353,	'2020-03-23',	1,	NULL,	'2020-03-23 17:45:47',	1),
(1674,	'PEON-47089',	'Read Request',	'Read Request',	1,	2,	1,	'0',	392,	2130,	353,	'2020-03-23',	1,	NULL,	'2020-03-23 17:45:47',	1),
(1675,	'PEON-47937',	'Update Request',	'Update Request',	1,	3,	1,	'0',	392,	2131,	353,	'2020-03-23',	1,	NULL,	'2020-03-23 17:45:47',	1),
(1676,	'PEON-10077',	'Delete Request',	'Delete Request',	1,	4,	1,	'0',	392,	2132,	353,	'2020-03-23',	1,	NULL,	'2020-03-23 17:45:47',	1),
(1677,	'PEON-51914',	'Create Role',	'Create Role',	1,	1,	1,	'0',	393,	2133,	353,	'2020-03-23',	1,	NULL,	'2020-03-23 17:45:47',	1),
(1678,	'PEON-12017',	'Read Role',	'Read Role',	1,	2,	1,	'0',	393,	2134,	353,	'2020-03-23',	1,	NULL,	'2020-03-23 17:45:47',	1),
(1679,	'PEON-59298',	'Update Role',	'Update Role',	1,	3,	1,	'0',	393,	2135,	353,	'2020-03-23',	1,	NULL,	'2020-03-23 17:45:47',	1),
(1680,	'PEON-73271',	'Delete Role',	'Delete Role',	1,	4,	1,	'0',	393,	2136,	353,	'2020-03-23',	1,	NULL,	'2020-03-23 17:45:47',	1),
(1681,	'PEON-83461',	'Create Voucher',	'Create Voucher',	1,	1,	1,	'0',	397,	2137,	353,	'2020-03-23',	1,	NULL,	'2020-03-23 17:45:47',	1),
(1682,	'PEON-28489',	'Read Voucher',	'Read Voucher',	1,	2,	1,	'0',	397,	2138,	353,	'2020-03-23',	1,	NULL,	'2020-03-23 17:45:47',	1),
(1683,	'PEON-81800',	'Update Voucher',	'Update Voucher',	1,	3,	1,	'0',	397,	2139,	353,	'2020-03-23',	1,	NULL,	'2020-03-23 17:45:47',	1),
(1684,	'PEON-13979',	'Delete Voucher',	'Delete Voucher',	1,	4,	1,	'0',	397,	2140,	353,	'2020-03-23',	1,	NULL,	'2020-03-23 17:45:47',	1),
(1685,	'PEON-40430',	'Create Workplan',	'Create Workplan',	1,	1,	1,	'0',	398,	2141,	353,	'2020-03-23',	1,	NULL,	'2020-03-23 17:45:47',	1),
(1686,	'PEON-28350',	'Read Workplan',	'Read Workplan',	1,	2,	1,	'0',	398,	2142,	353,	'2020-03-23',	1,	NULL,	'2020-03-23 17:45:47',	1),
(1687,	'PEON-14690',	'Update Workplan',	'Update Workplan',	1,	3,	1,	'0',	398,	2143,	353,	'2020-03-23',	1,	NULL,	'2020-03-23 17:45:47',	1),
(1688,	'PEON-68448',	'Delete Workplan',	'Delete Workplan',	1,	4,	1,	'0',	398,	2144,	353,	'2020-03-23',	1,	NULL,	'2020-03-23 17:45:47',	1),
(1689,	'PEON-89443',	'Create User',	'Create User',	1,	1,	1,	'0',	400,	2145,	353,	'2020-03-23',	1,	NULL,	'2020-03-23 17:45:47',	1),
(1690,	'PEON-25207',	'Read User',	'Read User',	1,	2,	1,	'0',	400,	2146,	353,	'2020-03-23',	1,	NULL,	'2020-03-23 17:45:47',	1),
(1691,	'PEON-56592',	'Update User',	'Update User',	1,	3,	1,	'0',	400,	2147,	353,	'2020-03-23',	1,	NULL,	'2020-03-23 17:45:47',	1),
(1692,	'PEON-81888',	'Delete User',	'Delete User',	1,	4,	1,	'0',	400,	2148,	353,	'2020-03-23',	1,	NULL,	'2020-03-23 17:45:47',	1),
(1693,	'PEON-38673',	'Create Menu user order',	'Create Menu user order',	1,	1,	1,	'0',	470,	2149,	353,	'2020-03-23',	1,	NULL,	'2020-03-23 17:45:47',	1),
(1694,	'PEON-13251',	'Read Menu user order',	'Read Menu user order',	1,	2,	1,	'0',	470,	2150,	353,	'2020-03-23',	1,	NULL,	'2020-03-23 17:45:47',	1),
(1695,	'PEON-80964',	'Update Menu user order',	'Update Menu user order',	1,	3,	1,	'0',	470,	2151,	353,	'2020-03-23',	1,	NULL,	'2020-03-23 17:45:47',	1),
(1696,	'PEON-65978',	'Delete Menu user order',	'Delete Menu user order',	1,	4,	1,	'0',	470,	2152,	353,	'2020-03-23',	1,	NULL,	'2020-03-23 17:45:47',	1),
(1697,	'PEON-73664',	'Create Bank branch',	'Create Bank branch',	1,	1,	1,	'0',	478,	2153,	353,	'2020-03-23',	1,	NULL,	'2020-03-23 17:45:47',	1),
(1698,	'PEON-39221',	'Read Bank branch',	'Read Bank branch',	1,	2,	1,	'0',	478,	2154,	353,	'2020-03-23',	1,	NULL,	'2020-03-23 17:45:47',	1),
(1699,	'PEON-47669',	'Update Bank branch',	'Update Bank branch',	1,	3,	1,	'0',	478,	2155,	353,	'2020-03-23',	1,	NULL,	'2020-03-23 17:45:47',	1),
(1700,	'PEON-33384',	'Delete Bank branch',	'Delete Bank branch',	1,	4,	1,	'0',	478,	2156,	353,	'2020-03-23',	1,	NULL,	'2020-03-23 17:45:48',	1),
(1701,	'PEON-42974',	'Create Department',	'Create Department',	1,	1,	1,	'0',	480,	2157,	353,	'2020-03-23',	1,	NULL,	'2020-03-23 17:45:48',	1),
(1702,	'PEON-86431',	'Read Department',	'Read Department',	1,	2,	1,	'0',	480,	2158,	353,	'2020-03-23',	1,	NULL,	'2020-03-23 17:45:48',	1),
(1703,	'PEON-32573',	'Update Department',	'Update Department',	1,	3,	1,	'0',	480,	2159,	353,	'2020-03-23',	1,	NULL,	'2020-03-23 17:45:48',	1),
(1704,	'PEON-47591',	'Delete Department',	'Delete Department',	1,	4,	1,	'0',	480,	2160,	353,	'2020-03-23',	1,	NULL,	'2020-03-23 17:45:48',	1),
(1705,	'PEON-61043',	'Create Designation',	'Create Designation',	1,	1,	1,	'0',	481,	2161,	353,	'2020-03-23',	1,	NULL,	'2020-03-23 17:45:48',	1),
(1706,	'PEON-46855',	'Read Designation',	'Read Designation',	1,	2,	1,	'0',	481,	2162,	353,	'2020-03-23',	1,	NULL,	'2020-03-23 17:45:48',	1),
(1707,	'PEON-83722',	'Update Designation',	'Update Designation',	1,	3,	1,	'0',	481,	2163,	353,	'2020-03-23',	1,	NULL,	'2020-03-23 17:45:48',	1),
(1708,	'PEON-64476',	'Delete Designation',	'Delete Designation',	1,	4,	1,	'0',	481,	2164,	353,	'2020-03-23',	1,	NULL,	'2020-03-23 17:45:48',	1),
(1709,	'PEON-88769',	'Create Expense account',	'Create Expense account',	1,	1,	1,	'0',	482,	2165,	353,	'2020-03-23',	1,	NULL,	'2020-03-23 17:45:48',	1),
(1710,	'PEON-79986',	'Read Expense account',	'Read Expense account',	1,	2,	1,	'0',	482,	2166,	353,	'2020-03-23',	1,	NULL,	'2020-03-23 17:45:48',	1),
(1711,	'PEON-40301',	'Update Expense account',	'Update Expense account',	1,	3,	1,	'0',	482,	2167,	353,	'2020-03-23',	1,	NULL,	'2020-03-23 17:45:48',	1),
(1712,	'PEON-2779',	'Delete Expense account',	'Delete Expense account',	1,	4,	1,	'0',	482,	2168,	353,	'2020-03-23',	1,	NULL,	'2020-03-23 17:45:48',	1),
(1713,	'PEON-27257',	'Create Funding status',	'Create Funding status',	1,	1,	1,	'0',	483,	2169,	353,	'2020-03-23',	1,	NULL,	'2020-03-23 17:45:48',	1),
(1714,	'PEON-59493',	'Read Funding status',	'Read Funding status',	1,	2,	1,	'0',	483,	2170,	353,	'2020-03-23',	1,	NULL,	'2020-03-23 17:45:48',	1),
(1715,	'PEON-28354',	'Update Funding status',	'Update Funding status',	1,	3,	1,	'0',	483,	2171,	353,	'2020-03-23',	1,	NULL,	'2020-03-23 17:45:48',	1),
(1716,	'PEON-61067',	'Delete Funding status',	'Delete Funding status',	1,	4,	1,	'0',	483,	2172,	353,	'2020-03-23',	1,	NULL,	'2020-03-23 17:45:48',	1),
(1717,	'PEON-14963',	'Create Project',	'Create Project',	1,	1,	1,	'0',	490,	2173,	353,	'2020-03-23',	1,	NULL,	'2020-03-23 17:45:48',	1),
(1718,	'PEON-42403',	'Read Project',	'Read Project',	1,	2,	1,	'0',	490,	2174,	353,	'2020-03-23',	1,	NULL,	'2020-03-23 17:45:48',	1),
(1719,	'PEON-6458',	'Update Project',	'Update Project',	1,	3,	1,	'0',	490,	2175,	353,	'2020-03-23',	1,	NULL,	'2020-03-23 17:45:48',	1),
(1720,	'PEON-18396',	'Delete Project',	'Delete Project',	1,	4,	1,	'0',	490,	2176,	353,	'2020-03-23',	1,	NULL,	'2020-03-23 17:45:48',	1),
(1721,	'PEON-63636',	'Create Page view',	'Create Page view',	1,	1,	1,	'0',	492,	2177,	353,	'2020-03-23',	1,	NULL,	'2020-03-23 17:45:48',	1),
(1722,	'PEON-15575',	'Read Page view',	'Read Page view',	1,	2,	1,	'0',	492,	2178,	353,	'2020-03-23',	1,	NULL,	'2020-03-23 17:45:48',	1),
(1723,	'PEON-24816',	'Update Page view',	'Update Page view',	1,	3,	1,	'0',	492,	2179,	353,	'2020-03-23',	1,	NULL,	'2020-03-23 17:45:48',	1),
(1724,	'PEON-24713',	'Delete Page view',	'Delete Page view',	1,	4,	1,	'0',	492,	2180,	353,	'2020-03-23',	1,	NULL,	'2020-03-23 17:45:48',	1),
(1725,	'PEON-88637',	'Create Request type',	'Create Request type',	1,	1,	1,	'0',	496,	2181,	353,	'2020-03-23',	1,	NULL,	'2020-03-23 17:45:48',	1),
(1726,	'PEON-32158',	'Read Request type',	'Read Request type',	1,	2,	1,	'0',	496,	2182,	353,	'2020-03-23',	1,	NULL,	'2020-03-23 17:45:48',	1),
(1727,	'PEON-46442',	'Update Request type',	'Update Request type',	1,	3,	1,	'0',	496,	2183,	353,	'2020-03-23',	1,	NULL,	'2020-03-23 17:45:48',	1),
(1728,	'PEON-46407',	'Delete Request type',	'Delete Request type',	1,	4,	1,	'0',	496,	2184,	353,	'2020-03-23',	1,	NULL,	'2020-03-23 17:45:48',	1),
(1729,	'PEON-78690',	'Create Language',	'Create Language',	1,	1,	1,	'0',	497,	2185,	353,	'2020-03-23',	1,	NULL,	'2020-03-23 17:45:48',	1),
(1730,	'PEON-88366',	'Read Language',	'Read Language',	1,	2,	1,	'0',	497,	2186,	353,	'2020-03-23',	1,	NULL,	'2020-03-23 17:45:48',	1),
(1731,	'PEON-20926',	'Update Language',	'Update Language',	1,	3,	1,	'0',	497,	2187,	353,	'2020-03-23',	1,	NULL,	'2020-03-23 17:45:48',	1),
(1732,	'PEON-81656',	'Delete Language',	'Delete Language',	1,	4,	1,	'0',	497,	2188,	353,	'2020-03-23',	1,	NULL,	'2020-03-23 17:45:48',	1),
(1733,	'PEON-31358',	'Create Setting',	'Create Setting',	1,	1,	1,	'0',	498,	2189,	353,	'2020-03-23',	1,	NULL,	'2020-03-23 17:45:48',	1),
(1734,	'PEON-23415',	'Read Setting',	'Read Setting',	1,	2,	1,	'0',	498,	2190,	353,	'2020-03-23',	1,	NULL,	'2020-03-23 17:45:48',	1),
(1735,	'PEON-85237',	'Update Setting',	'Update Setting',	1,	3,	1,	'0',	498,	2191,	353,	'2020-03-23',	1,	NULL,	'2020-03-23 17:45:48',	1),
(1736,	'PEON-79513',	'Delete Setting',	'Delete Setting',	1,	4,	1,	'0',	498,	2192,	353,	'2020-03-23',	1,	NULL,	'2020-03-23 17:45:48',	1),
(1737,	'PEON-88358',	'Create Income account',	'Create Income account',	1,	1,	1,	'0',	500,	2193,	353,	'2020-03-23',	1,	NULL,	'2020-03-23 17:45:48',	1),
(1738,	'PEON-44273',	'Read Income account',	'Read Income account',	1,	2,	1,	'0',	500,	2194,	353,	'2020-03-23',	1,	NULL,	'2020-03-23 17:45:48',	1),
(1739,	'PEON-72338',	'Update Income account',	'Update Income account',	1,	3,	1,	'0',	500,	2195,	353,	'2020-03-23',	1,	NULL,	'2020-03-23 17:45:48',	1),
(1740,	'PEON-76278',	'Delete Income account',	'Delete Income account',	1,	4,	1,	'0',	500,	2196,	353,	'2020-03-23',	1,	NULL,	'2020-03-23 17:45:49',	1),
(1741,	'PEON-22405',	'Create Office',	'Create Office',	1,	1,	1,	'0',	521,	2197,	353,	'2020-03-23',	1,	NULL,	'2020-03-23 17:45:49',	1),
(1742,	'PEON-63108',	'Read Office',	'Read Office',	1,	2,	1,	'0',	521,	2198,	353,	'2020-03-23',	1,	NULL,	'2020-03-23 17:45:49',	1),
(1743,	'PEON-52808',	'Update Office',	'Update Office',	1,	3,	1,	'0',	521,	2199,	353,	'2020-03-23',	1,	NULL,	'2020-03-23 17:45:49',	1),
(1744,	'PEON-71852',	'Delete Office',	'Delete Office',	1,	4,	1,	'0',	521,	2200,	353,	'2020-03-23',	1,	NULL,	'2020-03-23 17:45:49',	1),
(1745,	'PEON-22838',	'Create Office bank',	'Create Office bank',	1,	1,	1,	'0',	522,	2201,	353,	'2020-03-23',	1,	NULL,	'2020-03-23 17:45:49',	1),
(1746,	'PEON-55068',	'Read Office bank',	'Read Office bank',	1,	2,	1,	'0',	522,	2202,	353,	'2020-03-23',	1,	NULL,	'2020-03-23 17:45:49',	1),
(1747,	'PEON-25052',	'Update Office bank',	'Update Office bank',	1,	3,	1,	'0',	522,	2203,	353,	'2020-03-23',	1,	NULL,	'2020-03-23 17:45:49',	1),
(1748,	'PEON-74560',	'Delete Office bank',	'Delete Office bank',	1,	4,	1,	'0',	522,	2204,	353,	'2020-03-23',	1,	NULL,	'2020-03-23 17:45:49',	1),
(1749,	'PEON-47607',	'Create Context definition',	'Create Context definition',	1,	1,	1,	'0',	523,	2205,	353,	'2020-03-23',	1,	NULL,	'2020-03-23 17:45:49',	1),
(1750,	'PEON-18897',	'Read Context definition',	'Read Context definition',	1,	2,	1,	'0',	523,	2206,	353,	'2020-03-23',	1,	NULL,	'2020-03-23 17:45:49',	1),
(1751,	'PEON-61639',	'Update Context definition',	'Update Context definition',	1,	3,	1,	'0',	523,	2207,	353,	'2020-03-23',	1,	NULL,	'2020-03-23 17:45:49',	1),
(1752,	'PEON-72714',	'Delete Context definition',	'Delete Context definition',	1,	4,	1,	'0',	523,	2208,	353,	'2020-03-23',	1,	NULL,	'2020-03-23 17:45:49',	1),
(1757,	'PEON-17544',	'Create Financial report',	'Create Financial report',	1,	1,	1,	'0',	526,	2213,	353,	'2020-03-23',	1,	NULL,	'2020-03-23 17:45:49',	1),
(1758,	'PEON-6529',	'Read Financial report',	'Read Financial report',	1,	2,	1,	'0',	526,	2214,	353,	'2020-03-23',	1,	NULL,	'2020-03-23 17:45:49',	1),
(1759,	'PEON-56069',	'Update Financial report',	'Update Financial report',	1,	3,	1,	'0',	526,	2215,	353,	'2020-03-23',	1,	NULL,	'2020-03-23 17:45:49',	1),
(1760,	'PEON-36232',	'Delete Financial report',	'Delete Financial report',	1,	4,	1,	'0',	526,	2216,	353,	'2020-03-23',	1,	NULL,	'2020-03-23 17:45:49',	1),
(1761,	'PEON-69544',	'Create Voucher type account',	'Create Voucher type account',	1,	1,	1,	'0',	527,	2217,	353,	'2020-03-23',	1,	NULL,	'2020-03-23 17:45:49',	1),
(1762,	'PEON-39737',	'Read Voucher type account',	'Read Voucher type account',	1,	2,	1,	'0',	527,	2218,	353,	'2020-03-23',	1,	NULL,	'2020-03-23 17:45:49',	1),
(1763,	'PEON-62442',	'Update Voucher type account',	'Update Voucher type account',	1,	3,	1,	'0',	527,	2219,	353,	'2020-03-23',	1,	NULL,	'2020-03-23 17:45:49',	1),
(1764,	'PEON-78726',	'Delete Voucher type account',	'Delete Voucher type account',	1,	4,	1,	'0',	527,	2220,	353,	'2020-03-23',	1,	NULL,	'2020-03-23 17:45:49',	1),
(1765,	'PEON-73822',	'Create Voucher type effect',	'Create Voucher type effect',	1,	1,	1,	'0',	528,	2221,	353,	'2020-03-23',	1,	NULL,	'2020-03-23 17:45:50',	1),
(1766,	'PEON-3991',	'Read Voucher type effect',	'Read Voucher type effect',	1,	2,	1,	'0',	528,	2222,	353,	'2020-03-23',	1,	NULL,	'2020-03-23 17:45:50',	1),
(1767,	'PEON-13575',	'Update Voucher type effect',	'Update Voucher type effect',	1,	3,	1,	'0',	528,	2223,	353,	'2020-03-23',	1,	NULL,	'2020-03-23 17:45:50',	1),
(1768,	'PEON-44484',	'Delete Voucher type effect',	'Delete Voucher type effect',	1,	4,	1,	'0',	528,	2224,	353,	'2020-03-23',	1,	NULL,	'2020-03-23 17:45:50',	1),
(1769,	'PEON-9233',	'Create Voucher type',	'Create Voucher type',	1,	1,	1,	'0',	529,	2225,	353,	'2020-03-23',	1,	NULL,	'2020-03-23 17:45:50',	1),
(1770,	'PEON-63139',	'Read Voucher type',	'Read Voucher type',	1,	2,	1,	'0',	529,	2226,	353,	'2020-03-23',	1,	NULL,	'2020-03-23 17:45:50',	1),
(1771,	'PEON-67981',	'Update Voucher type',	'Update Voucher type',	1,	3,	1,	'0',	529,	2227,	353,	'2020-03-23',	1,	NULL,	'2020-03-23 17:45:50',	1),
(1772,	'PEON-42408',	'Delete Voucher type',	'Delete Voucher type',	1,	4,	1,	'0',	529,	2228,	353,	'2020-03-23',	1,	NULL,	'2020-03-23 17:45:50',	1),
(1781,	'PEON-1145',	'Create Month',	'Create Month',	1,	1,	1,	'0',	535,	2237,	353,	'2020-03-23',	1,	NULL,	'2020-03-23 17:45:50',	1),
(1782,	'PEON-82251',	'Read Month',	'Read Month',	1,	2,	1,	'0',	535,	2238,	353,	'2020-03-23',	1,	NULL,	'2020-03-23 17:45:50',	1),
(1783,	'PEON-54161',	'Update Month',	'Update Month',	1,	3,	1,	'0',	535,	2239,	353,	'2020-03-23',	1,	NULL,	'2020-03-23 17:45:50',	1),
(1784,	'PEON-32145',	'Delete Month',	'Delete Month',	1,	4,	1,	'0',	535,	2240,	353,	'2020-03-23',	1,	NULL,	'2020-03-23 17:45:50',	1),
(1785,	'PEON-86023',	'Create Account system',	'Create Account system',	1,	1,	1,	'0',	542,	2241,	353,	'2020-03-23',	1,	NULL,	'2020-03-23 17:45:50',	1),
(1786,	'PEON-51192',	'Read Account system',	'Read Account system',	1,	2,	1,	'0',	542,	2242,	353,	'2020-03-23',	1,	NULL,	'2020-03-23 17:45:50',	1),
(1787,	'PEON-13129',	'Update Account system',	'Update Account system',	1,	3,	1,	'0',	542,	2243,	353,	'2020-03-23',	1,	NULL,	'2020-03-23 17:45:50',	1),
(1788,	'PEON-86582',	'Delete Account system',	'Delete Account system',	1,	4,	1,	'0',	542,	2244,	353,	'2020-03-23',	1,	NULL,	'2020-03-23 17:45:50',	1),
(1789,	'PEON-30779',	'Create Request conversion',	'Create Request conversion',	1,	1,	1,	'0',	545,	2245,	353,	'2020-03-23',	1,	NULL,	'2020-03-23 17:45:50',	1),
(1790,	'PEON-44601',	'Read Request conversion',	'Read Request conversion',	1,	2,	1,	'0',	545,	2246,	353,	'2020-03-23',	1,	NULL,	'2020-03-23 17:45:50',	1),
(1791,	'PEON-27231',	'Update Request conversion',	'Update Request conversion',	1,	3,	1,	'0',	545,	2247,	353,	'2020-03-23',	1,	NULL,	'2020-03-23 17:45:50',	1),
(1792,	'PEON-49889',	'Delete Request conversion',	'Delete Request conversion',	1,	4,	1,	'0',	545,	2248,	353,	'2020-03-23',	1,	NULL,	'2020-03-23 17:45:50',	1),
(1793,	'PEON-62579',	'Create Budget item',	'Create Budget item',	1,	1,	1,	'0',	547,	2249,	353,	'2020-03-23',	1,	NULL,	'2020-03-23 17:45:50',	1),
(1794,	'PEON-74671',	'Read Budget item',	'Read Budget item',	1,	2,	1,	'0',	547,	2250,	353,	'2020-03-23',	1,	NULL,	'2020-03-23 17:45:50',	1),
(1795,	'PEON-83763',	'Update Budget item',	'Update Budget item',	1,	3,	1,	'0',	547,	2251,	353,	'2020-03-23',	1,	NULL,	'2020-03-23 17:45:50',	1),
(1796,	'PEON-58038',	'Delete Budget item',	'Delete Budget item',	1,	4,	1,	'0',	547,	2252,	353,	'2020-03-23',	1,	NULL,	'2020-03-23 17:45:50',	1),
(1797,	'PEON-89441',	'Create Approve item',	'Create Approve item',	1,	1,	1,	'0',	550,	2253,	353,	'2020-03-23',	1,	NULL,	'2020-03-23 17:45:50',	1),
(1798,	'PEON-33054',	'Read Approve item',	'Read Approve item',	1,	2,	1,	'0',	550,	2254,	353,	'2020-03-23',	1,	NULL,	'2020-03-23 17:45:50',	1),
(1799,	'PEON-36206',	'Update Approve item',	'Update Approve item',	1,	3,	1,	'0',	550,	2255,	353,	'2020-03-23',	1,	NULL,	'2020-03-23 17:45:51',	1),
(1800,	'PEON-25930',	'Delete Approve item',	'Delete Approve item',	1,	4,	1,	'0',	550,	2256,	353,	'2020-03-23',	1,	NULL,	'2020-03-23 17:45:51',	1),
(1801,	'PEON-5122',	'Create System opening balance',	'Create System opening balance',	1,	1,	1,	'0',	554,	2257,	353,	'2020-03-23',	1,	NULL,	'2020-03-23 17:45:51',	1),
(1802,	'PEON-15269',	'Read System opening balance',	'Read System opening balance',	1,	2,	1,	'0',	554,	2258,	353,	'2020-03-23',	1,	NULL,	'2020-03-23 17:45:51',	1),
(1803,	'PEON-73704',	'Update System opening balance',	'Update System opening balance',	1,	3,	1,	'0',	554,	2259,	353,	'2020-03-23',	1,	NULL,	'2020-03-23 17:45:51',	1),
(1804,	'PEON-3418',	'Delete System opening balance',	'Delete System opening balance',	1,	4,	1,	'0',	554,	2260,	353,	'2020-03-23',	1,	NULL,	'2020-03-23 17:45:51',	1),
(1809,	'PEON-66966',	'Create History',	'Create History',	1,	1,	1,	'0',	556,	2265,	353,	'2020-03-23',	1,	NULL,	'2020-03-23 17:45:51',	1),
(1810,	'PEON-4691',	'Read History',	'Read History',	1,	2,	1,	'0',	556,	2266,	353,	'2020-03-23',	1,	NULL,	'2020-03-23 17:45:51',	1),
(1811,	'PEON-88962',	'Update History',	'Update History',	1,	3,	1,	'0',	556,	2267,	353,	'2020-03-23',	1,	NULL,	'2020-03-23 17:45:51',	1),
(1812,	'PEON-4298',	'Delete History',	'Delete History',	1,	4,	1,	'0',	556,	2268,	353,	'2020-03-23',	1,	NULL,	'2020-03-23 17:45:51',	1),
(1813,	'PEON-86831',	'Create Language phrase',	'Create Language phrase',	1,	1,	1,	'0',	557,	2269,	353,	'2020-03-23',	1,	NULL,	'2020-03-23 17:45:51',	1),
(1814,	'PEON-28655',	'Read Language phrase',	'Read Language phrase',	1,	2,	1,	'0',	557,	2270,	353,	'2020-03-23',	1,	NULL,	'2020-03-23 17:45:51',	1),
(1815,	'PEON-57574',	'Update Language phrase',	'Update Language phrase',	1,	3,	1,	'0',	557,	2271,	353,	'2020-03-23',	1,	NULL,	'2020-03-23 17:45:51',	1),
(1816,	'PEON-8870',	'Delete Language phrase',	'Delete Language phrase',	1,	4,	1,	'0',	557,	2272,	353,	'2020-03-23',	1,	NULL,	'2020-03-23 17:45:51',	1),
(1817,	'PEON-8058',	'Create Project cost proportion',	'Create Project cost proportion',	1,	1,	1,	'0',	558,	2273,	353,	'2020-03-23',	1,	NULL,	'2020-03-23 17:45:51',	1),
(1818,	'PEON-71409',	'Read Project cost proportion',	'Read Project cost proportion',	1,	2,	1,	'0',	558,	2274,	353,	'2020-03-23',	1,	NULL,	'2020-03-23 17:45:51',	1),
(1819,	'PEON-36623',	'Update Project cost proportion',	'Update Project cost proportion',	1,	3,	1,	'0',	558,	2275,	353,	'2020-03-23',	1,	NULL,	'2020-03-23 17:45:51',	1),
(1820,	'PEON-68236',	'Delete Project cost proportion',	'Delete Project cost proportion',	1,	4,	1,	'0',	558,	2276,	353,	'2020-03-23',	1,	NULL,	'2020-03-23 17:45:51',	1),
(1821,	'PEON-24537',	'Create Status role',	'Create Status role',	1,	1,	1,	'0',	559,	2277,	353,	'2020-03-23',	1,	NULL,	'2020-03-23 17:45:51',	1),
(1822,	'PEON-36921',	'Read Status role',	'Read Status role',	1,	2,	1,	'0',	559,	2278,	353,	'2020-03-23',	1,	NULL,	'2020-03-23 17:45:51',	1),
(1823,	'PEON-71987',	'Update Status role',	'Update Status role',	1,	3,	1,	'0',	559,	2279,	353,	'2020-03-23',	1,	NULL,	'2020-03-23 17:45:51',	1),
(1824,	'PEON-66794',	'Delete Status role',	'Delete Status role',	1,	4,	1,	'0',	559,	2280,	353,	'2020-03-23',	1,	NULL,	'2020-03-23 17:45:51',	1),
(1825,	'PEON-72850',	'Create Transaction effect',	'Create Transaction effect',	1,	1,	1,	'0',	560,	2281,	353,	'2020-03-23',	1,	NULL,	'2020-03-23 17:45:51',	1),
(1826,	'PEON-8865',	'Read Transaction effect',	'Read Transaction effect',	1,	2,	1,	'0',	560,	2282,	353,	'2020-03-23',	1,	NULL,	'2020-03-23 17:45:51',	1),
(1827,	'PEON-6472',	'Update Transaction effect',	'Update Transaction effect',	1,	3,	1,	'0',	560,	2283,	353,	'2020-03-23',	1,	NULL,	'2020-03-23 17:45:51',	1),
(1828,	'PEON-24930',	'Delete Transaction effect',	'Delete Transaction effect',	1,	4,	1,	'0',	560,	2284,	353,	'2020-03-23',	1,	NULL,	'2020-03-23 17:45:51',	1),
(1829,	'PEON-56907',	'Create Translation',	'Create Translation',	1,	1,	1,	'0',	561,	2285,	353,	'2020-03-23',	1,	NULL,	'2020-03-23 17:45:51',	1),
(1830,	'PEON-81207',	'Read Translation',	'Read Translation',	1,	2,	1,	'0',	561,	2286,	353,	'2020-03-23',	1,	NULL,	'2020-03-23 17:45:51',	1),
(1831,	'PEON-44890',	'Update Translation',	'Update Translation',	1,	3,	1,	'0',	561,	2287,	353,	'2020-03-23',	1,	NULL,	'2020-03-23 17:45:51',	1),
(1832,	'PEON-35703',	'Delete Translation',	'Delete Translation',	1,	4,	1,	'0',	561,	2288,	353,	'2020-03-23',	1,	NULL,	'2020-03-23 17:45:51',	1),
(1833,	'PEON-54662',	'Create Variance note',	'Create Variance note',	1,	1,	1,	'0',	562,	2289,	353,	'2020-03-23',	1,	NULL,	'2020-03-23 17:45:51',	1),
(1834,	'PEON-62967',	'Read Variance note',	'Read Variance note',	1,	2,	1,	'0',	562,	2290,	353,	'2020-03-23',	1,	NULL,	'2020-03-23 17:45:51',	1),
(1835,	'PEON-20095',	'Update Variance note',	'Update Variance note',	1,	3,	1,	'0',	562,	2291,	353,	'2020-03-23',	1,	NULL,	'2020-03-23 17:45:51',	1),
(1836,	'PEON-35277',	'Delete Variance note',	'Delete Variance note',	1,	4,	1,	'0',	562,	2292,	353,	'2020-03-23',	1,	NULL,	'2020-03-23 17:45:51',	1),
(1837,	'PEON-72173',	'Create Workflow',	'Create Workflow',	1,	1,	1,	'0',	563,	2293,	353,	'2020-03-23',	1,	NULL,	'2020-03-23 17:45:51',	1),
(1838,	'PEON-21966',	'Read Workflow',	'Read Workflow',	1,	2,	1,	'0',	563,	2294,	353,	'2020-03-23',	1,	NULL,	'2020-03-23 17:45:51',	1),
(1839,	'PEON-65442',	'Update Workflow',	'Update Workflow',	1,	3,	1,	'0',	563,	2295,	353,	'2020-03-23',	1,	NULL,	'2020-03-23 17:45:51',	1),
(1840,	'PEON-30496',	'Delete Workflow',	'Delete Workflow',	1,	4,	1,	'0',	563,	2296,	353,	'2020-03-23',	1,	NULL,	'2020-03-23 17:45:51',	1);

DROP TABLE IF EXISTS `permission_label`;
CREATE TABLE `permission_label` (
  `permission_label_id` int(100) NOT NULL AUTO_INCREMENT,
  `permission_label_track_number` varchar(100) NOT NULL,
  `permission_label_name` varchar(100) NOT NULL,
  `permission_label_description` varchar(100) NOT NULL,
  `permission_label_depth` int(10) NOT NULL,
  `fk_approval_id` int(100) NOT NULL,
  `fk_status_id` int(100) NOT NULL,
  `permission_label_created_date` date NOT NULL,
  `permission_label_created_by` int(100) NOT NULL,
  `permission_label_last_modified_date` timestamp NOT NULL DEFAULT CURRENT_TIMESTAMP,
  `permission_label_last_modified_by` int(100) NOT NULL,
  PRIMARY KEY (`permission_label_id`)
) ENGINE=InnoDB DEFAULT CHARSET=latin1;

INSERT INTO `permission_label` (`permission_label_id`, `permission_label_track_number`, `permission_label_name`, `permission_label_description`, `permission_label_depth`, `fk_approval_id`, `fk_status_id`, `permission_label_created_date`, `permission_label_created_by`, `permission_label_last_modified_date`, `permission_label_last_modified_by`) VALUES
(1,	'PBL-56069',	'create',	'Mark all permissions used to create a new record',	2,	120,	105,	'2019-11-06',	1,	'2019-11-06 12:48:54',	1),
(2,	'PBL-32200',	'read',	'Mark all permissions used to read a record',	1,	121,	105,	'2019-11-06',	1,	'2019-11-06 12:51:56',	1),
(3,	'PBL-37242',	'update',	'Mark all permissions for updating a record',	3,	122,	105,	'2019-11-06',	1,	'2019-11-06 12:52:25',	1),
(4,	'PBL-14166',	'delete',	'Mark all permissions used to delete a record',	4,	123,	105,	'2019-11-06',	1,	'2019-11-06 12:52:43',	1);

DROP TABLE IF EXISTS `project`;
CREATE TABLE `project` (
  `project_id` int(100) NOT NULL AUTO_INCREMENT,
  `project_track_number` varchar(100) DEFAULT NULL,
  `project_name` varchar(100) DEFAULT NULL,
  `project_code` varchar(10) NOT NULL,
  `project_description` varchar(100) DEFAULT NULL,
  `project_start_date` date NOT NULL,
  `project_end_date` date NOT NULL,
  `fk_funder_id` int(100) NOT NULL,
  `project_cost` double(10,2) NOT NULL,
  `fk_funding_status_id` int(100) DEFAULT NULL,
  `project_created_by` int(100) NOT NULL,
  `project_last_modified_by` int(100) NOT NULL,
  `project_created_date` date NOT NULL,
  `project_last_modified_date` date NOT NULL,
  `fk_approval_id` int(100) DEFAULT NULL,
  `fk_status_id` int(100) DEFAULT NULL,
  PRIMARY KEY (`project_id`),
  KEY `fk_project_id_funder_id_idx` (`fk_funder_id`),
  KEY `fk_project_funding_status1_idx` (`fk_funding_status_id`),
  CONSTRAINT `fk_project_funding_status1` FOREIGN KEY (`fk_funding_status_id`) REFERENCES `funding_status` (`funding_status_id`) ON DELETE NO ACTION ON UPDATE NO ACTION,
  CONSTRAINT `fk_project_id_funder_id` FOREIGN KEY (`fk_funder_id`) REFERENCES `funder` (`funder_id`) ON DELETE NO ACTION ON UPDATE CASCADE
) ENGINE=InnoDB DEFAULT CHARSET=latin1 COMMENT='A project is a single funded proposal that need to be implemented and reported as a unit. It''s related to single funder\n ';

INSERT INTO `project` (`project_id`, `project_track_number`, `project_name`, `project_code`, `project_description`, `project_start_date`, `project_end_date`, `fk_funder_id`, `project_cost`, `fk_funding_status_id`, `project_created_by`, `project_last_modified_by`, `project_created_date`, `project_last_modified_date`, `fk_approval_id`, `fk_status_id`) VALUES
(1,	'PRCT-67826',	'WASH Program',	'WASH-001',	'WASH Program',	'2020-01-01',	'2022-12-31',	1,	25000000.00,	1,	1,	1,	'2020-03-23',	'0000-00-00',	2299,	355),
(2,	'PRCT-11841',	'High Education Girls Scholarship',	'GCE2021',	'High Education Girls Scholarship',	'2020-01-01',	'2022-12-31',	1,	18500000.00,	1,	1,	1,	'2020-03-24',	'0000-00-00',	2346,	355),
(3,	'PRCT-54665',	'Home Improvement Fund',	'HIF2021',	'Home Improvement Fund',	'2020-02-01',	'2020-12-31',	2,	65700000.00,	1,	1,	1,	'2020-03-24',	'0000-00-00',	2348,	355);

DROP TABLE IF EXISTS `project_allocation`;
CREATE TABLE `project_allocation` (
  `project_allocation_id` int(100) NOT NULL AUTO_INCREMENT,
  `project_allocation_track_number` varchar(100) DEFAULT NULL,
  `fk_project_id` int(100) DEFAULT NULL,
  `fk_income_account_id` int(11) DEFAULT NULL,
  `project_allocation_name` varchar(100) DEFAULT NULL,
  `project_allocation_amount` decimal(10,2) DEFAULT NULL,
  `project_allocation_is_active` int(5) DEFAULT NULL,
  `fk_office_id` int(100) DEFAULT NULL,
  `fk_status_id` int(11) DEFAULT NULL,
  `fk_approval_id` int(11) DEFAULT NULL,
  `project_allocation_extended_end_date` date DEFAULT NULL,
  `project_allocation_created_date` date DEFAULT NULL,
  `project_allocation_last_modified_date` varchar(45) DEFAULT NULL,
  `project_allocation_created_by` int(100) DEFAULT NULL,
  `project_allocation_last_modified_by` int(100) DEFAULT NULL,
  PRIMARY KEY (`project_allocation_id`),
  KEY `fk_project_id` (`fk_project_id`),
  KEY `fk_center_id` (`fk_office_id`),
  KEY `fk_status_id` (`fk_status_id`),
  KEY `fk_approval_id` (`fk_approval_id`),
  KEY `fk_income_account_id` (`fk_income_account_id`),
  CONSTRAINT `project_allocation_ibfk_1` FOREIGN KEY (`fk_project_id`) REFERENCES `project` (`project_id`),
  CONSTRAINT `project_allocation_ibfk_2` FOREIGN KEY (`fk_office_id`) REFERENCES `office` (`office_id`),
  CONSTRAINT `project_allocation_ibfk_3` FOREIGN KEY (`fk_status_id`) REFERENCES `status` (`status_id`),
  CONSTRAINT `project_allocation_ibfk_4` FOREIGN KEY (`fk_approval_id`) REFERENCES `approval` (`approval_id`),
  CONSTRAINT `project_allocation_ibfk_5` FOREIGN KEY (`fk_income_account_id`) REFERENCES `income_account` (`income_account_id`)
) ENGINE=InnoDB DEFAULT CHARSET=latin1;

INSERT INTO `project_allocation` (`project_allocation_id`, `project_allocation_track_number`, `fk_project_id`, `fk_income_account_id`, `project_allocation_name`, `project_allocation_amount`, `project_allocation_is_active`, `fk_office_id`, `fk_status_id`, `fk_approval_id`, `project_allocation_extended_end_date`, `project_allocation_created_date`, `project_allocation_last_modified_date`, `project_allocation_created_by`, `project_allocation_last_modified_by`) VALUES
(1,	'PRON-38031',	1,	1,	'St. Andrews WASH 2020',	4500000.00,	1,	29,	356,	2345,	NULL,	'2020-03-24',	NULL,	1,	1),
(2,	'PRON-60067',	3,	3,	'KE623 - Malindi Home Improvement',	2100000.00,	1,	29,	356,	2349,	NULL,	'2020-03-24',	NULL,	1,	1),
(3,	'PRON-22303',	2,	2,	'GRC Shingila Girl Child Education Fund',	800000.00,	1,	27,	356,	2357,	NULL,	'2020-03-26',	NULL,	1,	1),
(4,	'PRON-83970',	3,	1,	'GRC Home Improvement FUnd',	110000.00,	1,	27,	356,	2358,	NULL,	'2020-03-26',	NULL,	1,	1);

DROP TABLE IF EXISTS `project_allocation_detail`;
CREATE TABLE `project_allocation_detail` (
  `project_allocation_detail_id` int(11) NOT NULL,
  `project_allocation_detail_track_number` varchar(100) NOT NULL,
  `project_allocation_detail_name` varchar(100) NOT NULL,
  `fk_project_allocation_id` int(100) NOT NULL,
  `project_allocation_detail_month` date NOT NULL,
  `project_allocation_detail_amount` decimal(10,2) NOT NULL,
  `project_allocation_detail_created_date` date DEFAULT NULL,
  `project_allocation_detail_created_by` int(100) DEFAULT NULL,
  `project_allocation_detail_last_modified_by` int(100) DEFAULT NULL,
  `project_allocation_detail_last_modified_date` date DEFAULT NULL,
  `fk_approval_id` int(100) DEFAULT NULL,
  `fk_status_id` int(100) DEFAULT NULL,
  KEY `fk_project_allocation_id` (`fk_project_allocation_id`),
  CONSTRAINT `project_allocation_detail_ibfk_1` FOREIGN KEY (`fk_project_allocation_id`) REFERENCES `project_allocation` (`project_allocation_id`)
) ENGINE=InnoDB DEFAULT CHARSET=latin1;


DROP TABLE IF EXISTS `project_cost_proportion`;
CREATE TABLE `project_cost_proportion` (
  `project_cost_proportion_id` int(11) NOT NULL,
  `voucher_detail_id` int(100) DEFAULT NULL,
  `amount` varchar(45) DEFAULT NULL,
  `created_by` varchar(45) DEFAULT NULL,
  `created_date` varchar(45) DEFAULT NULL,
  `last_modified_by` varchar(45) DEFAULT NULL,
  `last_modified_date` varchar(45) DEFAULT NULL,
  `center_project_allocation_id` int(100) DEFAULT NULL,
  `project_cost_proportion_created_date` date DEFAULT NULL,
  `project_cost_proportion_created_by` int(100) DEFAULT NULL,
  `project_cost_proportion_last_modified_by` int(100) DEFAULT NULL,
  `project_cost_proportion_last_modified_date` date DEFAULT NULL,
  `fk_approval_id` int(100) DEFAULT NULL,
  `fk_status_id` int(100) DEFAULT NULL,
  PRIMARY KEY (`project_cost_proportion_id`),
  KEY `voucher_detail_id` (`voucher_detail_id`),
  CONSTRAINT `project_cost_proportion_ibfk_1` FOREIGN KEY (`voucher_detail_id`) REFERENCES `voucher_detail` (`voucher_detail_id`)
) ENGINE=InnoDB DEFAULT CHARSET=latin1;


DROP TABLE IF EXISTS `reconciliation`;
CREATE TABLE `reconciliation` (
  `reconciliation_id` int(100) NOT NULL AUTO_INCREMENT,
  `reconciliation_track_number` varchar(100) DEFAULT NULL,
  `reconciliation_name` varchar(100) DEFAULT NULL,
  `fk_office_id` int(100) DEFAULT NULL,
  `reconciliation_reporting_month` date DEFAULT NULL,
  `reconciliation_is_submitted` int(5) DEFAULT '0',
  `fk_status_id` int(5) DEFAULT NULL,
  `reconciliation_statement_amount` decimal(10,2) DEFAULT NULL,
  `reconciliation_statement_date` int(11) DEFAULT NULL,
  `reconciliation_suspense_amount` int(11) DEFAULT NULL,
  `reconciliation_created_by` int(100) DEFAULT NULL,
  `reconciliation_created_date` date DEFAULT NULL,
  `reconciliation_last_modified_by` int(100) DEFAULT NULL,
  `reconciliation_last_modified_date` date DEFAULT NULL,
  `fk_approval_id` int(100) DEFAULT NULL,
  PRIMARY KEY (`reconciliation_id`),
  KEY `fk_reconciliation_center1_idx` (`fk_office_id`),
  KEY `financial_report_is_submitted` (`reconciliation_is_submitted`),
  CONSTRAINT `fk_reconciliation_center1` FOREIGN KEY (`fk_office_id`) REFERENCES `office` (`office_id`) ON DELETE NO ACTION ON UPDATE NO ACTION,
  CONSTRAINT `reconciliation_ibfk_1` FOREIGN KEY (`reconciliation_is_submitted`) REFERENCES `financial_report` (`financial_report_id`)
) ENGINE=InnoDB DEFAULT CHARSET=latin1;


DROP TABLE IF EXISTS `request`;
CREATE TABLE `request` (
  `request_id` int(100) NOT NULL AUTO_INCREMENT,
  `request_track_number` varchar(100) DEFAULT NULL,
  `request_name` varchar(100) DEFAULT NULL,
  `fk_request_type_id` int(11) DEFAULT '1',
  `fk_status_id` int(11) DEFAULT '0',
  `fk_office_id` int(100) DEFAULT NULL,
  `fk_approval_id` int(11) DEFAULT NULL,
  `request_date` date DEFAULT NULL,
  `request_description` varchar(100) DEFAULT NULL,
  `fk_department_id` int(100) NOT NULL,
  `request_created_date` date DEFAULT NULL,
  `request_created_by` varchar(45) DEFAULT NULL,
  `request_last_modified_by` varchar(45) DEFAULT NULL,
  `request_last_modified_date` timestamp NOT NULL DEFAULT CURRENT_TIMESTAMP ON UPDATE CURRENT_TIMESTAMP,
  `request_deleted_at` date DEFAULT NULL,
  PRIMARY KEY (`request_id`),
  KEY `fk_request_center2_idx` (`fk_office_id`),
  KEY `fk_approval_id` (`fk_approval_id`),
  KEY `fk_department_id` (`fk_department_id`),
  KEY `fk_status_id` (`fk_status_id`),
  KEY `fk_requuest_type_id` (`fk_request_type_id`),
  CONSTRAINT `fk_request_center2` FOREIGN KEY (`fk_office_id`) REFERENCES `office` (`office_id`) ON DELETE NO ACTION ON UPDATE NO ACTION,
  CONSTRAINT `request_ibfk_2` FOREIGN KEY (`fk_approval_id`) REFERENCES `approval` (`approval_id`) ON DELETE CASCADE,
  CONSTRAINT `request_ibfk_3` FOREIGN KEY (`fk_department_id`) REFERENCES `department` (`department_id`),
  CONSTRAINT `request_ibfk_4` FOREIGN KEY (`fk_status_id`) REFERENCES `status` (`status_id`),
  CONSTRAINT `request_ibfk_5` FOREIGN KEY (`fk_request_type_id`) REFERENCES `request_type` (`request_type_id`)
) ENGINE=InnoDB DEFAULT CHARSET=latin1;


DROP TABLE IF EXISTS `request_conversion`;
CREATE TABLE `request_conversion` (
  `request_conversion_id` int(100) NOT NULL AUTO_INCREMENT,
  `request_conversion_name` varchar(100) NOT NULL,
  `request_conversion_track_number` varchar(100) NOT NULL,
  `fk_account_system_id` int(100) NOT NULL,
  `conversion_status_id` int(100) NOT NULL,
  `request_conversion_created_date` date DEFAULT NULL,
  `request_conversion_created_by` int(100) DEFAULT NULL,
  `request_conversion_last_modified_by` int(100) DEFAULT NULL,
  `request_conversion_last_modified_date` date DEFAULT NULL,
  `fk_approval_id` int(100) DEFAULT NULL,
  `fk_status_id` int(100) DEFAULT NULL,
  PRIMARY KEY (`request_conversion_id`),
  KEY `fk_account_system_id` (`fk_account_system_id`),
  KEY `conversion_status_id` (`conversion_status_id`),
  CONSTRAINT `request_conversion_ibfk_1` FOREIGN KEY (`fk_account_system_id`) REFERENCES `account_system` (`account_system_id`),
  CONSTRAINT `request_conversion_ibfk_2` FOREIGN KEY (`conversion_status_id`) REFERENCES `status` (`status_id`)
) ENGINE=InnoDB DEFAULT CHARSET=latin1;


DROP TABLE IF EXISTS `request_detail`;
CREATE TABLE `request_detail` (
  `request_detail_id` int(100) NOT NULL AUTO_INCREMENT,
  `request_detail_track_number` varchar(100) DEFAULT NULL,
  `request_detail_name` varchar(100) DEFAULT NULL,
  `fk_request_id` int(100) DEFAULT NULL,
  `request_detail_description` varchar(45) DEFAULT NULL,
  `request_detail_quantity` int(10) DEFAULT NULL,
  `request_detail_unit_cost` decimal(10,2) DEFAULT NULL,
  `request_detail_total_cost` decimal(10,2) DEFAULT NULL,
  `fk_expense_account_id` int(100) DEFAULT NULL,
  `fk_project_allocation_id` int(100) DEFAULT NULL,
  `fk_status_id` int(100) DEFAULT NULL,
  `fk_approval_id` int(100) DEFAULT NULL,
  `request_detail_conversion_set` int(5) DEFAULT '0',
  `request_detail_voucher_number` int(100) DEFAULT NULL,
  `request_detail_created_date` date DEFAULT NULL,
  `request_detail_created_by` int(100) DEFAULT NULL,
  `request_detail_last_modified_by` int(100) DEFAULT NULL,
  `request_detail_last_modified_date` timestamp NOT NULL DEFAULT CURRENT_TIMESTAMP ON UPDATE CURRENT_TIMESTAMP,
  PRIMARY KEY (`request_detail_id`),
  KEY `fk_request_detail_request1_idx` (`fk_request_id`),
  KEY `fk_request_detail_expense_account1_idx` (`fk_expense_account_id`),
  CONSTRAINT `fk_request_detail_expense_account1` FOREIGN KEY (`fk_expense_account_id`) REFERENCES `expense_account` (`expense_account_id`) ON DELETE NO ACTION ON UPDATE NO ACTION,
  CONSTRAINT `fk_request_detail_request1` FOREIGN KEY (`fk_request_id`) REFERENCES `request` (`request_id`) ON DELETE NO ACTION ON UPDATE NO ACTION
) ENGINE=InnoDB DEFAULT CHARSET=latin1;


DROP TABLE IF EXISTS `request_type`;
CREATE TABLE `request_type` (
  `request_type_id` int(11) NOT NULL AUTO_INCREMENT,
  `request_type_track_number` varchar(100) NOT NULL,
  `request_type_name` varchar(100) NOT NULL,
  `request_type_is_active` int(5) NOT NULL DEFAULT '1',
  `fk_account_system_id` int(100) NOT NULL DEFAULT '1',
  `request_type_created_date` date DEFAULT NULL,
  `request_type_created_by` int(100) DEFAULT NULL,
  `request_type_last_modified_by` int(100) DEFAULT NULL,
  `request_type_last_modified_date` timestamp NULL DEFAULT CURRENT_TIMESTAMP,
  `fk_approval_id` int(100) DEFAULT NULL,
  `fk_status_id` int(100) DEFAULT NULL,
  PRIMARY KEY (`request_type_id`),
  KEY `fk_account_system_id` (`fk_account_system_id`),
  CONSTRAINT `request_type_ibfk_1` FOREIGN KEY (`fk_account_system_id`) REFERENCES `account_system` (`account_system_id`)
) ENGINE=InnoDB DEFAULT CHARSET=latin1;


DROP TABLE IF EXISTS `role`;
CREATE TABLE `role` (
  `role_id` int(100) NOT NULL AUTO_INCREMENT,
  `role_track_number` varchar(100) DEFAULT NULL,
  `role_name` varchar(100) DEFAULT NULL,
  `role_shortname` varchar(50) NOT NULL,
  `role_description` longtext,
  `role_is_active` int(5) DEFAULT NULL,
  `role_is_new_status_default` int(5) DEFAULT '0',
  `role_is_department_strict` int(5) DEFAULT '0',
  `role_created_by` int(100) DEFAULT NULL,
  `role_created_date` date DEFAULT NULL,
  `role_last_modified_date` timestamp NOT NULL DEFAULT CURRENT_TIMESTAMP,
  `role_last_modified_by` varchar(45) DEFAULT NULL,
  `role_deleted_at` date DEFAULT NULL,
  `fk_approval_id` int(100) DEFAULT NULL,
  `fk_status_id` int(100) DEFAULT NULL,
  PRIMARY KEY (`role_id`)
) ENGINE=InnoDB DEFAULT CHARSET=latin1;

INSERT INTO `role` (`role_id`, `role_track_number`, `role_name`, `role_shortname`, `role_description`, `role_is_active`, `role_is_new_status_default`, `role_is_department_strict`, `role_created_by`, `role_created_date`, `role_last_modified_date`, `role_last_modified_by`, `role_deleted_at`, `fk_approval_id`, `fk_status_id`) VALUES
(1,	'ROL-65362',	'System Administrator',	'systemadmin',	'System Administrator',	1,	0,	1,	1,	'2019-11-04',	'2019-11-06 06:08:14',	'1',	NULL,	150,	103),
(10,	'ROLE-53004',	'System',	'system',	'This is system role',	1,	1,	0,	1,	'2020-03-07',	'2020-03-07 04:21:56',	'1',	NULL,	691,	103),
(11,	'ROLE-58845',	'Center Accountant',	'center_accountant',	'Center Accountant',	1,	0,	0,	1,	'2020-03-30',	'2020-03-30 08:31:13',	'1',	NULL,	2379,	364);

DROP TABLE IF EXISTS `role_permission`;
CREATE TABLE `role_permission` (
  `role_permission_id` int(100) NOT NULL AUTO_INCREMENT,
  `role_permission_track_number` varchar(100) NOT NULL,
  `role_permission_name` varchar(100) NOT NULL,
  `role_permission_is_active` int(5) NOT NULL,
  `fk_role_id` int(100) NOT NULL,
  `fk_permission_id` int(11) NOT NULL,
  `fk_approval_id` int(100) NOT NULL,
  `fk_status_id` int(100) NOT NULL,
  `role_permission_created_date` date NOT NULL,
  `role_permission_created_by` int(100) NOT NULL,
  `role_permission_last_modified_date` timestamp NOT NULL DEFAULT CURRENT_TIMESTAMP,
  `role_permission_last_modified_by` int(100) NOT NULL,
  PRIMARY KEY (`role_permission_id`),
  KEY `fk_role_id` (`fk_role_id`),
  KEY `fk_permission_id` (`fk_permission_id`),
  CONSTRAINT `role_permission_ibfk_4` FOREIGN KEY (`fk_role_id`) REFERENCES `role` (`role_id`) ON DELETE CASCADE,
  CONSTRAINT `role_permission_ibfk_5` FOREIGN KEY (`fk_permission_id`) REFERENCES `permission` (`permission_id`) ON DELETE CASCADE
) ENGINE=InnoDB DEFAULT CHARSET=latin1;

INSERT INTO `role_permission` (`role_permission_id`, `role_permission_track_number`, `role_permission_name`, `role_permission_is_active`, `fk_role_id`, `fk_permission_id`, `fk_approval_id`, `fk_status_id`, `role_permission_created_date`, `role_permission_created_by`, `role_permission_last_modified_date`, `role_permission_last_modified_by`) VALUES
(1,	'ROON-87799',	'Create Approval permission assigned to System Administratorrole',	1,	1,	1641,	2297,	365,	'2020-03-23',	1,	'2020-03-23 18:18:14',	1),
(2,	'ROON-45357',	'Update Menu user order permission assigned to Center Accountantrole',	1,	11,	1695,	2384,	365,	'2020-03-30',	1,	'2020-03-30 13:08:09',	1),
(3,	'ROON-9417',	'Read permission for Dashboard by System Administrator',	1,	1,	1653,	2385,	365,	'2020-04-01',	1,	'2020-04-01 06:29:33',	1),
(4,	'ROON-21641',	'Read permission for Dashboard by Center Accountant',	1,	11,	1653,	2386,	365,	'2020-04-01',	2,	'2020-04-01 06:31:07',	2);

DROP TABLE IF EXISTS `setting`;
CREATE TABLE `setting` (
  `setting_id` int(11) NOT NULL AUTO_INCREMENT,
  `type` varchar(100) DEFAULT NULL,
  `description` varchar(100) DEFAULT NULL,
  `created_date` date DEFAULT NULL,
  `last_modified_date` date DEFAULT NULL,
  `deleted_date` date DEFAULT NULL,
  `created_by` int(100) DEFAULT NULL,
  `last_modified_by` int(100) DEFAULT NULL,
  `setting_created_date` date DEFAULT NULL,
  `setting_created_by` int(100) DEFAULT NULL,
  `setting_last_modified_by` int(100) DEFAULT NULL,
  `setting_last_modified_date` date DEFAULT NULL,
  `fk_approval_id` int(100) DEFAULT NULL,
  `fk_status_id` int(100) DEFAULT NULL,
  PRIMARY KEY (`setting_id`)
) ENGINE=InnoDB DEFAULT CHARSET=latin1;

INSERT INTO `setting` (`setting_id`, `type`, `description`, `created_date`, `last_modified_date`, `deleted_date`, `created_by`, `last_modified_by`, `setting_created_date`, `setting_created_by`, `setting_last_modified_by`, `setting_last_modified_date`, `fk_approval_id`, `fk_status_id`) VALUES
(1,	'system_name',	'Grants Management System',	NULL,	NULL,	NULL,	NULL,	NULL,	NULL,	NULL,	NULL,	NULL,	NULL,	NULL),
(2,	'system_title',	'Grants Management System',	NULL,	NULL,	NULL,	NULL,	NULL,	NULL,	NULL,	NULL,	NULL,	NULL,	NULL),
(3,	'address',	'1945 Nairobi',	NULL,	NULL,	NULL,	NULL,	NULL,	NULL,	NULL,	NULL,	NULL,	NULL,	NULL),
(4,	'phone',	'254711808071',	NULL,	NULL,	NULL,	NULL,	NULL,	NULL,	NULL,	NULL,	NULL,	NULL,	NULL),
(7,	'system_email',	'support@compassionkenya.com',	NULL,	NULL,	NULL,	NULL,	NULL,	NULL,	NULL,	NULL,	NULL,	NULL,	NULL),
(9,	'language',	'english',	NULL,	NULL,	NULL,	NULL,	NULL,	NULL,	NULL,	NULL,	NULL,	NULL,	NULL),
(10,	'text_align',	'left-to-right',	NULL,	NULL,	NULL,	NULL,	NULL,	NULL,	NULL,	NULL,	NULL,	NULL,	NULL),
(14,	'skin_colour',	'blue',	NULL,	NULL,	NULL,	NULL,	NULL,	NULL,	NULL,	NULL,	NULL,	NULL,	NULL),
(15,	'system_setup_completed',	'1',	NULL,	NULL,	NULL,	NULL,	NULL,	NULL,	NULL,	NULL,	NULL,	NULL,	NULL);

DROP TABLE IF EXISTS `status`;
CREATE TABLE `status` (
  `status_id` int(11) NOT NULL AUTO_INCREMENT,
  `status_track_number` varchar(100) NOT NULL,
  `status_name` varchar(50) NOT NULL,
  `fk_workflow_id` int(11) NOT NULL,
  `fk_approve_item_id` int(11) NOT NULL,
  `status_approval_sequence` int(10) NOT NULL,
  `status_backflow_sequence` int(10) NOT NULL,
  `status_approval_direction` int(5) NOT NULL COMMENT '1-straight jumps, 0 - return jumps, -1 - reverse jump',
  `status_is_requiring_approver_action` int(5) NOT NULL DEFAULT '1',
  `fk_role_id` int(100) NOT NULL,
  `fk_account_system_id` int(100) NOT NULL DEFAULT '1',
  `status_created_date` date NOT NULL,
  `status_created_by` int(100) NOT NULL,
  `status_last_modified_date` timestamp NOT NULL DEFAULT CURRENT_TIMESTAMP ON UPDATE CURRENT_TIMESTAMP,
  `status_last_modified_by` int(100) NOT NULL,
  `fk_approval_id` int(100) DEFAULT NULL,
  `fk_status_id` int(100) DEFAULT NULL,
  PRIMARY KEY (`status_id`),
  KEY `fk_approve_item_id` (`fk_approve_item_id`),
  KEY `fk_role_id` (`fk_role_id`),
  CONSTRAINT `status_ibfk_2` FOREIGN KEY (`fk_approve_item_id`) REFERENCES `approve_item` (`approve_item_id`),
  CONSTRAINT `status_ibfk_3` FOREIGN KEY (`fk_role_id`) REFERENCES `role` (`role_id`)
) ENGINE=InnoDB DEFAULT CHARSET=latin1;

INSERT INTO `status` (`status_id`, `status_track_number`, `status_name`, `fk_workflow_id`, `fk_approve_item_id`, `status_approval_sequence`, `status_backflow_sequence`, `status_approval_direction`, `status_is_requiring_approver_action`, `fk_role_id`, `fk_account_system_id`, `status_created_date`, `status_created_by`, `status_last_modified_date`, `status_last_modified_by`, `fk_approval_id`, `fk_status_id`) VALUES
(45,	'',	'New',	2,	20,	1,	0,	1,	0,	10,	1,	'2019-11-03',	1,	'2020-03-20 17:14:15',	1,	NULL,	NULL),
(67,	'',	'New',	0,	42,	1,	0,	1,	0,	10,	1,	'2019-11-21',	1,	'2020-03-20 17:14:15',	1,	NULL,	NULL),
(68,	'',	'New',	0,	43,	1,	0,	1,	0,	10,	1,	'2019-11-21',	1,	'2020-03-20 17:14:15',	1,	NULL,	NULL),
(69,	'',	'New',	0,	44,	1,	0,	1,	0,	10,	1,	'2019-11-21',	1,	'2020-03-20 17:14:15',	1,	NULL,	NULL),
(76,	'',	'New',	0,	51,	1,	0,	1,	0,	10,	1,	'2019-11-21',	1,	'2020-03-20 17:14:15',	1,	NULL,	NULL),
(77,	'',	'New',	0,	52,	1,	0,	1,	0,	10,	1,	'2019-11-22',	1,	'2020-03-20 17:14:15',	1,	NULL,	NULL),
(87,	'STUS-43859',	'New',	0,	62,	1,	0,	1,	0,	10,	1,	'2019-11-23',	1,	'2020-03-07 04:24:52',	1,	NULL,	NULL),
(142,	'',	'New',	0,	54,	1,	0,	1,	0,	10,	1,	'2019-11-22',	1,	'2020-03-20 17:14:15',	1,	NULL,	NULL),
(172,	'STUS-44462',	'New',	0,	41,	1,	0,	1,	0,	1,	0,	'2020-03-23',	1,	'2020-03-23 16:51:58',	1,	NULL,	NULL),
(173,	'STUS-30204',	'New',	0,	50,	1,	0,	1,	0,	1,	0,	'2020-03-23',	1,	'2020-03-23 16:51:59',	1,	NULL,	NULL),
(174,	'STUS-30117',	'New',	0,	45,	1,	0,	1,	0,	1,	0,	'2020-03-23',	1,	'2020-03-23 16:51:59',	1,	NULL,	NULL),
(175,	'STUS-42342',	'New',	0,	53,	1,	0,	1,	0,	1,	0,	'2020-03-23',	1,	'2020-03-23 16:51:59',	1,	NULL,	NULL),
(177,	'STUS-70610',	'New',	0,	55,	1,	0,	1,	0,	1,	0,	'2020-03-23',	1,	'2020-03-23 16:51:59',	1,	NULL,	NULL),
(313,	'STUS-16597',	'New',	0,	296,	1,	0,	1,	0,	1,	0,	'2020-03-23',	1,	'2020-03-23 17:32:17',	1,	NULL,	NULL),
(314,	'STUS-30623',	'New',	0,	297,	1,	0,	1,	0,	1,	0,	'2020-03-23',	1,	'2020-03-23 17:32:17',	1,	NULL,	NULL),
(315,	'STUS-54229',	'New',	0,	298,	1,	0,	1,	0,	1,	0,	'2020-03-23',	1,	'2020-03-23 17:32:17',	1,	NULL,	NULL),
(316,	'STUS-62210',	'New',	0,	299,	1,	0,	1,	0,	1,	0,	'2020-03-23',	1,	'2020-03-23 17:32:17',	1,	NULL,	NULL),
(317,	'STUS-63688',	'New',	0,	300,	1,	0,	1,	0,	1,	0,	'2020-03-23',	1,	'2020-03-23 17:32:17',	1,	NULL,	NULL),
(318,	'STUS-14177',	'New',	0,	301,	1,	0,	1,	0,	1,	0,	'2020-03-23',	1,	'2020-03-23 17:32:17',	1,	NULL,	NULL),
(319,	'STUS-88392',	'New',	0,	302,	1,	0,	1,	0,	1,	0,	'2020-03-23',	1,	'2020-03-23 17:32:17',	1,	NULL,	NULL),
(320,	'STUS-54721',	'New',	0,	303,	1,	0,	1,	0,	1,	0,	'2020-03-23',	1,	'2020-03-23 17:32:17',	1,	NULL,	NULL),
(321,	'STUS-52513',	'New',	0,	304,	1,	0,	1,	0,	1,	0,	'2020-03-23',	1,	'2020-03-23 17:32:17',	1,	NULL,	NULL),
(322,	'STUS-46011',	'New',	0,	305,	1,	0,	1,	0,	1,	0,	'2020-03-23',	1,	'2020-03-23 17:32:17',	1,	NULL,	NULL),
(323,	'STUS-9928',	'New',	0,	306,	1,	0,	1,	0,	1,	0,	'2020-03-23',	1,	'2020-03-23 17:32:17',	1,	NULL,	NULL),
(324,	'STUS-11963',	'New',	0,	307,	1,	0,	1,	0,	1,	0,	'2020-03-23',	1,	'2020-03-23 17:32:17',	1,	NULL,	NULL),
(325,	'STUS-69975',	'New',	0,	308,	1,	0,	1,	0,	1,	0,	'2020-03-23',	1,	'2020-03-23 17:32:18',	1,	NULL,	NULL),
(326,	'STUS-25990',	'New',	0,	309,	1,	0,	1,	0,	1,	0,	'2020-03-23',	1,	'2020-03-23 17:32:18',	1,	NULL,	NULL),
(327,	'STUS-2685',	'New',	0,	295,	1,	0,	1,	0,	1,	0,	'2020-03-23',	1,	'2020-03-23 17:32:18',	1,	NULL,	NULL),
(328,	'STUS-5862',	'New',	0,	310,	1,	0,	1,	0,	1,	0,	'2020-03-23',	1,	'2020-03-23 17:32:18',	1,	NULL,	NULL),
(329,	'STUS-28265',	'New',	0,	311,	1,	0,	1,	0,	1,	0,	'2020-03-23',	1,	'2020-03-23 17:32:18',	1,	NULL,	NULL),
(330,	'STUS-82819',	'New',	0,	312,	1,	0,	1,	0,	1,	0,	'2020-03-23',	1,	'2020-03-23 17:32:18',	1,	NULL,	NULL),
(331,	'STUS-87899',	'New',	0,	313,	1,	0,	1,	0,	1,	0,	'2020-03-23',	1,	'2020-03-23 17:32:18',	1,	NULL,	NULL),
(332,	'STUS-47728',	'New',	0,	314,	1,	0,	1,	0,	1,	0,	'2020-03-23',	1,	'2020-03-23 17:32:18',	1,	NULL,	NULL),
(333,	'STUS-61014',	'New',	0,	315,	1,	0,	1,	0,	1,	0,	'2020-03-23',	1,	'2020-03-23 17:32:18',	1,	NULL,	NULL),
(334,	'STUS-41156',	'New',	0,	316,	1,	0,	1,	0,	1,	0,	'2020-03-23',	1,	'2020-03-23 17:32:18',	1,	NULL,	NULL),
(335,	'STUS-47855',	'New',	0,	317,	1,	0,	1,	0,	1,	0,	'2020-03-23',	1,	'2020-03-23 17:32:18',	1,	NULL,	NULL),
(336,	'STUS-15101',	'New',	0,	318,	1,	0,	1,	0,	1,	0,	'2020-03-23',	1,	'2020-03-23 17:32:18',	1,	NULL,	NULL),
(337,	'STUS-61418',	'New',	0,	319,	1,	0,	1,	0,	1,	0,	'2020-03-23',	1,	'2020-03-23 17:32:18',	1,	NULL,	NULL),
(338,	'STUS-43315',	'New',	0,	320,	1,	0,	1,	0,	1,	0,	'2020-03-23',	1,	'2020-03-23 17:32:18',	1,	NULL,	NULL),
(339,	'STUS-26243',	'New',	0,	321,	1,	0,	1,	0,	1,	0,	'2020-03-23',	1,	'2020-03-23 17:32:19',	1,	NULL,	NULL),
(340,	'STUS-22033',	'New',	0,	322,	1,	0,	1,	0,	1,	0,	'2020-03-23',	1,	'2020-03-23 17:32:19',	1,	NULL,	NULL),
(341,	'STUS-74990',	'New',	0,	323,	1,	0,	1,	0,	1,	0,	'2020-03-23',	1,	'2020-03-23 17:32:19',	1,	NULL,	NULL),
(342,	'STUS-81512',	'New',	0,	324,	1,	0,	1,	0,	1,	0,	'2020-03-23',	1,	'2020-03-23 17:32:19',	1,	NULL,	NULL),
(343,	'STUS-28015',	'New',	0,	325,	1,	0,	1,	0,	1,	0,	'2020-03-23',	1,	'2020-03-23 17:32:19',	1,	NULL,	NULL),
(344,	'STUS-3238',	'New',	0,	326,	1,	0,	1,	0,	1,	0,	'2020-03-23',	1,	'2020-03-23 17:32:19',	1,	NULL,	NULL),
(345,	'STUS-26511',	'New',	0,	327,	1,	0,	1,	0,	1,	0,	'2020-03-23',	1,	'2020-03-23 17:32:19',	1,	NULL,	NULL),
(346,	'STUS-49773',	'New',	0,	328,	1,	0,	1,	0,	1,	0,	'2020-03-23',	1,	'2020-03-23 17:32:19',	1,	NULL,	NULL),
(347,	'STUS-46640',	'New',	0,	329,	1,	0,	1,	0,	1,	0,	'2020-03-23',	1,	'2020-03-23 17:32:19',	1,	NULL,	NULL),
(348,	'STUS-78203',	'New',	0,	330,	1,	0,	1,	0,	1,	0,	'2020-03-23',	1,	'2020-03-23 17:32:19',	1,	NULL,	NULL),
(349,	'STUS-38370',	'New',	0,	331,	1,	0,	1,	0,	1,	0,	'2020-03-23',	1,	'2020-03-23 17:32:19',	1,	NULL,	NULL),
(350,	'STUS-23337',	'New',	0,	332,	1,	0,	1,	0,	1,	0,	'2020-03-23',	1,	'2020-03-23 17:32:19',	1,	NULL,	NULL),
(351,	'STUS-35189',	'New',	0,	333,	1,	0,	1,	0,	1,	0,	'2020-03-23',	1,	'2020-03-23 17:32:20',	1,	NULL,	NULL),
(352,	'STUS-47066',	'New',	0,	334,	1,	0,	1,	0,	1,	0,	'2020-03-23',	1,	'2020-03-23 17:32:20',	1,	NULL,	NULL),
(353,	'STUS-28153',	'New',	0,	99,	1,	0,	1,	0,	1,	0,	'2020-03-23',	1,	'2020-03-23 17:32:20',	1,	NULL,	NULL),
(354,	'STUS-49434',	'New',	0,	335,	1,	0,	1,	0,	1,	0,	'2020-03-23',	1,	'2020-03-23 17:32:20',	1,	NULL,	NULL),
(355,	'STUS-52645',	'New',	0,	336,	1,	0,	1,	0,	1,	0,	'2020-03-23',	1,	'2020-03-23 17:32:20',	1,	NULL,	NULL),
(356,	'STUS-32139',	'New',	0,	337,	1,	0,	1,	0,	1,	0,	'2020-03-23',	1,	'2020-03-23 17:32:20',	1,	NULL,	NULL),
(357,	'STUS-89397',	'New',	0,	338,	1,	0,	1,	0,	1,	0,	'2020-03-23',	1,	'2020-03-23 17:32:20',	1,	NULL,	NULL),
(358,	'STUS-47277',	'New',	0,	339,	1,	0,	1,	0,	1,	0,	'2020-03-23',	1,	'2020-03-23 17:32:20',	1,	NULL,	NULL),
(359,	'STUS-74615',	'New',	0,	340,	1,	0,	1,	0,	1,	0,	'2020-03-23',	1,	'2020-03-23 17:32:20',	1,	NULL,	NULL),
(360,	'STUS-26685',	'New',	0,	341,	1,	0,	1,	0,	1,	0,	'2020-03-23',	1,	'2020-03-23 17:32:20',	1,	NULL,	NULL),
(361,	'STUS-9744',	'New',	0,	342,	1,	0,	1,	0,	1,	0,	'2020-03-23',	1,	'2020-03-23 17:32:20',	1,	NULL,	NULL),
(362,	'STUS-48715',	'New',	0,	343,	1,	0,	1,	0,	1,	0,	'2020-03-23',	1,	'2020-03-23 17:32:20',	1,	NULL,	NULL),
(363,	'STUS-13867',	'New',	0,	344,	1,	0,	1,	0,	1,	0,	'2020-03-23',	1,	'2020-03-23 17:32:21',	1,	NULL,	NULL),
(364,	'STUS-57117',	'New',	0,	345,	1,	0,	1,	0,	1,	0,	'2020-03-23',	1,	'2020-03-23 17:32:21',	1,	NULL,	NULL),
(365,	'STUS-18779',	'New',	0,	346,	1,	0,	1,	0,	1,	0,	'2020-03-23',	1,	'2020-03-23 17:32:21',	1,	NULL,	NULL),
(366,	'STUS-46597',	'New',	0,	347,	1,	0,	1,	0,	1,	0,	'2020-03-23',	1,	'2020-03-23 17:32:21',	1,	NULL,	NULL),
(367,	'STUS-86687',	'New',	0,	348,	1,	0,	1,	0,	1,	0,	'2020-03-23',	1,	'2020-03-23 17:32:21',	1,	NULL,	NULL),
(368,	'STUS-39519',	'New',	0,	349,	1,	0,	1,	0,	1,	0,	'2020-03-23',	1,	'2020-03-23 17:32:21',	1,	NULL,	NULL),
(369,	'STUS-84879',	'New',	0,	350,	1,	0,	1,	0,	1,	0,	'2020-03-23',	1,	'2020-03-23 17:32:21',	1,	NULL,	NULL),
(370,	'STUS-22430',	'New',	0,	351,	1,	0,	1,	0,	1,	0,	'2020-03-23',	1,	'2020-03-23 17:32:21',	1,	NULL,	NULL),
(371,	'STUS-89803',	'New',	0,	352,	1,	0,	1,	0,	1,	0,	'2020-03-23',	1,	'2020-03-23 17:32:21',	1,	NULL,	NULL),
(372,	'STUS-7086',	'New',	0,	353,	1,	0,	1,	0,	1,	0,	'2020-03-23',	1,	'2020-03-23 17:32:21',	1,	NULL,	NULL),
(373,	'STUS-22328',	'New',	0,	354,	1,	0,	1,	0,	1,	0,	'2020-03-23',	1,	'2020-03-26 09:38:00',	1,	NULL,	NULL),
(374,	'STUS-47172',	'New',	0,	355,	1,	0,	1,	0,	1,	0,	'2020-03-23',	1,	'2020-03-23 17:32:21',	1,	NULL,	NULL),
(375,	'STUS-4688',	'New',	0,	356,	1,	0,	1,	0,	1,	0,	'2020-03-23',	1,	'2020-03-23 17:32:22',	1,	NULL,	NULL),
(376,	'STUS-81247',	'New',	0,	357,	1,	0,	1,	0,	1,	0,	'2020-03-23',	1,	'2020-03-23 17:32:22',	1,	NULL,	NULL),
(377,	'STUS-21173',	'New',	0,	358,	1,	0,	1,	0,	1,	0,	'2020-03-23',	1,	'2020-03-23 17:32:22',	1,	NULL,	NULL),
(378,	'STUS-39988',	'New',	0,	359,	1,	0,	1,	0,	1,	0,	'2020-03-23',	1,	'2020-03-23 17:32:22',	1,	NULL,	NULL),
(379,	'STUS-15704',	'New',	0,	360,	1,	0,	1,	0,	1,	0,	'2020-03-23',	1,	'2020-03-23 17:32:22',	1,	NULL,	NULL),
(380,	'STUS-84648',	'New',	0,	361,	1,	0,	1,	0,	1,	0,	'2020-03-23',	1,	'2020-03-23 17:32:22',	1,	NULL,	NULL),
(381,	'STUS-64403',	'New',	0,	362,	1,	0,	1,	0,	1,	0,	'2020-03-26',	1,	'2020-03-26 08:09:33',	1,	NULL,	NULL);

DROP TABLE IF EXISTS `status_role`;
CREATE TABLE `status_role` (
  `status_role_id` int(100) NOT NULL AUTO_INCREMENT,
  `status_role_track_number` varchar(100) NOT NULL,
  `status_role_name` varchar(50) NOT NULL,
  `fk_role_id` int(100) NOT NULL,
  `fk_status_id` int(11) NOT NULL,
  `status_role_created_by` int(100) NOT NULL,
  `status_role_created_date` date NOT NULL DEFAULT '0000-00-00',
  `status_role_last_modified_by` int(100) NOT NULL,
  `status_role_last_modified_date` timestamp NOT NULL DEFAULT CURRENT_TIMESTAMP ON UPDATE CURRENT_TIMESTAMP,
  `fk_approval_id` int(11) NOT NULL,
  PRIMARY KEY (`status_role_id`),
  KEY `fk_role_id` (`fk_role_id`),
  CONSTRAINT `status_role_ibfk_4` FOREIGN KEY (`fk_role_id`) REFERENCES `role` (`role_id`) ON DELETE CASCADE
) ENGINE=InnoDB DEFAULT CHARSET=latin1;


DROP TABLE IF EXISTS `system_opening_balance`;
CREATE TABLE `system_opening_balance` (
  `system_opening_balance_id` int(100) NOT NULL AUTO_INCREMENT,
  `system_opening_balance_track_number` varchar(100) NOT NULL,
  `system_opening_balance_name` varchar(100) NOT NULL,
  `fk_office_id` int(100) NOT NULL,
  `month` date NOT NULL,
  `system_opening_balance_created_date` date DEFAULT NULL,
  `system_opening_balance_created_by` int(100) DEFAULT NULL,
  `system_opening_balance_last_modified_by` int(100) DEFAULT NULL,
  `system_opening_balance_last_modified_date` date DEFAULT NULL,
  `fk_approval_id` int(100) DEFAULT NULL,
  `fk_status_id` int(100) DEFAULT NULL,
  PRIMARY KEY (`system_opening_balance_id`),
  KEY `fk_office_id` (`fk_office_id`),
  CONSTRAINT `system_opening_balance_ibfk_1` FOREIGN KEY (`fk_office_id`) REFERENCES `office` (`office_id`)
) ENGINE=InnoDB DEFAULT CHARSET=latin1;

INSERT INTO `system_opening_balance` (`system_opening_balance_id`, `system_opening_balance_track_number`, `system_opening_balance_name`, `fk_office_id`, `month`, `system_opening_balance_created_date`, `system_opening_balance_created_by`, `system_opening_balance_last_modified_by`, `system_opening_balance_last_modified_date`, `fk_approval_id`, `fk_status_id`) VALUES
(3,	'SYCE-13762',	'Financial Opening Balance for Lower Eastern and Coast Cohort',	25,	'2020-01-01',	'2020-03-23',	1,	1,	NULL,	2309,	368),
(4,	'SYCE-58722',	'Financial Opening Balance for Malindi-Kilifi Cluster',	26,	'2020-01-01',	'2020-03-23',	1,	1,	NULL,	2312,	368),
(5,	'SYCE-85907',	'Financial Opening Balance for GRC Shingila CDC',	27,	'2020-03-01',	'2020-03-23',	1,	1,	NULL,	2315,	368),
(6,	'SYCE-68402',	'Financial Opening Balance for Mtondia PEFA CDC',	28,	'2020-03-01',	'2020-03-24',	1,	1,	NULL,	2318,	368),
(7,	'SYCE-51431',	'Financial Opening Balance for St. Andrews ACK Malindi',	29,	'2020-03-01',	'2020-03-24',	1,	1,	NULL,	2321,	368);

DROP TABLE IF EXISTS `transaction_effect`;
CREATE TABLE `transaction_effect` (
  `transaction_effect_id` int(100) NOT NULL AUTO_INCREMENT,
  `transaction_effect_name` varchar(100) DEFAULT NULL,
  `transaction_effect_created_date` date DEFAULT NULL,
  `transaction_effect_last_modified_date` date DEFAULT NULL,
  `transaction_effect_deleted_date` date DEFAULT NULL,
  `transaction_effect_created_by` int(100) DEFAULT NULL,
  `transaction_effect_last_modified_by` int(100) DEFAULT NULL,
  `fk_approval_id` int(100) DEFAULT NULL,
  `fk_status_id` int(100) DEFAULT NULL,
  PRIMARY KEY (`transaction_effect_id`)
) ENGINE=InnoDB DEFAULT CHARSET=latin1;

INSERT INTO `transaction_effect` (`transaction_effect_id`, `transaction_effect_name`, `transaction_effect_created_date`, `transaction_effect_last_modified_date`, `transaction_effect_deleted_date`, `transaction_effect_created_by`, `transaction_effect_last_modified_by`, `fk_approval_id`, `fk_status_id`) VALUES
(1,	'payment',	NULL,	NULL,	NULL,	NULL,	NULL,	NULL,	NULL),
(2,	'revenue',	NULL,	NULL,	NULL,	NULL,	NULL,	NULL,	NULL);

DROP TABLE IF EXISTS `translation`;
CREATE TABLE `translation` (
  `translation_id` int(100) NOT NULL AUTO_INCREMENT,
  `language_phrase_id` int(100) DEFAULT NULL,
  `language_id` int(100) DEFAULT NULL,
  `translate` longtext,
  `created_date` date DEFAULT NULL,
  `last_modified_date` date DEFAULT NULL,
  `deleted_date` date DEFAULT NULL,
  `created_by` int(100) DEFAULT NULL,
  `last_modified_by` int(100) DEFAULT NULL,
  `translation_created_date` date DEFAULT NULL,
  `translation_created_by` int(100) DEFAULT NULL,
  `translation_last_modified_by` int(100) DEFAULT NULL,
  `translation_last_modified_date` date DEFAULT NULL,
  `fk_approval_id` int(100) DEFAULT NULL,
  `fk_status_id` int(100) DEFAULT NULL,
  PRIMARY KEY (`translation_id`),
  KEY `fk_translation_language1_idx` (`language_id`),
  KEY `fk_translation_language_phrase1_idx` (`language_phrase_id`),
  CONSTRAINT `fk_translation_language1` FOREIGN KEY (`language_id`) REFERENCES `language` (`language_id`) ON DELETE NO ACTION ON UPDATE NO ACTION,
  CONSTRAINT `fk_translation_language_phrase1` FOREIGN KEY (`language_phrase_id`) REFERENCES `language_phrase` (`language_phrase_id`) ON DELETE NO ACTION ON UPDATE NO ACTION
) ENGINE=InnoDB DEFAULT CHARSET=latin1;


DROP TABLE IF EXISTS `user`;
CREATE TABLE `user` (
  `user_id` int(100) NOT NULL AUTO_INCREMENT,
  `user_track_number` varchar(100) NOT NULL,
  `user_name` varchar(100) NOT NULL,
  `user_firstname` varchar(100) NOT NULL,
  `user_lastname` varchar(100) NOT NULL,
  `user_email` varchar(100) NOT NULL,
  `fk_context_definition_id` int(100) NOT NULL,
  `user_is_context_manager` int(5) NOT NULL,
  `user_is_system_admin` int(5) NOT NULL DEFAULT '0',
  `fk_language_id` int(100) DEFAULT NULL COMMENT 'User''s default language',
  `user_is_active` int(5) NOT NULL DEFAULT '1',
  `fk_role_id` int(100) DEFAULT NULL,
  `user_password` varchar(100) NOT NULL,
  `user_created_date` date NOT NULL,
  `user_created_by` int(100) NOT NULL,
  `user_last_modified_date` timestamp NOT NULL DEFAULT CURRENT_TIMESTAMP,
  `user_last_modifed_by` int(100) DEFAULT NULL,
  `user_last_modified_by` int(100) NOT NULL,
  `fk_approval_id` int(100) DEFAULT NULL,
  `fk_status_id` int(100) DEFAULT NULL,
  PRIMARY KEY (`user_id`),
  UNIQUE KEY `user_name` (`user_name`),
  UNIQUE KEY `user_email` (`user_email`),
  KEY `fk_language_id` (`fk_language_id`),
  KEY `fk_role_id` (`fk_role_id`),
  KEY `fk_center_group_hierarchy_id` (`fk_context_definition_id`),
  CONSTRAINT `user_ibfk_2` FOREIGN KEY (`fk_role_id`) REFERENCES `role` (`role_id`),
  CONSTRAINT `user_ibfk_3` FOREIGN KEY (`fk_language_id`) REFERENCES `language` (`language_id`),
  CONSTRAINT `user_ibfk_4` FOREIGN KEY (`fk_context_definition_id`) REFERENCES `context_definition` (`context_definition_id`)
) ENGINE=InnoDB DEFAULT CHARSET=latin1;

INSERT INTO `user` (`user_id`, `user_track_number`, `user_name`, `user_firstname`, `user_lastname`, `user_email`, `fk_context_definition_id`, `user_is_context_manager`, `user_is_system_admin`, `fk_language_id`, `user_is_active`, `fk_role_id`, `user_password`, `user_created_date`, `user_created_by`, `user_last_modified_date`, `user_last_modifed_by`, `user_last_modified_by`, `fk_approval_id`, `fk_status_id`) VALUES
(1,	'USR-84763',	'nkmwambs',	'Nicodemus',	'Karisa',	'nkmwambs@gmail.com',	12,	0,	1,	1,	1,	1,	'fbdf9989ea636d6b339fd6b85f63e06e',	'0000-00-00',	0,	'2019-11-07 07:54:59',	NULL,	0,	NULL,	NULL),
(2,	'USER-27302',	'londuso',	'Livingstone',	'Onduso',	'londuso@ke.ci.org',	13,	0,	0,	1,	1,	11,	'fbdf9989ea636d6b339fd6b85f63e06e',	'2020-03-30',	1,	'2020-03-30 08:33:05',	NULL,	1,	2381,	371);

DROP TABLE IF EXISTS `variance_note`;
CREATE TABLE `variance_note` (
  `variance_note_id` int(100) NOT NULL AUTO_INCREMENT,
  `reconciliation_id` int(100) DEFAULT NULL,
  `expense_account_id` int(100) DEFAULT NULL,
  `created_by` varchar(45) DEFAULT NULL,
  `created_date` varchar(45) DEFAULT NULL,
  `last_modified_date` varchar(45) DEFAULT NULL,
  `last_modified_by` varchar(45) DEFAULT NULL,
  `variance_note_detail` longtext,
  `variance_note_created_date` date DEFAULT NULL,
  `variance_note_created_by` int(100) DEFAULT NULL,
  `variance_note_last_modified_by` int(100) DEFAULT NULL,
  `variance_note_last_modified_date` date DEFAULT NULL,
  `fk_approval_id` int(100) DEFAULT NULL,
  `fk_status_id` int(100) DEFAULT NULL,
  PRIMARY KEY (`variance_note_id`),
  KEY `fk_variance_comment_reconciliation1_idx` (`reconciliation_id`),
  KEY `fk_variance_comment_expense_account1_idx` (`expense_account_id`),
  CONSTRAINT `fk_variance_comment_expense_account1` FOREIGN KEY (`expense_account_id`) REFERENCES `expense_account` (`expense_account_id`) ON DELETE NO ACTION ON UPDATE NO ACTION,
  CONSTRAINT `fk_variance_comment_reconciliation1` FOREIGN KEY (`reconciliation_id`) REFERENCES `reconciliation` (`reconciliation_id`) ON DELETE NO ACTION ON UPDATE NO ACTION
) ENGINE=InnoDB DEFAULT CHARSET=latin1;


DROP TABLE IF EXISTS `voucher`;
CREATE TABLE `voucher` (
  `voucher_id` int(100) NOT NULL AUTO_INCREMENT,
  `voucher_track_number` varchar(50) DEFAULT NULL,
  `voucher_name` varchar(100) DEFAULT NULL,
  `voucher_number` int(10) DEFAULT NULL,
  `fk_office_id` int(100) DEFAULT NULL,
  `voucher_date` date DEFAULT NULL,
  `fk_voucher_type_id` int(100) DEFAULT NULL,
  `voucher_cleared` int(5) DEFAULT '0',
  `voucher_cleared_month` date DEFAULT NULL,
  `fk_approval_id` int(100) DEFAULT NULL,
  `fk_status_id` int(100) DEFAULT NULL,
  `fk_office_bank_id` int(100) DEFAULT NULL,
  `voucher_cheque_number` int(100) DEFAULT NULL,
  `voucher_transaction_cleared_date` date DEFAULT '0000-00-00',
  `voucher_transaction_cleared_month` date DEFAULT '0000-00-00',
  `voucher_vendor` varchar(100) DEFAULT NULL,
  `voucher_vendor_address` varchar(100) DEFAULT NULL,
  `voucher_description` varchar(200) DEFAULT NULL,
  `voucher_allow_edit` int(5) DEFAULT '0',
  `voucher_created_by` int(100) DEFAULT NULL,
  `voucher_created_date` date DEFAULT NULL,
  `voucher_last_modified_date` timestamp NULL DEFAULT CURRENT_TIMESTAMP,
  `voucher_last_modified_by` int(100) DEFAULT NULL,
  PRIMARY KEY (`voucher_id`),
  KEY `fk_voucher_center1_idx` (`fk_office_id`),
  KEY `fk_voucher_voucher_type1_idx` (`fk_voucher_type_id`),
  KEY `fk_approval_id` (`fk_approval_id`),
  KEY `fk_status_id` (`fk_status_id`),
  CONSTRAINT `fk_voucher_voucher_type1` FOREIGN KEY (`fk_voucher_type_id`) REFERENCES `voucher_type` (`voucher_type_id`) ON DELETE NO ACTION ON UPDATE NO ACTION,
  CONSTRAINT `voucher_ibfk_1` FOREIGN KEY (`fk_approval_id`) REFERENCES `approval` (`approval_id`) ON DELETE CASCADE,
  CONSTRAINT `voucher_ibfk_2` FOREIGN KEY (`fk_status_id`) REFERENCES `status` (`status_id`) ON DELETE NO ACTION,
  CONSTRAINT `voucher_ibfk_3` FOREIGN KEY (`fk_office_id`) REFERENCES `office` (`office_id`) ON DELETE CASCADE ON UPDATE CASCADE
) ENGINE=InnoDB DEFAULT CHARSET=latin1 COMMENT='This holds transactions ';

INSERT INTO `voucher` (`voucher_id`, `voucher_track_number`, `voucher_name`, `voucher_number`, `fk_office_id`, `voucher_date`, `fk_voucher_type_id`, `voucher_cleared`, `voucher_cleared_month`, `fk_approval_id`, `fk_status_id`, `fk_office_bank_id`, `voucher_cheque_number`, `voucher_transaction_cleared_date`, `voucher_transaction_cleared_month`, `voucher_vendor`, `voucher_vendor_address`, `voucher_description`, `voucher_allow_edit`, `voucher_created_by`, `voucher_created_date`, `voucher_last_modified_date`, `voucher_last_modified_by`) VALUES
(1,	'VOER-13807',	'Voucher # VOER-47806',	200301,	29,	'2020-03-01',	5,	1,	'2020-03-31',	2354,	373,	0,	0,	'0000-00-00',	'0000-00-00',	'HQ',	'Support Funds',	'Support Funds',	0,	1,	'2020-03-24',	'2020-03-24 18:56:36',	1),
(2,	'VOER-11755',	'Voucher # VOER-79996',	200302,	29,	'2020-03-01',	3,	1,	'2020-03-31',	2355,	373,	1,	1,	'0000-00-00',	'0000-00-00',	'Various Vendors',	'Various Vendors',	'Various Vendors',	0,	1,	'2020-03-24',	'2020-03-24 18:58:36',	1),
(3,	'VOER-14939',	'Voucher # VOER-69150',	200303,	29,	'2020-03-01',	5,	1,	'2020-03-31',	2356,	373,	0,	0,	'0000-00-00',	'0000-00-00',	'Various',	'Various',	'Local Contribution',	0,	1,	'2020-03-26',	'2020-03-26 06:55:57',	1),
(4,	'VOER-34637',	'Voucher # VOER-64837',	200301,	27,	'2020-03-01',	5,	0,	NULL,	2361,	373,	0,	0,	'0000-00-00',	'0000-00-00',	'HQ',	'HQ Donor Grants',	'HQ Donor Grants for Home Improvement',	0,	1,	'2020-03-26',	'2020-03-26 07:05:26',	1),
(5,	'VOER-10368',	'Voucher # VOER-21815',	200302,	27,	'2020-03-01',	2,	0,	NULL,	2362,	373,	0,	0,	'0000-00-00',	'0000-00-00',	'Bata Co. Ltd',	'Bata Co. Ltd',	'Bata Co. Ltd',	0,	1,	'2020-03-26',	'2020-03-26 07:56:27',	1),
(6,	'VOER-36943',	'Voucher # VOER-34605',	200304,	29,	'2020-03-01',	4,	0,	NULL,	2367,	373,	1,	2,	'0000-00-00',	'0000-00-00',	'Internal',	'Petty Cash Box Imprest',	'Petty Cash Box Imprest',	0,	1,	'2020-03-26',	'2020-03-26 08:57:08',	1),
(7,	'VOER-56093',	'Voucher # VOER-21419',	200305,	29,	'2020-03-01',	9,	0,	NULL,	2368,	373,	0,	0,	'0000-00-00',	'0000-00-00',	'Internal Rebanking',	'Internal Rebanking',	'Internal Rebanking',	0,	1,	'2020-03-26',	'2020-03-26 08:58:23',	1),
(8,	'VOER-16879',	'Voucher # VOER-89098',	200306,	29,	'2020-03-01',	8,	0,	NULL,	2369,	373,	0,	0,	'0000-00-00',	'0000-00-00',	'Various',	'Petty Cash Income',	'Petty Cash Income',	0,	1,	'2020-03-26',	'2020-03-26 09:00:22',	1),
(9,	'VOER-28910',	'Voucher # VOER-43721',	200307,	29,	'2020-03-01',	8,	0,	NULL,	2370,	373,	0,	0,	'0000-00-00',	'0000-00-00',	'Another PC Income',	'Another PC Income',	'Another PC Income',	0,	1,	'2020-03-26',	'2020-03-26 09:14:57',	1),
(10,	'VOER-10890',	'Voucher # VOER-76047',	200308,	29,	'2020-03-01',	3,	0,	NULL,	2371,	373,	2,	1,	'0000-00-00',	'0000-00-00',	'Schools',	'School fees payment',	'School fees payment',	0,	1,	'2020-03-26',	'2020-03-26 10:42:18',	1),
(11,	'VOER-33848',	'Voucher # VOER-86652',	200309,	29,	'2020-03-01',	3,	1,	'2020-03-31',	2387,	373,	1,	3,	'0000-00-00',	'0000-00-00',	'Test voucher',	'Test voucher',	'Test voucher',	0,	1,	'2020-04-02',	'2020-04-02 07:54:50',	1);

DROP TABLE IF EXISTS `voucher_detail`;
CREATE TABLE `voucher_detail` (
  `voucher_detail_id` int(100) NOT NULL AUTO_INCREMENT,
  `voucher_detail_track_number` varchar(100) DEFAULT NULL,
  `voucher_detail_name` varchar(100) DEFAULT NULL,
  `fk_voucher_id` int(100) DEFAULT NULL,
  `voucher_detail_description` varchar(45) DEFAULT NULL,
  `voucher_detail_quantity` int(10) DEFAULT NULL,
  `voucher_detail_unit_cost` decimal(10,2) DEFAULT NULL,
  `voucher_detail_total_cost` decimal(10,2) DEFAULT NULL,
  `fk_expense_account_id` int(100) NOT NULL DEFAULT '0' COMMENT 'Can be income_account_id or expense_account_id depending on the selected voucher type',
  `fk_income_account_id` int(100) NOT NULL DEFAULT '0',
  `fk_bank_contra_account_id` int(100) NOT NULL DEFAULT '0',
  `fk_cash_contra_account_id` int(100) NOT NULL DEFAULT '0',
  `fk_approval_id` int(100) NOT NULL DEFAULT '0',
  `fk_status_id` int(100) NOT NULL DEFAULT '0',
  `fk_request_detail_id` int(100) NOT NULL DEFAULT '0',
  `fk_project_allocation_id` int(100) NOT NULL DEFAULT '0',
  `voucher_detail_last_modified_date` date DEFAULT NULL,
  `voucher_detail_last_modified_by` varchar(45) DEFAULT NULL,
  `voucher_detail_created_by` int(100) DEFAULT NULL,
  `voucher_detail_created_date` date DEFAULT NULL,
  PRIMARY KEY (`voucher_detail_id`),
  KEY `fk_voucher_detail_voucher1_idx` (`fk_voucher_id`),
  KEY `fk_voucher_detail_request_detail1_idx` (`fk_approval_id`),
  CONSTRAINT `voucher_detail_ibfk_3` FOREIGN KEY (`fk_voucher_id`) REFERENCES `voucher` (`voucher_id`)
) ENGINE=InnoDB DEFAULT CHARSET=latin1;

INSERT INTO `voucher_detail` (`voucher_detail_id`, `voucher_detail_track_number`, `voucher_detail_name`, `fk_voucher_id`, `voucher_detail_description`, `voucher_detail_quantity`, `voucher_detail_unit_cost`, `voucher_detail_total_cost`, `fk_expense_account_id`, `fk_income_account_id`, `fk_bank_contra_account_id`, `fk_cash_contra_account_id`, `fk_approval_id`, `fk_status_id`, `fk_request_detail_id`, `fk_project_allocation_id`, `voucher_detail_last_modified_date`, `voucher_detail_last_modified_by`, `voucher_detail_created_by`, `voucher_detail_created_date`) VALUES
(1,	'VOIL-74807',	'Voucher_detail # VOIL-29158',	1,	'Support Funds',	1,	450200.00,	450200.00,	0,	2,	0,	0,	0,	374,	0,	1,	NULL,	NULL,	NULL,	NULL),
(2,	'VOIL-75718',	'Voucher_detail # VOIL-66574',	2,	'Various Vendors',	10,	3400.00,	34000.00,	4,	0,	0,	0,	0,	374,	0,	1,	NULL,	NULL,	NULL,	NULL),
(3,	'VOIL-64470',	'Voucher_detail # VOIL-48639',	3,	'Various',	1,	1550.00,	1550.00,	0,	2,	0,	0,	0,	374,	0,	0,	NULL,	NULL,	NULL,	NULL),
(4,	'VOIL-38151',	'Voucher_detail # VOIL-79866',	4,	'HQ Donor Grants for Home Improvement',	1,	65000.00,	65000.00,	0,	1,	0,	0,	0,	374,	0,	4,	NULL,	NULL,	NULL,	NULL),
(5,	'VOIL-59629',	'Voucher_detail # VOIL-72623',	5,	'Bata Co. Ltd',	10,	1500.00,	15000.00,	4,	0,	0,	0,	0,	374,	0,	3,	NULL,	NULL,	NULL,	NULL),
(6,	'VOIL-72111',	'Voucher_detail # VOIL-22162',	6,	'Petty Cash Box Imprest',	1,	15000.00,	15000.00,	0,	0,	1,	0,	0,	374,	0,	0,	NULL,	NULL,	NULL,	NULL),
(7,	'VOIL-4084',	'Voucher_detail # VOIL-15991',	7,	'Internal Rebanking',	1,	4500.00,	4500.00,	0,	0,	0,	1,	0,	374,	0,	0,	NULL,	NULL,	NULL,	NULL),
(8,	'VOIL-13785',	'Voucher_detail # VOIL-89091',	8,	'Petty Cash Income',	1,	12000.00,	12000.00,	0,	2,	0,	0,	0,	374,	0,	0,	NULL,	NULL,	NULL,	NULL),
(9,	'VOIL-26527',	'Voucher_detail # VOIL-16137',	9,	'Another PC Income',	1,	8500.00,	8500.00,	0,	3,	0,	0,	0,	374,	0,	0,	NULL,	NULL,	NULL,	NULL),
(10,	'VOIL-70773',	'Voucher_detail # VOIL-2704',	10,	'School fees payment 1',	1,	15000.00,	15000.00,	6,	0,	0,	0,	0,	374,	0,	0,	NULL,	NULL,	NULL,	NULL),
(11,	'VOIL-26426',	'Voucher_detail # VOIL-59568',	10,	'School fees payment 2',	2,	8500.00,	17000.00,	1,	0,	0,	0,	0,	374,	0,	0,	NULL,	NULL,	NULL,	NULL),
(12,	'VOIL-79203',	'Voucher_detail # VOIL-60083',	11,	'Test voucher',	1,	2500.00,	2500.00,	1,	0,	0,	0,	0,	374,	0,	1,	NULL,	NULL,	NULL,	NULL);

DROP TABLE IF EXISTS `voucher_type`;
CREATE TABLE `voucher_type` (
  `voucher_type_id` int(100) NOT NULL AUTO_INCREMENT,
  `voucher_type_track_number` varchar(100) NOT NULL,
  `voucher_type_name` varchar(45) DEFAULT NULL,
  `voucher_type_is_active` int(5) DEFAULT NULL,
  `voucher_type_abbrev` varchar(5) DEFAULT NULL,
  `fk_voucher_type_account_id` int(100) DEFAULT NULL COMMENT 'Can be bank, cash or contra',
  `fk_voucher_type_effect_id` int(100) DEFAULT NULL COMMENT 'Can be income or expense',
  `voucher_type_created_by` int(100) DEFAULT NULL,
  `voucher_type_created_date` date DEFAULT NULL,
  `voucher_type_last_modified_by` int(100) DEFAULT NULL,
  `voucher_type_last_modified_date` date DEFAULT NULL,
  `fk_approval_id` int(100) DEFAULT NULL,
  `fk_status_id` int(100) DEFAULT NULL,
  PRIMARY KEY (`voucher_type_id`),
  KEY `fk_voucher_type_voucher_type_transaction_effect1_idx` (`fk_voucher_type_effect_id`),
  KEY `voucher_type_account_id` (`fk_voucher_type_account_id`),
  CONSTRAINT `voucher_type_ibfk_1` FOREIGN KEY (`fk_voucher_type_account_id`) REFERENCES `voucher_type_account` (`voucher_type_account_id`),
  CONSTRAINT `voucher_type_ibfk_2` FOREIGN KEY (`fk_voucher_type_effect_id`) REFERENCES `voucher_type_effect` (`voucher_type_effect_id`)
) ENGINE=InnoDB DEFAULT CHARSET=latin1;

INSERT INTO `voucher_type` (`voucher_type_id`, `voucher_type_track_number`, `voucher_type_name`, `voucher_type_is_active`, `voucher_type_abbrev`, `fk_voucher_type_account_id`, `fk_voucher_type_effect_id`, `voucher_type_created_by`, `voucher_type_created_date`, `voucher_type_last_modified_by`, `voucher_type_last_modified_date`, `fk_approval_id`, `fk_status_id`) VALUES
(2,	'VOPE-73018',	'Payment by Cash',	1,	'PCE',	2,	2,	1,	'2020-01-15',	1,	NULL,	523,	62),
(3,	'VOPE-52694',	'Bank payment',	1,	'CHQ',	1,	2,	1,	'2020-01-15',	1,	NULL,	524,	62),
(4,	'VOPE-3307',	'Petty Cash Top Up',	1,	'CTP',	2,	3,	1,	'2020-01-15',	1,	NULL,	525,	62),
(5,	'VOPE-56398',	'Bank Cash Received',	1,	'BCR',	1,	1,	1,	'2020-01-15',	1,	NULL,	526,	62),
(6,	'VOPE-19114',	'Bank Charges',	1,	'BCHG',	1,	2,	1,	'2020-01-15',	1,	NULL,	527,	62),
(7,	'VOPE-29303',	'Bank Interest Receiveable',	1,	'BIT',	1,	1,	1,	'2020-01-15',	1,	NULL,	528,	62),
(8,	'VOPE-75339',	'Petty Cash Income',	1,	'PCR',	2,	1,	1,	'2020-01-15',	1,	NULL,	529,	62),
(9,	'VOPE-3307',	'Petty Cash Rebanking',	1,	'CTP',	1,	4,	1,	'2020-01-15',	1,	NULL,	525,	62);

DROP TABLE IF EXISTS `voucher_type_account`;
CREATE TABLE `voucher_type_account` (
  `voucher_type_account_id` int(100) NOT NULL AUTO_INCREMENT,
  `voucher_type_account_track_number` varchar(100) NOT NULL,
  `voucher_type_account_name` varchar(100) NOT NULL,
  `voucher_type_account_code` varchar(10) NOT NULL COMMENT 'cash or bank',
  `voucher_type_account_created_date` date DEFAULT NULL,
  `voucher_type_account_created_by` int(100) DEFAULT NULL,
  `voucher_type_account_last_modified_by` int(100) DEFAULT NULL,
  `voucher_type_account_last_modified_date` date DEFAULT NULL,
  `fk_approval_id` int(100) DEFAULT NULL,
  `fk_status_id` int(100) DEFAULT NULL,
  PRIMARY KEY (`voucher_type_account_id`)
) ENGINE=InnoDB DEFAULT CHARSET=latin1;

INSERT INTO `voucher_type_account` (`voucher_type_account_id`, `voucher_type_account_track_number`, `voucher_type_account_name`, `voucher_type_account_code`, `voucher_type_account_created_date`, `voucher_type_account_created_by`, `voucher_type_account_last_modified_by`, `voucher_type_account_last_modified_date`, `fk_approval_id`, `fk_status_id`) VALUES
(1,	'VONT-69699',	'Bank',	'bank',	'2020-01-15',	1,	1,	NULL,	518,	0),
(2,	'VONT-11776',	'Cash',	'cash',	'2020-01-15',	1,	1,	NULL,	519,	0);

DROP TABLE IF EXISTS `voucher_type_effect`;
CREATE TABLE `voucher_type_effect` (
  `voucher_type_effect_id` int(100) NOT NULL AUTO_INCREMENT,
  `voucher_type_effect_track_number` varchar(100) NOT NULL,
  `voucher_type_effect_name` varchar(100) NOT NULL,
  `voucher_type_effect_code` varchar(50) NOT NULL,
  `voucher_type_effect_created_date` date DEFAULT NULL,
  `voucher_type_effect_created_by` int(100) DEFAULT NULL,
  `voucher_type_effect_last_modified_by` int(100) DEFAULT NULL,
  `voucher_type_effect_last_modified_date` date DEFAULT NULL,
  `fk_approval_id` int(100) DEFAULT NULL,
  `fk_status_id` int(100) DEFAULT NULL,
  PRIMARY KEY (`voucher_type_effect_id`)
) ENGINE=InnoDB DEFAULT CHARSET=latin1;

INSERT INTO `voucher_type_effect` (`voucher_type_effect_id`, `voucher_type_effect_track_number`, `voucher_type_effect_name`, `voucher_type_effect_code`, `voucher_type_effect_created_date`, `voucher_type_effect_created_by`, `voucher_type_effect_last_modified_by`, `voucher_type_effect_last_modified_date`, `fk_approval_id`, `fk_status_id`) VALUES
(1,	'VOCT-80726',	'Income',	'income',	'2020-01-15',	1,	1,	NULL,	520,	0),
(2,	'VOCT-37953',	'Expense',	'expense',	'2020-01-15',	1,	1,	NULL,	521,	0),
(3,	'VOCT-51241',	'Bank Contra',	'bank_contra',	'2020-01-15',	1,	1,	NULL,	522,	0),
(4,	'VOCT-12589',	'Cash Contra',	'cash_contra',	'2020-01-16',	1,	1,	NULL,	546,	0);

DROP TABLE IF EXISTS `workflow`;
CREATE TABLE `workflow` (
  `workflow_id` int(100) NOT NULL AUTO_INCREMENT,
  `workflow_name` varchar(100) NOT NULL,
  `workflow_track_number` varchar(100) NOT NULL,
  `fk_approve_item_id` int(100) NOT NULL,
  `fk_context_definition_id` int(100) NOT NULL,
  `workflow_is_active` int(5) NOT NULL DEFAULT '1',
  `workflow_created_date` date DEFAULT NULL,
  `workflow_created_by` int(100) DEFAULT NULL,
  `workflow_last_modified_by` int(100) DEFAULT NULL,
  `workflow_last_modified_date` date DEFAULT NULL,
  `fk_approval_id` int(100) DEFAULT NULL,
  `fk_status_id` int(100) DEFAULT NULL,
  PRIMARY KEY (`workflow_id`),
  KEY `fk_approve_item_id` (`fk_approve_item_id`),
  KEY `fk_context_definition_id` (`fk_context_definition_id`),
  CONSTRAINT `workflow_ibfk_1` FOREIGN KEY (`fk_approve_item_id`) REFERENCES `approve_item` (`approve_item_id`),
  CONSTRAINT `workflow_ibfk_2` FOREIGN KEY (`fk_context_definition_id`) REFERENCES `context_definition` (`context_definition_id`)
) ENGINE=InnoDB DEFAULT CHARSET=latin1;


DROP TABLE IF EXISTS `workplan`;
CREATE TABLE `workplan` (
  `workplan_id` int(100) NOT NULL,
  `workplan_track_number` varchar(100) DEFAULT NULL,
  `workplan_name` varchar(100) DEFAULT NULL,
  `fk_budget_id` int(100) DEFAULT NULL,
  `workplan_description` longtext,
  `workplan_start_date` date DEFAULT NULL,
  `workplan_end_date` date DEFAULT NULL,
  `workplan_created_date` date DEFAULT NULL,
  `workplan_created_by` int(100) DEFAULT NULL,
  `workplan_last_modified_date` date DEFAULT NULL,
  `workplan_last_modified_by` int(100) DEFAULT NULL,
  `fk_approval_id` int(100) DEFAULT NULL,
  `fk_status_id` int(100) DEFAULT NULL,
  PRIMARY KEY (`workplan_id`)
) ENGINE=InnoDB DEFAULT CHARSET=latin1;


DROP TABLE IF EXISTS `workplan_task`;
CREATE TABLE `workplan_task` (
  `workplan_task_id` int(100) NOT NULL AUTO_INCREMENT,
  `fk_workplan_id` int(100) NOT NULL,
  `workplan_task_track_number` varchar(100) NOT NULL,
  `workplan_task_name` varchar(100) NOT NULL,
  `workplan_task_description` longtext NOT NULL,
  `workplan_task_start_date` date NOT NULL,
  `workplan_taskend_date` date NOT NULL,
  `workplan_task_user` int(100) NOT NULL,
  `workplan_task_status` int(5) NOT NULL DEFAULT '1',
  `workplan_task_note` longtext NOT NULL,
  `workplan_task_created_date` date DEFAULT NULL,
  `workplan_task_created_by` int(100) DEFAULT NULL,
  `workplan_task_last_modified_by` int(100) DEFAULT NULL,
  `workplan_task_last_modified_date` date DEFAULT NULL,
  `fk_approval_id` int(100) DEFAULT NULL,
  `fk_status_id` int(100) DEFAULT NULL,
  PRIMARY KEY (`workplan_task_id`),
  KEY `fk_workplan_id` (`fk_workplan_id`),
  KEY `workplan_detail_task_user` (`workplan_task_user`),
  CONSTRAINT `workplan_task_ibfk_1` FOREIGN KEY (`fk_workplan_id`) REFERENCES `workplan` (`workplan_id`),
  CONSTRAINT `workplan_task_ibfk_2` FOREIGN KEY (`workplan_task_user`) REFERENCES `user` (`user_id`)
) ENGINE=InnoDB DEFAULT CHARSET=latin1;


-- 2020-04-03 19:45:40
