-- Adminer 4.6.3 MySQL dump

SET NAMES utf8;
SET time_zone = '+00:00';
SET foreign_key_checks = 0;
SET sql_mode = 'NO_AUTO_VALUE_ON_ZERO';

DROP TABLE IF EXISTS `account_system`;
CREATE TABLE `account_system` (
  `account_system_id` int(100) NOT NULL AUTO_INCREMENT,
  `account_system_track_number` varchar(100) NOT NULL,
  `account_system_name` varchar(100) NOT NULL,
  `account_system_is_allocation_linked_to_account` int(5) NOT NULL,
  `account_system_is_active` int(5) NOT NULL DEFAULT '1',
  `account_system_created_date` date DEFAULT NULL,
  `account_system_created_by` int(100) DEFAULT NULL,
  `account_system_last_modified_by` int(100) DEFAULT NULL,
  `account_system_last_modified_date` date DEFAULT NULL,
  `fk_approval_id` int(100) DEFAULT NULL,
  `fk_status_id` int(100) DEFAULT NULL,
  PRIMARY KEY (`account_system_id`)
) ENGINE=InnoDB DEFAULT CHARSET=latin1;

INSERT INTO `account_system` (`account_system_id`, `account_system_track_number`, `account_system_name`, `account_system_is_allocation_linked_to_account`, `account_system_is_active`, `account_system_created_date`, `account_system_created_by`, `account_system_last_modified_by`, `account_system_last_modified_date`, `fk_approval_id`, `fk_status_id`) VALUES
(1,	'ACEM-25980',	'Global Account System',	1,	1,	'2020-04-29',	1,	1,	NULL,	0,	0);

DROP TABLE IF EXISTS `approval`;
CREATE TABLE `approval` (
  `approval_id` int(11) NOT NULL AUTO_INCREMENT,
  `approval_track_number` varchar(100) NOT NULL,
  `approval_name` varchar(100) NOT NULL,
  `fk_approve_item_id` int(11) NOT NULL,
  `fk_status_id` int(11) NOT NULL,
  `approval_created_by` int(100) NOT NULL,
  `approval_created_date` date NOT NULL,
  `approval_last_modified_date` timestamp NOT NULL DEFAULT CURRENT_TIMESTAMP ON UPDATE CURRENT_TIMESTAMP,
  `approval_last_modified_by` int(100) NOT NULL,
  PRIMARY KEY (`approval_id`),
  KEY `fk_approve_item_id` (`fk_approve_item_id`),
  KEY `fk_status_id` (`fk_status_id`)
) ENGINE=InnoDB DEFAULT CHARSET=latin1;

INSERT INTO `approval` (`approval_id`, `approval_track_number`, `approval_name`, `fk_approve_item_id`, `fk_status_id`, `approval_created_by`, `approval_created_date`, `approval_last_modified_date`, `approval_last_modified_by`) VALUES
(1,	'APAL-77317',	'Approval Ticket # APAL-77317',	5,	2,	1,	'2020-04-29',	'2020-04-29 13:39:43',	1),
(2,	'APAL-82558',	'Approval Ticket # APAL-82558',	5,	2,	1,	'2020-04-29',	'2020-04-29 13:40:49',	1),
(3,	'APAL-6816',	'Approval Ticket # APAL-6816',	65,	61,	1,	'2020-04-29',	'2020-04-29 15:57:30',	1),
(4,	'APAL-43001',	'Approval Ticket # APAL-43001',	29,	25,	1,	'2020-04-29',	'2020-04-29 15:57:53',	1),
(8,	'APAL-53416',	'Approval Ticket # APAL-53416',	27,	23,	1,	'2020-04-29',	'2020-04-29 16:02:17',	1),
(12,	'APAL-22205',	'Approval Ticket # APAL-22205',	72,	67,	1,	'2020-04-29',	'2020-04-29 16:06:05',	1),
(13,	'APAL-81012',	'Approval Ticket # APAL-81012',	22,	18,	1,	'2020-04-29',	'2020-04-29 16:06:05',	1),
(14,	'APAL-16323',	'Approval Ticket # APAL-16323',	28,	24,	1,	'2020-04-29',	'2020-04-29 16:06:05',	1),
(40,	'APAL-57649',	'Approval Ticket # APAL-57649',	72,	67,	1,	'2020-04-30',	'2020-04-30 03:36:56',	1),
(41,	'APAL-73968',	'Approval Ticket # APAL-73968',	72,	67,	1,	'2020-04-30',	'2020-04-30 03:38:36',	1),
(48,	'APAL-12187',	'Approval Ticket # APAL-12187',	72,	67,	1,	'2020-04-30',	'2020-04-30 03:43:13',	1),
(49,	'APAL-11424',	'Approval Ticket # APAL-11424',	22,	18,	1,	'2020-04-30',	'2020-04-30 03:43:13',	1),
(95,	'APAL-47590',	'Approval Ticket # APAL-47590',	72,	67,	1,	'2020-04-30',	'2020-04-30 04:13:44',	1),
(96,	'APAL-58127',	'Approval Ticket # APAL-58127',	22,	18,	1,	'2020-04-30',	'2020-04-30 04:13:44',	1),
(99,	'APAL-47346',	'Approval Ticket # APAL-47346',	72,	67,	1,	'2020-04-30',	'2020-04-30 04:15:17',	1),
(100,	'APAL-77812',	'Approval Ticket # APAL-77812',	22,	18,	1,	'2020-04-30',	'2020-04-30 04:15:17',	1),
(101,	'APAL-23759',	'Approval Ticket # APAL-23759',	28,	24,	1,	'2020-04-30',	'2020-04-30 04:15:17',	1),
(102,	'APAL-52953',	'Approval Ticket # APAL-52953',	66,	62,	1,	'2020-04-30',	'2020-04-30 04:36:24',	1),
(103,	'APAL-3430',	'Approval Ticket # APAL-3430',	66,	62,	40,	'2020-04-30',	'2020-04-30 04:37:48',	40),
(104,	'APAL-42866',	'Approval Ticket # APAL-42866',	66,	62,	1,	'2020-04-30',	'2020-04-30 05:27:47',	1),
(105,	'APAL-71532',	'Approval Ticket # APAL-71532',	64,	60,	1,	'2020-04-30',	'2020-04-30 05:30:34',	1),
(106,	'APAL-69969',	'Approval Ticket # APAL-69969',	35,	31,	1,	'2020-04-30',	'2020-04-30 05:49:31',	1),
(107,	'APAL-64638',	'Approval Ticket # APAL-64638',	30,	26,	1,	'2020-04-30',	'2020-04-30 05:49:58',	1),
(108,	'APAL-55102',	'Approval Ticket # APAL-55102',	30,	26,	1,	'2020-04-30',	'2020-04-30 05:50:15',	1),
(109,	'APAL-21373',	'Approval Ticket # APAL-21373',	32,	28,	1,	'2020-04-30',	'2020-04-30 05:52:16',	1),
(110,	'APAL-17529',	'Approval Ticket # APAL-17529',	32,	28,	1,	'2020-04-30',	'2020-04-30 05:52:25',	1),
(111,	'APAL-39311',	'Approval Ticket # APAL-39311',	32,	28,	1,	'2020-04-30',	'2020-04-30 05:52:34',	1),
(116,	'APAL-20257',	'Approval Ticket # APAL-20257',	33,	29,	1,	'2020-04-30',	'2020-04-30 05:59:24',	1),
(117,	'APAL-82719',	'Approval Ticket # APAL-82719',	56,	52,	1,	'2020-04-30',	'2020-04-30 06:02:01',	1),
(118,	'APAL-18844',	'Approval Ticket # APAL-18844',	56,	52,	1,	'2020-04-30',	'2020-04-30 06:02:39',	1),
(119,	'APAL-60160',	'Approval Ticket # APAL-60160',	57,	53,	1,	'2020-04-30',	'2020-04-30 06:03:47',	1),
(120,	'APAL-74842',	'Approval Ticket # APAL-74842',	61,	57,	40,	'2020-04-30',	'2020-04-30 06:04:16',	40),
(121,	'APAL-62433',	'Approval Ticket # APAL-62433',	61,	57,	40,	'2020-04-30',	'2020-04-30 06:06:34',	40),
(122,	'APAL-4053',	'Approval Ticket # APAL-4053',	66,	62,	1,	'2020-04-30',	'2020-04-30 06:08:27',	1),
(123,	'APAL-72880',	'Approval Ticket # APAL-72880',	76,	71,	1,	'2020-04-30',	'2020-04-30 06:09:50',	1),
(124,	'APAL-74365',	'Approval Ticket # APAL-74365',	76,	71,	1,	'2020-04-30',	'2020-04-30 06:10:15',	1),
(133,	'APAL-20246',	'Approval Ticket # APAL-20246',	31,	27,	40,	'2020-04-30',	'2020-04-30 06:22:11',	40),
(134,	'APAL-17496',	'Approval Ticket # APAL-17496',	31,	27,	40,	'2020-04-30',	'2020-04-30 06:22:11',	40),
(135,	'APAL-1147',	'Approval Ticket # APAL-1147',	74,	69,	40,	'2020-04-30',	'2020-04-30 06:22:11',	40),
(136,	'APAL-48003',	'Approval Ticket # APAL-48003',	75,	70,	40,	'2020-04-30',	'2020-04-30 06:22:11',	40),
(137,	'APAL-54573',	'Approval Ticket # APAL-54573',	74,	69,	40,	'2020-04-30',	'2020-04-30 06:24:39',	40),
(138,	'APAL-14387',	'Approval Ticket # APAL-14387',	75,	70,	40,	'2020-04-30',	'2020-04-30 06:24:39',	40),
(151,	'APAL-26101',	'Approval Ticket # APAL-26101',	74,	69,	40,	'2020-04-30',	'2020-04-30 07:12:47',	40),
(152,	'APAL-7659',	'Approval Ticket # APAL-7659',	75,	70,	40,	'2020-04-30',	'2020-04-30 07:12:47',	40),
(156,	'APAL-48881',	'Approval Ticket # APAL-48881',	31,	27,	40,	'2020-04-30',	'2020-04-30 07:14:58',	40),
(157,	'APAL-1674',	'Approval Ticket # APAL-1674',	74,	69,	40,	'2020-04-30',	'2020-04-30 07:14:58',	40),
(158,	'APAL-55015',	'Approval Ticket # APAL-55015',	75,	70,	40,	'2020-04-30',	'2020-04-30 07:14:58',	40),
(159,	'APAL-89265',	'Approval Ticket # APAL-89265',	31,	27,	40,	'2020-04-30',	'2020-04-30 07:16:28',	40),
(160,	'APAL-79044',	'Approval Ticket # APAL-79044',	74,	69,	40,	'2020-04-30',	'2020-04-30 07:16:28',	40),
(161,	'APAL-82033',	'Approval Ticket # APAL-82033',	75,	70,	40,	'2020-04-30',	'2020-04-30 07:16:28',	40),
(166,	'APAL-80940',	'Approval Ticket # APAL-80940',	36,	32,	40,	'2020-04-30',	'2020-04-30 07:22:08',	40),
(167,	'APAL-58796',	'Approval Ticket # APAL-58796',	31,	27,	40,	'2020-04-30',	'2020-04-30 07:22:08',	40),
(168,	'APAL-43663',	'Approval Ticket # APAL-43663',	74,	69,	40,	'2020-04-30',	'2020-04-30 07:22:08',	40),
(169,	'APAL-50407',	'Approval Ticket # APAL-50407',	75,	70,	40,	'2020-04-30',	'2020-04-30 07:22:08',	40),
(170,	'APAL-15743',	'Approval Ticket # APAL-15743',	66,	62,	1,	'2020-04-30',	'2020-04-30 07:28:09',	1),
(171,	'APAL-79832',	'Approval Ticket # APAL-79832',	66,	62,	1,	'2020-04-30',	'2020-04-30 07:32:27',	1),
(172,	'APAL-4080',	'Approval Ticket # APAL-4080',	44,	40,	1,	'2020-04-30',	'2020-04-30 08:11:39',	1),
(173,	'APAL-31793',	'Approval Ticket # APAL-31793',	23,	19,	1,	'2020-04-30',	'2020-04-30 08:11:39',	1),
(174,	'APAL-31712',	'Approval Ticket # APAL-31712',	70,	65,	1,	'2020-04-30',	'2020-04-30 08:11:39',	1),
(175,	'APAL-18207',	'Approval Ticket # APAL-18207',	44,	40,	1,	'2020-04-30',	'2020-04-30 08:12:15',	1),
(176,	'APAL-16072',	'Approval Ticket # APAL-16072',	18,	14,	1,	'2020-04-30',	'2020-04-30 08:12:15',	1),
(177,	'APAL-5088',	'Approval Ticket # APAL-5088',	70,	65,	1,	'2020-04-30',	'2020-04-30 08:12:15',	1),
(178,	'APAL-49500',	'Approval Ticket # APAL-49500',	29,	25,	1,	'2020-04-30',	'2020-04-30 08:13:44',	1),
(184,	'APAL-69951',	'Approval Ticket # APAL-69951',	36,	32,	40,	'2020-04-30',	'2020-04-30 11:47:06',	40),
(185,	'APAL-88403',	'Approval Ticket # APAL-88403',	31,	27,	40,	'2020-04-30',	'2020-04-30 11:47:06',	40),
(186,	'APAL-29905',	'Approval Ticket # APAL-29905',	74,	69,	40,	'2020-04-30',	'2020-04-30 11:47:06',	40),
(187,	'APAL-67411',	'Approval Ticket # APAL-67411',	75,	70,	40,	'2020-04-30',	'2020-04-30 11:47:06',	40),
(188,	'APAL-43124',	'Approval Ticket # APAL-43124',	75,	70,	40,	'2020-04-30',	'2020-04-30 11:47:06',	40),
(189,	'APAL-73725',	'Approval Ticket # APAL-73725',	54,	50,	1,	'2020-04-30',	'2020-04-30 11:48:05',	1),
(190,	'APAL-69393',	'Approval Ticket # APAL-69393',	54,	50,	1,	'2020-04-30',	'2020-04-30 11:48:06',	1),
(191,	'APAL-69337',	'Approval Ticket # APAL-69337',	54,	50,	1,	'2020-04-30',	'2020-04-30 11:48:06',	1),
(192,	'APAL-73983',	'Approval Ticket # APAL-73983',	54,	50,	1,	'2020-04-30',	'2020-04-30 11:48:06',	1),
(193,	'APAL-10059',	'Approval Ticket # APAL-10059',	54,	50,	1,	'2020-04-30',	'2020-04-30 11:48:06',	1),
(194,	'APAL-2519',	'Approval Ticket # APAL-2519',	54,	50,	1,	'2020-04-30',	'2020-04-30 11:48:06',	1),
(195,	'APAL-76966',	'Approval Ticket # APAL-76966',	54,	50,	1,	'2020-04-30',	'2020-04-30 11:48:06',	1),
(196,	'APAL-49875',	'Approval Ticket # APAL-49875',	54,	50,	1,	'2020-04-30',	'2020-04-30 11:48:06',	1),
(197,	'APAL-55427',	'Approval Ticket # APAL-55427',	47,	43,	1,	'2020-04-30',	'2020-04-30 11:49:15',	1),
(198,	'APAL-12465',	'Approval Ticket # APAL-12465',	47,	43,	1,	'2020-04-30',	'2020-04-30 11:51:11',	1),
(205,	'APAL-14404',	'Approval Ticket # APAL-14404',	74,	69,	40,	'2020-04-30',	'2020-04-30 12:06:53',	40),
(206,	'APAL-56380',	'Approval Ticket # APAL-56380',	75,	70,	40,	'2020-04-30',	'2020-04-30 12:06:53',	40),
(207,	'APAL-14858',	'Approval Ticket # APAL-14858',	74,	69,	40,	'2020-04-30',	'2020-04-30 12:20:53',	40),
(208,	'APAL-48001',	'Approval Ticket # APAL-48001',	75,	70,	40,	'2020-04-30',	'2020-04-30 12:20:53',	40),
(209,	'APAL-73112',	'Approval Ticket # APAL-73112',	61,	57,	40,	'2020-04-30',	'2020-04-30 12:28:24',	40),
(210,	'APAL-63047',	'Approval Ticket # APAL-63047',	74,	69,	40,	'2020-04-30',	'2020-04-30 12:29:04',	40),
(211,	'APAL-42159',	'Approval Ticket # APAL-42159',	75,	70,	40,	'2020-04-30',	'2020-04-30 12:29:04',	40),
(212,	'APAL-57631',	'Approval Ticket # APAL-57631',	75,	70,	40,	'2020-04-30',	'2020-04-30 12:29:04',	40),
(213,	'APAL-85150',	'Approval Ticket # APAL-85150',	75,	70,	40,	'2020-04-30',	'2020-04-30 12:29:04',	40),
(214,	'APAL-61766',	'Approval Ticket # APAL-61766',	69,	64,	1,	'2020-05-01',	'2020-05-01 07:45:49',	1),
(215,	'APAL-5188',	'Approval Ticket # APAL-5188',	69,	64,	1,	'2020-05-01',	'2020-05-01 07:46:08',	1),
(216,	'APAL-64596',	'Approval Ticket # APAL-64596',	69,	64,	1,	'2020-05-01',	'2020-05-01 07:49:24',	1),
(217,	'APAL-14448',	'Approval Ticket # APAL-14448',	6,	3,	1,	'2020-05-01',	'2020-05-01 07:58:37',	1),
(222,	'APAL-79533',	'Approval Ticket # APAL-79533',	69,	64,	1,	'2020-05-01',	'2020-05-01 08:27:58',	1),
(223,	'APAL-46749',	'Approval Ticket # APAL-46749',	69,	64,	1,	'2020-05-01',	'2020-05-01 08:27:58',	1),
(224,	'APAL-62880',	'Approval Ticket # APAL-62880',	69,	64,	1,	'2020-05-01',	'2020-05-01 08:28:57',	1),
(225,	'APAL-42927',	'Approval Ticket # APAL-42927',	69,	64,	1,	'2020-05-01',	'2020-05-01 08:28:57',	1),
(226,	'APAL-36879',	'Approval Ticket # APAL-36879',	69,	64,	1,	'2020-05-01',	'2020-05-01 08:31:47',	1),
(227,	'APAL-21143',	'Approval Ticket # APAL-21143',	69,	64,	1,	'2020-05-01',	'2020-05-01 08:31:47',	1),
(228,	'APAL-4270',	'Approval Ticket # APAL-4270',	69,	64,	1,	'2020-05-01',	'2020-05-01 08:36:08',	1),
(229,	'APAL-71335',	'Approval Ticket # APAL-71335',	69,	64,	1,	'2020-05-01',	'2020-05-01 08:36:08',	1),
(236,	'APAL-26864',	'Approval Ticket # APAL-26864',	69,	64,	1,	'2020-05-02',	'2020-05-02 11:23:44',	1),
(237,	'APAL-57098',	'Approval Ticket # APAL-57098',	69,	64,	1,	'2020-05-02',	'2020-05-02 11:23:44',	1),
(238,	'APAL-20903',	'Approval Ticket # APAL-20903',	69,	64,	1,	'2020-05-02',	'2020-05-02 11:24:23',	1),
(239,	'APAL-34058',	'Approval Ticket # APAL-34058',	69,	64,	1,	'2020-05-02',	'2020-05-02 11:24:23',	1),
(240,	'APAL-74399',	'Approval Ticket # APAL-74399',	69,	64,	1,	'2020-05-02',	'2020-05-02 11:24:33',	1),
(241,	'APAL-84633',	'Approval Ticket # APAL-84633',	69,	64,	1,	'2020-05-02',	'2020-05-02 11:24:33',	1),
(242,	'APAL-5607',	'Approval Ticket # APAL-5607',	69,	64,	1,	'2020-05-02',	'2020-05-02 11:25:12',	1),
(243,	'APAL-9364',	'Approval Ticket # APAL-9364',	69,	64,	1,	'2020-05-02',	'2020-05-02 11:25:12',	1),
(249,	'APAL-74270',	'Approval Ticket # APAL-74270',	69,	64,	1,	'2020-05-02',	'2020-05-02 11:39:17',	1),
(253,	'APAL-18712',	'Approval Ticket # APAL-18712',	69,	64,	1,	'2020-05-02',	'2020-05-02 11:41:02',	1),
(255,	'APAL-1253',	'Approval Ticket # APAL-1253',	69,	64,	1,	'2020-05-02',	'2020-05-02 11:41:16',	1),
(258,	'APAL-81838',	'Approval Ticket # APAL-81838',	69,	64,	1,	'2020-05-02',	'2020-05-02 12:07:24',	1),
(260,	'APAL-7992',	'Approval Ticket # APAL-7992',	69,	64,	1,	'2020-05-02',	'2020-05-02 12:07:49',	1),
(269,	'APAL-10379',	'Approval Ticket # APAL-10379',	5,	102,	1,	'2020-05-02',	'2020-06-29 18:28:15',	1),
(271,	'APAL-10206',	'Approval Ticket # APAL-10206',	5,	2,	1,	'2020-05-02',	'2020-05-02 12:21:40',	1),
(274,	'APAL-18245',	'Approval Ticket # APAL-18245',	5,	2,	1,	'2020-05-02',	'2020-05-02 12:23:14',	1),
(276,	'APAL-42593',	'Approval Ticket # APAL-42593',	66,	62,	1,	'2020-05-02',	'2020-05-02 16:04:09',	1),
(277,	'APAL-3739',	'Approval Ticket # APAL-3739',	69,	64,	1,	'2020-05-02',	'2020-05-02 16:22:11',	1),
(279,	'APAL-6900',	'Approval Ticket # APAL-6900',	69,	64,	1,	'2020-05-02',	'2020-05-02 16:22:52',	1),
(281,	'APAL-64391',	'Approval Ticket # APAL-64391',	69,	64,	1,	'2020-05-02',	'2020-05-02 16:24:51',	1),
(283,	'APAL-86635',	'Approval Ticket # APAL-86635',	69,	64,	1,	'2020-05-02',	'2020-05-02 16:25:45',	1),
(285,	'APAL-28696',	'Approval Ticket # APAL-28696',	69,	64,	1,	'2020-05-02',	'2020-05-02 16:26:55',	1),
(286,	'APAL-65432',	'Approval Ticket # APAL-65432',	69,	64,	1,	'2020-05-02',	'2020-05-02 16:26:55',	1),
(287,	'APAL-24253',	'Approval Ticket # APAL-24253',	69,	64,	1,	'2020-05-02',	'2020-05-02 16:29:38',	1),
(289,	'APAL-11960',	'Approval Ticket # APAL-11960',	69,	64,	1,	'2020-05-02',	'2020-05-02 16:34:24',	1),
(290,	'APAL-60429',	'Approval Ticket # APAL-60429',	69,	64,	1,	'2020-05-02',	'2020-05-02 16:35:22',	1),
(292,	'APAL-29486',	'Approval Ticket # APAL-29486',	69,	64,	1,	'2020-05-02',	'2020-05-02 16:35:53',	1),
(293,	'APAL-62616',	'Approval Ticket # APAL-62616',	69,	64,	1,	'2020-05-02',	'2020-05-02 16:35:53',	1),
(294,	'APAL-77321',	'Approval Ticket # APAL-77321',	69,	64,	1,	'2020-05-02',	'2020-05-02 16:37:09',	1),
(295,	'APAL-37518',	'Approval Ticket # APAL-37518',	69,	64,	1,	'2020-05-02',	'2020-05-02 16:37:09',	1),
(296,	'APAL-76029',	'Approval Ticket # APAL-76029',	69,	64,	1,	'2020-05-02',	'2020-05-02 16:43:15',	1),
(298,	'APAL-84398',	'Approval Ticket # APAL-84398',	69,	64,	1,	'2020-05-02',	'2020-05-02 16:45:46',	1),
(300,	'APAL-14734',	'Approval Ticket # APAL-14734',	69,	64,	1,	'2020-05-02',	'2020-05-02 16:46:38',	1),
(302,	'APAL-17455',	'Approval Ticket # APAL-17455',	69,	64,	1,	'2020-05-02',	'2020-05-02 16:47:07',	1),
(304,	'APAL-36637',	'Approval Ticket # APAL-36637',	69,	64,	1,	'2020-05-02',	'2020-05-02 16:48:47',	1),
(306,	'APAL-18235',	'Approval Ticket # APAL-18235',	69,	64,	1,	'2020-05-02',	'2020-05-02 16:49:48',	1),
(308,	'APAL-15267',	'Approval Ticket # APAL-15267',	69,	64,	1,	'2020-05-02',	'2020-05-02 16:50:50',	1),
(310,	'APAL-34890',	'Approval Ticket # APAL-34890',	69,	64,	1,	'2020-05-02',	'2020-05-02 16:52:53',	1),
(312,	'APAL-43825',	'Approval Ticket # APAL-43825',	5,	2,	1,	'2020-05-02',	'2020-05-02 16:56:39',	1),
(313,	'APAL-74622',	'Approval Ticket # APAL-74622',	5,	2,	1,	'2020-05-02',	'2020-05-02 16:57:40',	1),
(314,	'APAL-23869',	'Approval Ticket # APAL-23869',	5,	2,	1,	'2020-05-02',	'2020-05-02 16:58:22',	1),
(315,	'APAL-82650',	'Approval Ticket # APAL-82650',	69,	64,	1,	'2020-05-02',	'2020-05-02 17:07:00',	1),
(317,	'APAL-71694',	'Approval Ticket # APAL-71694',	69,	64,	1,	'2020-05-02',	'2020-05-02 17:07:26',	1),
(325,	'APAL-29234',	'Approval Ticket # APAL-29234',	69,	64,	1,	'2020-05-02',	'2020-05-02 17:09:34',	1),
(327,	'APAL-52045',	'Approval Ticket # APAL-52045',	69,	64,	1,	'2020-05-02',	'2020-05-02 17:10:45',	1),
(329,	'APAL-33414',	'Approval Ticket # APAL-33414',	69,	64,	1,	'2020-05-02',	'2020-05-02 17:11:52',	1),
(331,	'APAL-37782',	'Approval Ticket # APAL-37782',	69,	64,	1,	'2020-05-02',	'2020-05-02 17:12:14',	1),
(333,	'APAL-76551',	'Approval Ticket # APAL-76551',	69,	64,	1,	'2020-05-02',	'2020-05-02 17:14:06',	1),
(334,	'APAL-38621',	'Approval Ticket # APAL-38621',	69,	64,	1,	'2020-05-02',	'2020-05-02 17:14:42',	1),
(336,	'APAL-20500',	'Approval Ticket # APAL-20500',	69,	64,	1,	'2020-05-02',	'2020-05-02 17:16:53',	1),
(338,	'APAL-63710',	'Approval Ticket # APAL-63710',	69,	64,	1,	'2020-05-02',	'2020-05-02 17:17:41',	1),
(340,	'APAL-77943',	'Approval Ticket # APAL-77943',	69,	64,	1,	'2020-05-02',	'2020-05-02 17:18:48',	1),
(342,	'APAL-47582',	'Approval Ticket # APAL-47582',	69,	64,	1,	'2020-05-02',	'2020-05-02 17:19:34',	1),
(343,	'APAL-63420',	'Approval Ticket # APAL-63420',	69,	64,	1,	'2020-05-02',	'2020-05-02 17:20:28',	1),
(345,	'APAL-47690',	'Approval Ticket # APAL-47690',	69,	64,	1,	'2020-05-02',	'2020-05-02 17:21:03',	1),
(357,	'APAL-25259',	'Approval Ticket # APAL-25259',	69,	64,	1,	'2020-05-03',	'2020-05-03 17:16:44',	1),
(358,	'APAL-79648',	'Approval Ticket # APAL-79648',	69,	64,	1,	'2020-05-03',	'2020-05-03 17:17:08',	1),
(362,	'APAL-31697',	'Approval Ticket # APAL-31697',	69,	64,	1,	'2020-05-03',	'2020-05-03 17:18:18',	1),
(368,	'APAL-87279',	'Approval Ticket # APAL-87279',	69,	64,	1,	'2020-05-03',	'2020-05-03 17:23:56',	1),
(376,	'APAL-10095',	'Approval Ticket # APAL-10095',	69,	64,	1,	'2020-05-03',	'2020-05-03 17:37:19',	1),
(378,	'APAL-12946',	'Approval Ticket # APAL-12946',	69,	64,	1,	'2020-05-04',	'2020-05-04 05:11:40',	1),
(379,	'APAL-14544',	'Approval Ticket # APAL-14544',	69,	64,	1,	'2020-05-04',	'2020-05-04 05:15:35',	1),
(380,	'APAL-82571',	'Approval Ticket # APAL-82571',	69,	64,	1,	'2020-05-04',	'2020-05-04 05:18:45',	1),
(381,	'APAL-25835',	'Approval Ticket # APAL-25835',	69,	64,	1,	'2020-05-04',	'2020-05-04 05:32:13',	1),
(382,	'APAL-31739',	'Approval Ticket # APAL-31739',	69,	64,	1,	'2020-05-04',	'2020-05-04 05:33:17',	1),
(392,	'APAL-70761',	'Approval Ticket # APAL-70761',	69,	64,	1,	'2020-05-04',	'2020-05-04 06:25:05',	1),
(394,	'APAL-36612',	'Approval Ticket # APAL-36612',	69,	64,	1,	'2020-05-04',	'2020-05-04 16:42:56',	1),
(395,	'APAL-73243',	'Approval Ticket # APAL-73243',	69,	64,	1,	'2020-05-04',	'2020-05-04 16:44:50',	1),
(397,	'APAL-13528',	'Approval Ticket # APAL-13528',	69,	64,	1,	'2020-05-04',	'2020-05-04 16:45:32',	1),
(398,	'APAL-83946',	'Approval Ticket # APAL-83946',	69,	64,	1,	'2020-05-04',	'2020-05-04 16:46:20',	1),
(399,	'APAL-48560',	'Approval Ticket # APAL-48560',	5,	2,	1,	'2020-05-04',	'2020-05-04 16:47:07',	1),
(416,	'APAL-57196',	'Approval Ticket # APAL-57196',	69,	64,	1,	'2020-05-04',	'2020-05-04 17:01:47',	1),
(417,	'APAL-78629',	'Approval Ticket # APAL-78629',	69,	64,	1,	'2020-05-04',	'2020-05-04 17:33:36',	1),
(418,	'APAL-61154',	'Approval Ticket # APAL-61154',	69,	64,	1,	'2020-05-04',	'2020-05-04 17:39:54',	1),
(419,	'APAL-4349',	'Approval Ticket # APAL-4349',	61,	102,	40,	'2020-05-04',	'2020-05-05 14:00:52',	40),
(420,	'APAL-78133',	'Approval Ticket # APAL-78133',	66,	62,	1,	'2020-05-04',	'2020-05-04 18:21:20',	1),
(421,	'APAL-77762',	'Approval Ticket # APAL-77762',	66,	62,	1,	'2020-05-05',	'2020-05-05 06:21:18',	1),
(422,	'APAL-17611',	'Approval Ticket # APAL-17611',	66,	62,	1,	'2020-05-05',	'2020-05-05 06:21:57',	1),
(423,	'APAL-47783',	'Approval Ticket # APAL-47783',	66,	62,	1,	'2020-05-05',	'2020-05-05 06:22:25',	1),
(434,	'APAL-31825',	'Approval Ticket # APAL-31825',	57,	53,	40,	'2020-05-05',	'2020-05-05 10:18:14',	40),
(435,	'APAL-34386',	'Approval Ticket # APAL-34386',	57,	53,	40,	'2020-05-05',	'2020-05-05 10:19:42',	40),
(437,	'APAL-13023',	'Approval Ticket # APAL-13023',	57,	53,	40,	'2020-05-05',	'2020-05-05 10:21:43',	40),
(438,	'APAL-52080',	'Approval Ticket # APAL-52080',	66,	62,	1,	'2020-05-05',	'2020-05-05 10:25:49',	1),
(441,	'APAL-65558',	'Approval Ticket # APAL-65558',	5,	2,	1,	'2020-05-05',	'2020-05-05 12:10:08',	1),
(450,	'APAL-70524',	'Approval Ticket # APAL-70524',	68,	0,	1,	'2020-05-05',	'2020-05-05 12:35:36',	1),
(451,	'APAL-48831',	'Approval Ticket # APAL-48831',	68,	0,	1,	'2020-05-05',	'2020-05-05 12:35:58',	1),
(453,	'APAL-1932',	'Approval Ticket # APAL-1932',	68,	0,	1,	'2020-05-05',	'2020-05-05 12:37:39',	1),
(455,	'APAL-58187',	'Approval Ticket # APAL-58187',	69,	64,	1,	'2020-05-05',	'2020-05-05 12:39:42',	1),
(457,	'APAL-47830',	'Approval Ticket # APAL-47830',	65,	61,	1,	'2020-05-05',	'2020-05-05 12:45:23',	1),
(458,	'APAL-85634',	'Approval Ticket # APAL-85634',	69,	64,	1,	'2020-05-05',	'2020-05-05 12:47:39',	1),
(459,	'APAL-43317',	'Approval Ticket # APAL-43317',	69,	64,	1,	'2020-05-05',	'2020-05-05 12:58:15',	1),
(460,	'APAL-80680',	'Approval Ticket # APAL-80680',	61,	57,	40,	'2020-05-06',	'2020-05-06 09:26:16',	40),
(461,	'APAL-4227',	'Approval Ticket # APAL-4227',	6,	3,	1,	'2020-05-09',	'2020-05-09 12:17:48',	1),
(462,	'APAL-30536',	'Approval Ticket # APAL-30536',	45,	41,	1,	'2020-05-09',	'2020-05-09 14:38:33',	1),
(463,	'APAL-75537',	'Approval Ticket # APAL-75537',	45,	102,	1,	'2020-05-09',	'2020-06-29 17:58:49',	1),
(464,	'APAL-69669',	'Approval Ticket # APAL-69669',	25,	21,	1,	'2020-05-09',	'2020-05-09 14:46:09',	1),
(465,	'APAL-38118',	'Approval Ticket # APAL-38118',	25,	21,	1,	'2020-05-09',	'2020-05-09 14:46:33',	1),
(466,	'APAL-66922',	'Approval Ticket # APAL-66922',	25,	21,	1,	'2020-05-09',	'2020-05-09 14:47:02',	1),
(467,	'APAL-8075',	'Approval Ticket # APAL-8075',	25,	21,	1,	'2020-05-09',	'2020-05-09 14:47:19',	1),
(468,	'APAL-20356',	'Approval Ticket # APAL-20356',	76,	71,	1,	'2020-05-09',	'2020-05-09 15:05:20',	1),
(469,	'APAL-27121',	'Approval Ticket # APAL-27121',	76,	71,	1,	'2020-05-09',	'2020-05-09 15:06:14',	1),
(470,	'APAL-44047',	'Approval Ticket # APAL-44047',	76,	71,	1,	'2020-05-09',	'2020-05-09 15:06:46',	1),
(471,	'APAL-53438',	'Approval Ticket # APAL-53438',	76,	71,	1,	'2020-05-09',	'2020-05-09 16:06:09',	1),
(472,	'APAL-5775',	'Approval Ticket # APAL-5775',	10,	7,	1,	'2020-05-09',	'2020-05-09 16:22:18',	1),
(473,	'APAL-87091',	'Approval Ticket # APAL-87091',	10,	7,	1,	'2020-05-09',	'2020-05-09 16:22:52',	1),
(474,	'APAL-1279',	'Approval Ticket # APAL-1279',	74,	69,	40,	'2020-05-10',	'2020-05-10 16:38:11',	40),
(475,	'APAL-38013',	'Approval Ticket # APAL-38013',	75,	70,	40,	'2020-05-10',	'2020-05-10 16:38:11',	40),
(476,	'APAL-56833',	'Approval Ticket # APAL-56833',	74,	69,	40,	'2020-05-10',	'2020-05-10 16:51:04',	40),
(477,	'APAL-7855',	'Approval Ticket # APAL-7855',	75,	70,	40,	'2020-05-10',	'2020-05-10 16:51:04',	40),
(478,	'APAL-7284',	'Approval Ticket # APAL-7284',	74,	69,	40,	'2020-05-10',	'2020-05-10 16:52:12',	40),
(479,	'APAL-81486',	'Approval Ticket # APAL-81486',	75,	70,	40,	'2020-05-10',	'2020-05-10 16:52:12',	40),
(480,	'APAL-32472',	'Approval Ticket # APAL-32472',	74,	69,	40,	'2020-05-10',	'2020-05-10 17:01:01',	40),
(481,	'APAL-45573',	'Approval Ticket # APAL-45573',	75,	70,	40,	'2020-05-10',	'2020-05-10 17:01:01',	40),
(482,	'APAL-73571',	'Approval Ticket # APAL-73571',	74,	69,	40,	'2020-05-10',	'2020-05-10 17:39:01',	40),
(483,	'APAL-84348',	'Approval Ticket # APAL-84348',	75,	70,	40,	'2020-05-10',	'2020-05-10 17:39:01',	40),
(484,	'APAL-86488',	'Approval Ticket # APAL-86488',	54,	50,	1,	'2020-05-10',	'2020-05-10 18:22:16',	1),
(485,	'APAL-14704',	'Approval Ticket # APAL-14704',	54,	50,	1,	'2020-05-10',	'2020-05-10 18:22:16',	1),
(486,	'APAL-46410',	'Approval Ticket # APAL-46410',	54,	50,	1,	'2020-05-10',	'2020-05-10 18:22:16',	1),
(487,	'APAL-14809',	'Approval Ticket # APAL-14809',	54,	50,	1,	'2020-05-10',	'2020-05-10 18:22:16',	1),
(488,	'APAL-20633',	'Approval Ticket # APAL-20633',	81,	81,	1,	'2020-05-10',	'2020-05-10 18:25:56',	1),
(489,	'APAL-22353',	'Approval Ticket # APAL-22353',	81,	81,	1,	'2020-05-10',	'2020-05-10 18:26:32',	1),
(490,	'APAL-54620',	'Approval Ticket # APAL-54620',	74,	69,	40,	'2020-05-11',	'2020-05-11 04:58:18',	40),
(491,	'APAL-68573',	'Approval Ticket # APAL-68573',	75,	70,	40,	'2020-05-11',	'2020-05-11 04:58:18',	40),
(492,	'APAL-34527',	'Approval Ticket # APAL-34527',	6,	3,	1,	'2020-05-11',	'2020-05-11 06:31:52',	1),
(493,	'APAL-21661',	'Approval Ticket # APAL-21661',	45,	41,	1,	'2020-05-11',	'2020-05-11 06:32:26',	1),
(494,	'APAL-24135',	'Approval Ticket # APAL-24135',	81,	81,	1,	'2020-05-11',	'2020-05-11 06:33:24',	1),
(495,	'APAL-18389',	'Approval Ticket # APAL-18389',	61,	57,	40,	'2020-05-12',	'2020-05-12 14:32:24',	40),
(496,	'APAL-89073',	'Approval Ticket # APAL-89073',	61,	57,	40,	'2020-05-12',	'2020-05-12 14:35:18',	40),
(497,	'APAL-2667',	'Approval Ticket # APAL-2667',	61,	57,	40,	'2020-05-12',	'2020-05-12 15:04:08',	40),
(498,	'APAL-73995',	'Approval Ticket # APAL-73995',	61,	57,	40,	'2020-05-12',	'2020-05-12 15:09:28',	40),
(499,	'APAL-83776',	'Approval Ticket # APAL-83776',	61,	57,	40,	'2020-05-12',	'2020-05-12 15:27:58',	40),
(500,	'APAL-67096',	'Approval Ticket # APAL-67096',	61,	57,	40,	'2020-05-12',	'2020-05-12 15:50:52',	40),
(501,	'APAL-35142',	'Approval Ticket # APAL-35142',	61,	57,	40,	'2020-05-12',	'2020-05-12 15:52:21',	40),
(502,	'APAL-21768',	'Approval Ticket # APAL-21768',	61,	57,	40,	'2020-05-12',	'2020-05-12 15:54:05',	40),
(503,	'APAL-65460',	'Approval Ticket # APAL-65460',	61,	57,	40,	'2020-05-12',	'2020-05-12 15:57:12',	40),
(504,	'APAL-71923',	'Approval Ticket # APAL-71923',	61,	57,	40,	'2020-05-12',	'2020-05-12 16:05:03',	40),
(505,	'APAL-16274',	'Approval Ticket # APAL-16274',	61,	57,	40,	'2020-05-12',	'2020-05-12 16:23:10',	40),
(506,	'APAL-79622',	'Approval Ticket # APAL-79622',	74,	69,	40,	'2020-05-12',	'2020-05-12 16:35:39',	40),
(507,	'APAL-70829',	'Approval Ticket # APAL-70829',	75,	70,	40,	'2020-05-12',	'2020-05-12 16:35:39',	40),
(508,	'APAL-11839',	'Approval Ticket # APAL-11839',	74,	69,	40,	'2020-05-13',	'2020-05-13 06:14:07',	40),
(509,	'APAL-62864',	'Approval Ticket # APAL-62864',	75,	70,	40,	'2020-05-13',	'2020-05-13 06:14:07',	40),
(510,	'APAL-48808',	'Approval Ticket # APAL-48808',	61,	57,	40,	'2020-05-15',	'2020-05-15 06:53:34',	40),
(511,	'APAL-88886',	'Approval Ticket # APAL-88886',	44,	40,	1,	'2020-05-18',	'2020-05-18 08:03:14',	1),
(512,	'APAL-33853',	'Approval Ticket # APAL-33853',	16,	12,	1,	'2020-05-18',	'2020-05-18 08:03:14',	1),
(513,	'APAL-47543',	'Approval Ticket # APAL-47543',	70,	65,	1,	'2020-05-18',	'2020-05-18 08:03:14',	1),
(514,	'APAL-70728',	'Approval Ticket # APAL-70728',	44,	40,	1,	'2020-05-18',	'2020-05-18 08:03:46',	1),
(515,	'APAL-80291',	'Approval Ticket # APAL-80291',	14,	10,	1,	'2020-05-18',	'2020-05-18 08:03:46',	1),
(516,	'APAL-29751',	'Approval Ticket # APAL-29751',	70,	65,	1,	'2020-05-18',	'2020-05-18 08:03:46',	1),
(517,	'APAL-25769',	'Approval Ticket # APAL-25769',	44,	40,	1,	'2020-05-18',	'2020-05-18 08:04:22',	1),
(518,	'APAL-21400',	'Approval Ticket # APAL-21400',	12,	8,	1,	'2020-05-18',	'2020-05-18 08:04:22',	1),
(519,	'APAL-52050',	'Approval Ticket # APAL-52050',	70,	65,	1,	'2020-05-18',	'2020-05-18 08:04:22',	1),
(520,	'APAL-28151',	'Approval Ticket # APAL-28151',	29,	25,	1,	'2020-05-18',	'2020-05-18 08:08:14',	1),
(524,	'APAL-17934',	'Approval Ticket # APAL-17934',	61,	57,	40,	'2020-05-18',	'2020-05-18 08:36:22',	40),
(525,	'APAL-42766',	'Approval Ticket # APAL-42766',	74,	69,	40,	'2020-05-18',	'2020-05-18 08:42:42',	40),
(526,	'APAL-5484',	'Approval Ticket # APAL-5484',	75,	70,	40,	'2020-05-18',	'2020-05-18 08:42:42',	40),
(527,	'APAL-45001',	'Approval Ticket # APAL-45001',	74,	69,	40,	'2020-05-18',	'2020-05-18 08:44:16',	40),
(528,	'APAL-15331',	'Approval Ticket # APAL-15331',	75,	70,	40,	'2020-05-18',	'2020-05-18 08:44:16',	40),
(529,	'APAL-48271',	'Approval Ticket # APAL-48271',	75,	70,	40,	'2020-05-18',	'2020-05-18 08:44:16',	40),
(530,	'APAL-25572',	'Approval Ticket # APAL-25572',	75,	70,	40,	'2020-05-18',	'2020-05-18 08:44:16',	40),
(531,	'APAL-63013',	'Approval Ticket # APAL-63013',	74,	69,	40,	'2020-05-18',	'2020-05-18 08:55:53',	40),
(532,	'APAL-23755',	'Approval Ticket # APAL-23755',	75,	70,	40,	'2020-05-18',	'2020-05-18 08:55:53',	40),
(533,	'APAL-9153',	'Approval Ticket # APAL-9153',	66,	62,	1,	'2020-05-18',	'2020-05-18 09:01:24',	1),
(534,	'APAL-13619',	'Approval Ticket # APAL-13619',	7,	4,	40,	'2020-05-18',	'2020-05-18 09:02:16',	40),
(535,	'APAL-27716',	'Approval Ticket # APAL-27716',	66,	62,	1,	'2020-05-18',	'2020-05-18 09:03:38',	1),
(537,	'APAL-20407',	'Approval Ticket # APAL-20407',	54,	50,	1,	'2020-05-18',	'2020-05-18 10:06:42',	1),
(538,	'APAL-78114',	'Approval Ticket # APAL-78114',	54,	50,	1,	'2020-05-18',	'2020-05-18 10:06:42',	1),
(539,	'APAL-84760',	'Approval Ticket # APAL-84760',	54,	50,	1,	'2020-05-18',	'2020-05-18 10:06:42',	1),
(540,	'APAL-42289',	'Approval Ticket # APAL-42289',	54,	50,	1,	'2020-05-18',	'2020-05-18 10:06:42',	1),
(541,	'APAL-3543',	'Approval Ticket # APAL-3543',	54,	50,	1,	'2020-05-18',	'2020-05-18 10:06:42',	1),
(542,	'APAL-2049',	'Approval Ticket # APAL-2049',	54,	50,	1,	'2020-05-18',	'2020-05-18 10:06:42',	1),
(543,	'APAL-65059',	'Approval Ticket # APAL-65059',	54,	50,	1,	'2020-05-18',	'2020-05-18 10:06:42',	1),
(544,	'APAL-84031',	'Approval Ticket # APAL-84031',	54,	50,	1,	'2020-05-18',	'2020-05-18 10:06:42',	1),
(545,	'APAL-18747',	'Approval Ticket # APAL-18747',	54,	50,	1,	'2020-05-18',	'2020-05-18 10:06:42',	1),
(546,	'APAL-31818',	'Approval Ticket # APAL-31818',	54,	50,	1,	'2020-05-18',	'2020-05-18 10:06:42',	1),
(547,	'APAL-65893',	'Approval Ticket # APAL-65893',	54,	50,	1,	'2020-05-18',	'2020-05-18 10:06:42',	1),
(548,	'APAL-16381',	'Approval Ticket # APAL-16381',	54,	50,	1,	'2020-05-18',	'2020-05-18 10:06:42',	1),
(549,	'APAL-74947',	'Approval Ticket # APAL-74947',	69,	64,	1,	'2020-05-18',	'2020-05-18 11:15:51',	1),
(550,	'APAL-82969',	'Approval Ticket # APAL-82969',	69,	64,	1,	'2020-05-18',	'2020-05-18 11:18:22',	1),
(551,	'APAL-77896',	'Approval Ticket # APAL-77896',	69,	64,	1,	'2020-05-18',	'2020-05-18 11:18:30',	1),
(552,	'APAL-16096',	'Approval Ticket # APAL-16096',	69,	64,	1,	'2020-05-18',	'2020-05-18 11:19:05',	1),
(553,	'APAL-86105',	'Approval Ticket # APAL-86105',	69,	64,	1,	'2020-05-18',	'2020-05-18 11:20:17',	1),
(554,	'APAL-83857',	'Approval Ticket # APAL-83857',	69,	64,	1,	'2020-05-18',	'2020-05-18 11:21:53',	1),
(555,	'APAL-27223',	'Approval Ticket # APAL-27223',	69,	64,	1,	'2020-05-18',	'2020-05-18 11:22:10',	1),
(556,	'APAL-63599',	'Approval Ticket # APAL-63599',	69,	64,	1,	'2020-05-18',	'2020-05-18 11:22:44',	1),
(557,	'APAL-36697',	'Approval Ticket # APAL-36697',	69,	64,	1,	'2020-05-18',	'2020-05-18 11:23:52',	1),
(558,	'APAL-9022',	'Approval Ticket # APAL-9022',	69,	64,	1,	'2020-05-18',	'2020-05-18 11:26:15',	1),
(559,	'APAL-5523',	'Approval Ticket # APAL-5523',	69,	64,	1,	'2020-05-18',	'2020-05-18 11:28:12',	1),
(560,	'APAL-17373',	'Approval Ticket # APAL-17373',	69,	64,	1,	'2020-05-18',	'2020-05-18 11:29:06',	1),
(561,	'APAL-69188',	'Approval Ticket # APAL-69188',	69,	64,	1,	'2020-05-18',	'2020-05-18 11:30:42',	1),
(562,	'APAL-9048',	'Approval Ticket # APAL-9048',	95,	0,	1,	'2020-05-18',	'2020-05-18 11:30:42',	1),
(563,	'APAL-26866',	'Approval Ticket # APAL-26866',	69,	64,	1,	'2020-05-18',	'2020-05-18 11:34:36',	1),
(564,	'APAL-62354',	'Approval Ticket # APAL-62354',	95,	0,	1,	'2020-05-18',	'2020-05-18 11:34:36',	1),
(565,	'APAL-52668',	'Approval Ticket # APAL-52668',	69,	64,	1,	'2020-05-18',	'2020-05-18 11:39:45',	1),
(566,	'APAL-22393',	'Approval Ticket # APAL-22393',	69,	64,	1,	'2020-05-18',	'2020-05-18 11:40:41',	1),
(567,	'APAL-18594',	'Approval Ticket # APAL-18594',	69,	64,	1,	'2020-05-18',	'2020-05-18 11:43:38',	1),
(568,	'APAL-76527',	'Approval Ticket # APAL-76527',	69,	64,	1,	'2020-05-18',	'2020-05-18 11:47:26',	1),
(569,	'APAL-88960',	'Approval Ticket # APAL-88960',	69,	64,	1,	'2020-05-18',	'2020-05-18 11:51:53',	1),
(570,	'APAL-17138',	'Approval Ticket # APAL-17138',	69,	64,	1,	'2020-05-18',	'2020-05-18 11:54:29',	1),
(571,	'APAL-12355',	'Approval Ticket # APAL-12355',	61,	57,	40,	'2020-05-18',	'2020-05-18 14:27:14',	40),
(572,	'APAL-80657',	'Approval Ticket # APAL-80657',	5,	2,	1,	'2020-05-25',	'2020-05-25 05:30:22',	1),
(573,	'APAL-83120',	'Approval Ticket # APAL-83120',	86,	0,	1,	'2020-05-25',	'2020-05-25 05:59:20',	1),
(574,	'APAL-36095',	'Approval Ticket # APAL-36095',	86,	0,	1,	'2020-05-25',	'2020-05-25 06:01:53',	1),
(575,	'APAL-35539',	'Approval Ticket # APAL-35539',	86,	0,	1,	'2020-05-25',	'2020-05-25 06:02:32',	1),
(576,	'APAL-63964',	'Approval Ticket # APAL-63964',	86,	0,	1,	'2020-05-25',	'2020-05-25 06:04:11',	1),
(577,	'APAL-36032',	'Approval Ticket # APAL-36032',	86,	0,	1,	'2020-05-25',	'2020-05-25 06:04:57',	1),
(578,	'APAL-61999',	'Approval Ticket # APAL-61999',	86,	0,	1,	'2020-05-25',	'2020-05-25 06:05:40',	1),
(579,	'APAL-43419',	'Approval Ticket # APAL-43419',	86,	0,	1,	'2020-05-25',	'2020-05-25 06:06:16',	1),
(580,	'APAL-49820',	'Approval Ticket # APAL-49820',	86,	0,	1,	'2020-05-25',	'2020-05-25 06:25:09',	1),
(581,	'APAL-53697',	'Approval Ticket # APAL-53697',	86,	0,	1,	'2020-05-25',	'2020-05-25 06:27:50',	1),
(582,	'APAL-38941',	'Approval Ticket # APAL-38941',	86,	0,	1,	'2020-05-25',	'2020-05-25 06:35:25',	1),
(583,	'APAL-62468',	'Approval Ticket # APAL-62468',	91,	84,	1,	'2020-05-25',	'2020-05-25 06:57:26',	1),
(584,	'APAL-14440',	'Approval Ticket # APAL-14440',	91,	84,	1,	'2020-05-25',	'2020-05-25 06:58:55',	1),
(585,	'APAL-25460',	'Approval Ticket # APAL-25460',	4,	0,	1,	'2020-05-25',	'2020-05-25 07:00:43',	1),
(586,	'APAL-9942',	'Approval Ticket # APAL-9942',	4,	0,	1,	'2020-05-25',	'2020-05-25 07:04:25',	1),
(587,	'APAL-81843',	'Approval Ticket # APAL-81843',	4,	0,	1,	'2020-05-25',	'2020-05-25 07:11:41',	1),
(588,	'APAL-17052',	'Approval Ticket # APAL-17052',	95,	88,	1,	'2020-05-25',	'2020-05-25 07:11:41',	1),
(589,	'APAL-20029',	'Approval Ticket # APAL-20029',	96,	89,	1,	'2020-05-25',	'2020-05-25 07:13:24',	1),
(590,	'APAL-24271',	'Approval Ticket # APAL-24271',	96,	0,	1,	'2020-05-25',	'2020-05-25 07:16:21',	1),
(591,	'APAL-73965',	'Approval Ticket # APAL-73965',	100,	93,	1,	'2020-05-25',	'2020-05-25 07:35:17',	1),
(592,	'APAL-28333',	'Approval Ticket # APAL-28333',	101,	94,	1,	'2020-05-25',	'2020-05-25 07:36:55',	1),
(593,	'APAL-59687',	'Approval Ticket # APAL-59687',	103,	96,	1,	'2020-05-25',	'2020-05-25 07:40:02',	1),
(594,	'APAL-60596',	'Approval Ticket # APAL-60596',	104,	97,	1,	'2020-05-25',	'2020-05-25 07:41:14',	1),
(595,	'APAL-34841',	'Approval Ticket # APAL-34841',	106,	99,	1,	'2020-05-25',	'2020-05-25 07:49:03',	1),
(596,	'APAL-25176',	'Approval Ticket # APAL-25176',	106,	99,	1,	'2020-05-25',	'2020-05-25 08:07:52',	1),
(597,	'APAL-9215',	'Approval Ticket # APAL-9215',	106,	99,	1,	'2020-05-25',	'2020-05-25 08:08:09',	1),
(598,	'APAL-53364',	'Approval Ticket # APAL-53364',	106,	99,	1,	'2020-05-25',	'2020-05-25 08:11:25',	1),
(599,	'APAL-53097',	'Approval Ticket # APAL-53097',	107,	100,	1,	'2020-05-25',	'2020-05-25 08:14:35',	1),
(600,	'APAL-23185',	'Approval Ticket # APAL-23185',	108,	101,	1,	'2020-05-25',	'2020-05-25 08:17:34',	1),
(601,	'APAL-38040',	'Approval Ticket # APAL-38040',	108,	101,	1,	'2020-05-25',	'2020-05-25 15:09:50',	1),
(602,	'APAL-82524',	'Approval Ticket # APAL-82524',	8,	5,	40,	'2020-05-26',	'2020-05-26 10:25:23',	40),
(603,	'APAL-61029',	'Approval Ticket # APAL-61029',	61,	57,	40,	'2020-05-29',	'2020-05-29 11:40:31',	40),
(604,	'APAL-19936',	'Approval Ticket # APAL-19936',	74,	69,	40,	'2020-05-29',	'2020-05-29 11:48:41',	40),
(605,	'APAL-10394',	'Approval Ticket # APAL-10394',	75,	70,	40,	'2020-05-29',	'2020-05-29 11:48:41',	40),
(606,	'APAL-51688',	'Approval Ticket # APAL-51688',	75,	70,	40,	'2020-05-29',	'2020-05-29 11:48:41',	40),
(607,	'APAL-7480',	'Approval Ticket # APAL-7480',	8,	5,	40,	'2020-05-29',	'2020-05-29 12:01:26',	40),
(608,	'APAL-70869',	'Approval Ticket # APAL-70869',	76,	71,	1,	'2020-05-29',	'2020-05-29 12:16:37',	1),
(609,	'APAL-68420',	'Approval Ticket # APAL-68420',	22,	18,	1,	'2020-05-30',	'2020-05-30 05:02:51',	1),
(610,	'APAL-51377',	'Approval Ticket # APAL-51377',	56,	52,	1,	'2020-05-30',	'2020-05-30 07:41:29',	1),
(611,	'APAL-36554',	'Approval Ticket # APAL-36554',	57,	53,	1,	'2020-05-30',	'2020-05-30 07:44:43',	1),
(612,	'APAL-31732',	'Approval Ticket # APAL-31732',	56,	52,	1,	'2020-05-30',	'2020-05-30 07:45:49',	1),
(613,	'APAL-62255',	'Approval Ticket # APAL-62255',	57,	53,	1,	'2020-05-30',	'2020-05-30 07:46:25',	1),
(614,	'APAL-81600',	'Approval Ticket # APAL-81600',	110,	103,	1,	'2020-06-02',	'2020-06-02 05:30:15',	1),
(615,	'APAL-65702',	'Approval Ticket # APAL-65702',	110,	103,	1,	'2020-06-02',	'2020-06-02 06:19:34',	1),
(616,	'APAL-42089',	'Approval Ticket # APAL-42089',	111,	104,	1,	'2020-06-02',	'2020-06-02 10:53:46',	1),
(620,	'APAL-64032',	'Approval Ticket # APAL-64032',	111,	104,	1,	'2020-06-02',	'2020-06-02 10:57:21',	1),
(621,	'APAL-72404',	'Approval Ticket # APAL-72404',	111,	104,	1,	'2020-06-02',	'2020-06-02 10:58:02',	1),
(622,	'APAL-14285',	'Approval Ticket # APAL-14285',	54,	50,	40,	'2020-06-05',	'2020-06-05 07:54:14',	40),
(623,	'APAL-84721',	'Approval Ticket # APAL-84721',	54,	50,	40,	'2020-06-05',	'2020-06-05 07:54:14',	40),
(624,	'APAL-14205',	'Approval Ticket # APAL-14205',	54,	50,	40,	'2020-06-05',	'2020-06-05 07:54:14',	40),
(625,	'APAL-16981',	'Approval Ticket # APAL-16981',	54,	50,	40,	'2020-06-05',	'2020-06-05 07:54:14',	40),
(626,	'APAL-73939',	'Approval Ticket # APAL-73939',	61,	57,	40,	'2020-06-05',	'2020-06-05 08:29:45',	40),
(627,	'APAL-59170',	'Approval Ticket # APAL-59170',	74,	69,	40,	'2020-06-05',	'2020-06-05 08:36:14',	40),
(628,	'APAL-2248',	'Approval Ticket # APAL-2248',	75,	70,	40,	'2020-06-05',	'2020-06-05 08:36:14',	40),
(629,	'APAL-23922',	'Approval Ticket # APAL-23922',	75,	70,	40,	'2020-06-05',	'2020-06-05 08:36:14',	40),
(630,	'APAL-78634',	'Approval Ticket # APAL-78634',	74,	69,	40,	'2020-06-05',	'2020-06-05 08:52:20',	40),
(631,	'APAL-66372',	'Approval Ticket # APAL-66372',	75,	70,	40,	'2020-06-05',	'2020-06-05 08:52:20',	40),
(632,	'APAL-59786',	'Approval Ticket # APAL-59786',	54,	50,	1,	'2020-06-06',	'2020-06-06 05:35:44',	1),
(633,	'APAL-33553',	'Approval Ticket # APAL-33553',	54,	50,	1,	'2020-06-06',	'2020-06-06 05:35:44',	1),
(634,	'APAL-20141',	'Approval Ticket # APAL-20141',	54,	50,	1,	'2020-06-06',	'2020-06-06 05:35:44',	1),
(635,	'APAL-44246',	'Approval Ticket # APAL-44246',	54,	50,	1,	'2020-06-06',	'2020-06-06 05:35:44',	1),
(636,	'APAL-9106',	'Approval Ticket # APAL-9106',	54,	50,	1,	'2020-06-06',	'2020-06-06 05:35:44',	1),
(637,	'APAL-7888',	'Approval Ticket # APAL-7888',	54,	50,	1,	'2020-06-06',	'2020-06-06 05:35:44',	1),
(638,	'APAL-84314',	'Approval Ticket # APAL-84314',	54,	50,	1,	'2020-06-06',	'2020-06-06 05:35:44',	1),
(639,	'APAL-75275',	'Approval Ticket # APAL-75275',	54,	50,	1,	'2020-06-06',	'2020-06-06 05:35:44',	1),
(640,	'APAL-72585',	'Approval Ticket # APAL-72585',	54,	50,	1,	'2020-06-06',	'2020-06-06 05:35:44',	1),
(641,	'APAL-73251',	'Approval Ticket # APAL-73251',	54,	50,	1,	'2020-06-06',	'2020-06-06 05:35:44',	1),
(642,	'APAL-33778',	'Approval Ticket # APAL-33778',	54,	50,	1,	'2020-06-06',	'2020-06-06 05:35:44',	1),
(643,	'APAL-27453',	'Approval Ticket # APAL-27453',	54,	50,	1,	'2020-06-06',	'2020-06-06 05:35:44',	1),
(644,	'APAL-83277',	'Approval Ticket # APAL-83277',	54,	50,	40,	'2020-06-06',	'2020-06-06 05:36:51',	40),
(645,	'APAL-19665',	'Approval Ticket # APAL-19665',	54,	50,	40,	'2020-06-06',	'2020-06-06 05:36:51',	40),
(646,	'APAL-80357',	'Approval Ticket # APAL-80357',	54,	50,	40,	'2020-06-06',	'2020-06-06 05:36:51',	40),
(647,	'APAL-49214',	'Approval Ticket # APAL-49214',	54,	50,	40,	'2020-06-06',	'2020-06-06 05:36:51',	40),
(648,	'APAL-31648',	'Approval Ticket # APAL-31648',	54,	50,	40,	'2020-06-06',	'2020-06-06 05:36:51',	40),
(649,	'APAL-74199',	'Approval Ticket # APAL-74199',	54,	50,	40,	'2020-06-06',	'2020-06-06 05:36:51',	40),
(650,	'APAL-68857',	'Approval Ticket # APAL-68857',	54,	50,	40,	'2020-06-06',	'2020-06-06 05:36:51',	40),
(651,	'APAL-40522',	'Approval Ticket # APAL-40522',	54,	50,	40,	'2020-06-06',	'2020-06-06 05:36:51',	40),
(652,	'APAL-47289',	'Approval Ticket # APAL-47289',	54,	50,	40,	'2020-06-06',	'2020-06-06 05:36:51',	40),
(653,	'APAL-46735',	'Approval Ticket # APAL-46735',	54,	50,	40,	'2020-06-06',	'2020-06-06 05:36:51',	40),
(654,	'APAL-51413',	'Approval Ticket # APAL-51413',	54,	50,	40,	'2020-06-06',	'2020-06-06 05:36:51',	40),
(655,	'APAL-64322',	'Approval Ticket # APAL-64322',	54,	50,	40,	'2020-06-06',	'2020-06-06 05:36:51',	40),
(656,	'APAL-34363',	'Approval Ticket # APAL-34363',	54,	50,	40,	'2020-06-06',	'2020-06-06 05:36:51',	40),
(657,	'APAL-2833',	'Approval Ticket # APAL-2833',	54,	50,	40,	'2020-06-06',	'2020-06-06 05:36:51',	40),
(658,	'APAL-29977',	'Approval Ticket # APAL-29977',	54,	50,	40,	'2020-06-06',	'2020-06-06 05:36:51',	40),
(659,	'APAL-34610',	'Approval Ticket # APAL-34610',	54,	50,	40,	'2020-06-06',	'2020-06-06 05:36:51',	40),
(660,	'APAL-14076',	'Approval Ticket # APAL-14076',	54,	50,	40,	'2020-06-06',	'2020-06-06 05:36:51',	40),
(661,	'APAL-71303',	'Approval Ticket # APAL-71303',	54,	50,	40,	'2020-06-06',	'2020-06-06 05:36:51',	40),
(662,	'APAL-87152',	'Approval Ticket # APAL-87152',	54,	50,	40,	'2020-06-06',	'2020-06-06 05:36:51',	40),
(663,	'APAL-62210',	'Approval Ticket # APAL-62210',	54,	50,	40,	'2020-06-06',	'2020-06-06 05:36:51',	40),
(664,	'APAL-26034',	'Approval Ticket # APAL-26034',	54,	50,	40,	'2020-06-06',	'2020-06-06 05:36:51',	40),
(665,	'APAL-27840',	'Approval Ticket # APAL-27840',	54,	50,	40,	'2020-06-06',	'2020-06-06 05:36:51',	40),
(666,	'APAL-6257',	'Approval Ticket # APAL-6257',	54,	50,	40,	'2020-06-06',	'2020-06-06 05:36:51',	40),
(667,	'APAL-36424',	'Approval Ticket # APAL-36424',	54,	50,	40,	'2020-06-06',	'2020-06-06 05:36:51',	40),
(668,	'APAL-19261',	'Approval Ticket # APAL-19261',	54,	50,	40,	'2020-06-06',	'2020-06-06 05:36:51',	40),
(669,	'APAL-43690',	'Approval Ticket # APAL-43690',	54,	50,	40,	'2020-06-06',	'2020-06-06 05:36:51',	40),
(670,	'APAL-18338',	'Approval Ticket # APAL-18338',	54,	50,	40,	'2020-06-06',	'2020-06-06 05:36:51',	40),
(671,	'APAL-24339',	'Approval Ticket # APAL-24339',	54,	50,	40,	'2020-06-06',	'2020-06-06 05:36:51',	40),
(672,	'APAL-66989',	'Approval Ticket # APAL-66989',	54,	50,	40,	'2020-06-06',	'2020-06-06 05:36:51',	40),
(673,	'APAL-33291',	'Approval Ticket # APAL-33291',	54,	50,	40,	'2020-06-06',	'2020-06-06 05:36:51',	40),
(674,	'APAL-70443',	'Approval Ticket # APAL-70443',	54,	50,	40,	'2020-06-06',	'2020-06-06 05:36:51',	40),
(675,	'APAL-86605',	'Approval Ticket # APAL-86605',	54,	50,	40,	'2020-06-06',	'2020-06-06 05:36:51',	40),
(676,	'APAL-16809',	'Approval Ticket # APAL-16809',	54,	50,	40,	'2020-06-06',	'2020-06-06 05:36:51',	40),
(677,	'APAL-89275',	'Approval Ticket # APAL-89275',	54,	50,	40,	'2020-06-06',	'2020-06-06 05:36:51',	40),
(678,	'APAL-86128',	'Approval Ticket # APAL-86128',	54,	50,	40,	'2020-06-06',	'2020-06-06 05:36:51',	40),
(679,	'APAL-26288',	'Approval Ticket # APAL-26288',	54,	50,	40,	'2020-06-06',	'2020-06-06 05:36:51',	40),
(680,	'APAL-49286',	'Approval Ticket # APAL-49286',	54,	50,	40,	'2020-06-06',	'2020-06-06 05:36:51',	40),
(681,	'APAL-12294',	'Approval Ticket # APAL-12294',	54,	50,	40,	'2020-06-06',	'2020-06-06 05:36:51',	40),
(682,	'APAL-54551',	'Approval Ticket # APAL-54551',	54,	50,	40,	'2020-06-06',	'2020-06-06 05:36:51',	40),
(683,	'APAL-61235',	'Approval Ticket # APAL-61235',	54,	50,	40,	'2020-06-06',	'2020-06-06 05:36:51',	40),
(684,	'APAL-72687',	'Approval Ticket # APAL-72687',	54,	50,	40,	'2020-06-06',	'2020-06-06 05:36:52',	40),
(685,	'APAL-11213',	'Approval Ticket # APAL-11213',	54,	50,	40,	'2020-06-06',	'2020-06-06 05:36:52',	40),
(686,	'APAL-33880',	'Approval Ticket # APAL-33880',	54,	50,	40,	'2020-06-06',	'2020-06-06 05:36:52',	40),
(687,	'APAL-8062',	'Approval Ticket # APAL-8062',	54,	50,	40,	'2020-06-06',	'2020-06-06 05:36:52',	40),
(688,	'APAL-9931',	'Approval Ticket # APAL-9931',	54,	50,	40,	'2020-06-06',	'2020-06-06 05:36:52',	40),
(689,	'APAL-17521',	'Approval Ticket # APAL-17521',	54,	50,	40,	'2020-06-06',	'2020-06-06 05:36:52',	40),
(690,	'APAL-30811',	'Approval Ticket # APAL-30811',	54,	50,	40,	'2020-06-06',	'2020-06-06 05:36:52',	40),
(691,	'APAL-10945',	'Approval Ticket # APAL-10945',	54,	50,	40,	'2020-06-06',	'2020-06-06 05:36:52',	40),
(692,	'APAL-82144',	'Approval Ticket # APAL-82144',	54,	50,	40,	'2020-06-06',	'2020-06-06 05:36:52',	40),
(693,	'APAL-54699',	'Approval Ticket # APAL-54699',	54,	50,	40,	'2020-06-06',	'2020-06-06 05:36:52',	40),
(694,	'APAL-41018',	'Approval Ticket # APAL-41018',	54,	50,	40,	'2020-06-06',	'2020-06-06 05:36:52',	40),
(695,	'APAL-61959',	'Approval Ticket # APAL-61959',	54,	50,	40,	'2020-06-06',	'2020-06-06 05:36:52',	40),
(696,	'APAL-76071',	'Approval Ticket # APAL-76071',	54,	50,	40,	'2020-06-06',	'2020-06-06 05:36:52',	40),
(697,	'APAL-69351',	'Approval Ticket # APAL-69351',	54,	50,	40,	'2020-06-06',	'2020-06-06 05:36:52',	40),
(698,	'APAL-11146',	'Approval Ticket # APAL-11146',	54,	50,	40,	'2020-06-06',	'2020-06-06 05:36:52',	40),
(699,	'APAL-50646',	'Approval Ticket # APAL-50646',	54,	50,	40,	'2020-06-06',	'2020-06-06 05:36:52',	40),
(700,	'APAL-15691',	'Approval Ticket # APAL-15691',	54,	50,	40,	'2020-06-06',	'2020-06-06 05:36:52',	40),
(701,	'APAL-28106',	'Approval Ticket # APAL-28106',	54,	50,	40,	'2020-06-06',	'2020-06-06 05:36:52',	40),
(702,	'APAL-3746',	'Approval Ticket # APAL-3746',	54,	50,	40,	'2020-06-06',	'2020-06-06 05:36:52',	40),
(703,	'APAL-84806',	'Approval Ticket # APAL-84806',	54,	50,	40,	'2020-06-06',	'2020-06-06 05:36:52',	40),
(704,	'APAL-57577',	'Approval Ticket # APAL-57577',	54,	50,	40,	'2020-06-06',	'2020-06-06 05:36:52',	40),
(705,	'APAL-30452',	'Approval Ticket # APAL-30452',	54,	50,	40,	'2020-06-06',	'2020-06-06 05:36:52',	40),
(706,	'APAL-66706',	'Approval Ticket # APAL-66706',	54,	50,	40,	'2020-06-06',	'2020-06-06 05:36:52',	40),
(707,	'APAL-25432',	'Approval Ticket # APAL-25432',	54,	50,	40,	'2020-06-06',	'2020-06-06 05:36:52',	40),
(708,	'APAL-49327',	'Approval Ticket # APAL-49327',	47,	43,	1,	'2020-06-06',	'2020-06-06 07:16:42',	1),
(709,	'APAL-7413',	'Approval Ticket # APAL-7413',	47,	43,	1,	'2020-06-06',	'2020-06-06 07:25:02',	1),
(710,	'APAL-27779',	'Approval Ticket # APAL-27779',	47,	43,	1,	'2020-06-06',	'2020-06-06 07:27:55',	1),
(711,	'APAL-58132',	'Approval Ticket # APAL-58132',	112,	105,	1,	'2020-06-13',	'2020-06-13 08:46:33',	1),
(712,	'APAL-45078',	'Approval Ticket # APAL-45078',	112,	105,	1,	'2020-06-13',	'2020-06-13 09:04:08',	1),
(713,	'APAL-68195',	'Approval Ticket # APAL-68195',	54,	50,	1,	'2020-06-13',	'2020-06-13 09:06:13',	1),
(714,	'APAL-75539',	'Approval Ticket # APAL-75539',	54,	50,	1,	'2020-06-13',	'2020-06-13 09:06:13',	1),
(715,	'APAL-74073',	'Approval Ticket # APAL-74073',	54,	50,	1,	'2020-06-13',	'2020-06-13 09:06:13',	1),
(716,	'APAL-61957',	'Approval Ticket # APAL-61957',	54,	50,	1,	'2020-06-13',	'2020-06-13 09:06:13',	1),
(717,	'APAL-89998',	'Approval Ticket # APAL-89998',	113,	106,	1,	'2020-06-13',	'2020-06-13 09:30:51',	1),
(718,	'APAL-58175',	'Approval Ticket # APAL-58175',	113,	106,	1,	'2020-06-13',	'2020-06-13 09:31:29',	1),
(719,	'APAL-87004',	'Approval Ticket # APAL-87004',	47,	43,	1,	'2020-06-13',	'2020-06-13 09:40:54',	1),
(720,	'APAL-59055',	'Approval Ticket # APAL-59055',	47,	43,	1,	'2020-06-13',	'2020-06-13 09:46:20',	1),
(721,	'APAL-27732',	'Approval Ticket # APAL-27732',	47,	43,	1,	'2020-06-13',	'2020-06-13 09:48:00',	1),
(722,	'APAL-63150',	'Approval Ticket # APAL-63150',	54,	50,	1,	'2020-06-13',	'2020-06-13 09:51:02',	1),
(723,	'APAL-46306',	'Approval Ticket # APAL-46306',	54,	50,	1,	'2020-06-13',	'2020-06-13 09:51:02',	1),
(724,	'APAL-67891',	'Approval Ticket # APAL-67891',	54,	50,	1,	'2020-06-13',	'2020-06-13 09:51:02',	1),
(725,	'APAL-25370',	'Approval Ticket # APAL-25370',	54,	50,	1,	'2020-06-13',	'2020-06-13 09:51:02',	1),
(726,	'APAL-7359',	'Approval Ticket # APAL-7359',	113,	106,	1,	'2020-06-13',	'2020-06-13 15:47:55',	1),
(727,	'APAL-55668',	'Approval Ticket # APAL-55668',	47,	43,	1,	'2020-06-13',	'2020-06-13 15:49:09',	1),
(728,	'APAL-37718',	'Approval Ticket # APAL-37718',	47,	43,	1,	'2020-06-13',	'2020-06-13 15:49:47',	1),
(729,	'APAL-30522',	'Approval Ticket # APAL-30522',	47,	43,	1,	'2020-06-13',	'2020-06-13 15:51:13',	1),
(730,	'APAL-20878',	'Approval Ticket # APAL-20878',	74,	69,	1,	'2020-06-13',	'2020-06-13 16:54:02',	1),
(731,	'APAL-57536',	'Approval Ticket # APAL-57536',	75,	70,	1,	'2020-06-13',	'2020-06-13 16:54:02',	1),
(732,	'APAL-9582',	'Approval Ticket # APAL-9582',	74,	69,	1,	'2020-06-13',	'2020-06-13 18:43:03',	1),
(733,	'APAL-58309',	'Approval Ticket # APAL-58309',	75,	70,	1,	'2020-06-13',	'2020-06-13 18:43:03',	1),
(734,	'APAL-3829',	'Approval Ticket # APAL-3829',	36,	32,	1,	'2020-06-13',	'2020-06-13 19:55:43',	1),
(735,	'APAL-25590',	'Approval Ticket # APAL-25590',	31,	27,	1,	'2020-06-13',	'2020-06-13 19:55:43',	1),
(736,	'APAL-79156',	'Approval Ticket # APAL-79156',	74,	69,	1,	'2020-06-13',	'2020-06-13 19:55:43',	1),
(737,	'APAL-35328',	'Approval Ticket # APAL-35328',	75,	70,	1,	'2020-06-13',	'2020-06-13 19:55:43',	1),
(738,	'APAL-74964',	'Approval Ticket # APAL-74964',	74,	69,	1,	'2020-06-13',	'2020-06-13 20:03:16',	1),
(739,	'APAL-24927',	'Approval Ticket # APAL-24927',	75,	70,	1,	'2020-06-13',	'2020-06-13 20:03:16',	1),
(740,	'APAL-56996',	'Approval Ticket # APAL-56996',	74,	69,	1,	'2020-06-13',	'2020-06-13 21:27:21',	1),
(741,	'APAL-73721',	'Approval Ticket # APAL-73721',	75,	70,	1,	'2020-06-13',	'2020-06-13 21:27:21',	1),
(742,	'APAL-28997',	'Approval Ticket # APAL-28997',	110,	103,	1,	'2020-06-15',	'2020-06-15 09:30:05',	1),
(743,	'APAL-19421',	'Approval Ticket # APAL-19421',	35,	31,	1,	'2020-06-15',	'2020-06-15 09:58:48',	1),
(744,	'APAL-55323',	'Approval Ticket # APAL-55323',	35,	31,	1,	'2020-06-15',	'2020-06-15 09:59:32',	1),
(745,	'APAL-22498',	'Approval Ticket # APAL-22498',	30,	26,	1,	'2020-06-15',	'2020-06-15 10:34:21',	1),
(746,	'APAL-12826',	'Approval Ticket # APAL-12826',	30,	26,	1,	'2020-06-15',	'2020-06-15 10:34:35',	1),
(747,	'APAL-68778',	'Approval Ticket # APAL-68778',	57,	53,	1,	'2020-06-15',	'2020-06-15 10:35:54',	1),
(748,	'APAL-89154',	'Approval Ticket # APAL-89154',	110,	103,	1,	'2020-06-15',	'2020-06-15 10:40:23',	1),
(749,	'APAL-64627',	'Approval Ticket # APAL-64627',	110,	103,	1,	'2020-06-15',	'2020-06-15 11:05:34',	1),
(750,	'APAL-33122',	'Approval Ticket # APAL-33122',	36,	32,	1,	'2020-06-15',	'2020-06-15 15:41:04',	1),
(751,	'APAL-64470',	'Approval Ticket # APAL-64470',	31,	27,	1,	'2020-06-15',	'2020-06-15 15:41:04',	1),
(752,	'APAL-75683',	'Approval Ticket # APAL-75683',	74,	69,	1,	'2020-06-15',	'2020-06-15 15:41:04',	1),
(753,	'APAL-65335',	'Approval Ticket # APAL-65335',	75,	70,	1,	'2020-06-15',	'2020-06-15 15:41:05',	1),
(754,	'APAL-36107',	'Approval Ticket # APAL-36107',	74,	69,	1,	'2020-06-15',	'2020-06-15 15:42:00',	1),
(755,	'APAL-88069',	'Approval Ticket # APAL-88069',	75,	70,	1,	'2020-06-15',	'2020-06-15 15:42:00',	1),
(756,	'APAL-61623',	'Approval Ticket # APAL-61623',	74,	69,	1,	'2020-06-15',	'2020-06-15 15:49:11',	1),
(757,	'APAL-61470',	'Approval Ticket # APAL-61470',	75,	70,	1,	'2020-06-15',	'2020-06-15 15:49:11',	1),
(758,	'APAL-52395',	'Approval Ticket # APAL-52395',	74,	69,	1,	'2020-06-15',	'2020-06-15 16:19:45',	1),
(759,	'APAL-23726',	'Approval Ticket # APAL-23726',	75,	70,	1,	'2020-06-15',	'2020-06-15 16:19:45',	1),
(760,	'APAL-6523',	'Approval Ticket # APAL-6523',	74,	69,	1,	'2020-06-15',	'2020-06-15 16:20:43',	1),
(761,	'APAL-9769',	'Approval Ticket # APAL-9769',	75,	70,	1,	'2020-06-15',	'2020-06-15 16:20:43',	1),
(762,	'APAL-20529',	'Approval Ticket # APAL-20529',	74,	69,	1,	'2020-06-15',	'2020-06-15 16:37:26',	1),
(763,	'APAL-67765',	'Approval Ticket # APAL-67765',	75,	70,	1,	'2020-06-15',	'2020-06-15 16:37:26',	1),
(764,	'APAL-81521',	'Approval Ticket # APAL-81521',	74,	69,	1,	'2020-06-15',	'2020-06-15 16:39:33',	1),
(765,	'APAL-52561',	'Approval Ticket # APAL-52561',	75,	70,	1,	'2020-06-15',	'2020-06-15 16:39:33',	1),
(766,	'APAL-66087',	'Approval Ticket # APAL-66087',	74,	69,	1,	'2020-06-15',	'2020-06-15 16:40:43',	1),
(767,	'APAL-79489',	'Approval Ticket # APAL-79489',	75,	70,	1,	'2020-06-15',	'2020-06-15 16:40:43',	1),
(768,	'APAL-72395',	'Approval Ticket # APAL-72395',	74,	69,	1,	'2020-06-17',	'2020-06-17 09:19:45',	1),
(769,	'APAL-67768',	'Approval Ticket # APAL-67768',	75,	70,	1,	'2020-06-17',	'2020-06-17 09:19:45',	1),
(770,	'APAL-25766',	'Approval Ticket # APAL-25766',	49,	45,	1,	'2020-06-17',	'2020-06-17 09:57:49',	1),
(771,	'APAL-11434',	'Approval Ticket # APAL-11434',	74,	69,	1,	'2020-06-17',	'2020-06-17 16:43:36',	1),
(772,	'APAL-63440',	'Approval Ticket # APAL-63440',	75,	70,	1,	'2020-06-17',	'2020-06-17 16:43:36',	1),
(773,	'APAL-75261',	'Approval Ticket # APAL-75261',	74,	69,	1,	'2020-06-17',	'2020-06-17 17:45:09',	1),
(774,	'APAL-61427',	'Approval Ticket # APAL-61427',	75,	70,	1,	'2020-06-17',	'2020-06-17 17:45:09',	1),
(775,	'APAL-30239',	'Approval Ticket # APAL-30239',	45,	41,	1,	'2020-06-18',	'2020-06-18 05:21:22',	1),
(776,	'APAL-58346',	'Approval Ticket # APAL-58346',	10,	7,	1,	'2020-06-18',	'2020-06-18 05:21:50',	1),
(777,	'APAL-55184',	'Approval Ticket # APAL-55184',	54,	50,	1,	'2020-06-20',	'2020-06-20 06:56:06',	1),
(778,	'APAL-20649',	'Approval Ticket # APAL-20649',	54,	50,	1,	'2020-06-20',	'2020-06-20 06:56:06',	1),
(779,	'APAL-55325',	'Approval Ticket # APAL-55325',	54,	50,	1,	'2020-06-20',	'2020-06-20 06:56:06',	1),
(780,	'APAL-59391',	'Approval Ticket # APAL-59391',	54,	50,	1,	'2020-06-20',	'2020-06-20 06:56:06',	1),
(781,	'APAL-74953',	'Approval Ticket # APAL-74953',	54,	50,	1,	'2020-06-20',	'2020-06-20 06:56:06',	1),
(782,	'APAL-88911',	'Approval Ticket # APAL-88911',	54,	50,	1,	'2020-06-20',	'2020-06-20 06:56:06',	1),
(783,	'APAL-49913',	'Approval Ticket # APAL-49913',	54,	50,	1,	'2020-06-20',	'2020-06-20 06:56:06',	1),
(784,	'APAL-74849',	'Approval Ticket # APAL-74849',	54,	50,	1,	'2020-06-20',	'2020-06-20 06:56:06',	1),
(785,	'APAL-35651',	'Approval Ticket # APAL-35651',	54,	50,	1,	'2020-06-20',	'2020-06-20 06:56:06',	1),
(786,	'APAL-22615',	'Approval Ticket # APAL-22615',	54,	50,	1,	'2020-06-20',	'2020-06-20 06:56:06',	1),
(787,	'APAL-85363',	'Approval Ticket # APAL-85363',	54,	50,	1,	'2020-06-20',	'2020-06-20 06:56:06',	1),
(788,	'APAL-3432',	'Approval Ticket # APAL-3432',	54,	50,	1,	'2020-06-20',	'2020-06-20 06:56:06',	1),
(789,	'APAL-80878',	'Approval Ticket # APAL-80878',	54,	50,	1,	'2020-06-20',	'2020-06-20 06:56:06',	1),
(790,	'APAL-75633',	'Approval Ticket # APAL-75633',	54,	50,	1,	'2020-06-20',	'2020-06-20 06:56:06',	1),
(791,	'APAL-62783',	'Approval Ticket # APAL-62783',	54,	50,	1,	'2020-06-20',	'2020-06-20 06:56:06',	1),
(792,	'APAL-27366',	'Approval Ticket # APAL-27366',	54,	50,	1,	'2020-06-20',	'2020-06-20 06:56:06',	1),
(793,	'APAL-50038',	'Approval Ticket # APAL-50038',	54,	50,	1,	'2020-06-20',	'2020-06-20 06:56:06',	1),
(794,	'APAL-1259',	'Approval Ticket # APAL-1259',	54,	50,	1,	'2020-06-20',	'2020-06-20 06:56:06',	1),
(795,	'APAL-68117',	'Approval Ticket # APAL-68117',	54,	50,	1,	'2020-06-20',	'2020-06-20 06:56:06',	1),
(796,	'APAL-82058',	'Approval Ticket # APAL-82058',	54,	50,	1,	'2020-06-20',	'2020-06-20 06:56:06',	1),
(797,	'APAL-8446',	'Approval Ticket # APAL-8446',	54,	50,	1,	'2020-06-20',	'2020-06-20 06:56:06',	1),
(798,	'APAL-73103',	'Approval Ticket # APAL-73103',	54,	50,	1,	'2020-06-20',	'2020-06-20 06:56:06',	1),
(799,	'APAL-45553',	'Approval Ticket # APAL-45553',	54,	50,	1,	'2020-06-20',	'2020-06-20 06:56:06',	1),
(800,	'APAL-6007',	'Approval Ticket # APAL-6007',	54,	50,	1,	'2020-06-20',	'2020-06-20 06:56:06',	1),
(801,	'APAL-16827',	'Approval Ticket # APAL-16827',	54,	50,	1,	'2020-06-20',	'2020-06-20 06:56:06',	1),
(802,	'APAL-20763',	'Approval Ticket # APAL-20763',	54,	50,	1,	'2020-06-20',	'2020-06-20 06:56:06',	1),
(803,	'APAL-53136',	'Approval Ticket # APAL-53136',	54,	50,	1,	'2020-06-20',	'2020-06-20 06:56:06',	1),
(804,	'APAL-18840',	'Approval Ticket # APAL-18840',	54,	50,	1,	'2020-06-20',	'2020-06-20 06:56:06',	1),
(805,	'APAL-79088',	'Approval Ticket # APAL-79088',	54,	50,	1,	'2020-06-20',	'2020-06-20 06:56:06',	1),
(806,	'APAL-57468',	'Approval Ticket # APAL-57468',	54,	50,	1,	'2020-06-20',	'2020-06-20 06:56:06',	1),
(807,	'APAL-75926',	'Approval Ticket # APAL-75926',	54,	50,	1,	'2020-06-20',	'2020-06-20 06:56:06',	1),
(808,	'APAL-68299',	'Approval Ticket # APAL-68299',	54,	50,	1,	'2020-06-20',	'2020-06-20 06:56:06',	1),
(809,	'APAL-69115',	'Approval Ticket # APAL-69115',	54,	50,	1,	'2020-06-20',	'2020-06-20 06:56:06',	1),
(810,	'APAL-35937',	'Approval Ticket # APAL-35937',	54,	50,	1,	'2020-06-20',	'2020-06-20 06:56:06',	1),
(811,	'APAL-46165',	'Approval Ticket # APAL-46165',	54,	50,	1,	'2020-06-20',	'2020-06-20 06:56:06',	1),
(812,	'APAL-39804',	'Approval Ticket # APAL-39804',	54,	50,	1,	'2020-06-20',	'2020-06-20 06:56:06',	1),
(813,	'APAL-85879',	'Approval Ticket # APAL-85879',	54,	50,	1,	'2020-06-20',	'2020-06-20 06:56:06',	1),
(814,	'APAL-50226',	'Approval Ticket # APAL-50226',	54,	50,	1,	'2020-06-20',	'2020-06-20 06:56:06',	1),
(815,	'APAL-3247',	'Approval Ticket # APAL-3247',	54,	50,	1,	'2020-06-20',	'2020-06-20 06:56:06',	1),
(816,	'APAL-54523',	'Approval Ticket # APAL-54523',	54,	50,	1,	'2020-06-20',	'2020-06-20 06:56:06',	1),
(817,	'APAL-86116',	'Approval Ticket # APAL-86116',	54,	50,	1,	'2020-06-20',	'2020-06-20 06:56:06',	1),
(818,	'APAL-64792',	'Approval Ticket # APAL-64792',	54,	50,	1,	'2020-06-20',	'2020-06-20 06:56:06',	1),
(819,	'APAL-45006',	'Approval Ticket # APAL-45006',	54,	50,	1,	'2020-06-20',	'2020-06-20 06:56:06',	1),
(820,	'APAL-66085',	'Approval Ticket # APAL-66085',	54,	50,	1,	'2020-06-20',	'2020-06-20 06:56:06',	1),
(821,	'APAL-10828',	'Approval Ticket # APAL-10828',	54,	50,	1,	'2020-06-20',	'2020-06-20 06:56:06',	1),
(822,	'APAL-39065',	'Approval Ticket # APAL-39065',	54,	50,	1,	'2020-06-20',	'2020-06-20 06:56:06',	1),
(823,	'APAL-59793',	'Approval Ticket # APAL-59793',	54,	50,	1,	'2020-06-20',	'2020-06-20 06:56:06',	1),
(824,	'APAL-65454',	'Approval Ticket # APAL-65454',	54,	50,	1,	'2020-06-20',	'2020-06-20 06:56:06',	1),
(825,	'APAL-5729',	'Approval Ticket # APAL-5729',	54,	50,	1,	'2020-06-20',	'2020-06-20 06:56:06',	1),
(826,	'APAL-7991',	'Approval Ticket # APAL-7991',	54,	50,	1,	'2020-06-20',	'2020-06-20 06:56:06',	1),
(827,	'APAL-25664',	'Approval Ticket # APAL-25664',	54,	50,	1,	'2020-06-20',	'2020-06-20 06:56:06',	1),
(828,	'APAL-81548',	'Approval Ticket # APAL-81548',	54,	50,	1,	'2020-06-20',	'2020-06-20 06:56:06',	1),
(829,	'APAL-40481',	'Approval Ticket # APAL-40481',	54,	50,	1,	'2020-06-20',	'2020-06-20 06:56:06',	1),
(830,	'APAL-26811',	'Approval Ticket # APAL-26811',	54,	50,	1,	'2020-06-20',	'2020-06-20 06:56:06',	1),
(831,	'APAL-31678',	'Approval Ticket # APAL-31678',	54,	50,	1,	'2020-06-20',	'2020-06-20 06:56:06',	1),
(832,	'APAL-9099',	'Approval Ticket # APAL-9099',	54,	50,	1,	'2020-06-20',	'2020-06-20 06:56:06',	1),
(833,	'APAL-80515',	'Approval Ticket # APAL-80515',	54,	50,	1,	'2020-06-20',	'2020-06-20 06:56:06',	1),
(834,	'APAL-49177',	'Approval Ticket # APAL-49177',	54,	50,	1,	'2020-06-20',	'2020-06-20 06:56:06',	1),
(835,	'APAL-78909',	'Approval Ticket # APAL-78909',	54,	50,	1,	'2020-06-20',	'2020-06-20 06:56:06',	1),
(836,	'APAL-9730',	'Approval Ticket # APAL-9730',	54,	50,	1,	'2020-06-20',	'2020-06-20 06:56:06',	1),
(837,	'APAL-26638',	'Approval Ticket # APAL-26638',	54,	50,	1,	'2020-06-20',	'2020-06-20 06:56:06',	1),
(838,	'APAL-20275',	'Approval Ticket # APAL-20275',	54,	50,	1,	'2020-06-20',	'2020-06-20 06:56:06',	1),
(839,	'APAL-84154',	'Approval Ticket # APAL-84154',	54,	50,	1,	'2020-06-20',	'2020-06-20 06:56:06',	1),
(840,	'APAL-53314',	'Approval Ticket # APAL-53314',	54,	50,	1,	'2020-06-20',	'2020-06-20 06:56:06',	1),
(842,	'APAL-33861',	'Approval Ticket # APAL-33861',	46,	42,	1,	'2020-06-20',	'2020-06-20 09:15:40',	1),
(843,	'APAL-47868',	'Approval Ticket # APAL-47868',	46,	42,	1,	'2020-06-20',	'2020-06-20 09:18:53',	1),
(844,	'APAL-25718',	'Approval Ticket # APAL-25718',	46,	42,	1,	'2020-06-20',	'2020-06-20 09:20:16',	1),
(845,	'APAL-83588',	'Approval Ticket # APAL-83588',	49,	45,	1,	'2020-06-22',	'2020-06-22 05:37:55',	1),
(847,	'APAL-64659',	'Approval Ticket # APAL-64659',	57,	53,	1,	'2020-06-22',	'2020-06-22 05:54:44',	1),
(849,	'APAL-27508',	'Approval Ticket # APAL-27508',	57,	53,	1,	'2020-06-22',	'2020-06-22 06:13:51',	1),
(850,	'APAL-37819',	'Approval Ticket # APAL-37819',	57,	53,	1,	'2020-06-22',	'2020-06-22 06:14:29',	1),
(856,	'APAL-19086',	'Approval Ticket # APAL-19086',	57,	53,	1,	'2020-06-22',	'2020-06-22 06:27:13',	1),
(857,	'APAL-56861',	'Approval Ticket # APAL-56861',	46,	42,	1,	'2020-06-26',	'2020-06-26 12:16:56',	1),
(858,	'APAL-7890',	'Approval Ticket # APAL-7890',	46,	42,	1,	'2020-06-26',	'2020-06-26 12:17:34',	1),
(859,	'APAL-34631',	'Approval Ticket # APAL-34631',	110,	103,	1,	'2020-06-26',	'2020-06-26 16:02:00',	1),
(860,	'APAL-63133',	'Approval Ticket # APAL-63133',	110,	103,	1,	'2020-06-26',	'2020-06-26 16:16:39',	1),
(861,	'APAL-74042',	'Approval Ticket # APAL-74042',	36,	32,	1,	'2020-06-26',	'2020-06-26 16:19:01',	1),
(862,	'APAL-4589',	'Approval Ticket # APAL-4589',	31,	27,	1,	'2020-06-26',	'2020-06-26 16:19:01',	1),
(863,	'APAL-16061',	'Approval Ticket # APAL-16061',	74,	69,	1,	'2020-06-26',	'2020-06-26 16:19:01',	1),
(864,	'APAL-75201',	'Approval Ticket # APAL-75201',	75,	70,	1,	'2020-06-26',	'2020-06-26 16:19:01',	1),
(865,	'APAL-15120',	'Approval Ticket # APAL-15120',	74,	69,	1,	'2020-06-26',	'2020-06-26 16:20:19',	1),
(866,	'APAL-47723',	'Approval Ticket # APAL-47723',	75,	70,	1,	'2020-06-26',	'2020-06-26 16:20:19',	1),
(867,	'APAL-5901',	'Approval Ticket # APAL-5901',	110,	103,	1,	'2020-06-26',	'2020-06-26 16:23:27',	1),
(868,	'APAL-24841',	'Approval Ticket # APAL-24841',	110,	103,	1,	'2020-06-26',	'2020-06-26 16:24:50',	1),
(869,	'APAL-25342',	'Approval Ticket # APAL-25342',	110,	103,	1,	'2020-06-26',	'2020-06-26 16:26:51',	1),
(870,	'APAL-49329',	'Approval Ticket # APAL-49329',	74,	69,	1,	'2020-06-26',	'2020-06-26 16:27:51',	1),
(871,	'APAL-62628',	'Approval Ticket # APAL-62628',	75,	70,	1,	'2020-06-26',	'2020-06-26 16:27:51',	1),
(872,	'APAL-3856',	'Approval Ticket # APAL-3856',	74,	69,	1,	'2020-06-26',	'2020-06-26 16:28:34',	1),
(873,	'APAL-21409',	'Approval Ticket # APAL-21409',	75,	70,	1,	'2020-06-26',	'2020-06-26 16:28:34',	1),
(874,	'APAL-3887',	'Approval Ticket # APAL-3887',	74,	69,	1,	'2020-06-26',	'2020-06-26 16:29:59',	1),
(875,	'APAL-79553',	'Approval Ticket # APAL-79553',	75,	70,	1,	'2020-06-26',	'2020-06-26 16:29:59',	1),
(876,	'APAL-29518',	'Approval Ticket # APAL-29518',	74,	69,	1,	'2020-06-26',	'2020-06-26 16:31:03',	1),
(877,	'APAL-71453',	'Approval Ticket # APAL-71453',	75,	70,	1,	'2020-06-26',	'2020-06-26 16:31:03',	1),
(878,	'APAL-25034',	'Approval Ticket # APAL-25034',	30,	26,	1,	'2020-06-26',	'2020-06-26 16:34:21',	1),
(879,	'APAL-3879',	'Approval Ticket # APAL-3879',	30,	26,	1,	'2020-06-26',	'2020-06-26 16:34:42',	1),
(880,	'APAL-26398',	'Approval Ticket # APAL-26398',	74,	69,	1,	'2020-06-26',	'2020-06-26 16:35:18',	1),
(881,	'APAL-42366',	'Approval Ticket # APAL-42366',	75,	70,	1,	'2020-06-26',	'2020-06-26 16:35:18',	1),
(882,	'APAL-42809',	'Approval Ticket # APAL-42809',	60,	56,	1,	'2020-06-29',	'2020-06-29 06:52:55',	1),
(884,	'APAL-44318',	'Approval Ticket # APAL-44318',	60,	56,	1,	'2020-06-29',	'2020-06-29 06:53:58',	1),
(885,	'APAL-44351',	'Approval Ticket # APAL-44351',	60,	56,	1,	'2020-06-29',	'2020-06-29 06:57:00',	1),
(886,	'APAL-82374',	'Approval Ticket # APAL-82374',	60,	56,	1,	'2020-06-29',	'2020-06-29 07:37:30',	1),
(887,	'APAL-75938',	'Approval Ticket # APAL-75938',	36,	32,	1,	'2020-06-29',	'2020-06-29 16:43:45',	1),
(888,	'APAL-68303',	'Approval Ticket # APAL-68303',	31,	27,	1,	'2020-06-29',	'2020-06-29 16:43:45',	1),
(889,	'APAL-50727',	'Approval Ticket # APAL-50727',	74,	69,	1,	'2020-06-29',	'2020-06-29 16:43:45',	1),
(890,	'APAL-34935',	'Approval Ticket # APAL-34935',	75,	70,	1,	'2020-06-29',	'2020-06-29 16:43:45',	1),
(892,	'APAL-68935',	'Approval Ticket # APAL-68935',	56,	52,	1,	'2020-06-29',	'2020-06-29 16:49:39',	1),
(893,	'APAL-74469',	'Approval Ticket # APAL-74469',	45,	41,	1,	'2020-06-29',	'2020-06-29 17:24:37',	1),
(899,	'APAL-31106',	'Approval Ticket # APAL-31106',	45,	41,	1,	'2020-06-30',	'2020-06-30 10:19:47',	1),
(910,	'APAL-39755',	'Approval Ticket # APAL-39755',	57,	53,	1,	'2020-06-30',	'2020-06-30 10:33:41',	1),
(911,	'APAL-53319',	'Approval Ticket # APAL-53319',	57,	53,	1,	'2020-06-30',	'2020-06-30 10:38:23',	1),
(913,	'APAL-13245',	'Approval Ticket # APAL-13245',	57,	53,	1,	'2020-06-30',	'2020-06-30 10:40:48',	1),
(915,	'APAL-63540',	'Approval Ticket # APAL-63540',	57,	53,	1,	'2020-06-30',	'2020-06-30 10:44:59',	1),
(916,	'APAL-71559',	'Approval Ticket # APAL-71559',	57,	53,	1,	'2020-06-30',	'2020-06-30 10:47:25',	1),
(917,	'APAL-23899',	'Approval Ticket # APAL-23899',	113,	106,	1,	'2020-06-30',	'2020-06-30 15:23:37',	1),
(918,	'APAL-54365',	'Approval Ticket # APAL-54365',	76,	71,	1,	'2020-07-02',	'2020-07-02 14:11:24',	1),
(919,	'APAL-31824',	'Approval Ticket # APAL-31824',	76,	71,	1,	'2020-07-02',	'2020-07-02 14:11:49',	1),
(920,	'APAL-26242',	'Approval Ticket # APAL-26242',	74,	69,	1,	'2020-07-02',	'2020-07-02 15:11:54',	1),
(921,	'APAL-45589',	'Approval Ticket # APAL-45589',	75,	70,	1,	'2020-07-02',	'2020-07-02 15:11:54',	1),
(922,	'APAL-67037',	'Approval Ticket # APAL-67037',	74,	69,	1,	'2020-07-02',	'2020-07-02 18:05:07',	1),
(923,	'APAL-11565',	'Approval Ticket # APAL-11565',	75,	70,	1,	'2020-07-02',	'2020-07-02 18:05:07',	1),
(924,	'APAL-19385',	'Approval Ticket # APAL-19385',	75,	70,	1,	'2020-07-02',	'2020-07-02 18:05:07',	1),
(925,	'APAL-42656',	'Approval Ticket # APAL-42656',	74,	69,	1,	'2020-07-02',	'2020-07-02 18:36:30',	1),
(926,	'APAL-44910',	'Approval Ticket # APAL-44910',	75,	70,	1,	'2020-07-02',	'2020-07-02 18:36:30',	1),
(927,	'APAL-8287',	'Approval Ticket # APAL-8287',	74,	69,	1,	'2020-07-03',	'2020-07-03 04:22:36',	1),
(928,	'APAL-19704',	'Approval Ticket # APAL-19704',	75,	70,	1,	'2020-07-03',	'2020-07-03 04:22:36',	1),
(929,	'APAL-37520',	'Approval Ticket # APAL-37520',	74,	69,	1,	'2020-07-03',	'2020-07-03 06:29:25',	1),
(930,	'APAL-61763',	'Approval Ticket # APAL-61763',	75,	70,	1,	'2020-07-03',	'2020-07-03 06:29:25',	1),
(931,	'APAL-45187',	'Approval Ticket # APAL-45187',	74,	69,	1,	'2020-07-03',	'2020-07-03 12:17:42',	1),
(932,	'APAL-74775',	'Approval Ticket # APAL-74775',	75,	70,	1,	'2020-07-03',	'2020-07-03 12:17:42',	1),
(933,	'APAL-46753',	'Approval Ticket # APAL-46753',	60,	56,	1,	'2020-07-03',	'2020-07-03 13:28:01',	1);

DROP TABLE IF EXISTS `approval_flow`;
CREATE TABLE `approval_flow` (
  `approval_flow_id` int(100) NOT NULL AUTO_INCREMENT,
  `approval_flow_name` varchar(100) NOT NULL,
  `approval_flow_track_number` varchar(100) NOT NULL,
  `fk_approve_item_id` int(100) NOT NULL,
  `fk_account_system_id` int(100) NOT NULL,
  `approval_flow_created_by` int(100) NOT NULL,
  `approval_flow_created_date` date NOT NULL,
  `approval_flow_last_modified_by` int(100) NOT NULL,
  `approval_flow_last_modified_date` timestamp NOT NULL DEFAULT CURRENT_TIMESTAMP,
  `fk_approval_id` int(100) DEFAULT NULL,
  `fk_status_id` int(100) DEFAULT NULL,
  PRIMARY KEY (`approval_flow_id`),
  KEY `fk_approve_item_id` (`fk_approve_item_id`),
  KEY `fk_account_system_id` (`fk_account_system_id`),
  CONSTRAINT `approval_flow_ibfk_1` FOREIGN KEY (`fk_approve_item_id`) REFERENCES `approve_item` (`approve_item_id`),
  CONSTRAINT `approval_flow_ibfk_2` FOREIGN KEY (`fk_account_system_id`) REFERENCES `account_system` (`account_system_id`)
) ENGINE=InnoDB DEFAULT CHARSET=latin1;

INSERT INTO `approval_flow` (`approval_flow_id`, `approval_flow_name`, `approval_flow_track_number`, `fk_approve_item_id`, `fk_account_system_id`, `approval_flow_created_by`, `approval_flow_created_date`, `approval_flow_last_modified_by`, `approval_flow_last_modified_date`, `fk_approval_id`, `fk_status_id`) VALUES
(1,	'Global Account System approval workflow',	'APOW-79019',	2,	1,	1,	'2020-04-29',	1,	'2020-04-29 13:05:29',	NULL,	NULL),
(2,	'Global Account System bank workflow',	'APOW-59621',	5,	1,	1,	'2020-04-29',	1,	'2020-04-29 13:05:29',	NULL,	NULL),
(3,	'Global Account System bank branch workflow',	'APOW-71768',	6,	1,	1,	'2020-04-29',	1,	'2020-04-29 13:05:29',	NULL,	NULL),
(4,	'Global Account System budget workflow',	'APOW-23874',	7,	1,	1,	'2020-04-29',	1,	'2020-04-29 13:05:29',	NULL,	NULL),
(5,	'Global Account System budget item workflow',	'APOW-13243',	8,	1,	1,	'2020-04-29',	1,	'2020-04-29 13:05:29',	NULL,	NULL),
(6,	'Global Account System budget item detail workflow',	'APOW-83061',	9,	1,	1,	'2020-04-29',	1,	'2020-04-29 13:05:29',	NULL,	NULL),
(7,	'Global Account System cheque book workflow',	'APOW-70996',	10,	1,	1,	'2020-04-29',	1,	'2020-04-29 13:05:29',	NULL,	NULL),
(8,	'Global Account System context center workflow',	'APOW-44712',	12,	1,	1,	'2020-04-29',	1,	'2020-04-29 13:05:29',	NULL,	NULL),
(9,	'Global Account System context center user workflow',	'APOW-49484',	13,	1,	1,	'2020-04-29',	1,	'2020-04-29 13:05:29',	NULL,	NULL),
(10,	'Global Account System context cluster workflow',	'APOW-29726',	14,	1,	1,	'2020-04-29',	1,	'2020-04-29 13:05:29',	NULL,	NULL),
(11,	'Global Account System context cluster user workflow',	'APOW-41357',	15,	1,	1,	'2020-04-29',	1,	'2020-04-29 13:05:29',	NULL,	NULL),
(12,	'Global Account System context cohort workflow',	'APOW-78888',	16,	1,	1,	'2020-04-29',	1,	'2020-04-29 13:05:29',	NULL,	NULL),
(13,	'Global Account System context cohort user workflow',	'APOW-29243',	17,	1,	1,	'2020-04-29',	1,	'2020-04-29 13:05:29',	NULL,	NULL),
(14,	'Global Account System context country workflow',	'APOW-15118',	18,	1,	1,	'2020-04-29',	1,	'2020-04-29 13:05:29',	NULL,	NULL),
(15,	'Global Account System context country user workflow',	'APOW-42749',	19,	1,	1,	'2020-04-29',	1,	'2020-04-29 13:05:29',	NULL,	NULL),
(16,	'Global Account System context definition workflow',	'APOW-27315',	20,	1,	1,	'2020-04-29',	1,	'2020-04-29 13:05:29',	NULL,	NULL),
(17,	'Global Account System context global workflow',	'APOW-63065',	21,	1,	1,	'2020-04-29',	1,	'2020-04-29 13:05:29',	NULL,	NULL),
(18,	'Global Account System context global user workflow',	'APOW-14794',	22,	1,	1,	'2020-04-29',	1,	'2020-04-29 13:05:29',	NULL,	NULL),
(19,	'Global Account System context region workflow',	'APOW-44273',	23,	1,	1,	'2020-04-29',	1,	'2020-04-29 13:05:29',	NULL,	NULL),
(20,	'Global Account System context region user workflow',	'APOW-70674',	24,	1,	1,	'2020-04-29',	1,	'2020-04-29 13:05:29',	NULL,	NULL),
(21,	'Global Account System contra account workflow',	'APOW-69600',	25,	1,	1,	'2020-04-29',	1,	'2020-04-29 13:05:29',	NULL,	NULL),
(22,	'Global Account System dashboard workflow',	'APOW-70026',	26,	1,	1,	'2020-04-29',	1,	'2020-04-29 13:05:29',	NULL,	NULL),
(23,	'Global Account System department workflow',	'APOW-64966',	27,	1,	1,	'2020-04-29',	1,	'2020-04-29 13:05:29',	NULL,	NULL),
(24,	'Global Account System department user workflow',	'APOW-32839',	28,	1,	1,	'2020-04-29',	1,	'2020-04-29 13:05:29',	NULL,	NULL),
(25,	'Global Account System designation workflow',	'APOW-49299',	29,	1,	1,	'2020-04-29',	1,	'2020-04-29 13:05:30',	NULL,	NULL),
(26,	'Global Account System expense account workflow',	'APOW-73934',	30,	1,	1,	'2020-04-29',	1,	'2020-04-29 13:05:30',	NULL,	NULL),
(27,	'Global Account System financial report workflow',	'APOW-79911',	31,	1,	1,	'2020-04-29',	1,	'2020-04-29 13:05:30',	NULL,	NULL),
(28,	'Global Account System funder workflow',	'APOW-63908',	32,	1,	1,	'2020-04-29',	1,	'2020-04-29 13:05:30',	NULL,	NULL),
(29,	'Global Account System funding status workflow',	'APOW-72672',	33,	1,	1,	'2020-04-29',	1,	'2020-04-29 13:05:30',	NULL,	NULL),
(30,	'Global Account System history workflow',	'APOW-62809',	34,	1,	1,	'2020-04-29',	1,	'2020-04-29 13:05:30',	NULL,	NULL),
(31,	'Global Account System income account workflow',	'APOW-9147',	35,	1,	1,	'2020-04-29',	1,	'2020-04-29 13:05:30',	NULL,	NULL),
(32,	'Global Account System journal workflow',	'APOW-67125',	36,	1,	1,	'2020-04-29',	1,	'2020-04-29 13:05:30',	NULL,	NULL),
(33,	'Global Account System language workflow',	'APOW-89090',	37,	1,	1,	'2020-04-29',	1,	'2020-04-29 13:05:30',	NULL,	NULL),
(34,	'Global Account System language phrase workflow',	'APOW-49172',	38,	1,	1,	'2020-04-29',	1,	'2020-04-29 13:05:30',	NULL,	NULL),
(35,	'Global Account System menu workflow',	'APOW-4191',	39,	1,	1,	'2020-04-29',	1,	'2020-04-29 13:05:30',	NULL,	NULL),
(36,	'Global Account System menu user order workflow',	'APOW-65891',	40,	1,	1,	'2020-04-29',	1,	'2020-04-29 13:05:30',	NULL,	NULL),
(37,	'Global Account System message workflow',	'APOW-17049',	41,	1,	1,	'2020-04-29',	1,	'2020-04-29 13:05:30',	NULL,	NULL),
(38,	'Global Account System message detail workflow',	'APOW-6944',	42,	1,	1,	'2020-04-29',	1,	'2020-04-29 13:05:30',	NULL,	NULL),
(39,	'Global Account System month workflow',	'APOW-52479',	43,	1,	1,	'2020-04-29',	1,	'2020-04-29 13:05:30',	NULL,	NULL),
(40,	'Global Account System office workflow',	'APOW-2316',	44,	1,	1,	'2020-04-29',	1,	'2020-04-29 13:05:30',	NULL,	NULL),
(41,	'Global Account System office bank workflow',	'APOW-4005',	45,	1,	1,	'2020-04-29',	1,	'2020-04-29 13:05:30',	NULL,	NULL),
(42,	'Global Account System opening allocation balance workflow',	'APOW-24487',	46,	1,	1,	'2020-04-29',	1,	'2020-04-29 13:05:30',	NULL,	NULL),
(43,	'Global Account System opening cash balance workflow',	'APOW-22382',	47,	1,	1,	'2020-04-29',	1,	'2020-04-29 13:05:30',	NULL,	NULL),
(44,	'Global Account System opening deposit transit workflow',	'APOW-37569',	48,	1,	1,	'2020-04-29',	1,	'2020-04-29 13:05:30',	NULL,	NULL),
(45,	'Global Account System opening fund balance workflow',	'APOW-37426',	49,	1,	1,	'2020-04-29',	1,	'2020-04-29 13:05:30',	NULL,	NULL),
(46,	'Global Account System opening outstanding cheque workflow',	'APOW-52868',	50,	1,	1,	'2020-04-29',	1,	'2020-04-29 13:05:30',	NULL,	NULL),
(47,	'Global Account System page view workflow',	'APOW-50025',	51,	1,	1,	'2020-04-29',	1,	'2020-04-29 13:05:30',	NULL,	NULL),
(48,	'Global Account System page view condition workflow',	'APOW-4487',	52,	1,	1,	'2020-04-29',	1,	'2020-04-29 13:05:30',	NULL,	NULL),
(49,	'Global Account System page view role workflow',	'APOW-84352',	53,	1,	1,	'2020-04-29',	1,	'2020-04-29 13:05:30',	NULL,	NULL),
(50,	'Global Account System permission workflow',	'APOW-27070',	54,	1,	1,	'2020-04-29',	1,	'2020-04-29 13:05:30',	NULL,	NULL),
(51,	'Global Account System permission label workflow',	'APOW-70733',	55,	1,	1,	'2020-04-29',	1,	'2020-04-29 13:05:30',	NULL,	NULL),
(52,	'Global Account System project workflow',	'APOW-7021',	56,	1,	1,	'2020-04-29',	1,	'2020-04-29 13:05:30',	NULL,	NULL),
(53,	'Global Account System project allocation workflow',	'APOW-40358',	57,	1,	1,	'2020-04-29',	1,	'2020-04-29 13:05:30',	NULL,	NULL),
(54,	'Global Account System project allocation detail workflow',	'APOW-14689',	58,	1,	1,	'2020-04-29',	1,	'2020-04-29 13:05:30',	NULL,	NULL),
(55,	'Global Account System project cost proportion workflow',	'APOW-60564',	59,	1,	1,	'2020-04-29',	1,	'2020-04-29 13:05:30',	NULL,	NULL),
(56,	'Global Account System reconciliation workflow',	'APOW-81443',	60,	1,	1,	'2020-04-29',	1,	'2020-04-29 13:05:30',	NULL,	NULL),
(57,	'Global Account System request workflow',	'APOW-55030',	61,	1,	1,	'2020-04-29',	1,	'2020-04-29 13:05:30',	NULL,	NULL),
(58,	'Global Account System request detail workflow',	'APOW-31046',	63,	1,	1,	'2020-04-29',	1,	'2020-04-29 13:05:30',	NULL,	NULL),
(59,	'Global Account System request conversion workflow',	'APOW-40275',	62,	1,	1,	'2020-04-29',	1,	'2020-04-29 13:05:30',	NULL,	NULL),
(60,	'Global Account System request type workflow',	'APOW-61749',	64,	1,	1,	'2020-04-29',	1,	'2020-04-29 13:05:30',	NULL,	NULL),
(61,	'Global Account System role workflow',	'APOW-86139',	65,	1,	1,	'2020-04-29',	1,	'2020-04-29 13:05:30',	NULL,	NULL),
(62,	'Global Account System role permission workflow',	'APOW-2089',	66,	1,	1,	'2020-04-29',	1,	'2020-04-29 13:05:30',	NULL,	NULL),
(63,	'Global Account System setting workflow',	'APOW-52840',	67,	1,	1,	'2020-04-29',	1,	'2020-04-29 13:05:30',	NULL,	NULL),
(64,	'Global Account System status role workflow',	'APOW-6402',	69,	1,	1,	'2020-04-29',	1,	'2020-04-29 13:05:30',	NULL,	NULL),
(65,	'Global Account System system opening balance workflow',	'APOW-31199',	70,	1,	1,	'2020-04-29',	1,	'2020-04-29 13:05:30',	NULL,	NULL),
(66,	'Global Account System translation workflow',	'APOW-7352',	71,	1,	1,	'2020-04-29',	1,	'2020-04-29 13:05:30',	NULL,	NULL),
(67,	'Global Account System user workflow',	'APOW-17638',	72,	1,	1,	'2020-04-29',	1,	'2020-04-29 13:05:30',	NULL,	NULL),
(68,	'Global Account System variance note workflow',	'APOW-41585',	73,	1,	1,	'2020-04-29',	1,	'2020-04-29 13:05:30',	NULL,	NULL),
(69,	'Global Account System voucher workflow',	'APOW-69896',	74,	1,	1,	'2020-04-29',	1,	'2020-04-29 13:05:30',	NULL,	NULL),
(70,	'Global Account System voucher detail workflow',	'APOW-20094',	75,	1,	1,	'2020-04-29',	1,	'2020-04-29 13:05:30',	NULL,	NULL),
(71,	'Global Account System voucher type workflow',	'APOW-31194',	76,	1,	1,	'2020-04-29',	1,	'2020-04-29 13:05:30',	NULL,	NULL),
(72,	'Global Account System voucher type account workflow',	'APOW-88288',	77,	1,	1,	'2020-04-29',	1,	'2020-04-29 13:05:30',	NULL,	NULL),
(73,	'Global Account System voucher type effect workflow',	'APOW-36239',	78,	1,	1,	'2020-04-29',	1,	'2020-04-29 13:05:30',	NULL,	NULL),
(74,	'Global Account System workplan workflow',	'APOW-8802',	79,	1,	1,	'2020-04-29',	1,	'2020-04-29 13:05:30',	NULL,	NULL),
(75,	'Global Account System workplan task workflow',	'APOW-81446',	80,	1,	1,	'2020-04-29',	1,	'2020-04-29 13:05:30',	NULL,	NULL),
(76,	'Global Account System Opening Bank Balance workflow',	'APOW-81447',	81,	1,	1,	'2020-04-29',	1,	'2020-04-29 13:05:30',	NULL,	NULL),
(101,	'Global Account System country currency workflow',	'APOW-75590',	106,	1,	1,	'2020-05-25',	1,	'2020-05-25 07:48:51',	NULL,	NULL),
(102,	'Global Account System currency conversion workflow',	'APOW-80188',	107,	1,	1,	'2020-05-25',	1,	'2020-05-25 08:13:36',	NULL,	NULL),
(103,	'Global Account System currency conversion detail workflow',	'APOW-59267',	108,	1,	1,	'2020-05-25',	1,	'2020-05-25 08:15:36',	NULL,	NULL),
(105,	'Global Account System office bank project allocation workflow',	'APOW-30352',	110,	1,	1,	'2020-06-02',	1,	'2020-06-02 05:28:37',	NULL,	NULL),
(106,	'Global Account System project allocation opening cash balance workflow',	'APOW-39855',	111,	1,	1,	'2020-06-02',	1,	'2020-06-02 10:50:00',	NULL,	NULL),
(107,	'Global Account System office bank opening cash balance workflow',	'APOW-61843',	112,	1,	1,	'2020-06-13',	1,	'2020-06-13 08:46:08',	NULL,	NULL),
(108,	'Global Account System office cash workflow',	'APOW-18732',	113,	1,	1,	'2020-06-13',	1,	'2020-06-13 09:30:26',	NULL,	NULL);

DROP TABLE IF EXISTS `approve_item`;
CREATE TABLE `approve_item` (
  `approve_item_id` int(100) NOT NULL AUTO_INCREMENT,
  `approve_item_track_number` varchar(100) NOT NULL,
  `approve_item_name` varchar(100) NOT NULL,
  `approve_item_is_active` int(5) NOT NULL,
  `approve_item_created_date` date NOT NULL,
  `approve_item_created_by` int(100) NOT NULL,
  `approve_item_last_modified_date` timestamp NOT NULL DEFAULT CURRENT_TIMESTAMP ON UPDATE CURRENT_TIMESTAMP,
  `approve_item_last_modified_by` int(100) NOT NULL,
  `fk_approval_id` int(100) DEFAULT NULL,
  `fk_status_id` int(100) DEFAULT NULL,
  PRIMARY KEY (`approve_item_id`),
  UNIQUE KEY `approve_item_name` (`approve_item_name`)
) ENGINE=InnoDB DEFAULT CHARSET=latin1;

INSERT INTO `approve_item` (`approve_item_id`, `approve_item_track_number`, `approve_item_name`, `approve_item_is_active`, `approve_item_created_date`, `approve_item_created_by`, `approve_item_last_modified_date`, `approve_item_last_modified_by`, `fk_approval_id`, `fk_status_id`) VALUES
(1,	'APEM-26929',	'account_system',	1,	'2020-04-29',	1,	'2020-04-29 13:47:30',	1,	NULL,	NULL),
(2,	'APEM-8663',	'approval',	1,	'2020-04-29',	1,	'2020-04-29 13:47:30',	1,	NULL,	NULL),
(3,	'APEM-68911',	'approval_flow',	1,	'2020-04-29',	1,	'2020-04-29 13:47:30',	1,	NULL,	NULL),
(4,	'APEM-69805',	'approve_item',	1,	'2020-04-29',	1,	'2020-04-29 13:47:30',	1,	NULL,	NULL),
(5,	'APEM-33554',	'bank',	1,	'2020-04-29',	1,	'2020-04-29 13:47:30',	1,	NULL,	NULL),
(6,	'APEM-8570',	'bank_branch',	1,	'2020-04-29',	1,	'2020-04-29 13:47:30',	1,	NULL,	NULL),
(7,	'APEM-55035',	'budget',	1,	'2020-04-29',	1,	'2020-04-29 13:47:30',	1,	NULL,	NULL),
(8,	'APEM-83162',	'budget_item',	1,	'2020-04-29',	1,	'2020-04-29 13:47:30',	1,	NULL,	NULL),
(9,	'APEM-69384',	'budget_item_detail',	1,	'2020-04-29',	1,	'2020-04-29 13:47:30',	1,	NULL,	NULL),
(10,	'APEM-47885',	'cheque_book',	1,	'2020-04-29',	1,	'2020-04-29 13:47:30',	1,	NULL,	NULL),
(11,	'APEM-80506',	'ci_sessions',	1,	'2020-04-29',	1,	'2020-04-29 13:47:30',	1,	NULL,	NULL),
(12,	'APEM-25765',	'context_center',	1,	'2020-04-29',	1,	'2020-04-29 13:47:30',	1,	NULL,	NULL),
(13,	'APEM-26376',	'context_center_user',	1,	'2020-04-29',	1,	'2020-04-29 13:47:30',	1,	NULL,	NULL),
(14,	'APEM-62408',	'context_cluster',	1,	'2020-04-29',	1,	'2020-04-29 13:47:30',	1,	NULL,	NULL),
(15,	'APEM-41952',	'context_cluster_user',	1,	'2020-04-29',	1,	'2020-04-29 13:47:30',	1,	NULL,	NULL),
(16,	'APEM-10096',	'context_cohort',	1,	'2020-04-29',	1,	'2020-04-29 13:47:30',	1,	NULL,	NULL),
(17,	'APEM-87502',	'context_cohort_user',	1,	'2020-04-29',	1,	'2020-04-29 13:47:30',	1,	NULL,	NULL),
(18,	'APEM-75067',	'context_country',	1,	'2020-04-29',	1,	'2020-04-29 13:47:30',	1,	NULL,	NULL),
(19,	'APEM-62273',	'context_country_user',	1,	'2020-04-29',	1,	'2020-04-29 13:47:30',	1,	NULL,	NULL),
(20,	'APEM-28316',	'context_definition',	1,	'2020-04-29',	1,	'2020-04-29 13:47:30',	1,	NULL,	NULL),
(21,	'APEM-28033',	'context_global',	1,	'2020-04-29',	1,	'2020-04-29 13:47:30',	1,	NULL,	NULL),
(22,	'APEM-19246',	'context_global_user',	1,	'2020-04-29',	1,	'2020-04-29 13:47:30',	1,	NULL,	NULL),
(23,	'APEM-32343',	'context_region',	1,	'2020-04-29',	1,	'2020-04-29 13:47:30',	1,	NULL,	NULL),
(24,	'APEM-26417',	'context_region_user',	1,	'2020-04-29',	1,	'2020-04-29 13:47:30',	1,	NULL,	NULL),
(25,	'APEM-36687',	'contra_account',	1,	'2020-04-29',	1,	'2020-04-29 13:47:30',	1,	NULL,	NULL),
(26,	'APEM-6222',	'dashboard',	1,	'2020-04-29',	1,	'2020-04-29 13:47:30',	1,	NULL,	NULL),
(27,	'APEM-67318',	'department',	1,	'2020-04-29',	1,	'2020-04-29 13:47:30',	1,	NULL,	NULL),
(28,	'APEM-14202',	'department_user',	1,	'2020-04-29',	1,	'2020-04-29 13:47:30',	1,	NULL,	NULL),
(29,	'APEM-35681',	'designation',	1,	'2020-04-29',	1,	'2020-04-29 13:47:30',	1,	NULL,	NULL),
(30,	'APEM-75221',	'expense_account',	1,	'2020-04-29',	1,	'2020-04-29 13:47:30',	1,	NULL,	NULL),
(31,	'APEM-73113',	'financial_report',	1,	'2020-04-29',	1,	'2020-04-29 13:47:30',	1,	NULL,	NULL),
(32,	'APEM-29334',	'funder',	1,	'2020-04-29',	1,	'2020-04-29 13:47:30',	1,	NULL,	NULL),
(33,	'APEM-49708',	'funding_status',	1,	'2020-04-29',	1,	'2020-04-29 13:47:30',	1,	NULL,	NULL),
(34,	'APEM-44301',	'history',	1,	'2020-04-29',	1,	'2020-04-29 13:47:30',	1,	NULL,	NULL),
(35,	'APEM-42864',	'income_account',	1,	'2020-04-29',	1,	'2020-04-29 13:47:30',	1,	NULL,	NULL),
(36,	'APEM-45892',	'journal',	1,	'2020-04-29',	1,	'2020-04-29 13:47:30',	1,	NULL,	NULL),
(37,	'APEM-83995',	'language',	1,	'2020-04-29',	1,	'2020-04-29 13:47:30',	1,	NULL,	NULL),
(38,	'APEM-29423',	'language_phrase',	1,	'2020-04-29',	1,	'2020-04-29 13:47:30',	1,	NULL,	NULL),
(39,	'APEM-57656',	'menu',	1,	'2020-04-29',	1,	'2020-04-29 13:47:30',	1,	NULL,	NULL),
(40,	'APEM-53326',	'menu_user_order',	1,	'2020-04-29',	1,	'2020-04-29 13:47:30',	1,	NULL,	NULL),
(41,	'APEM-82040',	'message',	1,	'2020-04-29',	1,	'2020-04-29 13:47:30',	1,	NULL,	NULL),
(42,	'APEM-83651',	'message_detail',	1,	'2020-04-29',	1,	'2020-04-29 13:47:30',	1,	NULL,	NULL),
(43,	'APEM-43274',	'month',	1,	'2020-04-29',	1,	'2020-04-29 13:47:30',	1,	NULL,	NULL),
(44,	'APEM-67501',	'office',	1,	'2020-04-29',	1,	'2020-04-29 13:47:30',	1,	NULL,	NULL),
(45,	'APEM-74575',	'office_bank',	1,	'2020-04-29',	1,	'2020-04-29 13:47:30',	1,	NULL,	NULL),
(46,	'APEM-16094',	'opening_allocation_balance',	1,	'2020-04-29',	1,	'2020-04-29 13:47:30',	1,	NULL,	NULL),
(47,	'APEM-68613',	'opening_cash_balance',	1,	'2020-04-29',	1,	'2020-04-29 13:47:30',	1,	NULL,	NULL),
(48,	'APEM-23437',	'opening_deposit_transit',	1,	'2020-04-29',	1,	'2020-04-29 13:47:30',	1,	NULL,	NULL),
(49,	'APEM-35190',	'opening_fund_balance',	1,	'2020-04-29',	1,	'2020-04-29 13:47:30',	1,	NULL,	NULL),
(50,	'APEM-78741',	'opening_outstanding_cheque',	1,	'2020-04-29',	1,	'2020-04-29 13:47:30',	1,	NULL,	NULL),
(51,	'APEM-32566',	'page_view',	1,	'2020-04-29',	1,	'2020-04-29 13:47:30',	1,	NULL,	NULL),
(52,	'APEM-27345',	'page_view_condition',	1,	'2020-04-29',	1,	'2020-04-29 13:47:30',	1,	NULL,	NULL),
(53,	'APEM-1765',	'page_view_role',	1,	'2020-04-29',	1,	'2020-04-29 13:47:30',	1,	NULL,	NULL),
(54,	'APEM-74041',	'permission',	1,	'2020-04-29',	1,	'2020-04-29 13:47:30',	1,	NULL,	NULL),
(55,	'APEM-10744',	'permission_label',	1,	'2020-04-29',	1,	'2020-04-29 13:47:30',	1,	NULL,	NULL),
(56,	'APEM-83003',	'project',	1,	'2020-04-29',	1,	'2020-04-29 13:47:30',	1,	NULL,	NULL),
(57,	'APEM-72542',	'project_allocation',	1,	'2020-04-29',	1,	'2020-04-29 13:47:30',	1,	NULL,	NULL),
(58,	'APEM-33452',	'project_allocation_detail',	1,	'2020-04-29',	1,	'2020-04-29 13:47:30',	1,	NULL,	NULL),
(59,	'APEM-31450',	'project_cost_proportion',	1,	'2020-04-29',	1,	'2020-04-29 13:47:30',	1,	NULL,	NULL),
(60,	'APEM-47314',	'reconciliation',	1,	'2020-04-29',	1,	'2020-04-29 13:47:30',	1,	NULL,	NULL),
(61,	'APEM-41600',	'request',	1,	'2020-04-29',	1,	'2020-04-29 13:47:30',	1,	NULL,	NULL),
(62,	'APEM-30331',	'request_conversion',	1,	'2020-04-29',	1,	'2020-04-29 13:47:30',	1,	NULL,	NULL),
(63,	'APEM-61655',	'request_detail',	1,	'2020-04-29',	1,	'2020-04-29 13:47:30',	1,	NULL,	NULL),
(64,	'APEM-8447',	'request_type',	1,	'2020-04-29',	1,	'2020-04-29 13:47:30',	1,	NULL,	NULL),
(65,	'APEM-38555',	'role',	1,	'2020-04-29',	1,	'2020-04-29 13:47:30',	1,	NULL,	NULL),
(66,	'APEM-61101',	'role_permission',	1,	'2020-04-29',	1,	'2020-04-29 13:47:30',	1,	NULL,	NULL),
(67,	'APEM-82136',	'setting',	1,	'2020-04-29',	1,	'2020-04-29 13:47:30',	1,	NULL,	NULL),
(68,	'APEM-77062',	'status',	1,	'2020-04-29',	1,	'2020-04-29 13:47:30',	1,	NULL,	NULL),
(69,	'APEM-41799',	'status_role',	1,	'2020-04-29',	1,	'2020-04-29 13:47:30',	1,	NULL,	NULL),
(70,	'APEM-60000',	'system_opening_balance',	1,	'2020-04-29',	1,	'2020-04-29 13:47:30',	1,	NULL,	NULL),
(71,	'APEM-81355',	'translation',	1,	'2020-04-29',	1,	'2020-04-29 13:47:30',	1,	NULL,	NULL),
(72,	'APEM-37629',	'user',	1,	'2020-04-29',	1,	'2020-04-29 13:47:30',	1,	NULL,	NULL),
(73,	'APEM-56849',	'variance_note',	1,	'2020-04-29',	1,	'2020-04-29 13:47:30',	1,	NULL,	NULL),
(74,	'APEM-30262',	'voucher',	1,	'2020-04-29',	1,	'2020-04-29 13:47:30',	1,	NULL,	NULL),
(75,	'APEM-79244',	'voucher_detail',	1,	'2020-04-29',	1,	'2020-04-29 13:47:30',	1,	NULL,	NULL),
(76,	'APEM-12784',	'voucher_type',	1,	'2020-04-29',	1,	'2020-04-29 13:47:30',	1,	NULL,	NULL),
(77,	'APEM-35530',	'voucher_type_account',	1,	'2020-04-29',	1,	'2020-04-29 13:47:30',	1,	NULL,	NULL),
(78,	'APEM-39335',	'voucher_type_effect',	1,	'2020-04-29',	1,	'2020-04-29 13:47:30',	1,	NULL,	NULL),
(79,	'APEM-59173',	'workplan',	1,	'2020-04-29',	1,	'2020-04-29 13:47:30',	1,	NULL,	NULL),
(80,	'APEM-19239',	'workplan_task',	1,	'2020-04-29',	1,	'2020-04-29 13:47:30',	1,	NULL,	NULL),
(81,	'APEM-19240',	'opening_bank_balance',	1,	'2020-04-29',	1,	'2020-04-29 13:47:30',	1,	NULL,	NULL),
(106,	'APEM-85503',	'country_currency',	0,	'2020-05-25',	1,	'2020-05-25 07:48:51',	1,	NULL,	NULL),
(107,	'APEM-9221',	'currency_conversion',	0,	'2020-05-25',	1,	'2020-05-25 08:13:36',	1,	NULL,	NULL),
(108,	'APEM-52876',	'currency_conversion_detail',	0,	'2020-05-25',	1,	'2020-05-25 08:15:36',	1,	NULL,	NULL),
(110,	'APEM-49282',	'office_bank_project_allocation',	0,	'2020-06-02',	1,	'2020-06-02 05:28:37',	1,	NULL,	NULL),
(111,	'APEM-82916',	'project_allocation_opening_cash_balance',	0,	'2020-06-02',	1,	'2020-06-02 10:50:00',	1,	NULL,	NULL),
(112,	'APEM-61279',	'office_bank_opening_cash_balance',	0,	'2020-06-13',	1,	'2020-06-13 08:46:08',	1,	NULL,	NULL),
(113,	'APEM-10449',	'office_cash',	0,	'2020-06-13',	1,	'2020-06-13 09:30:26',	1,	NULL,	NULL);

DROP TABLE IF EXISTS `bank`;
CREATE TABLE `bank` (
  `bank_id` int(100) NOT NULL AUTO_INCREMENT,
  `bank_track_number` varchar(100) DEFAULT NULL,
  `bank_name` varchar(45) DEFAULT NULL,
  `bank_swift_code` varchar(45) DEFAULT NULL,
  `bank_is_active` int(5) NOT NULL DEFAULT '1',
  `bank_created_date` date DEFAULT NULL,
  `bank_created_by` int(100) DEFAULT NULL,
  `bank_last_modified_date` timestamp NOT NULL DEFAULT CURRENT_TIMESTAMP,
  `bank_last_modified_by` int(100) DEFAULT NULL,
  `fk_approval_id` int(100) DEFAULT NULL,
  `fk_status_id` int(100) DEFAULT NULL,
  PRIMARY KEY (`bank_id`)
) ENGINE=InnoDB DEFAULT CHARSET=latin1 COMMENT='This table list all the banks for centers';

INSERT INTO `bank` (`bank_id`, `bank_track_number`, `bank_name`, `bank_swift_code`, `bank_is_active`, `bank_created_date`, `bank_created_by`, `bank_last_modified_date`, `bank_last_modified_by`, `fk_approval_id`, `fk_status_id`) VALUES
(3,	'BANK-63801',	'Equity Bank',	'43453',	1,	'2020-04-29',	1,	'2020-04-29 13:39:43',	1,	1,	2),
(10,	'BANK-87890',	'Barclays Bank',	'12345',	1,	'2020-05-02',	1,	'2020-05-02 12:20:50',	1,	269,	0);

DROP TABLE IF EXISTS `budget`;
CREATE TABLE `budget` (
  `budget_id` int(100) NOT NULL AUTO_INCREMENT,
  `budget_track_number` varchar(45) DEFAULT NULL,
  `budget_name` varchar(100) DEFAULT NULL,
  `fk_office_id` int(100) DEFAULT NULL,
  `fk_approval_id` int(11) DEFAULT '0',
  `fk_status_id` int(11) DEFAULT '0',
  `budget_year` int(5) DEFAULT NULL,
  `budget_created_by` int(100) DEFAULT NULL,
  `budget_created_date` date DEFAULT NULL,
  `budget_last_modified_by` int(100) DEFAULT NULL,
  `budget_last_modified_date` date DEFAULT NULL,
  PRIMARY KEY (`budget_id`),
  KEY `fk_budget_center1_idx` (`fk_office_id`),
  KEY `fk_approval_id` (`fk_approval_id`),
  KEY `fk_status_id` (`fk_status_id`),
  CONSTRAINT `budget_ibfk_1` FOREIGN KEY (`fk_office_id`) REFERENCES `office` (`office_id`),
  CONSTRAINT `budget_ibfk_2` FOREIGN KEY (`fk_approval_id`) REFERENCES `approval` (`approval_id`),
  CONSTRAINT `budget_ibfk_3` FOREIGN KEY (`fk_status_id`) REFERENCES `status` (`status_id`),
  CONSTRAINT `fk_budget_center1` FOREIGN KEY (`fk_office_id`) REFERENCES `office` (`office_id`) ON DELETE NO ACTION ON UPDATE NO ACTION
) ENGINE=InnoDB DEFAULT CHARSET=latin1 COMMENT='This table holds the budget items by activity';


DROP TABLE IF EXISTS `budget_item`;
CREATE TABLE `budget_item` (
  `budget_item_id` int(100) NOT NULL AUTO_INCREMENT,
  `budget_item_track_number` varchar(100) DEFAULT NULL,
  `budget_item_name` varchar(100) DEFAULT NULL,
  `fk_budget_id` int(100) DEFAULT NULL,
  `budget_item_total_cost` int(50) DEFAULT NULL,
  `fk_expense_account_id` int(100) DEFAULT NULL,
  `budget_item_description` longtext,
  `fk_status_id` int(11) DEFAULT '0',
  `fk_approval_id` int(11) DEFAULT '0',
  `fk_project_allocation_id` int(100) DEFAULT NULL,
  `budget_item_created_by` int(100) DEFAULT NULL,
  `budget_item_last_modified_by` int(11) DEFAULT NULL,
  `budget_item_created_date` date DEFAULT NULL,
  `budget_item_last_modified_date` timestamp NOT NULL DEFAULT '0000-00-00 00:00:00',
  PRIMARY KEY (`budget_item_id`),
  KEY `fk_budget_detail_id_expense_account_id_idx` (`fk_expense_account_id`),
  KEY `fk_budget_detail_budget_id_idx` (`fk_budget_id`),
  KEY `fk_project_allocation_id` (`fk_project_allocation_id`),
  KEY `fk_status_id` (`fk_status_id`),
  KEY `fk_approval_id` (`fk_approval_id`),
  CONSTRAINT `budget_item_ibfk_1` FOREIGN KEY (`fk_project_allocation_id`) REFERENCES `project_allocation` (`project_allocation_id`),
  CONSTRAINT `budget_item_ibfk_2` FOREIGN KEY (`fk_status_id`) REFERENCES `status` (`status_id`),
  CONSTRAINT `budget_item_ibfk_3` FOREIGN KEY (`fk_approval_id`) REFERENCES `approval` (`approval_id`),
  CONSTRAINT `fk_budget_detail_budget_id` FOREIGN KEY (`fk_budget_id`) REFERENCES `budget` (`budget_id`) ON DELETE NO ACTION ON UPDATE CASCADE,
  CONSTRAINT `fk_budget_detail_id_expense_account_id` FOREIGN KEY (`fk_expense_account_id`) REFERENCES `expense_account` (`expense_account_id`) ON DELETE NO ACTION ON UPDATE NO ACTION
) ENGINE=InnoDB DEFAULT CHARSET=latin1 COMMENT='This hold activties and their budgeted cost';


DROP TABLE IF EXISTS `budget_item_detail`;
CREATE TABLE `budget_item_detail` (
  `budget_item_detail_id` int(100) NOT NULL AUTO_INCREMENT,
  `budget_item_detail_track_number` varchar(100) DEFAULT NULL,
  `budget_item_detail_name` varchar(100) DEFAULT NULL,
  `fk_budget_item_id` int(100) DEFAULT NULL,
  `fk_month_id` int(5) DEFAULT NULL,
  `fk_status_id` int(11) DEFAULT '0',
  `fk_approval_id` int(11) DEFAULT '0',
  `budget_item_detail_amount` decimal(10,2) DEFAULT NULL,
  `budget_item_detail_created_date` date DEFAULT NULL,
  `budget_item_detail_created_by` int(100) DEFAULT NULL,
  `budget_item_detail_last_modified_by` int(100) DEFAULT NULL,
  `budget_item_detail_last_modified_date` timestamp NOT NULL DEFAULT '0000-00-00 00:00:00',
  PRIMARY KEY (`budget_item_detail_id`),
  KEY `fk_budget_month_spread_budget_detail1_idx` (`fk_budget_item_id`),
  KEY `fk_status_id` (`fk_status_id`),
  KEY `fk_approval_id` (`fk_approval_id`),
  CONSTRAINT `budget_item_detail_ibfk_1` FOREIGN KEY (`fk_status_id`) REFERENCES `status` (`status_id`),
  CONSTRAINT `fk_budget_month_spread_budget_detail1` FOREIGN KEY (`fk_budget_item_id`) REFERENCES `budget_item` (`budget_item_id`) ON DELETE NO ACTION ON UPDATE NO ACTION
) ENGINE=InnoDB DEFAULT CHARSET=latin1 COMMENT='This table distributes budget allocations by month';


DROP TABLE IF EXISTS `cheque_book`;
CREATE TABLE `cheque_book` (
  `cheque_book_id` int(11) NOT NULL AUTO_INCREMENT,
  `cheque_book_track_number` varchar(100) NOT NULL,
  `cheque_book_name` varchar(100) NOT NULL,
  `fk_office_bank_id` int(100) DEFAULT NULL,
  `cheque_book_is_active` int(5) DEFAULT '1',
  `cheque_book_start_serial_number` varchar(45) DEFAULT NULL,
  `cheque_book_count_of_leaves` varchar(45) DEFAULT NULL,
  `cheque_book_use_start_date` date DEFAULT NULL,
  `cheque_book_created_date` date DEFAULT NULL,
  `cheque_book_created_by` int(100) DEFAULT NULL,
  `cheque_book_last_modified_by` int(100) DEFAULT NULL,
  `cheque_book_last_modified_date` date DEFAULT NULL,
  `fk_approval_id` int(100) DEFAULT NULL,
  `fk_status_id` int(100) DEFAULT NULL,
  PRIMARY KEY (`cheque_book_id`),
  KEY `fk_office_bank_id` (`fk_office_bank_id`),
  CONSTRAINT `cheque_book_ibfk_1` FOREIGN KEY (`fk_office_bank_id`) REFERENCES `office_bank` (`office_bank_id`)
) ENGINE=InnoDB DEFAULT CHARSET=latin1;

INSERT INTO `cheque_book` (`cheque_book_id`, `cheque_book_track_number`, `cheque_book_name`, `fk_office_bank_id`, `cheque_book_is_active`, `cheque_book_start_serial_number`, `cheque_book_count_of_leaves`, `cheque_book_use_start_date`, `cheque_book_created_date`, `cheque_book_created_by`, `cheque_book_last_modified_by`, `cheque_book_last_modified_date`, `fk_approval_id`, `fk_status_id`) VALUES
(1,	'CHOK-34346',	'Cheque_book # CHOK-34346',	1,	1,	'1',	'100',	'2020-04-01',	'2020-05-09',	1,	1,	NULL,	472,	7),
(2,	'CHOK-46357',	'Cheque_book # CHOK-46357',	2,	1,	'1',	'100',	'2020-03-01',	'2020-05-09',	1,	1,	NULL,	473,	7),
(3,	'CHOK-73134',	'Cheque_book # CHOK-73134',	4,	1,	'1',	'150',	'2020-04-01',	'2020-06-18',	1,	1,	NULL,	776,	7);

DROP TABLE IF EXISTS `ci_sessions`;
CREATE TABLE `ci_sessions` (
  `id` varchar(40) COLLATE utf8_unicode_ci NOT NULL,
  `ip_address` varchar(45) COLLATE utf8_unicode_ci NOT NULL,
  `timestamp` int(10) unsigned NOT NULL DEFAULT '0',
  `data` blob NOT NULL,
  `ci_sessions_created_date` date DEFAULT NULL,
  `ci_sessions_created_by` int(100) DEFAULT NULL,
  `ci_sessions_last_modified_by` int(100) DEFAULT NULL,
  `ci_sessions_last_modified_date` date DEFAULT NULL,
  `fk_approval_id` int(100) DEFAULT NULL,
  `fk_status_id` int(100) DEFAULT NULL,
  PRIMARY KEY (`id`),
  KEY `ci_sessions_timestamp` (`timestamp`)
) ENGINE=InnoDB DEFAULT CHARSET=utf8 COLLATE=utf8_unicode_ci;


DROP TABLE IF EXISTS `context_center`;
CREATE TABLE `context_center` (
  `context_center_id` int(100) NOT NULL AUTO_INCREMENT,
  `context_center_track_number` varchar(100) DEFAULT NULL,
  `context_center_name` varchar(100) DEFAULT NULL,
  `context_center_description` varchar(100) DEFAULT NULL,
  `fk_office_id` varchar(100) NOT NULL,
  `fk_context_definition_id` varchar(100) DEFAULT NULL,
  `fk_context_cluster_id` int(100) DEFAULT NULL,
  `context_center_created_date` date DEFAULT '0000-00-00',
  `context_center_created_by` int(100) DEFAULT NULL,
  `context_center_last_modified_date` timestamp NULL DEFAULT '0000-00-00 00:00:00',
  `context_center_last_modified_by` int(100) DEFAULT NULL,
  `fk_approval_id` int(100) DEFAULT NULL,
  `fk_status_id` int(100) DEFAULT NULL,
  PRIMARY KEY (`context_center_id`)
) ENGINE=InnoDB DEFAULT CHARSET=utf8;

INSERT INTO `context_center` (`context_center_id`, `context_center_track_number`, `context_center_name`, `context_center_description`, `fk_office_id`, `fk_context_definition_id`, `fk_context_cluster_id`, `context_center_created_date`, `context_center_created_by`, `context_center_last_modified_date`, `context_center_last_modified_by`, `fk_approval_id`, `fk_status_id`) VALUES
(1,	'COER-28093',	'Context for office Office 4',	'Context for office Office 4',	'6',	'1',	1,	'2020-05-18',	1,	'0000-00-00 00:00:00',	1,	518,	8);

DROP TABLE IF EXISTS `context_center_user`;
CREATE TABLE `context_center_user` (
  `context_center_user_id` int(100) NOT NULL AUTO_INCREMENT,
  `context_center_user_track_number` varchar(100) DEFAULT NULL,
  `context_center_user_name` varchar(100) DEFAULT NULL,
  `fk_context_center_id` int(100) NOT NULL,
  `fk_user_id` int(100) NOT NULL,
  `fk_designation_id` int(100) NOT NULL,
  `context_region_user_is_active` int(100) NOT NULL,
  `context_center_user_created_by` int(100) NOT NULL,
  `context_center_user_created_date` date DEFAULT '0000-00-00',
  `context_center_user_last_modified_date` timestamp NULL DEFAULT '0000-00-00 00:00:00',
  `context_center_user_last_modified_by` int(100) NOT NULL,
  `fk_approval_id` int(100) DEFAULT NULL,
  `fk_status_id` int(100) DEFAULT NULL,
  PRIMARY KEY (`context_center_user_id`)
) ENGINE=InnoDB DEFAULT CHARSET=utf8;


DROP TABLE IF EXISTS `context_cluster`;
CREATE TABLE `context_cluster` (
  `context_cluster_id` int(100) NOT NULL AUTO_INCREMENT,
  `context_cluster_track_number` varchar(100) DEFAULT NULL,
  `context_cluster_name` varchar(100) DEFAULT NULL,
  `context_cluster_description` varchar(100) DEFAULT NULL,
  `fk_office_id` varchar(100) NOT NULL,
  `fk_context_definition_id` varchar(100) DEFAULT NULL,
  `fk_context_cohort_id` int(100) DEFAULT NULL,
  `context_cluster_created_date` date DEFAULT '0000-00-00',
  `context_cluster_created_by` int(100) DEFAULT NULL,
  `context_cluster_last_modified_date` timestamp NULL DEFAULT '0000-00-00 00:00:00',
  `context_cluster_last_modified_by` int(100) DEFAULT NULL,
  `fk_approval_id` int(100) DEFAULT NULL,
  `fk_status_id` int(100) DEFAULT NULL,
  PRIMARY KEY (`context_cluster_id`)
) ENGINE=InnoDB DEFAULT CHARSET=utf8;

INSERT INTO `context_cluster` (`context_cluster_id`, `context_cluster_track_number`, `context_cluster_name`, `context_cluster_description`, `fk_office_id`, `fk_context_definition_id`, `fk_context_cohort_id`, `context_cluster_created_date`, `context_cluster_created_by`, `context_cluster_last_modified_date`, `context_cluster_last_modified_by`, `fk_approval_id`, `fk_status_id`) VALUES
(1,	'COER-5433',	'Context for office Office 3',	'Context for office Office 3',	'5',	'2',	1,	'2020-05-18',	1,	'0000-00-00 00:00:00',	1,	515,	10);

DROP TABLE IF EXISTS `context_cluster_user`;
CREATE TABLE `context_cluster_user` (
  `context_cluster_user_id` int(100) NOT NULL AUTO_INCREMENT,
  `context_cluster_user_track_number` varchar(100) DEFAULT NULL,
  `context_cluster_user_name` varchar(100) DEFAULT NULL,
  `fk_context_cluster_id` int(100) NOT NULL,
  `fk_user_id` int(100) NOT NULL,
  `fk_designation_id` int(100) NOT NULL,
  `context_region_user_is_active` int(100) NOT NULL,
  `context_cluster_user_created_by` int(100) NOT NULL,
  `context_cluster_user_created_date` date DEFAULT '0000-00-00',
  `context_cluster_user_last_modified_date` timestamp NULL DEFAULT '0000-00-00 00:00:00',
  `context_cluster_user_last_modified_by` int(100) NOT NULL,
  `fk_approval_id` int(100) DEFAULT NULL,
  `fk_status_id` int(100) DEFAULT NULL,
  PRIMARY KEY (`context_cluster_user_id`)
) ENGINE=InnoDB DEFAULT CHARSET=utf8;


DROP TABLE IF EXISTS `context_cohort`;
CREATE TABLE `context_cohort` (
  `context_cohort_id` int(100) NOT NULL AUTO_INCREMENT,
  `context_cohort_track_number` varchar(100) DEFAULT NULL,
  `context_cohort_name` varchar(100) DEFAULT NULL,
  `context_cohort_description` varchar(100) DEFAULT NULL,
  `fk_office_id` varchar(100) NOT NULL,
  `fk_context_definition_id` varchar(100) DEFAULT NULL,
  `fk_context_country_id` int(100) DEFAULT NULL,
  `context_cohort_created_date` date DEFAULT '0000-00-00',
  `context_cohort_created_by` int(100) DEFAULT NULL,
  `context_cohort_last_modified_date` timestamp NULL DEFAULT '0000-00-00 00:00:00',
  `context_cohort_last_modified_by` int(100) DEFAULT NULL,
  `fk_approval_id` int(100) DEFAULT NULL,
  `fk_status_id` int(100) DEFAULT NULL,
  PRIMARY KEY (`context_cohort_id`)
) ENGINE=InnoDB DEFAULT CHARSET=utf8;

INSERT INTO `context_cohort` (`context_cohort_id`, `context_cohort_track_number`, `context_cohort_name`, `context_cohort_description`, `fk_office_id`, `fk_context_definition_id`, `fk_context_country_id`, `context_cohort_created_date`, `context_cohort_created_by`, `context_cohort_last_modified_date`, `context_cohort_last_modified_by`, `fk_approval_id`, `fk_status_id`) VALUES
(1,	'CORT-60814',	'Context for office Office 2',	'Context for office Office 2',	'4',	'3',	1,	'2020-05-18',	1,	'0000-00-00 00:00:00',	1,	512,	12);

DROP TABLE IF EXISTS `context_cohort_user`;
CREATE TABLE `context_cohort_user` (
  `context_cohort_user_id` int(100) NOT NULL AUTO_INCREMENT,
  `context_cohort_user_track_number` varchar(100) DEFAULT NULL,
  `context_cohort_user_name` varchar(100) DEFAULT NULL,
  `fk_context_cohort_id` int(100) NOT NULL,
  `fk_user_id` int(100) NOT NULL,
  `fk_designation_id` int(100) NOT NULL,
  `context_region_user_is_active` int(100) NOT NULL,
  `context_cohort_user_created_by` int(100) NOT NULL,
  `context_cohort_user_created_date` date DEFAULT '0000-00-00',
  `context_cohort_user_last_modified_date` timestamp NULL DEFAULT '0000-00-00 00:00:00',
  `context_cohort_user_last_modified_by` int(100) NOT NULL,
  `fk_approval_id` int(100) DEFAULT NULL,
  `fk_status_id` int(100) DEFAULT NULL,
  PRIMARY KEY (`context_cohort_user_id`)
) ENGINE=InnoDB DEFAULT CHARSET=utf8;


DROP TABLE IF EXISTS `context_country`;
CREATE TABLE `context_country` (
  `context_country_id` int(100) NOT NULL AUTO_INCREMENT,
  `context_country_track_number` varchar(100) DEFAULT NULL,
  `context_country_name` varchar(100) DEFAULT NULL,
  `context_country_description` varchar(100) DEFAULT NULL,
  `fk_office_id` int(11) NOT NULL,
  `fk_context_definition_id` int(11) DEFAULT NULL,
  `fk_context_region_id` int(100) DEFAULT NULL,
  `context_country_created_date` date DEFAULT '0000-00-00',
  `context_country_created_by` int(100) DEFAULT NULL,
  `context_country_last_modified_date` timestamp NULL DEFAULT '0000-00-00 00:00:00',
  `context_country_last_modified_by` int(100) DEFAULT NULL,
  `fk_approval_id` int(100) DEFAULT NULL,
  `fk_status_id` int(100) DEFAULT NULL,
  PRIMARY KEY (`context_country_id`)
) ENGINE=InnoDB DEFAULT CHARSET=utf8;

INSERT INTO `context_country` (`context_country_id`, `context_country_track_number`, `context_country_name`, `context_country_description`, `fk_office_id`, `fk_context_definition_id`, `fk_context_region_id`, `context_country_created_date`, `context_country_created_by`, `context_country_last_modified_date`, `context_country_last_modified_by`, `fk_approval_id`, `fk_status_id`) VALUES
(1,	'CORY-60180',	'Context for office National Office',	'Context for office National Office',	3,	4,	1,	'2020-04-30',	1,	'0000-00-00 00:00:00',	1,	176,	14);

DROP TABLE IF EXISTS `context_country_user`;
CREATE TABLE `context_country_user` (
  `context_country_user_id` int(100) NOT NULL AUTO_INCREMENT,
  `context_country_user_track_number` varchar(100) DEFAULT NULL,
  `context_country_user_name` varchar(100) DEFAULT NULL,
  `fk_context_country_id` int(100) NOT NULL,
  `fk_user_id` int(100) NOT NULL,
  `fk_designation_id` int(100) NOT NULL,
  `context_region_user_is_active` int(100) NOT NULL,
  `context_country_user_created_by` int(100) NOT NULL,
  `context_country_user_created_date` date DEFAULT '0000-00-00',
  `context_country_user_last_modified_date` timestamp NULL DEFAULT '0000-00-00 00:00:00',
  `context_country_user_last_modified_by` int(100) NOT NULL,
  `fk_approval_id` int(100) DEFAULT NULL,
  `fk_status_id` int(100) DEFAULT NULL,
  PRIMARY KEY (`context_country_user_id`)
) ENGINE=InnoDB DEFAULT CHARSET=utf8;


DROP TABLE IF EXISTS `context_definition`;
CREATE TABLE `context_definition` (
  `context_definition_id` int(100) NOT NULL AUTO_INCREMENT,
  `context_definition_track_number` varchar(100) DEFAULT NULL,
  `context_definition_name` varchar(100) DEFAULT NULL,
  `context_definition_level` int(5) DEFAULT NULL,
  `context_definition_is_implementing` int(5) DEFAULT NULL,
  `context_definition_is_active` int(5) NOT NULL DEFAULT '1',
  `context_definition_created_date` date DEFAULT NULL,
  `context_definition_last_modified_date` timestamp NULL DEFAULT CURRENT_TIMESTAMP,
  `context_definition_created_by` int(100) DEFAULT NULL,
  `context_definition_last_modified_by` int(100) DEFAULT NULL,
  `context_definition_deleted_at` date DEFAULT NULL,
  `fk_approval_id` int(100) DEFAULT NULL,
  `fk_status_id` int(100) DEFAULT NULL,
  PRIMARY KEY (`context_definition_id`),
  UNIQUE KEY `center_group_hierarchy_level` (`context_definition_level`),
  KEY `fk_status_id` (`fk_status_id`),
  KEY `fk_approval_id` (`fk_approval_id`),
  CONSTRAINT `context_definition_ibfk_1` FOREIGN KEY (`fk_status_id`) REFERENCES `status` (`status_id`),
  CONSTRAINT `context_definition_ibfk_2` FOREIGN KEY (`fk_approval_id`) REFERENCES `approval` (`approval_id`)
) ENGINE=InnoDB DEFAULT CHARSET=latin1;

INSERT INTO `context_definition` (`context_definition_id`, `context_definition_track_number`, `context_definition_name`, `context_definition_level`, `context_definition_is_implementing`, `context_definition_is_active`, `context_definition_created_date`, `context_definition_last_modified_date`, `context_definition_created_by`, `context_definition_last_modified_by`, `context_definition_deleted_at`, `fk_approval_id`, `fk_status_id`) VALUES
(1,	'COON-64282',	'center',	1,	1,	1,	'2020-04-29',	'2020-04-29 13:05:29',	1,	1,	NULL,	NULL,	NULL),
(2,	'COON-9950',	'cluster',	2,	1,	1,	'2020-04-29',	'2020-04-29 13:05:29',	1,	1,	NULL,	NULL,	NULL),
(3,	'COON-57901',	'cohort',	3,	1,	1,	'2020-04-29',	'2020-04-29 13:05:29',	1,	1,	NULL,	NULL,	NULL),
(4,	'COON-43445',	'country',	4,	1,	1,	'2020-04-29',	'2020-04-29 13:05:29',	1,	1,	NULL,	NULL,	NULL),
(5,	'COON-17961',	'region',	5,	1,	1,	'2020-04-29',	'2020-04-29 13:05:29',	1,	1,	NULL,	NULL,	NULL),
(6,	'COON-15907',	'global',	6,	1,	1,	'2020-04-29',	'2020-04-29 13:05:29',	1,	1,	NULL,	NULL,	NULL);

DROP TABLE IF EXISTS `context_global`;
CREATE TABLE `context_global` (
  `context_global_id` int(100) NOT NULL AUTO_INCREMENT,
  `context_global_track_number` varchar(100) NOT NULL,
  `context_global_name` varchar(100) NOT NULL,
  `context_global_description` longtext NOT NULL,
  `fk_office_id` int(100) NOT NULL,
  `fk_context_definition_id` int(100) NOT NULL,
  `context_global_created_date` date NOT NULL,
  `context_global_created_by` int(100) NOT NULL,
  `context_global_last_modified_date` timestamp NOT NULL DEFAULT CURRENT_TIMESTAMP,
  `context_global_last_modified_by` int(100) NOT NULL,
  `fk_approval_id` int(11) NOT NULL,
  `fk_status_id` int(11) NOT NULL,
  PRIMARY KEY (`context_global_id`)
) ENGINE=InnoDB DEFAULT CHARSET=latin1;

INSERT INTO `context_global` (`context_global_id`, `context_global_track_number`, `context_global_name`, `context_global_description`, `fk_office_id`, `fk_context_definition_id`, `context_global_created_date`, `context_global_created_by`, `context_global_last_modified_date`, `context_global_last_modified_by`, `fk_approval_id`, `fk_status_id`) VALUES
(1,	'COAL-68772',	'Head Office Context',	'Head Office Context',	1,	3,	'2020-04-29',	1,	'2020-04-29 13:05:29',	1,	0,	0);

DROP TABLE IF EXISTS `context_global_user`;
CREATE TABLE `context_global_user` (
  `context_global_user_id` int(100) NOT NULL AUTO_INCREMENT,
  `context_global_user_track_number` varchar(100) NOT NULL,
  `context_global_user_name` varchar(100) NOT NULL,
  `fk_user_id` int(100) NOT NULL,
  `fk_context_global_id` int(100) NOT NULL,
  `fk_designation_id` int(100) NOT NULL,
  `context_global_user_is_active` int(5) NOT NULL DEFAULT '1',
  `context_global_user_created_date` date NOT NULL,
  `context_global_user_last_modified_date` timestamp NOT NULL DEFAULT CURRENT_TIMESTAMP,
  `context_global_user_created_by` int(100) NOT NULL,
  `context_global_user_last_modified_by` int(100) NOT NULL,
  `fk_approval_id` int(100) NOT NULL,
  `fk_status_id` int(100) NOT NULL,
  PRIMARY KEY (`context_global_user_id`)
) ENGINE=InnoDB DEFAULT CHARSET=latin1;

INSERT INTO `context_global_user` (`context_global_user_id`, `context_global_user_track_number`, `context_global_user_name`, `fk_user_id`, `fk_context_global_id`, `fk_designation_id`, `context_global_user_is_active`, `context_global_user_created_date`, `context_global_user_last_modified_date`, `context_global_user_created_by`, `context_global_user_last_modified_by`, `fk_approval_id`, `fk_status_id`) VALUES
(1,	'COER-8924',	'System User',	1,	0,	0,	1,	'2020-04-29',	'2020-04-29 13:05:29',	1,	1,	0,	2),
(19,	'COER-87238',	'Office context for test5 test5',	17,	0,	2,	1,	'2020-04-30',	'2020-04-30 03:43:13',	1,	1,	49,	18),
(24,	'COER-31683',	'Office context for test8 test8',	38,	1,	2,	1,	'2020-04-30',	'2020-04-30 03:13:44',	1,	1,	96,	18),
(25,	'COER-17885',	'Office context for test9 test9',	40,	1,	0,	1,	'2020-04-30',	'2020-04-30 04:15:17',	1,	1,	100,	18),
(26,	'COER-32476',	'System User Context User',	1,	1,	2,	1,	'2020-05-30',	'2020-05-30 05:02:51',	1,	1,	609,	18);

DROP TABLE IF EXISTS `context_region`;
CREATE TABLE `context_region` (
  `context_region_id` int(100) NOT NULL AUTO_INCREMENT,
  `context_region_track_number` varchar(100) CHARACTER SET latin1 DEFAULT NULL,
  `context_region_name` varchar(100) CHARACTER SET latin1 DEFAULT NULL,
  `context_region_description` varchar(100) CHARACTER SET latin1 DEFAULT NULL,
  `fk_office_id` int(11) NOT NULL,
  `fk_context_definition_id` int(11) NOT NULL,
  `fk_context_global_id` int(100) NOT NULL,
  `context_region_created_date` date DEFAULT '0000-00-00',
  `context_region_created_by` int(100) DEFAULT NULL,
  `context_region_last_modified_date` timestamp NULL DEFAULT '0000-00-00 00:00:00',
  `context_region_last_modified_by` int(100) DEFAULT NULL,
  `fk_approval_id` int(100) DEFAULT NULL,
  `fk_status_id` int(100) DEFAULT NULL,
  PRIMARY KEY (`context_region_id`)
) ENGINE=InnoDB DEFAULT CHARSET=utf8;

INSERT INTO `context_region` (`context_region_id`, `context_region_track_number`, `context_region_name`, `context_region_description`, `fk_office_id`, `fk_context_definition_id`, `fk_context_global_id`, `context_region_created_date`, `context_region_created_by`, `context_region_last_modified_date`, `context_region_last_modified_by`, `fk_approval_id`, `fk_status_id`) VALUES
(1,	'COON-14993',	'Context for office Region Office',	'Context for office Region Office',	2,	5,	1,	'2020-04-30',	1,	'0000-00-00 00:00:00',	1,	173,	19);

DROP TABLE IF EXISTS `context_region_user`;
CREATE TABLE `context_region_user` (
  `context_region_user_id` int(100) NOT NULL AUTO_INCREMENT,
  `context_region_user_track_number` varchar(100) DEFAULT NULL,
  `context_region_user_name` varchar(100) DEFAULT NULL,
  `fk_context_region_id` int(100) NOT NULL,
  `fk_user_id` int(100) NOT NULL,
  `fk_designation_id` int(100) NOT NULL,
  `context_region_user_is_active` int(100) NOT NULL,
  `context_region_user_created_by` int(100) NOT NULL,
  `context_region_user_created_date` date DEFAULT '0000-00-00',
  `context_region_user_last_modified_date` timestamp NULL DEFAULT '0000-00-00 00:00:00',
  `context_region_user_last_modified_by` int(100) NOT NULL,
  `fk_approval_id` int(100) DEFAULT NULL,
  `fk_status_id` int(100) DEFAULT NULL,
  PRIMARY KEY (`context_region_user_id`)
) ENGINE=InnoDB DEFAULT CHARSET=utf8;


DROP TABLE IF EXISTS `contra_account`;
CREATE TABLE `contra_account` (
  `contra_account_id` int(100) NOT NULL AUTO_INCREMENT,
  `contra_account_track_number` varchar(100) NOT NULL,
  `contra_account_name` varchar(100) NOT NULL,
  `contra_account_code` varchar(20) NOT NULL,
  `contra_account_description` varchar(100) NOT NULL,
  `fk_voucher_type_account_id` int(100) NOT NULL,
  `fk_office_bank_id` int(100) NOT NULL,
  `fk_account_system_id` int(100) NOT NULL,
  `contra_account_created_date` date DEFAULT NULL,
  `contra_account_created_by` int(100) DEFAULT NULL,
  `contra_account_last_modified_by` int(100) DEFAULT NULL,
  `contra_account_last_modified_date` date DEFAULT NULL,
  `fk_approval_id` int(100) DEFAULT NULL,
  `fk_status_id` int(100) DEFAULT NULL,
  PRIMARY KEY (`contra_account_id`),
  KEY `fk_account_system_id` (`fk_account_system_id`),
  KEY `fk_voucher_type_account_id` (`fk_voucher_type_account_id`),
  KEY `fk_office_bank_id` (`fk_office_bank_id`),
  CONSTRAINT `contra_account_ibfk_1` FOREIGN KEY (`fk_account_system_id`) REFERENCES `account_system` (`account_system_id`),
  CONSTRAINT `contra_account_ibfk_2` FOREIGN KEY (`fk_voucher_type_account_id`) REFERENCES `voucher_type_account` (`voucher_type_account_id`),
  CONSTRAINT `contra_account_ibfk_3` FOREIGN KEY (`fk_office_bank_id`) REFERENCES `office_bank` (`office_bank_id`)
) ENGINE=InnoDB DEFAULT CHARSET=latin1;

INSERT INTO `contra_account` (`contra_account_id`, `contra_account_track_number`, `contra_account_name`, `contra_account_code`, `contra_account_description`, `fk_voucher_type_account_id`, `fk_office_bank_id`, `fk_account_system_id`, `contra_account_created_date`, `contra_account_created_by`, `contra_account_last_modified_by`, `contra_account_last_modified_date`, `fk_approval_id`, `fk_status_id`) VALUES
(1,	'CONT-76709',	'Bank 1 to Cash',	'Bank 1 to Cash',	'Bank 1 to Cash',	1,	1,	1,	'2020-05-09',	1,	1,	NULL,	464,	21),
(2,	'CONT-16674',	'Cash to Bank 1',	'Cash to Bank 1',	'Cash to Bank 1',	2,	1,	1,	'2020-05-09',	1,	1,	NULL,	465,	21),
(3,	'CONT-20701',	'Bank 2 to Cash',	'Bank 2 to Cash',	'Bank 2 to Cash',	1,	2,	1,	'2020-05-09',	1,	1,	NULL,	466,	21),
(4,	'CONT-82922',	'Cash to Bank 2',	'Cash to Bank 2',	'Cash to Bank 2',	2,	2,	1,	'2020-05-09',	1,	1,	NULL,	467,	21);

DROP TABLE IF EXISTS `country_currency`;
CREATE TABLE `country_currency` (
  `country_currency_id` int(100) NOT NULL AUTO_INCREMENT,
  `country_currency_name` varchar(100) NOT NULL,
  `country_currency_track_number` varchar(100) NOT NULL,
  `country_currency_code` varchar(10) NOT NULL,
  `country_currency_created_by` int(100) NOT NULL,
  `country_currency_created_date` date NOT NULL,
  `country_currency_last_modified_by` int(100) NOT NULL,
  `country_currency_last_modified_date` timestamp NOT NULL DEFAULT CURRENT_TIMESTAMP,
  `fk_approval_id` int(100) DEFAULT NULL,
  `fk_status_id` int(100) DEFAULT NULL,
  PRIMARY KEY (`country_currency_id`),
  UNIQUE KEY `country_currency_code` (`country_currency_code`)
) ENGINE=InnoDB DEFAULT CHARSET=latin1;

INSERT INTO `country_currency` (`country_currency_id`, `country_currency_name`, `country_currency_track_number`, `country_currency_code`, `country_currency_created_by`, `country_currency_created_date`, `country_currency_last_modified_by`, `country_currency_last_modified_date`, `fk_approval_id`, `fk_status_id`) VALUES
(34,	'Kenya Shilling',	'COCY-55732',	'Kes',	1,	'2020-05-25',	1,	'2020-05-25 07:49:03',	595,	99),
(35,	'Uganda Shilling',	'COCY-37227',	'UGX',	1,	'2020-05-25',	1,	'2020-05-25 08:07:52',	596,	99),
(36,	'US Dollar',	'COCY-76728',	'USD',	1,	'2020-05-25',	1,	'2020-05-25 08:08:09',	597,	99),
(37,	'Tanzania Shilling',	'COCY-58101',	'Tsh',	1,	'2020-05-25',	1,	'2020-05-25 08:11:25',	598,	99);

DROP TABLE IF EXISTS `currency_conversion`;
CREATE TABLE `currency_conversion` (
  `currency_conversion_id` int(100) NOT NULL AUTO_INCREMENT,
  `currency_conversion_name` varchar(100) NOT NULL,
  `currency_conversion_track_number` varchar(100) NOT NULL,
  `currency_conversion_month` date NOT NULL,
  `currency_conversion_created_date` date NOT NULL,
  `currency_conversion_created_by` int(100) NOT NULL,
  `currency_conversion_last_modified_date` timestamp NOT NULL DEFAULT CURRENT_TIMESTAMP,
  `currency_conversion_last_modified_by` int(100) NOT NULL,
  `fk_approval_id` int(100) DEFAULT NULL,
  `fk_status_id` int(100) DEFAULT NULL,
  PRIMARY KEY (`currency_conversion_id`)
) ENGINE=InnoDB DEFAULT CHARSET=latin1;

INSERT INTO `currency_conversion` (`currency_conversion_id`, `currency_conversion_name`, `currency_conversion_track_number`, `currency_conversion_month`, `currency_conversion_created_date`, `currency_conversion_created_by`, `currency_conversion_last_modified_date`, `currency_conversion_last_modified_by`, `fk_approval_id`, `fk_status_id`) VALUES
(1,	'May 2020 Conversion',	'CUON-48412',	'2020-05-01',	'2020-05-25',	1,	'2020-05-25 08:14:35',	1,	599,	100);

DROP TABLE IF EXISTS `currency_conversion_detail`;
CREATE TABLE `currency_conversion_detail` (
  `currency_conversion_detail_id` int(100) NOT NULL AUTO_INCREMENT,
  `currency_conversion_detail_name` varchar(100) NOT NULL,
  `currency_conversion_detail_track_number` varchar(100) NOT NULL,
  `fk_currency_conversion_id` int(100) NOT NULL,
  `fk_country_currency_id` int(100) NOT NULL,
  `currency_conversion_detail_rate` double(10,2) NOT NULL,
  `currency_conversion_detail_created_by` int(100) NOT NULL,
  `currency_conversion_detail_created_date` date NOT NULL,
  `currency_conversion_detail_last_modified_by` int(100) NOT NULL,
  `currency_conversion_detail_last_modified_date` timestamp NOT NULL DEFAULT CURRENT_TIMESTAMP,
  `fk_approval_id` int(100) DEFAULT NULL,
  `fk_status_id` int(100) DEFAULT NULL,
  PRIMARY KEY (`currency_conversion_detail_id`)
) ENGINE=InnoDB DEFAULT CHARSET=latin1;

INSERT INTO `currency_conversion_detail` (`currency_conversion_detail_id`, `currency_conversion_detail_name`, `currency_conversion_detail_track_number`, `fk_currency_conversion_id`, `fk_country_currency_id`, `currency_conversion_detail_rate`, `currency_conversion_detail_created_by`, `currency_conversion_detail_created_date`, `currency_conversion_detail_last_modified_by`, `currency_conversion_detail_last_modified_date`, `fk_approval_id`, `fk_status_id`) VALUES
(1,	'May 2020 Conversion',	'CUIL-13030',	1,	34,	104.00,	1,	'2020-05-25',	1,	'2020-05-25 08:17:34',	600,	101),
(2,	'May 2020 Uganda Conversion',	'CUIL-75864',	1,	35,	1340.40,	1,	'2020-05-25',	1,	'2020-05-25 15:09:50',	601,	101);

DROP TABLE IF EXISTS `dashboard`;
CREATE TABLE `dashboard` (
  `dashboard_id` int(100) NOT NULL AUTO_INCREMENT,
  `dashboard_name` varchar(100) DEFAULT NULL,
  `dashboard_created_date` date DEFAULT NULL,
  `dashboard_created_by` int(100) DEFAULT NULL,
  `dashboard_last_modified_by` int(100) DEFAULT NULL,
  `dashboard_last_modified_date` date DEFAULT NULL,
  `fk_approval_id` int(100) DEFAULT NULL,
  `fk_status_id` int(100) DEFAULT NULL,
  PRIMARY KEY (`dashboard_id`)
) ENGINE=InnoDB DEFAULT CHARSET=latin1;


DROP TABLE IF EXISTS `department`;
CREATE TABLE `department` (
  `department_id` int(100) NOT NULL AUTO_INCREMENT,
  `department_track_number` varchar(100) NOT NULL,
  `department_name` varchar(100) NOT NULL,
  `department_description` longtext NOT NULL,
  `department_is_active` int(5) NOT NULL,
  `department_created_date` date NOT NULL,
  `department_last_modified_date` timestamp NOT NULL DEFAULT CURRENT_TIMESTAMP,
  `department_created_by` int(100) NOT NULL,
  `department_last_modified_by` int(100) NOT NULL,
  `fk_approval_id` int(11) NOT NULL,
  `fk_status_id` int(11) NOT NULL,
  PRIMARY KEY (`department_id`),
  KEY `fk_approval_id` (`fk_approval_id`),
  KEY `fk_status_id` (`fk_status_id`),
  CONSTRAINT `department_ibfk_1` FOREIGN KEY (`fk_approval_id`) REFERENCES `approval` (`approval_id`),
  CONSTRAINT `department_ibfk_2` FOREIGN KEY (`fk_status_id`) REFERENCES `status` (`status_id`)
) ENGINE=InnoDB DEFAULT CHARSET=latin1;

INSERT INTO `department` (`department_id`, `department_track_number`, `department_name`, `department_description`, `department_is_active`, `department_created_date`, `department_last_modified_date`, `department_created_by`, `department_last_modified_by`, `fk_approval_id`, `fk_status_id`) VALUES
(1,	'DENT-84152',	'test',	'test',	1,	'2020-04-29',	'2020-04-29 16:02:17',	1,	1,	8,	23);

DROP TABLE IF EXISTS `department_user`;
CREATE TABLE `department_user` (
  `department_user_id` int(100) NOT NULL AUTO_INCREMENT,
  `department_user_track_number` varchar(100) NOT NULL,
  `department_user_name` varchar(100) NOT NULL,
  `fk_user_id` int(100) NOT NULL,
  `fk_department_id` int(100) NOT NULL,
  `department_user_created_date` date DEFAULT NULL,
  `department_user_last_modified_date` timestamp NULL DEFAULT CURRENT_TIMESTAMP,
  `department_user_created_by` int(100) DEFAULT NULL,
  `department_user_last_modified_by` int(100) DEFAULT NULL,
  `fk_approval_id` int(100) DEFAULT NULL,
  `fk_status_id` int(100) DEFAULT NULL,
  PRIMARY KEY (`department_user_id`)
) ENGINE=InnoDB DEFAULT CHARSET=latin1;

INSERT INTO `department_user` (`department_user_id`, `department_user_track_number`, `department_user_name`, `fk_user_id`, `fk_department_id`, `department_user_created_date`, `department_user_last_modified_date`, `department_user_created_by`, `department_user_last_modified_by`, `fk_approval_id`, `fk_status_id`) VALUES
(2,	'DEER-18041',	'Department for test test',	1,	1,	'2020-04-29',	'2020-04-29 16:06:05',	1,	1,	14,	24),
(18,	'DEER-71431',	'Department for test9 test9',	40,	1,	'2020-04-30',	'2020-04-30 04:15:17',	1,	1,	101,	24);

DROP TABLE IF EXISTS `designation`;
CREATE TABLE `designation` (
  `designation_id` int(100) NOT NULL AUTO_INCREMENT,
  `designation_track_number` varchar(100) NOT NULL,
  `designation_name` varchar(100) NOT NULL,
  `fk_context_definition_id` int(100) NOT NULL,
  `designation_created_date` date NOT NULL,
  `designation_last_modified_date` timestamp NOT NULL DEFAULT CURRENT_TIMESTAMP,
  `designation_created_by` int(100) NOT NULL,
  `designation_last_modified_by` int(100) NOT NULL,
  `fk_approval_id` int(11) NOT NULL,
  `fk_status_id` int(11) NOT NULL,
  PRIMARY KEY (`designation_id`),
  KEY `fk_approval_id` (`fk_approval_id`),
  KEY `fk_status_id` (`fk_status_id`),
  KEY `fk_center_group_hierarchy_id` (`fk_context_definition_id`),
  CONSTRAINT `designation_ibfk_1` FOREIGN KEY (`fk_approval_id`) REFERENCES `approval` (`approval_id`),
  CONSTRAINT `designation_ibfk_2` FOREIGN KEY (`fk_status_id`) REFERENCES `status` (`status_id`),
  CONSTRAINT `designation_ibfk_3` FOREIGN KEY (`fk_context_definition_id`) REFERENCES `context_definition` (`context_definition_id`)
) ENGINE=InnoDB DEFAULT CHARSET=latin1;

INSERT INTO `designation` (`designation_id`, `designation_track_number`, `designation_name`, `fk_context_definition_id`, `designation_created_date`, `designation_last_modified_date`, `designation_created_by`, `designation_last_modified_by`, `fk_approval_id`, `fk_status_id`) VALUES
(2,	'DEON-62839',	'Test',	6,	'2020-04-29',	'2020-04-29 15:57:53',	1,	1,	4,	25),
(3,	'DEON-85747',	'Test Job',	4,	'2020-04-30',	'2020-04-30 08:13:44',	1,	1,	178,	25),
(4,	'DEON-67697',	'Center Accountant',	1,	'2020-05-18',	'2020-05-18 08:08:14',	1,	1,	520,	25);

DROP TABLE IF EXISTS `expense_account`;
CREATE TABLE `expense_account` (
  `expense_account_id` int(100) NOT NULL AUTO_INCREMENT,
  `expense_account_track_number` varchar(100) DEFAULT NULL,
  `expense_account_name` varchar(100) DEFAULT NULL,
  `expense_account_description` varchar(100) DEFAULT NULL,
  `expense_account_code` varchar(10) DEFAULT NULL,
  `expense_account_is_admin` int(5) DEFAULT NULL,
  `expense_account_is_active` int(5) DEFAULT NULL,
  `expense_account_is_budgeted` int(5) DEFAULT NULL,
  `fk_income_account_id` int(100) DEFAULT NULL,
  `fk_approval_id` int(100) DEFAULT NULL,
  `fk_status_id` int(100) DEFAULT NULL,
  `expense_account_created_date` date DEFAULT NULL,
  `expense_account_last_modified_date` date DEFAULT NULL,
  `expense_account_created_by` int(100) DEFAULT NULL,
  `expense_account_last_modified_by` int(100) DEFAULT NULL,
  PRIMARY KEY (`expense_account_id`),
  KEY `fk_expense_account_income_account_idx` (`fk_income_account_id`),
  CONSTRAINT `fk_expense_account_income_account` FOREIGN KEY (`fk_income_account_id`) REFERENCES `income_account` (`income_account_id`) ON DELETE NO ACTION ON UPDATE NO ACTION
) ENGINE=InnoDB DEFAULT CHARSET=latin1 COMMENT='This table holds the expense accounts';

INSERT INTO `expense_account` (`expense_account_id`, `expense_account_track_number`, `expense_account_name`, `expense_account_description`, `expense_account_code`, `expense_account_is_admin`, `expense_account_is_active`, `expense_account_is_budgeted`, `fk_income_account_id`, `fk_approval_id`, `fk_status_id`, `expense_account_created_date`, `expense_account_last_modified_date`, `expense_account_created_by`, `expense_account_last_modified_by`) VALUES
(1,	'EXNT-50083',	'Expense 1',	'Expense 1',	'E001',	1,	1,	1,	1,	107,	26,	'2020-04-30',	NULL,	1,	1),
(2,	'EXNT-83549',	'Expense 2',	'Expense 2',	'E002',	0,	1,	1,	1,	108,	26,	'2020-04-30',	NULL,	1,	1),
(3,	'EXNT-86602',	'Expense 21',	'Expense 21',	'E021',	0,	1,	1,	2,	745,	26,	'2020-06-15',	NULL,	1,	1),
(4,	'EXNT-21918',	'Expense 22',	'Expense 22',	'E022',	1,	1,	1,	2,	746,	26,	'2020-06-15',	NULL,	1,	1),
(5,	'EXNT-81344',	'Expense 31',	'Expense 31',	'E031',	0,	1,	1,	3,	878,	26,	'2020-06-26',	NULL,	1,	1),
(6,	'EXNT-88350',	'Expense 32',	'Expense 32',	'E032',	1,	1,	1,	3,	879,	26,	'2020-06-26',	NULL,	1,	1);

DROP TABLE IF EXISTS `financial_report`;
CREATE TABLE `financial_report` (
  `financial_report_id` int(100) NOT NULL AUTO_INCREMENT,
  `financial_report_track_number` varchar(100) NOT NULL,
  `financial_report_name` varchar(100) NOT NULL,
  `financial_report_month` date NOT NULL,
  `fk_office_id` int(100) NOT NULL,
  `financial_report_statement_date` date NOT NULL DEFAULT '0000-00-00',
  `financial_report_is_submitted` int(5) NOT NULL DEFAULT '0',
  `financial_report_created_date` date DEFAULT NULL,
  `financial_report_created_by` int(100) DEFAULT NULL,
  `financial_report_last_modified_by` int(100) DEFAULT NULL,
  `financial_report_last_modified_date` date DEFAULT NULL,
  `fk_approval_id` int(100) DEFAULT NULL,
  `fk_status_id` int(100) DEFAULT NULL,
  PRIMARY KEY (`financial_report_id`)
) ENGINE=InnoDB DEFAULT CHARSET=latin1;

INSERT INTO `financial_report` (`financial_report_id`, `financial_report_track_number`, `financial_report_name`, `financial_report_month`, `fk_office_id`, `financial_report_statement_date`, `financial_report_is_submitted`, `financial_report_created_date`, `financial_report_created_by`, `financial_report_last_modified_by`, `financial_report_last_modified_date`, `fk_approval_id`, `fk_status_id`) VALUES
(13,	'FIRT-42617',	'Financial_report # FIRT-7760',	'2020-04-01',	1,	'0000-00-00',	0,	'2020-06-15',	1,	1,	NULL,	751,	27);

DROP TABLE IF EXISTS `funder`;
CREATE TABLE `funder` (
  `funder_id` int(100) NOT NULL AUTO_INCREMENT,
  `funder_track_number` varchar(100) DEFAULT NULL,
  `funder_name` varchar(45) DEFAULT NULL,
  `funder_description` varchar(45) DEFAULT NULL,
  `funder_created_date` date DEFAULT NULL,
  `funder_last_modified_date` date DEFAULT NULL,
  `funder_created_by` int(100) DEFAULT NULL,
  `funder_last_modified_by` int(100) DEFAULT NULL,
  `funder_deleted_at` datetime DEFAULT NULL,
  `fk_approval_id` int(100) DEFAULT NULL,
  `fk_status_id` int(100) DEFAULT NULL,
  PRIMARY KEY (`funder_id`)
) ENGINE=InnoDB DEFAULT CHARSET=latin1 COMMENT='This table holds donor (funders) bio-information';

INSERT INTO `funder` (`funder_id`, `funder_track_number`, `funder_name`, `funder_description`, `funder_created_date`, `funder_last_modified_date`, `funder_created_by`, `funder_last_modified_by`, `funder_deleted_at`, `fk_approval_id`, `fk_status_id`) VALUES
(1,	'FUER-55143',	'Funder 1',	'Funder 1',	'2020-04-30',	NULL,	1,	1,	NULL,	109,	28),
(2,	'FUER-44479',	'Funder 2',	'Funder 2',	'2020-04-30',	NULL,	1,	1,	NULL,	110,	28),
(3,	'FUER-45692',	'Funder 3',	'Funder 3',	'2020-04-30',	NULL,	1,	1,	NULL,	111,	28);

DROP TABLE IF EXISTS `funding_status`;
CREATE TABLE `funding_status` (
  `funding_status_id` int(100) NOT NULL AUTO_INCREMENT,
  `funding_status_track_number` varchar(100) DEFAULT NULL,
  `funding_status_name` varchar(100) DEFAULT NULL,
  `funding_status_is_active` int(5) DEFAULT NULL,
  `funding_status_created_date` date DEFAULT NULL,
  `funding_status_created_by` int(100) DEFAULT NULL,
  `funding_status_last_modified_by` int(100) DEFAULT NULL,
  `funding_status_last_modified_date` date DEFAULT NULL,
  `funding_status_is_available` int(5) NOT NULL DEFAULT '0',
  `fk_approval_id` int(100) DEFAULT NULL,
  `fk_status_id` int(100) DEFAULT NULL,
  PRIMARY KEY (`funding_status_id`)
) ENGINE=InnoDB DEFAULT CHARSET=latin1;

INSERT INTO `funding_status` (`funding_status_id`, `funding_status_track_number`, `funding_status_name`, `funding_status_is_active`, `funding_status_created_date`, `funding_status_created_by`, `funding_status_last_modified_by`, `funding_status_last_modified_date`, `funding_status_is_available`, `fk_approval_id`, `fk_status_id`) VALUES
(1,	'FUUS-36333',	'Fully Funded',	1,	'2020-04-30',	1,	1,	NULL,	1,	116,	29);

DROP TABLE IF EXISTS `history`;
CREATE TABLE `history` (
  `history_id` int(100) NOT NULL AUTO_INCREMENT,
  `reference_table` varchar(45) DEFAULT NULL,
  `user_id` varchar(45) DEFAULT NULL,
  `table_action` varchar(45) DEFAULT NULL,
  `history_created_date` date DEFAULT NULL,
  `history_created_by` int(100) DEFAULT NULL,
  `history_last_modified_by` int(100) DEFAULT NULL,
  `history_last_modified_date` date DEFAULT NULL,
  `fk_approval_id` int(100) DEFAULT NULL,
  `fk_status_id` int(100) DEFAULT NULL,
  PRIMARY KEY (`history_id`)
) ENGINE=InnoDB DEFAULT CHARSET=latin1;


DROP TABLE IF EXISTS `income_account`;
CREATE TABLE `income_account` (
  `income_account_id` int(11) NOT NULL AUTO_INCREMENT,
  `income_account_track_number` varchar(100) NOT NULL,
  `income_account_name` varchar(100) NOT NULL,
  `income_account_description` varchar(100) DEFAULT NULL,
  `income_account_code` varchar(10) DEFAULT NULL,
  `income_account_is_active` int(5) DEFAULT NULL,
  `income_account_is_budgeted` int(5) DEFAULT NULL,
  `income_account_is_donor_funded` int(5) DEFAULT NULL,
  `fk_account_system_id` int(100) DEFAULT NULL,
  `income_account_created_date` date DEFAULT NULL,
  `income_account_last_modified_date` date DEFAULT NULL,
  `income_account_created_by` int(100) DEFAULT NULL,
  `income_account_last_modified_by` int(100) DEFAULT NULL,
  `fk_approval_id` int(100) DEFAULT NULL,
  `fk_status_id` int(100) DEFAULT NULL,
  PRIMARY KEY (`income_account_id`),
  KEY `fk_account_system_id` (`fk_account_system_id`),
  CONSTRAINT `income_account_ibfk_1` FOREIGN KEY (`fk_account_system_id`) REFERENCES `account_system` (`account_system_id`)
) ENGINE=InnoDB DEFAULT CHARSET=latin1 COMMENT='This table contains the income accounts. ';

INSERT INTO `income_account` (`income_account_id`, `income_account_track_number`, `income_account_name`, `income_account_description`, `income_account_code`, `income_account_is_active`, `income_account_is_budgeted`, `income_account_is_donor_funded`, `fk_account_system_id`, `income_account_created_date`, `income_account_last_modified_date`, `income_account_created_by`, `income_account_last_modified_by`, `fk_approval_id`, `fk_status_id`) VALUES
(1,	'INNT-23029',	'Income 1',	'Income 1',	'R001',	1,	1,	1,	1,	'2020-04-30',	NULL,	1,	1,	106,	31),
(2,	'INNT-43487',	'Income 2',	'Income 2',	'R002',	1,	1,	0,	1,	'2020-06-15',	NULL,	1,	1,	743,	31),
(3,	'INNT-36378',	'Income 3',	'Income 3',	'R003',	1,	1,	1,	1,	'2020-06-15',	NULL,	1,	1,	744,	31);

DROP TABLE IF EXISTS `journal`;
CREATE TABLE `journal` (
  `journal_id` int(11) NOT NULL AUTO_INCREMENT,
  `journal_track_number` varchar(100) NOT NULL,
  `journal_name` varchar(100) NOT NULL,
  `journal_month` date NOT NULL,
  `fk_office_id` int(100) NOT NULL,
  `journal_created_date` date DEFAULT NULL,
  `journal_created_by` int(100) DEFAULT NULL,
  `journal_last_modified_by` int(100) DEFAULT NULL,
  `journal_last_modified_date` timestamp NOT NULL DEFAULT '0000-00-00 00:00:00' ON UPDATE CURRENT_TIMESTAMP,
  `fk_approval_id` int(100) DEFAULT NULL,
  `fk_status_id` int(100) DEFAULT NULL,
  PRIMARY KEY (`journal_id`)
) ENGINE=InnoDB DEFAULT CHARSET=latin1;

INSERT INTO `journal` (`journal_id`, `journal_track_number`, `journal_name`, `journal_month`, `fk_office_id`, `journal_created_date`, `journal_created_by`, `journal_last_modified_by`, `journal_last_modified_date`, `fk_approval_id`, `fk_status_id`) VALUES
(4,	'JOAL-72687',	'Journal for the month of 2020-04-01',	'2020-04-01',	1,	'2020-06-15',	1,	1,	'0000-00-00 00:00:00',	750,	32);

DROP TABLE IF EXISTS `language`;
CREATE TABLE `language` (
  `language_id` int(100) NOT NULL AUTO_INCREMENT,
  `language_track_number` varchar(100) NOT NULL,
  `language_name` varchar(100) DEFAULT NULL,
  `language_code` varchar(10) DEFAULT NULL,
  `language_created_date` date DEFAULT NULL,
  `language_last_modified_date` timestamp NOT NULL DEFAULT CURRENT_TIMESTAMP,
  `language_deleted_at` date DEFAULT NULL,
  `language_created_by` int(100) DEFAULT NULL,
  `language_last_modified_by` int(100) DEFAULT NULL,
  `fk_approval_id` int(100) DEFAULT NULL,
  `fk_status_id` int(100) DEFAULT NULL,
  PRIMARY KEY (`language_id`)
) ENGINE=InnoDB DEFAULT CHARSET=latin1;

INSERT INTO `language` (`language_id`, `language_track_number`, `language_name`, `language_code`, `language_created_date`, `language_last_modified_date`, `language_deleted_at`, `language_created_by`, `language_last_modified_by`, `fk_approval_id`, `fk_status_id`) VALUES
(1,	'LAGE-12838',	'English',	'en',	'2020-04-29',	'2020-04-29 13:05:29',	NULL,	1,	1,	0,	0);

DROP TABLE IF EXISTS `language_phrase`;
CREATE TABLE `language_phrase` (
  `language_phrase_id` int(11) NOT NULL AUTO_INCREMENT,
  `phrase` longtext,
  `created_date` date DEFAULT NULL,
  `last_modified_date` date DEFAULT NULL,
  `deleted_date` date DEFAULT NULL,
  `created_by` int(100) DEFAULT NULL,
  `last_modified_by` int(100) DEFAULT NULL,
  `language_phrase_created_date` date DEFAULT NULL,
  `language_phrase_created_by` int(100) DEFAULT NULL,
  `language_phrase_last_modified_by` int(100) DEFAULT NULL,
  `language_phrase_last_modified_date` date DEFAULT NULL,
  `fk_approval_id` int(100) DEFAULT NULL,
  `fk_status_id` int(100) DEFAULT NULL,
  PRIMARY KEY (`language_phrase_id`)
) ENGINE=InnoDB DEFAULT CHARSET=latin1;


DROP TABLE IF EXISTS `menu`;
CREATE TABLE `menu` (
  `menu_id` int(100) NOT NULL AUTO_INCREMENT,
  `menu_name` varchar(100) DEFAULT NULL,
  `menu_derivative_controller` varchar(100) DEFAULT NULL,
  `menu_is_active` int(5) NOT NULL DEFAULT '1',
  `menu_created_date` date DEFAULT NULL,
  `menu_last_modified_date` timestamp NOT NULL DEFAULT CURRENT_TIMESTAMP,
  `menu_created_by` int(100) DEFAULT NULL,
  `menu_last_modified_by` int(100) DEFAULT NULL,
  `fk_approval_id` int(100) DEFAULT NULL,
  `fk_status_id` int(100) DEFAULT NULL,
  PRIMARY KEY (`menu_id`)
) ENGINE=InnoDB DEFAULT CHARSET=latin1;

INSERT INTO `menu` (`menu_id`, `menu_name`, `menu_derivative_controller`, `menu_is_active`, `menu_created_date`, `menu_last_modified_date`, `menu_created_by`, `menu_last_modified_by`, `fk_approval_id`, `fk_status_id`) VALUES
(1,	'Account_system',	'Account_system',	1,	NULL,	'2020-04-29 13:05:56',	NULL,	NULL,	NULL,	NULL),
(2,	'Approval',	'Approval',	1,	NULL,	'2020-04-29 13:05:56',	NULL,	NULL,	NULL,	NULL),
(4,	'Approve_item',	'Approve_item',	1,	NULL,	'2020-04-29 13:05:56',	NULL,	NULL,	NULL,	NULL),
(5,	'Bank',	'Bank',	1,	NULL,	'2020-04-29 13:05:56',	NULL,	NULL,	NULL,	NULL),
(7,	'Budget',	'Budget',	1,	NULL,	'2020-04-29 13:05:56',	NULL,	NULL,	NULL,	NULL),
(17,	'Context_definition',	'Context_definition',	1,	NULL,	'2020-04-29 13:05:56',	NULL,	NULL,	NULL,	NULL),
(21,	'Dashboard',	'Dashboard',	1,	NULL,	'2020-04-29 13:05:56',	NULL,	NULL,	NULL,	NULL),
(22,	'Department',	'Department',	1,	NULL,	'2020-04-29 13:05:56',	NULL,	NULL,	NULL,	NULL),
(23,	'Designation',	'Designation',	1,	NULL,	'2020-04-29 13:05:56',	NULL,	NULL,	NULL,	NULL),
(24,	'Expense_account',	'Expense_account',	1,	NULL,	'2020-04-29 13:05:56',	NULL,	NULL,	NULL,	NULL),
(25,	'Financial_report',	'Financial_report',	1,	NULL,	'2020-04-29 13:05:56',	NULL,	NULL,	NULL,	NULL),
(26,	'Funder',	'Funder',	1,	NULL,	'2020-04-29 13:05:56',	NULL,	NULL,	NULL,	NULL),
(27,	'Funding_status',	'Funding_status',	1,	NULL,	'2020-04-29 13:05:56',	NULL,	NULL,	NULL,	NULL),
(29,	'Income_account',	'Income_account',	1,	NULL,	'2020-04-29 13:05:56',	NULL,	NULL,	NULL,	NULL),
(30,	'Journal',	'Journal',	1,	NULL,	'2020-04-29 13:05:56',	NULL,	NULL,	NULL,	NULL),
(31,	'Language',	'Language',	1,	NULL,	'2020-04-29 13:05:56',	NULL,	NULL,	NULL,	NULL),
(33,	'Menu_user_order',	'Menu_user_order',	1,	NULL,	'2020-04-29 13:05:56',	NULL,	NULL,	NULL,	NULL),
(34,	'Month',	'Month',	1,	NULL,	'2020-04-29 13:05:56',	NULL,	NULL,	NULL,	NULL),
(35,	'Office',	'Office',	1,	NULL,	'2020-04-29 13:05:56',	NULL,	NULL,	NULL,	NULL),
(36,	'Office_bank',	'Office_bank',	1,	NULL,	'2020-04-29 13:05:56',	NULL,	NULL,	NULL,	NULL),
(37,	'Page_view',	'Page_view',	1,	NULL,	'2020-04-29 13:05:56',	NULL,	NULL,	NULL,	NULL),
(38,	'Permission_label',	'Permission_label',	1,	NULL,	'2020-04-29 13:05:56',	NULL,	NULL,	NULL,	NULL),
(39,	'Project',	'Project',	1,	NULL,	'2020-04-29 13:05:56',	NULL,	NULL,	NULL,	NULL),
(40,	'Project_allocation',	'Project_allocation',	1,	NULL,	'2020-04-29 13:05:56',	NULL,	NULL,	NULL,	NULL),
(42,	'Request',	'Request',	1,	NULL,	'2020-04-29 13:05:56',	NULL,	NULL,	NULL,	NULL),
(43,	'Request_conversion',	'Request_conversion',	1,	NULL,	'2020-04-29 13:05:56',	NULL,	NULL,	NULL,	NULL),
(44,	'Request_type',	'Request_type',	1,	NULL,	'2020-04-29 13:05:56',	NULL,	NULL,	NULL,	NULL),
(45,	'Role',	'Role',	1,	NULL,	'2020-04-29 13:05:56',	NULL,	NULL,	NULL,	NULL),
(46,	'Setting',	'Setting',	1,	NULL,	'2020-04-29 13:05:56',	NULL,	NULL,	NULL,	NULL),
(50,	'User',	'User',	1,	NULL,	'2020-04-29 13:05:56',	NULL,	NULL,	NULL,	NULL),
(52,	'Voucher',	'Voucher',	1,	NULL,	'2020-04-29 13:05:56',	NULL,	NULL,	NULL,	NULL),
(53,	'Voucher_type',	'Voucher_type',	1,	NULL,	'2020-04-29 13:05:56',	NULL,	NULL,	NULL,	NULL),
(54,	'Voucher_type_account',	'Voucher_type_account',	1,	NULL,	'2020-04-29 13:05:56',	NULL,	NULL,	NULL,	NULL),
(55,	'Voucher_type_effect',	'Voucher_type_effect',	1,	NULL,	'2020-04-29 13:05:56',	NULL,	NULL,	NULL,	NULL),
(56,	'Workplan',	'Workplan',	1,	NULL,	'2020-04-29 13:05:56',	NULL,	NULL,	NULL,	NULL),
(57,	'Context_global',	'Context_global',	1,	NULL,	'2020-04-30 09:26:36',	NULL,	NULL,	NULL,	NULL),
(97,	'Approval_flow',	'Approval_flow',	1,	NULL,	'2020-06-18 06:24:19',	NULL,	NULL,	NULL,	NULL),
(98,	'Budget_item',	'Budget_item',	1,	NULL,	'2020-06-18 06:24:19',	NULL,	NULL,	NULL,	NULL),
(99,	'Context_global_user',	'Context_global_user',	1,	NULL,	'2020-06-18 06:24:19',	NULL,	NULL,	NULL,	NULL),
(100,	'Contra_account',	'Contra_account',	1,	NULL,	'2020-06-18 06:24:19',	NULL,	NULL,	NULL,	NULL),
(101,	'Country_currency',	'Country_currency',	1,	NULL,	'2020-06-18 06:24:19',	NULL,	NULL,	NULL,	NULL),
(102,	'Currency_conversion',	'Currency_conversion',	1,	NULL,	'2020-06-18 06:24:19',	NULL,	NULL,	NULL,	NULL),
(103,	'History',	'History',	1,	NULL,	'2020-06-18 06:24:19',	NULL,	NULL,	NULL,	NULL),
(104,	'Language_phrase',	'Language_phrase',	1,	NULL,	'2020-06-18 06:24:20',	NULL,	NULL,	NULL,	NULL),
(105,	'Office_bank_project_allocation',	'Office_bank_project_allocation',	1,	NULL,	'2020-06-18 06:24:20',	NULL,	NULL,	NULL,	NULL),
(106,	'Office_cash',	'Office_cash',	1,	NULL,	'2020-06-18 06:24:20',	NULL,	NULL,	NULL,	NULL),
(107,	'Opening_bank_balance',	'Opening_bank_balance',	1,	NULL,	'2020-06-18 06:24:20',	NULL,	NULL,	NULL,	NULL),
(108,	'Project_cost_proportion',	'Project_cost_proportion',	1,	NULL,	'2020-06-18 06:24:20',	NULL,	NULL,	NULL,	NULL),
(109,	'Status_role',	'Status_role',	1,	NULL,	'2020-06-18 06:24:20',	NULL,	NULL,	NULL,	NULL),
(110,	'System_opening_balance',	'System_opening_balance',	1,	NULL,	'2020-06-18 06:24:20',	NULL,	NULL,	NULL,	NULL),
(111,	'Translation',	'Translation',	1,	NULL,	'2020-06-18 06:24:20',	NULL,	NULL,	NULL,	NULL),
(112,	'Variance_note',	'Variance_note',	1,	NULL,	'2020-06-18 06:24:20',	NULL,	NULL,	NULL,	NULL);

DROP TABLE IF EXISTS `menu_user_order`;
CREATE TABLE `menu_user_order` (
  `menu_user_order_id` int(100) NOT NULL AUTO_INCREMENT,
  `fk_user_id` int(100) NOT NULL,
  `menu_user_order_track_number` varchar(100) DEFAULT NULL,
  `menu_user_order_name` varchar(100) DEFAULT NULL,
  `fk_menu_id` int(100) DEFAULT NULL,
  `menu_user_order_is_active` int(5) NOT NULL DEFAULT '1',
  `menu_user_order_level` int(100) NOT NULL DEFAULT '1',
  `menu_user_order_priority_item` int(5) NOT NULL DEFAULT '1',
  `menu_user_order_created_date` date DEFAULT NULL,
  `menu_user_order_last_modified_date` timestamp NOT NULL DEFAULT CURRENT_TIMESTAMP,
  `menu_user_order_created_by` int(100) DEFAULT NULL,
  `menu_user_order_last_modified_by` int(100) DEFAULT NULL,
  `fk_approval_id` int(100) DEFAULT NULL,
  `fk_status_id` int(100) DEFAULT NULL,
  PRIMARY KEY (`menu_user_order_id`),
  KEY `fk_menu_id` (`fk_menu_id`),
  CONSTRAINT `menu_user_order_ibfk_1` FOREIGN KEY (`fk_menu_id`) REFERENCES `menu` (`menu_id`) ON DELETE CASCADE
) ENGINE=InnoDB DEFAULT CHARSET=latin1;

INSERT INTO `menu_user_order` (`menu_user_order_id`, `fk_user_id`, `menu_user_order_track_number`, `menu_user_order_name`, `fk_menu_id`, `menu_user_order_is_active`, `menu_user_order_level`, `menu_user_order_priority_item`, `menu_user_order_created_date`, `menu_user_order_last_modified_date`, `menu_user_order_created_by`, `menu_user_order_last_modified_by`, `fk_approval_id`, `fk_status_id`) VALUES
(1,	1,	NULL,	NULL,	1,	1,	1,	1,	NULL,	'2020-04-29 13:05:56',	NULL,	NULL,	NULL,	NULL),
(2,	1,	NULL,	NULL,	2,	1,	2,	1,	NULL,	'2020-04-29 13:05:56',	NULL,	NULL,	NULL,	NULL),
(4,	1,	NULL,	NULL,	4,	1,	4,	1,	NULL,	'2020-04-29 13:05:56',	NULL,	NULL,	NULL,	NULL),
(5,	1,	NULL,	NULL,	5,	1,	5,	1,	NULL,	'2020-04-29 13:05:56',	NULL,	NULL,	NULL,	NULL),
(7,	1,	NULL,	NULL,	7,	1,	7,	1,	NULL,	'2020-04-29 13:05:56',	NULL,	NULL,	NULL,	NULL),
(17,	1,	NULL,	NULL,	17,	1,	17,	0,	NULL,	'2020-04-29 13:05:56',	NULL,	NULL,	NULL,	NULL),
(21,	1,	NULL,	NULL,	21,	1,	21,	0,	NULL,	'2020-04-29 13:05:56',	NULL,	NULL,	NULL,	NULL),
(22,	1,	NULL,	NULL,	22,	1,	22,	0,	NULL,	'2020-04-29 13:05:56',	NULL,	NULL,	NULL,	NULL),
(23,	1,	NULL,	NULL,	23,	1,	23,	0,	NULL,	'2020-04-29 13:05:56',	NULL,	NULL,	NULL,	NULL),
(24,	1,	NULL,	NULL,	24,	1,	24,	0,	NULL,	'2020-04-29 13:05:56',	NULL,	NULL,	NULL,	NULL),
(25,	1,	NULL,	NULL,	25,	1,	25,	0,	NULL,	'2020-04-29 13:05:56',	NULL,	NULL,	NULL,	NULL),
(26,	1,	NULL,	NULL,	26,	1,	26,	0,	NULL,	'2020-04-29 13:05:56',	NULL,	NULL,	NULL,	NULL),
(27,	1,	NULL,	NULL,	27,	1,	27,	0,	NULL,	'2020-04-29 13:05:56',	NULL,	NULL,	NULL,	NULL),
(29,	1,	NULL,	NULL,	29,	1,	29,	0,	NULL,	'2020-04-29 13:05:56',	NULL,	NULL,	NULL,	NULL),
(30,	1,	NULL,	NULL,	30,	1,	30,	0,	NULL,	'2020-04-29 13:05:56',	NULL,	NULL,	NULL,	NULL),
(31,	1,	NULL,	NULL,	31,	1,	31,	0,	NULL,	'2020-04-29 13:05:56',	NULL,	NULL,	NULL,	NULL),
(33,	1,	NULL,	NULL,	33,	1,	33,	0,	NULL,	'2020-04-29 13:05:56',	NULL,	NULL,	NULL,	NULL),
(34,	1,	NULL,	NULL,	34,	1,	34,	0,	NULL,	'2020-04-29 13:05:56',	NULL,	NULL,	NULL,	NULL),
(35,	1,	NULL,	NULL,	35,	1,	35,	0,	NULL,	'2020-04-29 13:05:56',	NULL,	NULL,	NULL,	NULL),
(36,	1,	NULL,	NULL,	36,	1,	36,	0,	NULL,	'2020-04-29 13:05:56',	NULL,	NULL,	NULL,	NULL),
(37,	1,	NULL,	NULL,	37,	1,	37,	0,	NULL,	'2020-04-29 13:05:56',	NULL,	NULL,	NULL,	NULL),
(38,	1,	NULL,	NULL,	38,	1,	38,	0,	NULL,	'2020-04-29 13:05:56',	NULL,	NULL,	NULL,	NULL),
(39,	1,	NULL,	NULL,	39,	1,	39,	0,	NULL,	'2020-04-29 13:05:56',	NULL,	NULL,	NULL,	NULL),
(40,	1,	NULL,	NULL,	40,	1,	40,	0,	NULL,	'2020-04-29 13:05:56',	NULL,	NULL,	NULL,	NULL),
(42,	1,	NULL,	NULL,	42,	1,	42,	0,	NULL,	'2020-04-29 13:05:56',	NULL,	NULL,	NULL,	NULL),
(43,	1,	NULL,	NULL,	43,	1,	43,	0,	NULL,	'2020-04-29 13:05:56',	NULL,	NULL,	NULL,	NULL),
(44,	1,	NULL,	NULL,	44,	1,	44,	0,	NULL,	'2020-04-29 13:05:56',	NULL,	NULL,	NULL,	NULL),
(45,	1,	NULL,	NULL,	45,	1,	45,	0,	NULL,	'2020-04-29 13:05:56',	NULL,	NULL,	NULL,	NULL),
(46,	1,	NULL,	NULL,	46,	1,	46,	0,	NULL,	'2020-04-29 13:05:56',	NULL,	NULL,	NULL,	NULL),
(50,	1,	NULL,	NULL,	50,	1,	50,	0,	NULL,	'2020-04-29 13:05:56',	NULL,	NULL,	NULL,	NULL),
(52,	1,	NULL,	NULL,	52,	1,	52,	0,	NULL,	'2020-04-29 13:05:56',	NULL,	NULL,	NULL,	NULL),
(53,	1,	NULL,	NULL,	53,	1,	53,	0,	NULL,	'2020-04-29 13:05:56',	NULL,	NULL,	NULL,	NULL),
(54,	1,	NULL,	NULL,	54,	1,	54,	0,	NULL,	'2020-04-29 13:05:56',	NULL,	NULL,	NULL,	NULL),
(55,	1,	NULL,	NULL,	55,	1,	55,	0,	NULL,	'2020-04-29 13:05:56',	NULL,	NULL,	NULL,	NULL),
(56,	1,	NULL,	NULL,	56,	1,	56,	0,	NULL,	'2020-04-29 13:05:56',	NULL,	NULL,	NULL,	NULL),
(57,	40,	NULL,	NULL,	1,	1,	1,	1,	NULL,	'2020-04-30 04:37:49',	NULL,	NULL,	NULL,	NULL),
(58,	40,	NULL,	NULL,	2,	1,	2,	1,	NULL,	'2020-04-30 04:37:49',	NULL,	NULL,	NULL,	NULL),
(60,	40,	NULL,	NULL,	4,	1,	4,	1,	NULL,	'2020-04-30 04:37:49',	NULL,	NULL,	NULL,	NULL),
(61,	40,	NULL,	NULL,	5,	1,	5,	1,	NULL,	'2020-04-30 04:37:49',	NULL,	NULL,	NULL,	NULL),
(62,	40,	NULL,	NULL,	7,	1,	6,	1,	NULL,	'2020-04-30 04:37:49',	NULL,	NULL,	NULL,	NULL),
(72,	40,	NULL,	NULL,	17,	1,	16,	0,	NULL,	'2020-04-30 04:37:50',	NULL,	NULL,	NULL,	NULL),
(76,	40,	NULL,	NULL,	21,	1,	1,	0,	NULL,	'2020-04-30 04:37:50',	NULL,	NULL,	NULL,	NULL),
(77,	40,	NULL,	NULL,	22,	1,	2,	0,	NULL,	'2020-04-30 04:37:50',	NULL,	NULL,	NULL,	NULL),
(78,	40,	NULL,	NULL,	23,	1,	22,	0,	NULL,	'2020-04-30 04:37:50',	NULL,	NULL,	NULL,	NULL),
(79,	40,	NULL,	NULL,	24,	1,	23,	0,	NULL,	'2020-04-30 04:37:50',	NULL,	NULL,	NULL,	NULL),
(80,	40,	NULL,	NULL,	25,	1,	6,	1,	NULL,	'2020-04-30 04:37:50',	NULL,	NULL,	NULL,	NULL),
(81,	40,	NULL,	NULL,	26,	1,	1,	1,	NULL,	'2020-04-30 04:37:50',	NULL,	NULL,	NULL,	NULL),
(82,	40,	NULL,	NULL,	27,	1,	26,	0,	NULL,	'2020-04-30 04:37:50',	NULL,	NULL,	NULL,	NULL),
(84,	40,	NULL,	NULL,	29,	1,	28,	0,	NULL,	'2020-04-30 04:37:50',	NULL,	NULL,	NULL,	NULL),
(85,	40,	NULL,	NULL,	30,	1,	4,	1,	NULL,	'2020-04-30 04:37:50',	NULL,	NULL,	NULL,	NULL),
(86,	40,	NULL,	NULL,	31,	1,	30,	0,	NULL,	'2020-04-30 04:37:50',	NULL,	NULL,	NULL,	NULL),
(88,	40,	NULL,	NULL,	33,	1,	7,	1,	NULL,	'2020-04-30 04:37:50',	NULL,	NULL,	NULL,	NULL),
(89,	40,	NULL,	NULL,	34,	1,	33,	0,	NULL,	'2020-04-30 04:37:50',	NULL,	NULL,	NULL,	NULL),
(90,	40,	NULL,	NULL,	35,	1,	3,	0,	NULL,	'2020-04-30 04:37:50',	NULL,	NULL,	NULL,	NULL),
(91,	40,	NULL,	NULL,	36,	1,	35,	0,	NULL,	'2020-04-30 04:37:50',	NULL,	NULL,	NULL,	NULL),
(92,	40,	NULL,	NULL,	37,	1,	36,	0,	NULL,	'2020-04-30 04:37:50',	NULL,	NULL,	NULL,	NULL),
(93,	40,	NULL,	NULL,	38,	1,	37,	0,	NULL,	'2020-04-30 04:37:50',	NULL,	NULL,	NULL,	NULL),
(94,	40,	NULL,	NULL,	39,	1,	8,	1,	NULL,	'2020-04-30 04:37:50',	NULL,	NULL,	NULL,	NULL),
(95,	40,	NULL,	NULL,	40,	1,	4,	0,	NULL,	'2020-04-30 04:37:50',	NULL,	NULL,	NULL,	NULL),
(97,	40,	NULL,	NULL,	42,	1,	3,	1,	NULL,	'2020-04-30 04:37:50',	NULL,	NULL,	NULL,	NULL),
(98,	40,	NULL,	NULL,	43,	1,	42,	0,	NULL,	'2020-04-30 04:37:50',	NULL,	NULL,	NULL,	NULL),
(99,	40,	NULL,	NULL,	44,	1,	43,	0,	NULL,	'2020-04-30 04:37:50',	NULL,	NULL,	NULL,	NULL),
(100,	40,	NULL,	NULL,	45,	1,	44,	0,	NULL,	'2020-04-30 04:37:50',	NULL,	NULL,	NULL,	NULL),
(101,	40,	NULL,	NULL,	46,	1,	45,	0,	NULL,	'2020-04-30 04:37:50',	NULL,	NULL,	NULL,	NULL),
(105,	40,	NULL,	NULL,	50,	1,	49,	0,	NULL,	'2020-04-30 04:37:50',	NULL,	NULL,	NULL,	NULL),
(107,	40,	NULL,	NULL,	52,	1,	5,	1,	NULL,	'2020-04-30 04:37:50',	NULL,	NULL,	NULL,	NULL),
(108,	40,	NULL,	NULL,	53,	1,	52,	0,	NULL,	'2020-04-30 04:37:50',	NULL,	NULL,	NULL,	NULL),
(109,	40,	NULL,	NULL,	54,	1,	53,	0,	NULL,	'2020-04-30 04:37:50',	NULL,	NULL,	NULL,	NULL),
(110,	40,	NULL,	NULL,	55,	1,	54,	0,	NULL,	'2020-04-30 04:37:50',	NULL,	NULL,	NULL,	NULL),
(111,	40,	NULL,	NULL,	56,	1,	55,	0,	NULL,	'2020-04-30 04:37:50',	NULL,	NULL,	NULL,	NULL),
(112,	1,	NULL,	NULL,	57,	1,	111,	0,	NULL,	'2020-04-30 09:26:36',	NULL,	NULL,	NULL,	NULL),
(114,	40,	NULL,	NULL,	57,	1,	111,	0,	NULL,	'2020-05-01 09:44:54',	NULL,	NULL,	NULL,	NULL),
(171,	1,	NULL,	NULL,	97,	1,	73,	0,	NULL,	'2020-06-18 06:24:20',	NULL,	NULL,	NULL,	NULL),
(172,	1,	NULL,	NULL,	98,	1,	74,	0,	NULL,	'2020-06-18 06:24:20',	NULL,	NULL,	NULL,	NULL),
(173,	1,	NULL,	NULL,	99,	1,	75,	0,	NULL,	'2020-06-18 06:24:20',	NULL,	NULL,	NULL,	NULL),
(174,	1,	NULL,	NULL,	100,	1,	76,	0,	NULL,	'2020-06-18 06:24:20',	NULL,	NULL,	NULL,	NULL),
(175,	1,	NULL,	NULL,	101,	1,	77,	0,	NULL,	'2020-06-18 06:24:20',	NULL,	NULL,	NULL,	NULL),
(176,	1,	NULL,	NULL,	102,	1,	78,	0,	NULL,	'2020-06-18 06:24:20',	NULL,	NULL,	NULL,	NULL),
(177,	1,	NULL,	NULL,	103,	1,	79,	0,	NULL,	'2020-06-18 06:24:20',	NULL,	NULL,	NULL,	NULL),
(178,	1,	NULL,	NULL,	104,	1,	80,	0,	NULL,	'2020-06-18 06:24:20',	NULL,	NULL,	NULL,	NULL),
(179,	1,	NULL,	NULL,	105,	1,	81,	0,	NULL,	'2020-06-18 06:24:20',	NULL,	NULL,	NULL,	NULL),
(180,	1,	NULL,	NULL,	106,	1,	82,	0,	NULL,	'2020-06-18 06:24:20',	NULL,	NULL,	NULL,	NULL),
(181,	1,	NULL,	NULL,	107,	1,	83,	0,	NULL,	'2020-06-18 06:24:20',	NULL,	NULL,	NULL,	NULL),
(182,	1,	NULL,	NULL,	108,	1,	84,	0,	NULL,	'2020-06-18 06:24:20',	NULL,	NULL,	NULL,	NULL),
(183,	1,	NULL,	NULL,	109,	1,	85,	0,	NULL,	'2020-06-18 06:24:20',	NULL,	NULL,	NULL,	NULL),
(184,	1,	NULL,	NULL,	110,	1,	86,	0,	NULL,	'2020-06-18 06:24:20',	NULL,	NULL,	NULL,	NULL),
(185,	1,	NULL,	NULL,	111,	1,	87,	0,	NULL,	'2020-06-18 06:24:20',	NULL,	NULL,	NULL,	NULL),
(186,	1,	NULL,	NULL,	112,	1,	88,	0,	NULL,	'2020-06-18 06:24:20',	NULL,	NULL,	NULL,	NULL);

DROP TABLE IF EXISTS `message`;
CREATE TABLE `message` (
  `message_id` int(100) NOT NULL AUTO_INCREMENT,
  `message_track_number` varchar(100) DEFAULT NULL,
  `message_name` varchar(100) DEFAULT NULL,
  `fk_approve_item_id` int(100) DEFAULT NULL,
  `message_record_key` int(100) DEFAULT NULL,
  `message_created_by` int(100) DEFAULT NULL,
  `message_last_modified_by` int(100) DEFAULT NULL,
  `message_created_date` date DEFAULT NULL,
  `message_last_modified_date` timestamp NULL DEFAULT CURRENT_TIMESTAMP,
  `message_deleted_date` date DEFAULT NULL,
  `message_is_thread_open` int(5) DEFAULT '1',
  `fk_status_id` int(100) DEFAULT NULL,
  `fk_approval_id` int(100) DEFAULT NULL,
  PRIMARY KEY (`message_id`),
  KEY `fk_approve_item_id` (`fk_approve_item_id`),
  CONSTRAINT `message_ibfk_1` FOREIGN KEY (`fk_approve_item_id`) REFERENCES `approve_item` (`approve_item_id`)
) ENGINE=InnoDB DEFAULT CHARSET=latin1;

INSERT INTO `message` (`message_id`, `message_track_number`, `message_name`, `fk_approve_item_id`, `message_record_key`, `message_created_by`, `message_last_modified_by`, `message_created_date`, `message_last_modified_date`, `message_deleted_date`, `message_is_thread_open`, `fk_status_id`, `fk_approval_id`) VALUES
(1,	'',	'',	61,	18,	40,	40,	'2020-05-18',	'2020-05-18 08:37:26',	NULL,	1,	NULL,	NULL),
(2,	'',	'',	61,	18,	40,	40,	'2020-05-18',	'2020-05-18 08:37:39',	NULL,	1,	NULL,	NULL),
(3,	'',	'',	74,	33,	40,	40,	'2020-05-29',	'2020-05-29 11:50:58',	NULL,	1,	NULL,	NULL),
(4,	'',	'',	74,	33,	40,	40,	'2020-05-29',	'2020-05-29 11:51:37',	NULL,	1,	NULL,	NULL),
(5,	'',	'',	61,	21,	40,	40,	'2020-06-05',	'2020-06-05 08:30:32',	NULL,	1,	NULL,	NULL),
(6,	'',	'',	61,	21,	40,	40,	'2020-06-05',	'2020-06-05 08:30:53',	NULL,	1,	NULL,	NULL);

DROP TABLE IF EXISTS `message_detail`;
CREATE TABLE `message_detail` (
  `message_detail_id` int(100) NOT NULL AUTO_INCREMENT,
  `message_detail_track_number` varchar(100) NOT NULL,
  `message_detail_name` varchar(100) NOT NULL,
  `fk_user_id` int(100) DEFAULT NULL,
  `message_detail_content` longtext,
  `fk_message_id` int(100) DEFAULT NULL,
  `message_detail_created_date` datetime DEFAULT NULL,
  `message_detail_last_modified_date` date DEFAULT NULL,
  `message_detail_deleted_date` date DEFAULT NULL,
  `message_detail_created_by` int(100) DEFAULT NULL,
  `message_detail_last_modified_by` timestamp NULL DEFAULT CURRENT_TIMESTAMP,
  `message_detail_is_reply` int(5) DEFAULT '0',
  `message_detail_replied_message_key` int(100) DEFAULT NULL,
  `fk_status_id` int(100) DEFAULT NULL,
  `fk_approval_id` int(100) DEFAULT NULL,
  PRIMARY KEY (`message_detail_id`),
  KEY `fk_message_detail_message1_idx` (`fk_message_id`),
  CONSTRAINT `fk_message_detail_message1` FOREIGN KEY (`fk_message_id`) REFERENCES `message` (`message_id`) ON DELETE NO ACTION ON UPDATE NO ACTION
) ENGINE=InnoDB DEFAULT CHARSET=latin1;

INSERT INTO `message_detail` (`message_detail_id`, `message_detail_track_number`, `message_detail_name`, `fk_user_id`, `message_detail_content`, `fk_message_id`, `message_detail_created_date`, `message_detail_last_modified_date`, `message_detail_deleted_date`, `message_detail_created_by`, `message_detail_last_modified_by`, `message_detail_is_reply`, `message_detail_replied_message_key`, `fk_status_id`, `fk_approval_id`) VALUES
(1,	'',	'',	40,	'Good well',	1,	'2020-05-18 10:37:26',	NULL,	NULL,	40,	'0000-00-00 00:00:00',	0,	0,	NULL,	NULL),
(2,	'',	'',	40,	'trtrtrty',	2,	'2020-05-18 10:37:39',	NULL,	NULL,	40,	'0000-00-00 00:00:00',	0,	0,	NULL,	NULL),
(3,	'',	'',	40,	'I don\'t understand this voucher please explain',	3,	'2020-05-29 01:50:58',	NULL,	NULL,	40,	'0000-00-00 00:00:00',	0,	0,	NULL,	NULL),
(4,	'',	'',	40,	'Here is my explanation',	4,	'2020-05-29 01:51:37',	NULL,	NULL,	40,	'0000-00-00 00:00:00',	0,	0,	NULL,	NULL),
(5,	'',	'',	40,	'Extra notes',	5,	'2020-06-05 10:30:32',	NULL,	NULL,	40,	'0000-00-00 00:00:00',	0,	0,	NULL,	NULL),
(6,	'',	'',	40,	'Notes resonse',	6,	'2020-06-05 10:30:53',	NULL,	NULL,	40,	'0000-00-00 00:00:00',	0,	0,	NULL,	NULL);

DROP TABLE IF EXISTS `month`;
CREATE TABLE `month` (
  `month_id` int(11) NOT NULL AUTO_INCREMENT,
  `month_track_number` varchar(100) NOT NULL,
  `month_number` int(5) NOT NULL,
  `month_name` varchar(50) NOT NULL,
  `month_order` int(5) NOT NULL DEFAULT '0',
  `fk_status_id` int(100) NOT NULL,
  `month_created_by` int(100) NOT NULL,
  `month_last_modified_by` int(100) NOT NULL,
  `month_created_date` date NOT NULL,
  `month_last_modified_date` date NOT NULL,
  `fk_approval_id` int(100) DEFAULT NULL,
  PRIMARY KEY (`month_id`),
  UNIQUE KEY `month_number` (`month_number`),
  UNIQUE KEY `month_order` (`month_order`)
) ENGINE=InnoDB DEFAULT CHARSET=latin1;

INSERT INTO `month` (`month_id`, `month_track_number`, `month_number`, `month_name`, `month_order`, `fk_status_id`, `month_created_by`, `month_last_modified_by`, `month_created_date`, `month_last_modified_date`, `fk_approval_id`) VALUES
(1,	'MOTH-79305',	1,	'January',	1,	0,	1,	1,	'2020-04-29',	'0000-00-00',	0),
(2,	'MOTH-1105',	2,	'February',	2,	0,	1,	1,	'2020-04-29',	'0000-00-00',	0),
(3,	'MOTH-41837',	3,	'March',	3,	0,	1,	1,	'2020-04-29',	'0000-00-00',	0),
(4,	'MOTH-36669',	4,	'April',	4,	0,	1,	1,	'2020-04-29',	'0000-00-00',	0),
(5,	'MOTH-61799',	5,	'May',	5,	0,	1,	1,	'2020-04-29',	'0000-00-00',	0),
(6,	'MOTH-62700',	6,	'June',	6,	0,	1,	1,	'2020-04-29',	'0000-00-00',	0),
(7,	'MOTH-59394',	7,	'July',	7,	0,	1,	1,	'2020-04-29',	'0000-00-00',	0),
(8,	'MOTH-29039',	8,	'August',	8,	0,	1,	1,	'2020-04-29',	'0000-00-00',	0),
(9,	'MOTH-43378',	9,	'September',	9,	0,	1,	1,	'2020-04-29',	'0000-00-00',	0),
(10,	'MOTH-47548',	10,	'October',	10,	0,	1,	1,	'2020-04-29',	'0000-00-00',	0),
(11,	'MOTH-69546',	11,	'November',	11,	0,	1,	1,	'2020-04-29',	'0000-00-00',	0),
(12,	'MOTH-15900',	12,	'December',	12,	0,	1,	1,	'2020-04-29',	'0000-00-00',	0);

DROP TABLE IF EXISTS `office`;
CREATE TABLE `office` (
  `office_id` int(100) NOT NULL AUTO_INCREMENT,
  `office_track_number` varchar(100) DEFAULT NULL,
  `office_name` varchar(45) NOT NULL,
  `office_description` longtext NOT NULL,
  `office_code` varchar(45) NOT NULL,
  `fk_context_definition_id` int(100) NOT NULL,
  `office_start_date` date NOT NULL,
  `office_end_date` date DEFAULT '0000-00-00',
  `office_is_active` int(5) NOT NULL DEFAULT '0',
  `fk_account_system_id` int(100) NOT NULL DEFAULT '1',
  `fk_country_currency_id` int(100) NOT NULL,
  `office_created_by` int(100) NOT NULL,
  `office_created_date` date NOT NULL,
  `office_last_modified_date` date NOT NULL,
  `office_last_modified_by` int(100) NOT NULL,
  `fk_approval_id` int(11) DEFAULT NULL,
  `fk_status_id` int(11) DEFAULT NULL,
  PRIMARY KEY (`office_id`),
  KEY `fk_approval_id` (`fk_approval_id`),
  KEY `fk_status_id` (`fk_status_id`),
  KEY `fk_center_group_hierarchy_id` (`fk_context_definition_id`),
  KEY `fk_account_system_id` (`fk_account_system_id`)
) ENGINE=InnoDB DEFAULT CHARSET=latin1 COMMENT='This table list all the remote sites for the organization';

INSERT INTO `office` (`office_id`, `office_track_number`, `office_name`, `office_description`, `office_code`, `fk_context_definition_id`, `office_start_date`, `office_end_date`, `office_is_active`, `fk_account_system_id`, `fk_country_currency_id`, `office_created_by`, `office_created_date`, `office_last_modified_date`, `office_last_modified_by`, `fk_approval_id`, `fk_status_id`) VALUES
(1,	'OFCE-74707',	'UG001',	'UG001',	'G001',	6,	'2020-04-01',	'0000-00-00',	1,	1,	34,	1,	'2020-04-29',	'0000-00-00',	1,	0,	0),
(2,	'OFCE-73049',	'UG005',	'UG005',	'R001',	5,	'2020-04-01',	'0000-00-00',	0,	1,	34,	1,	'2020-04-30',	'0000-00-00',	1,	172,	40),
(3,	'OFCE-36509',	'UG006',	'UG006',	'N001',	4,	'2020-04-01',	'0000-00-00',	0,	1,	34,	1,	'2020-04-30',	'0000-00-00',	1,	175,	40),
(4,	'OFCE-48629',	'UG004',	'UG004',	'COH1',	3,	'2020-05-01',	'0000-00-00',	0,	1,	34,	1,	'2020-05-18',	'0000-00-00',	1,	511,	40),
(5,	'OFCE-58398',	'UG003',	'UG003',	'CL1',	2,	'2020-05-01',	'0000-00-00',	0,	1,	34,	1,	'2020-05-18',	'0000-00-00',	1,	514,	40),
(6,	'OFCE-8210',	'UG002',	'UG002	',	'CN1',	1,	'2020-05-01',	'0000-00-00',	0,	1,	34,	1,	'2020-05-18',	'0000-00-00',	1,	517,	40);

DROP TABLE IF EXISTS `office_bank`;
CREATE TABLE `office_bank` (
  `office_bank_id` int(100) NOT NULL AUTO_INCREMENT,
  `office_bank_track_number` varchar(100) DEFAULT NULL,
  `office_bank_name` varchar(100) DEFAULT NULL,
  `office_bank_account_number` varchar(100) DEFAULT NULL,
  `fk_office_id` int(100) DEFAULT NULL,
  `fk_bank_id` int(100) DEFAULT NULL,
  `office_bank_is_active` int(5) DEFAULT '1',
  `office_bank_created_date` date DEFAULT NULL,
  `office_bank_created_by` int(100) DEFAULT NULL,
  `office_bank_last_modified_date` timestamp NULL DEFAULT NULL,
  `office_bank_last_modified_by` int(100) DEFAULT NULL,
  `fk_approval_id` int(100) DEFAULT NULL,
  `fk_status_id` int(100) DEFAULT NULL,
  PRIMARY KEY (`office_bank_id`),
  KEY `fk_office_id` (`fk_office_id`),
  KEY `fk_bank_id` (`fk_bank_id`),
  CONSTRAINT `office_bank_ibfk_1` FOREIGN KEY (`fk_office_id`) REFERENCES `office` (`office_id`),
  CONSTRAINT `office_bank_ibfk_2` FOREIGN KEY (`fk_bank_id`) REFERENCES `bank` (`bank_id`)
) ENGINE=InnoDB DEFAULT CHARSET=latin1;

INSERT INTO `office_bank` (`office_bank_id`, `office_bank_track_number`, `office_bank_name`, `office_bank_account_number`, `fk_office_id`, `fk_bank_id`, `office_bank_is_active`, `office_bank_created_date`, `office_bank_created_by`, `office_bank_last_modified_date`, `office_bank_last_modified_by`, `fk_approval_id`, `fk_status_id`) VALUES
(1,	'OFNK-27537',	'Head Office Account 1',	'1101834849',	1,	3,	1,	'2020-05-09',	1,	NULL,	1,	462,	41),
(2,	'OFNK-24003',	'Head Office Account 2',	'203848881',	1,	3,	1,	'2020-05-09',	1,	NULL,	1,	463,	41),
(3,	'OFNK-59433',	'Head Office Barclays Bank Account',	'78766782',	1,	10,	1,	'2020-05-11',	1,	NULL,	1,	493,	41),
(4,	'OFNK-12725',	'Equity bank Malindi Branch Account',	'4345346756',	1,	10,	1,	'2020-06-18',	1,	NULL,	1,	775,	41),
(5,	'OFNK-14993',	'UG006 Main Project Account',	'4323423400',	3,	10,	1,	'2020-06-29',	1,	NULL,	1,	893,	41);

DROP TABLE IF EXISTS `office_bank_project_allocation`;
CREATE TABLE `office_bank_project_allocation` (
  `office_bank_project_allocation_id` int(100) NOT NULL AUTO_INCREMENT,
  `office_bank_project_allocation_name` varchar(100) NOT NULL,
  `office_bank_project_allocation_track_number` varchar(100) NOT NULL,
  `fk_office_bank_id` int(100) NOT NULL,
  `fk_project_allocation_id` int(100) NOT NULL,
  `office_bank_project_allocation_created_date` date NOT NULL,
  `office_bank_project_allocation_created_by` int(100) NOT NULL,
  `office_bank_project_allocation_last_modified_date` timestamp NOT NULL DEFAULT CURRENT_TIMESTAMP,
  `office_bank_project_allocation_last_modified_by` int(100) NOT NULL,
  `fk_approval_id` int(100) DEFAULT NULL,
  `fk_status_id` int(100) DEFAULT NULL,
  PRIMARY KEY (`office_bank_project_allocation_id`)
) ENGINE=InnoDB DEFAULT CHARSET=latin1;

INSERT INTO `office_bank_project_allocation` (`office_bank_project_allocation_id`, `office_bank_project_allocation_name`, `office_bank_project_allocation_track_number`, `fk_office_bank_id`, `fk_project_allocation_id`, `office_bank_project_allocation_created_date`, `office_bank_project_allocation_created_by`, `office_bank_project_allocation_last_modified_date`, `office_bank_project_allocation_last_modified_by`, `fk_approval_id`, `fk_status_id`) VALUES
(7,	'Head Office Account 1 UG001 Funder 1 Project 1 Allocation',	'OFON-49166',	1,	20,	'2020-06-26',	1,	'2020-06-26 16:16:39',	1,	860,	103),
(10,	'HQ Account 2 FP12',	'OFON-83571',	2,	22,	'2020-06-26',	1,	'2020-06-26 16:26:51',	1,	869,	103);

DROP TABLE IF EXISTS `office_cash`;
CREATE TABLE `office_cash` (
  `office_cash_id` int(100) NOT NULL AUTO_INCREMENT,
  `office_cash_name` varchar(100) NOT NULL,
  `office_cash_track_number` varchar(100) NOT NULL,
  `fk_account_system_id` int(100) NOT NULL,
  `office_cash_is_active` int(5) NOT NULL DEFAULT '1',
  `office_cash_created_by` int(100) NOT NULL,
  `office_cash_created_date` date NOT NULL,
  `office_cash_last_modified_by` int(100) NOT NULL,
  `office_cash_last_modified_date` timestamp NOT NULL DEFAULT CURRENT_TIMESTAMP,
  `fk_approval_id` int(100) DEFAULT NULL,
  `fk_status_id` int(100) DEFAULT NULL,
  PRIMARY KEY (`office_cash_id`)
) ENGINE=InnoDB DEFAULT CHARSET=latin1;

INSERT INTO `office_cash` (`office_cash_id`, `office_cash_name`, `office_cash_track_number`, `fk_account_system_id`, `office_cash_is_active`, `office_cash_created_by`, `office_cash_created_date`, `office_cash_last_modified_by`, `office_cash_last_modified_date`, `fk_approval_id`, `fk_status_id`) VALUES
(1,	'Petty Cash',	'OFSH-19493',	1,	1,	1,	'2020-06-13',	1,	'2020-06-13 09:30:51',	717,	106),
(2,	'M-Pesa Cash',	'OFSH-20158',	1,	1,	1,	'2020-06-13',	1,	'2020-06-13 09:31:29',	718,	106),
(3,	'Airtel Money',	'OFSH-45312',	1,	1,	1,	'2020-06-13',	1,	'2020-06-13 15:47:55',	726,	106),
(4,	'Staff Advances',	'OFSH-33764',	1,	1,	1,	'2020-06-30',	1,	'2020-06-30 15:23:37',	917,	106);

DROP TABLE IF EXISTS `opening_allocation_balance`;
CREATE TABLE `opening_allocation_balance` (
  `opening_allocation_balance_id` int(100) NOT NULL AUTO_INCREMENT,
  `fk_system_opening_balance_id` int(100) NOT NULL,
  `opening_allocation_balance_track_number` varchar(100) NOT NULL,
  `opening_allocation_balance_name` varchar(100) NOT NULL,
  `fk_project_allocation_id` int(100) NOT NULL,
  `opening_allocation_balance_amount` decimal(10,2) NOT NULL,
  `opening_allocation_balance_created_date` date DEFAULT NULL,
  `opening_allocation_balance_created_by` int(100) DEFAULT NULL,
  `opening_allocation_balance_last_modified_by` int(100) DEFAULT NULL,
  `opening_allocation_balance_last_modified_date` date DEFAULT NULL,
  `fk_approval_id` int(100) DEFAULT NULL,
  `fk_status_id` int(100) DEFAULT NULL,
  PRIMARY KEY (`opening_allocation_balance_id`),
  KEY `system_opening_balance_id` (`fk_system_opening_balance_id`),
  KEY `fk_project_allocation_id` (`fk_project_allocation_id`),
  CONSTRAINT `opening_allocation_balance_ibfk_1` FOREIGN KEY (`fk_system_opening_balance_id`) REFERENCES `system_opening_balance` (`system_opening_balance_id`),
  CONSTRAINT `opening_allocation_balance_ibfk_2` FOREIGN KEY (`fk_project_allocation_id`) REFERENCES `project_allocation` (`project_allocation_id`)
) ENGINE=InnoDB DEFAULT CHARSET=latin1;

INSERT INTO `opening_allocation_balance` (`opening_allocation_balance_id`, `fk_system_opening_balance_id`, `opening_allocation_balance_track_number`, `opening_allocation_balance_name`, `fk_project_allocation_id`, `opening_allocation_balance_amount`, `opening_allocation_balance_created_date`, `opening_allocation_balance_created_by`, `opening_allocation_balance_last_modified_by`, `opening_allocation_balance_last_modified_date`, `fk_approval_id`, `fk_status_id`) VALUES
(1,	3,	'OPCE-19939',	'UG001 Funder 1 Project 1 Allocation Opening Balance',	20,	560000.00,	'2020-06-26',	1,	1,	NULL,	857,	42),
(2,	3,	'OPCE-50245',	'UG001 Funder 1 Project 2 Allocation Opening Balance',	22,	1200000.00,	'2020-06-26',	1,	1,	NULL,	858,	42);

DROP TABLE IF EXISTS `opening_bank_balance`;
CREATE TABLE `opening_bank_balance` (
  `opening_bank_balance_id` int(100) NOT NULL AUTO_INCREMENT,
  `fk_system_opening_balance_id` int(100) NOT NULL,
  `opening_bank_balance_track_number` varchar(100) NOT NULL,
  `opening_bank_balance_name` varchar(100) NOT NULL,
  `opening_bank_balance_amount` int(100) NOT NULL,
  `fk_office_bank_id` int(100) NOT NULL,
  `opening_bank_balance_created_date` date NOT NULL,
  `opening_bank_balance_created_by` int(100) NOT NULL,
  `opening_bank_balance_last_modified_date` timestamp NOT NULL DEFAULT CURRENT_TIMESTAMP,
  `opening_bank_balance_last_modified_by` int(100) NOT NULL,
  `fk_status_id` int(100) NOT NULL,
  `fk_approval_id` int(100) NOT NULL,
  PRIMARY KEY (`opening_bank_balance_id`)
) ENGINE=InnoDB DEFAULT CHARSET=latin1;

INSERT INTO `opening_bank_balance` (`opening_bank_balance_id`, `fk_system_opening_balance_id`, `opening_bank_balance_track_number`, `opening_bank_balance_name`, `opening_bank_balance_amount`, `fk_office_bank_id`, `opening_bank_balance_created_date`, `opening_bank_balance_created_by`, `opening_bank_balance_last_modified_date`, `opening_bank_balance_last_modified_by`, `fk_status_id`, `fk_approval_id`) VALUES
(2,	3,	'OPCE-24204',	'Head Office Account 1',	345600,	1,	'2020-05-10',	1,	'2020-05-10 18:25:56',	1,	81,	488),
(3,	3,	'OPCE-22174',	'Head Office Account 2 Balance',	124900,	2,	'2020-05-10',	1,	'2020-05-10 18:26:32',	1,	81,	489),
(4,	3,	'OPCE-5495',	'Head Office Account 3',	0,	3,	'2020-05-11',	1,	'2020-05-11 06:33:24',	1,	81,	494);

DROP TABLE IF EXISTS `opening_cash_balance`;
CREATE TABLE `opening_cash_balance` (
  `opening_cash_balance_id` int(100) NOT NULL AUTO_INCREMENT,
  `opening_cash_balance_track_number` varchar(100) NOT NULL,
  `opening_cash_balance_name` varchar(100) NOT NULL,
  `fk_system_opening_balance_id` int(100) NOT NULL,
  `fk_office_bank_id` int(100) NOT NULL,
  `fk_office_cash_id` int(100) NOT NULL,
  `opening_cash_balance_amount` decimal(10,2) NOT NULL,
  `opening_cash_balance_created_date` date DEFAULT NULL,
  `opening_cash_balance_created_by` int(100) DEFAULT NULL,
  `opening_cash_balance_last_modified_by` int(100) DEFAULT NULL,
  `opening_cash_balance_last_modified_date` date DEFAULT NULL,
  `fk_approval_id` int(100) DEFAULT NULL,
  `fk_status_id` int(100) DEFAULT NULL,
  PRIMARY KEY (`opening_cash_balance_id`),
  KEY `fk_system_opening_balance_id` (`fk_system_opening_balance_id`),
  KEY `fk_office_bank_id` (`fk_office_bank_id`),
  KEY `fk_office_cash_id` (`fk_office_cash_id`),
  CONSTRAINT `opening_cash_balance_ibfk_1` FOREIGN KEY (`fk_system_opening_balance_id`) REFERENCES `system_opening_balance` (`system_opening_balance_id`),
  CONSTRAINT `opening_cash_balance_ibfk_2` FOREIGN KEY (`fk_office_bank_id`) REFERENCES `office_bank` (`office_bank_id`),
  CONSTRAINT `opening_cash_balance_ibfk_3` FOREIGN KEY (`fk_office_cash_id`) REFERENCES `office_cash` (`office_cash_id`)
) ENGINE=InnoDB DEFAULT CHARSET=latin1;

INSERT INTO `opening_cash_balance` (`opening_cash_balance_id`, `opening_cash_balance_track_number`, `opening_cash_balance_name`, `fk_system_opening_balance_id`, `fk_office_bank_id`, `fk_office_cash_id`, `opening_cash_balance_amount`, `opening_cash_balance_created_date`, `opening_cash_balance_created_by`, `opening_cash_balance_last_modified_by`, `opening_cash_balance_last_modified_date`, `fk_approval_id`, `fk_status_id`) VALUES
(3,	'OPCE-64181',	'Head Office Account 1 Petty Cash Balance',	3,	1,	1,	12500.00,	'2020-06-13',	1,	1,	NULL,	719,	43),
(4,	'OPCE-75898',	'Head Office Account 1 M-Pesa',	3,	1,	2,	8500.00,	'2020-06-13',	1,	1,	NULL,	720,	43),
(5,	'OPCE-58620',	'Head Office Account 2 Petty Cash',	3,	2,	1,	2800.00,	'2020-06-13',	1,	1,	NULL,	721,	43),
(6,	'OPCE-61720',	'Head office account 1 Airtel Money',	3,	1,	3,	14300.00,	'2020-06-13',	1,	1,	NULL,	727,	43),
(7,	'OPCE-56470',	'Head Office Barclays Bank Account Petty Cash',	3,	3,	1,	9600.00,	'2020-06-13',	1,	1,	NULL,	728,	43),
(8,	'OPCE-38467',	'Head Office Account 2 M-Pesa',	3,	2,	2,	1500.00,	'2020-06-13',	1,	1,	NULL,	729,	43);

DROP TABLE IF EXISTS `opening_deposit_transit`;
CREATE TABLE `opening_deposit_transit` (
  `opening_deposit_transit_id` int(100) NOT NULL AUTO_INCREMENT,
  `opening_deposit_transit_track_number` varchar(100) NOT NULL,
  `opening_deposit_transit_name` varchar(100) NOT NULL,
  `fk_system_opening_balance_id` int(100) NOT NULL,
  `fk_office_bank_id` int(100) NOT NULL,
  `opening_deposit_transit_date` date NOT NULL,
  `opening_deposit_transit_description` longtext NOT NULL,
  `opening_deposit_transit_amount` decimal(10,2) NOT NULL,
  `opening_deposit_transit_is_cleared` int(5) NOT NULL DEFAULT '0',
  `opening_deposit_transit_cleared_date` date NOT NULL,
  `opening_deposit_transit_created_date` date DEFAULT NULL,
  `opening_deposit_transit_created_by` int(100) DEFAULT NULL,
  `opening_deposit_transit_last_modified_by` int(100) DEFAULT NULL,
  `opening_deposit_transit_last_modified_date` date DEFAULT NULL,
  `fk_approval_id` int(100) DEFAULT NULL,
  `fk_status_id` int(100) DEFAULT NULL,
  PRIMARY KEY (`opening_deposit_transit_id`),
  KEY `fk_system_opening_balance_id` (`fk_system_opening_balance_id`),
  CONSTRAINT `opening_deposit_transit_ibfk_1` FOREIGN KEY (`fk_system_opening_balance_id`) REFERENCES `system_opening_balance` (`system_opening_balance_id`)
) ENGINE=InnoDB DEFAULT CHARSET=latin1;


DROP TABLE IF EXISTS `opening_fund_balance`;
CREATE TABLE `opening_fund_balance` (
  `opening_fund_balance_id` int(100) NOT NULL AUTO_INCREMENT,
  `fk_system_opening_balance_id` int(100) NOT NULL,
  `opening_fund_balance_track_number` varchar(100) NOT NULL,
  `opening_fund_balance_name` varchar(100) NOT NULL,
  `fk_income_account_id` int(11) NOT NULL,
  `opening_fund_balance_amount` decimal(10,2) NOT NULL,
  `opening_fund_balance_created_date` date DEFAULT NULL,
  `opening_fund_balance_created_by` int(100) DEFAULT NULL,
  `opening_fund_balance_last_modified_by` int(100) DEFAULT NULL,
  `opening_fund_balance_last_modified_date` date DEFAULT NULL,
  `fk_approval_id` int(100) DEFAULT NULL,
  `fk_status_id` int(100) DEFAULT NULL,
  PRIMARY KEY (`opening_fund_balance_id`),
  KEY `fk_system_opening_balance_id` (`fk_system_opening_balance_id`),
  KEY `fk_income_account_id` (`fk_income_account_id`),
  CONSTRAINT `opening_fund_balance_ibfk_1` FOREIGN KEY (`fk_system_opening_balance_id`) REFERENCES `system_opening_balance` (`system_opening_balance_id`),
  CONSTRAINT `opening_fund_balance_ibfk_2` FOREIGN KEY (`fk_income_account_id`) REFERENCES `income_account` (`income_account_id`)
) ENGINE=InnoDB DEFAULT CHARSET=latin1;

INSERT INTO `opening_fund_balance` (`opening_fund_balance_id`, `fk_system_opening_balance_id`, `opening_fund_balance_track_number`, `opening_fund_balance_name`, `fk_income_account_id`, `opening_fund_balance_amount`, `opening_fund_balance_created_date`, `opening_fund_balance_created_by`, `opening_fund_balance_last_modified_by`, `opening_fund_balance_last_modified_date`, `fk_approval_id`, `fk_status_id`) VALUES
(2,	3,	'OPCE-35536',	'Head Office Opening Fund Balance',	2,	841900.00,	'2020-06-22',	1,	1,	NULL,	845,	45);

DROP TABLE IF EXISTS `opening_outstanding_cheque`;
CREATE TABLE `opening_outstanding_cheque` (
  `opening_outstanding_cheque_id` int(100) NOT NULL AUTO_INCREMENT,
  `opening_outstanding_cheque_name` varchar(100) NOT NULL,
  `opening_outstanding_cheque_track_number` varchar(100) NOT NULL,
  `opening_outstanding_cheque_description` longtext NOT NULL,
  `opening_outstanding_cheque_date` date NOT NULL,
  `fk_system_opening_balance_id` int(100) NOT NULL,
  `fk_office_bank_id` int(100) NOT NULL,
  `opening_outstanding_cheque_number` int(50) NOT NULL,
  `opening_outstanding_cheque_amount` decimal(10,2) NOT NULL,
  `opening_outstanding_cheque_is_cleared` int(5) NOT NULL DEFAULT '0',
  `opening_outstanding_cheque_cleared_date` date NOT NULL,
  `opening_outstanding_cheque_created_date` date DEFAULT NULL,
  `opening_outstanding_cheque_created_by` int(100) DEFAULT NULL,
  `opening_outstanding_cheque_last_modified_by` int(100) DEFAULT NULL,
  `opening_outstanding_cheque_last_modified_date` date DEFAULT NULL,
  `fk_approval_id` int(100) DEFAULT NULL,
  `fk_status_id` int(100) DEFAULT NULL,
  PRIMARY KEY (`opening_outstanding_cheque_id`),
  KEY `fk_system_opening_balance_id` (`fk_system_opening_balance_id`),
  CONSTRAINT `opening_outstanding_cheque_ibfk_1` FOREIGN KEY (`fk_system_opening_balance_id`) REFERENCES `system_opening_balance` (`system_opening_balance_id`),
  CONSTRAINT `opening_outstanding_cheque_ibfk_2` FOREIGN KEY (`fk_system_opening_balance_id`) REFERENCES `system_opening_balance` (`system_opening_balance_id`)
) ENGINE=InnoDB DEFAULT CHARSET=latin1;


DROP TABLE IF EXISTS `page_view`;
CREATE TABLE `page_view` (
  `page_view_id` int(100) NOT NULL AUTO_INCREMENT,
  `page_view_track_number` varchar(100) NOT NULL,
  `page_view_name` varchar(100) NOT NULL,
  `page_view_description` longtext NOT NULL,
  `fk_menu_id` int(100) NOT NULL,
  `page_view_is_default` int(5) NOT NULL DEFAULT '0' COMMENT 'System Admin default ',
  `page_view_created_date` date NOT NULL,
  `page_view_last_modified_date` timestamp NOT NULL DEFAULT CURRENT_TIMESTAMP,
  `page_view_created_by` int(100) NOT NULL,
  `page_view_last_modified_by` int(100) NOT NULL,
  `fk_approval_id` int(11) NOT NULL,
  `fk_status_id` int(11) NOT NULL,
  PRIMARY KEY (`page_view_id`),
  KEY `fk_approval_id` (`fk_approval_id`),
  KEY `fk_status_id` (`fk_status_id`),
  KEY `fk_menu_id` (`fk_menu_id`),
  CONSTRAINT `page_view_ibfk_1` FOREIGN KEY (`fk_approval_id`) REFERENCES `approval` (`approval_id`),
  CONSTRAINT `page_view_ibfk_2` FOREIGN KEY (`fk_status_id`) REFERENCES `status` (`status_id`),
  CONSTRAINT `page_view_ibfk_3` FOREIGN KEY (`fk_menu_id`) REFERENCES `menu` (`menu_id`)
) ENGINE=InnoDB DEFAULT CHARSET=latin1;


DROP TABLE IF EXISTS `page_view_condition`;
CREATE TABLE `page_view_condition` (
  `page_view_condition_id` int(100) NOT NULL AUTO_INCREMENT,
  `page_view_condition_track_number` varchar(100) NOT NULL,
  `page_view_condition_name` varchar(100) DEFAULT NULL,
  `page_view_condition_field` varchar(100) NOT NULL,
  `page_view_condition_operator` varchar(50) NOT NULL,
  `page_view_condition_value` varchar(100) NOT NULL,
  `fk_page_view_id` int(100) NOT NULL,
  `page_view_condition_created_date` date NOT NULL,
  `page_view_condition_last_modified_date` timestamp NOT NULL DEFAULT CURRENT_TIMESTAMP,
  `page_view_condition_created_by` int(100) NOT NULL,
  `page_view_condition_last_modified_by` int(100) NOT NULL,
  `fk_approval_id` int(11) DEFAULT NULL,
  `fk_status_id` int(11) DEFAULT NULL,
  PRIMARY KEY (`page_view_condition_id`),
  KEY `fk_approval_id` (`fk_approval_id`),
  KEY `fk_status_id` (`fk_status_id`),
  KEY `fk_page_view_id` (`fk_page_view_id`),
  CONSTRAINT `page_view_condition_ibfk_3` FOREIGN KEY (`fk_page_view_id`) REFERENCES `page_view` (`page_view_id`)
) ENGINE=InnoDB DEFAULT CHARSET=latin1;


DROP TABLE IF EXISTS `page_view_role`;
CREATE TABLE `page_view_role` (
  `page_view_role_id` int(100) NOT NULL AUTO_INCREMENT,
  `page_view_role_track_number` varchar(100) NOT NULL,
  `page_view_role_name` varchar(100) DEFAULT NULL,
  `page_view_role_is_default` int(5) DEFAULT '0',
  `fk_page_view_id` int(100) DEFAULT NULL,
  `fk_role_id` int(100) DEFAULT NULL,
  `page_view_role_created_date` date NOT NULL,
  `page_view_role_last_modified_date` timestamp NOT NULL DEFAULT CURRENT_TIMESTAMP,
  `page_view_role_created_by` int(100) NOT NULL,
  `page_view_role_last_modified_by` int(100) NOT NULL,
  `fk_approval_id` int(11) NOT NULL,
  `fk_status_id` int(11) NOT NULL,
  PRIMARY KEY (`page_view_role_id`),
  KEY `fk_page_view_id` (`fk_page_view_id`),
  KEY `fk_role_id` (`fk_role_id`),
  KEY `fk_approval_id` (`fk_approval_id`),
  KEY `fk_status_id` (`fk_status_id`),
  CONSTRAINT `page_view_role_ibfk_1` FOREIGN KEY (`fk_page_view_id`) REFERENCES `page_view` (`page_view_id`),
  CONSTRAINT `page_view_role_ibfk_2` FOREIGN KEY (`fk_role_id`) REFERENCES `role` (`role_id`),
  CONSTRAINT `page_view_role_ibfk_3` FOREIGN KEY (`fk_approval_id`) REFERENCES `approval` (`approval_id`),
  CONSTRAINT `page_view_role_ibfk_4` FOREIGN KEY (`fk_status_id`) REFERENCES `status` (`status_id`)
) ENGINE=InnoDB DEFAULT CHARSET=latin1;


DROP TABLE IF EXISTS `permission`;
CREATE TABLE `permission` (
  `permission_id` int(11) NOT NULL AUTO_INCREMENT,
  `permission_track_number` varchar(100) NOT NULL,
  `permission_name` varchar(100) NOT NULL,
  `permission_description` longtext NOT NULL,
  `permission_is_active` int(5) NOT NULL,
  `fk_permission_label_id` int(100) NOT NULL,
  `permission_type` int(5) NOT NULL DEFAULT '1' COMMENT 'Type 1 = Page Access, 2 = Field Access',
  `permission_field` varchar(100) NOT NULL,
  `fk_menu_id` int(100) DEFAULT NULL,
  `fk_approval_id` int(11) DEFAULT NULL,
  `fk_status_id` int(11) DEFAULT NULL,
  `permission_created_date` date DEFAULT NULL,
  `permission_created_by` int(100) DEFAULT NULL,
  `permission_deleted_at` date DEFAULT NULL,
  `permission_last_modified_date` timestamp NULL DEFAULT CURRENT_TIMESTAMP,
  `permission_last_modified_by` int(100) DEFAULT NULL,
  PRIMARY KEY (`permission_id`)
) ENGINE=InnoDB DEFAULT CHARSET=latin1;

INSERT INTO `permission` (`permission_id`, `permission_track_number`, `permission_name`, `permission_description`, `permission_is_active`, `fk_permission_label_id`, `permission_type`, `permission_field`, `fk_menu_id`, `fk_approval_id`, `fk_status_id`, `permission_created_date`, `permission_created_by`, `permission_deleted_at`, `permission_last_modified_date`, `permission_last_modified_by`) VALUES
(1,	'PEON-83777',	'Create Account system',	'Create Account system',	1,	1,	1,	'0',	1,	0,	50,	'2020-04-29',	1,	NULL,	'2020-04-29 13:07:18',	1),
(2,	'PEON-68594',	'Read Account system',	'Read Account system',	1,	2,	1,	'0',	1,	0,	50,	'2020-04-29',	1,	NULL,	'2020-04-29 13:07:18',	1),
(3,	'PEON-36789',	'Update Account system',	'Update Account system',	1,	3,	1,	'0',	1,	0,	50,	'2020-04-29',	1,	NULL,	'2020-04-29 13:07:18',	1),
(4,	'PEON-58603',	'Delete Account system',	'Delete Account system',	1,	4,	1,	'0',	1,	0,	50,	'2020-04-29',	1,	NULL,	'2020-04-29 13:07:18',	1),
(5,	'PEON-28409',	'Create Approval',	'Create Approval',	1,	1,	1,	'0',	2,	0,	50,	'2020-04-29',	1,	NULL,	'2020-04-29 13:07:18',	1),
(6,	'PEON-82351',	'Read Approval',	'Read Approval',	1,	2,	1,	'0',	2,	0,	50,	'2020-04-29',	1,	NULL,	'2020-04-29 13:07:18',	1),
(7,	'PEON-9078',	'Update Approval',	'Update Approval',	1,	3,	1,	'0',	2,	0,	50,	'2020-04-29',	1,	NULL,	'2020-04-29 13:07:18',	1),
(8,	'PEON-12826',	'Delete Approval',	'Delete Approval',	1,	4,	1,	'0',	2,	0,	50,	'2020-04-29',	1,	NULL,	'2020-04-29 13:07:18',	1),
(9,	'PEON-39000',	'Create Approval flow',	'Create Approval flow',	1,	1,	1,	'0',	3,	0,	50,	'2020-04-29',	1,	NULL,	'2020-04-29 13:07:18',	1),
(10,	'PEON-43856',	'Read Approval flow',	'Read Approval flow',	1,	2,	1,	'0',	3,	0,	50,	'2020-04-29',	1,	NULL,	'2020-04-29 13:07:18',	1),
(11,	'PEON-73162',	'Update Approval flow',	'Update Approval flow',	1,	3,	1,	'0',	3,	0,	50,	'2020-04-29',	1,	NULL,	'2020-04-29 13:07:18',	1),
(12,	'PEON-72403',	'Delete Approval flow',	'Delete Approval flow',	1,	4,	1,	'0',	3,	0,	50,	'2020-04-29',	1,	NULL,	'2020-04-29 13:07:18',	1),
(13,	'PEON-7580',	'Create Approve item',	'Create Approve item',	1,	1,	1,	'0',	4,	0,	50,	'2020-04-29',	1,	NULL,	'2020-04-29 13:07:18',	1),
(14,	'PEON-85018',	'Read Approve item',	'Read Approve item',	1,	2,	1,	'0',	4,	0,	50,	'2020-04-29',	1,	NULL,	'2020-04-29 13:07:18',	1),
(15,	'PEON-17359',	'Update Approve item',	'Update Approve item',	1,	3,	1,	'0',	4,	0,	50,	'2020-04-29',	1,	NULL,	'2020-04-29 13:07:18',	1),
(16,	'PEON-41033',	'Delete Approve item',	'Delete Approve item',	1,	4,	1,	'0',	4,	0,	50,	'2020-04-29',	1,	NULL,	'2020-04-29 13:07:18',	1),
(17,	'PEON-68458',	'Create Bank',	'Create Bank',	1,	1,	1,	'0',	5,	0,	50,	'2020-04-29',	1,	NULL,	'2020-04-29 13:07:18',	1),
(18,	'PEON-81102',	'Read Bank',	'Read Bank',	1,	2,	1,	'0',	5,	0,	50,	'2020-04-29',	1,	NULL,	'2020-04-29 13:07:18',	1),
(19,	'PEON-47209',	'Update Bank',	'Update Bank',	1,	3,	1,	'0',	5,	0,	50,	'2020-04-29',	1,	NULL,	'2020-04-29 13:07:18',	1),
(20,	'PEON-13687',	'Delete Bank',	'Delete Bank',	1,	4,	1,	'0',	5,	0,	50,	'2020-04-29',	1,	NULL,	'2020-04-29 13:07:18',	1),
(21,	'PEON-70574',	'Create Bank branch',	'Create Bank branch',	1,	1,	1,	'0',	6,	0,	50,	'2020-04-29',	1,	NULL,	'2020-04-29 13:07:18',	1),
(22,	'PEON-53404',	'Read Bank branch',	'Read Bank branch',	1,	2,	1,	'0',	6,	0,	50,	'2020-04-29',	1,	NULL,	'2020-04-29 13:07:18',	1),
(23,	'PEON-5217',	'Update Bank branch',	'Update Bank branch',	1,	3,	1,	'0',	6,	0,	50,	'2020-04-29',	1,	NULL,	'2020-04-29 13:07:18',	1),
(24,	'PEON-69469',	'Delete Bank branch',	'Delete Bank branch',	1,	4,	1,	'0',	6,	0,	50,	'2020-04-29',	1,	NULL,	'2020-04-29 13:07:18',	1),
(25,	'PEON-19822',	'Create Budget',	'Create Budget',	1,	1,	1,	'0',	7,	0,	50,	'2020-04-29',	1,	NULL,	'2020-04-29 13:07:18',	1),
(26,	'PEON-36555',	'Read Budget',	'Read Budget',	1,	2,	1,	'0',	7,	0,	50,	'2020-04-29',	1,	NULL,	'2020-04-29 13:07:18',	1),
(27,	'PEON-54864',	'Update Budget',	'Update Budget',	1,	3,	1,	'0',	7,	0,	50,	'2020-04-29',	1,	NULL,	'2020-04-29 13:07:18',	1),
(28,	'PEON-2224',	'Delete Budget',	'Delete Budget',	1,	4,	1,	'0',	7,	0,	50,	'2020-04-29',	1,	NULL,	'2020-04-29 13:07:18',	1),
(29,	'PEON-10633',	'Create Budget item',	'Create Budget item',	1,	1,	1,	'0',	8,	0,	50,	'2020-04-29',	1,	NULL,	'2020-04-29 13:07:18',	1),
(30,	'PEON-70576',	'Read Budget item',	'Read Budget item',	1,	2,	1,	'0',	8,	0,	50,	'2020-04-29',	1,	NULL,	'2020-04-29 13:07:18',	1),
(31,	'PEON-65298',	'Update Budget item',	'Update Budget item',	1,	3,	1,	'0',	8,	0,	50,	'2020-04-29',	1,	NULL,	'2020-04-29 13:07:18',	1),
(32,	'PEON-65318',	'Delete Budget item',	'Delete Budget item',	1,	4,	1,	'0',	8,	0,	50,	'2020-04-29',	1,	NULL,	'2020-04-29 13:07:18',	1),
(33,	'PEON-2876',	'Create Context center',	'Create Context center',	1,	1,	1,	'0',	9,	0,	50,	'2020-04-29',	1,	NULL,	'2020-04-29 13:07:18',	1),
(34,	'PEON-74335',	'Read Context center',	'Read Context center',	1,	2,	1,	'0',	9,	0,	50,	'2020-04-29',	1,	NULL,	'2020-04-29 13:07:18',	1),
(35,	'PEON-50171',	'Update Context center',	'Update Context center',	1,	3,	1,	'0',	9,	0,	50,	'2020-04-29',	1,	NULL,	'2020-04-29 13:07:18',	1),
(36,	'PEON-89569',	'Delete Context center',	'Delete Context center',	1,	4,	1,	'0',	9,	0,	50,	'2020-04-29',	1,	NULL,	'2020-04-29 13:07:18',	1),
(37,	'PEON-65712',	'Create Context center user',	'Create Context center user',	1,	1,	1,	'0',	10,	0,	50,	'2020-04-29',	1,	NULL,	'2020-04-29 13:07:18',	1),
(38,	'PEON-19510',	'Read Context center user',	'Read Context center user',	1,	2,	1,	'0',	10,	0,	50,	'2020-04-29',	1,	NULL,	'2020-04-29 13:07:18',	1),
(39,	'PEON-28654',	'Update Context center user',	'Update Context center user',	1,	3,	1,	'0',	10,	0,	50,	'2020-04-29',	1,	NULL,	'2020-04-29 13:07:18',	1),
(40,	'PEON-4860',	'Delete Context center user',	'Delete Context center user',	1,	4,	1,	'0',	10,	0,	50,	'2020-04-29',	1,	NULL,	'2020-04-29 13:07:18',	1),
(41,	'PEON-73408',	'Create Context cluster',	'Create Context cluster',	1,	1,	1,	'0',	11,	0,	50,	'2020-04-29',	1,	NULL,	'2020-04-29 13:07:18',	1),
(42,	'PEON-9622',	'Read Context cluster',	'Read Context cluster',	1,	2,	1,	'0',	11,	0,	50,	'2020-04-29',	1,	NULL,	'2020-04-29 13:07:18',	1),
(43,	'PEON-53311',	'Update Context cluster',	'Update Context cluster',	1,	3,	1,	'0',	11,	0,	50,	'2020-04-29',	1,	NULL,	'2020-04-29 13:07:18',	1),
(44,	'PEON-16846',	'Delete Context cluster',	'Delete Context cluster',	1,	4,	1,	'0',	11,	0,	50,	'2020-04-29',	1,	NULL,	'2020-04-29 13:07:18',	1),
(45,	'PEON-32952',	'Create Context cluster user',	'Create Context cluster user',	1,	1,	1,	'0',	12,	0,	50,	'2020-04-29',	1,	NULL,	'2020-04-29 13:07:18',	1),
(46,	'PEON-4712',	'Read Context cluster user',	'Read Context cluster user',	1,	2,	1,	'0',	12,	0,	50,	'2020-04-29',	1,	NULL,	'2020-04-29 13:07:18',	1),
(47,	'PEON-29125',	'Update Context cluster user',	'Update Context cluster user',	1,	3,	1,	'0',	12,	0,	50,	'2020-04-29',	1,	NULL,	'2020-04-29 13:07:18',	1),
(48,	'PEON-17382',	'Delete Context cluster user',	'Delete Context cluster user',	1,	4,	1,	'0',	12,	0,	50,	'2020-04-29',	1,	NULL,	'2020-04-29 13:07:18',	1),
(49,	'PEON-14372',	'Create Context cohort',	'Create Context cohort',	1,	1,	1,	'0',	13,	0,	50,	'2020-04-29',	1,	NULL,	'2020-04-29 13:07:18',	1),
(50,	'PEON-47589',	'Read Context cohort',	'Read Context cohort',	1,	2,	1,	'0',	13,	0,	50,	'2020-04-29',	1,	NULL,	'2020-04-29 13:07:18',	1),
(51,	'PEON-46674',	'Update Context cohort',	'Update Context cohort',	1,	3,	1,	'0',	13,	0,	50,	'2020-04-29',	1,	NULL,	'2020-04-29 13:07:18',	1),
(52,	'PEON-71546',	'Delete Context cohort',	'Delete Context cohort',	1,	4,	1,	'0',	13,	0,	50,	'2020-04-29',	1,	NULL,	'2020-04-29 13:07:18',	1),
(53,	'PEON-83314',	'Create Context cohort user',	'Create Context cohort user',	1,	1,	1,	'0',	14,	0,	50,	'2020-04-29',	1,	NULL,	'2020-04-29 13:07:18',	1),
(54,	'PEON-18047',	'Read Context cohort user',	'Read Context cohort user',	1,	2,	1,	'0',	14,	0,	50,	'2020-04-29',	1,	NULL,	'2020-04-29 13:07:18',	1),
(55,	'PEON-33448',	'Update Context cohort user',	'Update Context cohort user',	1,	3,	1,	'0',	14,	0,	50,	'2020-04-29',	1,	NULL,	'2020-04-29 13:07:18',	1),
(56,	'PEON-78456',	'Delete Context cohort user',	'Delete Context cohort user',	1,	4,	1,	'0',	14,	0,	50,	'2020-04-29',	1,	NULL,	'2020-04-29 13:07:18',	1),
(57,	'PEON-47299',	'Create Context country',	'Create Context country',	1,	1,	1,	'0',	15,	0,	50,	'2020-04-29',	1,	NULL,	'2020-04-29 13:07:18',	1),
(58,	'PEON-30534',	'Read Context country',	'Read Context country',	1,	2,	1,	'0',	15,	0,	50,	'2020-04-29',	1,	NULL,	'2020-04-29 13:07:18',	1),
(59,	'PEON-33468',	'Update Context country',	'Update Context country',	1,	3,	1,	'0',	15,	0,	50,	'2020-04-29',	1,	NULL,	'2020-04-29 13:07:18',	1),
(60,	'PEON-7950',	'Delete Context country',	'Delete Context country',	1,	4,	1,	'0',	15,	0,	50,	'2020-04-29',	1,	NULL,	'2020-04-29 13:07:18',	1),
(61,	'PEON-15258',	'Create Context country user',	'Create Context country user',	1,	1,	1,	'0',	16,	0,	50,	'2020-04-29',	1,	NULL,	'2020-04-29 13:07:18',	1),
(62,	'PEON-79513',	'Read Context country user',	'Read Context country user',	1,	2,	1,	'0',	16,	0,	50,	'2020-04-29',	1,	NULL,	'2020-04-29 13:07:18',	1),
(63,	'PEON-61353',	'Update Context country user',	'Update Context country user',	1,	3,	1,	'0',	16,	0,	50,	'2020-04-29',	1,	NULL,	'2020-04-29 13:07:18',	1),
(64,	'PEON-72889',	'Delete Context country user',	'Delete Context country user',	1,	4,	1,	'0',	16,	0,	50,	'2020-04-29',	1,	NULL,	'2020-04-29 13:07:18',	1),
(65,	'PEON-48037',	'Create Context definition',	'Create Context definition',	1,	1,	1,	'0',	17,	0,	50,	'2020-04-29',	1,	NULL,	'2020-04-29 13:07:18',	1),
(66,	'PEON-81789',	'Read Context definition',	'Read Context definition',	1,	2,	1,	'0',	17,	0,	50,	'2020-04-29',	1,	NULL,	'2020-04-29 13:07:18',	1),
(67,	'PEON-88053',	'Update Context definition',	'Update Context definition',	1,	3,	1,	'0',	17,	0,	50,	'2020-04-29',	1,	NULL,	'2020-04-29 13:07:18',	1),
(68,	'PEON-36279',	'Delete Context definition',	'Delete Context definition',	1,	4,	1,	'0',	17,	0,	50,	'2020-04-29',	1,	NULL,	'2020-04-29 13:07:18',	1),
(69,	'PEON-9364',	'Create Context region',	'Create Context region',	1,	1,	1,	'0',	18,	0,	50,	'2020-04-29',	1,	NULL,	'2020-04-29 13:07:18',	1),
(70,	'PEON-66901',	'Read Context region',	'Read Context region',	1,	2,	1,	'0',	18,	0,	50,	'2020-04-29',	1,	NULL,	'2020-04-29 13:07:18',	1),
(71,	'PEON-34641',	'Update Context region',	'Update Context region',	1,	3,	1,	'0',	18,	0,	50,	'2020-04-29',	1,	NULL,	'2020-04-29 13:07:18',	1),
(72,	'PEON-24254',	'Delete Context region',	'Delete Context region',	1,	4,	1,	'0',	18,	0,	50,	'2020-04-29',	1,	NULL,	'2020-04-29 13:07:18',	1),
(73,	'PEON-47444',	'Create Context region user',	'Create Context region user',	1,	1,	1,	'0',	19,	0,	50,	'2020-04-29',	1,	NULL,	'2020-04-29 13:07:18',	1),
(74,	'PEON-32553',	'Read Context region user',	'Read Context region user',	1,	2,	1,	'0',	19,	0,	50,	'2020-04-29',	1,	NULL,	'2020-04-29 13:07:18',	1),
(75,	'PEON-27460',	'Update Context region user',	'Update Context region user',	1,	3,	1,	'0',	19,	0,	50,	'2020-04-29',	1,	NULL,	'2020-04-29 13:07:18',	1),
(76,	'PEON-57261',	'Delete Context region user',	'Delete Context region user',	1,	4,	1,	'0',	19,	0,	50,	'2020-04-29',	1,	NULL,	'2020-04-29 13:07:18',	1),
(77,	'PEON-84707',	'Create Contra account',	'Create Contra account',	1,	1,	1,	'0',	20,	0,	50,	'2020-04-29',	1,	NULL,	'2020-04-29 13:07:18',	1),
(78,	'PEON-84988',	'Read Contra account',	'Read Contra account',	1,	2,	1,	'0',	20,	0,	50,	'2020-04-29',	1,	NULL,	'2020-04-29 13:07:18',	1),
(79,	'PEON-24813',	'Update Contra account',	'Update Contra account',	1,	3,	1,	'0',	20,	0,	50,	'2020-04-29',	1,	NULL,	'2020-04-29 13:07:18',	1),
(80,	'PEON-9231',	'Delete Contra account',	'Delete Contra account',	1,	4,	1,	'0',	20,	0,	50,	'2020-04-29',	1,	NULL,	'2020-04-29 13:07:18',	1),
(81,	'PEON-42352',	'Create Dashboard',	'Create Dashboard',	1,	1,	1,	'0',	21,	0,	50,	'2020-04-29',	1,	NULL,	'2020-04-29 13:07:18',	1),
(82,	'PEON-17457',	'Read Dashboard',	'Read Dashboard',	1,	2,	1,	'0',	21,	0,	50,	'2020-04-29',	1,	NULL,	'2020-04-29 13:07:18',	1),
(83,	'PEON-49402',	'Update Dashboard',	'Update Dashboard',	1,	3,	1,	'0',	21,	0,	50,	'2020-04-29',	1,	NULL,	'2020-04-29 13:07:18',	1),
(84,	'PEON-55015',	'Delete Dashboard',	'Delete Dashboard',	1,	4,	1,	'0',	21,	0,	50,	'2020-04-29',	1,	NULL,	'2020-04-29 13:07:18',	1),
(85,	'PEON-12335',	'Create Department',	'Create Department',	1,	1,	1,	'0',	22,	0,	50,	'2020-04-29',	1,	NULL,	'2020-04-29 13:07:18',	1),
(86,	'PEON-85949',	'Read Department',	'Read Department',	1,	2,	1,	'0',	22,	0,	50,	'2020-04-29',	1,	NULL,	'2020-04-29 13:07:18',	1),
(87,	'PEON-53671',	'Update Department',	'Update Department',	1,	3,	1,	'0',	22,	0,	50,	'2020-04-29',	1,	NULL,	'2020-04-29 13:07:18',	1),
(88,	'PEON-25748',	'Delete Department',	'Delete Department',	1,	4,	1,	'0',	22,	0,	50,	'2020-04-29',	1,	NULL,	'2020-04-29 13:07:18',	1),
(89,	'PEON-76242',	'Create Designation',	'Create Designation',	1,	1,	1,	'0',	23,	0,	50,	'2020-04-29',	1,	NULL,	'2020-04-29 13:07:18',	1),
(90,	'PEON-3799',	'Read Designation',	'Read Designation',	1,	2,	1,	'0',	23,	0,	50,	'2020-04-29',	1,	NULL,	'2020-04-29 13:07:18',	1),
(91,	'PEON-3548',	'Update Designation',	'Update Designation',	1,	3,	1,	'0',	23,	0,	50,	'2020-04-29',	1,	NULL,	'2020-04-29 13:07:18',	1),
(92,	'PEON-74727',	'Delete Designation',	'Delete Designation',	1,	4,	1,	'0',	23,	0,	50,	'2020-04-29',	1,	NULL,	'2020-04-29 13:07:18',	1),
(93,	'PEON-10927',	'Create Expense account',	'Create Expense account',	1,	1,	1,	'0',	24,	0,	50,	'2020-04-29',	1,	NULL,	'2020-04-29 13:07:18',	1),
(94,	'PEON-26932',	'Read Expense account',	'Read Expense account',	1,	2,	1,	'0',	24,	0,	50,	'2020-04-29',	1,	NULL,	'2020-04-29 13:07:18',	1),
(95,	'PEON-30594',	'Update Expense account',	'Update Expense account',	1,	3,	1,	'0',	24,	0,	50,	'2020-04-29',	1,	NULL,	'2020-04-29 13:07:18',	1),
(96,	'PEON-61623',	'Delete Expense account',	'Delete Expense account',	1,	4,	1,	'0',	24,	0,	50,	'2020-04-29',	1,	NULL,	'2020-04-29 13:07:18',	1),
(97,	'PEON-54472',	'Create Financial report',	'Create Financial report',	1,	1,	1,	'0',	25,	0,	50,	'2020-04-29',	1,	NULL,	'2020-04-29 13:07:18',	1),
(98,	'PEON-37139',	'Read Financial report',	'Read Financial report',	1,	2,	1,	'0',	25,	0,	50,	'2020-04-29',	1,	NULL,	'2020-04-29 13:07:18',	1),
(99,	'PEON-3146',	'Update Financial report',	'Update Financial report',	1,	3,	1,	'0',	25,	0,	50,	'2020-04-29',	1,	NULL,	'2020-04-29 13:07:18',	1),
(100,	'PEON-24622',	'Delete Financial report',	'Delete Financial report',	1,	4,	1,	'0',	25,	0,	50,	'2020-04-29',	1,	NULL,	'2020-04-29 13:07:18',	1),
(101,	'PEON-63056',	'Create Funder',	'Create Funder',	1,	1,	1,	'0',	26,	0,	50,	'2020-04-29',	1,	NULL,	'2020-04-29 13:07:18',	1),
(102,	'PEON-75392',	'Read Funder',	'Read Funder',	1,	2,	1,	'0',	26,	0,	50,	'2020-04-29',	1,	NULL,	'2020-04-29 13:07:18',	1),
(103,	'PEON-58321',	'Update Funder',	'Update Funder',	1,	3,	1,	'0',	26,	0,	50,	'2020-04-29',	1,	NULL,	'2020-04-29 13:07:18',	1),
(104,	'PEON-52559',	'Delete Funder',	'Delete Funder',	1,	4,	1,	'0',	26,	0,	50,	'2020-04-29',	1,	NULL,	'2020-04-29 13:07:18',	1),
(105,	'PEON-35729',	'Create Funding status',	'Create Funding status',	1,	1,	1,	'0',	27,	0,	50,	'2020-04-29',	1,	NULL,	'2020-04-29 13:07:18',	1),
(106,	'PEON-17745',	'Read Funding status',	'Read Funding status',	1,	2,	1,	'0',	27,	0,	50,	'2020-04-29',	1,	NULL,	'2020-04-29 13:07:18',	1),
(107,	'PEON-36673',	'Update Funding status',	'Update Funding status',	1,	3,	1,	'0',	27,	0,	50,	'2020-04-29',	1,	NULL,	'2020-04-29 13:07:18',	1),
(108,	'PEON-89769',	'Delete Funding status',	'Delete Funding status',	1,	4,	1,	'0',	27,	0,	50,	'2020-04-29',	1,	NULL,	'2020-04-29 13:07:18',	1),
(109,	'PEON-86489',	'Create History',	'Create History',	1,	1,	1,	'0',	28,	0,	50,	'2020-04-29',	1,	NULL,	'2020-04-29 13:07:18',	1),
(110,	'PEON-35676',	'Read History',	'Read History',	1,	2,	1,	'0',	28,	0,	50,	'2020-04-29',	1,	NULL,	'2020-04-29 13:07:18',	1),
(111,	'PEON-77506',	'Update History',	'Update History',	1,	3,	1,	'0',	28,	0,	50,	'2020-04-29',	1,	NULL,	'2020-04-29 13:07:18',	1),
(112,	'PEON-60931',	'Delete History',	'Delete History',	1,	4,	1,	'0',	28,	0,	50,	'2020-04-29',	1,	NULL,	'2020-04-29 13:07:18',	1),
(113,	'PEON-82820',	'Create Income account',	'Create Income account',	1,	1,	1,	'0',	29,	0,	50,	'2020-04-29',	1,	NULL,	'2020-04-29 13:07:18',	1),
(114,	'PEON-37259',	'Read Income account',	'Read Income account',	1,	2,	1,	'0',	29,	0,	50,	'2020-04-29',	1,	NULL,	'2020-04-29 13:07:18',	1),
(115,	'PEON-32173',	'Update Income account',	'Update Income account',	1,	3,	1,	'0',	29,	0,	50,	'2020-04-29',	1,	NULL,	'2020-04-29 13:07:18',	1),
(116,	'PEON-36113',	'Delete Income account',	'Delete Income account',	1,	4,	1,	'0',	29,	0,	50,	'2020-04-29',	1,	NULL,	'2020-04-29 13:07:18',	1),
(117,	'PEON-33544',	'Create Journal',	'Create Journal',	1,	1,	1,	'0',	30,	0,	50,	'2020-04-29',	1,	NULL,	'2020-04-29 13:07:18',	1),
(118,	'PEON-27821',	'Read Journal',	'Read Journal',	1,	2,	1,	'0',	30,	0,	50,	'2020-04-29',	1,	NULL,	'2020-04-29 13:07:18',	1),
(119,	'PEON-87299',	'Update Journal',	'Update Journal',	1,	3,	1,	'0',	30,	0,	50,	'2020-04-29',	1,	NULL,	'2020-04-29 13:07:18',	1),
(120,	'PEON-77973',	'Delete Journal',	'Delete Journal',	1,	4,	1,	'0',	30,	0,	50,	'2020-04-29',	1,	NULL,	'2020-04-29 13:07:18',	1),
(121,	'PEON-64023',	'Create Language',	'Create Language',	1,	1,	1,	'0',	31,	0,	50,	'2020-04-29',	1,	NULL,	'2020-04-29 13:07:18',	1),
(122,	'PEON-63366',	'Read Language',	'Read Language',	1,	2,	1,	'0',	31,	0,	50,	'2020-04-29',	1,	NULL,	'2020-04-29 13:07:18',	1),
(123,	'PEON-73142',	'Update Language',	'Update Language',	1,	3,	1,	'0',	31,	0,	50,	'2020-04-29',	1,	NULL,	'2020-04-29 13:07:18',	1),
(124,	'PEON-27025',	'Delete Language',	'Delete Language',	1,	4,	1,	'0',	31,	0,	50,	'2020-04-29',	1,	NULL,	'2020-04-29 13:07:18',	1),
(125,	'PEON-49845',	'Create Language phrase',	'Create Language phrase',	1,	1,	1,	'0',	32,	0,	50,	'2020-04-29',	1,	NULL,	'2020-04-29 13:07:18',	1),
(126,	'PEON-88989',	'Read Language phrase',	'Read Language phrase',	1,	2,	1,	'0',	32,	0,	50,	'2020-04-29',	1,	NULL,	'2020-04-29 13:07:18',	1),
(127,	'PEON-85591',	'Update Language phrase',	'Update Language phrase',	1,	3,	1,	'0',	32,	0,	50,	'2020-04-29',	1,	NULL,	'2020-04-29 13:07:18',	1),
(128,	'PEON-50044',	'Delete Language phrase',	'Delete Language phrase',	1,	4,	1,	'0',	32,	0,	50,	'2020-04-29',	1,	NULL,	'2020-04-29 13:07:18',	1),
(129,	'PEON-41432',	'Create Menu user order',	'Create Menu user order',	1,	1,	1,	'0',	33,	0,	50,	'2020-04-29',	1,	NULL,	'2020-04-29 13:07:18',	1),
(130,	'PEON-81958',	'Read Menu user order',	'Read Menu user order',	1,	2,	1,	'0',	33,	0,	50,	'2020-04-29',	1,	NULL,	'2020-04-29 13:07:18',	1),
(131,	'PEON-6572',	'Update Menu user order',	'Update Menu user order',	1,	3,	1,	'0',	33,	0,	50,	'2020-04-29',	1,	NULL,	'2020-04-29 13:07:18',	1),
(132,	'PEON-3879',	'Delete Menu user order',	'Delete Menu user order',	1,	4,	1,	'0',	33,	0,	50,	'2020-04-29',	1,	NULL,	'2020-04-29 13:07:18',	1),
(133,	'PEON-16156',	'Create Month',	'Create Month',	1,	1,	1,	'0',	34,	0,	50,	'2020-04-29',	1,	NULL,	'2020-04-29 13:07:18',	1),
(134,	'PEON-69919',	'Read Month',	'Read Month',	1,	2,	1,	'0',	34,	0,	50,	'2020-04-29',	1,	NULL,	'2020-04-29 13:07:18',	1),
(135,	'PEON-29702',	'Update Month',	'Update Month',	1,	3,	1,	'0',	34,	0,	50,	'2020-04-29',	1,	NULL,	'2020-04-29 13:07:18',	1),
(136,	'PEON-74206',	'Delete Month',	'Delete Month',	1,	4,	1,	'0',	34,	0,	50,	'2020-04-29',	1,	NULL,	'2020-04-29 13:07:18',	1),
(137,	'PEON-1728',	'Create Office',	'Create Office',	1,	1,	1,	'0',	35,	0,	50,	'2020-04-29',	1,	NULL,	'2020-04-29 13:07:18',	1),
(138,	'PEON-46373',	'Read Office',	'Read Office',	1,	2,	1,	'0',	35,	0,	50,	'2020-04-29',	1,	NULL,	'2020-04-29 13:07:18',	1),
(139,	'PEON-60162',	'Update Office',	'Update Office',	1,	3,	1,	'0',	35,	0,	50,	'2020-04-29',	1,	NULL,	'2020-04-29 13:07:18',	1),
(140,	'PEON-47379',	'Delete Office',	'Delete Office',	1,	4,	1,	'0',	35,	0,	50,	'2020-04-29',	1,	NULL,	'2020-04-29 13:07:18',	1),
(141,	'PEON-45999',	'Create Office bank',	'Create Office bank',	1,	1,	1,	'0',	36,	0,	50,	'2020-04-29',	1,	NULL,	'2020-04-29 13:07:18',	1),
(142,	'PEON-8733',	'Read Office bank',	'Read Office bank',	1,	2,	1,	'0',	36,	0,	50,	'2020-04-29',	1,	NULL,	'2020-04-29 13:07:18',	1),
(143,	'PEON-36629',	'Update Office bank',	'Update Office bank',	1,	3,	1,	'0',	36,	0,	50,	'2020-04-29',	1,	NULL,	'2020-04-29 13:07:18',	1),
(144,	'PEON-19407',	'Delete Office bank',	'Delete Office bank',	1,	4,	1,	'0',	36,	0,	50,	'2020-04-29',	1,	NULL,	'2020-04-29 13:07:18',	1),
(145,	'PEON-53741',	'Create Page view',	'Create Page view',	1,	1,	1,	'0',	37,	0,	50,	'2020-04-29',	1,	NULL,	'2020-04-29 13:07:18',	1),
(146,	'PEON-72271',	'Read Page view',	'Read Page view',	1,	2,	1,	'0',	37,	0,	50,	'2020-04-29',	1,	NULL,	'2020-04-29 13:07:18',	1),
(147,	'PEON-45955',	'Update Page view',	'Update Page view',	1,	3,	1,	'0',	37,	0,	50,	'2020-04-29',	1,	NULL,	'2020-04-29 13:07:18',	1),
(148,	'PEON-68531',	'Delete Page view',	'Delete Page view',	1,	4,	1,	'0',	37,	0,	50,	'2020-04-29',	1,	NULL,	'2020-04-29 13:07:18',	1),
(149,	'PEON-83777',	'Create Permission label',	'Create Permission label',	1,	1,	1,	'0',	38,	0,	50,	'2020-04-29',	1,	NULL,	'2020-04-29 13:07:18',	1),
(150,	'PEON-40426',	'Read Permission label',	'Read Permission label',	1,	2,	1,	'0',	38,	0,	50,	'2020-04-29',	1,	NULL,	'2020-04-29 13:07:18',	1),
(151,	'PEON-7710',	'Update Permission label',	'Update Permission label',	1,	3,	1,	'0',	38,	0,	50,	'2020-04-29',	1,	NULL,	'2020-04-29 13:07:18',	1),
(152,	'PEON-49606',	'Delete Permission label',	'Delete Permission label',	1,	4,	1,	'0',	38,	0,	50,	'2020-04-29',	1,	NULL,	'2020-04-29 13:07:18',	1),
(153,	'PEON-3329',	'Create Project',	'Create Project',	1,	1,	1,	'0',	39,	0,	50,	'2020-04-29',	1,	NULL,	'2020-04-29 13:07:18',	1),
(154,	'PEON-43435',	'Read Project',	'Read Project',	1,	2,	1,	'0',	39,	0,	50,	'2020-04-29',	1,	NULL,	'2020-04-29 13:07:18',	1),
(155,	'PEON-56822',	'Update Project',	'Update Project',	1,	3,	1,	'0',	39,	0,	50,	'2020-04-29',	1,	NULL,	'2020-04-29 13:07:18',	1),
(156,	'PEON-75964',	'Delete Project',	'Delete Project',	1,	4,	1,	'0',	39,	0,	50,	'2020-04-29',	1,	NULL,	'2020-04-29 13:07:18',	1),
(157,	'PEON-66955',	'Create Project allocation',	'Create Project allocation',	1,	1,	1,	'0',	40,	0,	50,	'2020-04-29',	1,	NULL,	'2020-04-29 13:07:18',	1),
(158,	'PEON-48119',	'Read Project allocation',	'Read Project allocation',	1,	2,	1,	'0',	40,	0,	50,	'2020-04-29',	1,	NULL,	'2020-04-29 13:07:18',	1),
(159,	'PEON-84859',	'Update Project allocation',	'Update Project allocation',	1,	3,	1,	'0',	40,	0,	50,	'2020-04-29',	1,	NULL,	'2020-04-29 13:07:18',	1),
(160,	'PEON-46213',	'Delete Project allocation',	'Delete Project allocation',	1,	4,	1,	'0',	40,	0,	50,	'2020-04-29',	1,	NULL,	'2020-04-29 13:07:18',	1),
(161,	'PEON-86911',	'Create Project cost proportion',	'Create Project cost proportion',	1,	1,	1,	'0',	41,	0,	50,	'2020-04-29',	1,	NULL,	'2020-04-29 13:07:18',	1),
(162,	'PEON-50133',	'Read Project cost proportion',	'Read Project cost proportion',	1,	2,	1,	'0',	41,	0,	50,	'2020-04-29',	1,	NULL,	'2020-04-29 13:07:18',	1),
(163,	'PEON-84605',	'Update Project cost proportion',	'Update Project cost proportion',	1,	3,	1,	'0',	41,	0,	50,	'2020-04-29',	1,	NULL,	'2020-04-29 13:07:18',	1),
(164,	'PEON-58589',	'Delete Project cost proportion',	'Delete Project cost proportion',	1,	4,	1,	'0',	41,	0,	50,	'2020-04-29',	1,	NULL,	'2020-04-29 13:07:18',	1),
(165,	'PEON-46836',	'Create Request',	'Create Request',	1,	1,	1,	'0',	42,	0,	50,	'2020-04-29',	1,	NULL,	'2020-04-29 13:07:18',	1),
(166,	'PEON-1988',	'Read Request',	'Read Request',	1,	2,	1,	'0',	42,	0,	50,	'2020-04-29',	1,	NULL,	'2020-04-29 13:07:18',	1),
(167,	'PEON-41392',	'Update Request',	'Update Request',	1,	3,	1,	'0',	42,	0,	50,	'2020-04-29',	1,	NULL,	'2020-04-29 13:07:18',	1),
(168,	'PEON-85768',	'Delete Request',	'Delete Request',	1,	4,	1,	'0',	42,	0,	50,	'2020-04-29',	1,	NULL,	'2020-04-29 13:07:18',	1),
(169,	'PEON-37764',	'Create Request conversion',	'Create Request conversion',	1,	1,	1,	'0',	43,	0,	50,	'2020-04-29',	1,	NULL,	'2020-04-29 13:07:18',	1),
(170,	'PEON-59128',	'Read Request conversion',	'Read Request conversion',	1,	2,	1,	'0',	43,	0,	50,	'2020-04-29',	1,	NULL,	'2020-04-29 13:07:18',	1),
(171,	'PEON-65701',	'Update Request conversion',	'Update Request conversion',	1,	3,	1,	'0',	43,	0,	50,	'2020-04-29',	1,	NULL,	'2020-04-29 13:07:18',	1),
(172,	'PEON-48666',	'Delete Request conversion',	'Delete Request conversion',	1,	4,	1,	'0',	43,	0,	50,	'2020-04-29',	1,	NULL,	'2020-04-29 13:07:18',	1),
(173,	'PEON-61349',	'Create Request type',	'Create Request type',	1,	1,	1,	'0',	44,	0,	50,	'2020-04-29',	1,	NULL,	'2020-04-29 13:07:18',	1),
(174,	'PEON-11498',	'Read Request type',	'Read Request type',	1,	2,	1,	'0',	44,	0,	50,	'2020-04-29',	1,	NULL,	'2020-04-29 13:07:18',	1),
(175,	'PEON-17906',	'Update Request type',	'Update Request type',	1,	3,	1,	'0',	44,	0,	50,	'2020-04-29',	1,	NULL,	'2020-04-29 13:07:18',	1),
(176,	'PEON-34606',	'Delete Request type',	'Delete Request type',	1,	4,	1,	'0',	44,	0,	50,	'2020-04-29',	1,	NULL,	'2020-04-29 13:07:18',	1),
(177,	'PEON-28247',	'Create Role',	'Create Role',	1,	1,	1,	'0',	45,	0,	50,	'2020-04-29',	1,	NULL,	'2020-04-29 13:07:18',	1),
(178,	'PEON-54769',	'Read Role',	'Read Role',	1,	2,	1,	'0',	45,	0,	50,	'2020-04-29',	1,	NULL,	'2020-04-29 13:07:18',	1),
(179,	'PEON-29529',	'Update Role',	'Update Role',	1,	3,	1,	'0',	45,	0,	50,	'2020-04-29',	1,	NULL,	'2020-04-29 13:07:18',	1),
(180,	'PEON-80859',	'Delete Role',	'Delete Role',	1,	4,	1,	'0',	45,	0,	50,	'2020-04-29',	1,	NULL,	'2020-04-29 13:07:18',	1),
(181,	'PEON-58946',	'Create Setting',	'Create Setting',	1,	1,	1,	'0',	46,	0,	50,	'2020-04-29',	1,	NULL,	'2020-04-29 13:07:18',	1),
(182,	'PEON-35878',	'Read Setting',	'Read Setting',	1,	2,	1,	'0',	46,	0,	50,	'2020-04-29',	1,	NULL,	'2020-04-29 13:07:18',	1),
(183,	'PEON-44807',	'Update Setting',	'Update Setting',	1,	3,	1,	'0',	46,	0,	50,	'2020-04-29',	1,	NULL,	'2020-04-29 13:07:18',	1),
(184,	'PEON-10327',	'Delete Setting',	'Delete Setting',	1,	4,	1,	'0',	46,	0,	50,	'2020-04-29',	1,	NULL,	'2020-04-29 13:07:18',	1),
(185,	'PEON-15847',	'Create Status role',	'Create Status role',	1,	1,	1,	'0',	47,	0,	50,	'2020-04-29',	1,	NULL,	'2020-04-29 13:07:18',	1),
(186,	'PEON-67264',	'Read Status role',	'Read Status role',	1,	2,	1,	'0',	47,	0,	50,	'2020-04-29',	1,	NULL,	'2020-04-29 13:07:18',	1),
(187,	'PEON-11313',	'Update Status role',	'Update Status role',	1,	3,	1,	'0',	47,	0,	50,	'2020-04-29',	1,	NULL,	'2020-04-29 13:07:18',	1),
(188,	'PEON-82577',	'Delete Status role',	'Delete Status role',	1,	4,	1,	'0',	47,	0,	50,	'2020-04-29',	1,	NULL,	'2020-04-29 13:07:18',	1),
(189,	'PEON-80008',	'Create System opening balance',	'Create System opening balance',	1,	1,	1,	'0',	48,	0,	50,	'2020-04-29',	1,	NULL,	'2020-04-29 13:07:18',	1),
(190,	'PEON-49117',	'Read System opening balance',	'Read System opening balance',	1,	2,	1,	'0',	48,	0,	50,	'2020-04-29',	1,	NULL,	'2020-04-29 13:07:18',	1),
(191,	'PEON-64001',	'Update System opening balance',	'Update System opening balance',	1,	3,	1,	'0',	48,	0,	50,	'2020-04-29',	1,	NULL,	'2020-04-29 13:07:18',	1),
(192,	'PEON-73104',	'Delete System opening balance',	'Delete System opening balance',	1,	4,	1,	'0',	48,	0,	50,	'2020-04-29',	1,	NULL,	'2020-04-29 13:07:18',	1),
(193,	'PEON-46160',	'Create Translation',	'Create Translation',	1,	1,	1,	'0',	49,	0,	50,	'2020-04-29',	1,	NULL,	'2020-04-29 13:07:18',	1),
(194,	'PEON-88476',	'Read Translation',	'Read Translation',	1,	2,	1,	'0',	49,	0,	50,	'2020-04-29',	1,	NULL,	'2020-04-29 13:07:18',	1),
(195,	'PEON-12784',	'Update Translation',	'Update Translation',	1,	3,	1,	'0',	49,	0,	50,	'2020-04-29',	1,	NULL,	'2020-04-29 13:07:18',	1),
(196,	'PEON-20176',	'Delete Translation',	'Delete Translation',	1,	4,	1,	'0',	49,	0,	50,	'2020-04-29',	1,	NULL,	'2020-04-29 13:07:18',	1),
(197,	'PEON-46124',	'Create User',	'Create User',	1,	1,	1,	'0',	50,	0,	50,	'2020-04-29',	1,	NULL,	'2020-04-29 13:07:18',	1),
(198,	'PEON-11057',	'Read User',	'Read User',	1,	2,	1,	'0',	50,	0,	50,	'2020-04-29',	1,	NULL,	'2020-04-29 13:07:18',	1),
(199,	'PEON-78671',	'Update User',	'Update User',	1,	3,	1,	'0',	50,	0,	50,	'2020-04-29',	1,	NULL,	'2020-04-29 13:07:18',	1),
(200,	'PEON-88059',	'Delete User',	'Delete User',	1,	4,	1,	'0',	50,	0,	50,	'2020-04-29',	1,	NULL,	'2020-04-29 13:07:18',	1),
(201,	'PEON-7222',	'Create Variance note',	'Create Variance note',	1,	1,	1,	'0',	51,	0,	50,	'2020-04-29',	1,	NULL,	'2020-04-29 13:07:18',	1),
(202,	'PEON-31512',	'Read Variance note',	'Read Variance note',	1,	2,	1,	'0',	51,	0,	50,	'2020-04-29',	1,	NULL,	'2020-04-29 13:07:18',	1),
(203,	'PEON-11219',	'Update Variance note',	'Update Variance note',	1,	3,	1,	'0',	51,	0,	50,	'2020-04-29',	1,	NULL,	'2020-04-29 13:07:18',	1),
(204,	'PEON-11911',	'Delete Variance note',	'Delete Variance note',	1,	4,	1,	'0',	51,	0,	50,	'2020-04-29',	1,	NULL,	'2020-04-29 13:07:18',	1),
(205,	'PEON-80558',	'Create Voucher',	'Create Voucher',	1,	1,	1,	'0',	52,	0,	50,	'2020-04-29',	1,	NULL,	'2020-04-29 13:07:18',	1),
(206,	'PEON-21388',	'Read Voucher',	'Read Voucher',	1,	2,	1,	'0',	52,	0,	50,	'2020-04-29',	1,	NULL,	'2020-04-29 13:07:18',	1),
(207,	'PEON-30022',	'Update Voucher',	'Update Voucher',	1,	3,	1,	'0',	52,	0,	50,	'2020-04-29',	1,	NULL,	'2020-04-29 13:07:18',	1),
(208,	'PEON-40045',	'Delete Voucher',	'Delete Voucher',	1,	4,	1,	'0',	52,	0,	50,	'2020-04-29',	1,	NULL,	'2020-04-29 13:07:18',	1),
(209,	'PEON-49418',	'Create Voucher type',	'Create Voucher type',	1,	1,	1,	'0',	53,	0,	50,	'2020-04-29',	1,	NULL,	'2020-04-29 13:07:18',	1),
(210,	'PEON-31610',	'Read Voucher type',	'Read Voucher type',	1,	2,	1,	'0',	53,	0,	50,	'2020-04-29',	1,	NULL,	'2020-04-29 13:07:18',	1),
(211,	'PEON-80194',	'Update Voucher type',	'Update Voucher type',	1,	3,	1,	'0',	53,	0,	50,	'2020-04-29',	1,	NULL,	'2020-04-29 13:07:18',	1),
(212,	'PEON-62141',	'Delete Voucher type',	'Delete Voucher type',	1,	4,	1,	'0',	53,	0,	50,	'2020-04-29',	1,	NULL,	'2020-04-29 13:07:18',	1),
(213,	'PEON-23406',	'Create Voucher type account',	'Create Voucher type account',	1,	1,	1,	'0',	54,	0,	50,	'2020-04-29',	1,	NULL,	'2020-04-29 13:07:18',	1),
(214,	'PEON-35302',	'Read Voucher type account',	'Read Voucher type account',	1,	2,	1,	'0',	54,	0,	50,	'2020-04-29',	1,	NULL,	'2020-04-29 13:07:18',	1),
(215,	'PEON-59142',	'Update Voucher type account',	'Update Voucher type account',	1,	3,	1,	'0',	54,	0,	50,	'2020-04-29',	1,	NULL,	'2020-04-29 13:07:18',	1),
(216,	'PEON-6294',	'Delete Voucher type account',	'Delete Voucher type account',	1,	4,	1,	'0',	54,	0,	50,	'2020-04-29',	1,	NULL,	'2020-04-29 13:07:18',	1),
(217,	'PEON-12620',	'Create Voucher type effect',	'Create Voucher type effect',	1,	1,	1,	'0',	55,	0,	50,	'2020-04-29',	1,	NULL,	'2020-04-29 13:07:18',	1),
(218,	'PEON-44269',	'Read Voucher type effect',	'Read Voucher type effect',	1,	2,	1,	'0',	55,	0,	50,	'2020-04-29',	1,	NULL,	'2020-04-29 13:07:18',	1),
(219,	'PEON-68982',	'Update Voucher type effect',	'Update Voucher type effect',	1,	3,	1,	'0',	55,	0,	50,	'2020-04-29',	1,	NULL,	'2020-04-29 13:07:18',	1),
(220,	'PEON-80294',	'Delete Voucher type effect',	'Delete Voucher type effect',	1,	4,	1,	'0',	55,	0,	50,	'2020-04-29',	1,	NULL,	'2020-04-29 13:07:18',	1),
(221,	'PEON-81240',	'Create Workplan',	'Create Workplan',	1,	1,	1,	'0',	56,	0,	50,	'2020-04-29',	1,	NULL,	'2020-04-29 13:07:18',	1),
(222,	'PEON-37929',	'Read Workplan',	'Read Workplan',	1,	2,	1,	'0',	56,	0,	50,	'2020-04-29',	1,	NULL,	'2020-04-29 13:07:18',	1),
(223,	'PEON-64272',	'Update Workplan',	'Update Workplan',	1,	3,	1,	'0',	56,	0,	50,	'2020-04-29',	1,	NULL,	'2020-04-29 13:07:18',	1),
(224,	'PEON-76779',	'Delete Workplan',	'Delete Workplan',	1,	4,	1,	'0',	56,	0,	50,	'2020-04-29',	1,	NULL,	'2020-04-29 13:07:18',	1),
(225,	'PEON-80588',	'Create Context global',	'Create Context global permission',	1,	1,	1,	'0',	57,	189,	50,	'2020-04-30',	1,	NULL,	'2020-04-30 11:48:05',	1),
(226,	'PEON-78258',	'Read Context global',	'Read Context global permission',	1,	2,	1,	'0',	57,	190,	50,	'2020-04-30',	1,	NULL,	'2020-04-30 11:48:06',	1),
(227,	'PEON-67822',	'Update Context global',	'Update Context global permission',	1,	3,	1,	'0',	57,	191,	50,	'2020-04-30',	1,	NULL,	'2020-04-30 11:48:06',	1),
(228,	'PEON-78955',	'Delete Context global',	'Delete Context global permission',	1,	4,	1,	'0',	57,	192,	50,	'2020-04-30',	1,	NULL,	'2020-04-30 11:48:06',	1),
(229,	'PEON-63117',	'Create Context global user',	'Create Context global user permission',	1,	1,	1,	'0',	58,	193,	50,	'2020-04-30',	1,	NULL,	'2020-04-30 11:48:06',	1),
(230,	'PEON-74368',	'Read Context global user',	'Read Context global user permission',	1,	2,	1,	'0',	58,	194,	50,	'2020-04-30',	1,	NULL,	'2020-04-30 11:48:06',	1),
(231,	'PEON-6483',	'Update Context global user',	'Update Context global user permission',	1,	3,	1,	'0',	58,	195,	50,	'2020-04-30',	1,	NULL,	'2020-04-30 11:48:06',	1),
(232,	'PEON-54726',	'Delete Context global user',	'Delete Context global user permission',	1,	4,	1,	'0',	58,	196,	50,	'2020-04-30',	1,	NULL,	'2020-04-30 11:48:06',	1),
(233,	'PEON-15130',	'Create Opening bank balance',	'Create Opening bank balance permission',	1,	1,	1,	'0',	59,	484,	50,	'2020-05-10',	1,	NULL,	'2020-05-10 18:22:16',	1),
(234,	'PEON-77576',	'Read Opening bank balance',	'Read Opening bank balance permission',	1,	2,	1,	'0',	59,	485,	50,	'2020-05-10',	1,	NULL,	'2020-05-10 18:22:16',	1),
(235,	'PEON-87314',	'Update Opening bank balance',	'Update Opening bank balance permission',	1,	3,	1,	'0',	59,	486,	50,	'2020-05-10',	1,	NULL,	'2020-05-10 18:22:16',	1),
(236,	'PEON-16196',	'Delete Opening bank balance',	'Delete Opening bank balance permission',	1,	4,	1,	'0',	59,	487,	50,	'2020-05-10',	1,	NULL,	'2020-05-10 18:22:16',	1),
(237,	'PEON-61400',	'Create Country currency',	'Create Country currency permission',	1,	1,	1,	'0',	60,	537,	50,	'2020-05-18',	1,	NULL,	'2020-05-18 10:06:42',	1),
(238,	'PEON-33066',	'Read Country currency',	'Read Country currency permission',	1,	2,	1,	'0',	60,	538,	50,	'2020-05-18',	1,	NULL,	'2020-05-18 10:06:42',	1),
(239,	'PEON-61786',	'Update Country currency',	'Update Country currency permission',	1,	3,	1,	'0',	60,	539,	50,	'2020-05-18',	1,	NULL,	'2020-05-18 10:06:42',	1),
(240,	'PEON-38482',	'Delete Country currency',	'Delete Country currency permission',	1,	4,	1,	'0',	60,	540,	50,	'2020-05-18',	1,	NULL,	'2020-05-18 10:06:42',	1),
(241,	'PEON-7411',	'Create Currency conversion',	'Create Currency conversion permission',	1,	1,	1,	'0',	61,	541,	50,	'2020-05-18',	1,	NULL,	'2020-05-18 10:06:42',	1),
(242,	'PEON-55990',	'Read Currency conversion',	'Read Currency conversion permission',	1,	2,	1,	'0',	61,	542,	50,	'2020-05-18',	1,	NULL,	'2020-05-18 10:06:42',	1),
(243,	'PEON-50659',	'Update Currency conversion',	'Update Currency conversion permission',	1,	3,	1,	'0',	61,	543,	50,	'2020-05-18',	1,	NULL,	'2020-05-18 10:06:42',	1),
(244,	'PEON-8125',	'Delete Currency conversion',	'Delete Currency conversion permission',	1,	4,	1,	'0',	61,	544,	50,	'2020-05-18',	1,	NULL,	'2020-05-18 10:06:42',	1),
(245,	'PEON-56428',	'Create Currency conversion detail',	'Create Currency conversion detail permission',	1,	1,	1,	'0',	62,	545,	50,	'2020-05-18',	1,	NULL,	'2020-05-18 10:06:42',	1),
(246,	'PEON-49149',	'Read Currency conversion detail',	'Read Currency conversion detail permission',	1,	2,	1,	'0',	62,	546,	50,	'2020-05-18',	1,	NULL,	'2020-05-18 10:06:42',	1),
(247,	'PEON-27763',	'Update Currency conversion detail',	'Update Currency conversion detail permission',	1,	3,	1,	'0',	62,	547,	50,	'2020-05-18',	1,	NULL,	'2020-05-18 10:06:42',	1),
(248,	'PEON-59099',	'Delete Currency conversion detail',	'Delete Currency conversion detail permission',	1,	4,	1,	'0',	62,	548,	50,	'2020-05-18',	1,	NULL,	'2020-05-18 10:06:42',	1),
(249,	'PEON-32692',	'Create Project allocation opening cash balance',	'Create Project allocation opening cash balance permission',	1,	1,	1,	'0',	63,	622,	50,	'2020-06-05',	40,	NULL,	'2020-06-05 07:54:14',	40),
(250,	'PEON-81659',	'Read Project allocation opening cash balance',	'Read Project allocation opening cash balance permission',	1,	2,	1,	'0',	63,	623,	50,	'2020-06-05',	40,	NULL,	'2020-06-05 07:54:14',	40),
(251,	'PEON-79883',	'Update Project allocation opening cash balance',	'Update Project allocation opening cash balance permission',	1,	3,	1,	'0',	63,	624,	50,	'2020-06-05',	40,	NULL,	'2020-06-05 07:54:14',	40),
(252,	'PEON-68197',	'Delete Project allocation opening cash balance',	'Delete Project allocation opening cash balance permission',	1,	4,	1,	'0',	63,	625,	50,	'2020-06-05',	40,	NULL,	'2020-06-05 07:54:14',	40),
(253,	'PEON-36111',	'Create Opening cash balance',	'Create Opening cash balance permission',	1,	1,	1,	'0',	64,	632,	50,	'2020-06-06',	1,	NULL,	'2020-06-06 05:35:44',	1),
(254,	'PEON-57611',	'Read Opening cash balance',	'Read Opening cash balance permission',	1,	2,	1,	'0',	64,	633,	50,	'2020-06-06',	1,	NULL,	'2020-06-06 05:35:44',	1),
(255,	'PEON-76453',	'Update Opening cash balance',	'Update Opening cash balance permission',	1,	3,	1,	'0',	64,	634,	50,	'2020-06-06',	1,	NULL,	'2020-06-06 05:35:44',	1),
(256,	'PEON-62547',	'Delete Opening cash balance',	'Delete Opening cash balance permission',	1,	4,	1,	'0',	64,	635,	50,	'2020-06-06',	1,	NULL,	'2020-06-06 05:35:44',	1),
(257,	'PEON-35395',	'Create Reconciliation',	'Create Reconciliation permission',	1,	1,	1,	'0',	65,	636,	50,	'2020-06-06',	1,	NULL,	'2020-06-06 05:35:44',	1),
(258,	'PEON-27046',	'Read Reconciliation',	'Read Reconciliation permission',	1,	2,	1,	'0',	65,	637,	50,	'2020-06-06',	1,	NULL,	'2020-06-06 05:35:44',	1),
(259,	'PEON-31343',	'Update Reconciliation',	'Update Reconciliation permission',	1,	3,	1,	'0',	65,	638,	50,	'2020-06-06',	1,	NULL,	'2020-06-06 05:35:44',	1),
(260,	'PEON-4256',	'Delete Reconciliation',	'Delete Reconciliation permission',	1,	4,	1,	'0',	65,	639,	50,	'2020-06-06',	1,	NULL,	'2020-06-06 05:35:44',	1),
(261,	'PEON-84593',	'Create Status',	'Create Status permission',	1,	1,	1,	'0',	66,	640,	50,	'2020-06-06',	1,	NULL,	'2020-06-06 05:35:44',	1),
(262,	'PEON-9761',	'Read Status',	'Read Status permission',	1,	2,	1,	'0',	66,	641,	50,	'2020-06-06',	1,	NULL,	'2020-06-06 05:35:44',	1),
(263,	'PEON-74668',	'Update Status',	'Update Status permission',	1,	3,	1,	'0',	66,	642,	50,	'2020-06-06',	1,	NULL,	'2020-06-06 05:35:44',	1),
(264,	'PEON-72625',	'Delete Status',	'Delete Status permission',	1,	4,	1,	'0',	66,	643,	50,	'2020-06-06',	1,	NULL,	'2020-06-06 05:35:44',	1),
(265,	'PEON-70016',	'Create Approval flow',	'Create Approval flow permission',	1,	1,	1,	'0',	67,	644,	50,	'2020-06-06',	40,	NULL,	'2020-06-06 05:36:51',	40),
(266,	'PEON-4048',	'Read Approval flow',	'Read Approval flow permission',	1,	2,	1,	'0',	67,	645,	50,	'2020-06-06',	40,	NULL,	'2020-06-06 05:36:51',	40),
(267,	'PEON-30330',	'Update Approval flow',	'Update Approval flow permission',	1,	3,	1,	'0',	67,	646,	50,	'2020-06-06',	40,	NULL,	'2020-06-06 05:36:51',	40),
(268,	'PEON-80045',	'Delete Approval flow',	'Delete Approval flow permission',	1,	4,	1,	'0',	67,	647,	50,	'2020-06-06',	40,	NULL,	'2020-06-06 05:36:51',	40),
(269,	'PEON-54419',	'Create Budget item',	'Create Budget item permission',	1,	1,	1,	'0',	68,	648,	50,	'2020-06-06',	40,	NULL,	'2020-06-06 05:36:51',	40),
(270,	'PEON-23005',	'Read Budget item',	'Read Budget item permission',	1,	2,	1,	'0',	68,	649,	50,	'2020-06-06',	40,	NULL,	'2020-06-06 05:36:51',	40),
(271,	'PEON-88278',	'Update Budget item',	'Update Budget item permission',	1,	3,	1,	'0',	68,	650,	50,	'2020-06-06',	40,	NULL,	'2020-06-06 05:36:51',	40),
(272,	'PEON-18020',	'Delete Budget item',	'Delete Budget item permission',	1,	4,	1,	'0',	68,	651,	50,	'2020-06-06',	40,	NULL,	'2020-06-06 05:36:51',	40),
(273,	'PEON-54695',	'Create Context global user',	'Create Context global user permission',	1,	1,	1,	'0',	69,	652,	50,	'2020-06-06',	40,	NULL,	'2020-06-06 05:36:51',	40),
(274,	'PEON-3512',	'Read Context global user',	'Read Context global user permission',	1,	2,	1,	'0',	69,	653,	50,	'2020-06-06',	40,	NULL,	'2020-06-06 05:36:51',	40),
(275,	'PEON-20275',	'Update Context global user',	'Update Context global user permission',	1,	3,	1,	'0',	69,	654,	50,	'2020-06-06',	40,	NULL,	'2020-06-06 05:36:51',	40),
(276,	'PEON-30148',	'Delete Context global user',	'Delete Context global user permission',	1,	4,	1,	'0',	69,	655,	50,	'2020-06-06',	40,	NULL,	'2020-06-06 05:36:51',	40),
(277,	'PEON-13350',	'Create Contra account',	'Create Contra account permission',	1,	1,	1,	'0',	70,	656,	50,	'2020-06-06',	40,	NULL,	'2020-06-06 05:36:51',	40),
(278,	'PEON-48797',	'Read Contra account',	'Read Contra account permission',	1,	2,	1,	'0',	70,	657,	50,	'2020-06-06',	40,	NULL,	'2020-06-06 05:36:51',	40),
(279,	'PEON-79739',	'Update Contra account',	'Update Contra account permission',	1,	3,	1,	'0',	70,	658,	50,	'2020-06-06',	40,	NULL,	'2020-06-06 05:36:51',	40),
(280,	'PEON-78296',	'Delete Contra account',	'Delete Contra account permission',	1,	4,	1,	'0',	70,	659,	50,	'2020-06-06',	40,	NULL,	'2020-06-06 05:36:51',	40),
(281,	'PEON-43920',	'Create Country currency',	'Create Country currency permission',	1,	1,	1,	'0',	71,	660,	50,	'2020-06-06',	40,	NULL,	'2020-06-06 05:36:51',	40),
(282,	'PEON-76190',	'Read Country currency',	'Read Country currency permission',	1,	2,	1,	'0',	71,	661,	50,	'2020-06-06',	40,	NULL,	'2020-06-06 05:36:51',	40),
(283,	'PEON-55921',	'Update Country currency',	'Update Country currency permission',	1,	3,	1,	'0',	71,	662,	50,	'2020-06-06',	40,	NULL,	'2020-06-06 05:36:51',	40),
(284,	'PEON-57598',	'Delete Country currency',	'Delete Country currency permission',	1,	4,	1,	'0',	71,	663,	50,	'2020-06-06',	40,	NULL,	'2020-06-06 05:36:51',	40),
(285,	'PEON-63150',	'Create Currency conversion',	'Create Currency conversion permission',	1,	1,	1,	'0',	72,	664,	50,	'2020-06-06',	40,	NULL,	'2020-06-06 05:36:51',	40),
(286,	'PEON-41730',	'Read Currency conversion',	'Read Currency conversion permission',	1,	2,	1,	'0',	72,	665,	50,	'2020-06-06',	40,	NULL,	'2020-06-06 05:36:51',	40),
(287,	'PEON-32010',	'Update Currency conversion',	'Update Currency conversion permission',	1,	3,	1,	'0',	72,	666,	50,	'2020-06-06',	40,	NULL,	'2020-06-06 05:36:51',	40),
(288,	'PEON-45910',	'Delete Currency conversion',	'Delete Currency conversion permission',	1,	4,	1,	'0',	72,	667,	50,	'2020-06-06',	40,	NULL,	'2020-06-06 05:36:51',	40),
(289,	'PEON-34620',	'Create History',	'Create History permission',	1,	1,	1,	'0',	73,	668,	50,	'2020-06-06',	40,	NULL,	'2020-06-06 05:36:51',	40),
(290,	'PEON-18540',	'Read History',	'Read History permission',	1,	2,	1,	'0',	73,	669,	50,	'2020-06-06',	40,	NULL,	'2020-06-06 05:36:51',	40),
(291,	'PEON-83527',	'Update History',	'Update History permission',	1,	3,	1,	'0',	73,	670,	50,	'2020-06-06',	40,	NULL,	'2020-06-06 05:36:51',	40),
(292,	'PEON-43884',	'Delete History',	'Delete History permission',	1,	4,	1,	'0',	73,	671,	50,	'2020-06-06',	40,	NULL,	'2020-06-06 05:36:51',	40),
(293,	'PEON-71676',	'Create Language phrase',	'Create Language phrase permission',	1,	1,	1,	'0',	74,	672,	50,	'2020-06-06',	40,	NULL,	'2020-06-06 05:36:51',	40),
(294,	'PEON-17857',	'Read Language phrase',	'Read Language phrase permission',	1,	2,	1,	'0',	74,	673,	50,	'2020-06-06',	40,	NULL,	'2020-06-06 05:36:51',	40),
(295,	'PEON-28578',	'Update Language phrase',	'Update Language phrase permission',	1,	3,	1,	'0',	74,	674,	50,	'2020-06-06',	40,	NULL,	'2020-06-06 05:36:51',	40),
(296,	'PEON-81523',	'Delete Language phrase',	'Delete Language phrase permission',	1,	4,	1,	'0',	74,	675,	50,	'2020-06-06',	40,	NULL,	'2020-06-06 05:36:51',	40),
(297,	'PEON-16130',	'Create Office bank project allocation',	'Create Office bank project allocation permission',	1,	1,	1,	'0',	75,	676,	50,	'2020-06-06',	40,	NULL,	'2020-06-06 05:36:51',	40),
(298,	'PEON-55481',	'Read Office bank project allocation',	'Read Office bank project allocation permission',	1,	2,	1,	'0',	75,	677,	50,	'2020-06-06',	40,	NULL,	'2020-06-06 05:36:51',	40),
(299,	'PEON-18073',	'Update Office bank project allocation',	'Update Office bank project allocation permission',	1,	3,	1,	'0',	75,	678,	50,	'2020-06-06',	40,	NULL,	'2020-06-06 05:36:51',	40),
(300,	'PEON-22233',	'Delete Office bank project allocation',	'Delete Office bank project allocation permission',	1,	4,	1,	'0',	75,	679,	50,	'2020-06-06',	40,	NULL,	'2020-06-06 05:36:51',	40),
(301,	'PEON-59705',	'Create Opening bank balance',	'Create Opening bank balance permission',	1,	1,	1,	'0',	76,	680,	50,	'2020-06-06',	40,	NULL,	'2020-06-06 05:36:51',	40),
(302,	'PEON-17039',	'Read Opening bank balance',	'Read Opening bank balance permission',	1,	2,	1,	'0',	76,	681,	50,	'2020-06-06',	40,	NULL,	'2020-06-06 05:36:51',	40),
(303,	'PEON-30564',	'Update Opening bank balance',	'Update Opening bank balance permission',	1,	3,	1,	'0',	76,	682,	50,	'2020-06-06',	40,	NULL,	'2020-06-06 05:36:51',	40),
(304,	'PEON-53438',	'Delete Opening bank balance',	'Delete Opening bank balance permission',	1,	4,	1,	'0',	76,	683,	50,	'2020-06-06',	40,	NULL,	'2020-06-06 05:36:51',	40),
(305,	'PEON-50304',	'Create Project allocation opening cash balance',	'Create Project allocation opening cash balance permission',	1,	1,	1,	'0',	77,	684,	50,	'2020-06-06',	40,	NULL,	'2020-06-06 05:36:52',	40),
(306,	'PEON-78357',	'Read Project allocation opening cash balance',	'Read Project allocation opening cash balance permission',	1,	2,	1,	'0',	77,	685,	50,	'2020-06-06',	40,	NULL,	'2020-06-06 05:36:52',	40),
(307,	'PEON-33287',	'Update Project allocation opening cash balance',	'Update Project allocation opening cash balance permission',	1,	3,	1,	'0',	77,	686,	50,	'2020-06-06',	40,	NULL,	'2020-06-06 05:36:52',	40),
(308,	'PEON-83338',	'Delete Project allocation opening cash balance',	'Delete Project allocation opening cash balance permission',	1,	4,	1,	'0',	77,	687,	50,	'2020-06-06',	40,	NULL,	'2020-06-06 05:36:52',	40),
(309,	'PEON-17024',	'Create Project cost proportion',	'Create Project cost proportion permission',	1,	1,	1,	'0',	78,	688,	50,	'2020-06-06',	40,	NULL,	'2020-06-06 05:36:52',	40),
(310,	'PEON-20920',	'Read Project cost proportion',	'Read Project cost proportion permission',	1,	2,	1,	'0',	78,	689,	50,	'2020-06-06',	40,	NULL,	'2020-06-06 05:36:52',	40),
(311,	'PEON-65989',	'Update Project cost proportion',	'Update Project cost proportion permission',	1,	3,	1,	'0',	78,	690,	50,	'2020-06-06',	40,	NULL,	'2020-06-06 05:36:52',	40),
(312,	'PEON-39521',	'Delete Project cost proportion',	'Delete Project cost proportion permission',	1,	4,	1,	'0',	78,	691,	50,	'2020-06-06',	40,	NULL,	'2020-06-06 05:36:52',	40),
(313,	'PEON-53817',	'Create Status role',	'Create Status role permission',	1,	1,	1,	'0',	79,	692,	50,	'2020-06-06',	40,	NULL,	'2020-06-06 05:36:52',	40),
(314,	'PEON-32646',	'Read Status role',	'Read Status role permission',	1,	2,	1,	'0',	79,	693,	50,	'2020-06-06',	40,	NULL,	'2020-06-06 05:36:52',	40),
(315,	'PEON-16667',	'Update Status role',	'Update Status role permission',	1,	3,	1,	'0',	79,	694,	50,	'2020-06-06',	40,	NULL,	'2020-06-06 05:36:52',	40),
(316,	'PEON-4278',	'Delete Status role',	'Delete Status role permission',	1,	4,	1,	'0',	79,	695,	50,	'2020-06-06',	40,	NULL,	'2020-06-06 05:36:52',	40),
(317,	'PEON-76105',	'Create System opening balance',	'Create System opening balance permission',	1,	1,	1,	'0',	80,	696,	50,	'2020-06-06',	40,	NULL,	'2020-06-06 05:36:52',	40),
(318,	'PEON-48628',	'Read System opening balance',	'Read System opening balance permission',	1,	2,	1,	'0',	80,	697,	50,	'2020-06-06',	40,	NULL,	'2020-06-06 05:36:52',	40),
(319,	'PEON-7920',	'Update System opening balance',	'Update System opening balance permission',	1,	3,	1,	'0',	80,	698,	50,	'2020-06-06',	40,	NULL,	'2020-06-06 05:36:52',	40),
(320,	'PEON-51209',	'Delete System opening balance',	'Delete System opening balance permission',	1,	4,	1,	'0',	80,	699,	50,	'2020-06-06',	40,	NULL,	'2020-06-06 05:36:52',	40),
(321,	'PEON-70108',	'Create Translation',	'Create Translation permission',	1,	1,	1,	'0',	81,	700,	50,	'2020-06-06',	40,	NULL,	'2020-06-06 05:36:52',	40),
(322,	'PEON-85828',	'Read Translation',	'Read Translation permission',	1,	2,	1,	'0',	81,	701,	50,	'2020-06-06',	40,	NULL,	'2020-06-06 05:36:52',	40),
(323,	'PEON-25535',	'Update Translation',	'Update Translation permission',	1,	3,	1,	'0',	81,	702,	50,	'2020-06-06',	40,	NULL,	'2020-06-06 05:36:52',	40),
(324,	'PEON-61404',	'Delete Translation',	'Delete Translation permission',	1,	4,	1,	'0',	81,	703,	50,	'2020-06-06',	40,	NULL,	'2020-06-06 05:36:52',	40),
(325,	'PEON-54642',	'Create Variance note',	'Create Variance note permission',	1,	1,	1,	'0',	82,	704,	50,	'2020-06-06',	40,	NULL,	'2020-06-06 05:36:52',	40),
(326,	'PEON-74260',	'Read Variance note',	'Read Variance note permission',	1,	2,	1,	'0',	82,	705,	50,	'2020-06-06',	40,	NULL,	'2020-06-06 05:36:52',	40),
(327,	'PEON-48553',	'Update Variance note',	'Update Variance note permission',	1,	3,	1,	'0',	82,	706,	50,	'2020-06-06',	40,	NULL,	'2020-06-06 05:36:52',	40),
(328,	'PEON-20194',	'Delete Variance note',	'Delete Variance note permission',	1,	4,	1,	'0',	82,	707,	50,	'2020-06-06',	40,	NULL,	'2020-06-06 05:36:52',	40),
(329,	'PEON-59459',	'Create Office bank opening cash balance',	'Create Office bank opening cash balance permission',	1,	1,	1,	'0',	83,	713,	50,	'2020-06-13',	1,	NULL,	'2020-06-13 09:06:13',	1),
(330,	'PEON-79242',	'Read Office bank opening cash balance',	'Read Office bank opening cash balance permission',	1,	2,	1,	'0',	83,	714,	50,	'2020-06-13',	1,	NULL,	'2020-06-13 09:06:13',	1),
(331,	'PEON-77967',	'Update Office bank opening cash balance',	'Update Office bank opening cash balance permission',	1,	3,	1,	'0',	83,	715,	50,	'2020-06-13',	1,	NULL,	'2020-06-13 09:06:13',	1),
(332,	'PEON-24984',	'Delete Office bank opening cash balance',	'Delete Office bank opening cash balance permission',	1,	4,	1,	'0',	83,	716,	50,	'2020-06-13',	1,	NULL,	'2020-06-13 09:06:13',	1),
(333,	'PEON-14042',	'Create Office cash',	'Create Office cash permission',	1,	1,	1,	'0',	84,	722,	50,	'2020-06-13',	1,	NULL,	'2020-06-13 09:51:02',	1),
(334,	'PEON-25267',	'Read Office cash',	'Read Office cash permission',	1,	2,	1,	'0',	84,	723,	50,	'2020-06-13',	1,	NULL,	'2020-06-13 09:51:02',	1),
(335,	'PEON-80875',	'Update Office cash',	'Update Office cash permission',	1,	3,	1,	'0',	84,	724,	50,	'2020-06-13',	1,	NULL,	'2020-06-13 09:51:02',	1),
(336,	'PEON-33662',	'Delete Office cash',	'Delete Office cash permission',	1,	4,	1,	'0',	84,	725,	50,	'2020-06-13',	1,	NULL,	'2020-06-13 09:51:02',	1),
(337,	'PEON-77280',	'Create Approval flow',	'Create Approval flow permission',	1,	1,	1,	'0',	97,	777,	50,	'2020-06-20',	1,	NULL,	'2020-06-20 06:56:06',	1),
(338,	'PEON-17421',	'Read Approval flow',	'Read Approval flow permission',	1,	2,	1,	'0',	97,	778,	50,	'2020-06-20',	1,	NULL,	'2020-06-20 06:56:06',	1),
(339,	'PEON-60993',	'Update Approval flow',	'Update Approval flow permission',	1,	3,	1,	'0',	97,	779,	50,	'2020-06-20',	1,	NULL,	'2020-06-20 06:56:06',	1),
(340,	'PEON-36205',	'Delete Approval flow',	'Delete Approval flow permission',	1,	4,	1,	'0',	97,	780,	50,	'2020-06-20',	1,	NULL,	'2020-06-20 06:56:06',	1),
(341,	'PEON-81320',	'Create Budget item',	'Create Budget item permission',	1,	1,	1,	'0',	98,	781,	50,	'2020-06-20',	1,	NULL,	'2020-06-20 06:56:06',	1),
(342,	'PEON-83673',	'Read Budget item',	'Read Budget item permission',	1,	2,	1,	'0',	98,	782,	50,	'2020-06-20',	1,	NULL,	'2020-06-20 06:56:06',	1),
(343,	'PEON-81854',	'Update Budget item',	'Update Budget item permission',	1,	3,	1,	'0',	98,	783,	50,	'2020-06-20',	1,	NULL,	'2020-06-20 06:56:06',	1),
(344,	'PEON-38232',	'Delete Budget item',	'Delete Budget item permission',	1,	4,	1,	'0',	98,	784,	50,	'2020-06-20',	1,	NULL,	'2020-06-20 06:56:06',	1),
(345,	'PEON-49753',	'Create Context global user',	'Create Context global user permission',	1,	1,	1,	'0',	99,	785,	50,	'2020-06-20',	1,	NULL,	'2020-06-20 06:56:06',	1),
(346,	'PEON-44964',	'Read Context global user',	'Read Context global user permission',	1,	2,	1,	'0',	99,	786,	50,	'2020-06-20',	1,	NULL,	'2020-06-20 06:56:06',	1),
(347,	'PEON-78175',	'Update Context global user',	'Update Context global user permission',	1,	3,	1,	'0',	99,	787,	50,	'2020-06-20',	1,	NULL,	'2020-06-20 06:56:06',	1),
(348,	'PEON-23368',	'Delete Context global user',	'Delete Context global user permission',	1,	4,	1,	'0',	99,	788,	50,	'2020-06-20',	1,	NULL,	'2020-06-20 06:56:06',	1),
(349,	'PEON-25332',	'Create Contra account',	'Create Contra account permission',	1,	1,	1,	'0',	100,	789,	50,	'2020-06-20',	1,	NULL,	'2020-06-20 06:56:06',	1),
(350,	'PEON-1932',	'Read Contra account',	'Read Contra account permission',	1,	2,	1,	'0',	100,	790,	50,	'2020-06-20',	1,	NULL,	'2020-06-20 06:56:06',	1),
(351,	'PEON-87531',	'Update Contra account',	'Update Contra account permission',	1,	3,	1,	'0',	100,	791,	50,	'2020-06-20',	1,	NULL,	'2020-06-20 06:56:06',	1),
(352,	'PEON-68486',	'Delete Contra account',	'Delete Contra account permission',	1,	4,	1,	'0',	100,	792,	50,	'2020-06-20',	1,	NULL,	'2020-06-20 06:56:06',	1),
(353,	'PEON-82853',	'Create Country currency',	'Create Country currency permission',	1,	1,	1,	'0',	101,	793,	50,	'2020-06-20',	1,	NULL,	'2020-06-20 06:56:06',	1),
(354,	'PEON-85011',	'Read Country currency',	'Read Country currency permission',	1,	2,	1,	'0',	101,	794,	50,	'2020-06-20',	1,	NULL,	'2020-06-20 06:56:06',	1),
(355,	'PEON-34337',	'Update Country currency',	'Update Country currency permission',	1,	3,	1,	'0',	101,	795,	50,	'2020-06-20',	1,	NULL,	'2020-06-20 06:56:06',	1),
(356,	'PEON-8992',	'Delete Country currency',	'Delete Country currency permission',	1,	4,	1,	'0',	101,	796,	50,	'2020-06-20',	1,	NULL,	'2020-06-20 06:56:06',	1),
(357,	'PEON-11425',	'Create Currency conversion',	'Create Currency conversion permission',	1,	1,	1,	'0',	102,	797,	50,	'2020-06-20',	1,	NULL,	'2020-06-20 06:56:06',	1),
(358,	'PEON-4042',	'Read Currency conversion',	'Read Currency conversion permission',	1,	2,	1,	'0',	102,	798,	50,	'2020-06-20',	1,	NULL,	'2020-06-20 06:56:06',	1),
(359,	'PEON-37126',	'Update Currency conversion',	'Update Currency conversion permission',	1,	3,	1,	'0',	102,	799,	50,	'2020-06-20',	1,	NULL,	'2020-06-20 06:56:06',	1),
(360,	'PEON-13693',	'Delete Currency conversion',	'Delete Currency conversion permission',	1,	4,	1,	'0',	102,	800,	50,	'2020-06-20',	1,	NULL,	'2020-06-20 06:56:06',	1),
(361,	'PEON-18384',	'Create History',	'Create History permission',	1,	1,	1,	'0',	103,	801,	50,	'2020-06-20',	1,	NULL,	'2020-06-20 06:56:06',	1),
(362,	'PEON-46475',	'Read History',	'Read History permission',	1,	2,	1,	'0',	103,	802,	50,	'2020-06-20',	1,	NULL,	'2020-06-20 06:56:06',	1),
(363,	'PEON-78340',	'Update History',	'Update History permission',	1,	3,	1,	'0',	103,	803,	50,	'2020-06-20',	1,	NULL,	'2020-06-20 06:56:06',	1),
(364,	'PEON-32556',	'Delete History',	'Delete History permission',	1,	4,	1,	'0',	103,	804,	50,	'2020-06-20',	1,	NULL,	'2020-06-20 06:56:06',	1),
(365,	'PEON-73924',	'Create Language phrase',	'Create Language phrase permission',	1,	1,	1,	'0',	104,	805,	50,	'2020-06-20',	1,	NULL,	'2020-06-20 06:56:06',	1),
(366,	'PEON-60480',	'Read Language phrase',	'Read Language phrase permission',	1,	2,	1,	'0',	104,	806,	50,	'2020-06-20',	1,	NULL,	'2020-06-20 06:56:06',	1),
(367,	'PEON-26651',	'Update Language phrase',	'Update Language phrase permission',	1,	3,	1,	'0',	104,	807,	50,	'2020-06-20',	1,	NULL,	'2020-06-20 06:56:06',	1),
(368,	'PEON-18382',	'Delete Language phrase',	'Delete Language phrase permission',	1,	4,	1,	'0',	104,	808,	50,	'2020-06-20',	1,	NULL,	'2020-06-20 06:56:06',	1),
(369,	'PEON-64012',	'Create Office bank project allocation',	'Create Office bank project allocation permission',	1,	1,	1,	'0',	105,	809,	50,	'2020-06-20',	1,	NULL,	'2020-06-20 06:56:06',	1),
(370,	'PEON-46502',	'Read Office bank project allocation',	'Read Office bank project allocation permission',	1,	2,	1,	'0',	105,	810,	50,	'2020-06-20',	1,	NULL,	'2020-06-20 06:56:06',	1),
(371,	'PEON-43628',	'Update Office bank project allocation',	'Update Office bank project allocation permission',	1,	3,	1,	'0',	105,	811,	50,	'2020-06-20',	1,	NULL,	'2020-06-20 06:56:06',	1),
(372,	'PEON-33511',	'Delete Office bank project allocation',	'Delete Office bank project allocation permission',	1,	4,	1,	'0',	105,	812,	50,	'2020-06-20',	1,	NULL,	'2020-06-20 06:56:06',	1),
(373,	'PEON-69738',	'Create Office cash',	'Create Office cash permission',	1,	1,	1,	'0',	106,	813,	50,	'2020-06-20',	1,	NULL,	'2020-06-20 06:56:06',	1),
(374,	'PEON-73344',	'Read Office cash',	'Read Office cash permission',	1,	2,	1,	'0',	106,	814,	50,	'2020-06-20',	1,	NULL,	'2020-06-20 06:56:06',	1),
(375,	'PEON-1310',	'Update Office cash',	'Update Office cash permission',	1,	3,	1,	'0',	106,	815,	50,	'2020-06-20',	1,	NULL,	'2020-06-20 06:56:06',	1),
(376,	'PEON-88306',	'Delete Office cash',	'Delete Office cash permission',	1,	4,	1,	'0',	106,	816,	50,	'2020-06-20',	1,	NULL,	'2020-06-20 06:56:06',	1),
(377,	'PEON-19662',	'Create Opening bank balance',	'Create Opening bank balance permission',	1,	1,	1,	'0',	107,	817,	50,	'2020-06-20',	1,	NULL,	'2020-06-20 06:56:06',	1),
(378,	'PEON-11311',	'Read Opening bank balance',	'Read Opening bank balance permission',	1,	2,	1,	'0',	107,	818,	50,	'2020-06-20',	1,	NULL,	'2020-06-20 06:56:06',	1),
(379,	'PEON-17202',	'Update Opening bank balance',	'Update Opening bank balance permission',	1,	3,	1,	'0',	107,	819,	50,	'2020-06-20',	1,	NULL,	'2020-06-20 06:56:06',	1),
(380,	'PEON-20848',	'Delete Opening bank balance',	'Delete Opening bank balance permission',	1,	4,	1,	'0',	107,	820,	50,	'2020-06-20',	1,	NULL,	'2020-06-20 06:56:06',	1),
(381,	'PEON-74878',	'Create Project cost proportion',	'Create Project cost proportion permission',	1,	1,	1,	'0',	108,	821,	50,	'2020-06-20',	1,	NULL,	'2020-06-20 06:56:06',	1),
(382,	'PEON-35700',	'Read Project cost proportion',	'Read Project cost proportion permission',	1,	2,	1,	'0',	108,	822,	50,	'2020-06-20',	1,	NULL,	'2020-06-20 06:56:06',	1),
(383,	'PEON-58123',	'Update Project cost proportion',	'Update Project cost proportion permission',	1,	3,	1,	'0',	108,	823,	50,	'2020-06-20',	1,	NULL,	'2020-06-20 06:56:06',	1),
(384,	'PEON-14169',	'Delete Project cost proportion',	'Delete Project cost proportion permission',	1,	4,	1,	'0',	108,	824,	50,	'2020-06-20',	1,	NULL,	'2020-06-20 06:56:06',	1),
(385,	'PEON-43561',	'Create Status role',	'Create Status role permission',	1,	1,	1,	'0',	109,	825,	50,	'2020-06-20',	1,	NULL,	'2020-06-20 06:56:06',	1),
(386,	'PEON-81682',	'Read Status role',	'Read Status role permission',	1,	2,	1,	'0',	109,	826,	50,	'2020-06-20',	1,	NULL,	'2020-06-20 06:56:06',	1),
(387,	'PEON-89780',	'Update Status role',	'Update Status role permission',	1,	3,	1,	'0',	109,	827,	50,	'2020-06-20',	1,	NULL,	'2020-06-20 06:56:06',	1),
(388,	'PEON-74464',	'Delete Status role',	'Delete Status role permission',	1,	4,	1,	'0',	109,	828,	50,	'2020-06-20',	1,	NULL,	'2020-06-20 06:56:06',	1),
(389,	'PEON-25873',	'Create System opening balance',	'Create System opening balance permission',	1,	1,	1,	'0',	110,	829,	50,	'2020-06-20',	1,	NULL,	'2020-06-20 06:56:06',	1),
(390,	'PEON-15469',	'Read System opening balance',	'Read System opening balance permission',	1,	2,	1,	'0',	110,	830,	50,	'2020-06-20',	1,	NULL,	'2020-06-20 06:56:06',	1),
(391,	'PEON-56024',	'Update System opening balance',	'Update System opening balance permission',	1,	3,	1,	'0',	110,	831,	50,	'2020-06-20',	1,	NULL,	'2020-06-20 06:56:06',	1),
(392,	'PEON-34802',	'Delete System opening balance',	'Delete System opening balance permission',	1,	4,	1,	'0',	110,	832,	50,	'2020-06-20',	1,	NULL,	'2020-06-20 06:56:06',	1),
(393,	'PEON-29766',	'Create Translation',	'Create Translation permission',	1,	1,	1,	'0',	111,	833,	50,	'2020-06-20',	1,	NULL,	'2020-06-20 06:56:06',	1),
(394,	'PEON-64865',	'Read Translation',	'Read Translation permission',	1,	2,	1,	'0',	111,	834,	50,	'2020-06-20',	1,	NULL,	'2020-06-20 06:56:06',	1),
(395,	'PEON-47052',	'Update Translation',	'Update Translation permission',	1,	3,	1,	'0',	111,	835,	50,	'2020-06-20',	1,	NULL,	'2020-06-20 06:56:06',	1),
(396,	'PEON-59009',	'Delete Translation',	'Delete Translation permission',	1,	4,	1,	'0',	111,	836,	50,	'2020-06-20',	1,	NULL,	'2020-06-20 06:56:06',	1),
(397,	'PEON-89803',	'Create Variance note',	'Create Variance note permission',	1,	1,	1,	'0',	112,	837,	50,	'2020-06-20',	1,	NULL,	'2020-06-20 06:56:06',	1),
(398,	'PEON-72457',	'Read Variance note',	'Read Variance note permission',	1,	2,	1,	'0',	112,	838,	50,	'2020-06-20',	1,	NULL,	'2020-06-20 06:56:06',	1),
(399,	'PEON-75411',	'Update Variance note',	'Update Variance note permission',	1,	3,	1,	'0',	112,	839,	50,	'2020-06-20',	1,	NULL,	'2020-06-20 06:56:06',	1),
(400,	'PEON-13906',	'Delete Variance note',	'Delete Variance note permission',	1,	4,	1,	'0',	112,	840,	50,	'2020-06-20',	1,	NULL,	'2020-06-20 06:56:06',	1);

DROP TABLE IF EXISTS `permission_label`;
CREATE TABLE `permission_label` (
  `permission_label_id` int(100) NOT NULL AUTO_INCREMENT,
  `permission_label_track_number` varchar(100) NOT NULL,
  `permission_label_name` varchar(100) NOT NULL,
  `permission_label_description` varchar(100) NOT NULL,
  `permission_label_depth` int(10) NOT NULL,
  `fk_approval_id` int(100) NOT NULL,
  `fk_status_id` int(100) NOT NULL,
  `permission_label_created_date` date NOT NULL,
  `permission_label_created_by` int(100) NOT NULL,
  `permission_label_last_modified_date` timestamp NOT NULL DEFAULT CURRENT_TIMESTAMP,
  `permission_label_last_modified_by` int(100) NOT NULL,
  PRIMARY KEY (`permission_label_id`)
) ENGINE=InnoDB DEFAULT CHARSET=latin1;

INSERT INTO `permission_label` (`permission_label_id`, `permission_label_track_number`, `permission_label_name`, `permission_label_description`, `permission_label_depth`, `fk_approval_id`, `fk_status_id`, `permission_label_created_date`, `permission_label_created_by`, `permission_label_last_modified_date`, `permission_label_last_modified_by`) VALUES
(1,	'PEEL-15717',	'create',	'Label for create permissions',	2,	0,	0,	'2020-04-29',	1,	'2020-04-29 00:05:29',	1),
(2,	'PEEL-5329',	'read',	'Label for read permissions',	1,	0,	0,	'2020-04-29',	1,	'2020-04-29 00:05:29',	1),
(3,	'PEEL-20023',	'update',	'Label for update permissions',	3,	0,	0,	'2020-04-29',	1,	'2020-04-29 00:05:29',	1),
(4,	'PEEL-50427',	'delete',	'Label for delete permissions',	4,	0,	0,	'2020-04-29',	1,	'2020-04-29 00:05:29',	1);

DROP TABLE IF EXISTS `project`;
CREATE TABLE `project` (
  `project_id` int(100) NOT NULL AUTO_INCREMENT,
  `project_track_number` varchar(100) DEFAULT NULL,
  `project_name` varchar(100) DEFAULT NULL,
  `project_code` varchar(10) NOT NULL,
  `project_description` varchar(100) DEFAULT NULL,
  `project_start_date` date NOT NULL,
  `project_end_date` date NOT NULL,
  `fk_funder_id` int(100) NOT NULL,
  `fk_income_account_id` int(11) NOT NULL,
  `project_cost` double(10,2) NOT NULL,
  `fk_funding_status_id` int(100) DEFAULT NULL,
  `project_created_by` int(100) NOT NULL,
  `project_last_modified_by` int(100) NOT NULL,
  `project_created_date` date NOT NULL,
  `project_last_modified_date` date NOT NULL,
  `fk_approval_id` int(100) DEFAULT NULL,
  `fk_status_id` int(100) DEFAULT NULL,
  PRIMARY KEY (`project_id`),
  KEY `fk_income_account_id` (`fk_income_account_id`),
  KEY `fk_funder_id` (`fk_funder_id`),
  KEY `fk_funding_status_id` (`fk_funding_status_id`),
  CONSTRAINT `project_ibfk_1` FOREIGN KEY (`fk_income_account_id`) REFERENCES `income_account` (`income_account_id`),
  CONSTRAINT `project_ibfk_2` FOREIGN KEY (`fk_funder_id`) REFERENCES `funder` (`funder_id`),
  CONSTRAINT `project_ibfk_3` FOREIGN KEY (`fk_funding_status_id`) REFERENCES `funding_status` (`funding_status_id`)
) ENGINE=InnoDB DEFAULT CHARSET=latin1 COMMENT='A project is a single funded proposal that need to be implemented and reported as a unit. It''s related to single funder ';

INSERT INTO `project` (`project_id`, `project_track_number`, `project_name`, `project_code`, `project_description`, `project_start_date`, `project_end_date`, `fk_funder_id`, `fk_income_account_id`, `project_cost`, `fk_funding_status_id`, `project_created_by`, `project_last_modified_by`, `project_created_date`, `project_last_modified_date`, `fk_approval_id`, `fk_status_id`) VALUES
(1,	'PRCT-84284',	'Funder 1 Project 1',	'P11',	'Funder 1 Project 1',	'2020-01-01',	'2020-12-31',	1,	1,	45000000.00,	1,	1,	1,	'2020-04-30',	'0000-00-00',	117,	52),
(2,	'PRCT-17759',	'Funder 1 Project 2',	'P12',	'Funder 1 Project 2',	'2020-03-01',	'2020-11-30',	1,	2,	21000000.00,	1,	1,	1,	'2020-04-30',	'0000-00-00',	118,	52),
(3,	'PRCT-61650',	'Funder 2 Project 1',	'P15',	'Funder 2 Project 1',	'2020-01-01',	'2019-12-31',	2,	3,	4500000.00,	1,	1,	1,	'2020-05-30',	'0000-00-00',	610,	52),
(4,	'PRCT-55477',	'Funder 1 Project 2',	'P17',	'Funder 1 Project 2',	'2020-01-01',	'2020-12-31',	1,	1,	21000000.00,	1,	1,	1,	'2020-05-30',	'0000-00-00',	612,	52),
(5,	'PRCT-71724',	'Funder 3 Project 1',	'P31',	'Funder 3 Project 1',	'2020-02-01',	'2020-12-31',	3,	2,	3560000.00,	1,	1,	1,	'2020-06-29',	'0000-00-00',	892,	52);

DROP TABLE IF EXISTS `project_allocation`;
CREATE TABLE `project_allocation` (
  `project_allocation_id` int(100) NOT NULL AUTO_INCREMENT,
  `project_allocation_track_number` varchar(100) DEFAULT NULL,
  `fk_project_id` int(100) DEFAULT NULL,
  `project_allocation_name` varchar(100) DEFAULT NULL,
  `project_allocation_amount` int(100) DEFAULT NULL,
  `project_allocation_is_active` int(5) DEFAULT '0',
  `fk_office_id` int(100) DEFAULT NULL,
  `fk_status_id` int(11) DEFAULT NULL,
  `fk_approval_id` int(11) DEFAULT NULL,
  `project_allocation_extended_end_date` date DEFAULT '0000-00-00',
  `project_allocation_created_date` date DEFAULT NULL,
  `project_allocation_last_modified_date` varchar(45) DEFAULT NULL,
  `project_allocation_created_by` int(100) DEFAULT NULL,
  `project_allocation_last_modified_by` int(100) DEFAULT NULL,
  PRIMARY KEY (`project_allocation_id`),
  KEY `fk_project_id` (`fk_project_id`),
  KEY `fk_office_id` (`fk_office_id`),
  CONSTRAINT `project_allocation_ibfk_1` FOREIGN KEY (`fk_project_id`) REFERENCES `project` (`project_id`),
  CONSTRAINT `project_allocation_ibfk_2` FOREIGN KEY (`fk_office_id`) REFERENCES `office` (`office_id`)
) ENGINE=InnoDB DEFAULT CHARSET=latin1;

INSERT INTO `project_allocation` (`project_allocation_id`, `project_allocation_track_number`, `fk_project_id`, `project_allocation_name`, `project_allocation_amount`, `project_allocation_is_active`, `fk_office_id`, `fk_status_id`, `fk_approval_id`, `project_allocation_extended_end_date`, `project_allocation_created_date`, `project_allocation_last_modified_date`, `project_allocation_created_by`, `project_allocation_last_modified_by`) VALUES
(20,	'PRON-25633',	1,	'UG001 Funder 1 Project 1 Allocation',	456100,	1,	1,	53,	847,	'0000-00-00',	'2020-06-22',	NULL,	1,	1),
(22,	'PRON-45352',	2,	'UG001 Funder 1 Project 2 Allocation',	124800,	1,	1,	53,	849,	'0000-00-00',	'2020-06-22',	NULL,	1,	1),
(23,	'PRON-62358',	2,	'UG002 Funder 1 Project 2 Allocation',	34010,	1,	6,	53,	850,	'0000-00-00',	'2020-06-22',	NULL,	1,	1),
(24,	'PRON-73098',	4,	'UG003 Funder 1 Project 2 Allocation',	200400,	1,	5,	53,	856,	'0000-00-00',	'2020-06-22',	NULL,	1,	1),
(45,	'PRON-7884',	5,	'UG001 Funder 1 Project 1',	120000,	1,	1,	53,	916,	'0000-00-00',	'2020-06-30',	NULL,	1,	1);

DROP TABLE IF EXISTS `project_allocation_detail`;
CREATE TABLE `project_allocation_detail` (
  `project_allocation_detail_id` int(11) NOT NULL,
  `project_allocation_detail_track_number` varchar(100) NOT NULL,
  `project_allocation_detail_name` varchar(100) NOT NULL,
  `fk_project_allocation_id` int(100) NOT NULL,
  `project_allocation_detail_month` date NOT NULL,
  `project_allocation_detail_amount` decimal(10,2) NOT NULL,
  `project_allocation_detail_created_date` date DEFAULT NULL,
  `project_allocation_detail_created_by` int(100) DEFAULT NULL,
  `project_allocation_detail_last_modified_by` int(100) DEFAULT NULL,
  `project_allocation_detail_last_modified_date` date DEFAULT NULL,
  `fk_approval_id` int(100) DEFAULT NULL,
  `fk_status_id` int(100) DEFAULT NULL,
  KEY `fk_project_allocation_id` (`fk_project_allocation_id`),
  CONSTRAINT `project_allocation_detail_ibfk_1` FOREIGN KEY (`fk_project_allocation_id`) REFERENCES `project_allocation` (`project_allocation_id`)
) ENGINE=InnoDB DEFAULT CHARSET=latin1;


DROP TABLE IF EXISTS `project_cost_proportion`;
CREATE TABLE `project_cost_proportion` (
  `project_cost_proportion_id` int(11) NOT NULL,
  `voucher_detail_id` int(100) DEFAULT NULL,
  `amount` varchar(45) DEFAULT NULL,
  `created_by` varchar(45) DEFAULT NULL,
  `created_date` varchar(45) DEFAULT NULL,
  `last_modified_by` varchar(45) DEFAULT NULL,
  `last_modified_date` varchar(45) DEFAULT NULL,
  `center_project_allocation_id` int(100) DEFAULT NULL,
  `project_cost_proportion_created_date` date DEFAULT NULL,
  `project_cost_proportion_created_by` int(100) DEFAULT NULL,
  `project_cost_proportion_last_modified_by` int(100) DEFAULT NULL,
  `project_cost_proportion_last_modified_date` date DEFAULT NULL,
  `fk_approval_id` int(100) DEFAULT NULL,
  `fk_status_id` int(100) DEFAULT NULL,
  PRIMARY KEY (`project_cost_proportion_id`),
  KEY `voucher_detail_id` (`voucher_detail_id`),
  CONSTRAINT `project_cost_proportion_ibfk_1` FOREIGN KEY (`voucher_detail_id`) REFERENCES `voucher_detail` (`voucher_detail_id`)
) ENGINE=InnoDB DEFAULT CHARSET=latin1;


DROP TABLE IF EXISTS `reconciliation`;
CREATE TABLE `reconciliation` (
  `reconciliation_id` int(100) NOT NULL AUTO_INCREMENT,
  `reconciliation_track_number` varchar(100) DEFAULT NULL,
  `reconciliation_name` varchar(100) DEFAULT NULL,
  `fk_financial_report_id` int(100) DEFAULT NULL,
  `fk_office_bank_id` int(100) DEFAULT NULL,
  `reconciliation_statement_balance` decimal(10,2) DEFAULT NULL,
  `fk_status_id` int(5) DEFAULT NULL,
  `reconciliation_suspense_amount` decimal(10,2) DEFAULT NULL,
  `reconciliation_created_by` int(100) DEFAULT NULL,
  `reconciliation_created_date` date DEFAULT NULL,
  `reconciliation_last_modified_by` int(100) DEFAULT NULL,
  `reconciliation_last_modified_date` date DEFAULT NULL,
  `fk_approval_id` int(100) DEFAULT NULL,
  PRIMARY KEY (`reconciliation_id`),
  KEY `fk_reconciliation_center1_idx` (`fk_financial_report_id`),
  KEY `fk_office_bank_id` (`fk_office_bank_id`),
  CONSTRAINT `reconciliation_ibfk_1` FOREIGN KEY (`fk_financial_report_id`) REFERENCES `financial_report` (`financial_report_id`) ON DELETE NO ACTION ON UPDATE NO ACTION,
  CONSTRAINT `reconciliation_ibfk_2` FOREIGN KEY (`fk_office_bank_id`) REFERENCES `office_bank` (`office_bank_id`)
) ENGINE=InnoDB DEFAULT CHARSET=latin1;

INSERT INTO `reconciliation` (`reconciliation_id`, `reconciliation_track_number`, `reconciliation_name`, `fk_financial_report_id`, `fk_office_bank_id`, `reconciliation_statement_balance`, `fk_status_id`, `reconciliation_suspense_amount`, `reconciliation_created_by`, `reconciliation_created_date`, `reconciliation_last_modified_by`, `reconciliation_last_modified_date`, `fk_approval_id`) VALUES
(7,	'REON-36877',	'Reconciliation # REON-89251',	13,	1,	750000.00,	56,	0.00,	1,	'2020-06-29',	1,	NULL,	885),
(8,	'REON-19429',	'Reconciliation # REON-45178',	13,	2,	100000.00,	56,	0.00,	1,	'2020-06-29',	1,	NULL,	886),
(9,	'REON-37240',	'Reconciliation # REON-7837',	NULL,	NULL,	980192.00,	56,	0.00,	1,	'2020-07-03',	1,	NULL,	933);

DROP TABLE IF EXISTS `request`;
CREATE TABLE `request` (
  `request_id` int(100) NOT NULL AUTO_INCREMENT,
  `request_track_number` varchar(100) DEFAULT NULL,
  `request_name` varchar(100) DEFAULT NULL,
  `fk_request_type_id` int(11) DEFAULT '1',
  `fk_status_id` int(11) DEFAULT '0',
  `fk_office_id` int(100) DEFAULT NULL,
  `fk_approval_id` int(11) DEFAULT NULL,
  `request_date` date DEFAULT NULL,
  `request_description` varchar(100) DEFAULT NULL,
  `fk_department_id` int(100) NOT NULL,
  `request_created_date` date DEFAULT NULL,
  `request_created_by` varchar(45) DEFAULT NULL,
  `request_last_modified_by` varchar(45) DEFAULT NULL,
  `request_last_modified_date` timestamp NOT NULL DEFAULT CURRENT_TIMESTAMP ON UPDATE CURRENT_TIMESTAMP,
  `request_deleted_at` date DEFAULT NULL,
  PRIMARY KEY (`request_id`)
) ENGINE=InnoDB DEFAULT CHARSET=latin1;

INSERT INTO `request` (`request_id`, `request_track_number`, `request_name`, `fk_request_type_id`, `fk_status_id`, `fk_office_id`, `fk_approval_id`, `request_date`, `request_description`, `fk_department_id`, `request_created_date`, `request_created_by`, `request_last_modified_by`, `request_last_modified_date`, `request_deleted_at`) VALUES
(4,	'REST-83702',	'Request # REST-69663',	1,	57,	1,	419,	'2020-05-04',	'test 1',	1,	NULL,	NULL,	NULL,	'2020-05-05 15:29:57',	NULL),
(5,	'REST-19268',	'Request # REST-59559',	1,	57,	1,	460,	'2020-05-06',	'Test 2',	1,	NULL,	NULL,	NULL,	'2020-05-06 09:26:16',	NULL),
(6,	'REST-72076',	'Request # REST-58443',	1,	57,	1,	495,	'2020-05-12',	'test upload',	1,	NULL,	NULL,	NULL,	'2020-05-12 14:32:24',	NULL),
(7,	'REST-71526',	'Request # REST-1605',	1,	57,	1,	496,	'2020-05-12',	'test 2 uploads',	1,	NULL,	NULL,	NULL,	'2020-05-12 14:35:18',	NULL),
(8,	'REST-2383',	'Request # REST-38632',	1,	57,	1,	497,	'2020-05-12',	'Use of temps',	1,	NULL,	NULL,	NULL,	'2020-05-12 15:04:08',	NULL),
(9,	'REST-65279',	'Request # REST-28431',	1,	57,	1,	498,	'2020-05-12',	'test session',	1,	NULL,	NULL,	NULL,	'2020-05-12 15:09:28',	NULL),
(10,	'REST-16504',	'Request # REST-73256',	1,	57,	1,	499,	'2020-05-12',	'Test an upload',	1,	NULL,	NULL,	NULL,	'2020-05-12 15:27:58',	NULL),
(11,	'REST-1242',	'Request # REST-10535',	1,	57,	1,	500,	'2020-05-12',	'Use of Core Controller',	1,	NULL,	NULL,	NULL,	'2020-05-12 15:50:52',	NULL),
(12,	'REST-82063',	'Request # REST-87823',	1,	57,	1,	501,	'2020-05-12',	'Use of Core Controller 2',	1,	NULL,	NULL,	NULL,	'2020-05-12 15:52:21',	NULL),
(13,	'REST-86680',	'Request # REST-16591',	1,	57,	1,	502,	'2020-05-12',	'Use of Core Controller 3',	1,	NULL,	NULL,	NULL,	'2020-05-12 15:54:05',	NULL),
(14,	'REST-21044',	'Request # REST-6566',	1,	57,	1,	503,	'2020-05-12',	'Unset session',	1,	NULL,	NULL,	NULL,	'2020-05-12 15:57:12',	NULL),
(15,	'REST-21267',	'Request # REST-22433',	1,	57,	1,	504,	'2020-05-12',	'Testing upload 5',	1,	NULL,	NULL,	NULL,	'2020-05-12 16:05:03',	NULL),
(16,	'REST-50766',	'Request # REST-20481',	1,	57,	1,	505,	'2020-05-12',	'Use of widgets',	1,	NULL,	NULL,	NULL,	'2020-05-12 16:23:10',	NULL),
(17,	'REST-10223',	'Request # REST-39647',	1,	57,	1,	510,	'2020-05-15',	'Temps test',	1,	NULL,	NULL,	NULL,	'2020-05-15 06:53:34',	NULL),
(18,	'REST-47469',	'Request # REST-40835',	1,	57,	1,	524,	'2020-05-18',	'treat',	1,	NULL,	NULL,	NULL,	'2020-05-18 08:36:22',	NULL),
(19,	'REST-56376',	'Request # REST-89559',	1,	57,	1,	571,	'2020-05-18',	'testing this',	1,	NULL,	NULL,	NULL,	'2020-05-18 14:27:14',	NULL),
(20,	'REST-67115',	'Request # REST-37896',	1,	57,	1,	603,	'2020-05-29',	'Treatment Cost',	1,	NULL,	NULL,	NULL,	'2020-05-29 11:40:31',	NULL),
(21,	'REST-38325',	'Request # REST-39184',	1,	57,	1,	626,	'2020-06-05',	'This is a health expense for beneficiary 2001',	1,	NULL,	NULL,	NULL,	'2020-06-05 08:29:45',	NULL);

DROP TABLE IF EXISTS `request_conversion`;
CREATE TABLE `request_conversion` (
  `request_conversion_id` int(100) NOT NULL AUTO_INCREMENT,
  `request_conversion_name` varchar(100) NOT NULL,
  `request_conversion_track_number` varchar(100) NOT NULL,
  `fk_account_system_id` int(100) NOT NULL,
  `conversion_status_id` int(100) NOT NULL,
  `request_conversion_created_date` date DEFAULT NULL,
  `request_conversion_created_by` int(100) DEFAULT NULL,
  `request_conversion_last_modified_by` int(100) DEFAULT NULL,
  `request_conversion_last_modified_date` date DEFAULT NULL,
  `fk_approval_id` int(100) DEFAULT NULL,
  `fk_status_id` int(100) DEFAULT NULL,
  PRIMARY KEY (`request_conversion_id`),
  KEY `fk_account_system_id` (`fk_account_system_id`),
  KEY `conversion_status_id` (`conversion_status_id`),
  CONSTRAINT `request_conversion_ibfk_1` FOREIGN KEY (`fk_account_system_id`) REFERENCES `account_system` (`account_system_id`),
  CONSTRAINT `request_conversion_ibfk_2` FOREIGN KEY (`conversion_status_id`) REFERENCES `status` (`status_id`)
) ENGINE=InnoDB DEFAULT CHARSET=latin1;


DROP TABLE IF EXISTS `request_detail`;
CREATE TABLE `request_detail` (
  `request_detail_id` int(100) NOT NULL AUTO_INCREMENT,
  `request_detail_track_number` varchar(100) DEFAULT NULL,
  `request_detail_name` varchar(100) DEFAULT NULL,
  `fk_request_id` int(100) DEFAULT NULL,
  `request_detail_description` varchar(45) DEFAULT NULL,
  `request_detail_quantity` int(10) DEFAULT NULL,
  `request_detail_unit_cost` decimal(10,2) DEFAULT NULL,
  `request_detail_total_cost` decimal(10,2) DEFAULT NULL,
  `fk_expense_account_id` int(100) DEFAULT NULL,
  `fk_project_allocation_id` int(100) DEFAULT NULL,
  `fk_status_id` int(100) DEFAULT NULL,
  `fk_approval_id` int(100) DEFAULT NULL,
  `request_detail_conversion_set` int(5) DEFAULT '0',
  `request_detail_voucher_number` int(100) DEFAULT '0',
  `request_detail_created_date` date DEFAULT NULL,
  `request_detail_created_by` int(100) DEFAULT NULL,
  `request_detail_last_modified_by` int(100) DEFAULT NULL,
  `request_detail_last_modified_date` timestamp NOT NULL DEFAULT CURRENT_TIMESTAMP ON UPDATE CURRENT_TIMESTAMP,
  PRIMARY KEY (`request_detail_id`),
  KEY `fk_request_detail_request1_idx` (`fk_request_id`),
  KEY `fk_request_detail_expense_account1_idx` (`fk_expense_account_id`),
  CONSTRAINT `fk_request_detail_expense_account1` FOREIGN KEY (`fk_expense_account_id`) REFERENCES `expense_account` (`expense_account_id`) ON DELETE NO ACTION ON UPDATE NO ACTION,
  CONSTRAINT `fk_request_detail_request1` FOREIGN KEY (`fk_request_id`) REFERENCES `request` (`request_id`) ON DELETE NO ACTION ON UPDATE NO ACTION
) ENGINE=InnoDB DEFAULT CHARSET=latin1;

INSERT INTO `request_detail` (`request_detail_id`, `request_detail_track_number`, `request_detail_name`, `fk_request_id`, `request_detail_description`, `request_detail_quantity`, `request_detail_unit_cost`, `request_detail_total_cost`, `fk_expense_account_id`, `fk_project_allocation_id`, `fk_status_id`, `fk_approval_id`, `request_detail_conversion_set`, `request_detail_voucher_number`, `request_detail_created_date`, `request_detail_created_by`, `request_detail_last_modified_by`, `request_detail_last_modified_date`) VALUES
(6,	'REIL-59525',	'Request_detail # REIL-17517',	4,	'test 11',	1,	3450.00,	3450.00,	1,	1,	58,	0,	0,	31,	NULL,	NULL,	NULL,	'2020-05-18 08:44:16'),
(7,	'REIL-26423',	'Request_detail # REIL-57472',	4,	'test 12',	1,	4500.00,	4500.00,	2,	1,	58,	0,	0,	0,	NULL,	NULL,	NULL,	'2020-05-06 09:17:38'),
(8,	'REIL-51250',	'Request_detail # REIL-17186',	5,	'Test 2',	3,	6500.00,	19500.00,	2,	1,	58,	0,	0,	31,	NULL,	NULL,	NULL,	'2020-05-18 08:44:16'),
(9,	'REIL-49941',	'Request_detail # REIL-17421',	5,	'Test 2',	4,	2000.00,	8000.00,	1,	1,	58,	0,	0,	0,	NULL,	NULL,	NULL,	'2020-05-06 09:26:16'),
(10,	'REIL-36896',	'Request_detail # REIL-34719',	6,	'test upload',	1,	3400.00,	3400.00,	1,	1,	58,	0,	0,	0,	NULL,	NULL,	NULL,	'2020-05-12 14:32:24'),
(11,	'REIL-71714',	'Request_detail # REIL-15121',	7,	'uploads',	1,	5600.00,	5600.00,	2,	1,	58,	0,	0,	31,	NULL,	NULL,	NULL,	'2020-05-18 08:44:16'),
(12,	'REIL-36107',	'Request_detail # REIL-25825',	8,	'temps',	1,	4500.00,	4500.00,	2,	1,	58,	0,	0,	0,	NULL,	NULL,	NULL,	'2020-05-12 15:04:08'),
(13,	'REIL-54881',	'Request_detail # REIL-13543',	9,	'session',	2,	7800.00,	15600.00,	1,	1,	58,	0,	0,	0,	NULL,	NULL,	NULL,	'2020-05-12 15:09:28'),
(14,	'REIL-52968',	'Request_detail # REIL-46436',	10,	'test upload',	1,	4600.00,	4600.00,	2,	1,	58,	0,	0,	0,	NULL,	NULL,	NULL,	'2020-05-12 15:27:58'),
(15,	'REIL-5522',	'Request_detail # REIL-48535',	11,	'Use of Core Controller',	2,	4500.00,	9000.00,	1,	1,	58,	0,	0,	0,	NULL,	NULL,	NULL,	'2020-05-12 15:50:52'),
(16,	'REIL-50020',	'Request_detail # REIL-76600',	12,	'Use of Core Controller 2',	3,	4100.00,	12300.00,	2,	1,	58,	0,	0,	0,	NULL,	NULL,	NULL,	'2020-05-12 15:52:21'),
(17,	'REIL-11853',	'Request_detail # REIL-10977',	13,	'Use of Core Controller 3',	3,	5600.00,	16800.00,	2,	1,	58,	0,	0,	0,	NULL,	NULL,	NULL,	'2020-05-12 15:54:05'),
(18,	'REIL-73493',	'Request_detail # REIL-84265',	14,	'Unset session',	2,	3400.00,	6800.00,	1,	1,	58,	0,	0,	0,	NULL,	NULL,	NULL,	'2020-05-12 15:57:12'),
(19,	'REIL-82621',	'Request_detail # REIL-18816',	15,	'Testing upload 5',	1,	4700.00,	4700.00,	1,	1,	58,	0,	0,	0,	NULL,	NULL,	NULL,	'2020-05-12 16:05:03'),
(20,	'REIL-18712',	'Request_detail # REIL-64565',	16,	'Use of widgets',	1,	2400.00,	2400.00,	2,	1,	58,	0,	0,	0,	NULL,	NULL,	NULL,	'2020-05-12 16:23:10'),
(21,	'REIL-11720',	'Request_detail # REIL-66122',	17,	'Temp test',	1,	2500.00,	2500.00,	1,	1,	58,	0,	0,	0,	NULL,	NULL,	NULL,	'2020-05-15 06:53:34'),
(22,	'REIL-30834',	'Request_detail # REIL-48754',	18,	'treat 1',	1,	12.00,	12.00,	1,	1,	58,	0,	0,	0,	NULL,	NULL,	NULL,	'2020-05-18 08:36:22'),
(23,	'REIL-13936',	'Request_detail # REIL-4606',	19,	'testing this',	1,	2.00,	2.00,	1,	1,	58,	0,	0,	0,	NULL,	NULL,	NULL,	'2020-05-18 14:27:14'),
(24,	'REIL-63032',	'Request_detail # REIL-11796',	20,	'Treatment',	1,	5000.00,	5000.00,	2,	1,	58,	0,	0,	33,	NULL,	NULL,	NULL,	'2020-05-29 11:48:41'),
(25,	'REIL-35942',	'Request_detail # REIL-15349',	21,	'health cost',	1,	3400.00,	3400.00,	2,	16,	58,	0,	0,	0,	NULL,	NULL,	NULL,	'2020-06-05 08:29:45'),
(26,	'REIL-77422',	'Request_detail # REIL-19711',	21,	'health cost 2',	1,	5000.00,	5000.00,	1,	1,	58,	0,	0,	34,	NULL,	NULL,	NULL,	'2020-06-05 08:36:14');

DROP TABLE IF EXISTS `request_type`;
CREATE TABLE `request_type` (
  `request_type_id` int(11) NOT NULL AUTO_INCREMENT,
  `request_type_track_number` varchar(100) NOT NULL,
  `request_type_name` varchar(100) NOT NULL,
  `request_type_is_active` int(5) NOT NULL DEFAULT '1',
  `fk_account_system_id` int(100) NOT NULL DEFAULT '1',
  `request_type_created_date` date DEFAULT NULL,
  `request_type_created_by` int(100) DEFAULT NULL,
  `request_type_last_modified_by` int(100) DEFAULT NULL,
  `request_type_last_modified_date` timestamp NULL DEFAULT CURRENT_TIMESTAMP,
  `fk_approval_id` int(100) DEFAULT NULL,
  `fk_status_id` int(100) DEFAULT NULL,
  PRIMARY KEY (`request_type_id`),
  KEY `fk_account_system_id` (`fk_account_system_id`),
  CONSTRAINT `request_type_ibfk_1` FOREIGN KEY (`fk_account_system_id`) REFERENCES `account_system` (`account_system_id`)
) ENGINE=InnoDB DEFAULT CHARSET=latin1;

INSERT INTO `request_type` (`request_type_id`, `request_type_track_number`, `request_type_name`, `request_type_is_active`, `fk_account_system_id`, `request_type_created_date`, `request_type_created_by`, `request_type_last_modified_by`, `request_type_last_modified_date`, `fk_approval_id`, `fk_status_id`) VALUES
(1,	'REPE-27040',	'General Requests',	1,	1,	'2020-04-30',	1,	1,	'2020-04-30 05:30:34',	105,	60);

DROP TABLE IF EXISTS `role`;
CREATE TABLE `role` (
  `role_id` int(100) NOT NULL AUTO_INCREMENT,
  `role_track_number` varchar(100) DEFAULT NULL,
  `role_name` varchar(100) DEFAULT NULL,
  `role_shortname` varchar(50) NOT NULL,
  `role_description` longtext,
  `role_is_active` int(5) DEFAULT NULL,
  `role_is_new_status_default` int(5) DEFAULT '0',
  `role_is_department_strict` int(5) DEFAULT '0',
  `role_created_by` int(100) DEFAULT NULL,
  `role_created_date` date DEFAULT NULL,
  `role_last_modified_date` timestamp NOT NULL DEFAULT CURRENT_TIMESTAMP,
  `role_last_modified_by` varchar(45) DEFAULT NULL,
  `role_deleted_at` date DEFAULT NULL,
  `fk_approval_id` int(100) DEFAULT NULL,
  `fk_status_id` int(100) DEFAULT NULL,
  PRIMARY KEY (`role_id`)
) ENGINE=InnoDB DEFAULT CHARSET=latin1;

INSERT INTO `role` (`role_id`, `role_track_number`, `role_name`, `role_shortname`, `role_description`, `role_is_active`, `role_is_new_status_default`, `role_is_department_strict`, `role_created_by`, `role_created_date`, `role_last_modified_date`, `role_last_modified_by`, `role_deleted_at`, `fk_approval_id`, `fk_status_id`) VALUES
(1,	'ROLE-11951',	'Super System Administrator',	'superadmin',	'Super System Administrator',	1,	1,	0,	1,	'2020-04-29',	'2020-04-29 13:05:29',	'1',	NULL,	0,	0),
(2,	'ROLE-84639',	'Admin Role',	'test',	'test',	1,	0,	0,	1,	'2020-04-29',	'2020-04-29 15:57:30',	'1',	NULL,	3,	61),
(3,	'ROLE-15923',	'Accountant Role',	'accountant',	'Accountant Role',	1,	0,	0,	1,	'2020-05-05',	'2020-05-05 12:45:23',	'1',	NULL,	457,	61);

DROP TABLE IF EXISTS `role_permission`;
CREATE TABLE `role_permission` (
  `role_permission_id` int(100) NOT NULL AUTO_INCREMENT,
  `role_permission_track_number` varchar(100) NOT NULL,
  `role_permission_name` varchar(100) NOT NULL,
  `role_permission_is_active` int(5) NOT NULL,
  `fk_role_id` int(100) NOT NULL,
  `fk_permission_id` int(11) NOT NULL,
  `fk_approval_id` int(100) NOT NULL,
  `fk_status_id` int(100) NOT NULL,
  `role_permission_created_date` date NOT NULL,
  `role_permission_created_by` int(100) NOT NULL,
  `role_permission_last_modified_date` timestamp NOT NULL DEFAULT CURRENT_TIMESTAMP,
  `role_permission_last_modified_by` int(100) NOT NULL,
  PRIMARY KEY (`role_permission_id`),
  KEY `fk_role_id` (`fk_role_id`),
  KEY `fk_permission_id` (`fk_permission_id`),
  CONSTRAINT `role_permission_ibfk_4` FOREIGN KEY (`fk_role_id`) REFERENCES `role` (`role_id`) ON DELETE CASCADE,
  CONSTRAINT `role_permission_ibfk_5` FOREIGN KEY (`fk_permission_id`) REFERENCES `permission` (`permission_id`) ON DELETE CASCADE
) ENGINE=InnoDB DEFAULT CHARSET=latin1;

INSERT INTO `role_permission` (`role_permission_id`, `role_permission_track_number`, `role_permission_name`, `role_permission_is_active`, `fk_role_id`, `fk_permission_id`, `fk_approval_id`, `fk_status_id`, `role_permission_created_date`, `role_permission_created_by`, `role_permission_last_modified_date`, `role_permission_last_modified_by`) VALUES
(1,	'ROON-43794',	'Read permission for Dashboard by Super System Administrator',	1,	1,	81,	0,	62,	'2020-04-29',	1,	'2020-04-29 13:07:18',	1),
(2,	'ROON-42813',	'Test Role Permissions',	1,	2,	86,	102,	62,	'2020-04-30',	1,	'2020-04-30 04:36:24',	1),
(3,	'ROON-17653',	'Read permission for Dashboard by Test',	1,	2,	81,	103,	62,	'2020-04-30',	40,	'2020-04-30 04:37:48',	40),
(4,	'ROON-61490',	'Create a request',	1,	2,	165,	104,	62,	'2020-04-30',	1,	'2020-04-30 05:27:47',	1),
(5,	'ROON-42949',	'Create a voucher',	1,	2,	205,	122,	62,	'2020-04-30',	1,	'2020-04-30 06:08:27',	1),
(6,	'ROON-62549',	'View Journal',	1,	2,	118,	170,	62,	'2020-04-30',	1,	'2020-04-30 07:28:09',	1),
(7,	'ROON-62764',	'Read Financial Report',	1,	2,	98,	171,	62,	'2020-04-30',	1,	'2020-04-30 07:32:27',	1),
(9,	'ROON-87128',	'Create office',	1,	2,	137,	276,	62,	'2020-05-02',	1,	'2020-05-02 16:04:09',	1),
(10,	'ROON-47506',	'Update request',	1,	2,	167,	420,	62,	'2020-05-04',	1,	'2020-05-04 18:21:20',	1),
(11,	'ROON-11041',	'Create funder',	1,	2,	101,	421,	62,	'2020-05-05',	1,	'2020-05-05 06:21:18',	1),
(12,	'ROON-2814',	'Create Project',	1,	2,	153,	422,	62,	'2020-05-05',	1,	'2020-05-05 06:21:57',	1),
(13,	'ROON-72529',	'Create project allocation',	1,	2,	157,	423,	62,	'2020-05-05',	1,	'2020-05-05 06:22:25',	1),
(14,	'ROON-17584',	'Read Menu',	1,	2,	130,	438,	62,	'2020-05-05',	1,	'2020-05-05 10:25:49',	1),
(15,	'ROON-74716',	'Create a budget item',	1,	2,	25,	533,	62,	'2020-05-18',	1,	'2020-05-18 09:01:24',	1),
(16,	'ROON-81150',	'Create budget item',	1,	2,	29,	535,	62,	'2020-05-18',	1,	'2020-05-18 09:03:38',	1);

DROP TABLE IF EXISTS `setting`;
CREATE TABLE `setting` (
  `setting_id` int(11) NOT NULL AUTO_INCREMENT,
  `type` varchar(100) DEFAULT NULL,
  `description` varchar(100) DEFAULT NULL,
  `setting_created_date` date DEFAULT NULL,
  `setting_created_by` int(100) DEFAULT NULL,
  `setting_last_modified_by` int(100) DEFAULT NULL,
  `setting_last_modified_date` timestamp NULL DEFAULT CURRENT_TIMESTAMP,
  `fk_approval_id` int(100) DEFAULT NULL,
  `fk_status_id` int(100) DEFAULT NULL,
  PRIMARY KEY (`setting_id`)
) ENGINE=InnoDB DEFAULT CHARSET=latin1;

INSERT INTO `setting` (`setting_id`, `type`, `description`, `setting_created_date`, `setting_created_by`, `setting_last_modified_by`, `setting_last_modified_date`, `fk_approval_id`, `fk_status_id`) VALUES
(1,	'system_name',	'Grants Management System',	'2020-04-29',	1,	1,	'2020-04-29 13:05:19',	NULL,	NULL),
(2,	'system_title',	'Grants Management System',	'2020-04-29',	1,	1,	'2020-04-29 13:05:19',	NULL,	NULL),
(3,	'address',	'1945 Nairobi',	'2020-04-29',	1,	1,	'2020-04-29 13:05:19',	NULL,	NULL),
(4,	'phone',	'+254711808071',	'2020-04-29',	1,	1,	'2020-04-29 13:05:19',	NULL,	NULL),
(5,	'system_email',	'nkmwambs@gmail.com',	'2020-04-29',	1,	1,	'2020-04-29 13:05:19',	NULL,	NULL),
(6,	'language',	'1',	'2020-04-29',	1,	1,	'2020-04-29 13:05:19',	NULL,	NULL),
(7,	'text_align',	'left-to-right',	'2020-04-29',	1,	1,	'2020-04-29 13:05:19',	NULL,	NULL),
(8,	'skin_colour',	'blue',	'2020-04-29',	1,	1,	'2020-04-29 13:05:19',	NULL,	NULL),
(9,	'system_setup_completed',	'1',	'2020-04-29',	1,	1,	'2020-04-29 13:05:19',	NULL,	NULL),
(10,	'setup_password',	'06d59f4b5eb00a76399920e82e6858b0',	'2020-04-29',	1,	1,	'2020-04-29 13:05:19',	NULL,	NULL),
(11,	'base_currency_code',	'36',	'2020-04-29',	1,	1,	'2020-04-29 13:05:19',	NULL,	NULL);

DROP TABLE IF EXISTS `status`;
CREATE TABLE `status` (
  `status_id` int(11) NOT NULL AUTO_INCREMENT,
  `status_track_number` varchar(100) NOT NULL,
  `status_name` varchar(50) NOT NULL,
  `fk_approval_flow_id` int(100) NOT NULL,
  `status_approval_sequence` int(10) NOT NULL,
  `status_backflow_sequence` int(10) NOT NULL,
  `status_approval_direction` int(5) NOT NULL COMMENT '1-straight jumps, 0 - return jumps, -1 - reverse jump',
  `status_is_requiring_approver_action` int(5) NOT NULL DEFAULT '1',
  `status_created_date` date NOT NULL,
  `status_created_by` int(100) NOT NULL,
  `status_last_modified_date` timestamp NOT NULL DEFAULT CURRENT_TIMESTAMP ON UPDATE CURRENT_TIMESTAMP,
  `status_last_modified_by` int(100) NOT NULL,
  `fk_approval_id` int(100) DEFAULT NULL,
  `fk_status_id` int(100) DEFAULT NULL,
  PRIMARY KEY (`status_id`)
) ENGINE=InnoDB DEFAULT CHARSET=latin1;

INSERT INTO `status` (`status_id`, `status_track_number`, `status_name`, `fk_approval_flow_id`, `status_approval_sequence`, `status_backflow_sequence`, `status_approval_direction`, `status_is_requiring_approver_action`, `status_created_date`, `status_created_by`, `status_last_modified_date`, `status_last_modified_by`, `fk_approval_id`, `fk_status_id`) VALUES
(1,	'STUS-76158',	'Ready to Submit',	1,	1,	0,	1,	0,	'2020-04-29',	1,	'2020-06-29 18:23:26',	1,	NULL,	NULL),
(2,	'STUS-21872',	'Ready to Submit',	2,	1,	0,	1,	0,	'2020-04-29',	1,	'2020-06-29 18:23:26',	1,	NULL,	NULL),
(3,	'STUS-52177',	'Ready to Submit',	3,	1,	0,	1,	0,	'2020-04-29',	1,	'2020-06-29 18:23:26',	1,	NULL,	NULL),
(4,	'STUS-39717',	'Ready to Submit',	4,	1,	0,	1,	0,	'2020-04-29',	1,	'2020-06-29 18:23:26',	1,	NULL,	NULL),
(5,	'STUS-13292',	'Ready to Submit',	5,	1,	0,	1,	0,	'2020-04-29',	1,	'2020-06-29 18:23:26',	1,	NULL,	NULL),
(6,	'STUS-6347',	'Ready to Submit',	6,	1,	0,	1,	0,	'2020-04-29',	1,	'2020-06-29 18:23:26',	1,	NULL,	NULL),
(7,	'STUS-30475',	'Ready to Submit',	7,	1,	0,	1,	0,	'2020-04-29',	1,	'2020-06-29 18:23:26',	1,	NULL,	NULL),
(8,	'STUS-50635',	'Ready to Submit',	8,	1,	0,	1,	0,	'2020-04-29',	1,	'2020-06-29 18:23:26',	1,	NULL,	NULL),
(9,	'STUS-7158',	'Ready to Submit',	9,	1,	0,	1,	0,	'2020-04-29',	1,	'2020-06-29 18:23:26',	1,	NULL,	NULL),
(10,	'STUS-5674',	'Ready to Submit',	10,	1,	0,	1,	0,	'2020-04-29',	1,	'2020-06-29 18:23:26',	1,	NULL,	NULL),
(11,	'STUS-55868',	'Ready to Submit',	11,	1,	0,	1,	0,	'2020-04-29',	1,	'2020-06-29 18:23:26',	1,	NULL,	NULL),
(12,	'STUS-73877',	'Ready to Submit',	12,	1,	0,	1,	0,	'2020-04-29',	1,	'2020-06-29 18:23:26',	1,	NULL,	NULL),
(13,	'STUS-61920',	'Ready to Submit',	13,	1,	0,	1,	0,	'2020-04-29',	1,	'2020-06-29 18:23:26',	1,	NULL,	NULL),
(14,	'STUS-85388',	'Ready to Submit',	14,	1,	0,	1,	0,	'2020-04-29',	1,	'2020-06-29 18:23:26',	1,	NULL,	NULL),
(15,	'STUS-53689',	'Ready to Submit',	15,	1,	0,	1,	0,	'2020-04-29',	1,	'2020-06-29 18:23:26',	1,	NULL,	NULL),
(16,	'STUS-40834',	'Ready to Submit',	16,	1,	0,	1,	0,	'2020-04-29',	1,	'2020-06-29 18:23:26',	1,	NULL,	NULL),
(17,	'STUS-43154',	'Ready to Submit',	17,	1,	0,	1,	0,	'2020-04-29',	1,	'2020-06-29 18:23:26',	1,	NULL,	NULL),
(18,	'STUS-1811',	'Ready to Submit',	18,	1,	0,	1,	0,	'2020-04-29',	1,	'2020-06-29 18:23:26',	1,	NULL,	NULL),
(19,	'STUS-50021',	'Ready to Submit',	19,	1,	0,	1,	0,	'2020-04-29',	1,	'2020-06-29 18:23:26',	1,	NULL,	NULL),
(20,	'STUS-56728',	'Ready to Submit',	20,	1,	0,	1,	0,	'2020-04-29',	1,	'2020-06-29 18:23:26',	1,	NULL,	NULL),
(21,	'STUS-88832',	'Ready to Submit',	21,	1,	0,	1,	0,	'2020-04-29',	1,	'2020-06-29 18:23:26',	1,	NULL,	NULL),
(22,	'STUS-25578',	'Ready to Submit',	22,	1,	0,	1,	0,	'2020-04-29',	1,	'2020-06-29 18:23:26',	1,	NULL,	NULL),
(23,	'STUS-59692',	'Ready to Submit',	23,	1,	0,	1,	0,	'2020-04-29',	1,	'2020-06-29 18:23:26',	1,	NULL,	NULL),
(24,	'STUS-75294',	'Ready to Submit',	24,	1,	0,	1,	0,	'2020-04-29',	1,	'2020-06-29 18:23:26',	1,	NULL,	NULL),
(25,	'STUS-24819',	'Ready to Submit',	25,	1,	0,	1,	0,	'2020-04-29',	1,	'2020-06-29 18:23:26',	1,	NULL,	NULL),
(26,	'STUS-55313',	'Ready to Submit',	26,	1,	0,	1,	0,	'2020-04-29',	1,	'2020-06-29 18:23:26',	1,	NULL,	NULL),
(27,	'STUS-70296',	'Ready to Submit',	27,	1,	0,	1,	0,	'2020-04-29',	1,	'2020-06-29 18:23:26',	1,	NULL,	NULL),
(28,	'STUS-23410',	'Ready to Submit',	28,	1,	0,	1,	0,	'2020-04-29',	1,	'2020-06-29 18:23:26',	1,	NULL,	NULL),
(29,	'STUS-29146',	'Ready to Submit',	29,	1,	0,	1,	0,	'2020-04-29',	1,	'2020-06-29 18:23:26',	1,	NULL,	NULL),
(30,	'STUS-77181',	'Ready to Submit',	30,	1,	0,	1,	0,	'2020-04-29',	1,	'2020-06-29 18:23:26',	1,	NULL,	NULL),
(31,	'STUS-21253',	'Ready to Submit',	31,	1,	0,	1,	0,	'2020-04-29',	1,	'2020-06-29 18:23:26',	1,	NULL,	NULL),
(32,	'STUS-20123',	'Ready to Submit',	32,	1,	0,	1,	0,	'2020-04-29',	1,	'2020-06-29 18:23:26',	1,	NULL,	NULL),
(33,	'STUS-6362',	'Ready to Submit',	33,	1,	0,	1,	0,	'2020-04-29',	1,	'2020-06-29 18:23:26',	1,	NULL,	NULL),
(34,	'STUS-43442',	'Ready to Submit',	34,	1,	0,	1,	0,	'2020-04-29',	1,	'2020-06-29 18:23:26',	1,	NULL,	NULL),
(35,	'STUS-28970',	'Ready to Submit',	35,	1,	0,	1,	0,	'2020-04-29',	1,	'2020-06-29 18:23:26',	1,	NULL,	NULL),
(36,	'STUS-69900',	'Ready to Submit',	36,	1,	0,	1,	0,	'2020-04-29',	1,	'2020-06-29 18:23:26',	1,	NULL,	NULL),
(37,	'STUS-66945',	'Ready to Submit',	37,	1,	0,	1,	0,	'2020-04-29',	1,	'2020-06-29 18:23:26',	1,	NULL,	NULL),
(38,	'STUS-31446',	'Ready to Submit',	38,	1,	0,	1,	0,	'2020-04-29',	1,	'2020-06-29 18:23:26',	1,	NULL,	NULL),
(39,	'STUS-36800',	'Ready to Submit',	39,	1,	0,	1,	0,	'2020-04-29',	1,	'2020-06-29 18:23:26',	1,	NULL,	NULL),
(40,	'STUS-52013',	'Ready to Submit',	40,	1,	0,	1,	0,	'2020-04-29',	1,	'2020-06-29 18:23:26',	1,	NULL,	NULL),
(41,	'STUS-1410',	'Ready to Submit',	41,	1,	0,	1,	0,	'2020-04-29',	1,	'2020-06-29 18:23:26',	1,	NULL,	NULL),
(42,	'STUS-34396',	'Ready to Submit',	42,	1,	0,	1,	0,	'2020-04-29',	1,	'2020-06-29 18:23:26',	1,	NULL,	NULL),
(43,	'STUS-84896',	'Ready to Submit',	43,	1,	0,	1,	0,	'2020-04-29',	1,	'2020-06-29 18:23:26',	1,	NULL,	NULL),
(44,	'STUS-78874',	'Ready to Submit',	44,	1,	0,	1,	0,	'2020-04-29',	1,	'2020-06-29 18:23:26',	1,	NULL,	NULL),
(45,	'STUS-7461',	'Ready to Submit',	45,	1,	0,	1,	0,	'2020-04-29',	1,	'2020-06-29 18:23:26',	1,	NULL,	NULL),
(46,	'STUS-84607',	'Ready to Submit',	46,	1,	0,	1,	0,	'2020-04-29',	1,	'2020-06-29 18:23:26',	1,	NULL,	NULL),
(47,	'STUS-52333',	'Ready to Submit',	47,	1,	0,	1,	0,	'2020-04-29',	1,	'2020-06-29 18:23:26',	1,	NULL,	NULL),
(48,	'STUS-18079',	'Ready to Submit',	48,	1,	0,	1,	0,	'2020-04-29',	1,	'2020-06-29 18:23:26',	1,	NULL,	NULL),
(49,	'STUS-21902',	'Ready to Submit',	49,	1,	0,	1,	0,	'2020-04-29',	1,	'2020-06-29 18:23:26',	1,	NULL,	NULL),
(50,	'STUS-16383',	'Ready to Submit',	50,	1,	0,	1,	0,	'2020-04-29',	1,	'2020-06-29 18:23:26',	1,	NULL,	NULL),
(51,	'STUS-43849',	'Ready to Submit',	51,	1,	0,	1,	0,	'2020-04-29',	1,	'2020-06-29 18:23:26',	1,	NULL,	NULL),
(52,	'STUS-39637',	'Ready to Submit',	52,	1,	0,	1,	0,	'2020-04-29',	1,	'2020-06-29 18:23:26',	1,	NULL,	NULL),
(53,	'STUS-7088',	'Ready to Submit',	53,	1,	0,	1,	0,	'2020-04-29',	1,	'2020-06-29 18:23:26',	1,	NULL,	NULL),
(54,	'STUS-9526',	'Ready to Submit',	54,	1,	0,	1,	0,	'2020-04-29',	1,	'2020-06-29 18:23:26',	1,	NULL,	NULL),
(55,	'STUS-15144',	'Ready to Submit',	55,	1,	0,	1,	0,	'2020-04-29',	1,	'2020-06-29 18:23:26',	1,	NULL,	NULL),
(56,	'STUS-47657',	'Ready to Submit',	56,	1,	0,	1,	0,	'2020-04-29',	1,	'2020-06-29 18:23:26',	1,	NULL,	NULL),
(57,	'STUS-3071',	'Ready to Submit',	57,	1,	0,	1,	0,	'2020-04-29',	1,	'2020-06-29 18:23:26',	1,	NULL,	NULL),
(58,	'STUS-87200',	'Ready to Submit',	58,	1,	0,	1,	0,	'2020-04-29',	1,	'2020-06-29 18:23:26',	1,	NULL,	NULL),
(59,	'STUS-74453',	'Ready to Submit',	59,	1,	0,	1,	0,	'2020-04-29',	1,	'2020-06-29 18:23:26',	1,	NULL,	NULL),
(60,	'STUS-35892',	'Ready to Submit',	60,	1,	0,	1,	0,	'2020-04-29',	1,	'2020-06-29 18:23:26',	1,	NULL,	NULL),
(61,	'STUS-45800',	'Ready to Submit',	61,	1,	0,	1,	0,	'2020-04-29',	1,	'2020-06-29 18:23:26',	1,	NULL,	NULL),
(62,	'STUS-33372',	'Ready to Submit',	62,	1,	0,	1,	0,	'2020-04-29',	1,	'2020-06-29 18:23:26',	1,	NULL,	NULL),
(63,	'STUS-16534',	'Ready to Submit',	63,	1,	0,	1,	0,	'2020-04-29',	1,	'2020-06-29 18:23:26',	1,	NULL,	NULL),
(64,	'STUS-30279',	'Ready to Submit',	64,	1,	0,	1,	0,	'2020-04-29',	1,	'2020-06-29 18:23:26',	1,	NULL,	NULL),
(65,	'STUS-12175',	'Ready to Submit',	65,	1,	0,	1,	0,	'2020-04-29',	1,	'2020-06-29 18:23:26',	1,	NULL,	NULL),
(66,	'STUS-20571',	'Ready to Submit',	66,	1,	0,	1,	0,	'2020-04-29',	1,	'2020-06-29 18:23:26',	1,	NULL,	NULL),
(67,	'STUS-20151',	'Ready to Submit',	67,	1,	0,	1,	0,	'2020-04-29',	1,	'2020-06-29 18:23:26',	1,	NULL,	NULL),
(68,	'STUS-67880',	'Ready to Submit',	68,	1,	0,	1,	0,	'2020-04-29',	1,	'2020-06-29 18:23:26',	1,	NULL,	NULL),
(69,	'STUS-2675',	'Ready to Submit',	69,	1,	0,	1,	0,	'2020-04-29',	1,	'2020-06-29 18:23:26',	1,	NULL,	NULL),
(70,	'STUS-36759',	'Ready to Submit',	70,	1,	0,	1,	0,	'2020-04-29',	1,	'2020-06-29 18:23:26',	1,	NULL,	NULL),
(71,	'STUS-2282',	'Ready to Submit',	71,	1,	0,	1,	0,	'2020-04-29',	1,	'2020-06-29 18:23:26',	1,	NULL,	NULL),
(72,	'STUS-17085',	'Ready to Submit',	72,	1,	0,	1,	0,	'2020-04-29',	1,	'2020-06-29 18:23:26',	1,	NULL,	NULL),
(73,	'STUS-52984',	'Ready to Submit',	73,	1,	0,	1,	0,	'2020-04-29',	1,	'2020-06-29 18:23:26',	1,	NULL,	NULL),
(74,	'STUS-79897',	'Ready to Submit',	74,	1,	0,	1,	0,	'2020-04-29',	1,	'2020-06-29 18:23:26',	1,	NULL,	NULL),
(75,	'STUS-36643',	'Ready to Submit',	75,	1,	0,	1,	0,	'2020-04-29',	1,	'2020-06-29 18:23:26',	1,	NULL,	NULL),
(80,	'STUS-39288',	'Ready to Submit',	57,	2,	0,	1,	1,	'2020-05-05',	1,	'2020-06-29 18:23:26',	1,	453,	0),
(81,	'STUS-36643',	'Ready to Submit',	76,	1,	0,	1,	0,	'2020-04-29',	1,	'2020-06-29 18:23:26',	1,	NULL,	NULL),
(99,	'STUS-76332',	'Ready to Submit',	101,	1,	0,	1,	0,	'2020-05-25',	1,	'2020-06-29 18:23:26',	1,	NULL,	NULL),
(100,	'STUS-5944',	'Ready to Submit',	102,	1,	0,	1,	0,	'2020-05-25',	1,	'2020-06-29 18:23:26',	1,	NULL,	NULL),
(101,	'STUS-83293',	'Ready to Submit',	103,	1,	0,	1,	0,	'2020-05-25',	1,	'2020-06-29 18:23:26',	1,	NULL,	NULL),
(103,	'STUS-46946',	'Ready to Submit',	105,	1,	0,	1,	0,	'2020-06-02',	1,	'2020-06-29 18:23:26',	1,	NULL,	NULL),
(104,	'STUS-11545',	'Ready to Submit',	106,	1,	0,	1,	0,	'2020-06-02',	1,	'2020-06-29 18:23:26',	1,	NULL,	NULL),
(105,	'STUS-85324',	'Ready to Submit',	107,	1,	0,	1,	0,	'2020-06-13',	1,	'2020-06-29 18:23:26',	1,	NULL,	NULL),
(106,	'STUS-47029',	'Ready to Submit',	108,	1,	0,	1,	0,	'2020-06-13',	1,	'2020-06-29 18:23:26',	1,	NULL,	NULL);

DROP TABLE IF EXISTS `status_role`;
CREATE TABLE `status_role` (
  `status_role_id` int(100) NOT NULL AUTO_INCREMENT,
  `status_role_track_number` varchar(100) NOT NULL,
  `status_role_name` varchar(100) NOT NULL,
  `fk_role_id` int(100) NOT NULL,
  `fk_status_id` int(100) NOT NULL,
  `status_role_status_id` int(100) NOT NULL,
  `status_role_created_by` int(100) NOT NULL,
  `status_role_created_date` date NOT NULL DEFAULT '0000-00-00',
  `status_role_last_modified_by` int(100) NOT NULL,
  `status_role_last_modified_date` timestamp NOT NULL DEFAULT CURRENT_TIMESTAMP ON UPDATE CURRENT_TIMESTAMP,
  `fk_approval_id` int(100) DEFAULT NULL,
  PRIMARY KEY (`status_role_id`),
  KEY `fk_role_id` (`fk_role_id`),
  CONSTRAINT `status_role_ibfk_4` FOREIGN KEY (`fk_role_id`) REFERENCES `role` (`role_id`) ON DELETE CASCADE
) ENGINE=InnoDB DEFAULT CHARSET=latin1;

INSERT INTO `status_role` (`status_role_id`, `status_role_track_number`, `status_role_name`, `fk_role_id`, `fk_status_id`, `status_role_status_id`, `status_role_created_by`, `status_role_created_date`, `status_role_last_modified_by`, `status_role_last_modified_date`, `fk_approval_id`) VALUES
(25,	'STLE-69740',	'Status_role # STLE-77233',	2,	64,	57,	1,	'2020-05-04',	1,	'2020-05-04 04:39:54',	418),
(27,	'STLE-2048',	'Status_role # STLE-63318',	1,	64,	80,	1,	'2020-05-05',	1,	'2020-05-05 14:02:59',	455),
(30,	'STLE-28790',	'Status_role # STLE-83011',	3,	64,	80,	1,	'2020-05-05',	1,	'2020-05-05 13:56:35',	459);

DROP TABLE IF EXISTS `system_opening_balance`;
CREATE TABLE `system_opening_balance` (
  `system_opening_balance_id` int(100) NOT NULL AUTO_INCREMENT,
  `system_opening_balance_track_number` varchar(100) NOT NULL,
  `system_opening_balance_name` varchar(100) NOT NULL,
  `fk_office_id` int(100) NOT NULL,
  `month` date NOT NULL,
  `system_opening_balance_created_date` date DEFAULT NULL,
  `system_opening_balance_created_by` int(100) DEFAULT NULL,
  `system_opening_balance_last_modified_by` int(100) DEFAULT NULL,
  `system_opening_balance_last_modified_date` date DEFAULT NULL,
  `fk_approval_id` int(100) DEFAULT NULL,
  `fk_status_id` int(100) DEFAULT NULL,
  PRIMARY KEY (`system_opening_balance_id`),
  KEY `fk_office_id` (`fk_office_id`),
  CONSTRAINT `system_opening_balance_ibfk_1` FOREIGN KEY (`fk_office_id`) REFERENCES `office` (`office_id`)
) ENGINE=InnoDB DEFAULT CHARSET=latin1;

INSERT INTO `system_opening_balance` (`system_opening_balance_id`, `system_opening_balance_track_number`, `system_opening_balance_name`, `fk_office_id`, `month`, `system_opening_balance_created_date`, `system_opening_balance_created_by`, `system_opening_balance_last_modified_by`, `system_opening_balance_last_modified_date`, `fk_approval_id`, `fk_status_id`) VALUES
(1,	'SYCE-12564',	'Financial Opening Balance for Region Office',	2,	'2020-04-01',	'2020-04-30',	1,	1,	NULL,	174,	65),
(2,	'SYCE-78409',	'Financial Opening Balance for National Office',	3,	'2020-04-01',	'2020-04-30',	1,	1,	NULL,	177,	65),
(3,	'SYCE-12564',	'Financial Opening Balance for Head Office',	1,	'2020-04-01',	'2020-04-30',	1,	1,	NULL,	174,	65),
(4,	'SYCE-89445',	'Financial Opening Balance for Office 2',	4,	'0000-00-00',	'2020-05-18',	1,	1,	NULL,	513,	65),
(5,	'SYCE-58464',	'Financial Opening Balance for Office 3',	5,	'2020-05-01',	'2020-05-18',	1,	1,	NULL,	516,	65),
(6,	'SYCE-60755',	'Financial Opening Balance for Office 4',	6,	'2020-05-01',	'2020-05-18',	1,	1,	NULL,	519,	65);

DROP TABLE IF EXISTS `translation`;
CREATE TABLE `translation` (
  `translation_id` int(100) NOT NULL AUTO_INCREMENT,
  `language_phrase_id` int(100) DEFAULT NULL,
  `language_id` int(100) DEFAULT NULL,
  `translate` longtext,
  `created_date` date DEFAULT NULL,
  `last_modified_date` date DEFAULT NULL,
  `deleted_date` date DEFAULT NULL,
  `created_by` int(100) DEFAULT NULL,
  `last_modified_by` int(100) DEFAULT NULL,
  `translation_created_date` date DEFAULT NULL,
  `translation_created_by` int(100) DEFAULT NULL,
  `translation_last_modified_by` int(100) DEFAULT NULL,
  `translation_last_modified_date` date DEFAULT NULL,
  `fk_approval_id` int(100) DEFAULT NULL,
  `fk_status_id` int(100) DEFAULT NULL,
  PRIMARY KEY (`translation_id`),
  KEY `fk_translation_language1_idx` (`language_id`),
  KEY `fk_translation_language_phrase1_idx` (`language_phrase_id`),
  CONSTRAINT `fk_translation_language1` FOREIGN KEY (`language_id`) REFERENCES `language` (`language_id`) ON DELETE NO ACTION ON UPDATE NO ACTION,
  CONSTRAINT `fk_translation_language_phrase1` FOREIGN KEY (`language_phrase_id`) REFERENCES `language_phrase` (`language_phrase_id`) ON DELETE NO ACTION ON UPDATE NO ACTION
) ENGINE=InnoDB DEFAULT CHARSET=latin1;


DROP TABLE IF EXISTS `user`;
CREATE TABLE `user` (
  `user_id` int(100) NOT NULL AUTO_INCREMENT,
  `user_track_number` varchar(100) NOT NULL,
  `user_name` varchar(100) NOT NULL,
  `user_firstname` varchar(100) NOT NULL,
  `user_lastname` varchar(100) NOT NULL,
  `user_email` varchar(100) NOT NULL,
  `fk_context_definition_id` int(100) NOT NULL,
  `user_is_context_manager` int(5) NOT NULL,
  `user_is_system_admin` int(5) NOT NULL DEFAULT '0',
  `fk_language_id` int(100) DEFAULT NULL COMMENT 'User''s default language',
  `fk_country_currency_id` int(100) DEFAULT NULL,
  `user_is_active` int(5) NOT NULL DEFAULT '1',
  `fk_role_id` int(100) DEFAULT NULL,
  `user_password` varchar(100) NOT NULL,
  `user_created_date` date NOT NULL,
  `user_created_by` int(100) NOT NULL,
  `user_last_modified_date` timestamp NOT NULL DEFAULT CURRENT_TIMESTAMP,
  `user_last_modifed_by` int(100) DEFAULT NULL,
  `fk_approval_id` int(100) DEFAULT NULL,
  `fk_status_id` int(100) DEFAULT NULL,
  `user_last_modified_by` int(100) DEFAULT NULL,
  PRIMARY KEY (`user_id`)
) ENGINE=InnoDB DEFAULT CHARSET=latin1;

INSERT INTO `user` (`user_id`, `user_track_number`, `user_name`, `user_firstname`, `user_lastname`, `user_email`, `fk_context_definition_id`, `user_is_context_manager`, `user_is_system_admin`, `fk_language_id`, `fk_country_currency_id`, `user_is_active`, `fk_role_id`, `user_password`, `user_created_date`, `user_created_by`, `user_last_modified_date`, `user_last_modifed_by`, `fk_approval_id`, `fk_status_id`, `user_last_modified_by`) VALUES
(1,	'USER-19381',	'system',	'System User',	'System User',	'nkmwambs@gmail.com',	6,	0,	1,	1,	35,	1,	1,	'fbdf9989ea636d6b339fd6b85f63e06e',	'2020-04-29',	1,	'2020-04-29 13:05:29',	NULL,	0,	0,	NULL),
(4,	'USER-85985',	'test',	'test',	'test',	'test@gmail.com',	6,	1,	0,	1,	34,	1,	2,	'fbdf9989ea636d6b339fd6b85f63e06e',	'2020-04-29',	1,	'2020-04-29 16:06:05',	NULL,	12,	67,	NULL),
(12,	'USER-37098',	'test3',	'test3',	'test3',	'test3@gmail.com',	6,	1,	0,	1,	34,	1,	2,	'fbdf9989ea636d6b339fd6b85f63e06e',	'2020-04-30',	1,	'2020-04-30 02:36:56',	1,	40,	67,	NULL),
(13,	'USER-86428',	'test4',	'test4',	'test4',	'test4@gmail.com',	0,	1,	0,	1,	34,	1,	2,	'fbdf9989ea636d6b339fd6b85f63e06e',	'2020-04-30',	1,	'2020-04-30 03:38:36',	NULL,	41,	67,	1),
(17,	'USER-80134',	'test5',	'test5',	'test5',	'test5@gmail.com',	6,	1,	0,	1,	34,	1,	2,	'fbdf9989ea636d6b339fd6b85f63e06e',	'2020-04-30',	1,	'2020-04-30 03:43:13',	NULL,	48,	67,	1),
(38,	'USER-75798',	'test8',	'test8',	'test8',	'test8@gmail.com',	6,	1,	0,	1,	34,	1,	2,	'25f9e794323b453885f5181f1b624d0b',	'2020-04-30',	1,	'2020-04-30 04:13:44',	NULL,	95,	67,	1),
(40,	'USER-8361',	'test9',	'test9',	'test9',	'test9@gmail.com',	6,	1,	0,	1,	34,	1,	2,	'25f9e794323b453885f5181f1b624d0b',	'2020-04-30',	1,	'2020-04-30 04:15:17',	NULL,	99,	67,	1);

DROP TABLE IF EXISTS `variance_note`;
CREATE TABLE `variance_note` (
  `variance_note_id` int(100) NOT NULL AUTO_INCREMENT,
  `reconciliation_id` int(100) DEFAULT NULL,
  `expense_account_id` int(100) DEFAULT NULL,
  `created_by` varchar(45) DEFAULT NULL,
  `created_date` varchar(45) DEFAULT NULL,
  `last_modified_date` varchar(45) DEFAULT NULL,
  `last_modified_by` varchar(45) DEFAULT NULL,
  `variance_note_detail` longtext,
  `variance_note_created_date` date DEFAULT NULL,
  `variance_note_created_by` int(100) DEFAULT NULL,
  `variance_note_last_modified_by` int(100) DEFAULT NULL,
  `variance_note_last_modified_date` date DEFAULT NULL,
  `fk_approval_id` int(100) DEFAULT NULL,
  `fk_status_id` int(100) DEFAULT NULL,
  PRIMARY KEY (`variance_note_id`),
  KEY `fk_variance_comment_reconciliation1_idx` (`reconciliation_id`),
  KEY `fk_variance_comment_expense_account1_idx` (`expense_account_id`),
  CONSTRAINT `fk_variance_comment_expense_account1` FOREIGN KEY (`expense_account_id`) REFERENCES `expense_account` (`expense_account_id`) ON DELETE NO ACTION ON UPDATE NO ACTION,
  CONSTRAINT `fk_variance_comment_reconciliation1` FOREIGN KEY (`reconciliation_id`) REFERENCES `reconciliation` (`reconciliation_id`) ON DELETE NO ACTION ON UPDATE NO ACTION
) ENGINE=InnoDB DEFAULT CHARSET=latin1;


DROP TABLE IF EXISTS `voucher`;
CREATE TABLE `voucher` (
  `voucher_id` int(100) NOT NULL AUTO_INCREMENT,
  `voucher_track_number` varchar(50) DEFAULT NULL,
  `voucher_name` varchar(100) DEFAULT NULL,
  `voucher_number` int(10) DEFAULT NULL,
  `fk_office_id` int(100) DEFAULT NULL,
  `voucher_date` date DEFAULT NULL,
  `fk_voucher_type_id` int(100) DEFAULT NULL,
  `voucher_cleared` int(5) DEFAULT '0',
  `voucher_cleared_month` date DEFAULT NULL,
  `fk_approval_id` int(100) DEFAULT NULL,
  `fk_status_id` int(100) DEFAULT NULL,
  `fk_office_bank_id` int(100) DEFAULT NULL,
  `fk_office_cash_id` int(100) DEFAULT NULL,
  `voucher_cheque_number` int(100) DEFAULT NULL,
  `voucher_transaction_cleared_date` date DEFAULT '0000-00-00',
  `voucher_transaction_cleared_month` date DEFAULT '0000-00-00',
  `voucher_vendor` varchar(100) DEFAULT NULL,
  `voucher_vendor_address` varchar(100) DEFAULT NULL,
  `voucher_description` varchar(200) DEFAULT NULL,
  `voucher_allow_edit` int(5) DEFAULT '0',
  `voucher_is_reversed` int(5) DEFAULT '0',
  `voucher_created_by` int(100) DEFAULT NULL,
  `voucher_created_date` date DEFAULT NULL,
  `voucher_last_modified_date` timestamp NULL DEFAULT CURRENT_TIMESTAMP,
  `voucher_last_modified_by` int(100) DEFAULT NULL,
  PRIMARY KEY (`voucher_id`),
  KEY `fk_office_id` (`fk_office_id`),
  KEY `fk_voucher_type_id` (`fk_voucher_type_id`),
  CONSTRAINT `voucher_ibfk_1` FOREIGN KEY (`fk_office_id`) REFERENCES `office` (`office_id`),
  CONSTRAINT `voucher_ibfk_2` FOREIGN KEY (`fk_voucher_type_id`) REFERENCES `voucher_type` (`voucher_type_id`)
) ENGINE=InnoDB DEFAULT CHARSET=latin1 COMMENT='This holds transactions ';

INSERT INTO `voucher` (`voucher_id`, `voucher_track_number`, `voucher_name`, `voucher_number`, `fk_office_id`, `voucher_date`, `fk_voucher_type_id`, `voucher_cleared`, `voucher_cleared_month`, `fk_approval_id`, `fk_status_id`, `fk_office_bank_id`, `fk_office_cash_id`, `voucher_cheque_number`, `voucher_transaction_cleared_date`, `voucher_transaction_cleared_month`, `voucher_vendor`, `voucher_vendor_address`, `voucher_description`, `voucher_allow_edit`, `voucher_is_reversed`, `voucher_created_by`, `voucher_created_date`, `voucher_last_modified_date`, `voucher_last_modified_by`) VALUES
(52,	'VOER-9375',	'Voucher # VOER-41178',	200401,	1,	'2020-04-01',	1,	0,	NULL,	863,	69,	1,	0,	0,	'0000-00-00',	'0000-00-00',	'Bank 1 Income',	'Bank 1 Income',	'Bank 1 Income',	0,	0,	1,	'2020-06-26',	'2020-06-26 16:19:01',	1),
(53,	'VOER-49648',	'Voucher # VOER-76328',	200402,	1,	'2020-04-01',	1,	1,	'2020-04-30',	865,	69,	1,	0,	0,	'0000-00-00',	'0000-00-00',	'Bank 1 Income 2',	'Bank 1 Income 2',	'Bank 1 Income 2',	0,	0,	1,	'2020-06-26',	'2020-06-26 16:20:19',	1),
(54,	'VOER-34326',	'Voucher # VOER-12623',	200403,	1,	'2020-04-01',	1,	1,	'2020-04-30',	870,	69,	2,	0,	0,	'0000-00-00',	'0000-00-00',	'Account 2 Income 1',	'Account 2 Income 1',	'Account 2 Income 1',	0,	0,	1,	'2020-06-26',	'2020-06-26 16:27:51',	1),
(55,	'VOER-51589',	'Voucher # VOER-78629',	200404,	1,	'2020-04-01',	1,	0,	NULL,	872,	69,	2,	0,	0,	'0000-00-00',	'0000-00-00',	'Account 2 Income 2',	'Account 2 Income 2',	'Account 2 Income 2',	0,	1,	1,	'2020-06-26',	'2020-06-26 16:28:34',	1),
(56,	'VOER-2112',	'Voucher # VOER-71144',	200405,	1,	'2020-04-01',	6,	0,	NULL,	874,	69,	1,	0,	1,	'0000-00-00',	'0000-00-00',	'Bank 1 Expense 1 Hello',	'Bank 1 Expense 1',	'Bank 1 Expense 1',	0,	0,	1,	'2020-06-26',	'2020-06-26 16:29:59',	1),
(57,	'VOER-29509',	'Voucher # VOER-26663',	200406,	1,	'2020-04-01',	2,	0,	NULL,	876,	69,	0,	1,	0,	'0000-00-00',	'0000-00-00',	'PC Expense 1',	'PC Expense 1',	'PC Expense 1',	0,	0,	1,	'2020-06-26',	'2020-06-26 16:31:03',	1),
(58,	'VOER-27680',	'Voucher # VOER-66967',	200407,	1,	'2020-04-01',	2,	0,	NULL,	880,	69,	0,	2,	0,	'0000-00-00',	'0000-00-00',	'M-Pesa Expense 2',	'M-Pesa Expense 2',	'M-Pesa Expense 2',	0,	0,	1,	'2020-06-26',	'2020-06-26 16:35:18',	1),
(59,	'VOER-38087',	'Voucher # VOER-56342',	200408,	1,	'2020-04-01',	7,	0,	NULL,	920,	69,	1,	0,	0,	'0000-00-00',	'0000-00-00',	'EFT Payment',	'EFT Payment',	'EFT Payment',	0,	0,	1,	'2020-07-02',	'2020-07-02 15:11:54',	1),
(73,	'VOER-52716',	'Voucher # VOER-70514',	200409,	1,	'2020-04-01',	4,	0,	NULL,	929,	69,	1,	1,	0,	'0000-00-00',	'0000-00-00',	'Imprest deposit for Bank 1 to Petty Cash',	'Imprest deposit for Bank 1 to Petty Cash',	'Imprest deposit for Bank 1 to Petty Cash',	0,	0,	1,	'2020-07-03',	'2020-07-03 06:29:25',	1),
(74,	'VOER-51589',	'Voucher # VOER-78629',	200410,	1,	'2020-04-01',	1,	0,	NULL,	872,	69,	2,	0,	0,	'0000-00-00',	'0000-00-00',	'<strike>Account 2 Income 2<strike>',	'Account 2 Income 2',	'<strike>Account 2 Income 2</strike> [Reversal of voucher number 200404]',	0,	1,	1,	'2020-06-26',	'2020-06-26 16:28:34',	1),
(75,	'VOER-5093',	'Voucher # VOER-29332',	200411,	1,	'2020-04-01',	4,	0,	NULL,	931,	69,	1,	1,	0,	'0000-00-00',	'0000-00-00',	'Bank 1 Imprest Deposit to Cash',	'Bank 1 Imprest Deposit to Cash',	'Bank 1 Imprest Deposit to Cash',	0,	0,	1,	'2020-07-03',	'2020-07-03 12:17:42',	1);

DROP TABLE IF EXISTS `voucher_detail`;
CREATE TABLE `voucher_detail` (
  `voucher_detail_id` int(100) NOT NULL AUTO_INCREMENT,
  `voucher_detail_track_number` varchar(100) DEFAULT NULL,
  `voucher_detail_name` varchar(100) DEFAULT NULL,
  `fk_voucher_id` int(100) DEFAULT NULL,
  `voucher_detail_description` varchar(45) DEFAULT NULL,
  `voucher_detail_quantity` int(10) DEFAULT NULL,
  `voucher_detail_unit_cost` decimal(10,2) DEFAULT NULL,
  `voucher_detail_total_cost` decimal(10,2) DEFAULT NULL,
  `fk_expense_account_id` int(100) NOT NULL DEFAULT '0' COMMENT 'Can be income_account_id or expense_account_id depending on the selected voucher type',
  `fk_income_account_id` int(100) NOT NULL DEFAULT '0',
  `fk_contra_account_id` int(100) NOT NULL DEFAULT '0',
  `fk_approval_id` int(100) NOT NULL DEFAULT '0',
  `fk_status_id` int(100) NOT NULL DEFAULT '0',
  `fk_request_detail_id` int(100) NOT NULL DEFAULT '0',
  `fk_project_allocation_id` int(100) NOT NULL DEFAULT '0',
  `voucher_detail_last_modified_date` date DEFAULT NULL,
  `voucher_detail_last_modified_by` varchar(45) DEFAULT NULL,
  `voucher_detail_created_by` int(100) DEFAULT NULL,
  `voucher_detail_created_date` date DEFAULT NULL,
  PRIMARY KEY (`voucher_detail_id`),
  KEY `fk_voucher_detail_voucher1_idx` (`fk_voucher_id`),
  KEY `fk_voucher_detail_request_detail1_idx` (`fk_approval_id`),
  CONSTRAINT `voucher_detail_ibfk_3` FOREIGN KEY (`fk_voucher_id`) REFERENCES `voucher` (`voucher_id`)
) ENGINE=InnoDB DEFAULT CHARSET=latin1;

INSERT INTO `voucher_detail` (`voucher_detail_id`, `voucher_detail_track_number`, `voucher_detail_name`, `fk_voucher_id`, `voucher_detail_description`, `voucher_detail_quantity`, `voucher_detail_unit_cost`, `voucher_detail_total_cost`, `fk_expense_account_id`, `fk_income_account_id`, `fk_contra_account_id`, `fk_approval_id`, `fk_status_id`, `fk_request_detail_id`, `fk_project_allocation_id`, `voucher_detail_last_modified_date`, `voucher_detail_last_modified_by`, `voucher_detail_created_by`, `voucher_detail_created_date`) VALUES
(55,	'VOIL-51477',	'Voucher_detail # VOIL-82374',	52,	'Bank 1 Income',	1,	50000.00,	50000.00,	0,	1,	0,	864,	70,	0,	20,	NULL,	NULL,	NULL,	NULL),
(56,	'VOIL-38521',	'Voucher_detail # VOIL-77331',	53,	'Bank 1 Income 2',	1,	50000.00,	50000.00,	0,	1,	0,	866,	70,	0,	20,	NULL,	NULL,	NULL,	NULL),
(57,	'VOIL-21264',	'Voucher_detail # VOIL-11057',	54,	'Account 2 Income 1',	1,	100000.00,	100000.00,	0,	3,	0,	871,	70,	0,	22,	NULL,	NULL,	NULL,	NULL),
(58,	'VOIL-39647',	'Voucher_detail # VOIL-8739',	55,	'Account 2 Income 2',	1,	100000.00,	100000.00,	0,	3,	0,	873,	70,	0,	22,	NULL,	NULL,	NULL,	NULL),
(59,	'VOIL-42568',	'Voucher_detail # VOIL-67788',	56,	'Bank 1 Expense 1',	1,	10000.00,	10000.00,	1,	0,	0,	875,	70,	0,	20,	NULL,	NULL,	NULL,	NULL),
(60,	'VOIL-67653',	'Voucher_detail # VOIL-3943',	57,	'PC Expense 1',	1,	15000.00,	15000.00,	1,	0,	0,	877,	70,	0,	20,	NULL,	NULL,	NULL,	NULL),
(61,	'VOIL-84437',	'Voucher_detail # VOIL-42353',	58,	'M-Pesa Expense 2',	1,	25000.00,	25000.00,	5,	0,	0,	881,	70,	0,	22,	NULL,	NULL,	NULL,	NULL),
(62,	'VOIL-52532',	'Voucher_detail # VOIL-69262',	59,	'EFT Payment',	1,	34000.00,	34000.00,	1,	0,	0,	921,	70,	0,	20,	NULL,	NULL,	NULL,	NULL),
(80,	'VOIL-65793',	'Voucher_detail # VOIL-63570',	73,	'Imprest deposit for Bank 1 to Petty Cash',	1,	13400.00,	13400.00,	0,	0,	1,	930,	70,	0,	20,	NULL,	NULL,	NULL,	NULL),
(81,	'VOIL-39647',	'Voucher_detail # VOIL-8739',	74,	'Account 2 Income 2',	1,	-100000.00,	-100000.00,	0,	3,	0,	873,	70,	0,	22,	NULL,	NULL,	NULL,	NULL),
(82,	'VOIL-43800',	'Voucher_detail # VOIL-43525',	75,	'Bank 1 Imprest Deposit to Cash',	1,	12600.00,	12600.00,	0,	0,	1,	932,	70,	0,	20,	NULL,	NULL,	NULL,	NULL);

DROP TABLE IF EXISTS `voucher_type`;
CREATE TABLE `voucher_type` (
  `voucher_type_id` int(100) NOT NULL AUTO_INCREMENT,
  `voucher_type_track_number` varchar(100) NOT NULL,
  `voucher_type_name` varchar(45) DEFAULT NULL,
  `voucher_type_is_active` int(5) DEFAULT NULL,
  `voucher_type_abbrev` varchar(5) DEFAULT NULL,
  `fk_voucher_type_account_id` int(100) DEFAULT NULL COMMENT 'Can be bank, cash or contra',
  `fk_voucher_type_effect_id` int(100) DEFAULT NULL COMMENT 'Can be income or expense',
  `voucher_type_is_cheque_referenced` int(5) DEFAULT '0',
  `fk_account_system_id` int(100) DEFAULT NULL,
  `voucher_type_created_by` int(100) DEFAULT NULL,
  `voucher_type_created_date` date DEFAULT NULL,
  `voucher_type_last_modified_by` int(100) DEFAULT NULL,
  `voucher_type_last_modified_date` date DEFAULT NULL,
  `fk_approval_id` int(100) DEFAULT NULL,
  `fk_status_id` int(100) DEFAULT NULL,
  PRIMARY KEY (`voucher_type_id`),
  KEY `fk_voucher_type_voucher_type_transaction_effect1_idx` (`fk_voucher_type_effect_id`),
  KEY `voucher_type_account_id` (`fk_voucher_type_account_id`),
  KEY `fk_account_system_id` (`fk_account_system_id`),
  CONSTRAINT `voucher_type_ibfk_1` FOREIGN KEY (`fk_voucher_type_account_id`) REFERENCES `voucher_type_account` (`voucher_type_account_id`),
  CONSTRAINT `voucher_type_ibfk_2` FOREIGN KEY (`fk_voucher_type_effect_id`) REFERENCES `voucher_type_effect` (`voucher_type_effect_id`),
  CONSTRAINT `voucher_type_ibfk_3` FOREIGN KEY (`fk_account_system_id`) REFERENCES `account_system` (`account_system_id`)
) ENGINE=InnoDB DEFAULT CHARSET=latin1;

INSERT INTO `voucher_type` (`voucher_type_id`, `voucher_type_track_number`, `voucher_type_name`, `voucher_type_is_active`, `voucher_type_abbrev`, `fk_voucher_type_account_id`, `fk_voucher_type_effect_id`, `voucher_type_is_cheque_referenced`, `fk_account_system_id`, `voucher_type_created_by`, `voucher_type_created_date`, `voucher_type_last_modified_by`, `voucher_type_last_modified_date`, `fk_approval_id`, `fk_status_id`) VALUES
(1,	'VOPE-20558',	'Bank Receipts',	1,	'CR',	1,	1,	0,	1,	1,	'2020-04-30',	1,	NULL,	123,	71),
(2,	'VOPE-11473',	'Imprest Payment',	1,	'PC',	2,	2,	0,	1,	1,	'2020-04-30',	1,	NULL,	124,	71),
(4,	'VOPE-16191',	'Imprest Deposit',	1,	'IMP',	1,	3,	1,	1,	1,	'2020-05-09',	1,	NULL,	469,	71),
(5,	'VOPE-61080',	'Imprest Rebanking',	1,	'CRB',	2,	3,	0,	1,	1,	'2020-05-09',	1,	NULL,	470,	71),
(6,	'VOPE-13775',	'Bank Payment',	1,	'CHQ',	1,	2,	1,	1,	1,	'2020-05-09',	1,	NULL,	471,	71),
(7,	'VOPE-10196',	'Bank EFT Payment',	1,	'BEFT',	1,	2,	0,	1,	1,	'2020-07-02',	1,	NULL,	918,	71),
(8,	'VOPE-80082',	'Bank Charges',	1,	'BCHG',	1,	2,	0,	1,	1,	'2020-07-02',	1,	NULL,	919,	71);

DROP TABLE IF EXISTS `voucher_type_account`;
CREATE TABLE `voucher_type_account` (
  `voucher_type_account_id` int(100) NOT NULL AUTO_INCREMENT,
  `voucher_type_account_track_number` varchar(100) NOT NULL,
  `voucher_type_account_name` varchar(100) NOT NULL,
  `voucher_type_account_code` varchar(10) NOT NULL COMMENT 'cash or bank',
  `voucher_type_account_created_date` date DEFAULT NULL,
  `voucher_type_account_created_by` int(100) DEFAULT NULL,
  `voucher_type_account_last_modified_by` int(100) DEFAULT NULL,
  `voucher_type_account_last_modified_date` date DEFAULT NULL,
  `fk_approval_id` int(100) DEFAULT NULL,
  `fk_status_id` int(100) DEFAULT NULL,
  PRIMARY KEY (`voucher_type_account_id`)
) ENGINE=InnoDB DEFAULT CHARSET=latin1;

INSERT INTO `voucher_type_account` (`voucher_type_account_id`, `voucher_type_account_track_number`, `voucher_type_account_name`, `voucher_type_account_code`, `voucher_type_account_created_date`, `voucher_type_account_created_by`, `voucher_type_account_last_modified_by`, `voucher_type_account_last_modified_date`, `fk_approval_id`, `fk_status_id`) VALUES
(1,	'VONT-29003',	'Bank',	'bank',	'2020-04-29',	1,	1,	NULL,	0,	0),
(2,	'VONT-85359',	'Cash',	'cash',	'2020-04-29',	1,	1,	NULL,	0,	0);

DROP TABLE IF EXISTS `voucher_type_effect`;
CREATE TABLE `voucher_type_effect` (
  `voucher_type_effect_id` int(100) NOT NULL AUTO_INCREMENT,
  `voucher_type_effect_track_number` varchar(100) NOT NULL,
  `voucher_type_effect_name` varchar(100) NOT NULL,
  `voucher_type_effect_code` varchar(50) NOT NULL,
  `voucher_type_effect_created_date` date DEFAULT NULL,
  `voucher_type_effect_created_by` int(100) DEFAULT NULL,
  `voucher_type_effect_last_modified_by` int(100) DEFAULT NULL,
  `voucher_type_effect_last_modified_date` date DEFAULT NULL,
  `fk_approval_id` int(100) DEFAULT NULL,
  `fk_status_id` int(100) DEFAULT NULL,
  PRIMARY KEY (`voucher_type_effect_id`)
) ENGINE=InnoDB DEFAULT CHARSET=latin1;

INSERT INTO `voucher_type_effect` (`voucher_type_effect_id`, `voucher_type_effect_track_number`, `voucher_type_effect_name`, `voucher_type_effect_code`, `voucher_type_effect_created_date`, `voucher_type_effect_created_by`, `voucher_type_effect_last_modified_by`, `voucher_type_effect_last_modified_date`, `fk_approval_id`, `fk_status_id`) VALUES
(1,	'VOCT-62824',	'Income',	'income',	'2020-04-29',	1,	1,	NULL,	0,	0),
(2,	'VOCT-59087',	'Expense',	'expense',	'2020-04-29',	1,	1,	NULL,	0,	0),
(3,	'VOCT-4003',	'Contra',	'contra',	'2020-04-29',	1,	1,	NULL,	0,	0);

DROP TABLE IF EXISTS `workplan`;
CREATE TABLE `workplan` (
  `workplan_id` int(100) NOT NULL,
  `workplan_track_number` varchar(100) DEFAULT NULL,
  `workplan_name` varchar(100) DEFAULT NULL,
  `fk_budget_id` int(100) DEFAULT NULL,
  `workplan_description` longtext,
  `workplan_start_date` date DEFAULT NULL,
  `workplan_end_date` date DEFAULT NULL,
  `workplan_created_date` date DEFAULT NULL,
  `workplan_created_by` int(100) DEFAULT NULL,
  `workplan_last_modified_date` date DEFAULT NULL,
  `workplan_last_modified_by` int(100) DEFAULT NULL,
  `fk_approval_id` int(100) DEFAULT NULL,
  `fk_status_id` int(100) DEFAULT NULL,
  PRIMARY KEY (`workplan_id`)
) ENGINE=InnoDB DEFAULT CHARSET=latin1;


DROP TABLE IF EXISTS `workplan_task`;
CREATE TABLE `workplan_task` (
  `workplan_task_id` int(100) NOT NULL AUTO_INCREMENT,
  `fk_workplan_id` int(100) NOT NULL,
  `workplan_task_track_number` varchar(100) NOT NULL,
  `workplan_task_name` varchar(100) NOT NULL,
  `workplan_task_description` longtext NOT NULL,
  `workplan_task_start_date` date NOT NULL,
  `workplan_taskend_date` date NOT NULL,
  `workplan_task_user` int(100) NOT NULL,
  `workplan_task_status` int(5) NOT NULL DEFAULT '1',
  `workplan_task_note` longtext NOT NULL,
  `workplan_task_created_date` date DEFAULT NULL,
  `workplan_task_created_by` int(100) DEFAULT NULL,
  `workplan_task_last_modified_by` int(100) DEFAULT NULL,
  `workplan_task_last_modified_date` date DEFAULT NULL,
  `fk_approval_id` int(100) DEFAULT NULL,
  `fk_status_id` int(100) DEFAULT NULL,
  PRIMARY KEY (`workplan_task_id`),
  KEY `fk_workplan_id` (`fk_workplan_id`),
  KEY `workplan_detail_task_user` (`workplan_task_user`),
  CONSTRAINT `workplan_task_ibfk_1` FOREIGN KEY (`fk_workplan_id`) REFERENCES `workplan` (`workplan_id`),
  CONSTRAINT `workplan_task_ibfk_2` FOREIGN KEY (`workplan_task_user`) REFERENCES `user` (`user_id`)
) ENGINE=InnoDB DEFAULT CHARSET=latin1;


-- 2020-07-14 08:36:35
