-- Adminer 4.6.3 MySQL dump

SET NAMES utf8;
SET time_zone = '+00:00';
SET foreign_key_checks = 0;
SET sql_mode = 'NO_AUTO_VALUE_ON_ZERO';

DROP TABLE IF EXISTS `account_system`;
CREATE TABLE `account_system` (
  `account_system_id` int(100) NOT NULL AUTO_INCREMENT,
  `account_system_track_number` varchar(100) NOT NULL,
  `account_system_name` varchar(100) NOT NULL,
  `account_system_code` varchar(10) NOT NULL,
  `account_system_is_allocation_linked_to_account` int(5) NOT NULL,
  `account_system_is_active` int(5) NOT NULL DEFAULT '1',
  `account_system_created_date` date DEFAULT NULL,
  `account_system_created_by` int(100) DEFAULT NULL,
  `account_system_last_modified_by` int(100) DEFAULT NULL,
  `account_system_last_modified_date` date DEFAULT NULL,
  `fk_approval_id` int(100) DEFAULT NULL,
  `fk_status_id` int(100) DEFAULT NULL,
  PRIMARY KEY (`account_system_id`),
  UNIQUE KEY `account_system_code` (`account_system_code`)
) ENGINE=InnoDB DEFAULT CHARSET=latin1;

INSERT INTO `account_system` (`account_system_id`, `account_system_track_number`, `account_system_name`, `account_system_code`, `account_system_is_allocation_linked_to_account`, `account_system_is_active`, `account_system_created_date`, `account_system_created_by`, `account_system_last_modified_by`, `account_system_last_modified_date`, `fk_approval_id`, `fk_status_id`) VALUES
(1,	'ACEM-14749',	'Global Account System',	'global',	0,	1,	'2020-08-20',	1,	1,	NULL,	1,	0),
(2,	'ACEM-70881',	'Africa Region Accounting system',	'africa',	1,	1,	'2020-08-21',	1,	1,	NULL,	285,	1),
(3,	'ACEM-63241',	'Kenya Accounting System',	'kenyaaccou',	1,	1,	'2020-08-21',	1,	1,	NULL,	300,	1),
(4,	'ACEM-74580',	'Tanzania Accounting System',	'tanzania',	1,	1,	'2020-08-21',	1,	1,	NULL,	301,	1);

DROP TABLE IF EXISTS `account_system_setting`;
CREATE TABLE `account_system_setting` (
  `account_system_setting_id` int(100) NOT NULL AUTO_INCREMENT,
  `account_system_setting_name` varchar(100) NOT NULL,
  `account_system_setting_track_number` varchar(100) NOT NULL,
  `account_system_setting_value` varchar(50) NOT NULL,
  `fk_account_system_id` int(100) NOT NULL,
  `fk_approve_item_id` int(100) NOT NULL,
  `account_system_setting_created_by` int(100) NOT NULL,
  `account_system_setting_created_date` date NOT NULL,
  `account_system_setting_last_modified_by` int(100) NOT NULL,
  `account_system_setting_last_modified_date` timestamp NOT NULL DEFAULT CURRENT_TIMESTAMP,
  `fk_status_id` int(100) NOT NULL,
  `fk_approval_id` int(100) NOT NULL,
  PRIMARY KEY (`account_system_setting_id`),
  KEY `fk_account_system_id` (`fk_account_system_id`),
  KEY `fk_approve_item_id` (`fk_approve_item_id`),
  CONSTRAINT `account_system_setting_ibfk_1` FOREIGN KEY (`fk_account_system_id`) REFERENCES `account_system` (`account_system_id`),
  CONSTRAINT `account_system_setting_ibfk_2` FOREIGN KEY (`fk_approve_item_id`) REFERENCES `approve_item` (`approve_item_id`)
) ENGINE=InnoDB DEFAULT CHARSET=latin1;

INSERT INTO `account_system_setting` (`account_system_setting_id`, `account_system_setting_name`, `account_system_setting_track_number`, `account_system_setting_value`, `fk_account_system_id`, `fk_approve_item_id`, `account_system_setting_created_by`, `account_system_setting_created_date`, `account_system_setting_last_modified_by`, `account_system_setting_last_modified_date`, `fk_status_id`, `fk_approval_id`) VALUES
(1,	'allow_skipping_of_cheque_leaves',	'ACNG-27197',	'0',	3,	9,	1,	'2021-01-25',	1,	'2021-01-25 10:28:26',	537,	3679);

DROP TABLE IF EXISTS `approval`;
CREATE TABLE `approval` (
  `approval_id` int(11) NOT NULL AUTO_INCREMENT,
  `approval_track_number` varchar(100) NOT NULL,
  `approval_name` varchar(100) NOT NULL,
  `fk_approve_item_id` int(11) NOT NULL,
  `fk_status_id` int(11) NOT NULL,
  `approval_created_by` int(100) NOT NULL,
  `approval_created_date` date NOT NULL,
  `approval_last_modified_date` timestamp NOT NULL DEFAULT CURRENT_TIMESTAMP ON UPDATE CURRENT_TIMESTAMP,
  `approval_last_modified_by` int(100) NOT NULL,
  PRIMARY KEY (`approval_id`),
  KEY `fk_approve_item_id` (`fk_approve_item_id`),
  KEY `fk_status_id` (`fk_status_id`)
) ENGINE=InnoDB DEFAULT CHARSET=latin1;

INSERT INTO `approval` (`approval_id`, `approval_track_number`, `approval_name`, `fk_approve_item_id`, `fk_status_id`, `approval_created_by`, `approval_created_date`, `approval_last_modified_date`, `approval_last_modified_by`) VALUES
(1,	'APAL-41824',	'Approval Ticket # APAL-41824',	1,	0,	1,	'2020-08-20',	'2020-08-20 12:01:49',	1),
(2,	'APAL-79590',	'Approval Ticket # APAL-79590',	19,	0,	1,	'2020-08-20',	'2020-08-20 12:01:49',	1),
(3,	'APAL-10642',	'Approval Ticket # APAL-10642',	19,	0,	1,	'2020-08-20',	'2020-08-20 12:01:49',	1),
(4,	'APAL-6864',	'Approval Ticket # APAL-6864',	19,	0,	1,	'2020-08-20',	'2020-08-20 12:01:49',	1),
(5,	'APAL-66972',	'Approval Ticket # APAL-66972',	19,	0,	1,	'2020-08-20',	'2020-08-20 12:01:49',	1),
(6,	'APAL-75864',	'Approval Ticket # APAL-75864',	19,	0,	1,	'2020-08-20',	'2020-08-20 12:01:49',	1),
(7,	'APAL-83431',	'Approval Ticket # APAL-83431',	19,	0,	1,	'2020-08-20',	'2020-08-20 12:01:49',	1),
(8,	'APAL-79971',	'Approval Ticket # APAL-79971',	46,	0,	1,	'2020-08-20',	'2020-08-20 12:01:49',	1),
(9,	'APAL-68767',	'Approval Ticket # APAL-68767',	20,	0,	1,	'2020-08-20',	'2020-08-20 12:01:49',	1),
(10,	'APAL-82017',	'Approval Ticket # APAL-82017',	39,	0,	1,	'2020-08-20',	'2020-08-20 12:01:49',	1),
(11,	'APAL-51618',	'Approval Ticket # APAL-51618',	71,	0,	1,	'2020-08-20',	'2020-08-20 12:01:49',	1),
(12,	'APAL-28506',	'Approval Ticket # APAL-28506',	78,	0,	1,	'2020-08-20',	'2020-08-20 12:01:49',	1),
(13,	'APAL-44444',	'Approval Ticket # APAL-44444',	31,	0,	1,	'2020-08-20',	'2020-08-20 12:01:49',	1),
(14,	'APAL-45974',	'Approval Ticket # APAL-45974',	21,	0,	1,	'2020-08-20',	'2020-08-20 12:01:49',	1),
(15,	'APAL-50705',	'Approval Ticket # APAL-50705',	83,	0,	1,	'2020-08-20',	'2020-08-20 12:01:49',	1),
(16,	'APAL-5423',	'Approval Ticket # APAL-5423',	83,	0,	1,	'2020-08-20',	'2020-08-20 12:01:49',	1),
(17,	'APAL-19195',	'Approval Ticket # APAL-19195',	84,	0,	1,	'2020-08-20',	'2020-08-20 12:01:49',	1),
(18,	'APAL-1364',	'Approval Ticket # APAL-1364',	84,	0,	1,	'2020-08-20',	'2020-08-20 12:01:49',	1),
(19,	'APAL-52078',	'Approval Ticket # APAL-52078',	84,	0,	1,	'2020-08-20',	'2020-08-20 12:01:49',	1),
(20,	'APAL-11919',	'Approval Ticket # APAL-11919',	84,	0,	1,	'2020-08-20',	'2020-08-20 12:01:49',	1),
(21,	'APAL-40195',	'Approval Ticket # APAL-40195',	45,	0,	1,	'2020-08-20',	'2020-08-20 12:01:49',	1),
(22,	'APAL-15454',	'Approval Ticket # APAL-15454',	45,	0,	1,	'2020-08-20',	'2020-08-20 12:01:49',	1),
(23,	'APAL-79977',	'Approval Ticket # APAL-79977',	45,	0,	1,	'2020-08-20',	'2020-08-20 12:01:49',	1),
(24,	'APAL-31433',	'Approval Ticket # APAL-31433',	45,	0,	1,	'2020-08-20',	'2020-08-20 12:01:49',	1),
(25,	'APAL-55641',	'Approval Ticket # APAL-55641',	45,	0,	1,	'2020-08-20',	'2020-08-20 12:01:49',	1),
(26,	'APAL-5610',	'Approval Ticket # APAL-5610',	45,	0,	1,	'2020-08-20',	'2020-08-20 12:01:49',	1),
(27,	'APAL-56274',	'Approval Ticket # APAL-56274',	45,	0,	1,	'2020-08-20',	'2020-08-20 12:01:49',	1),
(28,	'APAL-72891',	'Approval Ticket # APAL-72891',	45,	0,	1,	'2020-08-20',	'2020-08-20 12:01:49',	1),
(29,	'APAL-87403',	'Approval Ticket # APAL-87403',	45,	0,	1,	'2020-08-20',	'2020-08-20 12:01:49',	1),
(30,	'APAL-35389',	'Approval Ticket # APAL-35389',	45,	0,	1,	'2020-08-20',	'2020-08-20 12:01:49',	1),
(31,	'APAL-16202',	'Approval Ticket # APAL-16202',	45,	0,	1,	'2020-08-20',	'2020-08-20 12:01:49',	1),
(32,	'APAL-46572',	'Approval Ticket # APAL-46572',	45,	0,	1,	'2020-08-20',	'2020-08-20 12:01:49',	1),
(33,	'APAL-82932',	'Approval Ticket # APAL-82932',	25,	0,	1,	'2020-08-20',	'2020-08-20 12:01:49',	1),
(34,	'APAL-27312',	'Approval Ticket # APAL-27312',	1,	0,	1,	'2020-08-20',	'2020-08-20 12:01:49',	1),
(35,	'APAL-69827',	'Approval Ticket # APAL-69827',	72,	69,	1,	'2020-08-20',	'2020-08-20 12:07:15',	1),
(36,	'APAL-42333',	'Approval Ticket # APAL-42333',	59,	56,	1,	'2020-08-20',	'2020-08-20 12:07:18',	1),
(37,	'APAL-64125',	'Approval Ticket # APAL-64125',	59,	56,	1,	'2020-08-20',	'2020-08-20 12:07:18',	1),
(38,	'APAL-82598',	'Approval Ticket # APAL-82598',	59,	56,	1,	'2020-08-20',	'2020-08-20 12:07:18',	1),
(39,	'APAL-65214',	'Approval Ticket # APAL-65214',	59,	56,	1,	'2020-08-20',	'2020-08-20 12:07:18',	1),
(40,	'APAL-66759',	'Approval Ticket # APAL-66759',	59,	56,	1,	'2020-08-20',	'2020-08-20 12:07:18',	1),
(41,	'APAL-35770',	'Approval Ticket # APAL-35770',	59,	56,	1,	'2020-08-20',	'2020-08-20 12:07:18',	1),
(42,	'APAL-64338',	'Approval Ticket # APAL-64338',	59,	56,	1,	'2020-08-20',	'2020-08-20 12:07:18',	1),
(43,	'APAL-75175',	'Approval Ticket # APAL-75175',	59,	56,	1,	'2020-08-20',	'2020-08-20 12:07:18',	1),
(44,	'APAL-27865',	'Approval Ticket # APAL-27865',	59,	56,	1,	'2020-08-20',	'2020-08-20 12:07:18',	1),
(45,	'APAL-40789',	'Approval Ticket # APAL-40789',	59,	56,	1,	'2020-08-20',	'2020-08-20 12:07:19',	1),
(46,	'APAL-8343',	'Approval Ticket # APAL-8343',	59,	56,	1,	'2020-08-20',	'2020-08-20 12:07:19',	1),
(47,	'APAL-23995',	'Approval Ticket # APAL-23995',	59,	56,	1,	'2020-08-20',	'2020-08-20 12:07:19',	1),
(48,	'APAL-59184',	'Approval Ticket # APAL-59184',	59,	56,	1,	'2020-08-20',	'2020-08-20 12:07:19',	1),
(49,	'APAL-33436',	'Approval Ticket # APAL-33436',	59,	56,	1,	'2020-08-20',	'2020-08-20 12:07:19',	1),
(50,	'APAL-18788',	'Approval Ticket # APAL-18788',	59,	56,	1,	'2020-08-20',	'2020-08-20 12:07:19',	1),
(51,	'APAL-89000',	'Approval Ticket # APAL-89000',	59,	56,	1,	'2020-08-20',	'2020-08-20 12:07:19',	1),
(52,	'APAL-37068',	'Approval Ticket # APAL-37068',	59,	56,	1,	'2020-08-20',	'2020-08-20 12:07:19',	1),
(53,	'APAL-16638',	'Approval Ticket # APAL-16638',	59,	56,	1,	'2020-08-20',	'2020-08-20 12:07:19',	1),
(54,	'APAL-78538',	'Approval Ticket # APAL-78538',	59,	56,	1,	'2020-08-20',	'2020-08-20 12:07:19',	1),
(55,	'APAL-62622',	'Approval Ticket # APAL-62622',	59,	56,	1,	'2020-08-20',	'2020-08-20 12:07:19',	1),
(56,	'APAL-72863',	'Approval Ticket # APAL-72863',	59,	56,	1,	'2020-08-20',	'2020-08-20 12:07:19',	1),
(57,	'APAL-18582',	'Approval Ticket # APAL-18582',	59,	56,	1,	'2020-08-20',	'2020-08-20 12:07:19',	1),
(58,	'APAL-9993',	'Approval Ticket # APAL-9993',	59,	56,	1,	'2020-08-20',	'2020-08-20 12:07:19',	1),
(59,	'APAL-76209',	'Approval Ticket # APAL-76209',	59,	56,	1,	'2020-08-20',	'2020-08-20 12:07:19',	1),
(60,	'APAL-85236',	'Approval Ticket # APAL-85236',	59,	56,	1,	'2020-08-20',	'2020-08-20 12:07:19',	1),
(61,	'APAL-82059',	'Approval Ticket # APAL-82059',	59,	56,	1,	'2020-08-20',	'2020-08-20 12:07:19',	1),
(62,	'APAL-19498',	'Approval Ticket # APAL-19498',	59,	56,	1,	'2020-08-20',	'2020-08-20 12:07:19',	1),
(63,	'APAL-30114',	'Approval Ticket # APAL-30114',	59,	56,	1,	'2020-08-20',	'2020-08-20 12:07:19',	1),
(64,	'APAL-16089',	'Approval Ticket # APAL-16089',	59,	56,	1,	'2020-08-20',	'2020-08-20 12:07:19',	1),
(65,	'APAL-75822',	'Approval Ticket # APAL-75822',	59,	56,	1,	'2020-08-20',	'2020-08-20 12:07:19',	1),
(66,	'APAL-62656',	'Approval Ticket # APAL-62656',	59,	56,	1,	'2020-08-20',	'2020-08-20 12:07:19',	1),
(67,	'APAL-39651',	'Approval Ticket # APAL-39651',	59,	56,	1,	'2020-08-20',	'2020-08-20 12:07:19',	1),
(68,	'APAL-77808',	'Approval Ticket # APAL-77808',	59,	56,	1,	'2020-08-20',	'2020-08-20 12:07:19',	1),
(69,	'APAL-28973',	'Approval Ticket # APAL-28973',	59,	56,	1,	'2020-08-20',	'2020-08-20 12:07:19',	1),
(70,	'APAL-64012',	'Approval Ticket # APAL-64012',	59,	56,	1,	'2020-08-20',	'2020-08-20 12:07:19',	1),
(71,	'APAL-53150',	'Approval Ticket # APAL-53150',	59,	56,	1,	'2020-08-20',	'2020-08-20 12:07:19',	1),
(72,	'APAL-82880',	'Approval Ticket # APAL-82880',	59,	56,	1,	'2020-08-20',	'2020-08-20 12:07:19',	1),
(73,	'APAL-57030',	'Approval Ticket # APAL-57030',	59,	56,	1,	'2020-08-20',	'2020-08-20 12:07:19',	1),
(74,	'APAL-55616',	'Approval Ticket # APAL-55616',	59,	56,	1,	'2020-08-20',	'2020-08-20 12:07:19',	1),
(75,	'APAL-18836',	'Approval Ticket # APAL-18836',	59,	56,	1,	'2020-08-20',	'2020-08-20 12:07:19',	1),
(76,	'APAL-87361',	'Approval Ticket # APAL-87361',	59,	56,	1,	'2020-08-20',	'2020-08-20 12:07:19',	1),
(77,	'APAL-82371',	'Approval Ticket # APAL-82371',	59,	56,	1,	'2020-08-20',	'2020-08-20 12:07:19',	1),
(78,	'APAL-43866',	'Approval Ticket # APAL-43866',	59,	56,	1,	'2020-08-20',	'2020-08-20 12:07:19',	1),
(79,	'APAL-21950',	'Approval Ticket # APAL-21950',	59,	56,	1,	'2020-08-20',	'2020-08-20 12:07:19',	1),
(80,	'APAL-35308',	'Approval Ticket # APAL-35308',	59,	56,	1,	'2020-08-20',	'2020-08-20 12:07:19',	1),
(81,	'APAL-21401',	'Approval Ticket # APAL-21401',	59,	56,	1,	'2020-08-20',	'2020-08-20 12:07:19',	1),
(82,	'APAL-45587',	'Approval Ticket # APAL-45587',	59,	56,	1,	'2020-08-20',	'2020-08-20 12:07:19',	1),
(83,	'APAL-47178',	'Approval Ticket # APAL-47178',	59,	56,	1,	'2020-08-20',	'2020-08-20 12:07:19',	1),
(84,	'APAL-50368',	'Approval Ticket # APAL-50368',	59,	56,	1,	'2020-08-20',	'2020-08-20 12:07:19',	1),
(85,	'APAL-25241',	'Approval Ticket # APAL-25241',	59,	56,	1,	'2020-08-20',	'2020-08-20 12:07:19',	1),
(86,	'APAL-13416',	'Approval Ticket # APAL-13416',	59,	56,	1,	'2020-08-20',	'2020-08-20 12:07:19',	1),
(87,	'APAL-78008',	'Approval Ticket # APAL-78008',	59,	56,	1,	'2020-08-20',	'2020-08-20 12:07:19',	1),
(88,	'APAL-45001',	'Approval Ticket # APAL-45001',	59,	56,	1,	'2020-08-20',	'2020-08-20 12:07:19',	1),
(89,	'APAL-22414',	'Approval Ticket # APAL-22414',	59,	56,	1,	'2020-08-20',	'2020-08-20 12:07:19',	1),
(90,	'APAL-37675',	'Approval Ticket # APAL-37675',	59,	56,	1,	'2020-08-20',	'2020-08-20 12:07:19',	1),
(91,	'APAL-64167',	'Approval Ticket # APAL-64167',	59,	56,	1,	'2020-08-20',	'2020-08-20 12:07:19',	1),
(92,	'APAL-36179',	'Approval Ticket # APAL-36179',	59,	56,	1,	'2020-08-20',	'2020-08-20 12:07:19',	1),
(93,	'APAL-73751',	'Approval Ticket # APAL-73751',	59,	56,	1,	'2020-08-20',	'2020-08-20 12:07:19',	1),
(94,	'APAL-40518',	'Approval Ticket # APAL-40518',	59,	56,	1,	'2020-08-20',	'2020-08-20 12:07:19',	1),
(95,	'APAL-41848',	'Approval Ticket # APAL-41848',	59,	56,	1,	'2020-08-20',	'2020-08-20 12:07:19',	1),
(96,	'APAL-34536',	'Approval Ticket # APAL-34536',	59,	56,	1,	'2020-08-20',	'2020-08-20 12:07:19',	1),
(97,	'APAL-33851',	'Approval Ticket # APAL-33851',	59,	56,	1,	'2020-08-20',	'2020-08-20 12:07:19',	1),
(98,	'APAL-64279',	'Approval Ticket # APAL-64279',	59,	56,	1,	'2020-08-20',	'2020-08-20 12:07:19',	1),
(99,	'APAL-73012',	'Approval Ticket # APAL-73012',	59,	56,	1,	'2020-08-20',	'2020-08-20 12:07:19',	1),
(100,	'APAL-50688',	'Approval Ticket # APAL-50688',	59,	56,	1,	'2020-08-20',	'2020-08-20 12:07:19',	1),
(101,	'APAL-25656',	'Approval Ticket # APAL-25656',	59,	56,	1,	'2020-08-20',	'2020-08-20 12:07:19',	1),
(102,	'APAL-59307',	'Approval Ticket # APAL-59307',	59,	56,	1,	'2020-08-20',	'2020-08-20 12:07:19',	1),
(103,	'APAL-16656',	'Approval Ticket # APAL-16656',	59,	56,	1,	'2020-08-20',	'2020-08-20 12:07:19',	1),
(104,	'APAL-52750',	'Approval Ticket # APAL-52750',	59,	56,	1,	'2020-08-20',	'2020-08-20 12:07:19',	1),
(105,	'APAL-24502',	'Approval Ticket # APAL-24502',	59,	56,	1,	'2020-08-20',	'2020-08-20 12:07:19',	1),
(106,	'APAL-65948',	'Approval Ticket # APAL-65948',	59,	56,	1,	'2020-08-20',	'2020-08-20 12:07:19',	1),
(107,	'APAL-78989',	'Approval Ticket # APAL-78989',	59,	56,	1,	'2020-08-20',	'2020-08-20 12:07:19',	1),
(108,	'APAL-73815',	'Approval Ticket # APAL-73815',	59,	56,	1,	'2020-08-20',	'2020-08-20 12:07:19',	1),
(109,	'APAL-45842',	'Approval Ticket # APAL-45842',	59,	56,	1,	'2020-08-20',	'2020-08-20 12:07:19',	1),
(110,	'APAL-34602',	'Approval Ticket # APAL-34602',	59,	56,	1,	'2020-08-20',	'2020-08-20 12:07:19',	1),
(111,	'APAL-70763',	'Approval Ticket # APAL-70763',	59,	56,	1,	'2020-08-20',	'2020-08-20 12:07:19',	1),
(112,	'APAL-16035',	'Approval Ticket # APAL-16035',	59,	56,	1,	'2020-08-20',	'2020-08-20 12:07:19',	1),
(113,	'APAL-46786',	'Approval Ticket # APAL-46786',	59,	56,	1,	'2020-08-20',	'2020-08-20 12:07:19',	1),
(114,	'APAL-56246',	'Approval Ticket # APAL-56246',	59,	56,	1,	'2020-08-20',	'2020-08-20 12:07:19',	1),
(115,	'APAL-87551',	'Approval Ticket # APAL-87551',	59,	56,	1,	'2020-08-20',	'2020-08-20 12:07:19',	1),
(116,	'APAL-69210',	'Approval Ticket # APAL-69210',	59,	56,	1,	'2020-08-20',	'2020-08-20 12:07:19',	1),
(117,	'APAL-72053',	'Approval Ticket # APAL-72053',	59,	56,	1,	'2020-08-20',	'2020-08-20 12:07:19',	1),
(118,	'APAL-13721',	'Approval Ticket # APAL-13721',	59,	56,	1,	'2020-08-20',	'2020-08-20 12:07:19',	1),
(119,	'APAL-19449',	'Approval Ticket # APAL-19449',	59,	56,	1,	'2020-08-20',	'2020-08-20 12:07:19',	1),
(120,	'APAL-84002',	'Approval Ticket # APAL-84002',	59,	56,	1,	'2020-08-20',	'2020-08-20 12:07:19',	1),
(121,	'APAL-45853',	'Approval Ticket # APAL-45853',	59,	56,	1,	'2020-08-20',	'2020-08-20 12:07:19',	1),
(122,	'APAL-86626',	'Approval Ticket # APAL-86626',	59,	56,	1,	'2020-08-20',	'2020-08-20 12:07:19',	1),
(123,	'APAL-69043',	'Approval Ticket # APAL-69043',	59,	56,	1,	'2020-08-20',	'2020-08-20 12:07:19',	1),
(124,	'APAL-59363',	'Approval Ticket # APAL-59363',	59,	56,	1,	'2020-08-20',	'2020-08-20 12:07:19',	1),
(125,	'APAL-16927',	'Approval Ticket # APAL-16927',	59,	56,	1,	'2020-08-20',	'2020-08-20 12:07:19',	1),
(126,	'APAL-31262',	'Approval Ticket # APAL-31262',	59,	56,	1,	'2020-08-20',	'2020-08-20 12:07:19',	1),
(127,	'APAL-59146',	'Approval Ticket # APAL-59146',	59,	56,	1,	'2020-08-20',	'2020-08-20 12:07:19',	1),
(128,	'APAL-67211',	'Approval Ticket # APAL-67211',	59,	56,	1,	'2020-08-20',	'2020-08-20 12:07:19',	1),
(129,	'APAL-63810',	'Approval Ticket # APAL-63810',	59,	56,	1,	'2020-08-20',	'2020-08-20 12:07:19',	1),
(130,	'APAL-4626',	'Approval Ticket # APAL-4626',	59,	56,	1,	'2020-08-20',	'2020-08-20 12:07:19',	1),
(131,	'APAL-49688',	'Approval Ticket # APAL-49688',	59,	56,	1,	'2020-08-20',	'2020-08-20 12:07:19',	1),
(132,	'APAL-85717',	'Approval Ticket # APAL-85717',	59,	56,	1,	'2020-08-20',	'2020-08-20 12:07:20',	1),
(133,	'APAL-69007',	'Approval Ticket # APAL-69007',	59,	56,	1,	'2020-08-20',	'2020-08-20 12:07:20',	1),
(134,	'APAL-57204',	'Approval Ticket # APAL-57204',	59,	56,	1,	'2020-08-20',	'2020-08-20 12:07:20',	1),
(135,	'APAL-83095',	'Approval Ticket # APAL-83095',	59,	56,	1,	'2020-08-20',	'2020-08-20 12:07:20',	1),
(136,	'APAL-69209',	'Approval Ticket # APAL-69209',	59,	56,	1,	'2020-08-20',	'2020-08-20 12:07:20',	1),
(137,	'APAL-19707',	'Approval Ticket # APAL-19707',	59,	56,	1,	'2020-08-20',	'2020-08-20 12:07:20',	1),
(138,	'APAL-4174',	'Approval Ticket # APAL-4174',	59,	56,	1,	'2020-08-20',	'2020-08-20 12:07:20',	1),
(139,	'APAL-72455',	'Approval Ticket # APAL-72455',	59,	56,	1,	'2020-08-20',	'2020-08-20 12:07:20',	1),
(140,	'APAL-58333',	'Approval Ticket # APAL-58333',	59,	56,	1,	'2020-08-20',	'2020-08-20 12:07:20',	1),
(141,	'APAL-40747',	'Approval Ticket # APAL-40747',	59,	56,	1,	'2020-08-20',	'2020-08-20 12:07:20',	1),
(142,	'APAL-55534',	'Approval Ticket # APAL-55534',	59,	56,	1,	'2020-08-20',	'2020-08-20 12:07:20',	1),
(143,	'APAL-81325',	'Approval Ticket # APAL-81325',	59,	56,	1,	'2020-08-20',	'2020-08-20 12:07:20',	1),
(144,	'APAL-60704',	'Approval Ticket # APAL-60704',	59,	56,	1,	'2020-08-20',	'2020-08-20 12:07:20',	1),
(145,	'APAL-42135',	'Approval Ticket # APAL-42135',	59,	56,	1,	'2020-08-20',	'2020-08-20 12:07:20',	1),
(146,	'APAL-17447',	'Approval Ticket # APAL-17447',	59,	56,	1,	'2020-08-20',	'2020-08-20 12:07:20',	1),
(147,	'APAL-4736',	'Approval Ticket # APAL-4736',	59,	56,	1,	'2020-08-20',	'2020-08-20 12:07:20',	1),
(148,	'APAL-70686',	'Approval Ticket # APAL-70686',	59,	56,	1,	'2020-08-20',	'2020-08-20 12:07:20',	1),
(149,	'APAL-21551',	'Approval Ticket # APAL-21551',	59,	56,	1,	'2020-08-20',	'2020-08-20 12:07:20',	1),
(150,	'APAL-2906',	'Approval Ticket # APAL-2906',	59,	56,	1,	'2020-08-20',	'2020-08-20 12:07:20',	1),
(151,	'APAL-83723',	'Approval Ticket # APAL-83723',	59,	56,	1,	'2020-08-20',	'2020-08-20 12:07:20',	1),
(152,	'APAL-77493',	'Approval Ticket # APAL-77493',	59,	56,	1,	'2020-08-20',	'2020-08-20 12:07:20',	1),
(153,	'APAL-27171',	'Approval Ticket # APAL-27171',	59,	56,	1,	'2020-08-20',	'2020-08-20 12:07:20',	1),
(154,	'APAL-27624',	'Approval Ticket # APAL-27624',	59,	56,	1,	'2020-08-20',	'2020-08-20 12:07:20',	1),
(155,	'APAL-45070',	'Approval Ticket # APAL-45070',	59,	56,	1,	'2020-08-20',	'2020-08-20 12:07:20',	1),
(156,	'APAL-5346',	'Approval Ticket # APAL-5346',	59,	56,	1,	'2020-08-20',	'2020-08-20 12:07:20',	1),
(157,	'APAL-23495',	'Approval Ticket # APAL-23495',	59,	56,	1,	'2020-08-20',	'2020-08-20 12:07:20',	1),
(158,	'APAL-86911',	'Approval Ticket # APAL-86911',	59,	56,	1,	'2020-08-20',	'2020-08-20 12:07:20',	1),
(159,	'APAL-54026',	'Approval Ticket # APAL-54026',	59,	56,	1,	'2020-08-20',	'2020-08-20 12:07:20',	1),
(160,	'APAL-51328',	'Approval Ticket # APAL-51328',	59,	56,	1,	'2020-08-20',	'2020-08-20 12:07:20',	1),
(161,	'APAL-70389',	'Approval Ticket # APAL-70389',	59,	56,	1,	'2020-08-20',	'2020-08-20 12:07:20',	1),
(162,	'APAL-74421',	'Approval Ticket # APAL-74421',	59,	56,	1,	'2020-08-20',	'2020-08-20 12:07:20',	1),
(163,	'APAL-6703',	'Approval Ticket # APAL-6703',	59,	56,	1,	'2020-08-20',	'2020-08-20 12:07:20',	1),
(164,	'APAL-12976',	'Approval Ticket # APAL-12976',	59,	56,	1,	'2020-08-20',	'2020-08-20 12:07:20',	1),
(165,	'APAL-82607',	'Approval Ticket # APAL-82607',	59,	56,	1,	'2020-08-20',	'2020-08-20 12:07:20',	1),
(166,	'APAL-62988',	'Approval Ticket # APAL-62988',	59,	56,	1,	'2020-08-20',	'2020-08-20 12:07:20',	1),
(167,	'APAL-66557',	'Approval Ticket # APAL-66557',	59,	56,	1,	'2020-08-20',	'2020-08-20 12:07:20',	1),
(168,	'APAL-38277',	'Approval Ticket # APAL-38277',	59,	56,	1,	'2020-08-20',	'2020-08-20 12:07:20',	1),
(169,	'APAL-72739',	'Approval Ticket # APAL-72739',	59,	56,	1,	'2020-08-20',	'2020-08-20 12:07:20',	1),
(170,	'APAL-62795',	'Approval Ticket # APAL-62795',	59,	56,	1,	'2020-08-20',	'2020-08-20 12:07:20',	1),
(171,	'APAL-77041',	'Approval Ticket # APAL-77041',	59,	56,	1,	'2020-08-20',	'2020-08-20 12:07:20',	1),
(172,	'APAL-13072',	'Approval Ticket # APAL-13072',	59,	56,	1,	'2020-08-20',	'2020-08-20 12:07:20',	1),
(173,	'APAL-30510',	'Approval Ticket # APAL-30510',	59,	56,	1,	'2020-08-20',	'2020-08-20 12:07:20',	1),
(174,	'APAL-74030',	'Approval Ticket # APAL-74030',	59,	56,	1,	'2020-08-20',	'2020-08-20 12:07:20',	1),
(175,	'APAL-21489',	'Approval Ticket # APAL-21489',	59,	56,	1,	'2020-08-20',	'2020-08-20 12:07:20',	1),
(176,	'APAL-53782',	'Approval Ticket # APAL-53782',	59,	56,	1,	'2020-08-20',	'2020-08-20 12:07:20',	1),
(177,	'APAL-32142',	'Approval Ticket # APAL-32142',	59,	56,	1,	'2020-08-20',	'2020-08-20 12:07:20',	1),
(178,	'APAL-77094',	'Approval Ticket # APAL-77094',	59,	56,	1,	'2020-08-20',	'2020-08-20 12:07:20',	1),
(179,	'APAL-78279',	'Approval Ticket # APAL-78279',	59,	56,	1,	'2020-08-20',	'2020-08-20 12:07:20',	1),
(180,	'APAL-35780',	'Approval Ticket # APAL-35780',	59,	56,	1,	'2020-08-20',	'2020-08-20 12:07:20',	1),
(181,	'APAL-56216',	'Approval Ticket # APAL-56216',	59,	56,	1,	'2020-08-20',	'2020-08-20 12:07:20',	1),
(182,	'APAL-50010',	'Approval Ticket # APAL-50010',	59,	56,	1,	'2020-08-20',	'2020-08-20 12:07:20',	1),
(183,	'APAL-75322',	'Approval Ticket # APAL-75322',	59,	56,	1,	'2020-08-20',	'2020-08-20 12:07:20',	1),
(184,	'APAL-44840',	'Approval Ticket # APAL-44840',	59,	56,	1,	'2020-08-20',	'2020-08-20 12:07:20',	1),
(185,	'APAL-79844',	'Approval Ticket # APAL-79844',	59,	56,	1,	'2020-08-20',	'2020-08-20 12:07:20',	1),
(186,	'APAL-37636',	'Approval Ticket # APAL-37636',	59,	56,	1,	'2020-08-20',	'2020-08-20 12:07:20',	1),
(187,	'APAL-20410',	'Approval Ticket # APAL-20410',	59,	56,	1,	'2020-08-20',	'2020-08-20 12:07:20',	1),
(188,	'APAL-10009',	'Approval Ticket # APAL-10009',	59,	56,	1,	'2020-08-20',	'2020-08-20 12:07:20',	1),
(189,	'APAL-69528',	'Approval Ticket # APAL-69528',	59,	56,	1,	'2020-08-20',	'2020-08-20 12:07:20',	1),
(190,	'APAL-14237',	'Approval Ticket # APAL-14237',	59,	56,	1,	'2020-08-20',	'2020-08-20 12:07:20',	1),
(191,	'APAL-83502',	'Approval Ticket # APAL-83502',	59,	56,	1,	'2020-08-20',	'2020-08-20 12:07:20',	1),
(192,	'APAL-17916',	'Approval Ticket # APAL-17916',	59,	56,	1,	'2020-08-20',	'2020-08-20 12:07:20',	1),
(193,	'APAL-6687',	'Approval Ticket # APAL-6687',	59,	56,	1,	'2020-08-20',	'2020-08-20 12:07:20',	1),
(194,	'APAL-49271',	'Approval Ticket # APAL-49271',	59,	56,	1,	'2020-08-20',	'2020-08-20 12:07:20',	1),
(195,	'APAL-64552',	'Approval Ticket # APAL-64552',	59,	56,	1,	'2020-08-20',	'2020-08-20 12:07:20',	1),
(196,	'APAL-10059',	'Approval Ticket # APAL-10059',	59,	56,	1,	'2020-08-20',	'2020-08-20 12:07:20',	1),
(197,	'APAL-49371',	'Approval Ticket # APAL-49371',	59,	56,	1,	'2020-08-20',	'2020-08-20 12:07:20',	1),
(198,	'APAL-6582',	'Approval Ticket # APAL-6582',	59,	56,	1,	'2020-08-20',	'2020-08-20 12:07:20',	1),
(199,	'APAL-76119',	'Approval Ticket # APAL-76119',	59,	56,	1,	'2020-08-20',	'2020-08-20 12:07:20',	1),
(200,	'APAL-32652',	'Approval Ticket # APAL-32652',	59,	56,	1,	'2020-08-20',	'2020-08-20 12:07:20',	1),
(201,	'APAL-30149',	'Approval Ticket # APAL-30149',	59,	56,	1,	'2020-08-20',	'2020-08-20 12:07:20',	1),
(202,	'APAL-30821',	'Approval Ticket # APAL-30821',	59,	56,	1,	'2020-08-20',	'2020-08-20 12:07:20',	1),
(203,	'APAL-23761',	'Approval Ticket # APAL-23761',	59,	56,	1,	'2020-08-20',	'2020-08-20 12:07:20',	1),
(204,	'APAL-44537',	'Approval Ticket # APAL-44537',	59,	56,	1,	'2020-08-20',	'2020-08-20 12:07:20',	1),
(205,	'APAL-55425',	'Approval Ticket # APAL-55425',	59,	56,	1,	'2020-08-20',	'2020-08-20 12:07:20',	1),
(206,	'APAL-77903',	'Approval Ticket # APAL-77903',	59,	56,	1,	'2020-08-20',	'2020-08-20 12:07:20',	1),
(207,	'APAL-25883',	'Approval Ticket # APAL-25883',	59,	56,	1,	'2020-08-20',	'2020-08-20 12:07:20',	1),
(208,	'APAL-17572',	'Approval Ticket # APAL-17572',	59,	56,	1,	'2020-08-20',	'2020-08-20 12:07:20',	1),
(209,	'APAL-33431',	'Approval Ticket # APAL-33431',	59,	56,	1,	'2020-08-20',	'2020-08-20 12:07:20',	1),
(210,	'APAL-26205',	'Approval Ticket # APAL-26205',	59,	56,	1,	'2020-08-20',	'2020-08-20 12:07:20',	1),
(211,	'APAL-22974',	'Approval Ticket # APAL-22974',	59,	56,	1,	'2020-08-20',	'2020-08-20 12:07:20',	1),
(212,	'APAL-59278',	'Approval Ticket # APAL-59278',	59,	56,	1,	'2020-08-20',	'2020-08-20 12:07:20',	1),
(213,	'APAL-29958',	'Approval Ticket # APAL-29958',	59,	56,	1,	'2020-08-20',	'2020-08-20 12:07:20',	1),
(214,	'APAL-32183',	'Approval Ticket # APAL-32183',	59,	56,	1,	'2020-08-20',	'2020-08-20 12:07:20',	1),
(215,	'APAL-66326',	'Approval Ticket # APAL-66326',	59,	56,	1,	'2020-08-20',	'2020-08-20 12:07:20',	1),
(216,	'APAL-72634',	'Approval Ticket # APAL-72634',	59,	56,	1,	'2020-08-20',	'2020-08-20 12:07:20',	1),
(217,	'APAL-46281',	'Approval Ticket # APAL-46281',	59,	56,	1,	'2020-08-20',	'2020-08-20 12:07:20',	1),
(218,	'APAL-33883',	'Approval Ticket # APAL-33883',	59,	56,	1,	'2020-08-20',	'2020-08-20 12:07:20',	1),
(219,	'APAL-81451',	'Approval Ticket # APAL-81451',	59,	56,	1,	'2020-08-20',	'2020-08-20 12:07:20',	1),
(220,	'APAL-27739',	'Approval Ticket # APAL-27739',	59,	56,	1,	'2020-08-20',	'2020-08-20 12:07:20',	1),
(221,	'APAL-44197',	'Approval Ticket # APAL-44197',	59,	56,	1,	'2020-08-20',	'2020-08-20 12:07:20',	1),
(222,	'APAL-49474',	'Approval Ticket # APAL-49474',	59,	56,	1,	'2020-08-20',	'2020-08-20 12:07:20',	1),
(223,	'APAL-16374',	'Approval Ticket # APAL-16374',	59,	56,	1,	'2020-08-20',	'2020-08-20 12:07:20',	1),
(224,	'APAL-41019',	'Approval Ticket # APAL-41019',	59,	56,	1,	'2020-08-20',	'2020-08-20 12:07:20',	1),
(225,	'APAL-78499',	'Approval Ticket # APAL-78499',	59,	56,	1,	'2020-08-20',	'2020-08-20 12:07:20',	1),
(226,	'APAL-32964',	'Approval Ticket # APAL-32964',	59,	56,	1,	'2020-08-20',	'2020-08-20 12:07:20',	1),
(227,	'APAL-40979',	'Approval Ticket # APAL-40979',	59,	56,	1,	'2020-08-20',	'2020-08-20 12:07:20',	1),
(228,	'APAL-44097',	'Approval Ticket # APAL-44097',	59,	56,	1,	'2020-08-20',	'2020-08-20 12:07:20',	1),
(229,	'APAL-53323',	'Approval Ticket # APAL-53323',	59,	56,	1,	'2020-08-20',	'2020-08-20 12:07:20',	1),
(230,	'APAL-73147',	'Approval Ticket # APAL-73147',	59,	56,	1,	'2020-08-20',	'2020-08-20 12:07:20',	1),
(231,	'APAL-4818',	'Approval Ticket # APAL-4818',	59,	56,	1,	'2020-08-20',	'2020-08-20 12:07:20',	1),
(232,	'APAL-44015',	'Approval Ticket # APAL-44015',	59,	56,	1,	'2020-08-20',	'2020-08-20 12:07:21',	1),
(233,	'APAL-30983',	'Approval Ticket # APAL-30983',	59,	56,	1,	'2020-08-20',	'2020-08-20 12:07:21',	1),
(234,	'APAL-28998',	'Approval Ticket # APAL-28998',	59,	56,	1,	'2020-08-20',	'2020-08-20 12:07:21',	1),
(235,	'APAL-28056',	'Approval Ticket # APAL-28056',	59,	56,	1,	'2020-08-20',	'2020-08-20 12:07:21',	1),
(236,	'APAL-23918',	'Approval Ticket # APAL-23918',	59,	56,	1,	'2020-08-20',	'2020-08-20 12:07:21',	1),
(237,	'APAL-32239',	'Approval Ticket # APAL-32239',	59,	56,	1,	'2020-08-20',	'2020-08-20 12:07:21',	1),
(238,	'APAL-8245',	'Approval Ticket # APAL-8245',	59,	56,	1,	'2020-08-20',	'2020-08-20 12:07:21',	1),
(239,	'APAL-75636',	'Approval Ticket # APAL-75636',	59,	56,	1,	'2020-08-20',	'2020-08-20 12:07:21',	1),
(240,	'APAL-10978',	'Approval Ticket # APAL-10978',	59,	56,	1,	'2020-08-20',	'2020-08-20 12:07:21',	1),
(241,	'APAL-86409',	'Approval Ticket # APAL-86409',	59,	56,	1,	'2020-08-20',	'2020-08-20 12:07:21',	1),
(242,	'APAL-11600',	'Approval Ticket # APAL-11600',	59,	56,	1,	'2020-08-20',	'2020-08-20 12:07:21',	1),
(243,	'APAL-60103',	'Approval Ticket # APAL-60103',	59,	56,	1,	'2020-08-20',	'2020-08-20 12:07:21',	1),
(244,	'APAL-42534',	'Approval Ticket # APAL-42534',	59,	56,	1,	'2020-08-20',	'2020-08-20 12:07:21',	1),
(245,	'APAL-69610',	'Approval Ticket # APAL-69610',	59,	56,	1,	'2020-08-20',	'2020-08-20 12:07:21',	1),
(246,	'APAL-7263',	'Approval Ticket # APAL-7263',	59,	56,	1,	'2020-08-20',	'2020-08-20 12:07:21',	1),
(247,	'APAL-73005',	'Approval Ticket # APAL-73005',	59,	56,	1,	'2020-08-20',	'2020-08-20 12:07:21',	1),
(248,	'APAL-70607',	'Approval Ticket # APAL-70607',	59,	56,	1,	'2020-08-20',	'2020-08-20 12:07:21',	1),
(249,	'APAL-19357',	'Approval Ticket # APAL-19357',	59,	56,	1,	'2020-08-20',	'2020-08-20 12:07:21',	1),
(250,	'APAL-52061',	'Approval Ticket # APAL-52061',	59,	56,	1,	'2020-08-20',	'2020-08-20 12:07:21',	1),
(251,	'APAL-43745',	'Approval Ticket # APAL-43745',	59,	56,	1,	'2020-08-20',	'2020-08-20 12:07:21',	1),
(252,	'APAL-54326',	'Approval Ticket # APAL-54326',	59,	56,	1,	'2020-08-20',	'2020-08-20 12:07:21',	1),
(253,	'APAL-7643',	'Approval Ticket # APAL-7643',	59,	56,	1,	'2020-08-20',	'2020-08-20 12:07:21',	1),
(254,	'APAL-72239',	'Approval Ticket # APAL-72239',	59,	56,	1,	'2020-08-20',	'2020-08-20 12:07:21',	1),
(255,	'APAL-17306',	'Approval Ticket # APAL-17306',	59,	56,	1,	'2020-08-20',	'2020-08-20 12:07:21',	1),
(256,	'APAL-11824',	'Approval Ticket # APAL-11824',	59,	56,	1,	'2020-08-20',	'2020-08-20 12:07:21',	1),
(257,	'APAL-56319',	'Approval Ticket # APAL-56319',	59,	56,	1,	'2020-08-20',	'2020-08-20 12:07:21',	1),
(258,	'APAL-45752',	'Approval Ticket # APAL-45752',	59,	56,	1,	'2020-08-20',	'2020-08-20 12:07:21',	1),
(259,	'APAL-13640',	'Approval Ticket # APAL-13640',	59,	56,	1,	'2020-08-20',	'2020-08-20 12:07:21',	1),
(260,	'APAL-68557',	'Approval Ticket # APAL-68557',	59,	56,	1,	'2020-08-20',	'2020-08-20 12:07:21',	1),
(261,	'APAL-4329',	'Approval Ticket # APAL-4329',	59,	56,	1,	'2020-08-20',	'2020-08-20 12:07:21',	1),
(262,	'APAL-63268',	'Approval Ticket # APAL-63268',	59,	56,	1,	'2020-08-20',	'2020-08-20 12:07:21',	1),
(263,	'APAL-27567',	'Approval Ticket # APAL-27567',	59,	56,	1,	'2020-08-20',	'2020-08-20 12:07:21',	1),
(264,	'APAL-89118',	'Approval Ticket # APAL-89118',	59,	56,	1,	'2020-08-20',	'2020-08-20 12:07:21',	1),
(265,	'APAL-52050',	'Approval Ticket # APAL-52050',	59,	56,	1,	'2020-08-20',	'2020-08-20 12:07:21',	1),
(266,	'APAL-79272',	'Approval Ticket # APAL-79272',	59,	56,	1,	'2020-08-20',	'2020-08-20 12:07:21',	1),
(267,	'APAL-12096',	'Approval Ticket # APAL-12096',	59,	56,	1,	'2020-08-20',	'2020-08-20 12:07:21',	1),
(268,	'APAL-67807',	'Approval Ticket # APAL-67807',	59,	56,	1,	'2020-08-20',	'2020-08-20 12:07:21',	1),
(269,	'APAL-8314',	'Approval Ticket # APAL-8314',	59,	56,	1,	'2020-08-20',	'2020-08-20 12:07:21',	1),
(270,	'APAL-25171',	'Approval Ticket # APAL-25171',	59,	56,	1,	'2020-08-20',	'2020-08-20 12:07:21',	1),
(271,	'APAL-46206',	'Approval Ticket # APAL-46206',	59,	56,	1,	'2020-08-20',	'2020-08-20 12:07:21',	1),
(272,	'APAL-49882',	'Approval Ticket # APAL-49882',	59,	56,	1,	'2020-08-20',	'2020-08-20 12:07:21',	1),
(273,	'APAL-31866',	'Approval Ticket # APAL-31866',	59,	56,	1,	'2020-08-20',	'2020-08-20 12:07:21',	1),
(274,	'APAL-25488',	'Approval Ticket # APAL-25488',	59,	56,	1,	'2020-08-20',	'2020-08-20 12:07:21',	1),
(275,	'APAL-57818',	'Approval Ticket # APAL-57818',	59,	56,	1,	'2020-08-20',	'2020-08-20 12:07:21',	1),
(276,	'APAL-20173',	'Approval Ticket # APAL-20173',	59,	56,	1,	'2020-08-20',	'2020-08-20 12:07:21',	1),
(277,	'APAL-65019',	'Approval Ticket # APAL-65019',	59,	56,	1,	'2020-08-20',	'2020-08-20 12:07:21',	1),
(278,	'APAL-9904',	'Approval Ticket # APAL-9904',	59,	56,	1,	'2020-08-20',	'2020-08-20 12:07:21',	1),
(279,	'APAL-75836',	'Approval Ticket # APAL-75836',	59,	56,	1,	'2020-08-20',	'2020-08-20 12:07:21',	1),
(280,	'APAL-50382',	'Approval Ticket # APAL-50382',	59,	56,	1,	'2020-08-20',	'2020-08-20 12:07:21',	1),
(281,	'APAL-26516',	'Approval Ticket # APAL-26516',	59,	56,	1,	'2020-08-20',	'2020-08-20 12:07:21',	1),
(282,	'APAL-84301',	'Approval Ticket # APAL-84301',	59,	56,	1,	'2020-08-20',	'2020-08-20 12:07:21',	1),
(283,	'APAL-83555',	'Approval Ticket # APAL-83555',	59,	56,	1,	'2020-08-20',	'2020-08-20 12:07:21',	1),
(284,	'APAL-12915',	'Approval Ticket # APAL-12915',	72,	69,	1,	'2020-08-20',	'2020-08-20 12:15:10',	1),
(285,	'APAL-14915',	'Approval Ticket # APAL-14915',	1,	1,	1,	'2020-08-21',	'2020-08-21 07:25:54',	1),
(286,	'APAL-22474',	'Approval Ticket # APAL-22474',	25,	22,	1,	'2020-08-21',	'2020-08-21 07:27:16',	1),
(287,	'APAL-33961',	'Approval Ticket # APAL-33961',	46,	43,	1,	'2020-08-21',	'2020-08-21 07:28:43',	1),
(288,	'APAL-12018',	'Approval Ticket # APAL-12018',	22,	19,	1,	'2020-08-21',	'2020-08-21 07:28:43',	1),
(289,	'APAL-79134',	'Approval Ticket # APAL-79134',	76,	72,	1,	'2020-08-21',	'2020-08-21 07:28:43',	1),
(290,	'APAL-2679',	'Approval Ticket # APAL-2679',	71,	68,	1,	'2020-08-21',	'2020-08-21 07:30:17',	1),
(291,	'APAL-80063',	'Approval Ticket # APAL-80063',	72,	69,	1,	'2020-08-21',	'2020-08-21 07:31:32',	1),
(292,	'APAL-73604',	'Approval Ticket # APAL-73604',	29,	26,	1,	'2020-08-21',	'2020-08-21 07:33:34',	1),
(293,	'APAL-35528',	'Approval Ticket # APAL-35528',	31,	28,	1,	'2020-08-21',	'2020-08-21 07:34:41',	1),
(294,	'APAL-69073',	'Approval Ticket # APAL-69073',	31,	28,	1,	'2020-08-21',	'2020-08-21 07:39:19',	1),
(295,	'APAL-35170',	'Approval Ticket # APAL-35170',	78,	74,	1,	'2020-08-21',	'2020-08-21 07:40:25',	1),
(296,	'APAL-31707',	'Approval Ticket # APAL-31707',	23,	20,	1,	'2020-08-21',	'2020-08-21 07:40:25',	1),
(297,	'APAL-57174',	'Approval Ticket # APAL-57174',	30,	27,	1,	'2020-08-21',	'2020-08-21 07:40:25',	1),
(298,	'APAL-75573',	'Approval Ticket # APAL-75573',	72,	69,	2,	'2020-08-21',	'2020-08-21 07:41:23',	2),
(299,	'APAL-29941',	'Approval Ticket # APAL-29941',	5,	3,	1,	'2020-08-21',	'2020-08-21 07:50:45',	1),
(300,	'APAL-89741',	'Approval Ticket # APAL-89741',	1,	1,	1,	'2020-08-21',	'2020-08-21 08:30:26',	1),
(301,	'APAL-62928',	'Approval Ticket # APAL-62928',	1,	1,	1,	'2020-08-21',	'2020-08-21 08:31:22',	1),
(302,	'APAL-56889',	'Approval Ticket # APAL-56889',	25,	22,	1,	'2020-08-21',	'2020-08-21 08:34:48',	1),
(303,	'APAL-36623',	'Approval Ticket # APAL-36623',	46,	43,	1,	'2020-08-21',	'2020-08-21 08:44:20',	1),
(304,	'APAL-48382',	'Approval Ticket # APAL-48382',	17,	14,	1,	'2020-08-21',	'2020-08-21 08:44:20',	1),
(305,	'APAL-38418',	'Approval Ticket # APAL-38418',	76,	72,	1,	'2020-08-21',	'2020-08-21 08:44:20',	1),
(306,	'APAL-17994',	'Approval Ticket # APAL-17994',	46,	43,	1,	'2020-08-21',	'2020-08-21 08:46:31',	1),
(307,	'APAL-37464',	'Approval Ticket # APAL-37464',	17,	14,	1,	'2020-08-21',	'2020-08-21 08:46:31',	1),
(308,	'APAL-13309',	'Approval Ticket # APAL-13309',	76,	72,	1,	'2020-08-21',	'2020-08-21 08:46:31',	1),
(309,	'APAL-60972',	'Approval Ticket # APAL-60972',	46,	43,	1,	'2020-08-21',	'2020-08-21 08:47:38',	1),
(310,	'APAL-45058',	'Approval Ticket # APAL-45058',	15,	12,	1,	'2020-08-21',	'2020-08-21 08:47:38',	1),
(311,	'APAL-1215',	'Approval Ticket # APAL-1215',	76,	72,	1,	'2020-08-21',	'2020-08-21 08:47:38',	1),
(312,	'APAL-12015',	'Approval Ticket # APAL-12015',	46,	43,	1,	'2020-08-21',	'2020-08-21 08:48:08',	1),
(313,	'APAL-78012',	'Approval Ticket # APAL-78012',	15,	12,	1,	'2020-08-21',	'2020-08-21 08:48:08',	1),
(314,	'APAL-89535',	'Approval Ticket # APAL-89535',	76,	72,	1,	'2020-08-21',	'2020-08-21 08:48:08',	1),
(315,	'APAL-7197',	'Approval Ticket # APAL-7197',	46,	43,	1,	'2020-08-21',	'2020-08-21 08:48:58',	1),
(316,	'APAL-74172',	'Approval Ticket # APAL-74172',	13,	10,	1,	'2020-08-21',	'2020-08-21 08:48:58',	1),
(317,	'APAL-78628',	'Approval Ticket # APAL-78628',	76,	72,	1,	'2020-08-21',	'2020-08-21 08:48:58',	1),
(318,	'APAL-2458',	'Approval Ticket # APAL-2458',	46,	43,	1,	'2020-08-21',	'2020-08-21 08:51:17',	1),
(319,	'APAL-36863',	'Approval Ticket # APAL-36863',	13,	10,	1,	'2020-08-21',	'2020-08-21 08:51:17',	1),
(320,	'APAL-2529',	'Approval Ticket # APAL-2529',	76,	72,	1,	'2020-08-21',	'2020-08-21 08:51:17',	1),
(321,	'APAL-5787',	'Approval Ticket # APAL-5787',	46,	43,	1,	'2020-08-21',	'2020-08-21 08:55:51',	1),
(322,	'APAL-83613',	'Approval Ticket # APAL-83613',	11,	8,	1,	'2020-08-21',	'2020-08-21 08:55:51',	1),
(323,	'APAL-19919',	'Approval Ticket # APAL-19919',	76,	72,	1,	'2020-08-21',	'2020-08-21 08:55:51',	1),
(324,	'APAL-54487',	'Approval Ticket # APAL-54487',	71,	68,	1,	'2020-08-21',	'2020-08-21 08:59:16',	1),
(325,	'APAL-75061',	'Approval Ticket # APAL-75061',	72,	69,	1,	'2020-08-21',	'2020-08-21 09:05:14',	1),
(326,	'APAL-68899',	'Approval Ticket # APAL-68899',	29,	26,	1,	'2020-08-21',	'2020-08-21 09:13:15',	1),
(327,	'APAL-21897',	'Approval Ticket # APAL-21897',	31,	28,	1,	'2020-08-21',	'2020-08-21 09:13:57',	1),
(328,	'APAL-39442',	'Approval Ticket # APAL-39442',	78,	74,	1,	'2020-08-21',	'2020-08-21 09:19:36',	1),
(329,	'APAL-6914',	'Approval Ticket # APAL-6914',	18,	15,	1,	'2020-08-21',	'2020-08-21 09:19:36',	1),
(330,	'APAL-6381',	'Approval Ticket # APAL-6381',	30,	27,	1,	'2020-08-21',	'2020-08-21 09:19:36',	1),
(331,	'APAL-6917',	'Approval Ticket # APAL-6917',	78,	74,	1,	'2020-08-21',	'2020-08-21 09:23:39',	1),
(332,	'APAL-3562',	'Approval Ticket # APAL-3562',	18,	15,	1,	'2020-08-21',	'2020-08-21 09:23:39',	1),
(333,	'APAL-24273',	'Approval Ticket # APAL-24273',	30,	27,	1,	'2020-08-21',	'2020-08-21 09:23:39',	1),
(334,	'APAL-40627',	'Approval Ticket # APAL-40627',	72,	69,	1,	'2020-08-21',	'2020-08-21 09:28:30',	1),
(335,	'APAL-9258',	'Approval Ticket # APAL-9258',	59,	56,	1,	'2020-08-21',	'2020-08-21 09:28:43',	1),
(336,	'APAL-20935',	'Approval Ticket # APAL-20935',	59,	56,	1,	'2020-08-21',	'2020-08-21 09:28:43',	1),
(337,	'APAL-82489',	'Approval Ticket # APAL-82489',	59,	56,	1,	'2020-08-21',	'2020-08-21 09:28:43',	1),
(338,	'APAL-17269',	'Approval Ticket # APAL-17269',	59,	56,	1,	'2020-08-21',	'2020-08-21 09:28:43',	1),
(339,	'APAL-22842',	'Approval Ticket # APAL-22842',	72,	69,	1,	'2020-08-21',	'2020-08-21 09:30:29',	1),
(340,	'APAL-44289',	'Approval Ticket # APAL-44289',	82,	78,	3,	'2020-08-21',	'2020-08-21 09:30:52',	3),
(341,	'APAL-39467',	'Approval Ticket # APAL-39467',	82,	78,	3,	'2020-08-21',	'2020-08-21 09:31:21',	3),
(342,	'APAL-53610',	'Approval Ticket # APAL-53610',	72,	69,	1,	'2020-08-21',	'2020-08-21 09:32:10',	1),
(343,	'APAL-73699',	'Approval Ticket # APAL-73699',	72,	69,	1,	'2020-08-21',	'2020-08-21 09:33:54',	1),
(344,	'APAL-13020',	'Approval Ticket # APAL-13020',	72,	69,	1,	'2020-08-21',	'2020-08-21 09:39:19',	1),
(345,	'APAL-84449',	'Approval Ticket # APAL-84449',	49,	46,	3,	'2020-08-21',	'2020-08-21 09:39:45',	3),
(346,	'APAL-41122',	'Approval Ticket # APAL-41122',	49,	46,	3,	'2020-08-21',	'2020-08-21 09:40:02',	3),
(347,	'APAL-49436',	'Approval Ticket # APAL-49436',	49,	46,	3,	'2020-08-21',	'2020-08-21 09:40:19',	3),
(348,	'APAL-70942',	'Approval Ticket # APAL-70942',	37,	34,	3,	'2020-08-21',	'2020-08-21 09:43:34',	3),
(349,	'APAL-88723',	'Approval Ticket # APAL-88723',	72,	69,	1,	'2020-08-21',	'2020-08-21 09:43:54',	1),
(350,	'APAL-10213',	'Approval Ticket # APAL-10213',	37,	34,	3,	'2020-08-21',	'2020-08-21 09:44:40',	3),
(351,	'APAL-60705',	'Approval Ticket # APAL-60705',	72,	69,	1,	'2020-08-21',	'2020-08-21 09:45:21',	1),
(352,	'APAL-48311',	'Approval Ticket # APAL-48311',	32,	29,	3,	'2020-08-21',	'2020-08-21 09:45:34',	3),
(353,	'APAL-41916',	'Approval Ticket # APAL-41916',	32,	29,	3,	'2020-08-21',	'2020-08-21 09:48:12',	3),
(354,	'APAL-18586',	'Approval Ticket # APAL-18586',	34,	31,	3,	'2020-08-21',	'2020-08-21 09:52:24',	3),
(355,	'APAL-70031',	'Approval Ticket # APAL-70031',	72,	69,	1,	'2020-08-21',	'2020-08-21 09:53:11',	1),
(356,	'APAL-84490',	'Approval Ticket # APAL-84490',	72,	69,	1,	'2020-08-21',	'2020-08-21 09:54:52',	1),
(357,	'APAL-17618',	'Approval Ticket # APAL-17618',	35,	32,	3,	'2020-08-21',	'2020-08-21 09:57:36',	3),
(358,	'APAL-89650',	'Approval Ticket # APAL-89650',	61,	58,	3,	'2020-08-21',	'2020-08-21 09:58:24',	3),
(359,	'APAL-24083',	'Approval Ticket # APAL-24083',	61,	58,	3,	'2020-08-21',	'2020-08-21 10:00:16',	3),
(360,	'APAL-16420',	'Approval Ticket # APAL-16420',	62,	59,	3,	'2020-08-21',	'2020-08-21 10:01:44',	3),
(361,	'APAL-84382',	'Approval Ticket # APAL-84382',	72,	69,	1,	'2020-08-21',	'2020-08-21 10:04:57',	1),
(362,	'APAL-68518',	'Approval Ticket # APAL-68518',	65,	62,	3,	'2020-08-21',	'2020-08-21 10:05:51',	3),
(363,	'APAL-5810',	'Approval Ticket # APAL-5810',	65,	62,	3,	'2020-08-21',	'2020-08-21 10:06:10',	3),
(364,	'APAL-75330',	'Approval Ticket # APAL-75330',	34,	31,	4,	'2020-08-25',	'2020-08-25 08:22:49',	4),
(365,	'APAL-63632',	'Approval Ticket # APAL-63632',	35,	32,	4,	'2020-08-25',	'2020-08-25 08:23:27',	4),
(366,	'APAL-58992',	'Approval Ticket # APAL-58992',	61,	58,	4,	'2020-08-25',	'2020-08-25 08:25:06',	4),
(367,	'APAL-77317',	'Approval Ticket # APAL-77317',	46,	43,	4,	'2020-08-25',	'2020-08-25 08:30:49',	4),
(368,	'APAL-86676',	'Approval Ticket # APAL-86676',	11,	8,	4,	'2020-08-25',	'2020-08-25 08:30:49',	4),
(369,	'APAL-24683',	'Approval Ticket # APAL-24683',	76,	72,	4,	'2020-08-25',	'2020-08-25 08:30:49',	4),
(370,	'APAL-58757',	'Approval Ticket # APAL-58757',	62,	59,	4,	'2020-08-25',	'2020-08-25 08:31:47',	4),
(371,	'APAL-67130',	'Approval Ticket # APAL-67130',	65,	62,	4,	'2020-08-25',	'2020-08-25 08:38:33',	4),
(372,	'APAL-27206',	'Approval Ticket # APAL-27206',	5,	3,	4,	'2020-08-25',	'2020-08-25 08:43:57',	4),
(373,	'APAL-16232',	'Approval Ticket # APAL-16232',	49,	46,	4,	'2020-08-26',	'2020-08-26 14:16:40',	4),
(374,	'APAL-62924',	'Approval Ticket # APAL-62924',	5,	3,	1,	'2020-08-26',	'2020-08-26 23:42:25',	1),
(375,	'APAL-2383',	'Approval Ticket # APAL-2383',	5,	3,	1,	'2020-08-26',	'2020-08-26 23:58:40',	1),
(376,	'APAL-4470',	'Approval Ticket # APAL-4470',	5,	3,	1,	'2020-08-27',	'2020-08-27 00:07:49',	1),
(386,	'APAL-23987',	'Approval Ticket # APAL-23987',	59,	56,	1,	'2020-08-27',	'2020-08-27 14:52:13',	1),
(387,	'APAL-79956',	'Approval Ticket # APAL-79956',	59,	56,	1,	'2020-08-27',	'2020-08-27 14:52:13',	1),
(388,	'APAL-50245',	'Approval Ticket # APAL-50245',	59,	56,	1,	'2020-08-27',	'2020-08-27 14:52:13',	1),
(389,	'APAL-41350',	'Approval Ticket # APAL-41350',	59,	56,	1,	'2020-08-27',	'2020-08-27 14:52:13',	1),
(390,	'APAL-69678',	'Approval Ticket # APAL-69678',	59,	56,	1,	'2020-09-01',	'2020-09-01 13:34:40',	1),
(391,	'APAL-38390',	'Approval Ticket # APAL-38390',	59,	56,	1,	'2020-09-01',	'2020-09-01 13:34:40',	1),
(392,	'APAL-24355',	'Approval Ticket # APAL-24355',	59,	56,	1,	'2020-09-01',	'2020-09-01 13:34:40',	1),
(393,	'APAL-71649',	'Approval Ticket # APAL-71649',	59,	56,	1,	'2020-09-01',	'2020-09-01 13:34:40',	1),
(394,	'APAL-83611',	'Approval Ticket # APAL-83611',	59,	56,	1,	'2020-09-01',	'2020-09-01 13:34:40',	1),
(395,	'APAL-11954',	'Approval Ticket # APAL-11954',	59,	56,	1,	'2020-09-01',	'2020-09-01 13:34:40',	1),
(396,	'APAL-89286',	'Approval Ticket # APAL-89286',	59,	56,	1,	'2020-09-01',	'2020-09-01 13:34:40',	1),
(397,	'APAL-72952',	'Approval Ticket # APAL-72952',	59,	56,	1,	'2020-09-01',	'2020-09-01 13:34:40',	1),
(398,	'APAL-19254',	'Approval Ticket # APAL-19254',	59,	56,	1,	'2020-09-01',	'2020-09-01 13:34:41',	1),
(399,	'APAL-14080',	'Approval Ticket # APAL-14080',	59,	56,	1,	'2020-09-01',	'2020-09-01 13:34:41',	1),
(400,	'APAL-86955',	'Approval Ticket # APAL-86955',	59,	56,	1,	'2020-09-01',	'2020-09-01 13:34:41',	1),
(401,	'APAL-18386',	'Approval Ticket # APAL-18386',	59,	56,	1,	'2020-09-01',	'2020-09-01 13:34:41',	1),
(402,	'APAL-32722',	'Approval Ticket # APAL-32722',	59,	56,	1,	'2020-09-01',	'2020-09-01 13:34:41',	1),
(403,	'APAL-41303',	'Approval Ticket # APAL-41303',	59,	56,	1,	'2020-09-01',	'2020-09-01 13:34:41',	1),
(404,	'APAL-84625',	'Approval Ticket # APAL-84625',	59,	56,	1,	'2020-09-01',	'2020-09-01 13:34:41',	1),
(405,	'APAL-27819',	'Approval Ticket # APAL-27819',	59,	56,	1,	'2020-09-01',	'2020-09-01 13:34:41',	1),
(406,	'APAL-35407',	'Approval Ticket # APAL-35407',	59,	56,	1,	'2020-09-01',	'2020-09-01 13:34:41',	1),
(407,	'APAL-82582',	'Approval Ticket # APAL-82582',	59,	56,	1,	'2020-09-01',	'2020-09-01 13:34:41',	1),
(408,	'APAL-15858',	'Approval Ticket # APAL-15858',	59,	56,	1,	'2020-09-01',	'2020-09-01 13:34:41',	1),
(409,	'APAL-22687',	'Approval Ticket # APAL-22687',	59,	56,	1,	'2020-09-01',	'2020-09-01 13:34:41',	1),
(410,	'APAL-53675',	'Approval Ticket # APAL-53675',	59,	56,	1,	'2020-09-01',	'2020-09-01 13:34:41',	1),
(411,	'APAL-3534',	'Approval Ticket # APAL-3534',	59,	56,	1,	'2020-09-01',	'2020-09-01 13:34:41',	1),
(412,	'APAL-17646',	'Approval Ticket # APAL-17646',	59,	56,	1,	'2020-09-01',	'2020-09-01 13:34:41',	1),
(413,	'APAL-62898',	'Approval Ticket # APAL-62898',	59,	56,	1,	'2020-09-01',	'2020-09-01 13:34:41',	1),
(414,	'APAL-38274',	'Approval Ticket # APAL-38274',	59,	56,	1,	'2020-09-01',	'2020-09-01 13:34:41',	1),
(415,	'APAL-67965',	'Approval Ticket # APAL-67965',	59,	56,	1,	'2020-09-01',	'2020-09-01 13:34:41',	1),
(416,	'APAL-54157',	'Approval Ticket # APAL-54157',	59,	56,	1,	'2020-09-01',	'2020-09-01 13:34:41',	1),
(417,	'APAL-55574',	'Approval Ticket # APAL-55574',	59,	56,	1,	'2020-09-01',	'2020-09-01 13:34:41',	1),
(418,	'APAL-72244',	'Approval Ticket # APAL-72244',	59,	56,	1,	'2020-09-01',	'2020-09-01 13:34:41',	1),
(419,	'APAL-25933',	'Approval Ticket # APAL-25933',	59,	56,	1,	'2020-09-01',	'2020-09-01 13:34:41',	1),
(420,	'APAL-26333',	'Approval Ticket # APAL-26333',	59,	56,	1,	'2020-09-01',	'2020-09-01 13:34:41',	1),
(421,	'APAL-27991',	'Approval Ticket # APAL-27991',	59,	56,	1,	'2020-09-01',	'2020-09-01 13:34:41',	1),
(422,	'APAL-33482',	'Approval Ticket # APAL-33482',	59,	56,	1,	'2020-09-01',	'2020-09-01 13:34:41',	1),
(423,	'APAL-45491',	'Approval Ticket # APAL-45491',	59,	56,	1,	'2020-09-01',	'2020-09-01 13:34:41',	1),
(424,	'APAL-84857',	'Approval Ticket # APAL-84857',	59,	56,	1,	'2020-09-01',	'2020-09-01 13:34:41',	1),
(425,	'APAL-19350',	'Approval Ticket # APAL-19350',	59,	56,	1,	'2020-09-01',	'2020-09-01 13:34:41',	1),
(426,	'APAL-13197',	'Approval Ticket # APAL-13197',	59,	56,	1,	'2020-09-01',	'2020-09-01 13:34:41',	1),
(427,	'APAL-40760',	'Approval Ticket # APAL-40760',	59,	56,	1,	'2020-09-01',	'2020-09-01 13:34:41',	1),
(428,	'APAL-10022',	'Approval Ticket # APAL-10022',	59,	56,	1,	'2020-09-01',	'2020-09-01 13:34:41',	1),
(429,	'APAL-23359',	'Approval Ticket # APAL-23359',	59,	56,	1,	'2020-09-01',	'2020-09-01 13:34:41',	1),
(430,	'APAL-20787',	'Approval Ticket # APAL-20787',	59,	56,	1,	'2020-09-01',	'2020-09-01 13:34:41',	1),
(431,	'APAL-40955',	'Approval Ticket # APAL-40955',	59,	56,	1,	'2020-09-01',	'2020-09-01 13:34:41',	1),
(432,	'APAL-38663',	'Approval Ticket # APAL-38663',	59,	56,	1,	'2020-09-01',	'2020-09-01 13:34:41',	1),
(433,	'APAL-75907',	'Approval Ticket # APAL-75907',	59,	56,	1,	'2020-09-01',	'2020-09-01 13:34:41',	1),
(434,	'APAL-1350',	'Approval Ticket # APAL-1350',	72,	69,	1,	'2020-09-01',	'2020-09-01 13:36:23',	1),
(435,	'APAL-78476',	'Approval Ticket # APAL-78476',	72,	69,	1,	'2020-09-01',	'2020-09-01 13:36:23',	1),
(436,	'APAL-5911',	'Approval Ticket # APAL-5911',	72,	69,	1,	'2020-09-01',	'2020-09-01 13:36:23',	1),
(437,	'APAL-16234',	'Approval Ticket # APAL-16234',	72,	69,	1,	'2020-09-01',	'2020-09-01 13:36:23',	1),
(438,	'APAL-35797',	'Approval Ticket # APAL-35797',	72,	69,	1,	'2020-09-01',	'2020-09-01 13:36:23',	1),
(439,	'APAL-28728',	'Approval Ticket # APAL-28728',	72,	69,	1,	'2020-09-01',	'2020-09-01 13:36:23',	1),
(440,	'APAL-62204',	'Approval Ticket # APAL-62204',	72,	69,	1,	'2020-09-01',	'2020-09-01 13:36:23',	1),
(441,	'APAL-1538',	'Approval Ticket # APAL-1538',	72,	69,	1,	'2020-09-01',	'2020-09-01 13:37:02',	1),
(442,	'APAL-69029',	'Approval Ticket # APAL-69029',	72,	69,	1,	'2020-09-01',	'2020-09-01 13:37:47',	1),
(443,	'APAL-41666',	'Approval Ticket # APAL-41666',	47,	44,	4,	'2020-09-01',	'2020-09-01 13:38:29',	4),
(444,	'APAL-72617',	'Approval Ticket # APAL-72617',	72,	69,	1,	'2020-09-01',	'2020-09-01 13:39:23',	1),
(445,	'APAL-87618',	'Approval Ticket # APAL-87618',	24,	21,	4,	'2020-09-01',	'2020-09-01 13:42:18',	4),
(446,	'APAL-52445',	'Approval Ticket # APAL-52445',	24,	21,	4,	'2020-09-01',	'2020-09-01 13:43:28',	4),
(447,	'APAL-16901',	'Approval Ticket # APAL-16901',	37,	34,	4,	'2020-09-01',	'2020-09-01 13:52:07',	4),
(448,	'APAL-80162',	'Approval Ticket # APAL-80162',	54,	51,	4,	'2020-09-01',	'2020-09-01 13:53:51',	4),
(449,	'APAL-66392',	'Approval Ticket # APAL-66392',	52,	49,	4,	'2020-09-01',	'2020-09-01 13:56:58',	4),
(450,	'APAL-35816',	'Approval Ticket # APAL-35816',	51,	48,	4,	'2020-09-01',	'2020-09-01 13:57:48',	4),
(451,	'APAL-78439',	'Approval Ticket # APAL-78439',	50,	47,	4,	'2020-09-01',	'2020-09-01 14:02:34',	4),
(452,	'APAL-51839',	'Approval Ticket # APAL-51839',	55,	52,	4,	'2020-09-01',	'2020-09-01 14:04:20',	4),
(453,	'APAL-83585',	'Approval Ticket # APAL-83585',	72,	69,	1,	'2020-09-01',	'2020-09-01 14:08:20',	1),
(454,	'APAL-46263',	'Approval Ticket # APAL-46263',	53,	50,	4,	'2020-09-01',	'2020-09-01 14:09:44',	4),
(455,	'APAL-32314',	'Approval Ticket # APAL-32314',	53,	50,	4,	'2020-09-01',	'2020-09-01 14:10:24',	4),
(456,	'APAL-23678',	'Approval Ticket # APAL-23678',	9,	7,	4,	'2020-09-01',	'2020-09-01 14:12:27',	4),
(457,	'APAL-3278',	'Approval Ticket # APAL-3278',	72,	69,	1,	'2020-09-01',	'2020-09-01 14:16:05',	1),
(458,	'APAL-89462',	'Approval Ticket # APAL-89462',	48,	45,	4,	'2020-09-01',	'2020-09-01 14:17:31',	4),
(459,	'APAL-75544',	'Approval Ticket # APAL-75544',	72,	69,	1,	'2020-09-02',	'2020-09-02 13:45:59',	1),
(460,	'APAL-5630',	'Approval Ticket # APAL-5630',	72,	69,	1,	'2020-09-02',	'2020-09-02 13:45:59',	1),
(461,	'APAL-39252',	'Approval Ticket # APAL-39252',	72,	69,	15,	'2020-11-03',	'2020-11-03 08:29:48',	15),
(462,	'APAL-79783',	'Approval Ticket # APAL-79783',	59,	56,	1,	'2020-11-03',	'2020-11-03 08:32:26',	1),
(463,	'APAL-45436',	'Approval Ticket # APAL-45436',	59,	56,	1,	'2020-11-03',	'2020-11-03 08:32:26',	1),
(464,	'APAL-59686',	'Approval Ticket # APAL-59686',	59,	56,	1,	'2020-11-03',	'2020-11-03 08:32:26',	1),
(465,	'APAL-26087',	'Approval Ticket # APAL-26087',	59,	56,	1,	'2020-11-03',	'2020-11-03 08:32:26',	1),
(466,	'APAL-82467',	'Approval Ticket # APAL-82467',	59,	56,	1,	'2020-11-03',	'2020-11-03 08:32:26',	1),
(467,	'APAL-7471',	'Approval Ticket # APAL-7471',	59,	56,	1,	'2020-11-03',	'2020-11-03 08:32:26',	1),
(468,	'APAL-47216',	'Approval Ticket # APAL-47216',	59,	56,	1,	'2020-11-03',	'2020-11-03 08:32:26',	1),
(469,	'APAL-50186',	'Approval Ticket # APAL-50186',	59,	56,	1,	'2020-11-03',	'2020-11-03 08:32:26',	1),
(470,	'APAL-82649',	'Approval Ticket # APAL-82649',	59,	56,	1,	'2020-11-03',	'2020-11-03 08:32:26',	1),
(471,	'APAL-51648',	'Approval Ticket # APAL-51648',	59,	56,	1,	'2020-11-03',	'2020-11-03 08:32:26',	1),
(472,	'APAL-53586',	'Approval Ticket # APAL-53586',	59,	56,	1,	'2020-11-03',	'2020-11-03 08:32:26',	1),
(473,	'APAL-76276',	'Approval Ticket # APAL-76276',	59,	56,	1,	'2020-11-03',	'2020-11-03 08:32:26',	1),
(474,	'APAL-48825',	'Approval Ticket # APAL-48825',	59,	56,	1,	'2020-11-03',	'2020-11-03 08:32:26',	1),
(475,	'APAL-59830',	'Approval Ticket # APAL-59830',	59,	56,	1,	'2020-11-03',	'2020-11-03 08:32:26',	1),
(476,	'APAL-68898',	'Approval Ticket # APAL-68898',	59,	56,	1,	'2020-11-03',	'2020-11-03 08:32:26',	1),
(477,	'APAL-78067',	'Approval Ticket # APAL-78067',	59,	56,	1,	'2020-11-03',	'2020-11-03 08:32:27',	1),
(478,	'APAL-63387',	'Approval Ticket # APAL-63387',	59,	56,	1,	'2020-11-03',	'2020-11-03 08:32:27',	1),
(479,	'APAL-38495',	'Approval Ticket # APAL-38495',	59,	56,	1,	'2020-11-03',	'2020-11-03 08:32:27',	1),
(480,	'APAL-74403',	'Approval Ticket # APAL-74403',	59,	56,	1,	'2020-11-03',	'2020-11-03 08:32:27',	1),
(481,	'APAL-44028',	'Approval Ticket # APAL-44028',	59,	56,	1,	'2020-11-03',	'2020-11-03 08:32:27',	1),
(482,	'APAL-54167',	'Approval Ticket # APAL-54167',	59,	56,	1,	'2020-11-03',	'2020-11-03 08:32:27',	1),
(483,	'APAL-40009',	'Approval Ticket # APAL-40009',	59,	56,	1,	'2020-11-03',	'2020-11-03 08:32:27',	1),
(484,	'APAL-28244',	'Approval Ticket # APAL-28244',	59,	56,	1,	'2020-11-03',	'2020-11-03 08:32:27',	1),
(485,	'APAL-87314',	'Approval Ticket # APAL-87314',	59,	56,	1,	'2020-11-03',	'2020-11-03 08:32:27',	1),
(486,	'APAL-39515',	'Approval Ticket # APAL-39515',	72,	69,	15,	'2020-11-03',	'2020-11-03 08:35:27',	15),
(487,	'APAL-47982',	'Approval Ticket # APAL-47982',	72,	69,	15,	'2020-11-03',	'2020-11-03 08:35:46',	15),
(488,	'APAL-69187',	'Approval Ticket # APAL-69187',	72,	69,	15,	'2020-11-03',	'2020-11-03 08:36:18',	15),
(489,	'APAL-14736',	'Approval Ticket # APAL-14736',	72,	69,	15,	'2020-11-03',	'2020-11-03 08:36:31',	15),
(490,	'APAL-4926',	'Approval Ticket # APAL-4926',	72,	69,	15,	'2020-11-03',	'2020-11-03 08:36:45',	15),
(491,	'APAL-11171',	'Approval Ticket # APAL-11171',	72,	69,	15,	'2020-11-03',	'2020-11-03 08:37:26',	15),
(492,	'APAL-5906',	'Approval Ticket # APAL-5906',	46,	43,	1,	'2020-11-03',	'2020-11-03 08:58:15',	1),
(493,	'APAL-20131',	'Approval Ticket # APAL-20131',	15,	12,	1,	'2020-11-03',	'2020-11-03 08:58:15',	1),
(494,	'APAL-85336',	'Approval Ticket # APAL-85336',	76,	72,	1,	'2020-11-03',	'2020-11-03 08:58:15',	1),
(495,	'APAL-57173',	'Approval Ticket # APAL-57173',	46,	43,	1,	'2020-11-03',	'2020-11-03 09:24:57',	1),
(496,	'APAL-58602',	'Approval Ticket # APAL-58602',	15,	12,	1,	'2020-11-03',	'2020-11-03 09:24:57',	1),
(497,	'APAL-89448',	'Approval Ticket # APAL-89448',	76,	72,	1,	'2020-11-03',	'2020-11-03 09:24:57',	1),
(498,	'APAL-58695',	'Approval Ticket # APAL-58695',	46,	43,	1,	'2020-11-03',	'2020-11-03 09:26:22',	1),
(499,	'APAL-75766',	'Approval Ticket # APAL-75766',	13,	10,	1,	'2020-11-03',	'2020-11-03 09:26:22',	1),
(500,	'APAL-70200',	'Approval Ticket # APAL-70200',	76,	72,	1,	'2020-11-03',	'2020-11-03 09:26:22',	1),
(501,	'APAL-67379',	'Approval Ticket # APAL-67379',	46,	43,	1,	'2020-11-03',	'2020-11-03 09:27:56',	1),
(502,	'APAL-46163',	'Approval Ticket # APAL-46163',	11,	8,	1,	'2020-11-03',	'2020-11-03 09:27:56',	1),
(503,	'APAL-62145',	'Approval Ticket # APAL-62145',	76,	72,	1,	'2020-11-03',	'2020-11-03 09:27:56',	1),
(504,	'APAL-19278',	'Approval Ticket # APAL-19278',	72,	69,	1,	'2020-11-03',	'2020-11-03 09:42:59',	1),
(505,	'APAL-7465',	'Approval Ticket # APAL-7465',	72,	69,	1,	'2020-11-03',	'2020-11-03 09:42:59',	1),
(506,	'APAL-80468',	'Approval Ticket # APAL-80468',	72,	69,	1,	'2020-11-03',	'2020-11-03 09:42:59',	1),
(507,	'APAL-16001',	'Approval Ticket # APAL-16001',	72,	69,	1,	'2020-11-03',	'2020-11-03 09:42:59',	1),
(508,	'APAL-46850',	'Approval Ticket # APAL-46850',	72,	69,	1,	'2020-11-03',	'2020-11-03 09:42:59',	1),
(509,	'APAL-63717',	'Approval Ticket # APAL-63717',	72,	69,	1,	'2020-11-03',	'2020-11-03 09:42:59',	1),
(510,	'APAL-85601',	'Approval Ticket # APAL-85601',	72,	69,	1,	'2020-11-03',	'2020-11-03 09:42:59',	1),
(511,	'APAL-24656',	'Approval Ticket # APAL-24656',	72,	69,	1,	'2020-11-03',	'2020-11-03 09:42:59',	1),
(512,	'APAL-26581',	'Approval Ticket # APAL-26581',	72,	69,	1,	'2020-11-03',	'2020-11-03 09:42:59',	1),
(513,	'APAL-43180',	'Approval Ticket # APAL-43180',	72,	69,	1,	'2020-11-03',	'2020-11-03 09:42:59',	1),
(514,	'APAL-85503',	'Approval Ticket # APAL-85503',	72,	69,	1,	'2020-11-03',	'2020-11-03 09:42:59',	1),
(515,	'APAL-63985',	'Approval Ticket # APAL-63985',	72,	69,	1,	'2020-11-03',	'2020-11-03 09:42:59',	1),
(516,	'APAL-13195',	'Approval Ticket # APAL-13195',	72,	69,	1,	'2020-11-03',	'2020-11-03 09:42:59',	1),
(517,	'APAL-15108',	'Approval Ticket # APAL-15108',	72,	69,	1,	'2020-11-03',	'2020-11-03 09:42:59',	1),
(518,	'APAL-13170',	'Approval Ticket # APAL-13170',	72,	69,	1,	'2020-11-03',	'2020-11-03 09:42:59',	1),
(519,	'APAL-8089',	'Approval Ticket # APAL-8089',	72,	69,	1,	'2020-11-03',	'2020-11-03 09:42:59',	1),
(520,	'APAL-36096',	'Approval Ticket # APAL-36096',	72,	69,	1,	'2020-11-03',	'2020-11-03 09:42:59',	1),
(521,	'APAL-89375',	'Approval Ticket # APAL-89375',	72,	69,	1,	'2020-11-03',	'2020-11-03 09:42:59',	1),
(522,	'APAL-31698',	'Approval Ticket # APAL-31698',	72,	69,	1,	'2020-11-03',	'2020-11-03 09:42:59',	1),
(523,	'APAL-47352',	'Approval Ticket # APAL-47352',	72,	69,	1,	'2020-11-03',	'2020-11-03 09:42:59',	1),
(524,	'APAL-31514',	'Approval Ticket # APAL-31514',	72,	69,	1,	'2020-11-03',	'2020-11-03 09:42:59',	1),
(525,	'APAL-52670',	'Approval Ticket # APAL-52670',	72,	69,	1,	'2020-11-03',	'2020-11-03 09:42:59',	1),
(526,	'APAL-18731',	'Approval Ticket # APAL-18731',	78,	74,	1,	'2020-11-03',	'2020-11-03 09:46:16',	1),
(527,	'APAL-24898',	'Approval Ticket # APAL-24898',	18,	15,	1,	'2020-11-03',	'2020-11-03 09:46:16',	1),
(528,	'APAL-61722',	'Approval Ticket # APAL-61722',	30,	27,	1,	'2020-11-03',	'2020-11-03 09:46:16',	1),
(529,	'APAL-74388',	'Approval Ticket # APAL-74388',	78,	74,	1,	'2020-11-03',	'2020-11-03 09:47:39',	1),
(530,	'APAL-22842',	'Approval Ticket # APAL-22842',	18,	15,	1,	'2020-11-03',	'2020-11-03 09:47:39',	1),
(531,	'APAL-17850',	'Approval Ticket # APAL-17850',	30,	27,	1,	'2020-11-03',	'2020-11-03 09:47:39',	1),
(532,	'APAL-82266',	'Approval Ticket # APAL-82266',	78,	74,	1,	'2020-11-03',	'2020-11-03 09:50:41',	1),
(533,	'APAL-9761',	'Approval Ticket # APAL-9761',	18,	15,	1,	'2020-11-03',	'2020-11-03 09:50:41',	1),
(534,	'APAL-9477',	'Approval Ticket # APAL-9477',	30,	27,	1,	'2020-11-03',	'2020-11-03 09:50:41',	1),
(535,	'APAL-54463',	'Approval Ticket # APAL-54463',	78,	74,	1,	'2020-11-03',	'2020-11-03 09:52:34',	1),
(536,	'APAL-22070',	'Approval Ticket # APAL-22070',	18,	15,	1,	'2020-11-03',	'2020-11-03 09:52:34',	1),
(537,	'APAL-87687',	'Approval Ticket # APAL-87687',	30,	27,	1,	'2020-11-03',	'2020-11-03 09:52:34',	1),
(538,	'APAL-77836',	'Approval Ticket # APAL-77836',	72,	69,	5,	'2020-11-03',	'2020-11-03 09:53:45',	5),
(539,	'APAL-10081',	'Approval Ticket # APAL-10081',	82,	78,	5,	'2020-11-03',	'2020-11-03 10:08:21',	5),
(541,	'APAL-30016',	'Approval Ticket # APAL-30016',	82,	78,	5,	'2020-11-03',	'2020-11-03 10:10:35',	5),
(542,	'APAL-13862',	'Approval Ticket # APAL-13862',	82,	78,	5,	'2020-11-03',	'2020-11-03 10:13:10',	5),
(543,	'APAL-58348',	'Approval Ticket # APAL-58348',	82,	78,	5,	'2020-11-03',	'2020-11-03 10:14:54',	5),
(544,	'APAL-56241',	'Approval Ticket # APAL-56241',	37,	34,	5,	'2020-11-03',	'2020-11-03 11:36:48',	5),
(545,	'APAL-20086',	'Approval Ticket # APAL-20086',	37,	34,	5,	'2020-11-03',	'2020-11-03 11:38:35',	5),
(546,	'APAL-73593',	'Approval Ticket # APAL-73593',	37,	34,	5,	'2020-11-03',	'2020-11-03 11:40:01',	5),
(547,	'APAL-9830',	'Approval Ticket # APAL-9830',	37,	34,	5,	'2020-11-03',	'2020-11-03 11:42:07',	5),
(548,	'APAL-81738',	'Approval Ticket # APAL-81738',	37,	34,	5,	'2020-11-03',	'2020-11-03 11:43:16',	5),
(549,	'APAL-12393',	'Approval Ticket # APAL-12393',	37,	34,	5,	'2020-11-03',	'2020-11-03 11:44:20',	5),
(550,	'APAL-6042',	'Approval Ticket # APAL-6042',	37,	34,	5,	'2020-11-03',	'2020-11-03 11:45:16',	5),
(551,	'APAL-1296',	'Approval Ticket # APAL-1296',	37,	34,	5,	'2020-11-03',	'2020-11-03 11:46:34',	5),
(552,	'APAL-45773',	'Approval Ticket # APAL-45773',	37,	34,	5,	'2020-11-03',	'2020-11-03 11:48:28',	5),
(553,	'APAL-26150',	'Approval Ticket # APAL-26150',	37,	34,	5,	'2020-11-03',	'2020-11-03 11:49:45',	5),
(554,	'APAL-75457',	'Approval Ticket # APAL-75457',	37,	34,	5,	'2020-11-03',	'2020-11-03 11:50:41',	5),
(555,	'APAL-87717',	'Approval Ticket # APAL-87717',	37,	34,	5,	'2020-11-03',	'2020-11-03 11:52:07',	5),
(556,	'APAL-31707',	'Approval Ticket # APAL-31707',	32,	29,	5,	'2020-11-03',	'2020-11-03 11:56:08',	5),
(557,	'APAL-88262',	'Approval Ticket # APAL-88262',	32,	29,	5,	'2020-11-03',	'2020-11-03 11:58:06',	5),
(558,	'APAL-64866',	'Approval Ticket # APAL-64866',	32,	29,	5,	'2020-11-03',	'2020-11-03 11:59:06',	5),
(559,	'APAL-24323',	'Approval Ticket # APAL-24323',	32,	29,	5,	'2020-11-03',	'2020-11-03 12:00:06',	5),
(560,	'APAL-71047',	'Approval Ticket # APAL-71047',	32,	29,	5,	'2020-11-03',	'2020-11-03 12:01:00',	5),
(561,	'APAL-56479',	'Approval Ticket # APAL-56479',	32,	29,	5,	'2020-11-03',	'2020-11-03 12:01:53',	5),
(562,	'APAL-33463',	'Approval Ticket # APAL-33463',	32,	29,	5,	'2020-11-03',	'2020-11-03 12:02:53',	5),
(563,	'APAL-34512',	'Approval Ticket # APAL-34512',	32,	29,	5,	'2020-11-03',	'2020-11-03 12:03:38',	5),
(564,	'APAL-14872',	'Approval Ticket # APAL-14872',	32,	29,	5,	'2020-11-03',	'2020-11-03 12:04:25',	5),
(565,	'APAL-36966',	'Approval Ticket # APAL-36966',	32,	29,	5,	'2020-11-03',	'2020-11-03 12:05:19',	5),
(566,	'APAL-10200',	'Approval Ticket # APAL-10200',	32,	29,	5,	'2020-11-03',	'2020-11-03 12:06:12',	5),
(567,	'APAL-34457',	'Approval Ticket # APAL-34457',	32,	29,	5,	'2020-11-03',	'2020-11-03 12:07:40',	5),
(568,	'APAL-41239',	'Approval Ticket # APAL-41239',	32,	29,	5,	'2020-11-03',	'2020-11-03 12:08:33',	5),
(569,	'APAL-64583',	'Approval Ticket # APAL-64583',	32,	29,	5,	'2020-11-03',	'2020-11-03 12:10:34',	5),
(570,	'APAL-33947',	'Approval Ticket # APAL-33947',	32,	29,	5,	'2020-11-03',	'2020-11-03 12:12:13',	5),
(571,	'APAL-30208',	'Approval Ticket # APAL-30208',	32,	29,	5,	'2020-11-03',	'2020-11-03 12:13:31',	5),
(572,	'APAL-79185',	'Approval Ticket # APAL-79185',	32,	29,	5,	'2020-11-03',	'2020-11-03 12:16:03',	5),
(573,	'APAL-70954',	'Approval Ticket # APAL-70954',	32,	29,	5,	'2020-11-03',	'2020-11-03 12:17:29',	5),
(574,	'APAL-62196',	'Approval Ticket # APAL-62196',	32,	29,	5,	'2020-11-03',	'2020-11-03 12:18:39',	5),
(575,	'APAL-20298',	'Approval Ticket # APAL-20298',	32,	29,	5,	'2020-11-03',	'2020-11-03 12:19:54',	5),
(576,	'APAL-87331',	'Approval Ticket # APAL-87331',	32,	29,	5,	'2020-11-03',	'2020-11-03 12:21:10',	5),
(577,	'APAL-7581',	'Approval Ticket # APAL-7581',	78,	74,	1,	'2020-11-03',	'2020-11-03 12:21:44',	1),
(578,	'APAL-65676',	'Approval Ticket # APAL-65676',	18,	15,	1,	'2020-11-03',	'2020-11-03 12:21:44',	1),
(579,	'APAL-55956',	'Approval Ticket # APAL-55956',	30,	27,	1,	'2020-11-03',	'2020-11-03 12:21:44',	1),
(580,	'APAL-24215',	'Approval Ticket # APAL-24215',	32,	29,	5,	'2020-11-03',	'2020-11-03 12:22:49',	5),
(581,	'APAL-88217',	'Approval Ticket # APAL-88217',	32,	29,	5,	'2020-11-03',	'2020-11-03 12:24:05',	5),
(582,	'APAL-26199',	'Approval Ticket # APAL-26199',	32,	29,	5,	'2020-11-03',	'2020-11-03 12:25:13',	5),
(583,	'APAL-31055',	'Approval Ticket # APAL-31055',	32,	29,	5,	'2020-11-03',	'2020-11-03 12:27:15',	5),
(584,	'APAL-11796',	'Approval Ticket # APAL-11796',	34,	31,	5,	'2020-11-03',	'2020-11-03 12:31:59',	5),
(585,	'APAL-76431',	'Approval Ticket # APAL-76431',	61,	58,	5,	'2020-11-03',	'2020-11-03 12:50:32',	5),
(586,	'APAL-33377',	'Approval Ticket # APAL-33377',	61,	58,	5,	'2020-11-03',	'2020-11-03 12:51:56',	5),
(587,	'APAL-55498',	'Approval Ticket # APAL-55498',	61,	58,	5,	'2020-11-03',	'2020-11-03 12:55:03',	5),
(588,	'APAL-28557',	'Approval Ticket # APAL-28557',	72,	69,	1,	'2020-11-03',	'2020-11-03 12:57:32',	1),
(589,	'APAL-86803',	'Approval Ticket # APAL-86803',	65,	62,	5,	'2020-11-03',	'2020-11-03 13:00:08',	5),
(590,	'APAL-87243',	'Approval Ticket # APAL-87243',	47,	44,	8,	'2020-11-04',	'2020-11-04 11:48:08',	8),
(591,	'APAL-38360',	'Approval Ticket # APAL-38360',	24,	21,	8,	'2020-11-04',	'2020-11-04 11:48:08',	8),
(592,	'APAL-5678',	'Approval Ticket # APAL-5678',	24,	21,	8,	'2020-11-04',	'2020-11-04 11:48:08',	8),
(593,	'APAL-41544',	'Approval Ticket # APAL-41544',	62,	59,	8,	'2020-11-04',	'2020-11-04 11:48:08',	8),
(594,	'APAL-29696',	'Approval Ticket # APAL-29696',	48,	45,	8,	'2020-11-04',	'2020-11-04 11:48:08',	8),
(595,	'APAL-41277',	'Approval Ticket # APAL-41277',	62,	59,	8,	'2020-11-04',	'2020-11-04 11:55:56',	8),
(596,	'APAL-68482',	'Approval Ticket # APAL-68482',	48,	45,	8,	'2020-11-04',	'2020-11-04 11:55:56',	8),
(597,	'APAL-50793',	'Approval Ticket # APAL-50793',	62,	59,	8,	'2020-11-04',	'2020-11-04 11:57:04',	8),
(598,	'APAL-34498',	'Approval Ticket # APAL-34498',	48,	45,	8,	'2020-11-04',	'2020-11-04 11:57:04',	8),
(599,	'APAL-17367',	'Approval Ticket # APAL-17367',	65,	62,	8,	'2020-11-04',	'2020-11-04 12:01:49',	8),
(600,	'APAL-3080',	'Approval Ticket # APAL-3080',	65,	62,	8,	'2020-11-04',	'2020-11-04 12:02:59',	8),
(601,	'APAL-79246',	'Approval Ticket # APAL-79246',	65,	62,	8,	'2020-11-04',	'2020-11-04 12:06:12',	8),
(602,	'APAL-66327',	'Approval Ticket # APAL-66327',	65,	62,	8,	'2020-11-04',	'2020-11-04 12:06:51',	8),
(603,	'APAL-46847',	'Approval Ticket # APAL-46847',	65,	62,	8,	'2020-11-04',	'2020-11-04 12:07:40',	8),
(604,	'APAL-8930',	'Approval Ticket # APAL-8930',	34,	31,	8,	'2020-11-04',	'2020-11-04 12:15:04',	8),
(605,	'APAL-87603',	'Approval Ticket # APAL-87603',	61,	58,	8,	'2020-11-04',	'2020-11-04 12:17:04',	8),
(606,	'APAL-27433',	'Approval Ticket # APAL-27433',	62,	59,	8,	'2020-11-04',	'2020-11-04 12:18:25',	8),
(607,	'APAL-83437',	'Approval Ticket # APAL-83437',	48,	45,	8,	'2020-11-04',	'2020-11-04 12:18:25',	8),
(608,	'APAL-63820',	'Approval Ticket # APAL-63820',	65,	62,	8,	'2020-11-04',	'2020-11-04 12:20:55',	8),
(609,	'APAL-1318',	'Approval Ticket # APAL-1318',	65,	62,	8,	'2020-11-04',	'2020-11-04 12:22:03',	8),
(610,	'APAL-78486',	'Approval Ticket # APAL-78486',	65,	62,	8,	'2020-11-04',	'2020-11-04 12:22:58',	8),
(611,	'APAL-45493',	'Approval Ticket # APAL-45493',	72,	69,	15,	'2020-11-05',	'2020-11-05 11:33:45',	15),
(612,	'APAL-35609',	'Approval Ticket # APAL-35609',	72,	69,	15,	'2020-11-05',	'2020-11-05 11:35:04',	15),
(613,	'APAL-51862',	'Approval Ticket # APAL-51862',	72,	69,	15,	'2020-11-05',	'2020-11-05 11:35:35',	15),
(614,	'APAL-63845',	'Approval Ticket # APAL-63845',	50,	47,	9,	'2020-11-05',	'2020-11-05 11:48:14',	9),
(615,	'APAL-47761',	'Approval Ticket # APAL-47761',	50,	47,	9,	'2020-11-05',	'2020-11-05 11:49:17',	9),
(616,	'APAL-79479',	'Approval Ticket # APAL-79479',	50,	47,	9,	'2020-11-05',	'2020-11-05 11:50:06',	9),
(617,	'APAL-6230',	'Approval Ticket # APAL-6230',	50,	47,	9,	'2020-11-05',	'2020-11-05 11:50:59',	9),
(618,	'APAL-57218',	'Approval Ticket # APAL-57218',	52,	49,	9,	'2020-11-05',	'2020-11-05 11:57:26',	9),
(619,	'APAL-24443',	'Approval Ticket # APAL-24443',	53,	50,	9,	'2020-11-05',	'2020-11-05 12:06:30',	9),
(620,	'APAL-56066',	'Approval Ticket # APAL-56066',	55,	52,	9,	'2020-11-05',	'2020-11-05 12:12:35',	9),
(621,	'APAL-58832',	'Approval Ticket # APAL-58832',	54,	51,	9,	'2020-11-05',	'2020-11-05 12:13:57',	9),
(622,	'APAL-83123',	'Approval Ticket # APAL-83123',	54,	51,	9,	'2020-11-05',	'2020-11-05 12:15:04',	9),
(623,	'APAL-1530',	'Approval Ticket # APAL-1530',	54,	51,	9,	'2020-11-05',	'2020-11-05 12:16:46',	9),
(624,	'APAL-23643',	'Approval Ticket # APAL-23643',	54,	51,	9,	'2020-11-05',	'2020-11-05 12:17:50',	9),
(625,	'APAL-69755',	'Approval Ticket # APAL-69755',	54,	51,	9,	'2020-11-05',	'2020-11-05 12:18:55',	9),
(626,	'APAL-87566',	'Approval Ticket # APAL-87566',	54,	51,	9,	'2020-11-05',	'2020-11-05 12:19:57',	9),
(627,	'APAL-5455',	'Approval Ticket # APAL-5455',	54,	51,	9,	'2020-11-05',	'2020-11-05 12:22:05',	9),
(628,	'APAL-88422',	'Approval Ticket # APAL-88422',	54,	51,	9,	'2020-11-05',	'2020-11-05 12:23:30',	9),
(629,	'APAL-15314',	'Approval Ticket # APAL-15314',	54,	51,	9,	'2020-11-05',	'2020-11-05 12:24:53',	9),
(630,	'APAL-57508',	'Approval Ticket # APAL-57508',	54,	51,	9,	'2020-11-05',	'2020-11-05 12:26:03',	9),
(631,	'APAL-9788',	'Approval Ticket # APAL-9788',	54,	51,	9,	'2020-11-05',	'2020-11-05 12:27:06',	9),
(632,	'APAL-21805',	'Approval Ticket # APAL-21805',	54,	51,	9,	'2020-11-05',	'2020-11-05 12:28:00',	9),
(633,	'APAL-60087',	'Approval Ticket # APAL-60087',	54,	51,	9,	'2020-11-05',	'2020-11-05 12:29:05',	9),
(634,	'APAL-11617',	'Approval Ticket # APAL-11617',	54,	51,	9,	'2020-11-05',	'2020-11-05 12:32:52',	9),
(635,	'APAL-7405',	'Approval Ticket # APAL-7405',	72,	69,	1,	'2020-11-05',	'2020-11-05 12:44:37',	1),
(636,	'APAL-8981',	'Approval Ticket # APAL-8981',	72,	69,	1,	'2020-11-05',	'2020-11-05 12:44:37',	1),
(637,	'APAL-78322',	'Approval Ticket # APAL-78322',	72,	69,	1,	'2020-11-05',	'2020-11-05 12:44:37',	1),
(638,	'APAL-65749',	'Approval Ticket # APAL-65749',	72,	69,	1,	'2020-11-05',	'2020-11-05 12:44:37',	1),
(639,	'APAL-28826',	'Approval Ticket # APAL-28826',	72,	69,	1,	'2020-11-05',	'2020-11-05 12:44:37',	1),
(640,	'APAL-65513',	'Approval Ticket # APAL-65513',	31,	28,	1,	'2020-11-05',	'2020-11-05 12:46:41',	1),
(641,	'APAL-85075',	'Approval Ticket # APAL-85075',	29,	26,	1,	'2020-11-05',	'2020-11-05 12:47:24',	1),
(642,	'APAL-79690',	'Approval Ticket # APAL-79690',	78,	74,	1,	'2020-11-05',	'2020-11-05 12:50:26',	1),
(643,	'APAL-71442',	'Approval Ticket # APAL-71442',	12,	9,	1,	'2020-11-05',	'2020-11-05 12:50:26',	1),
(644,	'APAL-77788',	'Approval Ticket # APAL-77788',	30,	27,	1,	'2020-11-05',	'2020-11-05 12:50:26',	1),
(645,	'APAL-17383',	'Approval Ticket # APAL-17383',	72,	69,	10,	'2020-11-05',	'2020-11-05 12:52:15',	10),
(646,	'APAL-11158',	'Approval Ticket # APAL-11158',	51,	48,	6,	'2020-11-09',	'2020-11-09 08:32:16',	6),
(647,	'APAL-41385',	'Approval Ticket # APAL-41385',	51,	48,	7,	'2020-11-09',	'2020-11-09 12:37:21',	7),
(648,	'APAL-47337',	'Approval Ticket # APAL-47337',	59,	0,	1,	'2020-12-09',	'2020-12-09 10:13:56',	1),
(649,	'APAL-49083',	'Approval Ticket # APAL-49083',	59,	0,	1,	'2020-12-09',	'2020-12-09 10:13:56',	1),
(650,	'APAL-4714',	'Approval Ticket # APAL-4714',	59,	0,	1,	'2020-12-09',	'2020-12-09 10:13:56',	1),
(651,	'APAL-44842',	'Approval Ticket # APAL-44842',	59,	0,	1,	'2020-12-09',	'2020-12-09 10:13:56',	1),
(652,	'APAL-67927',	'Approval Ticket # APAL-67927',	59,	0,	1,	'2020-12-09',	'2020-12-09 10:13:57',	1),
(653,	'APAL-36857',	'Approval Ticket # APAL-36857',	59,	0,	1,	'2020-12-09',	'2020-12-09 10:13:57',	1),
(654,	'APAL-25527',	'Approval Ticket # APAL-25527',	59,	0,	1,	'2020-12-09',	'2020-12-09 10:13:57',	1),
(655,	'APAL-9888',	'Approval Ticket # APAL-9888',	59,	0,	1,	'2020-12-09',	'2020-12-09 10:13:57',	1),
(656,	'APAL-36982',	'Approval Ticket # APAL-36982',	59,	0,	1,	'2020-12-09',	'2020-12-09 10:13:57',	1),
(657,	'APAL-24964',	'Approval Ticket # APAL-24964',	59,	0,	1,	'2020-12-09',	'2020-12-09 10:13:57',	1),
(658,	'APAL-48621',	'Approval Ticket # APAL-48621',	59,	0,	1,	'2020-12-09',	'2020-12-09 10:13:57',	1),
(659,	'APAL-77619',	'Approval Ticket # APAL-77619',	59,	0,	1,	'2020-12-09',	'2020-12-09 10:13:57',	1),
(660,	'APAL-84295',	'Approval Ticket # APAL-84295',	59,	0,	1,	'2020-12-09',	'2020-12-09 10:13:57',	1),
(661,	'APAL-49501',	'Approval Ticket # APAL-49501',	59,	0,	1,	'2020-12-09',	'2020-12-09 10:13:57',	1),
(662,	'APAL-9026',	'Approval Ticket # APAL-9026',	59,	0,	1,	'2020-12-09',	'2020-12-09 10:13:57',	1),
(663,	'APAL-12012',	'Approval Ticket # APAL-12012',	59,	0,	1,	'2020-12-09',	'2020-12-09 10:13:57',	1),
(664,	'APAL-2317',	'Approval Ticket # APAL-2317',	59,	0,	1,	'2020-12-09',	'2020-12-09 10:13:57',	1),
(665,	'APAL-16339',	'Approval Ticket # APAL-16339',	59,	0,	1,	'2020-12-09',	'2020-12-09 10:13:57',	1),
(666,	'APAL-36398',	'Approval Ticket # APAL-36398',	59,	0,	1,	'2020-12-09',	'2020-12-09 10:13:57',	1),
(667,	'APAL-34422',	'Approval Ticket # APAL-34422',	59,	0,	1,	'2020-12-09',	'2020-12-09 10:13:57',	1),
(668,	'APAL-84942',	'Approval Ticket # APAL-84942',	59,	0,	1,	'2020-12-09',	'2020-12-09 10:13:57',	1),
(669,	'APAL-70837',	'Approval Ticket # APAL-70837',	59,	0,	1,	'2020-12-09',	'2020-12-09 10:13:57',	1),
(670,	'APAL-50978',	'Approval Ticket # APAL-50978',	59,	0,	1,	'2020-12-09',	'2020-12-09 10:13:57',	1),
(671,	'APAL-35244',	'Approval Ticket # APAL-35244',	59,	0,	1,	'2020-12-09',	'2020-12-09 10:13:57',	1),
(672,	'APAL-60195',	'Approval Ticket # APAL-60195',	59,	0,	1,	'2020-12-09',	'2020-12-09 10:13:57',	1),
(673,	'APAL-65312',	'Approval Ticket # APAL-65312',	59,	0,	1,	'2020-12-09',	'2020-12-09 10:13:57',	1),
(674,	'APAL-5881',	'Approval Ticket # APAL-5881',	59,	0,	1,	'2020-12-09',	'2020-12-09 10:13:57',	1),
(675,	'APAL-4589',	'Approval Ticket # APAL-4589',	59,	0,	1,	'2020-12-09',	'2020-12-09 10:13:57',	1),
(676,	'APAL-57235',	'Approval Ticket # APAL-57235',	59,	0,	1,	'2020-12-09',	'2020-12-09 10:13:58',	1),
(677,	'APAL-83913',	'Approval Ticket # APAL-83913',	59,	0,	1,	'2020-12-09',	'2020-12-09 10:13:58',	1),
(678,	'APAL-17088',	'Approval Ticket # APAL-17088',	59,	0,	1,	'2020-12-09',	'2020-12-09 10:13:58',	1),
(679,	'APAL-7641',	'Approval Ticket # APAL-7641',	59,	0,	1,	'2020-12-09',	'2020-12-09 10:13:58',	1),
(680,	'APAL-28150',	'Approval Ticket # APAL-28150',	46,	266,	1,	'2020-12-09',	'2020-12-09 10:50:53',	1),
(681,	'APAL-28022',	'Approval Ticket # APAL-28022',	15,	0,	1,	'2020-12-09',	'2020-12-09 10:50:53',	1),
(682,	'APAL-35423',	'Approval Ticket # APAL-35423',	76,	0,	1,	'2020-12-09',	'2020-12-09 10:50:53',	1),
(683,	'APAL-8540',	'Approval Ticket # APAL-8540',	46,	266,	1,	'2020-12-09',	'2020-12-09 10:51:57',	1),
(684,	'APAL-46547',	'Approval Ticket # APAL-46547',	15,	0,	1,	'2020-12-09',	'2020-12-09 10:51:57',	1),
(685,	'APAL-2784',	'Approval Ticket # APAL-2784',	76,	0,	1,	'2020-12-09',	'2020-12-09 10:51:57',	1),
(686,	'APAL-27828',	'Approval Ticket # APAL-27828',	46,	266,	1,	'2020-12-09',	'2020-12-09 10:55:31',	1),
(687,	'APAL-28180',	'Approval Ticket # APAL-28180',	13,	0,	1,	'2020-12-09',	'2020-12-09 10:55:31',	1),
(688,	'APAL-2578',	'Approval Ticket # APAL-2578',	76,	0,	1,	'2020-12-09',	'2020-12-09 10:55:31',	1),
(689,	'APAL-28690',	'Approval Ticket # APAL-28690',	46,	266,	1,	'2020-12-09',	'2020-12-09 10:56:21',	1),
(690,	'APAL-38113',	'Approval Ticket # APAL-38113',	13,	0,	1,	'2020-12-09',	'2020-12-09 10:56:21',	1),
(691,	'APAL-6896',	'Approval Ticket # APAL-6896',	76,	0,	1,	'2020-12-09',	'2020-12-09 10:56:21',	1),
(692,	'APAL-9096',	'Approval Ticket # APAL-9096',	46,	266,	1,	'2020-12-09',	'2020-12-09 11:04:24',	1),
(693,	'APAL-4916',	'Approval Ticket # APAL-4916',	11,	0,	1,	'2020-12-09',	'2020-12-09 11:04:24',	1),
(694,	'APAL-13662',	'Approval Ticket # APAL-13662',	76,	0,	1,	'2020-12-09',	'2020-12-09 11:04:24',	1),
(695,	'APAL-50426',	'Approval Ticket # APAL-50426',	46,	266,	1,	'2020-12-09',	'2020-12-09 11:05:21',	1),
(696,	'APAL-85740',	'Approval Ticket # APAL-85740',	11,	0,	1,	'2020-12-09',	'2020-12-09 11:05:21',	1),
(697,	'APAL-31290',	'Approval Ticket # APAL-31290',	76,	0,	1,	'2020-12-09',	'2020-12-09 11:05:21',	1),
(701,	'APAL-65845',	'Approval Ticket # APAL-65845',	46,	266,	1,	'2020-12-09',	'2020-12-09 11:08:15',	1),
(702,	'APAL-43486',	'Approval Ticket # APAL-43486',	11,	0,	1,	'2020-12-09',	'2020-12-09 11:08:15',	1),
(703,	'APAL-59583',	'Approval Ticket # APAL-59583',	76,	0,	1,	'2020-12-09',	'2020-12-09 11:08:15',	1),
(704,	'APAL-52711',	'Approval Ticket # APAL-52711',	46,	266,	1,	'2020-12-09',	'2020-12-09 11:09:14',	1),
(705,	'APAL-53016',	'Approval Ticket # APAL-53016',	11,	0,	1,	'2020-12-09',	'2020-12-09 11:09:14',	1),
(706,	'APAL-72040',	'Approval Ticket # APAL-72040',	76,	0,	1,	'2020-12-09',	'2020-12-09 11:09:14',	1),
(707,	'APAL-74208',	'Approval Ticket # APAL-74208',	46,	266,	1,	'2020-12-09',	'2020-12-09 11:10:14',	1),
(708,	'APAL-76464',	'Approval Ticket # APAL-76464',	11,	0,	1,	'2020-12-09',	'2020-12-09 11:10:14',	1),
(709,	'APAL-23043',	'Approval Ticket # APAL-23043',	76,	0,	1,	'2020-12-09',	'2020-12-09 11:10:14',	1),
(710,	'APAL-35180',	'Approval Ticket # APAL-35180',	46,	266,	1,	'2020-12-09',	'2020-12-09 11:11:14',	1),
(711,	'APAL-78352',	'Approval Ticket # APAL-78352',	11,	0,	1,	'2020-12-09',	'2020-12-09 11:11:14',	1),
(712,	'APAL-48819',	'Approval Ticket # APAL-48819',	76,	0,	1,	'2020-12-09',	'2020-12-09 11:11:14',	1),
(713,	'APAL-74707',	'Approval Ticket # APAL-74707',	46,	266,	1,	'2020-12-09',	'2020-12-09 11:12:22',	1),
(714,	'APAL-10266',	'Approval Ticket # APAL-10266',	11,	0,	1,	'2020-12-09',	'2020-12-09 11:12:22',	1),
(715,	'APAL-5778',	'Approval Ticket # APAL-5778',	76,	0,	1,	'2020-12-09',	'2020-12-09 11:12:22',	1),
(716,	'APAL-79646',	'Approval Ticket # APAL-79646',	46,	266,	1,	'2020-12-09',	'2020-12-09 11:13:18',	1),
(717,	'APAL-51909',	'Approval Ticket # APAL-51909',	11,	0,	1,	'2020-12-09',	'2020-12-09 11:13:18',	1),
(718,	'APAL-63361',	'Approval Ticket # APAL-63361',	76,	0,	1,	'2020-12-09',	'2020-12-09 11:13:18',	1),
(719,	'APAL-85850',	'Approval Ticket # APAL-85850',	46,	266,	1,	'2020-12-09',	'2020-12-09 11:14:25',	1),
(720,	'APAL-14183',	'Approval Ticket # APAL-14183',	11,	0,	1,	'2020-12-09',	'2020-12-09 11:14:25',	1),
(721,	'APAL-51474',	'Approval Ticket # APAL-51474',	76,	0,	1,	'2020-12-09',	'2020-12-09 11:14:25',	1),
(722,	'APAL-33053',	'Approval Ticket # APAL-33053',	46,	266,	1,	'2020-12-09',	'2020-12-09 11:15:20',	1),
(723,	'APAL-23809',	'Approval Ticket # APAL-23809',	11,	0,	1,	'2020-12-09',	'2020-12-09 11:15:20',	1),
(724,	'APAL-87565',	'Approval Ticket # APAL-87565',	76,	0,	1,	'2020-12-09',	'2020-12-09 11:15:20',	1),
(725,	'APAL-22821',	'Approval Ticket # APAL-22821',	78,	270,	1,	'2020-12-09',	'2020-12-09 11:21:38',	1),
(726,	'APAL-77156',	'Approval Ticket # APAL-77156',	18,	0,	1,	'2020-12-09',	'2020-12-09 11:21:38',	1),
(727,	'APAL-67786',	'Approval Ticket # APAL-67786',	30,	0,	1,	'2020-12-09',	'2020-12-09 11:21:38',	1),
(728,	'APAL-5557',	'Approval Ticket # APAL-5557',	37,	284,	11,	'2020-12-09',	'2020-12-09 11:24:53',	11),
(729,	'APAL-60539',	'Approval Ticket # APAL-60539',	37,	284,	11,	'2020-12-09',	'2020-12-09 11:26:11',	11),
(730,	'APAL-34931',	'Approval Ticket # APAL-34931',	37,	284,	11,	'2020-12-09',	'2020-12-09 11:27:51',	11),
(731,	'APAL-8890',	'Approval Ticket # APAL-8890',	37,	284,	11,	'2020-12-09',	'2020-12-09 11:28:40',	11),
(732,	'APAL-52502',	'Approval Ticket # APAL-52502',	37,	284,	11,	'2020-12-09',	'2020-12-09 11:29:27',	11),
(733,	'APAL-51992',	'Approval Ticket # APAL-51992',	37,	284,	11,	'2020-12-09',	'2020-12-09 11:30:36',	11),
(734,	'APAL-32578',	'Approval Ticket # APAL-32578',	37,	284,	11,	'2020-12-09',	'2020-12-09 11:31:32',	11),
(735,	'APAL-37168',	'Approval Ticket # APAL-37168',	37,	284,	11,	'2020-12-09',	'2020-12-09 11:34:57',	11),
(736,	'APAL-75048',	'Approval Ticket # APAL-75048',	37,	284,	11,	'2020-12-09',	'2020-12-09 11:35:41',	11),
(737,	'APAL-4858',	'Approval Ticket # APAL-4858',	32,	288,	11,	'2020-12-09',	'2020-12-09 11:37:55',	11),
(738,	'APAL-1004',	'Approval Ticket # APAL-1004',	32,	288,	11,	'2020-12-09',	'2020-12-09 11:38:59',	11),
(739,	'APAL-6604',	'Approval Ticket # APAL-6604',	32,	288,	11,	'2020-12-09',	'2020-12-09 11:39:52',	11),
(740,	'APAL-15175',	'Approval Ticket # APAL-15175',	37,	284,	11,	'2020-12-10',	'2020-12-10 08:08:46',	11),
(741,	'APAL-3515',	'Approval Ticket # APAL-3515',	37,	284,	11,	'2020-12-10',	'2020-12-10 08:10:03',	11),
(742,	'APAL-58879',	'Approval Ticket # APAL-58879',	37,	284,	11,	'2020-12-10',	'2020-12-10 08:16:06',	11),
(743,	'APAL-62380',	'Approval Ticket # APAL-62380',	37,	284,	11,	'2020-12-10',	'2020-12-10 08:17:01',	11),
(744,	'APAL-40853',	'Approval Ticket # APAL-40853',	37,	284,	11,	'2020-12-10',	'2020-12-10 08:18:22',	11),
(745,	'APAL-27345',	'Approval Ticket # APAL-27345',	37,	284,	11,	'2020-12-10',	'2020-12-10 08:19:36',	11),
(746,	'APAL-29523',	'Approval Ticket # APAL-29523',	37,	284,	11,	'2020-12-10',	'2020-12-10 08:20:45',	11),
(747,	'APAL-66034',	'Approval Ticket # APAL-66034',	37,	284,	11,	'2020-12-10',	'2020-12-10 08:21:42',	11),
(748,	'APAL-59594',	'Approval Ticket # APAL-59594',	37,	284,	11,	'2020-12-10',	'2020-12-10 08:22:37',	11),
(749,	'APAL-81905',	'Approval Ticket # APAL-81905',	37,	284,	11,	'2020-12-10',	'2020-12-10 08:23:27',	11),
(750,	'APAL-44712',	'Approval Ticket # APAL-44712',	37,	284,	11,	'2020-12-10',	'2020-12-10 08:24:03',	11),
(751,	'APAL-89108',	'Approval Ticket # APAL-89108',	37,	284,	11,	'2020-12-10',	'2020-12-10 08:24:46',	11),
(752,	'APAL-14148',	'Approval Ticket # APAL-14148',	37,	284,	11,	'2020-12-10',	'2020-12-10 08:25:23',	11),
(753,	'APAL-31837',	'Approval Ticket # APAL-31837',	37,	284,	11,	'2020-12-10',	'2020-12-10 08:25:58',	11),
(754,	'APAL-10160',	'Approval Ticket # APAL-10160',	37,	284,	11,	'2020-12-10',	'2020-12-10 08:26:35',	11),
(755,	'APAL-53764',	'Approval Ticket # APAL-53764',	37,	284,	11,	'2020-12-10',	'2020-12-10 08:27:37',	11),
(756,	'APAL-88045',	'Approval Ticket # APAL-88045',	37,	284,	11,	'2020-12-10',	'2020-12-10 08:28:15',	11),
(757,	'APAL-40969',	'Approval Ticket # APAL-40969',	37,	284,	11,	'2020-12-10',	'2020-12-10 08:28:54',	11),
(758,	'APAL-59427',	'Approval Ticket # APAL-59427',	37,	284,	11,	'2020-12-10',	'2020-12-10 08:30:00',	11),
(759,	'APAL-40363',	'Approval Ticket # APAL-40363',	37,	284,	11,	'2020-12-10',	'2020-12-10 08:30:36',	11),
(760,	'APAL-71950',	'Approval Ticket # APAL-71950',	37,	284,	11,	'2020-12-10',	'2020-12-10 08:40:54',	11),
(761,	'APAL-75564',	'Approval Ticket # APAL-75564',	37,	284,	11,	'2020-12-10',	'2020-12-10 08:41:30',	11),
(762,	'APAL-71291',	'Approval Ticket # APAL-71291',	37,	284,	11,	'2020-12-10',	'2020-12-10 08:42:34',	11),
(763,	'APAL-89904',	'Approval Ticket # APAL-89904',	37,	284,	11,	'2020-12-10',	'2020-12-10 08:43:11',	11),
(764,	'APAL-9104',	'Approval Ticket # APAL-9104',	37,	284,	11,	'2020-12-10',	'2020-12-10 08:43:59',	11),
(765,	'APAL-38929',	'Approval Ticket # APAL-38929',	32,	288,	11,	'2020-12-10',	'2020-12-10 08:45:36',	11),
(766,	'APAL-88351',	'Approval Ticket # APAL-88351',	32,	288,	11,	'2020-12-10',	'2020-12-10 08:46:20',	11),
(767,	'APAL-89064',	'Approval Ticket # APAL-89064',	32,	288,	11,	'2020-12-10',	'2020-12-10 08:46:59',	11),
(768,	'APAL-65949',	'Approval Ticket # APAL-65949',	32,	288,	11,	'2020-12-10',	'2020-12-10 08:47:38',	11),
(769,	'APAL-79152',	'Approval Ticket # APAL-79152',	32,	288,	11,	'2020-12-10',	'2020-12-10 08:48:13',	11),
(770,	'APAL-62614',	'Approval Ticket # APAL-62614',	32,	288,	11,	'2020-12-10',	'2020-12-10 08:48:59',	11),
(771,	'APAL-20826',	'Approval Ticket # APAL-20826',	32,	288,	11,	'2020-12-10',	'2020-12-10 08:49:42',	11),
(772,	'APAL-7396',	'Approval Ticket # APAL-7396',	32,	288,	11,	'2020-12-10',	'2020-12-10 08:50:24',	11),
(773,	'APAL-63212',	'Approval Ticket # APAL-63212',	32,	288,	11,	'2020-12-10',	'2020-12-10 08:51:08',	11),
(774,	'APAL-26387',	'Approval Ticket # APAL-26387',	32,	288,	11,	'2020-12-10',	'2020-12-10 08:51:50',	11),
(775,	'APAL-15236',	'Approval Ticket # APAL-15236',	32,	288,	11,	'2020-12-10',	'2020-12-10 08:53:18',	11),
(776,	'APAL-3727',	'Approval Ticket # APAL-3727',	32,	288,	11,	'2020-12-10',	'2020-12-10 08:54:10',	11),
(777,	'APAL-7283',	'Approval Ticket # APAL-7283',	32,	288,	11,	'2020-12-10',	'2020-12-10 08:54:58',	11),
(778,	'APAL-20394',	'Approval Ticket # APAL-20394',	32,	288,	11,	'2020-12-10',	'2020-12-10 08:55:38',	11),
(779,	'APAL-59399',	'Approval Ticket # APAL-59399',	32,	288,	11,	'2020-12-10',	'2020-12-10 08:57:33',	11),
(780,	'APAL-28447',	'Approval Ticket # APAL-28447',	32,	288,	11,	'2020-12-10',	'2020-12-10 08:58:15',	11),
(781,	'APAL-36248',	'Approval Ticket # APAL-36248',	32,	288,	11,	'2020-12-10',	'2020-12-10 08:59:05',	11),
(782,	'APAL-84500',	'Approval Ticket # APAL-84500',	32,	288,	11,	'2020-12-10',	'2020-12-10 08:59:41',	11),
(783,	'APAL-47306',	'Approval Ticket # APAL-47306',	32,	288,	11,	'2020-12-10',	'2020-12-10 09:00:16',	11),
(784,	'APAL-39763',	'Approval Ticket # APAL-39763',	32,	288,	11,	'2020-12-10',	'2020-12-10 09:00:55',	11),
(785,	'APAL-22120',	'Approval Ticket # APAL-22120',	32,	288,	11,	'2020-12-10',	'2020-12-10 09:01:33',	11),
(786,	'APAL-16691',	'Approval Ticket # APAL-16691',	32,	288,	11,	'2020-12-10',	'2020-12-10 09:02:10',	11),
(787,	'APAL-83221',	'Approval Ticket # APAL-83221',	32,	288,	11,	'2020-12-10',	'2020-12-10 09:02:59',	11),
(788,	'APAL-20929',	'Approval Ticket # APAL-20929',	32,	288,	11,	'2020-12-10',	'2020-12-10 09:03:42',	11),
(789,	'APAL-71686',	'Approval Ticket # APAL-71686',	32,	288,	11,	'2020-12-10',	'2020-12-10 09:04:17',	11),
(790,	'APAL-6369',	'Approval Ticket # APAL-6369',	32,	288,	11,	'2020-12-10',	'2020-12-10 09:07:11',	11),
(791,	'APAL-88595',	'Approval Ticket # APAL-88595',	32,	288,	11,	'2020-12-10',	'2020-12-10 09:09:04',	11),
(792,	'APAL-66467',	'Approval Ticket # APAL-66467',	37,	284,	11,	'2020-12-10',	'2020-12-10 09:15:23',	11),
(793,	'APAL-89580',	'Approval Ticket # APAL-89580',	32,	288,	11,	'2020-12-10',	'2020-12-10 09:16:55',	11),
(794,	'APAL-5945',	'Approval Ticket # APAL-5945',	61,	296,	11,	'2020-12-10',	'2020-12-10 09:18:45',	11),
(795,	'APAL-48884',	'Approval Ticket # APAL-48884',	61,	296,	11,	'2020-12-10',	'2020-12-10 09:19:38',	11),
(796,	'APAL-68326',	'Approval Ticket # APAL-68326',	61,	296,	11,	'2020-12-10',	'2020-12-10 09:20:33',	11),
(797,	'APAL-17063',	'Approval Ticket # APAL-17063',	61,	296,	11,	'2020-12-10',	'2020-12-10 09:21:12',	11),
(798,	'APAL-73358',	'Approval Ticket # APAL-73358',	61,	296,	11,	'2020-12-10',	'2020-12-10 09:21:44',	11),
(799,	'APAL-8059',	'Approval Ticket # APAL-8059',	61,	296,	11,	'2020-12-10',	'2020-12-10 09:22:32',	11),
(800,	'APAL-59501',	'Approval Ticket # APAL-59501',	65,	292,	11,	'2020-12-10',	'2020-12-10 09:27:12',	11),
(801,	'APAL-20887',	'Approval Ticket # APAL-20887',	65,	292,	11,	'2020-12-10',	'2020-12-10 09:27:59',	11),
(802,	'APAL-68749',	'Approval Ticket # APAL-68749',	65,	292,	11,	'2020-12-10',	'2020-12-10 09:28:44',	11),
(803,	'APAL-1772',	'Approval Ticket # APAL-1772',	32,	288,	11,	'2020-12-10',	'2020-12-10 09:33:07',	11),
(804,	'APAL-50636',	'Approval Ticket # APAL-50636',	65,	292,	11,	'2020-12-10',	'2020-12-10 09:33:52',	11),
(805,	'APAL-42378',	'Approval Ticket # APAL-42378',	32,	288,	11,	'2020-12-10',	'2020-12-10 09:35:05',	11),
(806,	'APAL-24536',	'Approval Ticket # APAL-24536',	65,	292,	11,	'2020-12-10',	'2020-12-10 09:35:35',	11),
(807,	'APAL-81029',	'Approval Ticket # APAL-81029',	32,	288,	11,	'2020-12-10',	'2020-12-10 09:36:35',	11),
(808,	'APAL-66506',	'Approval Ticket # APAL-66506',	65,	292,	11,	'2020-12-10',	'2020-12-10 09:37:09',	11),
(809,	'APAL-24352',	'Approval Ticket # APAL-24352',	32,	288,	11,	'2020-12-10',	'2020-12-10 09:38:21',	11),
(810,	'APAL-57512',	'Approval Ticket # APAL-57512',	65,	292,	11,	'2020-12-10',	'2020-12-10 09:38:56',	11),
(811,	'APAL-89840',	'Approval Ticket # APAL-89840',	32,	288,	11,	'2020-12-10',	'2020-12-10 09:40:02',	11),
(812,	'APAL-78812',	'Approval Ticket # APAL-78812',	65,	292,	11,	'2020-12-10',	'2020-12-10 09:40:29',	11),
(813,	'APAL-31908',	'Approval Ticket # APAL-31908',	32,	288,	11,	'2020-12-10',	'2020-12-10 09:41:28',	11),
(814,	'APAL-32813',	'Approval Ticket # APAL-32813',	65,	292,	11,	'2020-12-10',	'2020-12-10 09:41:54',	11),
(815,	'APAL-65404',	'Approval Ticket # APAL-65404',	32,	288,	11,	'2020-12-10',	'2020-12-10 09:43:39',	11),
(816,	'APAL-48361',	'Approval Ticket # APAL-48361',	65,	292,	11,	'2020-12-10',	'2020-12-10 09:48:45',	11),
(817,	'APAL-2098',	'Approval Ticket # APAL-2098',	32,	288,	11,	'2020-12-10',	'2020-12-10 09:49:51',	11),
(818,	'APAL-34058',	'Approval Ticket # APAL-34058',	65,	292,	11,	'2020-12-10',	'2020-12-10 09:50:22',	11),
(819,	'APAL-60952',	'Approval Ticket # APAL-60952',	32,	288,	11,	'2020-12-10',	'2020-12-10 09:51:32',	11),
(820,	'APAL-9030',	'Approval Ticket # APAL-9030',	65,	292,	11,	'2020-12-10',	'2020-12-10 09:51:56',	11),
(821,	'APAL-56762',	'Approval Ticket # APAL-56762',	32,	288,	11,	'2020-12-10',	'2020-12-10 09:53:00',	11),
(822,	'APAL-58708',	'Approval Ticket # APAL-58708',	65,	292,	11,	'2020-12-10',	'2020-12-10 09:53:25',	11),
(823,	'APAL-1270',	'Approval Ticket # APAL-1270',	32,	288,	11,	'2020-12-10',	'2020-12-10 09:54:17',	11),
(824,	'APAL-57915',	'Approval Ticket # APAL-57915',	65,	292,	11,	'2020-12-10',	'2020-12-10 09:54:41',	11),
(825,	'APAL-87456',	'Approval Ticket # APAL-87456',	32,	288,	11,	'2020-12-10',	'2020-12-10 09:55:45',	11),
(826,	'APAL-64773',	'Approval Ticket # APAL-64773',	65,	292,	11,	'2020-12-10',	'2020-12-10 09:56:12',	11),
(827,	'APAL-8413',	'Approval Ticket # APAL-8413',	32,	288,	11,	'2020-12-10',	'2020-12-10 09:57:08',	11),
(828,	'APAL-59716',	'Approval Ticket # APAL-59716',	65,	292,	11,	'2020-12-10',	'2020-12-10 09:57:37',	11),
(829,	'APAL-79691',	'Approval Ticket # APAL-79691',	32,	288,	11,	'2020-12-10',	'2020-12-10 09:58:47',	11),
(830,	'APAL-60778',	'Approval Ticket # APAL-60778',	65,	292,	11,	'2020-12-10',	'2020-12-10 09:59:22',	11),
(831,	'APAL-76481',	'Approval Ticket # APAL-76481',	32,	288,	11,	'2020-12-10',	'2020-12-10 10:00:24',	11),
(832,	'APAL-44501',	'Approval Ticket # APAL-44501',	65,	292,	11,	'2020-12-10',	'2020-12-10 10:00:49',	11),
(833,	'APAL-89112',	'Approval Ticket # APAL-89112',	32,	288,	11,	'2020-12-10',	'2020-12-10 10:01:45',	11),
(834,	'APAL-80657',	'Approval Ticket # APAL-80657',	65,	292,	11,	'2020-12-10',	'2020-12-10 10:02:11',	11),
(835,	'APAL-81218',	'Approval Ticket # APAL-81218',	32,	288,	11,	'2020-12-10',	'2020-12-10 10:03:12',	11),
(836,	'APAL-50697',	'Approval Ticket # APAL-50697',	65,	292,	11,	'2020-12-10',	'2020-12-10 10:03:39',	11),
(837,	'APAL-37407',	'Approval Ticket # APAL-37407',	32,	288,	11,	'2020-12-10',	'2020-12-10 10:05:02',	11),
(838,	'APAL-52889',	'Approval Ticket # APAL-52889',	65,	292,	11,	'2020-12-10',	'2020-12-10 10:05:30',	11),
(839,	'APAL-55929',	'Approval Ticket # APAL-55929',	32,	288,	11,	'2020-12-10',	'2020-12-10 10:06:27',	11),
(840,	'APAL-62477',	'Approval Ticket # APAL-62477',	65,	292,	11,	'2020-12-10',	'2020-12-10 10:06:53',	11),
(841,	'APAL-68838',	'Approval Ticket # APAL-68838',	32,	288,	11,	'2020-12-10',	'2020-12-10 10:07:46',	11),
(842,	'APAL-51607',	'Approval Ticket # APAL-51607',	65,	292,	11,	'2020-12-10',	'2020-12-10 10:08:14',	11),
(843,	'APAL-37296',	'Approval Ticket # APAL-37296',	32,	288,	11,	'2020-12-10',	'2020-12-10 10:13:31',	11),
(844,	'APAL-84299',	'Approval Ticket # APAL-84299',	65,	292,	11,	'2020-12-10',	'2020-12-10 10:14:23',	11),
(845,	'APAL-71201',	'Approval Ticket # APAL-71201',	32,	288,	11,	'2020-12-10',	'2020-12-10 10:15:39',	11),
(846,	'APAL-19129',	'Approval Ticket # APAL-19129',	65,	292,	11,	'2020-12-10',	'2020-12-10 10:16:07',	11),
(847,	'APAL-65639',	'Approval Ticket # APAL-65639',	32,	288,	11,	'2020-12-10',	'2020-12-10 10:17:01',	11),
(848,	'APAL-67069',	'Approval Ticket # APAL-67069',	65,	292,	11,	'2020-12-10',	'2020-12-10 10:17:29',	11),
(849,	'APAL-88095',	'Approval Ticket # APAL-88095',	32,	288,	11,	'2020-12-10',	'2020-12-10 10:18:41',	11),
(850,	'APAL-49243',	'Approval Ticket # APAL-49243',	65,	292,	11,	'2020-12-10',	'2020-12-10 10:19:12',	11),
(851,	'APAL-2451',	'Approval Ticket # APAL-2451',	32,	288,	11,	'2020-12-10',	'2020-12-10 10:20:11',	11),
(852,	'APAL-19241',	'Approval Ticket # APAL-19241',	65,	292,	11,	'2020-12-10',	'2020-12-10 10:20:37',	11),
(853,	'APAL-83437',	'Approval Ticket # APAL-83437',	32,	288,	11,	'2020-12-10',	'2020-12-10 10:21:36',	11),
(854,	'APAL-31337',	'Approval Ticket # APAL-31337',	65,	292,	11,	'2020-12-10',	'2020-12-10 10:22:02',	11),
(855,	'APAL-33720',	'Approval Ticket # APAL-33720',	32,	288,	11,	'2020-12-10',	'2020-12-10 10:22:55',	11),
(856,	'APAL-78269',	'Approval Ticket # APAL-78269',	65,	292,	11,	'2020-12-10',	'2020-12-10 10:23:21',	11),
(857,	'APAL-48414',	'Approval Ticket # APAL-48414',	5,	300,	11,	'2020-12-10',	'2020-12-10 10:55:36',	11),
(858,	'APAL-30213',	'Approval Ticket # APAL-30213',	5,	300,	11,	'2020-12-10',	'2020-12-10 10:56:46',	11),
(859,	'APAL-67991',	'Approval Ticket # APAL-67991',	47,	304,	11,	'2020-12-10',	'2020-12-10 10:58:53',	11),
(860,	'APAL-17364',	'Approval Ticket # APAL-17364',	24,	0,	11,	'2020-12-10',	'2020-12-10 10:58:53',	11),
(861,	'APAL-61558',	'Approval Ticket # APAL-61558',	24,	0,	11,	'2020-12-10',	'2020-12-10 10:58:53',	11),
(862,	'APAL-18008',	'Approval Ticket # APAL-18008',	62,	0,	11,	'2020-12-10',	'2020-12-10 10:58:53',	11),
(863,	'APAL-49027',	'Approval Ticket # APAL-49027',	48,	0,	11,	'2020-12-10',	'2020-12-10 10:58:53',	11),
(864,	'APAL-73956',	'Approval Ticket # APAL-73956',	47,	304,	11,	'2020-12-10',	'2020-12-10 11:00:44',	11),
(865,	'APAL-9499',	'Approval Ticket # APAL-9499',	24,	0,	11,	'2020-12-10',	'2020-12-10 11:00:44',	11),
(866,	'APAL-1012',	'Approval Ticket # APAL-1012',	24,	0,	11,	'2020-12-10',	'2020-12-10 11:00:44',	11),
(867,	'APAL-24169',	'Approval Ticket # APAL-24169',	62,	0,	11,	'2020-12-10',	'2020-12-10 11:00:44',	11),
(868,	'APAL-30939',	'Approval Ticket # APAL-30939',	48,	0,	11,	'2020-12-10',	'2020-12-10 11:00:44',	11),
(869,	'APAL-70834',	'Approval Ticket # APAL-70834',	47,	304,	11,	'2020-12-10',	'2020-12-10 11:02:03',	11),
(870,	'APAL-56820',	'Approval Ticket # APAL-56820',	24,	0,	11,	'2020-12-10',	'2020-12-10 11:02:03',	11),
(871,	'APAL-32500',	'Approval Ticket # APAL-32500',	24,	0,	11,	'2020-12-10',	'2020-12-10 11:02:03',	11),
(872,	'APAL-30035',	'Approval Ticket # APAL-30035',	62,	0,	11,	'2020-12-10',	'2020-12-10 11:02:03',	11),
(873,	'APAL-35233',	'Approval Ticket # APAL-35233',	48,	0,	11,	'2020-12-10',	'2020-12-10 11:02:03',	11),
(874,	'APAL-9675',	'Approval Ticket # APAL-9675',	47,	304,	11,	'2020-12-10',	'2020-12-10 11:03:05',	11),
(875,	'APAL-75802',	'Approval Ticket # APAL-75802',	24,	0,	11,	'2020-12-10',	'2020-12-10 11:03:05',	11),
(876,	'APAL-20608',	'Approval Ticket # APAL-20608',	24,	0,	11,	'2020-12-10',	'2020-12-10 11:03:05',	11),
(877,	'APAL-52816',	'Approval Ticket # APAL-52816',	62,	0,	11,	'2020-12-10',	'2020-12-10 11:03:05',	11),
(878,	'APAL-28092',	'Approval Ticket # APAL-28092',	48,	0,	11,	'2020-12-10',	'2020-12-10 11:03:05',	11),
(879,	'APAL-64152',	'Approval Ticket # APAL-64152',	47,	304,	11,	'2020-12-10',	'2020-12-10 11:04:30',	11),
(880,	'APAL-70176',	'Approval Ticket # APAL-70176',	24,	0,	11,	'2020-12-10',	'2020-12-10 11:04:30',	11),
(881,	'APAL-31633',	'Approval Ticket # APAL-31633',	24,	0,	11,	'2020-12-10',	'2020-12-10 11:04:30',	11),
(882,	'APAL-20956',	'Approval Ticket # APAL-20956',	62,	0,	11,	'2020-12-10',	'2020-12-10 11:04:30',	11),
(883,	'APAL-1162',	'Approval Ticket # APAL-1162',	48,	0,	11,	'2020-12-10',	'2020-12-10 11:04:30',	11),
(884,	'APAL-5343',	'Approval Ticket # APAL-5343',	47,	304,	11,	'2020-12-10',	'2020-12-10 11:05:40',	11),
(885,	'APAL-71552',	'Approval Ticket # APAL-71552',	24,	0,	11,	'2020-12-10',	'2020-12-10 11:05:40',	11),
(886,	'APAL-30370',	'Approval Ticket # APAL-30370',	24,	0,	11,	'2020-12-10',	'2020-12-10 11:05:40',	11),
(887,	'APAL-88985',	'Approval Ticket # APAL-88985',	62,	0,	11,	'2020-12-10',	'2020-12-10 11:05:40',	11),
(888,	'APAL-48830',	'Approval Ticket # APAL-48830',	48,	0,	11,	'2020-12-10',	'2020-12-10 11:05:40',	11),
(889,	'APAL-16146',	'Approval Ticket # APAL-16146',	47,	304,	11,	'2020-12-10',	'2020-12-10 11:07:19',	11),
(890,	'APAL-74143',	'Approval Ticket # APAL-74143',	24,	0,	11,	'2020-12-10',	'2020-12-10 11:07:19',	11),
(891,	'APAL-16098',	'Approval Ticket # APAL-16098',	24,	0,	11,	'2020-12-10',	'2020-12-10 11:07:19',	11),
(892,	'APAL-59052',	'Approval Ticket # APAL-59052',	62,	0,	11,	'2020-12-10',	'2020-12-10 11:07:19',	11),
(893,	'APAL-88929',	'Approval Ticket # APAL-88929',	48,	0,	11,	'2020-12-10',	'2020-12-10 11:07:19',	11),
(894,	'APAL-84515',	'Approval Ticket # APAL-84515',	47,	304,	11,	'2020-12-10',	'2020-12-10 11:08:48',	11),
(895,	'APAL-9194',	'Approval Ticket # APAL-9194',	24,	0,	11,	'2020-12-10',	'2020-12-10 11:08:48',	11),
(896,	'APAL-14572',	'Approval Ticket # APAL-14572',	24,	0,	11,	'2020-12-10',	'2020-12-10 11:08:48',	11),
(897,	'APAL-73650',	'Approval Ticket # APAL-73650',	62,	0,	11,	'2020-12-10',	'2020-12-10 11:08:48',	11),
(898,	'APAL-25947',	'Approval Ticket # APAL-25947',	48,	0,	11,	'2020-12-10',	'2020-12-10 11:08:48',	11),
(899,	'APAL-64227',	'Approval Ticket # APAL-64227',	47,	304,	11,	'2020-12-10',	'2020-12-10 11:10:26',	11),
(900,	'APAL-51830',	'Approval Ticket # APAL-51830',	24,	0,	11,	'2020-12-10',	'2020-12-10 11:10:26',	11),
(901,	'APAL-67334',	'Approval Ticket # APAL-67334',	24,	0,	11,	'2020-12-10',	'2020-12-10 11:10:26',	11),
(902,	'APAL-29001',	'Approval Ticket # APAL-29001',	62,	0,	11,	'2020-12-10',	'2020-12-10 11:10:26',	11),
(903,	'APAL-43051',	'Approval Ticket # APAL-43051',	48,	0,	11,	'2020-12-10',	'2020-12-10 11:10:26',	11),
(904,	'APAL-50277',	'Approval Ticket # APAL-50277',	47,	304,	11,	'2020-12-10',	'2020-12-10 11:14:17',	11),
(905,	'APAL-38356',	'Approval Ticket # APAL-38356',	24,	0,	11,	'2020-12-10',	'2020-12-10 11:14:17',	11),
(906,	'APAL-15100',	'Approval Ticket # APAL-15100',	24,	0,	11,	'2020-12-10',	'2020-12-10 11:14:17',	11),
(907,	'APAL-88007',	'Approval Ticket # APAL-88007',	62,	0,	11,	'2020-12-10',	'2020-12-10 11:14:17',	11),
(908,	'APAL-83304',	'Approval Ticket # APAL-83304',	48,	0,	11,	'2020-12-10',	'2020-12-10 11:14:17',	11),
(909,	'APAL-38724',	'Approval Ticket # APAL-38724',	62,	315,	11,	'2020-12-10',	'2020-12-10 12:44:50',	11),
(910,	'APAL-74823',	'Approval Ticket # APAL-74823',	48,	0,	11,	'2020-12-10',	'2020-12-10 12:44:50',	11),
(911,	'APAL-39916',	'Approval Ticket # APAL-39916',	62,	315,	11,	'2020-12-10',	'2020-12-10 12:44:50',	11),
(912,	'APAL-58168',	'Approval Ticket # APAL-58168',	48,	0,	11,	'2020-12-10',	'2020-12-10 12:44:50',	11),
(913,	'APAL-25352',	'Approval Ticket # APAL-25352',	62,	315,	11,	'2020-12-10',	'2020-12-10 12:44:50',	11),
(914,	'APAL-61166',	'Approval Ticket # APAL-61166',	48,	0,	11,	'2020-12-10',	'2020-12-10 12:44:50',	11),
(915,	'APAL-46924',	'Approval Ticket # APAL-46924',	62,	315,	11,	'2020-12-10',	'2020-12-10 12:44:50',	11),
(916,	'APAL-18595',	'Approval Ticket # APAL-18595',	48,	0,	11,	'2020-12-10',	'2020-12-10 12:44:50',	11),
(917,	'APAL-59107',	'Approval Ticket # APAL-59107',	62,	315,	11,	'2020-12-10',	'2020-12-10 12:44:50',	11),
(918,	'APAL-67747',	'Approval Ticket # APAL-67747',	48,	0,	11,	'2020-12-10',	'2020-12-10 12:44:50',	11),
(919,	'APAL-86733',	'Approval Ticket # APAL-86733',	62,	315,	11,	'2020-12-10',	'2020-12-10 12:44:50',	11),
(920,	'APAL-23796',	'Approval Ticket # APAL-23796',	48,	0,	11,	'2020-12-10',	'2020-12-10 12:44:50',	11),
(921,	'APAL-33703',	'Approval Ticket # APAL-33703',	62,	315,	11,	'2020-12-10',	'2020-12-10 12:44:50',	11),
(922,	'APAL-31142',	'Approval Ticket # APAL-31142',	48,	0,	11,	'2020-12-10',	'2020-12-10 12:44:50',	11),
(923,	'APAL-87669',	'Approval Ticket # APAL-87669',	62,	315,	11,	'2020-12-10',	'2020-12-10 12:44:50',	11),
(924,	'APAL-18363',	'Approval Ticket # APAL-18363',	48,	0,	11,	'2020-12-10',	'2020-12-10 12:44:50',	11),
(925,	'APAL-76315',	'Approval Ticket # APAL-76315',	62,	315,	11,	'2020-12-10',	'2020-12-10 12:44:50',	11),
(926,	'APAL-39957',	'Approval Ticket # APAL-39957',	48,	0,	11,	'2020-12-10',	'2020-12-10 12:44:50',	11),
(927,	'APAL-69993',	'Approval Ticket # APAL-69993',	62,	315,	11,	'2020-12-10',	'2020-12-10 12:44:50',	11),
(928,	'APAL-56109',	'Approval Ticket # APAL-56109',	48,	0,	11,	'2020-12-10',	'2020-12-10 12:44:50',	11),
(929,	'APAL-32626',	'Approval Ticket # APAL-32626',	65,	292,	11,	'2020-12-10',	'2020-12-10 12:47:12',	11),
(930,	'APAL-31461',	'Approval Ticket # APAL-31461',	65,	292,	11,	'2020-12-10',	'2020-12-10 12:47:12',	11),
(931,	'APAL-32190',	'Approval Ticket # APAL-32190',	62,	315,	11,	'2020-12-10',	'2020-12-10 12:48:36',	11),
(932,	'APAL-86818',	'Approval Ticket # APAL-86818',	48,	0,	11,	'2020-12-10',	'2020-12-10 12:48:36',	11),
(933,	'APAL-65690',	'Approval Ticket # APAL-65690',	62,	315,	11,	'2020-12-10',	'2020-12-10 12:48:36',	11),
(934,	'APAL-8242',	'Approval Ticket # APAL-8242',	48,	0,	11,	'2020-12-10',	'2020-12-10 12:48:36',	11),
(935,	'APAL-7840',	'Approval Ticket # APAL-7840',	62,	315,	11,	'2020-12-10',	'2020-12-10 12:48:36',	11),
(936,	'APAL-76168',	'Approval Ticket # APAL-76168',	48,	0,	11,	'2020-12-10',	'2020-12-10 12:48:36',	11),
(937,	'APAL-19110',	'Approval Ticket # APAL-19110',	62,	315,	11,	'2020-12-10',	'2020-12-10 12:48:36',	11),
(938,	'APAL-17323',	'Approval Ticket # APAL-17323',	48,	0,	11,	'2020-12-10',	'2020-12-10 12:48:36',	11),
(939,	'APAL-44706',	'Approval Ticket # APAL-44706',	62,	315,	11,	'2020-12-10',	'2020-12-10 12:48:36',	11),
(940,	'APAL-86085',	'Approval Ticket # APAL-86085',	48,	0,	11,	'2020-12-10',	'2020-12-10 12:48:36',	11),
(941,	'APAL-59994',	'Approval Ticket # APAL-59994',	62,	315,	11,	'2020-12-10',	'2020-12-10 12:48:36',	11),
(942,	'APAL-36374',	'Approval Ticket # APAL-36374',	48,	0,	11,	'2020-12-10',	'2020-12-10 12:48:36',	11),
(943,	'APAL-89077',	'Approval Ticket # APAL-89077',	62,	315,	11,	'2020-12-10',	'2020-12-10 12:48:36',	11),
(944,	'APAL-8956',	'Approval Ticket # APAL-8956',	48,	0,	11,	'2020-12-10',	'2020-12-10 12:48:36',	11),
(945,	'APAL-42334',	'Approval Ticket # APAL-42334',	62,	315,	11,	'2020-12-10',	'2020-12-10 12:48:36',	11),
(946,	'APAL-60571',	'Approval Ticket # APAL-60571',	48,	0,	11,	'2020-12-10',	'2020-12-10 12:48:36',	11),
(947,	'APAL-47849',	'Approval Ticket # APAL-47849',	62,	315,	11,	'2020-12-10',	'2020-12-10 12:48:36',	11),
(948,	'APAL-65989',	'Approval Ticket # APAL-65989',	48,	0,	11,	'2020-12-10',	'2020-12-10 12:48:36',	11),
(949,	'APAL-87149',	'Approval Ticket # APAL-87149',	62,	315,	11,	'2020-12-10',	'2020-12-10 12:48:36',	11),
(950,	'APAL-34642',	'Approval Ticket # APAL-34642',	48,	0,	11,	'2020-12-10',	'2020-12-10 12:48:36',	11),
(951,	'APAL-77921',	'Approval Ticket # APAL-77921',	62,	315,	11,	'2020-12-10',	'2020-12-10 12:54:44',	11),
(952,	'APAL-7909',	'Approval Ticket # APAL-7909',	48,	0,	11,	'2020-12-10',	'2020-12-10 12:54:44',	11),
(953,	'APAL-2512',	'Approval Ticket # APAL-2512',	62,	315,	11,	'2020-12-10',	'2020-12-10 12:54:44',	11),
(954,	'APAL-60649',	'Approval Ticket # APAL-60649',	48,	0,	11,	'2020-12-10',	'2020-12-10 12:54:44',	11),
(955,	'APAL-79616',	'Approval Ticket # APAL-79616',	62,	315,	11,	'2020-12-10',	'2020-12-10 12:54:44',	11),
(956,	'APAL-70100',	'Approval Ticket # APAL-70100',	48,	0,	11,	'2020-12-10',	'2020-12-10 12:54:44',	11),
(957,	'APAL-62854',	'Approval Ticket # APAL-62854',	62,	315,	11,	'2020-12-10',	'2020-12-10 12:54:44',	11),
(958,	'APAL-69274',	'Approval Ticket # APAL-69274',	48,	0,	11,	'2020-12-10',	'2020-12-10 12:54:44',	11),
(959,	'APAL-21299',	'Approval Ticket # APAL-21299',	62,	315,	11,	'2020-12-10',	'2020-12-10 12:54:44',	11),
(960,	'APAL-65016',	'Approval Ticket # APAL-65016',	48,	0,	11,	'2020-12-10',	'2020-12-10 12:54:44',	11),
(961,	'APAL-53767',	'Approval Ticket # APAL-53767',	62,	315,	11,	'2020-12-10',	'2020-12-10 12:54:44',	11),
(962,	'APAL-44307',	'Approval Ticket # APAL-44307',	48,	0,	11,	'2020-12-10',	'2020-12-10 12:54:44',	11),
(963,	'APAL-4217',	'Approval Ticket # APAL-4217',	62,	315,	11,	'2020-12-10',	'2020-12-10 12:54:44',	11),
(964,	'APAL-61826',	'Approval Ticket # APAL-61826',	48,	0,	11,	'2020-12-10',	'2020-12-10 12:54:44',	11),
(965,	'APAL-79924',	'Approval Ticket # APAL-79924',	62,	315,	11,	'2020-12-10',	'2020-12-10 12:54:44',	11),
(966,	'APAL-27422',	'Approval Ticket # APAL-27422',	48,	0,	11,	'2020-12-10',	'2020-12-10 12:54:44',	11),
(967,	'APAL-51883',	'Approval Ticket # APAL-51883',	62,	315,	11,	'2020-12-10',	'2020-12-10 12:54:44',	11),
(968,	'APAL-39425',	'Approval Ticket # APAL-39425',	48,	0,	11,	'2020-12-10',	'2020-12-10 12:54:44',	11),
(969,	'APAL-7124',	'Approval Ticket # APAL-7124',	62,	315,	11,	'2020-12-10',	'2020-12-10 12:54:44',	11),
(970,	'APAL-41935',	'Approval Ticket # APAL-41935',	48,	0,	11,	'2020-12-10',	'2020-12-10 12:54:44',	11),
(971,	'APAL-5665',	'Approval Ticket # APAL-5665',	72,	0,	3,	'2020-12-10',	'2020-12-10 13:56:01',	3),
(972,	'APAL-51709',	'Approval Ticket # APAL-51709',	82,	319,	11,	'2020-12-10',	'2020-12-10 13:58:42',	11),
(973,	'APAL-6448',	'Approval Ticket # APAL-6448',	82,	319,	11,	'2020-12-10',	'2020-12-10 13:59:29',	11),
(974,	'APAL-35595',	'Approval Ticket # APAL-35595',	82,	319,	11,	'2020-12-10',	'2020-12-10 14:00:46',	11),
(975,	'APAL-40382',	'Approval Ticket # APAL-40382',	82,	319,	11,	'2020-12-10',	'2020-12-10 14:01:56',	11),
(976,	'APAL-24998',	'Approval Ticket # APAL-24998',	82,	319,	11,	'2020-12-10',	'2020-12-10 14:08:22',	11),
(977,	'APAL-30569',	'Approval Ticket # APAL-30569',	82,	319,	11,	'2020-12-10',	'2020-12-10 14:09:10',	11),
(978,	'APAL-25385',	'Approval Ticket # APAL-25385',	84,	320,	1,	'2020-12-10',	'2020-12-10 14:10:28',	1),
(979,	'APAL-51470',	'Approval Ticket # APAL-51470',	84,	320,	1,	'2020-12-10',	'2020-12-10 14:10:59',	1),
(980,	'APAL-36627',	'Approval Ticket # APAL-36627',	82,	319,	11,	'2020-12-10',	'2020-12-10 14:12:55',	11),
(981,	'APAL-33222',	'Approval Ticket # APAL-33222',	5,	297,	1,	'2020-12-11',	'2020-12-11 10:19:06',	1),
(982,	'APAL-48124',	'Approval Ticket # APAL-48124',	72,	335,	1,	'2020-12-11',	'2020-12-11 10:23:33',	1),
(983,	'APAL-8602',	'Approval Ticket # APAL-8602',	89,	334,	11,	'2020-12-11',	'2020-12-11 10:27:21',	11),
(984,	'APAL-37997',	'Approval Ticket # APAL-37997',	89,	334,	11,	'2020-12-11',	'2020-12-11 10:28:38',	11),
(985,	'APAL-55558',	'Approval Ticket # APAL-55558',	89,	334,	11,	'2020-12-11',	'2020-12-11 10:29:20',	11),
(986,	'APAL-19277',	'Approval Ticket # APAL-19277',	89,	334,	11,	'2020-12-11',	'2020-12-11 10:29:58',	11),
(987,	'APAL-57635',	'Approval Ticket # APAL-57635',	92,	236,	1,	'2020-12-15',	'2020-12-15 03:43:58',	1),
(988,	'APAL-35357',	'Approval Ticket # APAL-35357',	91,	212,	1,	'2020-12-15',	'2020-12-15 03:47:15',	1),
(989,	'APAL-24890',	'Approval Ticket # APAL-24890',	91,	212,	1,	'2020-12-15',	'2020-12-15 03:47:15',	1),
(990,	'APAL-50183',	'Approval Ticket # APAL-50183',	78,	270,	1,	'2020-12-15',	'2020-12-15 03:50:56',	1),
(991,	'APAL-56973',	'Approval Ticket # APAL-56973',	12,	0,	1,	'2020-12-15',	'2020-12-15 03:50:56',	1),
(992,	'APAL-62039',	'Approval Ticket # APAL-62039',	30,	0,	1,	'2020-12-15',	'2020-12-15 03:50:56',	1),
(993,	'APAL-22327',	'Approval Ticket # APAL-22327',	72,	338,	12,	'2020-12-15',	'2020-12-15 03:51:24',	12),
(994,	'APAL-71708',	'Approval Ticket # APAL-71708',	93,	244,	1,	'2020-12-15',	'2020-12-15 03:52:30',	1),
(995,	'APAL-50922',	'Approval Ticket # APAL-50922',	88,	339,	1,	'2020-12-15',	'2020-12-15 03:54:13',	1),
(996,	'APAL-31761',	'Approval Ticket # APAL-31761',	6,	202,	12,	'2020-12-15',	'2020-12-15 03:54:58',	12),
(997,	'APAL-55987',	'Approval Ticket # APAL-55987',	59,	0,	12,	'2020-12-15',	'2020-12-15 04:10:36',	12),
(998,	'APAL-18862',	'Approval Ticket # APAL-18862',	59,	0,	12,	'2020-12-15',	'2020-12-15 04:10:36',	12),
(999,	'APAL-47380',	'Approval Ticket # APAL-47380',	59,	0,	12,	'2020-12-15',	'2020-12-15 04:10:36',	12),
(1000,	'APAL-40403',	'Approval Ticket # APAL-40403',	59,	0,	12,	'2020-12-15',	'2020-12-15 04:10:36',	12),
(1001,	'APAL-70308',	'Approval Ticket # APAL-70308',	59,	0,	12,	'2020-12-15',	'2020-12-15 04:10:37',	12),
(1002,	'APAL-63344',	'Approval Ticket # APAL-63344',	59,	0,	12,	'2020-12-15',	'2020-12-15 04:10:37',	12),
(1003,	'APAL-55961',	'Approval Ticket # APAL-55961',	59,	0,	12,	'2020-12-15',	'2020-12-15 04:10:37',	12),
(1004,	'APAL-12866',	'Approval Ticket # APAL-12866',	59,	0,	12,	'2020-12-15',	'2020-12-15 04:10:37',	12),
(1005,	'APAL-50054',	'Approval Ticket # APAL-50054',	59,	0,	12,	'2020-12-15',	'2020-12-15 04:10:37',	12),
(1006,	'APAL-49628',	'Approval Ticket # APAL-49628',	59,	0,	12,	'2020-12-15',	'2020-12-15 04:10:37',	12),
(1007,	'APAL-71336',	'Approval Ticket # APAL-71336',	59,	0,	12,	'2020-12-15',	'2020-12-15 04:10:37',	12),
(1008,	'APAL-77896',	'Approval Ticket # APAL-77896',	59,	0,	12,	'2020-12-15',	'2020-12-15 04:10:37',	12),
(1009,	'APAL-83242',	'Approval Ticket # APAL-83242',	59,	0,	12,	'2020-12-15',	'2020-12-15 04:10:37',	12),
(1010,	'APAL-56824',	'Approval Ticket # APAL-56824',	59,	0,	12,	'2020-12-15',	'2020-12-15 04:10:37',	12),
(1011,	'APAL-8263',	'Approval Ticket # APAL-8263',	59,	0,	12,	'2020-12-15',	'2020-12-15 04:10:37',	12),
(1012,	'APAL-70449',	'Approval Ticket # APAL-70449',	59,	0,	12,	'2020-12-15',	'2020-12-15 04:10:37',	12),
(1013,	'APAL-66074',	'Approval Ticket # APAL-66074',	7,	348,	12,	'2020-12-15',	'2020-12-15 04:11:55',	12),
(1014,	'APAL-62812',	'Approval Ticket # APAL-62812',	8,	353,	12,	'2020-12-15',	'2020-12-15 04:11:55',	12),
(1015,	'APAL-40117',	'Approval Ticket # APAL-40117',	8,	353,	12,	'2020-12-15',	'2020-12-15 04:11:55',	12),
(1016,	'APAL-50387',	'Approval Ticket # APAL-50387',	8,	353,	12,	'2020-12-15',	'2020-12-15 04:11:55',	12),
(1017,	'APAL-41120',	'Approval Ticket # APAL-41120',	8,	353,	12,	'2020-12-15',	'2020-12-15 04:11:55',	12),
(1018,	'APAL-88495',	'Approval Ticket # APAL-88495',	8,	353,	12,	'2020-12-15',	'2020-12-15 04:11:55',	12),
(1019,	'APAL-71809',	'Approval Ticket # APAL-71809',	8,	353,	12,	'2020-12-15',	'2020-12-15 04:11:55',	12),
(1020,	'APAL-89134',	'Approval Ticket # APAL-89134',	8,	353,	12,	'2020-12-15',	'2020-12-15 04:11:55',	12),
(1021,	'APAL-3319',	'Approval Ticket # APAL-3319',	8,	353,	12,	'2020-12-15',	'2020-12-15 04:11:55',	12),
(1022,	'APAL-74481',	'Approval Ticket # APAL-74481',	8,	353,	12,	'2020-12-15',	'2020-12-15 04:11:55',	12),
(1023,	'APAL-57135',	'Approval Ticket # APAL-57135',	8,	353,	12,	'2020-12-15',	'2020-12-15 04:11:55',	12),
(1024,	'APAL-20439',	'Approval Ticket # APAL-20439',	8,	353,	12,	'2020-12-15',	'2020-12-15 04:11:55',	12),
(1025,	'APAL-15111',	'Approval Ticket # APAL-15111',	8,	353,	12,	'2020-12-15',	'2020-12-15 04:11:55',	12),
(1026,	'APAL-17345',	'Approval Ticket # APAL-17345',	75,	259,	1,	'2020-12-15',	'2020-12-15 04:15:16',	1),
(1027,	'APAL-34656',	'Approval Ticket # APAL-34656',	75,	259,	1,	'2020-12-15',	'2020-12-15 04:15:37',	1),
(1028,	'APAL-33589',	'Approval Ticket # APAL-33589',	78,	270,	1,	'2020-12-15',	'2020-12-15 04:39:07',	1),
(1029,	'APAL-89512',	'Approval Ticket # APAL-89512',	12,	0,	1,	'2020-12-15',	'2020-12-15 04:39:07',	1),
(1030,	'APAL-50562',	'Approval Ticket # APAL-50562',	30,	0,	1,	'2020-12-15',	'2020-12-15 04:39:07',	1),
(1031,	'APAL-59249',	'Approval Ticket # APAL-59249',	78,	270,	1,	'2020-12-15',	'2020-12-15 04:41:16',	1),
(1032,	'APAL-69180',	'Approval Ticket # APAL-69180',	12,	0,	1,	'2020-12-15',	'2020-12-15 04:41:16',	1),
(1033,	'APAL-46120',	'Approval Ticket # APAL-46120',	30,	0,	1,	'2020-12-15',	'2020-12-15 04:41:16',	1),
(1034,	'APAL-87940',	'Approval Ticket # APAL-87940',	78,	270,	1,	'2020-12-15',	'2020-12-15 04:42:48',	1),
(1035,	'APAL-9263',	'Approval Ticket # APAL-9263',	12,	0,	1,	'2020-12-15',	'2020-12-15 04:42:48',	1),
(1036,	'APAL-38625',	'Approval Ticket # APAL-38625',	30,	0,	1,	'2020-12-15',	'2020-12-15 04:42:48',	1),
(1037,	'APAL-7298',	'Approval Ticket # APAL-7298',	78,	270,	1,	'2020-12-15',	'2020-12-15 04:46:14',	1),
(1038,	'APAL-42766',	'Approval Ticket # APAL-42766',	12,	0,	1,	'2020-12-15',	'2020-12-15 04:46:14',	1),
(1039,	'APAL-26468',	'Approval Ticket # APAL-26468',	30,	0,	1,	'2020-12-15',	'2020-12-15 04:46:14',	1),
(1040,	'APAL-57699',	'Approval Ticket # APAL-57699',	6,	202,	12,	'2020-12-15',	'2020-12-15 04:50:37',	12),
(1041,	'APAL-79539',	'Approval Ticket # APAL-79539',	97,	361,	12,	'2020-12-15',	'2020-12-15 04:50:37',	12),
(1042,	'APAL-41065',	'Approval Ticket # APAL-41065',	7,	348,	12,	'2020-12-15',	'2020-12-15 04:52:40',	12),
(1043,	'APAL-66685',	'Approval Ticket # APAL-66685',	8,	353,	12,	'2020-12-15',	'2020-12-15 04:52:40',	12),
(1044,	'APAL-47443',	'Approval Ticket # APAL-47443',	8,	353,	12,	'2020-12-15',	'2020-12-15 04:52:40',	12),
(1045,	'APAL-53640',	'Approval Ticket # APAL-53640',	8,	353,	12,	'2020-12-15',	'2020-12-15 04:52:40',	12),
(1046,	'APAL-34333',	'Approval Ticket # APAL-34333',	8,	353,	12,	'2020-12-15',	'2020-12-15 04:52:40',	12),
(1047,	'APAL-43758',	'Approval Ticket # APAL-43758',	8,	353,	12,	'2020-12-15',	'2020-12-15 04:52:40',	12),
(1048,	'APAL-48241',	'Approval Ticket # APAL-48241',	8,	353,	12,	'2020-12-15',	'2020-12-15 04:52:40',	12),
(1049,	'APAL-58962',	'Approval Ticket # APAL-58962',	8,	353,	12,	'2020-12-15',	'2020-12-15 04:52:40',	12),
(1050,	'APAL-26060',	'Approval Ticket # APAL-26060',	8,	353,	12,	'2020-12-15',	'2020-12-15 04:52:40',	12),
(1051,	'APAL-52217',	'Approval Ticket # APAL-52217',	8,	353,	12,	'2020-12-15',	'2020-12-15 04:52:40',	12),
(1052,	'APAL-68172',	'Approval Ticket # APAL-68172',	8,	353,	12,	'2020-12-15',	'2020-12-15 04:52:40',	12),
(1053,	'APAL-22856',	'Approval Ticket # APAL-22856',	8,	353,	12,	'2020-12-15',	'2020-12-15 04:52:40',	12),
(1054,	'APAL-46320',	'Approval Ticket # APAL-46320',	8,	353,	12,	'2020-12-15',	'2020-12-15 04:52:40',	12),
(1055,	'APAL-25369',	'Approval Ticket # APAL-25369',	7,	348,	12,	'2020-12-15',	'2020-12-15 04:53:31',	12),
(1056,	'APAL-33114',	'Approval Ticket # APAL-33114',	8,	353,	12,	'2020-12-15',	'2020-12-15 04:53:31',	12),
(1057,	'APAL-88177',	'Approval Ticket # APAL-88177',	8,	353,	12,	'2020-12-15',	'2020-12-15 04:53:31',	12),
(1058,	'APAL-84613',	'Approval Ticket # APAL-84613',	8,	353,	12,	'2020-12-15',	'2020-12-15 04:53:31',	12),
(1059,	'APAL-82888',	'Approval Ticket # APAL-82888',	8,	353,	12,	'2020-12-15',	'2020-12-15 04:53:31',	12),
(1060,	'APAL-64199',	'Approval Ticket # APAL-64199',	8,	353,	12,	'2020-12-15',	'2020-12-15 04:53:31',	12),
(1061,	'APAL-76677',	'Approval Ticket # APAL-76677',	8,	353,	12,	'2020-12-15',	'2020-12-15 04:53:31',	12),
(1062,	'APAL-12770',	'Approval Ticket # APAL-12770',	8,	353,	12,	'2020-12-15',	'2020-12-15 04:53:31',	12),
(1063,	'APAL-53609',	'Approval Ticket # APAL-53609',	8,	353,	12,	'2020-12-15',	'2020-12-15 04:53:31',	12),
(1064,	'APAL-89296',	'Approval Ticket # APAL-89296',	8,	353,	12,	'2020-12-15',	'2020-12-15 04:53:31',	12),
(1065,	'APAL-65177',	'Approval Ticket # APAL-65177',	8,	353,	12,	'2020-12-15',	'2020-12-15 04:53:31',	12),
(1066,	'APAL-12482',	'Approval Ticket # APAL-12482',	8,	353,	12,	'2020-12-15',	'2020-12-15 04:53:31',	12),
(1067,	'APAL-37440',	'Approval Ticket # APAL-37440',	8,	353,	12,	'2020-12-15',	'2020-12-15 04:53:31',	12),
(1068,	'APAL-16733',	'Approval Ticket # APAL-16733',	78,	270,	1,	'2020-12-15',	'2020-12-15 05:17:12',	1),
(1069,	'APAL-39632',	'Approval Ticket # APAL-39632',	12,	0,	1,	'2020-12-15',	'2020-12-15 05:17:12',	1),
(1070,	'APAL-47162',	'Approval Ticket # APAL-47162',	30,	0,	1,	'2020-12-15',	'2020-12-15 05:17:12',	1),
(1071,	'APAL-36098',	'Approval Ticket # APAL-36098',	78,	270,	1,	'2020-12-15',	'2020-12-15 05:19:00',	1),
(1072,	'APAL-62083',	'Approval Ticket # APAL-62083',	12,	0,	1,	'2020-12-15',	'2020-12-15 05:19:00',	1),
(1073,	'APAL-10933',	'Approval Ticket # APAL-10933',	30,	0,	1,	'2020-12-15',	'2020-12-15 05:19:00',	1),
(1074,	'APAL-44036',	'Approval Ticket # APAL-44036',	78,	270,	1,	'2020-12-15',	'2020-12-15 05:20:27',	1),
(1075,	'APAL-28300',	'Approval Ticket # APAL-28300',	12,	0,	1,	'2020-12-15',	'2020-12-15 05:20:27',	1),
(1076,	'APAL-48938',	'Approval Ticket # APAL-48938',	30,	0,	1,	'2020-12-15',	'2020-12-15 05:20:27',	1),
(1077,	'APAL-84855',	'Approval Ticket # APAL-84855',	78,	270,	1,	'2020-12-15',	'2020-12-15 05:22:02',	1),
(1078,	'APAL-53294',	'Approval Ticket # APAL-53294',	12,	0,	1,	'2020-12-15',	'2020-12-15 05:22:02',	1),
(1079,	'APAL-26931',	'Approval Ticket # APAL-26931',	30,	0,	1,	'2020-12-15',	'2020-12-15 05:22:02',	1),
(1080,	'APAL-50371',	'Approval Ticket # APAL-50371',	78,	270,	1,	'2020-12-15',	'2020-12-15 05:23:35',	1),
(1081,	'APAL-21952',	'Approval Ticket # APAL-21952',	12,	0,	1,	'2020-12-15',	'2020-12-15 05:23:35',	1),
(1082,	'APAL-39173',	'Approval Ticket # APAL-39173',	30,	0,	1,	'2020-12-15',	'2020-12-15 05:23:35',	1),
(1083,	'APAL-26751',	'Approval Ticket # APAL-26751',	78,	270,	1,	'2020-12-15',	'2020-12-15 05:26:26',	1),
(1084,	'APAL-43509',	'Approval Ticket # APAL-43509',	12,	0,	1,	'2020-12-15',	'2020-12-15 05:26:26',	1),
(1085,	'APAL-50511',	'Approval Ticket # APAL-50511',	30,	0,	1,	'2020-12-15',	'2020-12-15 05:26:26',	1),
(1086,	'APAL-51532',	'Approval Ticket # APAL-51532',	78,	270,	1,	'2020-12-15',	'2020-12-15 05:27:54',	1),
(1087,	'APAL-71681',	'Approval Ticket # APAL-71681',	12,	0,	1,	'2020-12-15',	'2020-12-15 05:27:54',	1),
(1088,	'APAL-53338',	'Approval Ticket # APAL-53338',	30,	0,	1,	'2020-12-15',	'2020-12-15 05:27:54',	1),
(1089,	'APAL-5404',	'Approval Ticket # APAL-5404',	78,	270,	1,	'2020-12-15',	'2020-12-15 05:29:28',	1),
(1090,	'APAL-89749',	'Approval Ticket # APAL-89749',	12,	0,	1,	'2020-12-15',	'2020-12-15 05:29:28',	1),
(1091,	'APAL-67030',	'Approval Ticket # APAL-67030',	30,	0,	1,	'2020-12-15',	'2020-12-15 05:29:28',	1),
(1092,	'APAL-57924',	'Approval Ticket # APAL-57924',	78,	270,	1,	'2020-12-15',	'2020-12-15 05:30:48',	1),
(1093,	'APAL-79521',	'Approval Ticket # APAL-79521',	12,	0,	1,	'2020-12-15',	'2020-12-15 05:30:48',	1),
(1094,	'APAL-87101',	'Approval Ticket # APAL-87101',	30,	0,	1,	'2020-12-15',	'2020-12-15 05:30:48',	1),
(1095,	'APAL-60440',	'Approval Ticket # APAL-60440',	78,	270,	1,	'2020-12-15',	'2020-12-15 05:33:35',	1),
(1096,	'APAL-29611',	'Approval Ticket # APAL-29611',	12,	0,	1,	'2020-12-15',	'2020-12-15 05:33:35',	1),
(1097,	'APAL-75395',	'Approval Ticket # APAL-75395',	30,	0,	1,	'2020-12-15',	'2020-12-15 05:33:35',	1),
(1098,	'APAL-70448',	'Approval Ticket # APAL-70448',	78,	270,	1,	'2020-12-15',	'2020-12-15 05:35:09',	1),
(1099,	'APAL-6795',	'Approval Ticket # APAL-6795',	12,	0,	1,	'2020-12-15',	'2020-12-15 05:35:09',	1),
(1100,	'APAL-43360',	'Approval Ticket # APAL-43360',	30,	0,	1,	'2020-12-15',	'2020-12-15 05:35:09',	1),
(1101,	'APAL-83621',	'Approval Ticket # APAL-83621',	78,	270,	1,	'2020-12-15',	'2020-12-15 05:36:25',	1),
(1102,	'APAL-32462',	'Approval Ticket # APAL-32462',	12,	0,	1,	'2020-12-15',	'2020-12-15 05:36:25',	1),
(1103,	'APAL-53578',	'Approval Ticket # APAL-53578',	30,	0,	1,	'2020-12-15',	'2020-12-15 05:36:25',	1),
(1104,	'APAL-59470',	'Approval Ticket # APAL-59470',	78,	270,	1,	'2020-12-15',	'2020-12-15 05:38:08',	1),
(1105,	'APAL-64782',	'Approval Ticket # APAL-64782',	12,	0,	1,	'2020-12-15',	'2020-12-15 05:38:08',	1),
(1106,	'APAL-59794',	'Approval Ticket # APAL-59794',	30,	0,	1,	'2020-12-15',	'2020-12-15 05:38:08',	1),
(1107,	'APAL-88131',	'Approval Ticket # APAL-88131',	78,	270,	1,	'2020-12-15',	'2020-12-15 05:41:04',	1),
(1108,	'APAL-74380',	'Approval Ticket # APAL-74380',	12,	0,	1,	'2020-12-15',	'2020-12-15 05:41:04',	1),
(1109,	'APAL-20583',	'Approval Ticket # APAL-20583',	30,	0,	1,	'2020-12-15',	'2020-12-15 05:41:04',	1),
(1110,	'APAL-11784',	'Approval Ticket # APAL-11784',	78,	270,	1,	'2020-12-15',	'2020-12-15 05:42:20',	1),
(1111,	'APAL-19776',	'Approval Ticket # APAL-19776',	12,	0,	1,	'2020-12-15',	'2020-12-15 05:42:20',	1),
(1112,	'APAL-13886',	'Approval Ticket # APAL-13886',	30,	0,	1,	'2020-12-15',	'2020-12-15 05:42:20',	1),
(1113,	'APAL-71462',	'Approval Ticket # APAL-71462',	78,	270,	1,	'2020-12-15',	'2020-12-15 05:44:33',	1),
(1114,	'APAL-82019',	'Approval Ticket # APAL-82019',	12,	0,	1,	'2020-12-15',	'2020-12-15 05:44:33',	1),
(1115,	'APAL-6385',	'Approval Ticket # APAL-6385',	30,	0,	1,	'2020-12-15',	'2020-12-15 05:44:33',	1),
(1116,	'APAL-41851',	'Approval Ticket # APAL-41851',	78,	270,	1,	'2020-12-15',	'2020-12-15 05:46:11',	1),
(1117,	'APAL-86257',	'Approval Ticket # APAL-86257',	12,	0,	1,	'2020-12-15',	'2020-12-15 05:46:11',	1),
(1118,	'APAL-65580',	'Approval Ticket # APAL-65580',	30,	0,	1,	'2020-12-15',	'2020-12-15 05:46:11',	1),
(1119,	'APAL-42603',	'Approval Ticket # APAL-42603',	78,	270,	1,	'2020-12-15',	'2020-12-15 05:48:31',	1),
(1120,	'APAL-44214',	'Approval Ticket # APAL-44214',	12,	0,	1,	'2020-12-15',	'2020-12-15 05:48:31',	1),
(1121,	'APAL-27635',	'Approval Ticket # APAL-27635',	30,	0,	1,	'2020-12-15',	'2020-12-15 05:48:31',	1),
(1122,	'APAL-85858',	'Approval Ticket # APAL-85858',	78,	270,	1,	'2020-12-15',	'2020-12-15 05:50:01',	1),
(1123,	'APAL-28141',	'Approval Ticket # APAL-28141',	12,	0,	1,	'2020-12-15',	'2020-12-15 05:50:01',	1),
(1124,	'APAL-74481',	'Approval Ticket # APAL-74481',	30,	0,	1,	'2020-12-15',	'2020-12-15 05:50:01',	1),
(1125,	'APAL-26556',	'Approval Ticket # APAL-26556',	78,	270,	1,	'2020-12-15',	'2020-12-15 05:51:41',	1),
(1126,	'APAL-30546',	'Approval Ticket # APAL-30546',	12,	0,	1,	'2020-12-15',	'2020-12-15 05:51:41',	1),
(1127,	'APAL-44552',	'Approval Ticket # APAL-44552',	30,	0,	1,	'2020-12-15',	'2020-12-15 05:51:41',	1),
(1128,	'APAL-84408',	'Approval Ticket # APAL-84408',	78,	270,	1,	'2020-12-15',	'2020-12-15 05:53:38',	1),
(1129,	'APAL-38257',	'Approval Ticket # APAL-38257',	12,	0,	1,	'2020-12-15',	'2020-12-15 05:53:38',	1),
(1130,	'APAL-69552',	'Approval Ticket # APAL-69552',	30,	0,	1,	'2020-12-15',	'2020-12-15 05:53:38',	1),
(1131,	'APAL-84281',	'Approval Ticket # APAL-84281',	78,	270,	1,	'2020-12-15',	'2020-12-15 05:55:19',	1),
(1132,	'APAL-86451',	'Approval Ticket # APAL-86451',	12,	0,	1,	'2020-12-15',	'2020-12-15 05:55:19',	1),
(1133,	'APAL-17519',	'Approval Ticket # APAL-17519',	30,	0,	1,	'2020-12-15',	'2020-12-15 05:55:19',	1),
(1134,	'APAL-50508',	'Approval Ticket # APAL-50508',	78,	270,	1,	'2020-12-15',	'2020-12-15 05:57:11',	1),
(1135,	'APAL-70969',	'Approval Ticket # APAL-70969',	12,	0,	1,	'2020-12-15',	'2020-12-15 05:57:11',	1),
(1136,	'APAL-3710',	'Approval Ticket # APAL-3710',	30,	0,	1,	'2020-12-15',	'2020-12-15 05:57:11',	1),
(1137,	'APAL-42378',	'Approval Ticket # APAL-42378',	78,	270,	1,	'2020-12-15',	'2020-12-15 05:58:30',	1),
(1138,	'APAL-85541',	'Approval Ticket # APAL-85541',	12,	0,	1,	'2020-12-15',	'2020-12-15 05:58:30',	1),
(1139,	'APAL-3273',	'Approval Ticket # APAL-3273',	30,	0,	1,	'2020-12-15',	'2020-12-15 05:58:30',	1),
(1140,	'APAL-77101',	'Approval Ticket # APAL-77101',	46,	266,	1,	'2020-12-15',	'2020-12-15 06:20:02',	1),
(1141,	'APAL-57567',	'Approval Ticket # APAL-57567',	15,	0,	1,	'2020-12-15',	'2020-12-15 06:20:02',	1),
(1142,	'APAL-12284',	'Approval Ticket # APAL-12284',	76,	0,	1,	'2020-12-15',	'2020-12-15 06:20:02',	1),
(1143,	'APAL-23053',	'Approval Ticket # APAL-23053',	46,	266,	1,	'2020-12-15',	'2020-12-15 06:24:07',	1),
(1144,	'APAL-31052',	'Approval Ticket # APAL-31052',	13,	0,	1,	'2020-12-15',	'2020-12-15 06:24:07',	1),
(1145,	'APAL-76680',	'Approval Ticket # APAL-76680',	76,	0,	1,	'2020-12-15',	'2020-12-15 06:24:07',	1),
(1146,	'APAL-69863',	'Approval Ticket # APAL-69863',	46,	266,	1,	'2020-12-15',	'2020-12-15 06:25:23',	1),
(1147,	'APAL-21776',	'Approval Ticket # APAL-21776',	11,	0,	1,	'2020-12-15',	'2020-12-15 06:25:23',	1),
(1148,	'APAL-44136',	'Approval Ticket # APAL-44136',	76,	0,	1,	'2020-12-15',	'2020-12-15 06:25:23',	1),
(1149,	'APAL-34809',	'Approval Ticket # APAL-34809',	78,	270,	1,	'2020-12-15',	'2020-12-15 06:34:30',	1),
(1150,	'APAL-24224',	'Approval Ticket # APAL-24224',	12,	0,	1,	'2020-12-15',	'2020-12-15 06:34:30',	1),
(1151,	'APAL-41311',	'Approval Ticket # APAL-41311',	30,	0,	1,	'2020-12-15',	'2020-12-15 06:34:30',	1),
(1156,	'APAL-50324',	'Approval Ticket # APAL-50324',	78,	270,	1,	'2020-12-15',	'2020-12-15 06:41:31',	1),
(1157,	'APAL-24393',	'Approval Ticket # APAL-24393',	12,	0,	1,	'2020-12-15',	'2020-12-15 06:41:31',	1),
(1158,	'APAL-80542',	'Approval Ticket # APAL-80542',	30,	0,	1,	'2020-12-15',	'2020-12-15 06:41:31',	1),
(1159,	'APAL-83839',	'Approval Ticket # APAL-83839',	78,	270,	1,	'2020-12-15',	'2020-12-15 06:43:15',	1),
(1160,	'APAL-45214',	'Approval Ticket # APAL-45214',	12,	0,	1,	'2020-12-15',	'2020-12-15 06:43:15',	1),
(1161,	'APAL-16510',	'Approval Ticket # APAL-16510',	30,	0,	1,	'2020-12-15',	'2020-12-15 06:43:15',	1),
(1162,	'APAL-58121',	'Approval Ticket # APAL-58121',	78,	270,	1,	'2020-12-15',	'2020-12-15 06:44:59',	1),
(1163,	'APAL-28969',	'Approval Ticket # APAL-28969',	12,	0,	1,	'2020-12-15',	'2020-12-15 06:44:59',	1),
(1164,	'APAL-52666',	'Approval Ticket # APAL-52666',	30,	0,	1,	'2020-12-15',	'2020-12-15 06:44:59',	1),
(1165,	'APAL-43081',	'Approval Ticket # APAL-43081',	78,	270,	1,	'2020-12-15',	'2020-12-15 06:46:45',	1),
(1166,	'APAL-39496',	'Approval Ticket # APAL-39496',	12,	0,	1,	'2020-12-15',	'2020-12-15 06:46:45',	1),
(1167,	'APAL-85743',	'Approval Ticket # APAL-85743',	30,	0,	1,	'2020-12-15',	'2020-12-15 06:46:45',	1),
(1168,	'APAL-87984',	'Approval Ticket # APAL-87984',	46,	266,	1,	'2020-12-15',	'2020-12-15 07:03:42',	1),
(1169,	'APAL-26366',	'Approval Ticket # APAL-26366',	15,	0,	1,	'2020-12-15',	'2020-12-15 07:03:42',	1),
(1170,	'APAL-14896',	'Approval Ticket # APAL-14896',	76,	0,	1,	'2020-12-15',	'2020-12-15 07:03:42',	1),
(1171,	'APAL-4076',	'Approval Ticket # APAL-4076',	46,	266,	1,	'2020-12-15',	'2020-12-15 07:04:46',	1),
(1172,	'APAL-81573',	'Approval Ticket # APAL-81573',	13,	0,	1,	'2020-12-15',	'2020-12-15 07:04:46',	1),
(1173,	'APAL-63676',	'Approval Ticket # APAL-63676',	76,	0,	1,	'2020-12-15',	'2020-12-15 07:04:46',	1),
(1174,	'APAL-32700',	'Approval Ticket # APAL-32700',	46,	266,	1,	'2020-12-15',	'2020-12-15 07:05:39',	1),
(1175,	'APAL-14380',	'Approval Ticket # APAL-14380',	11,	0,	1,	'2020-12-15',	'2020-12-15 07:05:39',	1),
(1176,	'APAL-52011',	'Approval Ticket # APAL-52011',	76,	0,	1,	'2020-12-15',	'2020-12-15 07:05:39',	1),
(1177,	'APAL-58539',	'Approval Ticket # APAL-58539',	78,	270,	1,	'2020-12-15',	'2020-12-15 07:07:11',	1),
(1178,	'APAL-57366',	'Approval Ticket # APAL-57366',	12,	0,	1,	'2020-12-15',	'2020-12-15 07:07:11',	1),
(1179,	'APAL-44049',	'Approval Ticket # APAL-44049',	30,	0,	1,	'2020-12-15',	'2020-12-15 07:07:11',	1),
(1180,	'APAL-31612',	'Approval Ticket # APAL-31612',	78,	270,	1,	'2020-12-15',	'2020-12-15 07:11:01',	1),
(1181,	'APAL-74778',	'Approval Ticket # APAL-74778',	12,	0,	1,	'2020-12-15',	'2020-12-15 07:11:01',	1),
(1182,	'APAL-20913',	'Approval Ticket # APAL-20913',	30,	0,	1,	'2020-12-15',	'2020-12-15 07:11:01',	1),
(1183,	'APAL-19751',	'Approval Ticket # APAL-19751',	88,	339,	1,	'2020-12-15',	'2020-12-15 07:16:32',	1),
(1184,	'APAL-5723',	'Approval Ticket # APAL-5723',	89,	331,	1,	'2020-12-15',	'2020-12-15 07:21:24',	1),
(1185,	'APAL-12806',	'Approval Ticket # APAL-12806',	89,	331,	1,	'2020-12-15',	'2020-12-15 07:22:43',	1),
(1186,	'APAL-87445',	'Approval Ticket # APAL-87445',	89,	331,	1,	'2020-12-15',	'2020-12-15 07:23:11',	1),
(1187,	'APAL-21781',	'Approval Ticket # APAL-21781',	89,	331,	1,	'2020-12-15',	'2020-12-15 07:23:38',	1),
(1188,	'APAL-14153',	'Approval Ticket # APAL-14153',	6,	201,	47,	'2020-12-15',	'2020-12-15 07:27:21',	47),
(1189,	'APAL-20787',	'Approval Ticket # APAL-20787',	97,	359,	47,	'2020-12-15',	'2020-12-15 07:27:21',	47),
(1190,	'APAL-23536',	'Approval Ticket # APAL-23536',	78,	270,	1,	'2020-12-15',	'2020-12-15 07:43:11',	1),
(1191,	'APAL-33386',	'Approval Ticket # APAL-33386',	18,	0,	1,	'2020-12-15',	'2020-12-15 07:43:11',	1),
(1192,	'APAL-73806',	'Approval Ticket # APAL-73806',	30,	0,	1,	'2020-12-15',	'2020-12-15 07:43:11',	1),
(1193,	'APAL-85796',	'Approval Ticket # APAL-85796',	92,	236,	1,	'2020-12-15',	'2020-12-15 07:45:32',	1),
(1194,	'APAL-24921',	'Approval Ticket # APAL-24921',	91,	212,	1,	'2020-12-15',	'2020-12-15 07:47:27',	1),
(1195,	'APAL-38073',	'Approval Ticket # APAL-38073',	91,	212,	1,	'2020-12-15',	'2020-12-15 07:47:27',	1),
(1196,	'APAL-77512',	'Approval Ticket # APAL-77512',	93,	244,	1,	'2020-12-15',	'2020-12-15 07:52:38',	1),
(1197,	'APAL-49628',	'Approval Ticket # APAL-49628',	93,	244,	1,	'2020-12-15',	'2020-12-15 07:54:13',	1),
(1198,	'APAL-76881',	'Approval Ticket # APAL-76881',	72,	335,	1,	'2020-12-15',	'2020-12-15 07:58:21',	1),
(1199,	'APAL-75764',	'Approval Ticket # APAL-75764',	46,	266,	1,	'2020-12-15',	'2020-12-15 08:05:40',	1),
(1200,	'APAL-3369',	'Approval Ticket # APAL-3369',	11,	0,	1,	'2020-12-15',	'2020-12-15 08:05:40',	1),
(1201,	'APAL-77286',	'Approval Ticket # APAL-77286',	76,	0,	1,	'2020-12-15',	'2020-12-15 08:05:40',	1),
(1202,	'APAL-31475',	'Approval Ticket # APAL-31475',	78,	270,	1,	'2020-12-15',	'2020-12-15 08:09:28',	1),
(1203,	'APAL-55709',	'Approval Ticket # APAL-55709',	12,	0,	1,	'2020-12-15',	'2020-12-15 08:09:28',	1),
(1204,	'APAL-81700',	'Approval Ticket # APAL-81700',	30,	0,	1,	'2020-12-15',	'2020-12-15 08:09:28',	1),
(1205,	'APAL-88075',	'Approval Ticket # APAL-88075',	47,	301,	1,	'2020-12-15',	'2020-12-15 08:13:35',	1),
(1206,	'APAL-14587',	'Approval Ticket # APAL-14587',	24,	0,	1,	'2020-12-15',	'2020-12-15 08:13:35',	1),
(1207,	'APAL-2446',	'Approval Ticket # APAL-2446',	24,	0,	1,	'2020-12-15',	'2020-12-15 08:13:35',	1),
(1208,	'APAL-34363',	'Approval Ticket # APAL-34363',	24,	0,	1,	'2020-12-15',	'2020-12-15 08:13:35',	1),
(1209,	'APAL-62463',	'Approval Ticket # APAL-62463',	24,	0,	1,	'2020-12-15',	'2020-12-15 08:13:35',	1),
(1210,	'APAL-80429',	'Approval Ticket # APAL-80429',	62,	312,	1,	'2020-12-15',	'2020-12-15 08:13:35',	1),
(1211,	'APAL-54992',	'Approval Ticket # APAL-54992',	48,	0,	1,	'2020-12-15',	'2020-12-15 08:13:35',	1),
(1212,	'APAL-10733',	'Approval Ticket # APAL-10733',	7,	346,	47,	'2020-12-15',	'2020-12-15 08:17:49',	47),
(1213,	'APAL-43384',	'Approval Ticket # APAL-43384',	8,	352,	47,	'2020-12-15',	'2020-12-15 08:17:49',	47),
(1214,	'APAL-77626',	'Approval Ticket # APAL-77626',	8,	352,	47,	'2020-12-15',	'2020-12-15 08:17:49',	47),
(1215,	'APAL-75813',	'Approval Ticket # APAL-75813',	8,	352,	47,	'2020-12-15',	'2020-12-15 08:17:49',	47),
(1216,	'APAL-79640',	'Approval Ticket # APAL-79640',	8,	352,	47,	'2020-12-15',	'2020-12-15 08:17:49',	47),
(1217,	'APAL-15217',	'Approval Ticket # APAL-15217',	8,	352,	47,	'2020-12-15',	'2020-12-15 08:17:49',	47),
(1218,	'APAL-1684',	'Approval Ticket # APAL-1684',	8,	352,	47,	'2020-12-15',	'2020-12-15 08:17:49',	47),
(1219,	'APAL-84351',	'Approval Ticket # APAL-84351',	8,	352,	47,	'2020-12-15',	'2020-12-15 08:17:49',	47),
(1220,	'APAL-64634',	'Approval Ticket # APAL-64634',	8,	352,	47,	'2020-12-15',	'2020-12-15 08:17:49',	47),
(1221,	'APAL-10959',	'Approval Ticket # APAL-10959',	8,	352,	47,	'2020-12-15',	'2020-12-15 08:17:49',	47),
(1222,	'APAL-21483',	'Approval Ticket # APAL-21483',	8,	352,	47,	'2020-12-15',	'2020-12-15 08:17:49',	47),
(1223,	'APAL-68082',	'Approval Ticket # APAL-68082',	8,	352,	47,	'2020-12-15',	'2020-12-15 08:17:49',	47),
(1224,	'APAL-9765',	'Approval Ticket # APAL-9765',	8,	352,	47,	'2020-12-15',	'2020-12-15 08:17:49',	47),
(1225,	'APAL-60877',	'Approval Ticket # APAL-60877',	75,	259,	1,	'2020-12-15',	'2020-12-15 08:20:55',	1),
(1226,	'APAL-64119',	'Approval Ticket # APAL-64119',	75,	259,	1,	'2020-12-15',	'2020-12-15 08:21:15',	1),
(1227,	'APAL-21919',	'Approval Ticket # APAL-21919',	7,	346,	47,	'2020-12-15',	'2020-12-15 08:24:02',	47),
(1228,	'APAL-61106',	'Approval Ticket # APAL-61106',	8,	352,	47,	'2020-12-15',	'2020-12-15 08:24:02',	47),
(1229,	'APAL-48555',	'Approval Ticket # APAL-48555',	8,	352,	47,	'2020-12-15',	'2020-12-15 08:24:02',	47),
(1230,	'APAL-14127',	'Approval Ticket # APAL-14127',	8,	352,	47,	'2020-12-15',	'2020-12-15 08:24:02',	47),
(1231,	'APAL-82505',	'Approval Ticket # APAL-82505',	8,	352,	47,	'2020-12-15',	'2020-12-15 08:24:02',	47),
(1232,	'APAL-31716',	'Approval Ticket # APAL-31716',	8,	352,	47,	'2020-12-15',	'2020-12-15 08:24:02',	47),
(1233,	'APAL-30860',	'Approval Ticket # APAL-30860',	8,	352,	47,	'2020-12-15',	'2020-12-15 08:24:02',	47),
(1234,	'APAL-34831',	'Approval Ticket # APAL-34831',	8,	352,	47,	'2020-12-15',	'2020-12-15 08:24:02',	47),
(1235,	'APAL-81779',	'Approval Ticket # APAL-81779',	8,	352,	47,	'2020-12-15',	'2020-12-15 08:24:02',	47),
(1236,	'APAL-56970',	'Approval Ticket # APAL-56970',	8,	352,	47,	'2020-12-15',	'2020-12-15 08:24:02',	47),
(1237,	'APAL-55767',	'Approval Ticket # APAL-55767',	8,	352,	47,	'2020-12-15',	'2020-12-15 08:24:02',	47),
(1238,	'APAL-83587',	'Approval Ticket # APAL-83587',	8,	352,	47,	'2020-12-15',	'2020-12-15 08:24:02',	47),
(1239,	'APAL-68698',	'Approval Ticket # APAL-68698',	8,	352,	47,	'2020-12-15',	'2020-12-15 08:24:02',	47),
(1240,	'APAL-19914',	'Approval Ticket # APAL-19914',	92,	236,	1,	'2020-12-15',	'2020-12-15 08:38:03',	1),
(1241,	'APAL-60387',	'Approval Ticket # APAL-60387',	93,	244,	1,	'2020-12-15',	'2020-12-15 08:38:58',	1),
(1242,	'APAL-62718',	'Approval Ticket # APAL-62718',	91,	212,	1,	'2020-12-15',	'2020-12-15 08:41:28',	1),
(1243,	'APAL-49573',	'Approval Ticket # APAL-49573',	91,	212,	1,	'2020-12-15',	'2020-12-15 08:41:28',	1),
(1244,	'APAL-9040',	'Approval Ticket # APAL-9040',	91,	212,	1,	'2020-12-15',	'2020-12-15 08:41:28',	1),
(1245,	'APAL-2431',	'Approval Ticket # APAL-2431',	91,	212,	1,	'2020-12-15',	'2020-12-15 08:41:28',	1),
(1246,	'APAL-80226',	'Approval Ticket # APAL-80226',	9,	386,	1,	'2020-12-15',	'2020-12-15 08:42:21',	1),
(1247,	'APAL-61323',	'Approval Ticket # APAL-61323',	6,	202,	38,	'2020-12-15',	'2020-12-15 08:42:55',	38),
(1248,	'APAL-18817',	'Approval Ticket # APAL-18817',	6,	202,	40,	'2020-12-15',	'2020-12-15 08:42:56',	40),
(1249,	'APAL-3347',	'Approval Ticket # APAL-3347',	97,	361,	40,	'2020-12-15',	'2020-12-15 08:42:56',	40),
(1250,	'APAL-61628',	'Approval Ticket # APAL-61628',	6,	202,	15,	'2020-12-15',	'2020-12-15 08:42:58',	15),
(1251,	'APAL-83666',	'Approval Ticket # APAL-83666',	6,	202,	25,	'2020-12-15',	'2020-12-15 08:42:58',	25),
(1252,	'APAL-46869',	'Approval Ticket # APAL-46869',	6,	202,	31,	'2020-12-15',	'2020-12-15 08:43:02',	31),
(1253,	'APAL-8151',	'Approval Ticket # APAL-8151',	97,	361,	31,	'2020-12-15',	'2020-12-15 08:43:02',	31),
(1254,	'APAL-16106',	'Approval Ticket # APAL-16106',	6,	202,	17,	'2020-12-15',	'2020-12-15 08:43:04',	17),
(1255,	'APAL-53017',	'Approval Ticket # APAL-53017',	6,	202,	18,	'2020-12-15',	'2020-12-15 08:43:09',	18),
(1256,	'APAL-89518',	'Approval Ticket # APAL-89518',	6,	202,	27,	'2020-12-15',	'2020-12-15 08:43:09',	27),
(1257,	'APAL-85576',	'Approval Ticket # APAL-85576',	97,	361,	27,	'2020-12-15',	'2020-12-15 08:43:09',	27),
(1258,	'APAL-56368',	'Approval Ticket # APAL-56368',	6,	202,	19,	'2020-12-15',	'2020-12-15 08:43:11',	19),
(1259,	'APAL-45694',	'Approval Ticket # APAL-45694',	97,	361,	19,	'2020-12-15',	'2020-12-15 08:43:11',	19),
(1260,	'APAL-77126',	'Approval Ticket # APAL-77126',	6,	202,	33,	'2020-12-15',	'2020-12-15 08:43:12',	33),
(1261,	'APAL-53521',	'Approval Ticket # APAL-53521',	97,	361,	33,	'2020-12-15',	'2020-12-15 08:43:12',	33),
(1262,	'APAL-64934',	'Approval Ticket # APAL-64934',	6,	202,	39,	'2020-12-15',	'2020-12-15 08:43:13',	39),
(1263,	'APAL-12321',	'Approval Ticket # APAL-12321',	6,	202,	21,	'2020-12-15',	'2020-12-15 08:43:16',	21),
(1264,	'APAL-6669',	'Approval Ticket # APAL-6669',	6,	202,	22,	'2020-12-15',	'2020-12-15 08:43:17',	22),
(1265,	'APAL-24352',	'Approval Ticket # APAL-24352',	97,	361,	22,	'2020-12-15',	'2020-12-15 08:43:17',	22),
(1266,	'APAL-86468',	'Approval Ticket # APAL-86468',	6,	202,	12,	'2020-12-15',	'2020-12-15 08:43:27',	12),
(1267,	'APAL-14055',	'Approval Ticket # APAL-14055',	97,	361,	12,	'2020-12-15',	'2020-12-15 08:43:27',	12),
(1268,	'APAL-83127',	'Approval Ticket # APAL-83127',	6,	202,	24,	'2020-12-15',	'2020-12-15 08:43:32',	24),
(1269,	'APAL-58119',	'Approval Ticket # APAL-58119',	6,	202,	30,	'2020-12-15',	'2020-12-15 08:43:32',	30),
(1270,	'APAL-48265',	'Approval Ticket # APAL-48265',	97,	361,	30,	'2020-12-15',	'2020-12-15 08:43:32',	30),
(1271,	'APAL-5633',	'Approval Ticket # APAL-5633',	6,	202,	23,	'2020-12-15',	'2020-12-15 08:43:33',	23),
(1272,	'APAL-38630',	'Approval Ticket # APAL-38630',	97,	361,	23,	'2020-12-15',	'2020-12-15 08:43:33',	23),
(1273,	'APAL-31952',	'Approval Ticket # APAL-31952',	6,	202,	35,	'2020-12-15',	'2020-12-15 08:43:48',	35),
(1274,	'APAL-79289',	'Approval Ticket # APAL-79289',	97,	361,	35,	'2020-12-15',	'2020-12-15 08:43:48',	35),
(1275,	'APAL-18505',	'Approval Ticket # APAL-18505',	6,	202,	38,	'2020-12-15',	'2020-12-15 08:44:40',	38),
(1276,	'APAL-3968',	'Approval Ticket # APAL-3968',	6,	202,	25,	'2020-12-15',	'2020-12-15 08:44:50',	25),
(1277,	'APAL-27410',	'Approval Ticket # APAL-27410',	97,	361,	25,	'2020-12-15',	'2020-12-15 08:44:50',	25),
(1278,	'APAL-27613',	'Approval Ticket # APAL-27613',	6,	202,	37,	'2020-12-15',	'2020-12-15 08:44:57',	37),
(1279,	'APAL-45737',	'Approval Ticket # APAL-45737',	6,	202,	18,	'2020-12-15',	'2020-12-15 08:45:46',	18),
(1280,	'APAL-60036',	'Approval Ticket # APAL-60036',	6,	202,	16,	'2020-12-15',	'2020-12-15 08:47:24',	16),
(1281,	'APAL-86725',	'Approval Ticket # APAL-86725',	97,	361,	16,	'2020-12-15',	'2020-12-15 08:47:24',	16),
(1282,	'APAL-27415',	'Approval Ticket # APAL-27415',	6,	202,	24,	'2020-12-15',	'2020-12-15 08:47:26',	24),
(1283,	'APAL-22783',	'Approval Ticket # APAL-22783',	6,	202,	15,	'2020-12-15',	'2020-12-15 08:47:50',	15),
(1284,	'APAL-33635',	'Approval Ticket # APAL-33635',	97,	361,	15,	'2020-12-15',	'2020-12-15 08:47:50',	15),
(1285,	'APAL-20511',	'Approval Ticket # APAL-20511',	6,	202,	17,	'2020-12-15',	'2020-12-15 08:49:18',	17),
(1286,	'APAL-73670',	'Approval Ticket # APAL-73670',	7,	348,	17,	'2020-12-15',	'2020-12-15 08:52:34',	17),
(1287,	'APAL-58772',	'Approval Ticket # APAL-58772',	8,	353,	17,	'2020-12-15',	'2020-12-15 08:52:34',	17),
(1288,	'APAL-46897',	'Approval Ticket # APAL-46897',	8,	353,	17,	'2020-12-15',	'2020-12-15 08:52:34',	17),
(1289,	'APAL-16831',	'Approval Ticket # APAL-16831',	8,	353,	17,	'2020-12-15',	'2020-12-15 08:52:34',	17),
(1290,	'APAL-34672',	'Approval Ticket # APAL-34672',	8,	353,	17,	'2020-12-15',	'2020-12-15 08:52:34',	17),
(1291,	'APAL-78304',	'Approval Ticket # APAL-78304',	8,	353,	17,	'2020-12-15',	'2020-12-15 08:52:34',	17),
(1292,	'APAL-13669',	'Approval Ticket # APAL-13669',	8,	353,	17,	'2020-12-15',	'2020-12-15 08:52:34',	17),
(1293,	'APAL-79701',	'Approval Ticket # APAL-79701',	8,	353,	17,	'2020-12-15',	'2020-12-15 08:52:34',	17),
(1294,	'APAL-16636',	'Approval Ticket # APAL-16636',	8,	353,	17,	'2020-12-15',	'2020-12-15 08:52:34',	17),
(1295,	'APAL-67347',	'Approval Ticket # APAL-67347',	8,	353,	17,	'2020-12-15',	'2020-12-15 08:52:34',	17),
(1296,	'APAL-56544',	'Approval Ticket # APAL-56544',	8,	353,	17,	'2020-12-15',	'2020-12-15 08:52:34',	17),
(1297,	'APAL-77890',	'Approval Ticket # APAL-77890',	8,	353,	17,	'2020-12-15',	'2020-12-15 08:52:34',	17),
(1298,	'APAL-14892',	'Approval Ticket # APAL-14892',	8,	353,	17,	'2020-12-15',	'2020-12-15 08:52:34',	17),
(1299,	'APAL-34488',	'Approval Ticket # APAL-34488',	6,	202,	34,	'2020-12-15',	'2020-12-15 08:54:18',	34),
(1300,	'APAL-1174',	'Approval Ticket # APAL-1174',	7,	348,	34,	'2020-12-15',	'2020-12-15 08:58:36',	34),
(1301,	'APAL-40528',	'Approval Ticket # APAL-40528',	8,	353,	34,	'2020-12-15',	'2020-12-15 08:58:36',	34),
(1302,	'APAL-14883',	'Approval Ticket # APAL-14883',	8,	353,	34,	'2020-12-15',	'2020-12-15 08:58:36',	34),
(1303,	'APAL-60100',	'Approval Ticket # APAL-60100',	8,	353,	34,	'2020-12-15',	'2020-12-15 08:58:36',	34),
(1304,	'APAL-56779',	'Approval Ticket # APAL-56779',	8,	353,	34,	'2020-12-15',	'2020-12-15 08:58:36',	34),
(1305,	'APAL-86990',	'Approval Ticket # APAL-86990',	8,	353,	34,	'2020-12-15',	'2020-12-15 08:58:36',	34),
(1306,	'APAL-14281',	'Approval Ticket # APAL-14281',	8,	353,	34,	'2020-12-15',	'2020-12-15 08:58:36',	34),
(1307,	'APAL-7192',	'Approval Ticket # APAL-7192',	8,	353,	34,	'2020-12-15',	'2020-12-15 08:58:36',	34),
(1308,	'APAL-22045',	'Approval Ticket # APAL-22045',	8,	353,	34,	'2020-12-15',	'2020-12-15 08:58:36',	34),
(1309,	'APAL-4412',	'Approval Ticket # APAL-4412',	8,	353,	34,	'2020-12-15',	'2020-12-15 08:58:36',	34),
(1310,	'APAL-73458',	'Approval Ticket # APAL-73458',	8,	353,	34,	'2020-12-15',	'2020-12-15 08:58:36',	34),
(1311,	'APAL-16377',	'Approval Ticket # APAL-16377',	8,	353,	34,	'2020-12-15',	'2020-12-15 08:58:36',	34),
(1312,	'APAL-85392',	'Approval Ticket # APAL-85392',	8,	353,	34,	'2020-12-15',	'2020-12-15 08:58:36',	34),
(1313,	'APAL-88800',	'Approval Ticket # APAL-88800',	7,	348,	38,	'2020-12-15',	'2020-12-15 09:03:30',	38),
(1314,	'APAL-25432',	'Approval Ticket # APAL-25432',	8,	353,	38,	'2020-12-15',	'2020-12-15 09:03:30',	38),
(1315,	'APAL-56252',	'Approval Ticket # APAL-56252',	8,	353,	38,	'2020-12-15',	'2020-12-15 09:03:30',	38),
(1316,	'APAL-57314',	'Approval Ticket # APAL-57314',	8,	353,	38,	'2020-12-15',	'2020-12-15 09:03:30',	38),
(1317,	'APAL-17485',	'Approval Ticket # APAL-17485',	8,	353,	38,	'2020-12-15',	'2020-12-15 09:03:30',	38),
(1318,	'APAL-70720',	'Approval Ticket # APAL-70720',	8,	353,	38,	'2020-12-15',	'2020-12-15 09:03:30',	38),
(1319,	'APAL-61747',	'Approval Ticket # APAL-61747',	8,	353,	38,	'2020-12-15',	'2020-12-15 09:03:30',	38),
(1320,	'APAL-49615',	'Approval Ticket # APAL-49615',	8,	353,	38,	'2020-12-15',	'2020-12-15 09:03:30',	38),
(1321,	'APAL-16581',	'Approval Ticket # APAL-16581',	8,	353,	38,	'2020-12-15',	'2020-12-15 09:03:30',	38),
(1322,	'APAL-22656',	'Approval Ticket # APAL-22656',	8,	353,	38,	'2020-12-15',	'2020-12-15 09:03:30',	38),
(1323,	'APAL-76665',	'Approval Ticket # APAL-76665',	8,	353,	38,	'2020-12-15',	'2020-12-15 09:03:30',	38),
(1324,	'APAL-19753',	'Approval Ticket # APAL-19753',	8,	353,	38,	'2020-12-15',	'2020-12-15 09:03:30',	38),
(1325,	'APAL-35319',	'Approval Ticket # APAL-35319',	8,	353,	38,	'2020-12-15',	'2020-12-15 09:03:30',	38),
(1326,	'APAL-70740',	'Approval Ticket # APAL-70740',	7,	348,	33,	'2020-12-15',	'2020-12-15 09:03:32',	33),
(1327,	'APAL-86525',	'Approval Ticket # APAL-86525',	8,	353,	33,	'2020-12-15',	'2020-12-15 09:03:32',	33),
(1328,	'APAL-55571',	'Approval Ticket # APAL-55571',	8,	353,	33,	'2020-12-15',	'2020-12-15 09:03:32',	33),
(1329,	'APAL-74432',	'Approval Ticket # APAL-74432',	8,	353,	33,	'2020-12-15',	'2020-12-15 09:03:32',	33),
(1330,	'APAL-15236',	'Approval Ticket # APAL-15236',	8,	353,	33,	'2020-12-15',	'2020-12-15 09:03:32',	33),
(1331,	'APAL-78864',	'Approval Ticket # APAL-78864',	8,	353,	33,	'2020-12-15',	'2020-12-15 09:03:32',	33),
(1332,	'APAL-35562',	'Approval Ticket # APAL-35562',	8,	353,	33,	'2020-12-15',	'2020-12-15 09:03:32',	33),
(1333,	'APAL-73388',	'Approval Ticket # APAL-73388',	8,	353,	33,	'2020-12-15',	'2020-12-15 09:03:32',	33),
(1334,	'APAL-34251',	'Approval Ticket # APAL-34251',	8,	353,	33,	'2020-12-15',	'2020-12-15 09:03:32',	33),
(1335,	'APAL-33508',	'Approval Ticket # APAL-33508',	8,	353,	33,	'2020-12-15',	'2020-12-15 09:03:32',	33),
(1336,	'APAL-21970',	'Approval Ticket # APAL-21970',	8,	353,	33,	'2020-12-15',	'2020-12-15 09:03:32',	33),
(1337,	'APAL-36444',	'Approval Ticket # APAL-36444',	8,	353,	33,	'2020-12-15',	'2020-12-15 09:03:32',	33),
(1338,	'APAL-44164',	'Approval Ticket # APAL-44164',	8,	353,	33,	'2020-12-15',	'2020-12-15 09:03:32',	33),
(1339,	'APAL-37312',	'Approval Ticket # APAL-37312',	7,	348,	27,	'2020-12-15',	'2020-12-15 09:03:33',	27),
(1340,	'APAL-62351',	'Approval Ticket # APAL-62351',	8,	353,	27,	'2020-12-15',	'2020-12-15 09:03:33',	27),
(1341,	'APAL-68923',	'Approval Ticket # APAL-68923',	8,	353,	27,	'2020-12-15',	'2020-12-15 09:03:33',	27),
(1342,	'APAL-62164',	'Approval Ticket # APAL-62164',	8,	353,	27,	'2020-12-15',	'2020-12-15 09:03:33',	27),
(1343,	'APAL-1421',	'Approval Ticket # APAL-1421',	8,	353,	27,	'2020-12-15',	'2020-12-15 09:03:33',	27),
(1344,	'APAL-9379',	'Approval Ticket # APAL-9379',	8,	353,	27,	'2020-12-15',	'2020-12-15 09:03:33',	27),
(1345,	'APAL-1866',	'Approval Ticket # APAL-1866',	8,	353,	27,	'2020-12-15',	'2020-12-15 09:03:33',	27),
(1346,	'APAL-73285',	'Approval Ticket # APAL-73285',	8,	353,	27,	'2020-12-15',	'2020-12-15 09:03:33',	27),
(1347,	'APAL-22679',	'Approval Ticket # APAL-22679',	8,	353,	27,	'2020-12-15',	'2020-12-15 09:03:33',	27),
(1348,	'APAL-64885',	'Approval Ticket # APAL-64885',	8,	353,	27,	'2020-12-15',	'2020-12-15 09:03:33',	27),
(1349,	'APAL-17712',	'Approval Ticket # APAL-17712',	8,	353,	27,	'2020-12-15',	'2020-12-15 09:03:33',	27),
(1350,	'APAL-19640',	'Approval Ticket # APAL-19640',	8,	353,	27,	'2020-12-15',	'2020-12-15 09:03:33',	27),
(1351,	'APAL-3571',	'Approval Ticket # APAL-3571',	8,	353,	27,	'2020-12-15',	'2020-12-15 09:03:33',	27),
(1352,	'APAL-73171',	'Approval Ticket # APAL-73171',	7,	348,	40,	'2020-12-15',	'2020-12-15 09:03:35',	40),
(1353,	'APAL-56847',	'Approval Ticket # APAL-56847',	8,	353,	40,	'2020-12-15',	'2020-12-15 09:03:35',	40),
(1354,	'APAL-78906',	'Approval Ticket # APAL-78906',	8,	353,	40,	'2020-12-15',	'2020-12-15 09:03:35',	40),
(1355,	'APAL-45149',	'Approval Ticket # APAL-45149',	8,	353,	40,	'2020-12-15',	'2020-12-15 09:03:35',	40),
(1356,	'APAL-39285',	'Approval Ticket # APAL-39285',	8,	353,	40,	'2020-12-15',	'2020-12-15 09:03:35',	40),
(1357,	'APAL-28376',	'Approval Ticket # APAL-28376',	8,	353,	40,	'2020-12-15',	'2020-12-15 09:03:35',	40),
(1358,	'APAL-53438',	'Approval Ticket # APAL-53438',	8,	353,	40,	'2020-12-15',	'2020-12-15 09:03:35',	40),
(1359,	'APAL-70801',	'Approval Ticket # APAL-70801',	8,	353,	40,	'2020-12-15',	'2020-12-15 09:03:35',	40),
(1360,	'APAL-79633',	'Approval Ticket # APAL-79633',	8,	353,	40,	'2020-12-15',	'2020-12-15 09:03:35',	40),
(1361,	'APAL-44837',	'Approval Ticket # APAL-44837',	8,	353,	40,	'2020-12-15',	'2020-12-15 09:03:35',	40),
(1362,	'APAL-58891',	'Approval Ticket # APAL-58891',	8,	353,	40,	'2020-12-15',	'2020-12-15 09:03:35',	40),
(1363,	'APAL-31191',	'Approval Ticket # APAL-31191',	8,	353,	40,	'2020-12-15',	'2020-12-15 09:03:35',	40),
(1364,	'APAL-86074',	'Approval Ticket # APAL-86074',	8,	353,	40,	'2020-12-15',	'2020-12-15 09:03:35',	40),
(1365,	'APAL-41851',	'Approval Ticket # APAL-41851',	7,	348,	31,	'2020-12-15',	'2020-12-15 09:03:38',	31),
(1366,	'APAL-37922',	'Approval Ticket # APAL-37922',	8,	353,	31,	'2020-12-15',	'2020-12-15 09:03:38',	31),
(1367,	'APAL-21621',	'Approval Ticket # APAL-21621',	8,	353,	31,	'2020-12-15',	'2020-12-15 09:03:38',	31),
(1368,	'APAL-75875',	'Approval Ticket # APAL-75875',	8,	353,	31,	'2020-12-15',	'2020-12-15 09:03:38',	31),
(1369,	'APAL-60579',	'Approval Ticket # APAL-60579',	8,	353,	31,	'2020-12-15',	'2020-12-15 09:03:38',	31),
(1370,	'APAL-13039',	'Approval Ticket # APAL-13039',	8,	353,	31,	'2020-12-15',	'2020-12-15 09:03:38',	31),
(1371,	'APAL-60421',	'Approval Ticket # APAL-60421',	8,	353,	31,	'2020-12-15',	'2020-12-15 09:03:38',	31),
(1372,	'APAL-14040',	'Approval Ticket # APAL-14040',	8,	353,	31,	'2020-12-15',	'2020-12-15 09:03:38',	31),
(1373,	'APAL-71966',	'Approval Ticket # APAL-71966',	8,	353,	31,	'2020-12-15',	'2020-12-15 09:03:38',	31),
(1374,	'APAL-71851',	'Approval Ticket # APAL-71851',	8,	353,	31,	'2020-12-15',	'2020-12-15 09:03:38',	31),
(1375,	'APAL-11422',	'Approval Ticket # APAL-11422',	8,	353,	31,	'2020-12-15',	'2020-12-15 09:03:38',	31),
(1376,	'APAL-38278',	'Approval Ticket # APAL-38278',	8,	353,	31,	'2020-12-15',	'2020-12-15 09:03:38',	31),
(1377,	'APAL-78657',	'Approval Ticket # APAL-78657',	8,	353,	31,	'2020-12-15',	'2020-12-15 09:03:38',	31),
(1378,	'APAL-64226',	'Approval Ticket # APAL-64226',	7,	348,	35,	'2020-12-15',	'2020-12-15 09:03:39',	35),
(1379,	'APAL-72319',	'Approval Ticket # APAL-72319',	8,	353,	35,	'2020-12-15',	'2020-12-15 09:03:39',	35),
(1380,	'APAL-86177',	'Approval Ticket # APAL-86177',	8,	353,	35,	'2020-12-15',	'2020-12-15 09:03:39',	35),
(1381,	'APAL-2261',	'Approval Ticket # APAL-2261',	8,	353,	35,	'2020-12-15',	'2020-12-15 09:03:39',	35),
(1382,	'APAL-46686',	'Approval Ticket # APAL-46686',	8,	353,	35,	'2020-12-15',	'2020-12-15 09:03:39',	35),
(1383,	'APAL-7893',	'Approval Ticket # APAL-7893',	8,	353,	35,	'2020-12-15',	'2020-12-15 09:03:39',	35),
(1384,	'APAL-40239',	'Approval Ticket # APAL-40239',	8,	353,	35,	'2020-12-15',	'2020-12-15 09:03:39',	35),
(1385,	'APAL-82121',	'Approval Ticket # APAL-82121',	8,	353,	35,	'2020-12-15',	'2020-12-15 09:03:39',	35),
(1386,	'APAL-48097',	'Approval Ticket # APAL-48097',	8,	353,	35,	'2020-12-15',	'2020-12-15 09:03:39',	35),
(1387,	'APAL-86334',	'Approval Ticket # APAL-86334',	8,	353,	35,	'2020-12-15',	'2020-12-15 09:03:39',	35),
(1388,	'APAL-68721',	'Approval Ticket # APAL-68721',	8,	353,	35,	'2020-12-15',	'2020-12-15 09:03:39',	35),
(1389,	'APAL-84469',	'Approval Ticket # APAL-84469',	8,	353,	35,	'2020-12-15',	'2020-12-15 09:03:39',	35),
(1390,	'APAL-1935',	'Approval Ticket # APAL-1935',	8,	353,	35,	'2020-12-15',	'2020-12-15 09:03:39',	35),
(1391,	'APAL-18275',	'Approval Ticket # APAL-18275',	7,	348,	22,	'2020-12-15',	'2020-12-15 09:03:40',	22),
(1392,	'APAL-45796',	'Approval Ticket # APAL-45796',	8,	353,	22,	'2020-12-15',	'2020-12-15 09:03:40',	22),
(1393,	'APAL-29841',	'Approval Ticket # APAL-29841',	8,	353,	22,	'2020-12-15',	'2020-12-15 09:03:40',	22),
(1394,	'APAL-32281',	'Approval Ticket # APAL-32281',	7,	348,	30,	'2020-12-15',	'2020-12-15 09:03:40',	30),
(1395,	'APAL-67762',	'Approval Ticket # APAL-67762',	8,	353,	22,	'2020-12-15',	'2020-12-15 09:03:40',	22),
(1396,	'APAL-56294',	'Approval Ticket # APAL-56294',	8,	353,	30,	'2020-12-15',	'2020-12-15 09:03:40',	30),
(1397,	'APAL-10026',	'Approval Ticket # APAL-10026',	8,	353,	22,	'2020-12-15',	'2020-12-15 09:03:40',	22),
(1398,	'APAL-1240',	'Approval Ticket # APAL-1240',	8,	353,	30,	'2020-12-15',	'2020-12-15 09:03:40',	30),
(1399,	'APAL-12021',	'Approval Ticket # APAL-12021',	8,	353,	22,	'2020-12-15',	'2020-12-15 09:03:40',	22),
(1400,	'APAL-68098',	'Approval Ticket # APAL-68098',	8,	353,	30,	'2020-12-15',	'2020-12-15 09:03:40',	30),
(1401,	'APAL-37935',	'Approval Ticket # APAL-37935',	8,	353,	22,	'2020-12-15',	'2020-12-15 09:03:40',	22),
(1402,	'APAL-60488',	'Approval Ticket # APAL-60488',	8,	353,	30,	'2020-12-15',	'2020-12-15 09:03:40',	30),
(1403,	'APAL-78568',	'Approval Ticket # APAL-78568',	8,	353,	22,	'2020-12-15',	'2020-12-15 09:03:40',	22),
(1404,	'APAL-36571',	'Approval Ticket # APAL-36571',	8,	353,	30,	'2020-12-15',	'2020-12-15 09:03:40',	30),
(1405,	'APAL-54603',	'Approval Ticket # APAL-54603',	8,	353,	22,	'2020-12-15',	'2020-12-15 09:03:40',	22),
(1406,	'APAL-35628',	'Approval Ticket # APAL-35628',	8,	353,	30,	'2020-12-15',	'2020-12-15 09:03:40',	30),
(1407,	'APAL-53269',	'Approval Ticket # APAL-53269',	8,	353,	22,	'2020-12-15',	'2020-12-15 09:03:40',	22),
(1408,	'APAL-5292',	'Approval Ticket # APAL-5292',	8,	353,	30,	'2020-12-15',	'2020-12-15 09:03:40',	30),
(1409,	'APAL-9156',	'Approval Ticket # APAL-9156',	8,	353,	22,	'2020-12-15',	'2020-12-15 09:03:40',	22),
(1410,	'APAL-5700',	'Approval Ticket # APAL-5700',	8,	353,	30,	'2020-12-15',	'2020-12-15 09:03:40',	30),
(1411,	'APAL-41175',	'Approval Ticket # APAL-41175',	8,	353,	22,	'2020-12-15',	'2020-12-15 09:03:40',	22),
(1412,	'APAL-61788',	'Approval Ticket # APAL-61788',	8,	353,	30,	'2020-12-15',	'2020-12-15 09:03:40',	30),
(1413,	'APAL-4969',	'Approval Ticket # APAL-4969',	8,	353,	22,	'2020-12-15',	'2020-12-15 09:03:40',	22),
(1414,	'APAL-81421',	'Approval Ticket # APAL-81421',	8,	353,	30,	'2020-12-15',	'2020-12-15 09:03:40',	30),
(1415,	'APAL-17579',	'Approval Ticket # APAL-17579',	8,	353,	30,	'2020-12-15',	'2020-12-15 09:03:40',	30),
(1416,	'APAL-2619',	'Approval Ticket # APAL-2619',	8,	353,	30,	'2020-12-15',	'2020-12-15 09:03:40',	30),
(1417,	'APAL-85681',	'Approval Ticket # APAL-85681',	7,	348,	39,	'2020-12-15',	'2020-12-15 09:03:47',	39),
(1418,	'APAL-6045',	'Approval Ticket # APAL-6045',	8,	353,	39,	'2020-12-15',	'2020-12-15 09:03:47',	39),
(1419,	'APAL-55468',	'Approval Ticket # APAL-55468',	8,	353,	39,	'2020-12-15',	'2020-12-15 09:03:47',	39),
(1420,	'APAL-29985',	'Approval Ticket # APAL-29985',	8,	353,	39,	'2020-12-15',	'2020-12-15 09:03:47',	39),
(1421,	'APAL-80975',	'Approval Ticket # APAL-80975',	8,	353,	39,	'2020-12-15',	'2020-12-15 09:03:47',	39),
(1422,	'APAL-44531',	'Approval Ticket # APAL-44531',	8,	353,	39,	'2020-12-15',	'2020-12-15 09:03:47',	39),
(1423,	'APAL-50853',	'Approval Ticket # APAL-50853',	8,	353,	39,	'2020-12-15',	'2020-12-15 09:03:47',	39),
(1424,	'APAL-21133',	'Approval Ticket # APAL-21133',	8,	353,	39,	'2020-12-15',	'2020-12-15 09:03:47',	39),
(1425,	'APAL-54209',	'Approval Ticket # APAL-54209',	8,	353,	39,	'2020-12-15',	'2020-12-15 09:03:47',	39),
(1426,	'APAL-46652',	'Approval Ticket # APAL-46652',	8,	353,	39,	'2020-12-15',	'2020-12-15 09:03:47',	39),
(1427,	'APAL-9559',	'Approval Ticket # APAL-9559',	8,	353,	39,	'2020-12-15',	'2020-12-15 09:03:47',	39),
(1428,	'APAL-18614',	'Approval Ticket # APAL-18614',	8,	353,	39,	'2020-12-15',	'2020-12-15 09:03:47',	39),
(1429,	'APAL-1426',	'Approval Ticket # APAL-1426',	8,	353,	39,	'2020-12-15',	'2020-12-15 09:03:47',	39),
(1430,	'APAL-63909',	'Approval Ticket # APAL-63909',	7,	348,	19,	'2020-12-15',	'2020-12-15 09:03:48',	19),
(1431,	'APAL-83585',	'Approval Ticket # APAL-83585',	8,	353,	19,	'2020-12-15',	'2020-12-15 09:03:48',	19),
(1432,	'APAL-6638',	'Approval Ticket # APAL-6638',	8,	353,	19,	'2020-12-15',	'2020-12-15 09:03:48',	19),
(1433,	'APAL-70020',	'Approval Ticket # APAL-70020',	8,	353,	19,	'2020-12-15',	'2020-12-15 09:03:48',	19),
(1434,	'APAL-14424',	'Approval Ticket # APAL-14424',	8,	353,	19,	'2020-12-15',	'2020-12-15 09:03:48',	19),
(1435,	'APAL-19929',	'Approval Ticket # APAL-19929',	8,	353,	19,	'2020-12-15',	'2020-12-15 09:03:48',	19),
(1436,	'APAL-1851',	'Approval Ticket # APAL-1851',	8,	353,	19,	'2020-12-15',	'2020-12-15 09:03:48',	19),
(1437,	'APAL-33572',	'Approval Ticket # APAL-33572',	8,	353,	19,	'2020-12-15',	'2020-12-15 09:03:48',	19),
(1438,	'APAL-26418',	'Approval Ticket # APAL-26418',	8,	353,	19,	'2020-12-15',	'2020-12-15 09:03:48',	19),
(1439,	'APAL-79209',	'Approval Ticket # APAL-79209',	8,	353,	19,	'2020-12-15',	'2020-12-15 09:03:48',	19),
(1440,	'APAL-33545',	'Approval Ticket # APAL-33545',	8,	353,	19,	'2020-12-15',	'2020-12-15 09:03:48',	19),
(1441,	'APAL-45344',	'Approval Ticket # APAL-45344',	8,	353,	19,	'2020-12-15',	'2020-12-15 09:03:48',	19),
(1442,	'APAL-67733',	'Approval Ticket # APAL-67733',	8,	353,	19,	'2020-12-15',	'2020-12-15 09:03:48',	19),
(1443,	'APAL-6509',	'Approval Ticket # APAL-6509',	7,	348,	35,	'2020-12-15',	'2020-12-15 09:03:49',	35),
(1444,	'APAL-87743',	'Approval Ticket # APAL-87743',	8,	353,	35,	'2020-12-15',	'2020-12-15 09:03:49',	35),
(1445,	'APAL-29817',	'Approval Ticket # APAL-29817',	8,	353,	35,	'2020-12-15',	'2020-12-15 09:03:49',	35),
(1446,	'APAL-62881',	'Approval Ticket # APAL-62881',	8,	353,	35,	'2020-12-15',	'2020-12-15 09:03:49',	35),
(1447,	'APAL-36462',	'Approval Ticket # APAL-36462',	8,	353,	35,	'2020-12-15',	'2020-12-15 09:03:49',	35),
(1448,	'APAL-19643',	'Approval Ticket # APAL-19643',	8,	353,	35,	'2020-12-15',	'2020-12-15 09:03:49',	35),
(1449,	'APAL-87375',	'Approval Ticket # APAL-87375',	8,	353,	35,	'2020-12-15',	'2020-12-15 09:03:49',	35),
(1450,	'APAL-60519',	'Approval Ticket # APAL-60519',	8,	353,	35,	'2020-12-15',	'2020-12-15 09:03:49',	35),
(1451,	'APAL-40509',	'Approval Ticket # APAL-40509',	8,	353,	35,	'2020-12-15',	'2020-12-15 09:03:49',	35),
(1452,	'APAL-68736',	'Approval Ticket # APAL-68736',	8,	353,	35,	'2020-12-15',	'2020-12-15 09:03:49',	35),
(1453,	'APAL-3456',	'Approval Ticket # APAL-3456',	8,	353,	35,	'2020-12-15',	'2020-12-15 09:03:49',	35),
(1454,	'APAL-31184',	'Approval Ticket # APAL-31184',	8,	353,	35,	'2020-12-15',	'2020-12-15 09:03:49',	35),
(1455,	'APAL-21490',	'Approval Ticket # APAL-21490',	8,	353,	35,	'2020-12-15',	'2020-12-15 09:03:49',	35),
(1456,	'APAL-21290',	'Approval Ticket # APAL-21290',	7,	348,	16,	'2020-12-15',	'2020-12-15 09:04:05',	16),
(1457,	'APAL-3479',	'Approval Ticket # APAL-3479',	8,	353,	16,	'2020-12-15',	'2020-12-15 09:04:05',	16),
(1458,	'APAL-85896',	'Approval Ticket # APAL-85896',	8,	353,	16,	'2020-12-15',	'2020-12-15 09:04:05',	16),
(1459,	'APAL-69251',	'Approval Ticket # APAL-69251',	8,	353,	16,	'2020-12-15',	'2020-12-15 09:04:05',	16),
(1460,	'APAL-45707',	'Approval Ticket # APAL-45707',	8,	353,	16,	'2020-12-15',	'2020-12-15 09:04:05',	16),
(1461,	'APAL-17283',	'Approval Ticket # APAL-17283',	8,	353,	16,	'2020-12-15',	'2020-12-15 09:04:05',	16),
(1462,	'APAL-71765',	'Approval Ticket # APAL-71765',	8,	353,	16,	'2020-12-15',	'2020-12-15 09:04:05',	16),
(1463,	'APAL-76074',	'Approval Ticket # APAL-76074',	8,	353,	16,	'2020-12-15',	'2020-12-15 09:04:05',	16),
(1464,	'APAL-1593',	'Approval Ticket # APAL-1593',	8,	353,	16,	'2020-12-15',	'2020-12-15 09:04:05',	16),
(1465,	'APAL-8413',	'Approval Ticket # APAL-8413',	8,	353,	16,	'2020-12-15',	'2020-12-15 09:04:05',	16),
(1466,	'APAL-44916',	'Approval Ticket # APAL-44916',	8,	353,	16,	'2020-12-15',	'2020-12-15 09:04:05',	16),
(1467,	'APAL-24115',	'Approval Ticket # APAL-24115',	8,	353,	16,	'2020-12-15',	'2020-12-15 09:04:05',	16),
(1468,	'APAL-56218',	'Approval Ticket # APAL-56218',	8,	353,	16,	'2020-12-15',	'2020-12-15 09:04:05',	16),
(1469,	'APAL-49318',	'Approval Ticket # APAL-49318',	7,	348,	23,	'2020-12-15',	'2020-12-15 09:04:06',	23),
(1470,	'APAL-48189',	'Approval Ticket # APAL-48189',	8,	353,	23,	'2020-12-15',	'2020-12-15 09:04:06',	23),
(1471,	'APAL-55568',	'Approval Ticket # APAL-55568',	8,	353,	23,	'2020-12-15',	'2020-12-15 09:04:06',	23),
(1472,	'APAL-50104',	'Approval Ticket # APAL-50104',	8,	353,	23,	'2020-12-15',	'2020-12-15 09:04:06',	23),
(1473,	'APAL-84178',	'Approval Ticket # APAL-84178',	8,	353,	23,	'2020-12-15',	'2020-12-15 09:04:06',	23),
(1474,	'APAL-30331',	'Approval Ticket # APAL-30331',	8,	353,	23,	'2020-12-15',	'2020-12-15 09:04:06',	23),
(1475,	'APAL-69952',	'Approval Ticket # APAL-69952',	8,	353,	23,	'2020-12-15',	'2020-12-15 09:04:06',	23),
(1476,	'APAL-54116',	'Approval Ticket # APAL-54116',	8,	353,	23,	'2020-12-15',	'2020-12-15 09:04:06',	23),
(1477,	'APAL-67230',	'Approval Ticket # APAL-67230',	8,	353,	23,	'2020-12-15',	'2020-12-15 09:04:06',	23),
(1478,	'APAL-2495',	'Approval Ticket # APAL-2495',	8,	353,	23,	'2020-12-15',	'2020-12-15 09:04:06',	23),
(1479,	'APAL-13058',	'Approval Ticket # APAL-13058',	8,	353,	23,	'2020-12-15',	'2020-12-15 09:04:06',	23),
(1480,	'APAL-72843',	'Approval Ticket # APAL-72843',	8,	353,	23,	'2020-12-15',	'2020-12-15 09:04:06',	23),
(1481,	'APAL-76411',	'Approval Ticket # APAL-76411',	8,	353,	23,	'2020-12-15',	'2020-12-15 09:04:06',	23),
(1482,	'APAL-44868',	'Approval Ticket # APAL-44868',	7,	348,	37,	'2020-12-15',	'2020-12-15 09:05:05',	37),
(1483,	'APAL-49685',	'Approval Ticket # APAL-49685',	8,	353,	37,	'2020-12-15',	'2020-12-15 09:05:05',	37),
(1484,	'APAL-8694',	'Approval Ticket # APAL-8694',	8,	353,	37,	'2020-12-15',	'2020-12-15 09:05:05',	37),
(1485,	'APAL-17368',	'Approval Ticket # APAL-17368',	8,	353,	37,	'2020-12-15',	'2020-12-15 09:05:05',	37),
(1486,	'APAL-27972',	'Approval Ticket # APAL-27972',	8,	353,	37,	'2020-12-15',	'2020-12-15 09:05:05',	37),
(1487,	'APAL-85179',	'Approval Ticket # APAL-85179',	8,	353,	37,	'2020-12-15',	'2020-12-15 09:05:05',	37),
(1488,	'APAL-57143',	'Approval Ticket # APAL-57143',	8,	353,	37,	'2020-12-15',	'2020-12-15 09:05:05',	37),
(1489,	'APAL-70586',	'Approval Ticket # APAL-70586',	8,	353,	37,	'2020-12-15',	'2020-12-15 09:05:05',	37),
(1490,	'APAL-15879',	'Approval Ticket # APAL-15879',	8,	353,	37,	'2020-12-15',	'2020-12-15 09:05:05',	37),
(1491,	'APAL-62551',	'Approval Ticket # APAL-62551',	8,	353,	37,	'2020-12-15',	'2020-12-15 09:05:05',	37),
(1492,	'APAL-51082',	'Approval Ticket # APAL-51082',	8,	353,	37,	'2020-12-15',	'2020-12-15 09:05:05',	37),
(1493,	'APAL-63585',	'Approval Ticket # APAL-63585',	8,	353,	37,	'2020-12-15',	'2020-12-15 09:05:05',	37),
(1494,	'APAL-60566',	'Approval Ticket # APAL-60566',	8,	353,	37,	'2020-12-15',	'2020-12-15 09:05:05',	37),
(1495,	'APAL-56945',	'Approval Ticket # APAL-56945',	7,	348,	15,	'2020-12-15',	'2020-12-15 09:05:07',	15),
(1496,	'APAL-30850',	'Approval Ticket # APAL-30850',	8,	353,	15,	'2020-12-15',	'2020-12-15 09:05:07',	15),
(1497,	'APAL-89744',	'Approval Ticket # APAL-89744',	8,	353,	15,	'2020-12-15',	'2020-12-15 09:05:07',	15),
(1498,	'APAL-41488',	'Approval Ticket # APAL-41488',	8,	353,	15,	'2020-12-15',	'2020-12-15 09:05:07',	15),
(1499,	'APAL-42481',	'Approval Ticket # APAL-42481',	8,	353,	15,	'2020-12-15',	'2020-12-15 09:05:07',	15),
(1500,	'APAL-7713',	'Approval Ticket # APAL-7713',	8,	353,	15,	'2020-12-15',	'2020-12-15 09:05:07',	15),
(1501,	'APAL-12212',	'Approval Ticket # APAL-12212',	8,	353,	15,	'2020-12-15',	'2020-12-15 09:05:07',	15),
(1502,	'APAL-6169',	'Approval Ticket # APAL-6169',	8,	353,	15,	'2020-12-15',	'2020-12-15 09:05:07',	15),
(1503,	'APAL-9125',	'Approval Ticket # APAL-9125',	8,	353,	15,	'2020-12-15',	'2020-12-15 09:05:07',	15),
(1504,	'APAL-16364',	'Approval Ticket # APAL-16364',	8,	353,	15,	'2020-12-15',	'2020-12-15 09:05:07',	15),
(1505,	'APAL-51209',	'Approval Ticket # APAL-51209',	8,	353,	15,	'2020-12-15',	'2020-12-15 09:05:07',	15),
(1506,	'APAL-10161',	'Approval Ticket # APAL-10161',	8,	353,	15,	'2020-12-15',	'2020-12-15 09:05:07',	15),
(1507,	'APAL-26763',	'Approval Ticket # APAL-26763',	8,	353,	15,	'2020-12-15',	'2020-12-15 09:05:07',	15),
(1508,	'APAL-86869',	'Approval Ticket # APAL-86869',	7,	348,	24,	'2020-12-15',	'2020-12-15 09:06:18',	24),
(1509,	'APAL-22007',	'Approval Ticket # APAL-22007',	8,	353,	24,	'2020-12-15',	'2020-12-15 09:06:18',	24),
(1510,	'APAL-63562',	'Approval Ticket # APAL-63562',	8,	353,	24,	'2020-12-15',	'2020-12-15 09:06:18',	24),
(1511,	'APAL-24825',	'Approval Ticket # APAL-24825',	8,	353,	24,	'2020-12-15',	'2020-12-15 09:06:18',	24),
(1512,	'APAL-24617',	'Approval Ticket # APAL-24617',	8,	353,	24,	'2020-12-15',	'2020-12-15 09:06:18',	24),
(1513,	'APAL-13278',	'Approval Ticket # APAL-13278',	8,	353,	24,	'2020-12-15',	'2020-12-15 09:06:18',	24),
(1514,	'APAL-75727',	'Approval Ticket # APAL-75727',	8,	353,	24,	'2020-12-15',	'2020-12-15 09:06:18',	24),
(1515,	'APAL-69084',	'Approval Ticket # APAL-69084',	8,	353,	24,	'2020-12-15',	'2020-12-15 09:06:18',	24),
(1516,	'APAL-89903',	'Approval Ticket # APAL-89903',	8,	353,	24,	'2020-12-15',	'2020-12-15 09:06:18',	24),
(1517,	'APAL-7171',	'Approval Ticket # APAL-7171',	8,	353,	24,	'2020-12-15',	'2020-12-15 09:06:18',	24),
(1518,	'APAL-16726',	'Approval Ticket # APAL-16726',	8,	353,	24,	'2020-12-15',	'2020-12-15 09:06:18',	24),
(1519,	'APAL-51029',	'Approval Ticket # APAL-51029',	8,	353,	24,	'2020-12-15',	'2020-12-15 09:06:18',	24),
(1520,	'APAL-74414',	'Approval Ticket # APAL-74414',	8,	353,	24,	'2020-12-15',	'2020-12-15 09:06:18',	24),
(1521,	'APAL-2458',	'Approval Ticket # APAL-2458',	7,	348,	12,	'2020-12-15',	'2020-12-15 09:06:35',	12),
(1522,	'APAL-39384',	'Approval Ticket # APAL-39384',	8,	353,	12,	'2020-12-15',	'2020-12-15 09:06:35',	12),
(1523,	'APAL-55589',	'Approval Ticket # APAL-55589',	8,	353,	12,	'2020-12-15',	'2020-12-15 09:06:35',	12),
(1524,	'APAL-44998',	'Approval Ticket # APAL-44998',	8,	353,	12,	'2020-12-15',	'2020-12-15 09:06:35',	12),
(1525,	'APAL-47716',	'Approval Ticket # APAL-47716',	8,	353,	12,	'2020-12-15',	'2020-12-15 09:06:35',	12),
(1526,	'APAL-49367',	'Approval Ticket # APAL-49367',	8,	353,	12,	'2020-12-15',	'2020-12-15 09:06:35',	12),
(1527,	'APAL-51956',	'Approval Ticket # APAL-51956',	8,	353,	12,	'2020-12-15',	'2020-12-15 09:06:35',	12),
(1528,	'APAL-15842',	'Approval Ticket # APAL-15842',	8,	353,	12,	'2020-12-15',	'2020-12-15 09:06:35',	12),
(1529,	'APAL-78817',	'Approval Ticket # APAL-78817',	8,	353,	12,	'2020-12-15',	'2020-12-15 09:06:35',	12),
(1530,	'APAL-40448',	'Approval Ticket # APAL-40448',	8,	353,	12,	'2020-12-15',	'2020-12-15 09:06:35',	12),
(1531,	'APAL-24351',	'Approval Ticket # APAL-24351',	8,	353,	12,	'2020-12-15',	'2020-12-15 09:06:35',	12),
(1532,	'APAL-31966',	'Approval Ticket # APAL-31966',	8,	353,	12,	'2020-12-15',	'2020-12-15 09:06:35',	12),
(1533,	'APAL-49160',	'Approval Ticket # APAL-49160',	8,	353,	12,	'2020-12-15',	'2020-12-15 09:06:35',	12),
(1534,	'APAL-31742',	'Approval Ticket # APAL-31742',	7,	348,	17,	'2020-12-15',	'2020-12-15 09:07:05',	17),
(1535,	'APAL-58097',	'Approval Ticket # APAL-58097',	8,	353,	17,	'2020-12-15',	'2020-12-15 09:07:05',	17),
(1536,	'APAL-7754',	'Approval Ticket # APAL-7754',	8,	353,	17,	'2020-12-15',	'2020-12-15 09:07:05',	17),
(1537,	'APAL-27511',	'Approval Ticket # APAL-27511',	8,	353,	17,	'2020-12-15',	'2020-12-15 09:07:05',	17),
(1538,	'APAL-17849',	'Approval Ticket # APAL-17849',	8,	353,	17,	'2020-12-15',	'2020-12-15 09:07:05',	17),
(1539,	'APAL-34738',	'Approval Ticket # APAL-34738',	8,	353,	17,	'2020-12-15',	'2020-12-15 09:07:05',	17),
(1540,	'APAL-37367',	'Approval Ticket # APAL-37367',	8,	353,	17,	'2020-12-15',	'2020-12-15 09:07:05',	17),
(1541,	'APAL-37864',	'Approval Ticket # APAL-37864',	8,	353,	17,	'2020-12-15',	'2020-12-15 09:07:05',	17),
(1542,	'APAL-41078',	'Approval Ticket # APAL-41078',	8,	353,	17,	'2020-12-15',	'2020-12-15 09:07:05',	17),
(1543,	'APAL-69304',	'Approval Ticket # APAL-69304',	8,	353,	17,	'2020-12-15',	'2020-12-15 09:07:05',	17),
(1544,	'APAL-61033',	'Approval Ticket # APAL-61033',	8,	353,	17,	'2020-12-15',	'2020-12-15 09:07:05',	17),
(1545,	'APAL-42534',	'Approval Ticket # APAL-42534',	8,	353,	17,	'2020-12-15',	'2020-12-15 09:07:05',	17),
(1546,	'APAL-29707',	'Approval Ticket # APAL-29707',	8,	353,	17,	'2020-12-15',	'2020-12-15 09:07:05',	17),
(1547,	'APAL-75194',	'Approval Ticket # APAL-75194',	7,	348,	21,	'2020-12-15',	'2020-12-15 09:08:02',	21),
(1548,	'APAL-20786',	'Approval Ticket # APAL-20786',	8,	353,	21,	'2020-12-15',	'2020-12-15 09:08:02',	21),
(1549,	'APAL-7782',	'Approval Ticket # APAL-7782',	8,	353,	21,	'2020-12-15',	'2020-12-15 09:08:02',	21),
(1550,	'APAL-18001',	'Approval Ticket # APAL-18001',	8,	353,	21,	'2020-12-15',	'2020-12-15 09:08:02',	21),
(1551,	'APAL-38826',	'Approval Ticket # APAL-38826',	8,	353,	21,	'2020-12-15',	'2020-12-15 09:08:02',	21),
(1552,	'APAL-65596',	'Approval Ticket # APAL-65596',	8,	353,	21,	'2020-12-15',	'2020-12-15 09:08:02',	21),
(1553,	'APAL-40140',	'Approval Ticket # APAL-40140',	8,	353,	21,	'2020-12-15',	'2020-12-15 09:08:02',	21),
(1554,	'APAL-76178',	'Approval Ticket # APAL-76178',	8,	353,	21,	'2020-12-15',	'2020-12-15 09:08:02',	21),
(1555,	'APAL-76761',	'Approval Ticket # APAL-76761',	8,	353,	21,	'2020-12-15',	'2020-12-15 09:08:02',	21),
(1556,	'APAL-53854',	'Approval Ticket # APAL-53854',	8,	353,	21,	'2020-12-15',	'2020-12-15 09:08:02',	21),
(1557,	'APAL-45605',	'Approval Ticket # APAL-45605',	8,	353,	21,	'2020-12-15',	'2020-12-15 09:08:02',	21),
(1558,	'APAL-70656',	'Approval Ticket # APAL-70656',	8,	353,	21,	'2020-12-15',	'2020-12-15 09:08:02',	21),
(1559,	'APAL-11149',	'Approval Ticket # APAL-11149',	8,	353,	21,	'2020-12-15',	'2020-12-15 09:08:02',	21),
(1560,	'APAL-21429',	'Approval Ticket # APAL-21429',	7,	348,	17,	'2020-12-15',	'2020-12-15 09:10:58',	17),
(1561,	'APAL-81322',	'Approval Ticket # APAL-81322',	8,	353,	17,	'2020-12-15',	'2020-12-15 09:10:58',	17),
(1562,	'APAL-9029',	'Approval Ticket # APAL-9029',	8,	353,	17,	'2020-12-15',	'2020-12-15 09:10:58',	17),
(1563,	'APAL-20778',	'Approval Ticket # APAL-20778',	8,	353,	17,	'2020-12-15',	'2020-12-15 09:10:58',	17),
(1564,	'APAL-88433',	'Approval Ticket # APAL-88433',	8,	353,	17,	'2020-12-15',	'2020-12-15 09:10:58',	17),
(1565,	'APAL-21775',	'Approval Ticket # APAL-21775',	8,	353,	17,	'2020-12-15',	'2020-12-15 09:10:58',	17),
(1566,	'APAL-46600',	'Approval Ticket # APAL-46600',	8,	353,	17,	'2020-12-15',	'2020-12-15 09:10:58',	17),
(1567,	'APAL-82510',	'Approval Ticket # APAL-82510',	8,	353,	17,	'2020-12-15',	'2020-12-15 09:10:58',	17),
(1568,	'APAL-16901',	'Approval Ticket # APAL-16901',	8,	353,	17,	'2020-12-15',	'2020-12-15 09:10:58',	17),
(1569,	'APAL-24739',	'Approval Ticket # APAL-24739',	8,	353,	17,	'2020-12-15',	'2020-12-15 09:10:58',	17),
(1570,	'APAL-3178',	'Approval Ticket # APAL-3178',	8,	353,	17,	'2020-12-15',	'2020-12-15 09:10:58',	17),
(1571,	'APAL-20356',	'Approval Ticket # APAL-20356',	8,	353,	17,	'2020-12-15',	'2020-12-15 09:10:58',	17),
(1572,	'APAL-23926',	'Approval Ticket # APAL-23926',	8,	353,	17,	'2020-12-15',	'2020-12-15 09:10:58',	17),
(1573,	'APAL-47434',	'Approval Ticket # APAL-47434',	7,	348,	18,	'2020-12-15',	'2020-12-15 09:20:18',	18),
(1574,	'APAL-45513',	'Approval Ticket # APAL-45513',	8,	353,	18,	'2020-12-15',	'2020-12-15 09:20:18',	18),
(1575,	'APAL-39494',	'Approval Ticket # APAL-39494',	8,	353,	18,	'2020-12-15',	'2020-12-15 09:20:18',	18),
(1576,	'APAL-31190',	'Approval Ticket # APAL-31190',	8,	353,	18,	'2020-12-15',	'2020-12-15 09:20:18',	18),
(1577,	'APAL-55015',	'Approval Ticket # APAL-55015',	8,	353,	18,	'2020-12-15',	'2020-12-15 09:20:18',	18),
(1578,	'APAL-86202',	'Approval Ticket # APAL-86202',	8,	353,	18,	'2020-12-15',	'2020-12-15 09:20:18',	18),
(1579,	'APAL-18377',	'Approval Ticket # APAL-18377',	8,	353,	18,	'2020-12-15',	'2020-12-15 09:20:18',	18),
(1580,	'APAL-20873',	'Approval Ticket # APAL-20873',	8,	353,	18,	'2020-12-15',	'2020-12-15 09:20:18',	18),
(1581,	'APAL-5736',	'Approval Ticket # APAL-5736',	8,	353,	18,	'2020-12-15',	'2020-12-15 09:20:18',	18),
(1582,	'APAL-2368',	'Approval Ticket # APAL-2368',	8,	353,	18,	'2020-12-15',	'2020-12-15 09:20:18',	18),
(1583,	'APAL-37232',	'Approval Ticket # APAL-37232',	8,	353,	18,	'2020-12-15',	'2020-12-15 09:20:18',	18),
(1584,	'APAL-17881',	'Approval Ticket # APAL-17881',	8,	353,	18,	'2020-12-15',	'2020-12-15 09:20:18',	18),
(1585,	'APAL-77305',	'Approval Ticket # APAL-77305',	8,	353,	18,	'2020-12-15',	'2020-12-15 09:20:18',	18),
(1586,	'APAL-32912',	'Approval Ticket # APAL-32912',	7,	348,	17,	'2020-12-15',	'2020-12-15 09:20:44',	17),
(1587,	'APAL-61145',	'Approval Ticket # APAL-61145',	8,	353,	17,	'2020-12-15',	'2020-12-15 09:20:44',	17),
(1588,	'APAL-9600',	'Approval Ticket # APAL-9600',	8,	353,	17,	'2020-12-15',	'2020-12-15 09:20:44',	17),
(1589,	'APAL-61608',	'Approval Ticket # APAL-61608',	8,	353,	17,	'2020-12-15',	'2020-12-15 09:20:44',	17),
(1590,	'APAL-53700',	'Approval Ticket # APAL-53700',	8,	353,	17,	'2020-12-15',	'2020-12-15 09:20:44',	17),
(1591,	'APAL-7789',	'Approval Ticket # APAL-7789',	8,	353,	17,	'2020-12-15',	'2020-12-15 09:20:44',	17),
(1592,	'APAL-58634',	'Approval Ticket # APAL-58634',	8,	353,	17,	'2020-12-15',	'2020-12-15 09:20:44',	17),
(1593,	'APAL-74083',	'Approval Ticket # APAL-74083',	8,	353,	17,	'2020-12-15',	'2020-12-15 09:20:44',	17),
(1594,	'APAL-34233',	'Approval Ticket # APAL-34233',	8,	353,	17,	'2020-12-15',	'2020-12-15 09:20:44',	17),
(1595,	'APAL-2776',	'Approval Ticket # APAL-2776',	8,	353,	17,	'2020-12-15',	'2020-12-15 09:20:44',	17),
(1596,	'APAL-14553',	'Approval Ticket # APAL-14553',	8,	353,	17,	'2020-12-15',	'2020-12-15 09:20:44',	17),
(1597,	'APAL-16580',	'Approval Ticket # APAL-16580',	8,	353,	17,	'2020-12-15',	'2020-12-15 09:20:44',	17),
(1598,	'APAL-72074',	'Approval Ticket # APAL-72074',	8,	353,	17,	'2020-12-15',	'2020-12-15 09:20:44',	17),
(1599,	'APAL-49784',	'Approval Ticket # APAL-49784',	7,	348,	17,	'2020-12-15',	'2020-12-15 09:28:45',	17),
(1600,	'APAL-87013',	'Approval Ticket # APAL-87013',	8,	353,	17,	'2020-12-15',	'2020-12-15 09:28:45',	17),
(1601,	'APAL-29372',	'Approval Ticket # APAL-29372',	8,	353,	17,	'2020-12-15',	'2020-12-15 09:28:45',	17),
(1602,	'APAL-52400',	'Approval Ticket # APAL-52400',	8,	353,	17,	'2020-12-15',	'2020-12-15 09:28:45',	17),
(1603,	'APAL-43890',	'Approval Ticket # APAL-43890',	8,	353,	17,	'2020-12-15',	'2020-12-15 09:28:45',	17),
(1604,	'APAL-64360',	'Approval Ticket # APAL-64360',	8,	353,	17,	'2020-12-15',	'2020-12-15 09:28:45',	17),
(1605,	'APAL-70057',	'Approval Ticket # APAL-70057',	8,	353,	17,	'2020-12-15',	'2020-12-15 09:28:45',	17),
(1606,	'APAL-86110',	'Approval Ticket # APAL-86110',	8,	353,	17,	'2020-12-15',	'2020-12-15 09:28:45',	17),
(1607,	'APAL-26565',	'Approval Ticket # APAL-26565',	8,	353,	17,	'2020-12-15',	'2020-12-15 09:28:45',	17),
(1608,	'APAL-10926',	'Approval Ticket # APAL-10926',	8,	353,	17,	'2020-12-15',	'2020-12-15 09:28:45',	17),
(1609,	'APAL-54535',	'Approval Ticket # APAL-54535',	8,	353,	17,	'2020-12-15',	'2020-12-15 09:28:45',	17),
(1610,	'APAL-73468',	'Approval Ticket # APAL-73468',	8,	353,	17,	'2020-12-15',	'2020-12-15 09:28:45',	17),
(1611,	'APAL-21535',	'Approval Ticket # APAL-21535',	8,	353,	17,	'2020-12-15',	'2020-12-15 09:28:45',	17),
(1612,	'APAL-42091',	'Approval Ticket # APAL-42091',	7,	348,	40,	'2020-12-15',	'2020-12-15 09:29:13',	40),
(1613,	'APAL-33251',	'Approval Ticket # APAL-33251',	8,	353,	40,	'2020-12-15',	'2020-12-15 09:29:13',	40),
(1614,	'APAL-17132',	'Approval Ticket # APAL-17132',	8,	353,	40,	'2020-12-15',	'2020-12-15 09:29:13',	40),
(1615,	'APAL-27607',	'Approval Ticket # APAL-27607',	8,	353,	40,	'2020-12-15',	'2020-12-15 09:29:13',	40),
(1616,	'APAL-21409',	'Approval Ticket # APAL-21409',	8,	353,	40,	'2020-12-15',	'2020-12-15 09:29:13',	40),
(1617,	'APAL-11210',	'Approval Ticket # APAL-11210',	8,	353,	40,	'2020-12-15',	'2020-12-15 09:29:13',	40),
(1618,	'APAL-73202',	'Approval Ticket # APAL-73202',	8,	353,	40,	'2020-12-15',	'2020-12-15 09:29:13',	40),
(1619,	'APAL-29858',	'Approval Ticket # APAL-29858',	8,	353,	40,	'2020-12-15',	'2020-12-15 09:29:13',	40),
(1620,	'APAL-18010',	'Approval Ticket # APAL-18010',	8,	353,	40,	'2020-12-15',	'2020-12-15 09:29:13',	40),
(1621,	'APAL-55177',	'Approval Ticket # APAL-55177',	8,	353,	40,	'2020-12-15',	'2020-12-15 09:29:13',	40),
(1622,	'APAL-9534',	'Approval Ticket # APAL-9534',	8,	353,	40,	'2020-12-15',	'2020-12-15 09:29:13',	40),
(1623,	'APAL-50835',	'Approval Ticket # APAL-50835',	8,	353,	40,	'2020-12-15',	'2020-12-15 09:29:13',	40),
(1624,	'APAL-79053',	'Approval Ticket # APAL-79053',	8,	353,	40,	'2020-12-15',	'2020-12-15 09:29:13',	40),
(1625,	'APAL-2173',	'Approval Ticket # APAL-2173',	7,	348,	30,	'2020-12-15',	'2020-12-15 09:29:35',	30),
(1626,	'APAL-45180',	'Approval Ticket # APAL-45180',	8,	353,	30,	'2020-12-15',	'2020-12-15 09:29:35',	30),
(1627,	'APAL-27730',	'Approval Ticket # APAL-27730',	8,	353,	30,	'2020-12-15',	'2020-12-15 09:29:35',	30),
(1628,	'APAL-78656',	'Approval Ticket # APAL-78656',	8,	353,	30,	'2020-12-15',	'2020-12-15 09:29:35',	30),
(1629,	'APAL-23354',	'Approval Ticket # APAL-23354',	8,	353,	30,	'2020-12-15',	'2020-12-15 09:29:35',	30),
(1630,	'APAL-54995',	'Approval Ticket # APAL-54995',	8,	353,	30,	'2020-12-15',	'2020-12-15 09:29:35',	30),
(1631,	'APAL-7872',	'Approval Ticket # APAL-7872',	8,	353,	30,	'2020-12-15',	'2020-12-15 09:29:35',	30),
(1632,	'APAL-53440',	'Approval Ticket # APAL-53440',	8,	353,	30,	'2020-12-15',	'2020-12-15 09:29:35',	30),
(1633,	'APAL-56404',	'Approval Ticket # APAL-56404',	8,	353,	30,	'2020-12-15',	'2020-12-15 09:29:35',	30),
(1634,	'APAL-19608',	'Approval Ticket # APAL-19608',	8,	353,	30,	'2020-12-15',	'2020-12-15 09:29:35',	30),
(1635,	'APAL-21542',	'Approval Ticket # APAL-21542',	8,	353,	30,	'2020-12-15',	'2020-12-15 09:29:35',	30),
(1636,	'APAL-88914',	'Approval Ticket # APAL-88914',	8,	353,	30,	'2020-12-15',	'2020-12-15 09:29:35',	30),
(1637,	'APAL-23435',	'Approval Ticket # APAL-23435',	8,	353,	30,	'2020-12-15',	'2020-12-15 09:29:35',	30),
(1638,	'APAL-13578',	'Approval Ticket # APAL-13578',	7,	348,	39,	'2020-12-15',	'2020-12-15 09:29:38',	39),
(1639,	'APAL-11735',	'Approval Ticket # APAL-11735',	8,	353,	39,	'2020-12-15',	'2020-12-15 09:29:38',	39),
(1640,	'APAL-54084',	'Approval Ticket # APAL-54084',	8,	353,	39,	'2020-12-15',	'2020-12-15 09:29:38',	39),
(1641,	'APAL-7048',	'Approval Ticket # APAL-7048',	8,	353,	39,	'2020-12-15',	'2020-12-15 09:29:38',	39),
(1642,	'APAL-76620',	'Approval Ticket # APAL-76620',	8,	353,	39,	'2020-12-15',	'2020-12-15 09:29:38',	39),
(1643,	'APAL-47174',	'Approval Ticket # APAL-47174',	8,	353,	39,	'2020-12-15',	'2020-12-15 09:29:38',	39),
(1644,	'APAL-84741',	'Approval Ticket # APAL-84741',	8,	353,	39,	'2020-12-15',	'2020-12-15 09:29:38',	39),
(1645,	'APAL-30046',	'Approval Ticket # APAL-30046',	8,	353,	39,	'2020-12-15',	'2020-12-15 09:29:38',	39),
(1646,	'APAL-86711',	'Approval Ticket # APAL-86711',	8,	353,	39,	'2020-12-15',	'2020-12-15 09:29:38',	39),
(1647,	'APAL-9964',	'Approval Ticket # APAL-9964',	8,	353,	39,	'2020-12-15',	'2020-12-15 09:29:38',	39),
(1648,	'APAL-52668',	'Approval Ticket # APAL-52668',	8,	353,	39,	'2020-12-15',	'2020-12-15 09:29:38',	39),
(1649,	'APAL-83611',	'Approval Ticket # APAL-83611',	8,	353,	39,	'2020-12-15',	'2020-12-15 09:29:38',	39),
(1650,	'APAL-39472',	'Approval Ticket # APAL-39472',	8,	353,	39,	'2020-12-15',	'2020-12-15 09:29:38',	39),
(1651,	'APAL-81040',	'Approval Ticket # APAL-81040',	7,	348,	23,	'2020-12-15',	'2020-12-15 09:29:41',	23),
(1652,	'APAL-74262',	'Approval Ticket # APAL-74262',	8,	353,	23,	'2020-12-15',	'2020-12-15 09:29:42',	23),
(1653,	'APAL-70992',	'Approval Ticket # APAL-70992',	8,	353,	23,	'2020-12-15',	'2020-12-15 09:29:42',	23),
(1654,	'APAL-43316',	'Approval Ticket # APAL-43316',	8,	353,	23,	'2020-12-15',	'2020-12-15 09:29:42',	23),
(1655,	'APAL-19376',	'Approval Ticket # APAL-19376',	8,	353,	23,	'2020-12-15',	'2020-12-15 09:29:42',	23),
(1656,	'APAL-33714',	'Approval Ticket # APAL-33714',	8,	353,	23,	'2020-12-15',	'2020-12-15 09:29:42',	23),
(1657,	'APAL-1574',	'Approval Ticket # APAL-1574',	8,	353,	23,	'2020-12-15',	'2020-12-15 09:29:42',	23),
(1658,	'APAL-28542',	'Approval Ticket # APAL-28542',	8,	353,	23,	'2020-12-15',	'2020-12-15 09:29:42',	23),
(1659,	'APAL-7908',	'Approval Ticket # APAL-7908',	8,	353,	23,	'2020-12-15',	'2020-12-15 09:29:42',	23),
(1660,	'APAL-61995',	'Approval Ticket # APAL-61995',	8,	353,	23,	'2020-12-15',	'2020-12-15 09:29:42',	23),
(1661,	'APAL-12973',	'Approval Ticket # APAL-12973',	8,	353,	23,	'2020-12-15',	'2020-12-15 09:29:42',	23),
(1662,	'APAL-1298',	'Approval Ticket # APAL-1298',	8,	353,	23,	'2020-12-15',	'2020-12-15 09:29:42',	23),
(1663,	'APAL-30963',	'Approval Ticket # APAL-30963',	8,	353,	23,	'2020-12-15',	'2020-12-15 09:29:42',	23),
(1664,	'APAL-43369',	'Approval Ticket # APAL-43369',	7,	348,	15,	'2020-12-15',	'2020-12-15 09:29:50',	15),
(1665,	'APAL-31601',	'Approval Ticket # APAL-31601',	8,	353,	15,	'2020-12-15',	'2020-12-15 09:29:50',	15),
(1666,	'APAL-15271',	'Approval Ticket # APAL-15271',	8,	353,	15,	'2020-12-15',	'2020-12-15 09:29:50',	15),
(1667,	'APAL-30125',	'Approval Ticket # APAL-30125',	8,	353,	15,	'2020-12-15',	'2020-12-15 09:29:50',	15),
(1668,	'APAL-2125',	'Approval Ticket # APAL-2125',	8,	353,	15,	'2020-12-15',	'2020-12-15 09:29:50',	15),
(1669,	'APAL-37071',	'Approval Ticket # APAL-37071',	8,	353,	15,	'2020-12-15',	'2020-12-15 09:29:50',	15),
(1670,	'APAL-32347',	'Approval Ticket # APAL-32347',	8,	353,	15,	'2020-12-15',	'2020-12-15 09:29:50',	15),
(1671,	'APAL-36372',	'Approval Ticket # APAL-36372',	8,	353,	15,	'2020-12-15',	'2020-12-15 09:29:50',	15),
(1672,	'APAL-23584',	'Approval Ticket # APAL-23584',	8,	353,	15,	'2020-12-15',	'2020-12-15 09:29:50',	15),
(1673,	'APAL-86959',	'Approval Ticket # APAL-86959',	8,	353,	15,	'2020-12-15',	'2020-12-15 09:29:50',	15),
(1674,	'APAL-5159',	'Approval Ticket # APAL-5159',	8,	353,	15,	'2020-12-15',	'2020-12-15 09:29:50',	15),
(1675,	'APAL-66366',	'Approval Ticket # APAL-66366',	8,	353,	15,	'2020-12-15',	'2020-12-15 09:29:50',	15),
(1676,	'APAL-59739',	'Approval Ticket # APAL-59739',	8,	353,	15,	'2020-12-15',	'2020-12-15 09:29:50',	15),
(1677,	'APAL-23741',	'Approval Ticket # APAL-23741',	7,	348,	19,	'2020-12-15',	'2020-12-15 09:29:52',	19),
(1678,	'APAL-27005',	'Approval Ticket # APAL-27005',	8,	353,	19,	'2020-12-15',	'2020-12-15 09:29:52',	19),
(1679,	'APAL-38076',	'Approval Ticket # APAL-38076',	8,	353,	19,	'2020-12-15',	'2020-12-15 09:29:52',	19),
(1680,	'APAL-27956',	'Approval Ticket # APAL-27956',	8,	353,	19,	'2020-12-15',	'2020-12-15 09:29:52',	19),
(1681,	'APAL-77995',	'Approval Ticket # APAL-77995',	8,	353,	19,	'2020-12-15',	'2020-12-15 09:29:52',	19),
(1682,	'APAL-65796',	'Approval Ticket # APAL-65796',	8,	353,	19,	'2020-12-15',	'2020-12-15 09:29:52',	19),
(1683,	'APAL-9031',	'Approval Ticket # APAL-9031',	8,	353,	19,	'2020-12-15',	'2020-12-15 09:29:52',	19),
(1684,	'APAL-4338',	'Approval Ticket # APAL-4338',	8,	353,	19,	'2020-12-15',	'2020-12-15 09:29:52',	19),
(1685,	'APAL-31415',	'Approval Ticket # APAL-31415',	8,	353,	19,	'2020-12-15',	'2020-12-15 09:29:52',	19),
(1686,	'APAL-53603',	'Approval Ticket # APAL-53603',	8,	353,	19,	'2020-12-15',	'2020-12-15 09:29:52',	19),
(1687,	'APAL-31904',	'Approval Ticket # APAL-31904',	8,	353,	19,	'2020-12-15',	'2020-12-15 09:29:52',	19),
(1688,	'APAL-48041',	'Approval Ticket # APAL-48041',	8,	353,	19,	'2020-12-15',	'2020-12-15 09:29:52',	19),
(1689,	'APAL-18904',	'Approval Ticket # APAL-18904',	8,	353,	19,	'2020-12-15',	'2020-12-15 09:29:52',	19),
(1690,	'APAL-54294',	'Approval Ticket # APAL-54294',	7,	348,	16,	'2020-12-15',	'2020-12-15 09:30:13',	16),
(1691,	'APAL-30029',	'Approval Ticket # APAL-30029',	8,	353,	16,	'2020-12-15',	'2020-12-15 09:30:13',	16),
(1692,	'APAL-35447',	'Approval Ticket # APAL-35447',	8,	353,	16,	'2020-12-15',	'2020-12-15 09:30:13',	16),
(1693,	'APAL-44817',	'Approval Ticket # APAL-44817',	8,	353,	16,	'2020-12-15',	'2020-12-15 09:30:13',	16),
(1694,	'APAL-73739',	'Approval Ticket # APAL-73739',	8,	353,	16,	'2020-12-15',	'2020-12-15 09:30:13',	16),
(1695,	'APAL-71745',	'Approval Ticket # APAL-71745',	8,	353,	16,	'2020-12-15',	'2020-12-15 09:30:13',	16),
(1696,	'APAL-28841',	'Approval Ticket # APAL-28841',	8,	353,	16,	'2020-12-15',	'2020-12-15 09:30:13',	16),
(1697,	'APAL-77586',	'Approval Ticket # APAL-77586',	8,	353,	16,	'2020-12-15',	'2020-12-15 09:30:13',	16),
(1698,	'APAL-38538',	'Approval Ticket # APAL-38538',	8,	353,	16,	'2020-12-15',	'2020-12-15 09:30:13',	16),
(1699,	'APAL-59043',	'Approval Ticket # APAL-59043',	8,	353,	16,	'2020-12-15',	'2020-12-15 09:30:13',	16),
(1700,	'APAL-81308',	'Approval Ticket # APAL-81308',	8,	353,	16,	'2020-12-15',	'2020-12-15 09:30:13',	16),
(1701,	'APAL-20234',	'Approval Ticket # APAL-20234',	8,	353,	16,	'2020-12-15',	'2020-12-15 09:30:13',	16),
(1702,	'APAL-77422',	'Approval Ticket # APAL-77422',	8,	353,	16,	'2020-12-15',	'2020-12-15 09:30:13',	16),
(1703,	'APAL-68516',	'Approval Ticket # APAL-68516',	7,	348,	25,	'2020-12-15',	'2020-12-15 09:30:14',	25),
(1704,	'APAL-59672',	'Approval Ticket # APAL-59672',	8,	353,	25,	'2020-12-15',	'2020-12-15 09:30:14',	25),
(1705,	'APAL-24175',	'Approval Ticket # APAL-24175',	8,	353,	25,	'2020-12-15',	'2020-12-15 09:30:14',	25),
(1706,	'APAL-54842',	'Approval Ticket # APAL-54842',	8,	353,	25,	'2020-12-15',	'2020-12-15 09:30:14',	25),
(1707,	'APAL-25089',	'Approval Ticket # APAL-25089',	8,	353,	25,	'2020-12-15',	'2020-12-15 09:30:14',	25),
(1708,	'APAL-12911',	'Approval Ticket # APAL-12911',	8,	353,	25,	'2020-12-15',	'2020-12-15 09:30:14',	25),
(1709,	'APAL-2855',	'Approval Ticket # APAL-2855',	8,	353,	25,	'2020-12-15',	'2020-12-15 09:30:14',	25),
(1710,	'APAL-73580',	'Approval Ticket # APAL-73580',	8,	353,	25,	'2020-12-15',	'2020-12-15 09:30:14',	25),
(1711,	'APAL-85859',	'Approval Ticket # APAL-85859',	8,	353,	25,	'2020-12-15',	'2020-12-15 09:30:14',	25),
(1712,	'APAL-70292',	'Approval Ticket # APAL-70292',	8,	353,	25,	'2020-12-15',	'2020-12-15 09:30:14',	25),
(1713,	'APAL-84848',	'Approval Ticket # APAL-84848',	8,	353,	25,	'2020-12-15',	'2020-12-15 09:30:14',	25),
(1714,	'APAL-61155',	'Approval Ticket # APAL-61155',	8,	353,	25,	'2020-12-15',	'2020-12-15 09:30:14',	25),
(1715,	'APAL-88333',	'Approval Ticket # APAL-88333',	8,	353,	25,	'2020-12-15',	'2020-12-15 09:30:14',	25),
(1716,	'APAL-77478',	'Approval Ticket # APAL-77478',	7,	348,	21,	'2020-12-15',	'2020-12-15 09:30:17',	21),
(1717,	'APAL-61579',	'Approval Ticket # APAL-61579',	8,	353,	21,	'2020-12-15',	'2020-12-15 09:30:17',	21),
(1718,	'APAL-44275',	'Approval Ticket # APAL-44275',	8,	353,	21,	'2020-12-15',	'2020-12-15 09:30:17',	21),
(1719,	'APAL-19756',	'Approval Ticket # APAL-19756',	8,	353,	21,	'2020-12-15',	'2020-12-15 09:30:17',	21),
(1720,	'APAL-38863',	'Approval Ticket # APAL-38863',	8,	353,	21,	'2020-12-15',	'2020-12-15 09:30:17',	21),
(1721,	'APAL-88722',	'Approval Ticket # APAL-88722',	8,	353,	21,	'2020-12-15',	'2020-12-15 09:30:17',	21),
(1722,	'APAL-18820',	'Approval Ticket # APAL-18820',	8,	353,	21,	'2020-12-15',	'2020-12-15 09:30:17',	21),
(1723,	'APAL-9791',	'Approval Ticket # APAL-9791',	8,	353,	21,	'2020-12-15',	'2020-12-15 09:30:17',	21),
(1724,	'APAL-77683',	'Approval Ticket # APAL-77683',	8,	353,	21,	'2020-12-15',	'2020-12-15 09:30:17',	21),
(1725,	'APAL-55279',	'Approval Ticket # APAL-55279',	8,	353,	21,	'2020-12-15',	'2020-12-15 09:30:17',	21),
(1726,	'APAL-46849',	'Approval Ticket # APAL-46849',	8,	353,	21,	'2020-12-15',	'2020-12-15 09:30:17',	21),
(1727,	'APAL-51188',	'Approval Ticket # APAL-51188',	8,	353,	21,	'2020-12-15',	'2020-12-15 09:30:17',	21),
(1728,	'APAL-14535',	'Approval Ticket # APAL-14535',	8,	353,	21,	'2020-12-15',	'2020-12-15 09:30:17',	21),
(1729,	'APAL-52895',	'Approval Ticket # APAL-52895',	7,	348,	18,	'2020-12-15',	'2020-12-15 09:30:22',	18),
(1730,	'APAL-21958',	'Approval Ticket # APAL-21958',	8,	353,	18,	'2020-12-15',	'2020-12-15 09:30:22',	18),
(1731,	'APAL-65066',	'Approval Ticket # APAL-65066',	8,	353,	18,	'2020-12-15',	'2020-12-15 09:30:22',	18),
(1732,	'APAL-56689',	'Approval Ticket # APAL-56689',	8,	353,	18,	'2020-12-15',	'2020-12-15 09:30:22',	18),
(1733,	'APAL-22051',	'Approval Ticket # APAL-22051',	8,	353,	18,	'2020-12-15',	'2020-12-15 09:30:22',	18),
(1734,	'APAL-9010',	'Approval Ticket # APAL-9010',	8,	353,	18,	'2020-12-15',	'2020-12-15 09:30:22',	18),
(1735,	'APAL-17869',	'Approval Ticket # APAL-17869',	8,	353,	18,	'2020-12-15',	'2020-12-15 09:30:22',	18),
(1736,	'APAL-4296',	'Approval Ticket # APAL-4296',	8,	353,	18,	'2020-12-15',	'2020-12-15 09:30:22',	18),
(1737,	'APAL-87648',	'Approval Ticket # APAL-87648',	8,	353,	18,	'2020-12-15',	'2020-12-15 09:30:22',	18),
(1738,	'APAL-39092',	'Approval Ticket # APAL-39092',	8,	353,	18,	'2020-12-15',	'2020-12-15 09:30:22',	18),
(1739,	'APAL-26111',	'Approval Ticket # APAL-26111',	8,	353,	18,	'2020-12-15',	'2020-12-15 09:30:22',	18),
(1740,	'APAL-26532',	'Approval Ticket # APAL-26532',	8,	353,	18,	'2020-12-15',	'2020-12-15 09:30:22',	18),
(1741,	'APAL-70923',	'Approval Ticket # APAL-70923',	8,	353,	18,	'2020-12-15',	'2020-12-15 09:30:22',	18),
(1742,	'APAL-58810',	'Approval Ticket # APAL-58810',	7,	348,	31,	'2020-12-15',	'2020-12-15 09:30:24',	31),
(1743,	'APAL-20946',	'Approval Ticket # APAL-20946',	8,	353,	31,	'2020-12-15',	'2020-12-15 09:30:24',	31),
(1744,	'APAL-75282',	'Approval Ticket # APAL-75282',	8,	353,	31,	'2020-12-15',	'2020-12-15 09:30:24',	31),
(1745,	'APAL-10077',	'Approval Ticket # APAL-10077',	8,	353,	31,	'2020-12-15',	'2020-12-15 09:30:24',	31),
(1746,	'APAL-24146',	'Approval Ticket # APAL-24146',	8,	353,	31,	'2020-12-15',	'2020-12-15 09:30:24',	31),
(1747,	'APAL-19069',	'Approval Ticket # APAL-19069',	8,	353,	31,	'2020-12-15',	'2020-12-15 09:30:24',	31),
(1748,	'APAL-81608',	'Approval Ticket # APAL-81608',	8,	353,	31,	'2020-12-15',	'2020-12-15 09:30:24',	31),
(1749,	'APAL-42394',	'Approval Ticket # APAL-42394',	8,	353,	31,	'2020-12-15',	'2020-12-15 09:30:24',	31),
(1750,	'APAL-73122',	'Approval Ticket # APAL-73122',	8,	353,	31,	'2020-12-15',	'2020-12-15 09:30:24',	31),
(1751,	'APAL-2978',	'Approval Ticket # APAL-2978',	8,	353,	31,	'2020-12-15',	'2020-12-15 09:30:24',	31),
(1752,	'APAL-81527',	'Approval Ticket # APAL-81527',	8,	353,	31,	'2020-12-15',	'2020-12-15 09:30:24',	31),
(1753,	'APAL-31585',	'Approval Ticket # APAL-31585',	8,	353,	31,	'2020-12-15',	'2020-12-15 09:30:24',	31),
(1754,	'APAL-59430',	'Approval Ticket # APAL-59430',	8,	353,	31,	'2020-12-15',	'2020-12-15 09:30:24',	31),
(1755,	'APAL-36951',	'Approval Ticket # APAL-36951',	7,	348,	22,	'2020-12-15',	'2020-12-15 09:30:29',	22),
(1756,	'APAL-63998',	'Approval Ticket # APAL-63998',	8,	353,	22,	'2020-12-15',	'2020-12-15 09:30:29',	22),
(1757,	'APAL-71038',	'Approval Ticket # APAL-71038',	8,	353,	22,	'2020-12-15',	'2020-12-15 09:30:29',	22),
(1758,	'APAL-81192',	'Approval Ticket # APAL-81192',	8,	353,	22,	'2020-12-15',	'2020-12-15 09:30:29',	22),
(1759,	'APAL-5775',	'Approval Ticket # APAL-5775',	8,	353,	22,	'2020-12-15',	'2020-12-15 09:30:29',	22),
(1760,	'APAL-2730',	'Approval Ticket # APAL-2730',	8,	353,	22,	'2020-12-15',	'2020-12-15 09:30:29',	22),
(1761,	'APAL-24984',	'Approval Ticket # APAL-24984',	8,	353,	22,	'2020-12-15',	'2020-12-15 09:30:29',	22),
(1762,	'APAL-37975',	'Approval Ticket # APAL-37975',	8,	353,	22,	'2020-12-15',	'2020-12-15 09:30:29',	22),
(1763,	'APAL-66831',	'Approval Ticket # APAL-66831',	8,	353,	22,	'2020-12-15',	'2020-12-15 09:30:29',	22),
(1764,	'APAL-28850',	'Approval Ticket # APAL-28850',	8,	353,	22,	'2020-12-15',	'2020-12-15 09:30:29',	22),
(1765,	'APAL-69027',	'Approval Ticket # APAL-69027',	8,	353,	22,	'2020-12-15',	'2020-12-15 09:30:29',	22),
(1766,	'APAL-51996',	'Approval Ticket # APAL-51996',	8,	353,	22,	'2020-12-15',	'2020-12-15 09:30:29',	22),
(1767,	'APAL-85125',	'Approval Ticket # APAL-85125',	8,	353,	22,	'2020-12-15',	'2020-12-15 09:30:29',	22),
(1768,	'APAL-13177',	'Approval Ticket # APAL-13177',	7,	348,	37,	'2020-12-15',	'2020-12-15 09:30:46',	37),
(1769,	'APAL-55428',	'Approval Ticket # APAL-55428',	8,	353,	37,	'2020-12-15',	'2020-12-15 09:30:46',	37),
(1770,	'APAL-54875',	'Approval Ticket # APAL-54875',	8,	353,	37,	'2020-12-15',	'2020-12-15 09:30:46',	37),
(1771,	'APAL-27252',	'Approval Ticket # APAL-27252',	8,	353,	37,	'2020-12-15',	'2020-12-15 09:30:46',	37),
(1772,	'APAL-58256',	'Approval Ticket # APAL-58256',	8,	353,	37,	'2020-12-15',	'2020-12-15 09:30:46',	37),
(1773,	'APAL-11061',	'Approval Ticket # APAL-11061',	8,	353,	37,	'2020-12-15',	'2020-12-15 09:30:46',	37),
(1774,	'APAL-11890',	'Approval Ticket # APAL-11890',	8,	353,	37,	'2020-12-15',	'2020-12-15 09:30:46',	37),
(1775,	'APAL-68263',	'Approval Ticket # APAL-68263',	8,	353,	37,	'2020-12-15',	'2020-12-15 09:30:46',	37),
(1776,	'APAL-19039',	'Approval Ticket # APAL-19039',	8,	353,	37,	'2020-12-15',	'2020-12-15 09:30:46',	37),
(1777,	'APAL-23323',	'Approval Ticket # APAL-23323',	8,	353,	37,	'2020-12-15',	'2020-12-15 09:30:46',	37),
(1778,	'APAL-43667',	'Approval Ticket # APAL-43667',	8,	353,	37,	'2020-12-15',	'2020-12-15 09:30:46',	37),
(1779,	'APAL-35703',	'Approval Ticket # APAL-35703',	8,	353,	37,	'2020-12-15',	'2020-12-15 09:30:46',	37),
(1780,	'APAL-26340',	'Approval Ticket # APAL-26340',	8,	353,	37,	'2020-12-15',	'2020-12-15 09:30:46',	37),
(1781,	'APAL-49719',	'Approval Ticket # APAL-49719',	7,	348,	40,	'2020-12-15',	'2020-12-15 09:31:01',	40),
(1782,	'APAL-86272',	'Approval Ticket # APAL-86272',	8,	353,	40,	'2020-12-15',	'2020-12-15 09:31:01',	40),
(1783,	'APAL-30510',	'Approval Ticket # APAL-30510',	8,	353,	40,	'2020-12-15',	'2020-12-15 09:31:01',	40),
(1784,	'APAL-32858',	'Approval Ticket # APAL-32858',	8,	353,	40,	'2020-12-15',	'2020-12-15 09:31:01',	40),
(1785,	'APAL-28829',	'Approval Ticket # APAL-28829',	8,	353,	40,	'2020-12-15',	'2020-12-15 09:31:01',	40),
(1786,	'APAL-37108',	'Approval Ticket # APAL-37108',	8,	353,	40,	'2020-12-15',	'2020-12-15 09:31:01',	40),
(1787,	'APAL-6309',	'Approval Ticket # APAL-6309',	8,	353,	40,	'2020-12-15',	'2020-12-15 09:31:01',	40),
(1788,	'APAL-13530',	'Approval Ticket # APAL-13530',	8,	353,	40,	'2020-12-15',	'2020-12-15 09:31:01',	40),
(1789,	'APAL-88692',	'Approval Ticket # APAL-88692',	8,	353,	40,	'2020-12-15',	'2020-12-15 09:31:01',	40),
(1790,	'APAL-53865',	'Approval Ticket # APAL-53865',	8,	353,	40,	'2020-12-15',	'2020-12-15 09:31:01',	40),
(1791,	'APAL-67378',	'Approval Ticket # APAL-67378',	8,	353,	40,	'2020-12-15',	'2020-12-15 09:31:01',	40),
(1792,	'APAL-57750',	'Approval Ticket # APAL-57750',	8,	353,	40,	'2020-12-15',	'2020-12-15 09:31:01',	40),
(1793,	'APAL-10194',	'Approval Ticket # APAL-10194',	8,	353,	40,	'2020-12-15',	'2020-12-15 09:31:01',	40),
(1794,	'APAL-76828',	'Approval Ticket # APAL-76828',	7,	348,	34,	'2020-12-15',	'2020-12-15 09:31:06',	34),
(1795,	'APAL-52347',	'Approval Ticket # APAL-52347',	8,	353,	34,	'2020-12-15',	'2020-12-15 09:31:06',	34),
(1796,	'APAL-16100',	'Approval Ticket # APAL-16100',	8,	353,	34,	'2020-12-15',	'2020-12-15 09:31:06',	34),
(1797,	'APAL-22481',	'Approval Ticket # APAL-22481',	8,	353,	34,	'2020-12-15',	'2020-12-15 09:31:06',	34),
(1798,	'APAL-40535',	'Approval Ticket # APAL-40535',	8,	353,	34,	'2020-12-15',	'2020-12-15 09:31:06',	34),
(1799,	'APAL-79349',	'Approval Ticket # APAL-79349',	8,	353,	34,	'2020-12-15',	'2020-12-15 09:31:06',	34),
(1800,	'APAL-73857',	'Approval Ticket # APAL-73857',	8,	353,	34,	'2020-12-15',	'2020-12-15 09:31:06',	34),
(1801,	'APAL-37020',	'Approval Ticket # APAL-37020',	8,	353,	34,	'2020-12-15',	'2020-12-15 09:31:06',	34),
(1802,	'APAL-81801',	'Approval Ticket # APAL-81801',	8,	353,	34,	'2020-12-15',	'2020-12-15 09:31:06',	34),
(1803,	'APAL-84863',	'Approval Ticket # APAL-84863',	8,	353,	34,	'2020-12-15',	'2020-12-15 09:31:06',	34),
(1804,	'APAL-45202',	'Approval Ticket # APAL-45202',	8,	353,	34,	'2020-12-15',	'2020-12-15 09:31:06',	34),
(1805,	'APAL-13527',	'Approval Ticket # APAL-13527',	8,	353,	34,	'2020-12-15',	'2020-12-15 09:31:06',	34),
(1806,	'APAL-19519',	'Approval Ticket # APAL-19519',	8,	353,	34,	'2020-12-15',	'2020-12-15 09:31:06',	34),
(1807,	'APAL-29878',	'Approval Ticket # APAL-29878',	7,	348,	24,	'2020-12-15',	'2020-12-15 09:31:11',	24),
(1808,	'APAL-16206',	'Approval Ticket # APAL-16206',	8,	353,	24,	'2020-12-15',	'2020-12-15 09:31:11',	24),
(1809,	'APAL-70557',	'Approval Ticket # APAL-70557',	8,	353,	24,	'2020-12-15',	'2020-12-15 09:31:11',	24),
(1810,	'APAL-74085',	'Approval Ticket # APAL-74085',	8,	353,	24,	'2020-12-15',	'2020-12-15 09:31:11',	24),
(1811,	'APAL-33742',	'Approval Ticket # APAL-33742',	8,	353,	24,	'2020-12-15',	'2020-12-15 09:31:11',	24),
(1812,	'APAL-75774',	'Approval Ticket # APAL-75774',	8,	353,	24,	'2020-12-15',	'2020-12-15 09:31:11',	24),
(1813,	'APAL-67982',	'Approval Ticket # APAL-67982',	8,	353,	24,	'2020-12-15',	'2020-12-15 09:31:11',	24),
(1814,	'APAL-17487',	'Approval Ticket # APAL-17487',	8,	353,	24,	'2020-12-15',	'2020-12-15 09:31:11',	24),
(1815,	'APAL-43435',	'Approval Ticket # APAL-43435',	8,	353,	24,	'2020-12-15',	'2020-12-15 09:31:11',	24),
(1816,	'APAL-68622',	'Approval Ticket # APAL-68622',	8,	353,	24,	'2020-12-15',	'2020-12-15 09:31:11',	24),
(1817,	'APAL-69068',	'Approval Ticket # APAL-69068',	8,	353,	24,	'2020-12-15',	'2020-12-15 09:31:11',	24),
(1818,	'APAL-39292',	'Approval Ticket # APAL-39292',	8,	353,	24,	'2020-12-15',	'2020-12-15 09:31:11',	24),
(1819,	'APAL-17633',	'Approval Ticket # APAL-17633',	8,	353,	24,	'2020-12-15',	'2020-12-15 09:31:11',	24),
(1820,	'APAL-62894',	'Approval Ticket # APAL-62894',	7,	348,	17,	'2020-12-15',	'2020-12-15 09:31:24',	17),
(1821,	'APAL-62262',	'Approval Ticket # APAL-62262',	8,	353,	17,	'2020-12-15',	'2020-12-15 09:31:24',	17),
(1822,	'APAL-63266',	'Approval Ticket # APAL-63266',	8,	353,	17,	'2020-12-15',	'2020-12-15 09:31:24',	17),
(1823,	'APAL-61035',	'Approval Ticket # APAL-61035',	8,	353,	17,	'2020-12-15',	'2020-12-15 09:31:24',	17),
(1824,	'APAL-13159',	'Approval Ticket # APAL-13159',	8,	353,	17,	'2020-12-15',	'2020-12-15 09:31:24',	17),
(1825,	'APAL-79942',	'Approval Ticket # APAL-79942',	8,	353,	17,	'2020-12-15',	'2020-12-15 09:31:24',	17),
(1826,	'APAL-33082',	'Approval Ticket # APAL-33082',	8,	353,	17,	'2020-12-15',	'2020-12-15 09:31:24',	17),
(1827,	'APAL-31496',	'Approval Ticket # APAL-31496',	8,	353,	17,	'2020-12-15',	'2020-12-15 09:31:24',	17),
(1828,	'APAL-63120',	'Approval Ticket # APAL-63120',	8,	353,	17,	'2020-12-15',	'2020-12-15 09:31:24',	17),
(1829,	'APAL-10933',	'Approval Ticket # APAL-10933',	8,	353,	17,	'2020-12-15',	'2020-12-15 09:31:24',	17),
(1830,	'APAL-61414',	'Approval Ticket # APAL-61414',	8,	353,	17,	'2020-12-15',	'2020-12-15 09:31:24',	17),
(1831,	'APAL-23368',	'Approval Ticket # APAL-23368',	8,	353,	17,	'2020-12-15',	'2020-12-15 09:31:24',	17),
(1832,	'APAL-3911',	'Approval Ticket # APAL-3911',	8,	353,	17,	'2020-12-15',	'2020-12-15 09:31:24',	17),
(1833,	'APAL-79129',	'Approval Ticket # APAL-79129',	7,	348,	35,	'2020-12-15',	'2020-12-15 09:31:42',	35),
(1834,	'APAL-40551',	'Approval Ticket # APAL-40551',	8,	353,	35,	'2020-12-15',	'2020-12-15 09:31:42',	35),
(1835,	'APAL-5341',	'Approval Ticket # APAL-5341',	8,	353,	35,	'2020-12-15',	'2020-12-15 09:31:42',	35),
(1836,	'APAL-68181',	'Approval Ticket # APAL-68181',	8,	353,	35,	'2020-12-15',	'2020-12-15 09:31:42',	35),
(1837,	'APAL-54819',	'Approval Ticket # APAL-54819',	8,	353,	35,	'2020-12-15',	'2020-12-15 09:31:42',	35),
(1838,	'APAL-20507',	'Approval Ticket # APAL-20507',	8,	353,	35,	'2020-12-15',	'2020-12-15 09:31:42',	35),
(1839,	'APAL-24250',	'Approval Ticket # APAL-24250',	8,	353,	35,	'2020-12-15',	'2020-12-15 09:31:42',	35),
(1840,	'APAL-26663',	'Approval Ticket # APAL-26663',	8,	353,	35,	'2020-12-15',	'2020-12-15 09:31:42',	35),
(1841,	'APAL-84023',	'Approval Ticket # APAL-84023',	8,	353,	35,	'2020-12-15',	'2020-12-15 09:31:42',	35),
(1842,	'APAL-64684',	'Approval Ticket # APAL-64684',	8,	353,	35,	'2020-12-15',	'2020-12-15 09:31:42',	35),
(1843,	'APAL-29386',	'Approval Ticket # APAL-29386',	8,	353,	35,	'2020-12-15',	'2020-12-15 09:31:42',	35),
(1844,	'APAL-45199',	'Approval Ticket # APAL-45199',	8,	353,	35,	'2020-12-15',	'2020-12-15 09:31:42',	35),
(1845,	'APAL-82734',	'Approval Ticket # APAL-82734',	8,	353,	35,	'2020-12-15',	'2020-12-15 09:31:42',	35),
(1846,	'APAL-18730',	'Approval Ticket # APAL-18730',	7,	348,	23,	'2020-12-15',	'2020-12-15 09:31:45',	23),
(1847,	'APAL-89504',	'Approval Ticket # APAL-89504',	8,	353,	23,	'2020-12-15',	'2020-12-15 09:31:45',	23),
(1848,	'APAL-17927',	'Approval Ticket # APAL-17927',	8,	353,	23,	'2020-12-15',	'2020-12-15 09:31:45',	23),
(1849,	'APAL-80821',	'Approval Ticket # APAL-80821',	8,	353,	23,	'2020-12-15',	'2020-12-15 09:31:45',	23),
(1850,	'APAL-31215',	'Approval Ticket # APAL-31215',	8,	353,	23,	'2020-12-15',	'2020-12-15 09:31:45',	23),
(1851,	'APAL-20581',	'Approval Ticket # APAL-20581',	8,	353,	23,	'2020-12-15',	'2020-12-15 09:31:45',	23),
(1852,	'APAL-16974',	'Approval Ticket # APAL-16974',	8,	353,	23,	'2020-12-15',	'2020-12-15 09:31:45',	23),
(1853,	'APAL-66554',	'Approval Ticket # APAL-66554',	8,	353,	23,	'2020-12-15',	'2020-12-15 09:31:45',	23),
(1854,	'APAL-5765',	'Approval Ticket # APAL-5765',	8,	353,	23,	'2020-12-15',	'2020-12-15 09:31:45',	23),
(1855,	'APAL-37158',	'Approval Ticket # APAL-37158',	8,	353,	23,	'2020-12-15',	'2020-12-15 09:31:45',	23),
(1856,	'APAL-5373',	'Approval Ticket # APAL-5373',	8,	353,	23,	'2020-12-15',	'2020-12-15 09:31:45',	23),
(1857,	'APAL-43247',	'Approval Ticket # APAL-43247',	8,	353,	23,	'2020-12-15',	'2020-12-15 09:31:45',	23),
(1858,	'APAL-62517',	'Approval Ticket # APAL-62517',	8,	353,	23,	'2020-12-15',	'2020-12-15 09:31:45',	23),
(1859,	'APAL-54138',	'Approval Ticket # APAL-54138',	7,	348,	39,	'2020-12-15',	'2020-12-15 09:31:58',	39),
(1860,	'APAL-89629',	'Approval Ticket # APAL-89629',	8,	353,	39,	'2020-12-15',	'2020-12-15 09:31:58',	39),
(1861,	'APAL-27399',	'Approval Ticket # APAL-27399',	8,	353,	39,	'2020-12-15',	'2020-12-15 09:31:58',	39),
(1862,	'APAL-4153',	'Approval Ticket # APAL-4153',	8,	353,	39,	'2020-12-15',	'2020-12-15 09:31:59',	39),
(1863,	'APAL-27387',	'Approval Ticket # APAL-27387',	8,	353,	39,	'2020-12-15',	'2020-12-15 09:31:59',	39),
(1864,	'APAL-24183',	'Approval Ticket # APAL-24183',	8,	353,	39,	'2020-12-15',	'2020-12-15 09:31:59',	39),
(1865,	'APAL-46251',	'Approval Ticket # APAL-46251',	8,	353,	39,	'2020-12-15',	'2020-12-15 09:31:59',	39),
(1866,	'APAL-58014',	'Approval Ticket # APAL-58014',	8,	353,	39,	'2020-12-15',	'2020-12-15 09:31:59',	39),
(1867,	'APAL-81205',	'Approval Ticket # APAL-81205',	8,	353,	39,	'2020-12-15',	'2020-12-15 09:31:59',	39),
(1868,	'APAL-12868',	'Approval Ticket # APAL-12868',	8,	353,	39,	'2020-12-15',	'2020-12-15 09:31:59',	39),
(1869,	'APAL-7759',	'Approval Ticket # APAL-7759',	8,	353,	39,	'2020-12-15',	'2020-12-15 09:31:59',	39),
(1870,	'APAL-8955',	'Approval Ticket # APAL-8955',	8,	353,	39,	'2020-12-15',	'2020-12-15 09:31:59',	39),
(1871,	'APAL-43154',	'Approval Ticket # APAL-43154',	8,	353,	39,	'2020-12-15',	'2020-12-15 09:31:59',	39),
(1872,	'APAL-53173',	'Approval Ticket # APAL-53173',	7,	348,	30,	'2020-12-15',	'2020-12-15 09:32:24',	30),
(1873,	'APAL-8205',	'Approval Ticket # APAL-8205',	8,	353,	30,	'2020-12-15',	'2020-12-15 09:32:24',	30),
(1874,	'APAL-72346',	'Approval Ticket # APAL-72346',	8,	353,	30,	'2020-12-15',	'2020-12-15 09:32:24',	30),
(1875,	'APAL-79618',	'Approval Ticket # APAL-79618',	8,	353,	30,	'2020-12-15',	'2020-12-15 09:32:24',	30),
(1876,	'APAL-74844',	'Approval Ticket # APAL-74844',	8,	353,	30,	'2020-12-15',	'2020-12-15 09:32:24',	30),
(1877,	'APAL-77271',	'Approval Ticket # APAL-77271',	8,	353,	30,	'2020-12-15',	'2020-12-15 09:32:24',	30),
(1878,	'APAL-46560',	'Approval Ticket # APAL-46560',	8,	353,	30,	'2020-12-15',	'2020-12-15 09:32:24',	30),
(1879,	'APAL-64571',	'Approval Ticket # APAL-64571',	8,	353,	30,	'2020-12-15',	'2020-12-15 09:32:24',	30),
(1880,	'APAL-4652',	'Approval Ticket # APAL-4652',	8,	353,	30,	'2020-12-15',	'2020-12-15 09:32:24',	30),
(1881,	'APAL-83479',	'Approval Ticket # APAL-83479',	8,	353,	30,	'2020-12-15',	'2020-12-15 09:32:24',	30),
(1882,	'APAL-31455',	'Approval Ticket # APAL-31455',	8,	353,	30,	'2020-12-15',	'2020-12-15 09:32:24',	30),
(1883,	'APAL-52828',	'Approval Ticket # APAL-52828',	8,	353,	30,	'2020-12-15',	'2020-12-15 09:32:24',	30),
(1884,	'APAL-52223',	'Approval Ticket # APAL-52223',	8,	353,	30,	'2020-12-15',	'2020-12-15 09:32:24',	30),
(1885,	'APAL-37913',	'Approval Ticket # APAL-37913',	7,	348,	18,	'2020-12-15',	'2020-12-15 09:32:28',	18),
(1886,	'APAL-72095',	'Approval Ticket # APAL-72095',	8,	353,	18,	'2020-12-15',	'2020-12-15 09:32:28',	18),
(1887,	'APAL-70130',	'Approval Ticket # APAL-70130',	8,	353,	18,	'2020-12-15',	'2020-12-15 09:32:28',	18),
(1888,	'APAL-13771',	'Approval Ticket # APAL-13771',	8,	353,	18,	'2020-12-15',	'2020-12-15 09:32:28',	18),
(1889,	'APAL-72684',	'Approval Ticket # APAL-72684',	8,	353,	18,	'2020-12-15',	'2020-12-15 09:32:28',	18),
(1890,	'APAL-59553',	'Approval Ticket # APAL-59553',	8,	353,	18,	'2020-12-15',	'2020-12-15 09:32:28',	18),
(1891,	'APAL-64320',	'Approval Ticket # APAL-64320',	8,	353,	18,	'2020-12-15',	'2020-12-15 09:32:28',	18),
(1892,	'APAL-5097',	'Approval Ticket # APAL-5097',	8,	353,	18,	'2020-12-15',	'2020-12-15 09:32:28',	18),
(1893,	'APAL-17723',	'Approval Ticket # APAL-17723',	8,	353,	18,	'2020-12-15',	'2020-12-15 09:32:28',	18),
(1894,	'APAL-50038',	'Approval Ticket # APAL-50038',	8,	353,	18,	'2020-12-15',	'2020-12-15 09:32:28',	18),
(1895,	'APAL-68841',	'Approval Ticket # APAL-68841',	8,	353,	18,	'2020-12-15',	'2020-12-15 09:32:28',	18),
(1896,	'APAL-60498',	'Approval Ticket # APAL-60498',	8,	353,	18,	'2020-12-15',	'2020-12-15 09:32:28',	18),
(1897,	'APAL-69585',	'Approval Ticket # APAL-69585',	8,	353,	18,	'2020-12-15',	'2020-12-15 09:32:28',	18),
(1898,	'APAL-15123',	'Approval Ticket # APAL-15123',	7,	348,	17,	'2020-12-15',	'2020-12-15 09:33:09',	17),
(1899,	'APAL-34189',	'Approval Ticket # APAL-34189',	8,	353,	17,	'2020-12-15',	'2020-12-15 09:33:09',	17),
(1900,	'APAL-76770',	'Approval Ticket # APAL-76770',	8,	353,	17,	'2020-12-15',	'2020-12-15 09:33:09',	17),
(1901,	'APAL-86617',	'Approval Ticket # APAL-86617',	8,	353,	17,	'2020-12-15',	'2020-12-15 09:33:09',	17),
(1902,	'APAL-35577',	'Approval Ticket # APAL-35577',	8,	353,	17,	'2020-12-15',	'2020-12-15 09:33:09',	17),
(1903,	'APAL-3972',	'Approval Ticket # APAL-3972',	8,	353,	17,	'2020-12-15',	'2020-12-15 09:33:09',	17),
(1904,	'APAL-40799',	'Approval Ticket # APAL-40799',	8,	353,	17,	'2020-12-15',	'2020-12-15 09:33:09',	17),
(1905,	'APAL-27863',	'Approval Ticket # APAL-27863',	8,	353,	17,	'2020-12-15',	'2020-12-15 09:33:09',	17),
(1906,	'APAL-68759',	'Approval Ticket # APAL-68759',	8,	353,	17,	'2020-12-15',	'2020-12-15 09:33:09',	17),
(1907,	'APAL-55413',	'Approval Ticket # APAL-55413',	8,	353,	17,	'2020-12-15',	'2020-12-15 09:33:09',	17),
(1908,	'APAL-18150',	'Approval Ticket # APAL-18150',	8,	353,	17,	'2020-12-15',	'2020-12-15 09:33:09',	17),
(1909,	'APAL-4342',	'Approval Ticket # APAL-4342',	8,	353,	17,	'2020-12-15',	'2020-12-15 09:33:09',	17),
(1910,	'APAL-71524',	'Approval Ticket # APAL-71524',	8,	353,	17,	'2020-12-15',	'2020-12-15 09:33:09',	17),
(1911,	'APAL-49051',	'Approval Ticket # APAL-49051',	7,	348,	31,	'2020-12-15',	'2020-12-15 09:33:16',	31),
(1912,	'APAL-36769',	'Approval Ticket # APAL-36769',	8,	353,	31,	'2020-12-15',	'2020-12-15 09:33:16',	31),
(1913,	'APAL-73102',	'Approval Ticket # APAL-73102',	8,	353,	31,	'2020-12-15',	'2020-12-15 09:33:16',	31),
(1914,	'APAL-51680',	'Approval Ticket # APAL-51680',	8,	353,	31,	'2020-12-15',	'2020-12-15 09:33:16',	31),
(1915,	'APAL-20986',	'Approval Ticket # APAL-20986',	8,	353,	31,	'2020-12-15',	'2020-12-15 09:33:16',	31),
(1916,	'APAL-88631',	'Approval Ticket # APAL-88631',	8,	353,	31,	'2020-12-15',	'2020-12-15 09:33:16',	31),
(1917,	'APAL-87999',	'Approval Ticket # APAL-87999',	8,	353,	31,	'2020-12-15',	'2020-12-15 09:33:16',	31),
(1918,	'APAL-2043',	'Approval Ticket # APAL-2043',	8,	353,	31,	'2020-12-15',	'2020-12-15 09:33:16',	31),
(1919,	'APAL-74479',	'Approval Ticket # APAL-74479',	8,	353,	31,	'2020-12-15',	'2020-12-15 09:33:16',	31),
(1920,	'APAL-14200',	'Approval Ticket # APAL-14200',	8,	353,	31,	'2020-12-15',	'2020-12-15 09:33:16',	31),
(1921,	'APAL-81449',	'Approval Ticket # APAL-81449',	8,	353,	31,	'2020-12-15',	'2020-12-15 09:33:16',	31),
(1922,	'APAL-31498',	'Approval Ticket # APAL-31498',	8,	353,	31,	'2020-12-15',	'2020-12-15 09:33:16',	31),
(1923,	'APAL-60322',	'Approval Ticket # APAL-60322',	8,	353,	31,	'2020-12-15',	'2020-12-15 09:33:16',	31),
(1924,	'APAL-8546',	'Approval Ticket # APAL-8546',	7,	348,	19,	'2020-12-15',	'2020-12-15 09:33:19',	19),
(1925,	'APAL-28240',	'Approval Ticket # APAL-28240',	8,	353,	19,	'2020-12-15',	'2020-12-15 09:33:19',	19),
(1926,	'APAL-16975',	'Approval Ticket # APAL-16975',	8,	353,	19,	'2020-12-15',	'2020-12-15 09:33:19',	19),
(1927,	'APAL-7369',	'Approval Ticket # APAL-7369',	8,	353,	19,	'2020-12-15',	'2020-12-15 09:33:19',	19),
(1928,	'APAL-26676',	'Approval Ticket # APAL-26676',	8,	353,	19,	'2020-12-15',	'2020-12-15 09:33:19',	19),
(1929,	'APAL-13556',	'Approval Ticket # APAL-13556',	8,	353,	19,	'2020-12-15',	'2020-12-15 09:33:19',	19),
(1930,	'APAL-54665',	'Approval Ticket # APAL-54665',	8,	353,	19,	'2020-12-15',	'2020-12-15 09:33:19',	19),
(1931,	'APAL-64723',	'Approval Ticket # APAL-64723',	8,	353,	19,	'2020-12-15',	'2020-12-15 09:33:19',	19),
(1932,	'APAL-33084',	'Approval Ticket # APAL-33084',	8,	353,	19,	'2020-12-15',	'2020-12-15 09:33:19',	19),
(1933,	'APAL-87471',	'Approval Ticket # APAL-87471',	8,	353,	19,	'2020-12-15',	'2020-12-15 09:33:19',	19),
(1934,	'APAL-33997',	'Approval Ticket # APAL-33997',	8,	353,	19,	'2020-12-15',	'2020-12-15 09:33:19',	19),
(1935,	'APAL-43146',	'Approval Ticket # APAL-43146',	8,	353,	19,	'2020-12-15',	'2020-12-15 09:33:19',	19),
(1936,	'APAL-22845',	'Approval Ticket # APAL-22845',	8,	353,	19,	'2020-12-15',	'2020-12-15 09:33:19',	19),
(1937,	'APAL-77848',	'Approval Ticket # APAL-77848',	7,	348,	34,	'2020-12-15',	'2020-12-15 09:33:20',	34),
(1938,	'APAL-61942',	'Approval Ticket # APAL-61942',	8,	353,	34,	'2020-12-15',	'2020-12-15 09:33:20',	34),
(1939,	'APAL-30409',	'Approval Ticket # APAL-30409',	8,	353,	34,	'2020-12-15',	'2020-12-15 09:33:20',	34),
(1940,	'APAL-71812',	'Approval Ticket # APAL-71812',	8,	353,	34,	'2020-12-15',	'2020-12-15 09:33:20',	34),
(1941,	'APAL-9883',	'Approval Ticket # APAL-9883',	8,	353,	34,	'2020-12-15',	'2020-12-15 09:33:20',	34),
(1942,	'APAL-30354',	'Approval Ticket # APAL-30354',	8,	353,	34,	'2020-12-15',	'2020-12-15 09:33:20',	34),
(1943,	'APAL-31064',	'Approval Ticket # APAL-31064',	8,	353,	34,	'2020-12-15',	'2020-12-15 09:33:20',	34),
(1944,	'APAL-76692',	'Approval Ticket # APAL-76692',	8,	353,	34,	'2020-12-15',	'2020-12-15 09:33:20',	34),
(1945,	'APAL-85678',	'Approval Ticket # APAL-85678',	8,	353,	34,	'2020-12-15',	'2020-12-15 09:33:20',	34),
(1946,	'APAL-43431',	'Approval Ticket # APAL-43431',	8,	353,	34,	'2020-12-15',	'2020-12-15 09:33:20',	34),
(1947,	'APAL-66400',	'Approval Ticket # APAL-66400',	8,	353,	34,	'2020-12-15',	'2020-12-15 09:33:20',	34),
(1948,	'APAL-40446',	'Approval Ticket # APAL-40446',	8,	353,	34,	'2020-12-15',	'2020-12-15 09:33:20',	34),
(1949,	'APAL-59095',	'Approval Ticket # APAL-59095',	8,	353,	34,	'2020-12-15',	'2020-12-15 09:33:20',	34),
(1950,	'APAL-41218',	'Approval Ticket # APAL-41218',	7,	348,	23,	'2020-12-15',	'2020-12-15 09:33:52',	23),
(1951,	'APAL-84677',	'Approval Ticket # APAL-84677',	8,	353,	23,	'2020-12-15',	'2020-12-15 09:33:52',	23),
(1952,	'APAL-29450',	'Approval Ticket # APAL-29450',	8,	353,	23,	'2020-12-15',	'2020-12-15 09:33:52',	23),
(1953,	'APAL-77836',	'Approval Ticket # APAL-77836',	8,	353,	23,	'2020-12-15',	'2020-12-15 09:33:52',	23),
(1954,	'APAL-52367',	'Approval Ticket # APAL-52367',	8,	353,	23,	'2020-12-15',	'2020-12-15 09:33:52',	23),
(1955,	'APAL-10922',	'Approval Ticket # APAL-10922',	8,	353,	23,	'2020-12-15',	'2020-12-15 09:33:52',	23),
(1956,	'APAL-73570',	'Approval Ticket # APAL-73570',	8,	353,	23,	'2020-12-15',	'2020-12-15 09:33:52',	23),
(1957,	'APAL-45998',	'Approval Ticket # APAL-45998',	8,	353,	23,	'2020-12-15',	'2020-12-15 09:33:52',	23),
(1958,	'APAL-67272',	'Approval Ticket # APAL-67272',	8,	353,	23,	'2020-12-15',	'2020-12-15 09:33:52',	23),
(1959,	'APAL-82645',	'Approval Ticket # APAL-82645',	8,	353,	23,	'2020-12-15',	'2020-12-15 09:33:52',	23),
(1960,	'APAL-88564',	'Approval Ticket # APAL-88564',	8,	353,	23,	'2020-12-15',	'2020-12-15 09:33:52',	23),
(1961,	'APAL-24337',	'Approval Ticket # APAL-24337',	8,	353,	23,	'2020-12-15',	'2020-12-15 09:33:52',	23),
(1962,	'APAL-38783',	'Approval Ticket # APAL-38783',	8,	353,	23,	'2020-12-15',	'2020-12-15 09:33:52',	23),
(1963,	'APAL-53634',	'Approval Ticket # APAL-53634',	7,	348,	12,	'2020-12-15',	'2020-12-15 09:33:58',	12),
(1964,	'APAL-77287',	'Approval Ticket # APAL-77287',	8,	353,	12,	'2020-12-15',	'2020-12-15 09:33:58',	12),
(1965,	'APAL-71122',	'Approval Ticket # APAL-71122',	8,	353,	12,	'2020-12-15',	'2020-12-15 09:33:58',	12),
(1966,	'APAL-4664',	'Approval Ticket # APAL-4664',	8,	353,	12,	'2020-12-15',	'2020-12-15 09:33:58',	12),
(1967,	'APAL-12800',	'Approval Ticket # APAL-12800',	8,	353,	12,	'2020-12-15',	'2020-12-15 09:33:58',	12),
(1968,	'APAL-13707',	'Approval Ticket # APAL-13707',	8,	353,	12,	'2020-12-15',	'2020-12-15 09:33:58',	12),
(1969,	'APAL-14549',	'Approval Ticket # APAL-14549',	8,	353,	12,	'2020-12-15',	'2020-12-15 09:33:58',	12),
(1970,	'APAL-56846',	'Approval Ticket # APAL-56846',	8,	353,	12,	'2020-12-15',	'2020-12-15 09:33:58',	12),
(1971,	'APAL-75782',	'Approval Ticket # APAL-75782',	8,	353,	12,	'2020-12-15',	'2020-12-15 09:33:58',	12),
(1972,	'APAL-3080',	'Approval Ticket # APAL-3080',	8,	353,	12,	'2020-12-15',	'2020-12-15 09:33:58',	12),
(1973,	'APAL-48077',	'Approval Ticket # APAL-48077',	8,	353,	12,	'2020-12-15',	'2020-12-15 09:33:58',	12),
(1974,	'APAL-26333',	'Approval Ticket # APAL-26333',	8,	353,	12,	'2020-12-15',	'2020-12-15 09:33:58',	12),
(1975,	'APAL-12622',	'Approval Ticket # APAL-12622',	8,	353,	12,	'2020-12-15',	'2020-12-15 09:33:58',	12),
(1976,	'APAL-68893',	'Approval Ticket # APAL-68893',	7,	348,	39,	'2020-12-15',	'2020-12-15 09:34:14',	39),
(1977,	'APAL-8581',	'Approval Ticket # APAL-8581',	8,	353,	39,	'2020-12-15',	'2020-12-15 09:34:14',	39),
(1978,	'APAL-14825',	'Approval Ticket # APAL-14825',	8,	353,	39,	'2020-12-15',	'2020-12-15 09:34:14',	39),
(1979,	'APAL-51774',	'Approval Ticket # APAL-51774',	8,	353,	39,	'2020-12-15',	'2020-12-15 09:34:14',	39),
(1980,	'APAL-66386',	'Approval Ticket # APAL-66386',	8,	353,	39,	'2020-12-15',	'2020-12-15 09:34:14',	39),
(1981,	'APAL-82100',	'Approval Ticket # APAL-82100',	8,	353,	39,	'2020-12-15',	'2020-12-15 09:34:14',	39),
(1982,	'APAL-45660',	'Approval Ticket # APAL-45660',	8,	353,	39,	'2020-12-15',	'2020-12-15 09:34:14',	39),
(1983,	'APAL-89570',	'Approval Ticket # APAL-89570',	8,	353,	39,	'2020-12-15',	'2020-12-15 09:34:14',	39),
(1984,	'APAL-53186',	'Approval Ticket # APAL-53186',	8,	353,	39,	'2020-12-15',	'2020-12-15 09:34:14',	39),
(1985,	'APAL-34214',	'Approval Ticket # APAL-34214',	8,	353,	39,	'2020-12-15',	'2020-12-15 09:34:14',	39),
(1986,	'APAL-59650',	'Approval Ticket # APAL-59650',	8,	353,	39,	'2020-12-15',	'2020-12-15 09:34:14',	39),
(1987,	'APAL-87165',	'Approval Ticket # APAL-87165',	8,	353,	39,	'2020-12-15',	'2020-12-15 09:34:14',	39),
(1988,	'APAL-4015',	'Approval Ticket # APAL-4015',	8,	353,	39,	'2020-12-15',	'2020-12-15 09:34:14',	39),
(1989,	'APAL-16147',	'Approval Ticket # APAL-16147',	7,	348,	21,	'2020-12-15',	'2020-12-15 09:34:26',	21),
(1990,	'APAL-41521',	'Approval Ticket # APAL-41521',	8,	353,	21,	'2020-12-15',	'2020-12-15 09:34:26',	21),
(1991,	'APAL-76165',	'Approval Ticket # APAL-76165',	8,	353,	21,	'2020-12-15',	'2020-12-15 09:34:26',	21),
(1992,	'APAL-88679',	'Approval Ticket # APAL-88679',	8,	353,	21,	'2020-12-15',	'2020-12-15 09:34:26',	21),
(1993,	'APAL-30703',	'Approval Ticket # APAL-30703',	8,	353,	21,	'2020-12-15',	'2020-12-15 09:34:26',	21),
(1994,	'APAL-70489',	'Approval Ticket # APAL-70489',	8,	353,	21,	'2020-12-15',	'2020-12-15 09:34:26',	21),
(1995,	'APAL-53929',	'Approval Ticket # APAL-53929',	8,	353,	21,	'2020-12-15',	'2020-12-15 09:34:26',	21),
(1996,	'APAL-62825',	'Approval Ticket # APAL-62825',	8,	353,	21,	'2020-12-15',	'2020-12-15 09:34:26',	21),
(1997,	'APAL-14781',	'Approval Ticket # APAL-14781',	8,	353,	21,	'2020-12-15',	'2020-12-15 09:34:26',	21),
(1998,	'APAL-79279',	'Approval Ticket # APAL-79279',	8,	353,	21,	'2020-12-15',	'2020-12-15 09:34:26',	21),
(1999,	'APAL-19535',	'Approval Ticket # APAL-19535',	8,	353,	21,	'2020-12-15',	'2020-12-15 09:34:26',	21),
(2000,	'APAL-58822',	'Approval Ticket # APAL-58822',	8,	353,	21,	'2020-12-15',	'2020-12-15 09:34:26',	21),
(2001,	'APAL-85192',	'Approval Ticket # APAL-85192',	8,	353,	21,	'2020-12-15',	'2020-12-15 09:34:26',	21),
(2002,	'APAL-35424',	'Approval Ticket # APAL-35424',	7,	348,	38,	'2020-12-15',	'2020-12-15 09:34:29',	38),
(2003,	'APAL-10821',	'Approval Ticket # APAL-10821',	8,	353,	38,	'2020-12-15',	'2020-12-15 09:34:29',	38),
(2004,	'APAL-55354',	'Approval Ticket # APAL-55354',	8,	353,	38,	'2020-12-15',	'2020-12-15 09:34:29',	38),
(2005,	'APAL-25828',	'Approval Ticket # APAL-25828',	8,	353,	38,	'2020-12-15',	'2020-12-15 09:34:29',	38),
(2006,	'APAL-50890',	'Approval Ticket # APAL-50890',	8,	353,	38,	'2020-12-15',	'2020-12-15 09:34:29',	38),
(2007,	'APAL-23751',	'Approval Ticket # APAL-23751',	8,	353,	38,	'2020-12-15',	'2020-12-15 09:34:29',	38),
(2008,	'APAL-25216',	'Approval Ticket # APAL-25216',	8,	353,	38,	'2020-12-15',	'2020-12-15 09:34:29',	38),
(2009,	'APAL-46026',	'Approval Ticket # APAL-46026',	8,	353,	38,	'2020-12-15',	'2020-12-15 09:34:29',	38),
(2010,	'APAL-57362',	'Approval Ticket # APAL-57362',	8,	353,	38,	'2020-12-15',	'2020-12-15 09:34:29',	38),
(2011,	'APAL-84865',	'Approval Ticket # APAL-84865',	8,	353,	38,	'2020-12-15',	'2020-12-15 09:34:29',	38),
(2012,	'APAL-12532',	'Approval Ticket # APAL-12532',	8,	353,	38,	'2020-12-15',	'2020-12-15 09:34:29',	38),
(2013,	'APAL-36355',	'Approval Ticket # APAL-36355',	8,	353,	38,	'2020-12-15',	'2020-12-15 09:34:29',	38),
(2014,	'APAL-62305',	'Approval Ticket # APAL-62305',	8,	353,	38,	'2020-12-15',	'2020-12-15 09:34:29',	38),
(2015,	'APAL-21768',	'Approval Ticket # APAL-21768',	7,	348,	17,	'2020-12-15',	'2020-12-15 09:34:52',	17),
(2016,	'APAL-31617',	'Approval Ticket # APAL-31617',	8,	353,	17,	'2020-12-15',	'2020-12-15 09:34:52',	17),
(2017,	'APAL-68464',	'Approval Ticket # APAL-68464',	8,	353,	17,	'2020-12-15',	'2020-12-15 09:34:52',	17),
(2018,	'APAL-18548',	'Approval Ticket # APAL-18548',	8,	353,	17,	'2020-12-15',	'2020-12-15 09:34:52',	17),
(2019,	'APAL-3346',	'Approval Ticket # APAL-3346',	8,	353,	17,	'2020-12-15',	'2020-12-15 09:34:52',	17),
(2020,	'APAL-34925',	'Approval Ticket # APAL-34925',	8,	353,	17,	'2020-12-15',	'2020-12-15 09:34:52',	17),
(2021,	'APAL-6075',	'Approval Ticket # APAL-6075',	8,	353,	17,	'2020-12-15',	'2020-12-15 09:34:52',	17),
(2022,	'APAL-8456',	'Approval Ticket # APAL-8456',	8,	353,	17,	'2020-12-15',	'2020-12-15 09:34:52',	17),
(2023,	'APAL-81739',	'Approval Ticket # APAL-81739',	8,	353,	17,	'2020-12-15',	'2020-12-15 09:34:52',	17),
(2024,	'APAL-23480',	'Approval Ticket # APAL-23480',	8,	353,	17,	'2020-12-15',	'2020-12-15 09:34:52',	17),
(2025,	'APAL-82023',	'Approval Ticket # APAL-82023',	8,	353,	17,	'2020-12-15',	'2020-12-15 09:34:52',	17),
(2026,	'APAL-47770',	'Approval Ticket # APAL-47770',	8,	353,	17,	'2020-12-15',	'2020-12-15 09:34:52',	17),
(2027,	'APAL-72511',	'Approval Ticket # APAL-72511',	8,	353,	17,	'2020-12-15',	'2020-12-15 09:34:52',	17),
(2028,	'APAL-71978',	'Approval Ticket # APAL-71978',	7,	348,	31,	'2020-12-15',	'2020-12-15 09:36:05',	31),
(2029,	'APAL-69849',	'Approval Ticket # APAL-69849',	8,	353,	31,	'2020-12-15',	'2020-12-15 09:36:05',	31),
(2030,	'APAL-11053',	'Approval Ticket # APAL-11053',	8,	353,	31,	'2020-12-15',	'2020-12-15 09:36:05',	31),
(2031,	'APAL-32014',	'Approval Ticket # APAL-32014',	8,	353,	31,	'2020-12-15',	'2020-12-15 09:36:05',	31),
(2032,	'APAL-61397',	'Approval Ticket # APAL-61397',	8,	353,	31,	'2020-12-15',	'2020-12-15 09:36:05',	31),
(2033,	'APAL-66484',	'Approval Ticket # APAL-66484',	8,	353,	31,	'2020-12-15',	'2020-12-15 09:36:05',	31),
(2034,	'APAL-65704',	'Approval Ticket # APAL-65704',	8,	353,	31,	'2020-12-15',	'2020-12-15 09:36:05',	31),
(2035,	'APAL-69590',	'Approval Ticket # APAL-69590',	8,	353,	31,	'2020-12-15',	'2020-12-15 09:36:05',	31),
(2036,	'APAL-10378',	'Approval Ticket # APAL-10378',	8,	353,	31,	'2020-12-15',	'2020-12-15 09:36:05',	31),
(2037,	'APAL-86640',	'Approval Ticket # APAL-86640',	8,	353,	31,	'2020-12-15',	'2020-12-15 09:36:05',	31),
(2038,	'APAL-65685',	'Approval Ticket # APAL-65685',	8,	353,	31,	'2020-12-15',	'2020-12-15 09:36:05',	31),
(2039,	'APAL-39188',	'Approval Ticket # APAL-39188',	8,	353,	31,	'2020-12-15',	'2020-12-15 09:36:05',	31),
(2040,	'APAL-26204',	'Approval Ticket # APAL-26204',	8,	353,	31,	'2020-12-15',	'2020-12-15 09:36:05',	31),
(2041,	'APAL-22924',	'Approval Ticket # APAL-22924',	7,	348,	18,	'2020-12-15',	'2020-12-15 09:36:35',	18),
(2042,	'APAL-6281',	'Approval Ticket # APAL-6281',	8,	353,	18,	'2020-12-15',	'2020-12-15 09:36:35',	18),
(2043,	'APAL-54145',	'Approval Ticket # APAL-54145',	8,	353,	18,	'2020-12-15',	'2020-12-15 09:36:35',	18),
(2044,	'APAL-82645',	'Approval Ticket # APAL-82645',	8,	353,	18,	'2020-12-15',	'2020-12-15 09:36:35',	18),
(2045,	'APAL-82117',	'Approval Ticket # APAL-82117',	8,	353,	18,	'2020-12-15',	'2020-12-15 09:36:35',	18),
(2046,	'APAL-74708',	'Approval Ticket # APAL-74708',	8,	353,	18,	'2020-12-15',	'2020-12-15 09:36:35',	18),
(2047,	'APAL-84623',	'Approval Ticket # APAL-84623',	8,	353,	18,	'2020-12-15',	'2020-12-15 09:36:35',	18),
(2048,	'APAL-51232',	'Approval Ticket # APAL-51232',	8,	353,	18,	'2020-12-15',	'2020-12-15 09:36:35',	18),
(2049,	'APAL-73159',	'Approval Ticket # APAL-73159',	8,	353,	18,	'2020-12-15',	'2020-12-15 09:36:35',	18),
(2050,	'APAL-81838',	'Approval Ticket # APAL-81838',	8,	353,	18,	'2020-12-15',	'2020-12-15 09:36:35',	18),
(2051,	'APAL-59333',	'Approval Ticket # APAL-59333',	8,	353,	18,	'2020-12-15',	'2020-12-15 09:36:35',	18),
(2052,	'APAL-44307',	'Approval Ticket # APAL-44307',	8,	353,	18,	'2020-12-15',	'2020-12-15 09:36:35',	18),
(2053,	'APAL-61522',	'Approval Ticket # APAL-61522',	8,	353,	18,	'2020-12-15',	'2020-12-15 09:36:35',	18),
(2054,	'APAL-73748',	'Approval Ticket # APAL-73748',	7,	348,	19,	'2020-12-15',	'2020-12-15 09:36:46',	19),
(2055,	'APAL-45315',	'Approval Ticket # APAL-45315',	8,	353,	19,	'2020-12-15',	'2020-12-15 09:36:46',	19),
(2056,	'APAL-63457',	'Approval Ticket # APAL-63457',	8,	353,	19,	'2020-12-15',	'2020-12-15 09:36:46',	19),
(2057,	'APAL-42435',	'Approval Ticket # APAL-42435',	8,	353,	19,	'2020-12-15',	'2020-12-15 09:36:46',	19),
(2058,	'APAL-40399',	'Approval Ticket # APAL-40399',	8,	353,	19,	'2020-12-15',	'2020-12-15 09:36:46',	19),
(2059,	'APAL-64664',	'Approval Ticket # APAL-64664',	8,	353,	19,	'2020-12-15',	'2020-12-15 09:36:46',	19),
(2060,	'APAL-34723',	'Approval Ticket # APAL-34723',	8,	353,	19,	'2020-12-15',	'2020-12-15 09:36:46',	19),
(2061,	'APAL-87332',	'Approval Ticket # APAL-87332',	8,	353,	19,	'2020-12-15',	'2020-12-15 09:36:46',	19),
(2062,	'APAL-8777',	'Approval Ticket # APAL-8777',	8,	353,	19,	'2020-12-15',	'2020-12-15 09:36:46',	19),
(2063,	'APAL-31028',	'Approval Ticket # APAL-31028',	8,	353,	19,	'2020-12-15',	'2020-12-15 09:36:46',	19),
(2064,	'APAL-48864',	'Approval Ticket # APAL-48864',	8,	353,	19,	'2020-12-15',	'2020-12-15 09:36:46',	19),
(2065,	'APAL-15780',	'Approval Ticket # APAL-15780',	8,	353,	19,	'2020-12-15',	'2020-12-15 09:36:46',	19),
(2066,	'APAL-81407',	'Approval Ticket # APAL-81407',	8,	353,	19,	'2020-12-15',	'2020-12-15 09:36:46',	19),
(2067,	'APAL-7357',	'Approval Ticket # APAL-7357',	7,	348,	24,	'2020-12-15',	'2020-12-15 09:37:00',	24),
(2068,	'APAL-67820',	'Approval Ticket # APAL-67820',	8,	353,	24,	'2020-12-15',	'2020-12-15 09:37:01',	24),
(2069,	'APAL-34259',	'Approval Ticket # APAL-34259',	8,	353,	24,	'2020-12-15',	'2020-12-15 09:37:01',	24),
(2070,	'APAL-29513',	'Approval Ticket # APAL-29513',	8,	353,	24,	'2020-12-15',	'2020-12-15 09:37:01',	24),
(2071,	'APAL-76226',	'Approval Ticket # APAL-76226',	8,	353,	24,	'2020-12-15',	'2020-12-15 09:37:01',	24),
(2072,	'APAL-28485',	'Approval Ticket # APAL-28485',	8,	353,	24,	'2020-12-15',	'2020-12-15 09:37:01',	24),
(2073,	'APAL-3410',	'Approval Ticket # APAL-3410',	8,	353,	24,	'2020-12-15',	'2020-12-15 09:37:01',	24),
(2074,	'APAL-89210',	'Approval Ticket # APAL-89210',	8,	353,	24,	'2020-12-15',	'2020-12-15 09:37:01',	24),
(2075,	'APAL-36951',	'Approval Ticket # APAL-36951',	8,	353,	24,	'2020-12-15',	'2020-12-15 09:37:01',	24),
(2076,	'APAL-58927',	'Approval Ticket # APAL-58927',	8,	353,	24,	'2020-12-15',	'2020-12-15 09:37:01',	24),
(2077,	'APAL-81807',	'Approval Ticket # APAL-81807',	8,	353,	24,	'2020-12-15',	'2020-12-15 09:37:01',	24),
(2078,	'APAL-21929',	'Approval Ticket # APAL-21929',	8,	353,	24,	'2020-12-15',	'2020-12-15 09:37:01',	24),
(2079,	'APAL-52708',	'Approval Ticket # APAL-52708',	8,	353,	24,	'2020-12-15',	'2020-12-15 09:37:01',	24),
(2080,	'APAL-50967',	'Approval Ticket # APAL-50967',	7,	348,	34,	'2020-12-15',	'2020-12-15 09:37:10',	34),
(2081,	'APAL-59231',	'Approval Ticket # APAL-59231',	8,	353,	34,	'2020-12-15',	'2020-12-15 09:37:10',	34),
(2082,	'APAL-7001',	'Approval Ticket # APAL-7001',	8,	353,	34,	'2020-12-15',	'2020-12-15 09:37:10',	34),
(2083,	'APAL-68692',	'Approval Ticket # APAL-68692',	8,	353,	34,	'2020-12-15',	'2020-12-15 09:37:10',	34),
(2084,	'APAL-48630',	'Approval Ticket # APAL-48630',	8,	353,	34,	'2020-12-15',	'2020-12-15 09:37:10',	34),
(2085,	'APAL-60419',	'Approval Ticket # APAL-60419',	8,	353,	34,	'2020-12-15',	'2020-12-15 09:37:10',	34),
(2086,	'APAL-16156',	'Approval Ticket # APAL-16156',	8,	353,	34,	'2020-12-15',	'2020-12-15 09:37:10',	34),
(2087,	'APAL-11140',	'Approval Ticket # APAL-11140',	8,	353,	34,	'2020-12-15',	'2020-12-15 09:37:10',	34),
(2088,	'APAL-59637',	'Approval Ticket # APAL-59637',	8,	353,	34,	'2020-12-15',	'2020-12-15 09:37:10',	34),
(2089,	'APAL-89755',	'Approval Ticket # APAL-89755',	8,	353,	34,	'2020-12-15',	'2020-12-15 09:37:10',	34),
(2090,	'APAL-1724',	'Approval Ticket # APAL-1724',	8,	353,	34,	'2020-12-15',	'2020-12-15 09:37:10',	34),
(2091,	'APAL-20964',	'Approval Ticket # APAL-20964',	8,	353,	34,	'2020-12-15',	'2020-12-15 09:37:10',	34),
(2092,	'APAL-23085',	'Approval Ticket # APAL-23085',	8,	353,	34,	'2020-12-15',	'2020-12-15 09:37:10',	34),
(2093,	'APAL-22733',	'Approval Ticket # APAL-22733',	7,	348,	37,	'2020-12-15',	'2020-12-15 09:37:20',	37),
(2094,	'APAL-58952',	'Approval Ticket # APAL-58952',	8,	353,	37,	'2020-12-15',	'2020-12-15 09:37:20',	37),
(2095,	'APAL-4124',	'Approval Ticket # APAL-4124',	8,	353,	37,	'2020-12-15',	'2020-12-15 09:37:20',	37),
(2096,	'APAL-72100',	'Approval Ticket # APAL-72100',	8,	353,	37,	'2020-12-15',	'2020-12-15 09:37:20',	37),
(2097,	'APAL-33377',	'Approval Ticket # APAL-33377',	8,	353,	37,	'2020-12-15',	'2020-12-15 09:37:20',	37),
(2098,	'APAL-51803',	'Approval Ticket # APAL-51803',	8,	353,	37,	'2020-12-15',	'2020-12-15 09:37:20',	37),
(2099,	'APAL-63787',	'Approval Ticket # APAL-63787',	8,	353,	37,	'2020-12-15',	'2020-12-15 09:37:20',	37),
(2100,	'APAL-49907',	'Approval Ticket # APAL-49907',	8,	353,	37,	'2020-12-15',	'2020-12-15 09:37:20',	37),
(2101,	'APAL-65855',	'Approval Ticket # APAL-65855',	8,	353,	37,	'2020-12-15',	'2020-12-15 09:37:20',	37),
(2102,	'APAL-68035',	'Approval Ticket # APAL-68035',	8,	353,	37,	'2020-12-15',	'2020-12-15 09:37:20',	37),
(2103,	'APAL-3539',	'Approval Ticket # APAL-3539',	8,	353,	37,	'2020-12-15',	'2020-12-15 09:37:20',	37),
(2104,	'APAL-89626',	'Approval Ticket # APAL-89626',	8,	353,	37,	'2020-12-15',	'2020-12-15 09:37:20',	37),
(2105,	'APAL-86779',	'Approval Ticket # APAL-86779',	8,	353,	37,	'2020-12-15',	'2020-12-15 09:37:20',	37),
(2106,	'APAL-77559',	'Approval Ticket # APAL-77559',	7,	348,	38,	'2020-12-15',	'2020-12-15 09:37:59',	38),
(2107,	'APAL-68334',	'Approval Ticket # APAL-68334',	8,	353,	38,	'2020-12-15',	'2020-12-15 09:37:59',	38),
(2108,	'APAL-26561',	'Approval Ticket # APAL-26561',	8,	353,	38,	'2020-12-15',	'2020-12-15 09:37:59',	38),
(2109,	'APAL-39355',	'Approval Ticket # APAL-39355',	8,	353,	38,	'2020-12-15',	'2020-12-15 09:37:59',	38),
(2110,	'APAL-22430',	'Approval Ticket # APAL-22430',	8,	353,	38,	'2020-12-15',	'2020-12-15 09:37:59',	38),
(2111,	'APAL-62437',	'Approval Ticket # APAL-62437',	8,	353,	38,	'2020-12-15',	'2020-12-15 09:37:59',	38),
(2112,	'APAL-11872',	'Approval Ticket # APAL-11872',	8,	353,	38,	'2020-12-15',	'2020-12-15 09:37:59',	38),
(2113,	'APAL-6678',	'Approval Ticket # APAL-6678',	8,	353,	38,	'2020-12-15',	'2020-12-15 09:37:59',	38),
(2114,	'APAL-11047',	'Approval Ticket # APAL-11047',	8,	353,	38,	'2020-12-15',	'2020-12-15 09:37:59',	38),
(2115,	'APAL-40197',	'Approval Ticket # APAL-40197',	8,	353,	38,	'2020-12-15',	'2020-12-15 09:37:59',	38),
(2116,	'APAL-37368',	'Approval Ticket # APAL-37368',	8,	353,	38,	'2020-12-15',	'2020-12-15 09:37:59',	38),
(2117,	'APAL-59593',	'Approval Ticket # APAL-59593',	8,	353,	38,	'2020-12-15',	'2020-12-15 09:37:59',	38),
(2118,	'APAL-6366',	'Approval Ticket # APAL-6366',	8,	353,	38,	'2020-12-15',	'2020-12-15 09:37:59',	38),
(2119,	'APAL-33475',	'Approval Ticket # APAL-33475',	7,	348,	15,	'2020-12-15',	'2020-12-15 09:38:42',	15),
(2120,	'APAL-44112',	'Approval Ticket # APAL-44112',	8,	353,	15,	'2020-12-15',	'2020-12-15 09:38:42',	15),
(2121,	'APAL-81941',	'Approval Ticket # APAL-81941',	8,	353,	15,	'2020-12-15',	'2020-12-15 09:38:42',	15),
(2122,	'APAL-79045',	'Approval Ticket # APAL-79045',	8,	353,	15,	'2020-12-15',	'2020-12-15 09:38:42',	15),
(2123,	'APAL-38226',	'Approval Ticket # APAL-38226',	8,	353,	15,	'2020-12-15',	'2020-12-15 09:38:42',	15),
(2124,	'APAL-61528',	'Approval Ticket # APAL-61528',	8,	353,	15,	'2020-12-15',	'2020-12-15 09:38:42',	15),
(2125,	'APAL-24505',	'Approval Ticket # APAL-24505',	8,	353,	15,	'2020-12-15',	'2020-12-15 09:38:42',	15),
(2126,	'APAL-37807',	'Approval Ticket # APAL-37807',	8,	353,	15,	'2020-12-15',	'2020-12-15 09:38:42',	15),
(2127,	'APAL-5738',	'Approval Ticket # APAL-5738',	8,	353,	15,	'2020-12-15',	'2020-12-15 09:38:42',	15),
(2128,	'APAL-1743',	'Approval Ticket # APAL-1743',	8,	353,	15,	'2020-12-15',	'2020-12-15 09:38:42',	15),
(2129,	'APAL-28815',	'Approval Ticket # APAL-28815',	8,	353,	15,	'2020-12-15',	'2020-12-15 09:38:42',	15),
(2130,	'APAL-42819',	'Approval Ticket # APAL-42819',	8,	353,	15,	'2020-12-15',	'2020-12-15 09:38:42',	15),
(2131,	'APAL-42712',	'Approval Ticket # APAL-42712',	8,	353,	15,	'2020-12-15',	'2020-12-15 09:38:42',	15),
(2132,	'APAL-67104',	'Approval Ticket # APAL-67104',	7,	348,	12,	'2020-12-15',	'2020-12-15 09:38:43',	12),
(2133,	'APAL-32134',	'Approval Ticket # APAL-32134',	8,	353,	12,	'2020-12-15',	'2020-12-15 09:38:43',	12),
(2134,	'APAL-33536',	'Approval Ticket # APAL-33536',	8,	353,	12,	'2020-12-15',	'2020-12-15 09:38:43',	12),
(2135,	'APAL-15627',	'Approval Ticket # APAL-15627',	8,	353,	12,	'2020-12-15',	'2020-12-15 09:38:43',	12),
(2136,	'APAL-73303',	'Approval Ticket # APAL-73303',	8,	353,	12,	'2020-12-15',	'2020-12-15 09:38:43',	12),
(2137,	'APAL-5039',	'Approval Ticket # APAL-5039',	8,	353,	12,	'2020-12-15',	'2020-12-15 09:38:43',	12),
(2138,	'APAL-47286',	'Approval Ticket # APAL-47286',	8,	353,	12,	'2020-12-15',	'2020-12-15 09:38:43',	12),
(2139,	'APAL-25311',	'Approval Ticket # APAL-25311',	8,	353,	12,	'2020-12-15',	'2020-12-15 09:38:43',	12),
(2140,	'APAL-56566',	'Approval Ticket # APAL-56566',	8,	353,	12,	'2020-12-15',	'2020-12-15 09:38:43',	12),
(2141,	'APAL-69379',	'Approval Ticket # APAL-69379',	8,	353,	12,	'2020-12-15',	'2020-12-15 09:38:43',	12),
(2142,	'APAL-38140',	'Approval Ticket # APAL-38140',	8,	353,	12,	'2020-12-15',	'2020-12-15 09:38:43',	12),
(2143,	'APAL-51706',	'Approval Ticket # APAL-51706',	8,	353,	12,	'2020-12-15',	'2020-12-15 09:38:43',	12),
(2144,	'APAL-16721',	'Approval Ticket # APAL-16721',	8,	353,	12,	'2020-12-15',	'2020-12-15 09:38:43',	12),
(2145,	'APAL-52420',	'Approval Ticket # APAL-52420',	7,	348,	31,	'2020-12-15',	'2020-12-15 09:39:44',	31),
(2146,	'APAL-84502',	'Approval Ticket # APAL-84502',	8,	353,	31,	'2020-12-15',	'2020-12-15 09:39:44',	31),
(2147,	'APAL-2916',	'Approval Ticket # APAL-2916',	8,	353,	31,	'2020-12-15',	'2020-12-15 09:39:44',	31),
(2148,	'APAL-84427',	'Approval Ticket # APAL-84427',	8,	353,	31,	'2020-12-15',	'2020-12-15 09:39:44',	31),
(2149,	'APAL-12818',	'Approval Ticket # APAL-12818',	8,	353,	31,	'2020-12-15',	'2020-12-15 09:39:44',	31),
(2150,	'APAL-36463',	'Approval Ticket # APAL-36463',	8,	353,	31,	'2020-12-15',	'2020-12-15 09:39:44',	31),
(2151,	'APAL-30111',	'Approval Ticket # APAL-30111',	8,	353,	31,	'2020-12-15',	'2020-12-15 09:39:44',	31),
(2152,	'APAL-36327',	'Approval Ticket # APAL-36327',	8,	353,	31,	'2020-12-15',	'2020-12-15 09:39:44',	31),
(2153,	'APAL-17715',	'Approval Ticket # APAL-17715',	8,	353,	31,	'2020-12-15',	'2020-12-15 09:39:44',	31),
(2154,	'APAL-80975',	'Approval Ticket # APAL-80975',	8,	353,	31,	'2020-12-15',	'2020-12-15 09:39:44',	31),
(2155,	'APAL-48168',	'Approval Ticket # APAL-48168',	8,	353,	31,	'2020-12-15',	'2020-12-15 09:39:44',	31),
(2156,	'APAL-10966',	'Approval Ticket # APAL-10966',	8,	353,	31,	'2020-12-15',	'2020-12-15 09:39:44',	31),
(2157,	'APAL-88880',	'Approval Ticket # APAL-88880',	8,	353,	31,	'2020-12-15',	'2020-12-15 09:39:44',	31),
(2158,	'APAL-72732',	'Approval Ticket # APAL-72732',	7,	348,	38,	'2020-12-15',	'2020-12-15 09:39:52',	38),
(2159,	'APAL-66851',	'Approval Ticket # APAL-66851',	8,	353,	38,	'2020-12-15',	'2020-12-15 09:39:52',	38),
(2160,	'APAL-69104',	'Approval Ticket # APAL-69104',	8,	353,	38,	'2020-12-15',	'2020-12-15 09:39:52',	38),
(2161,	'APAL-21991',	'Approval Ticket # APAL-21991',	8,	353,	38,	'2020-12-15',	'2020-12-15 09:39:52',	38),
(2162,	'APAL-44687',	'Approval Ticket # APAL-44687',	8,	353,	38,	'2020-12-15',	'2020-12-15 09:39:52',	38),
(2163,	'APAL-14353',	'Approval Ticket # APAL-14353',	8,	353,	38,	'2020-12-15',	'2020-12-15 09:39:52',	38),
(2164,	'APAL-35176',	'Approval Ticket # APAL-35176',	8,	353,	38,	'2020-12-15',	'2020-12-15 09:39:52',	38),
(2165,	'APAL-33788',	'Approval Ticket # APAL-33788',	8,	353,	38,	'2020-12-15',	'2020-12-15 09:39:52',	38),
(2166,	'APAL-85493',	'Approval Ticket # APAL-85493',	8,	353,	38,	'2020-12-15',	'2020-12-15 09:39:52',	38),
(2167,	'APAL-35520',	'Approval Ticket # APAL-35520',	8,	353,	38,	'2020-12-15',	'2020-12-15 09:39:52',	38),
(2168,	'APAL-13192',	'Approval Ticket # APAL-13192',	8,	353,	38,	'2020-12-15',	'2020-12-15 09:39:52',	38),
(2169,	'APAL-84792',	'Approval Ticket # APAL-84792',	8,	353,	38,	'2020-12-15',	'2020-12-15 09:39:52',	38),
(2170,	'APAL-8815',	'Approval Ticket # APAL-8815',	8,	353,	38,	'2020-12-15',	'2020-12-15 09:39:52',	38),
(2171,	'APAL-5874',	'Approval Ticket # APAL-5874',	7,	348,	27,	'2020-12-15',	'2020-12-15 09:40:16',	27),
(2172,	'APAL-42228',	'Approval Ticket # APAL-42228',	8,	353,	27,	'2020-12-15',	'2020-12-15 09:40:16',	27),
(2173,	'APAL-68465',	'Approval Ticket # APAL-68465',	8,	353,	27,	'2020-12-15',	'2020-12-15 09:40:16',	27),
(2174,	'APAL-58306',	'Approval Ticket # APAL-58306',	8,	353,	27,	'2020-12-15',	'2020-12-15 09:40:16',	27),
(2175,	'APAL-10216',	'Approval Ticket # APAL-10216',	8,	353,	27,	'2020-12-15',	'2020-12-15 09:40:16',	27),
(2176,	'APAL-13938',	'Approval Ticket # APAL-13938',	8,	353,	27,	'2020-12-15',	'2020-12-15 09:40:16',	27),
(2177,	'APAL-69020',	'Approval Ticket # APAL-69020',	8,	353,	27,	'2020-12-15',	'2020-12-15 09:40:16',	27),
(2178,	'APAL-68572',	'Approval Ticket # APAL-68572',	8,	353,	27,	'2020-12-15',	'2020-12-15 09:40:16',	27),
(2179,	'APAL-42971',	'Approval Ticket # APAL-42971',	8,	353,	27,	'2020-12-15',	'2020-12-15 09:40:16',	27),
(2180,	'APAL-63729',	'Approval Ticket # APAL-63729',	8,	353,	27,	'2020-12-15',	'2020-12-15 09:40:16',	27),
(2181,	'APAL-43922',	'Approval Ticket # APAL-43922',	8,	353,	27,	'2020-12-15',	'2020-12-15 09:40:16',	27),
(2182,	'APAL-30933',	'Approval Ticket # APAL-30933',	8,	353,	27,	'2020-12-15',	'2020-12-15 09:40:16',	27),
(2183,	'APAL-34809',	'Approval Ticket # APAL-34809',	8,	353,	27,	'2020-12-15',	'2020-12-15 09:40:16',	27),
(2184,	'APAL-25584',	'Approval Ticket # APAL-25584',	7,	348,	40,	'2020-12-15',	'2020-12-15 09:40:45',	40),
(2185,	'APAL-50591',	'Approval Ticket # APAL-50591',	8,	353,	40,	'2020-12-15',	'2020-12-15 09:40:45',	40),
(2186,	'APAL-89424',	'Approval Ticket # APAL-89424',	8,	353,	40,	'2020-12-15',	'2020-12-15 09:40:45',	40),
(2187,	'APAL-36086',	'Approval Ticket # APAL-36086',	8,	353,	40,	'2020-12-15',	'2020-12-15 09:40:45',	40),
(2188,	'APAL-15376',	'Approval Ticket # APAL-15376',	8,	353,	40,	'2020-12-15',	'2020-12-15 09:40:45',	40),
(2189,	'APAL-64857',	'Approval Ticket # APAL-64857',	8,	353,	40,	'2020-12-15',	'2020-12-15 09:40:45',	40),
(2190,	'APAL-6393',	'Approval Ticket # APAL-6393',	8,	353,	40,	'2020-12-15',	'2020-12-15 09:40:45',	40),
(2191,	'APAL-23944',	'Approval Ticket # APAL-23944',	8,	353,	40,	'2020-12-15',	'2020-12-15 09:40:45',	40),
(2192,	'APAL-66527',	'Approval Ticket # APAL-66527',	8,	353,	40,	'2020-12-15',	'2020-12-15 09:40:45',	40),
(2193,	'APAL-3625',	'Approval Ticket # APAL-3625',	8,	353,	40,	'2020-12-15',	'2020-12-15 09:40:45',	40),
(2194,	'APAL-72447',	'Approval Ticket # APAL-72447',	8,	353,	40,	'2020-12-15',	'2020-12-15 09:40:45',	40),
(2195,	'APAL-4276',	'Approval Ticket # APAL-4276',	8,	353,	40,	'2020-12-15',	'2020-12-15 09:40:45',	40),
(2196,	'APAL-65996',	'Approval Ticket # APAL-65996',	8,	353,	40,	'2020-12-15',	'2020-12-15 09:40:45',	40),
(2197,	'APAL-32226',	'Approval Ticket # APAL-32226',	7,	348,	12,	'2020-12-15',	'2020-12-15 09:41:12',	12),
(2198,	'APAL-47286',	'Approval Ticket # APAL-47286',	8,	353,	12,	'2020-12-15',	'2020-12-15 09:41:12',	12),
(2199,	'APAL-19712',	'Approval Ticket # APAL-19712',	8,	353,	12,	'2020-12-15',	'2020-12-15 09:41:12',	12),
(2200,	'APAL-35349',	'Approval Ticket # APAL-35349',	8,	353,	12,	'2020-12-15',	'2020-12-15 09:41:12',	12),
(2201,	'APAL-82310',	'Approval Ticket # APAL-82310',	8,	353,	12,	'2020-12-15',	'2020-12-15 09:41:12',	12),
(2202,	'APAL-43563',	'Approval Ticket # APAL-43563',	8,	353,	12,	'2020-12-15',	'2020-12-15 09:41:12',	12),
(2203,	'APAL-79187',	'Approval Ticket # APAL-79187',	8,	353,	12,	'2020-12-15',	'2020-12-15 09:41:12',	12),
(2204,	'APAL-9995',	'Approval Ticket # APAL-9995',	8,	353,	12,	'2020-12-15',	'2020-12-15 09:41:12',	12),
(2205,	'APAL-57663',	'Approval Ticket # APAL-57663',	8,	353,	12,	'2020-12-15',	'2020-12-15 09:41:12',	12),
(2206,	'APAL-37789',	'Approval Ticket # APAL-37789',	8,	353,	12,	'2020-12-15',	'2020-12-15 09:41:12',	12),
(2207,	'APAL-9101',	'Approval Ticket # APAL-9101',	8,	353,	12,	'2020-12-15',	'2020-12-15 09:41:12',	12),
(2208,	'APAL-22862',	'Approval Ticket # APAL-22862',	8,	353,	12,	'2020-12-15',	'2020-12-15 09:41:12',	12),
(2209,	'APAL-24053',	'Approval Ticket # APAL-24053',	8,	353,	12,	'2020-12-15',	'2020-12-15 09:41:12',	12),
(2210,	'APAL-86279',	'Approval Ticket # APAL-86279',	7,	348,	27,	'2020-12-15',	'2020-12-15 09:46:02',	27),
(2211,	'APAL-3464',	'Approval Ticket # APAL-3464',	8,	353,	27,	'2020-12-15',	'2020-12-15 09:46:02',	27),
(2212,	'APAL-29361',	'Approval Ticket # APAL-29361',	8,	353,	27,	'2020-12-15',	'2020-12-15 09:46:02',	27),
(2213,	'APAL-75976',	'Approval Ticket # APAL-75976',	8,	353,	27,	'2020-12-15',	'2020-12-15 09:46:02',	27),
(2214,	'APAL-24965',	'Approval Ticket # APAL-24965',	8,	353,	27,	'2020-12-15',	'2020-12-15 09:46:02',	27),
(2215,	'APAL-61763',	'Approval Ticket # APAL-61763',	8,	353,	27,	'2020-12-15',	'2020-12-15 09:46:02',	27),
(2216,	'APAL-53378',	'Approval Ticket # APAL-53378',	8,	353,	27,	'2020-12-15',	'2020-12-15 09:46:02',	27),
(2217,	'APAL-20538',	'Approval Ticket # APAL-20538',	8,	353,	27,	'2020-12-15',	'2020-12-15 09:46:02',	27),
(2218,	'APAL-67360',	'Approval Ticket # APAL-67360',	8,	353,	27,	'2020-12-15',	'2020-12-15 09:46:02',	27),
(2219,	'APAL-88166',	'Approval Ticket # APAL-88166',	8,	353,	27,	'2020-12-15',	'2020-12-15 09:46:02',	27),
(2220,	'APAL-75874',	'Approval Ticket # APAL-75874',	8,	353,	27,	'2020-12-15',	'2020-12-15 09:46:02',	27),
(2221,	'APAL-72118',	'Approval Ticket # APAL-72118',	8,	353,	27,	'2020-12-15',	'2020-12-15 09:46:02',	27),
(2222,	'APAL-68851',	'Approval Ticket # APAL-68851',	8,	353,	27,	'2020-12-15',	'2020-12-15 09:46:02',	27),
(2223,	'APAL-25462',	'Approval Ticket # APAL-25462',	6,	202,	15,	'2020-12-15',	'2020-12-15 09:59:11',	15),
(2224,	'APAL-4895',	'Approval Ticket # APAL-4895',	6,	202,	33,	'2020-12-15',	'2020-12-15 09:59:18',	33),
(2225,	'APAL-36802',	'Approval Ticket # APAL-36802',	6,	202,	21,	'2020-12-15',	'2020-12-15 09:59:18',	21),
(2226,	'APAL-77680',	'Approval Ticket # APAL-77680',	6,	202,	22,	'2020-12-15',	'2020-12-15 09:59:20',	22),
(2227,	'APAL-29073',	'Approval Ticket # APAL-29073',	6,	202,	38,	'2020-12-15',	'2020-12-15 09:59:22',	38),
(2228,	'APAL-42176',	'Approval Ticket # APAL-42176',	6,	202,	17,	'2020-12-15',	'2020-12-15 09:59:26',	17),
(2229,	'APAL-10906',	'Approval Ticket # APAL-10906',	6,	202,	23,	'2020-12-15',	'2020-12-15 09:59:27',	23),
(2230,	'APAL-18718',	'Approval Ticket # APAL-18718',	6,	202,	27,	'2020-12-15',	'2020-12-15 09:59:28',	27),
(2231,	'APAL-84850',	'Approval Ticket # APAL-84850',	6,	202,	31,	'2020-12-15',	'2020-12-15 09:59:43',	31),
(2232,	'APAL-78957',	'Approval Ticket # APAL-78957',	6,	202,	40,	'2020-12-15',	'2020-12-15 09:59:52',	40),
(2233,	'APAL-69541',	'Approval Ticket # APAL-69541',	97,	361,	40,	'2020-12-15',	'2020-12-15 09:59:52',	40),
(2234,	'APAL-52545',	'Approval Ticket # APAL-52545',	6,	202,	39,	'2020-12-15',	'2020-12-15 09:59:56',	39),
(2235,	'APAL-17970',	'Approval Ticket # APAL-17970',	6,	202,	22,	'2020-12-15',	'2020-12-15 10:00:06',	22),
(2236,	'APAL-3871',	'Approval Ticket # APAL-3871',	97,	361,	22,	'2020-12-15',	'2020-12-15 10:00:06',	22),
(2237,	'APAL-42894',	'Approval Ticket # APAL-42894',	7,	348,	22,	'2020-12-15',	'2020-12-15 10:00:06',	22),
(2238,	'APAL-77323',	'Approval Ticket # APAL-77323',	8,	353,	22,	'2020-12-15',	'2020-12-15 10:00:06',	22),
(2239,	'APAL-56802',	'Approval Ticket # APAL-56802',	8,	353,	22,	'2020-12-15',	'2020-12-15 10:00:06',	22),
(2240,	'APAL-82186',	'Approval Ticket # APAL-82186',	8,	353,	22,	'2020-12-15',	'2020-12-15 10:00:06',	22),
(2241,	'APAL-80891',	'Approval Ticket # APAL-80891',	8,	353,	22,	'2020-12-15',	'2020-12-15 10:00:06',	22),
(2242,	'APAL-9474',	'Approval Ticket # APAL-9474',	8,	353,	22,	'2020-12-15',	'2020-12-15 10:00:06',	22),
(2243,	'APAL-35476',	'Approval Ticket # APAL-35476',	8,	353,	22,	'2020-12-15',	'2020-12-15 10:00:06',	22),
(2244,	'APAL-75196',	'Approval Ticket # APAL-75196',	8,	353,	22,	'2020-12-15',	'2020-12-15 10:00:06',	22),
(2245,	'APAL-18243',	'Approval Ticket # APAL-18243',	8,	353,	22,	'2020-12-15',	'2020-12-15 10:00:06',	22),
(2246,	'APAL-6086',	'Approval Ticket # APAL-6086',	8,	353,	22,	'2020-12-15',	'2020-12-15 10:00:06',	22),
(2247,	'APAL-15765',	'Approval Ticket # APAL-15765',	8,	353,	22,	'2020-12-15',	'2020-12-15 10:00:06',	22),
(2248,	'APAL-71792',	'Approval Ticket # APAL-71792',	8,	353,	22,	'2020-12-15',	'2020-12-15 10:00:06',	22),
(2249,	'APAL-28106',	'Approval Ticket # APAL-28106',	8,	353,	22,	'2020-12-15',	'2020-12-15 10:00:06',	22),
(2250,	'APAL-32639',	'Approval Ticket # APAL-32639',	7,	348,	22,	'2020-12-15',	'2020-12-15 10:00:06',	22),
(2251,	'APAL-14578',	'Approval Ticket # APAL-14578',	8,	353,	22,	'2020-12-15',	'2020-12-15 10:00:06',	22),
(2252,	'APAL-32808',	'Approval Ticket # APAL-32808',	8,	353,	22,	'2020-12-15',	'2020-12-15 10:00:06',	22),
(2253,	'APAL-51934',	'Approval Ticket # APAL-51934',	8,	353,	22,	'2020-12-15',	'2020-12-15 10:00:06',	22),
(2254,	'APAL-72291',	'Approval Ticket # APAL-72291',	8,	353,	22,	'2020-12-15',	'2020-12-15 10:00:06',	22),
(2255,	'APAL-15724',	'Approval Ticket # APAL-15724',	8,	353,	22,	'2020-12-15',	'2020-12-15 10:00:06',	22),
(2256,	'APAL-29709',	'Approval Ticket # APAL-29709',	8,	353,	22,	'2020-12-15',	'2020-12-15 10:00:06',	22),
(2257,	'APAL-15197',	'Approval Ticket # APAL-15197',	8,	353,	22,	'2020-12-15',	'2020-12-15 10:00:06',	22),
(2258,	'APAL-42325',	'Approval Ticket # APAL-42325',	8,	353,	22,	'2020-12-15',	'2020-12-15 10:00:06',	22),
(2259,	'APAL-49172',	'Approval Ticket # APAL-49172',	8,	353,	22,	'2020-12-15',	'2020-12-15 10:00:06',	22),
(2260,	'APAL-7748',	'Approval Ticket # APAL-7748',	8,	353,	22,	'2020-12-15',	'2020-12-15 10:00:06',	22),
(2261,	'APAL-5821',	'Approval Ticket # APAL-5821',	8,	353,	22,	'2020-12-15',	'2020-12-15 10:00:06',	22),
(2262,	'APAL-83544',	'Approval Ticket # APAL-83544',	8,	353,	22,	'2020-12-15',	'2020-12-15 10:00:06',	22),
(2263,	'APAL-81180',	'Approval Ticket # APAL-81180',	7,	348,	22,	'2020-12-15',	'2020-12-15 10:00:06',	22),
(2264,	'APAL-63367',	'Approval Ticket # APAL-63367',	8,	353,	22,	'2020-12-15',	'2020-12-15 10:00:06',	22),
(2265,	'APAL-22621',	'Approval Ticket # APAL-22621',	8,	353,	22,	'2020-12-15',	'2020-12-15 10:00:06',	22),
(2266,	'APAL-57396',	'Approval Ticket # APAL-57396',	8,	353,	22,	'2020-12-15',	'2020-12-15 10:00:06',	22),
(2267,	'APAL-65755',	'Approval Ticket # APAL-65755',	8,	353,	22,	'2020-12-15',	'2020-12-15 10:00:06',	22),
(2268,	'APAL-41672',	'Approval Ticket # APAL-41672',	8,	353,	22,	'2020-12-15',	'2020-12-15 10:00:06',	22),
(2269,	'APAL-36009',	'Approval Ticket # APAL-36009',	8,	353,	22,	'2020-12-15',	'2020-12-15 10:00:06',	22),
(2270,	'APAL-70431',	'Approval Ticket # APAL-70431',	8,	353,	22,	'2020-12-15',	'2020-12-15 10:00:06',	22),
(2271,	'APAL-14881',	'Approval Ticket # APAL-14881',	8,	353,	22,	'2020-12-15',	'2020-12-15 10:00:06',	22),
(2272,	'APAL-67893',	'Approval Ticket # APAL-67893',	8,	353,	22,	'2020-12-15',	'2020-12-15 10:00:06',	22),
(2273,	'APAL-59688',	'Approval Ticket # APAL-59688',	8,	353,	22,	'2020-12-15',	'2020-12-15 10:00:06',	22),
(2274,	'APAL-1458',	'Approval Ticket # APAL-1458',	8,	353,	22,	'2020-12-15',	'2020-12-15 10:00:06',	22),
(2275,	'APAL-64245',	'Approval Ticket # APAL-64245',	8,	353,	22,	'2020-12-15',	'2020-12-15 10:00:06',	22),
(2276,	'APAL-67624',	'Approval Ticket # APAL-67624',	7,	348,	22,	'2020-12-15',	'2020-12-15 10:00:06',	22),
(2277,	'APAL-26012',	'Approval Ticket # APAL-26012',	8,	353,	22,	'2020-12-15',	'2020-12-15 10:00:06',	22),
(2278,	'APAL-83316',	'Approval Ticket # APAL-83316',	8,	353,	22,	'2020-12-15',	'2020-12-15 10:00:06',	22),
(2279,	'APAL-39173',	'Approval Ticket # APAL-39173',	8,	353,	22,	'2020-12-15',	'2020-12-15 10:00:06',	22),
(2280,	'APAL-81746',	'Approval Ticket # APAL-81746',	8,	353,	22,	'2020-12-15',	'2020-12-15 10:00:06',	22),
(2281,	'APAL-39839',	'Approval Ticket # APAL-39839',	8,	353,	22,	'2020-12-15',	'2020-12-15 10:00:06',	22),
(2282,	'APAL-30264',	'Approval Ticket # APAL-30264',	8,	353,	22,	'2020-12-15',	'2020-12-15 10:00:06',	22),
(2283,	'APAL-69187',	'Approval Ticket # APAL-69187',	8,	353,	22,	'2020-12-15',	'2020-12-15 10:00:06',	22),
(2284,	'APAL-24254',	'Approval Ticket # APAL-24254',	8,	353,	22,	'2020-12-15',	'2020-12-15 10:00:06',	22),
(2285,	'APAL-84114',	'Approval Ticket # APAL-84114',	8,	353,	22,	'2020-12-15',	'2020-12-15 10:00:06',	22),
(2286,	'APAL-5182',	'Approval Ticket # APAL-5182',	8,	353,	22,	'2020-12-15',	'2020-12-15 10:00:06',	22),
(2287,	'APAL-3505',	'Approval Ticket # APAL-3505',	8,	353,	22,	'2020-12-15',	'2020-12-15 10:00:06',	22),
(2288,	'APAL-43949',	'Approval Ticket # APAL-43949',	8,	353,	22,	'2020-12-15',	'2020-12-15 10:00:06',	22),
(2289,	'APAL-5532',	'Approval Ticket # APAL-5532',	7,	348,	22,	'2020-12-15',	'2020-12-15 10:00:06',	22),
(2290,	'APAL-12061',	'Approval Ticket # APAL-12061',	8,	353,	22,	'2020-12-15',	'2020-12-15 10:00:06',	22),
(2291,	'APAL-10672',	'Approval Ticket # APAL-10672',	8,	353,	22,	'2020-12-15',	'2020-12-15 10:00:06',	22),
(2292,	'APAL-39022',	'Approval Ticket # APAL-39022',	8,	353,	22,	'2020-12-15',	'2020-12-15 10:00:06',	22),
(2293,	'APAL-9144',	'Approval Ticket # APAL-9144',	8,	353,	22,	'2020-12-15',	'2020-12-15 10:00:06',	22),
(2294,	'APAL-8253',	'Approval Ticket # APAL-8253',	8,	353,	22,	'2020-12-15',	'2020-12-15 10:00:06',	22),
(2295,	'APAL-82467',	'Approval Ticket # APAL-82467',	8,	353,	22,	'2020-12-15',	'2020-12-15 10:00:06',	22),
(2296,	'APAL-19633',	'Approval Ticket # APAL-19633',	8,	353,	22,	'2020-12-15',	'2020-12-15 10:00:06',	22),
(2297,	'APAL-62770',	'Approval Ticket # APAL-62770',	8,	353,	22,	'2020-12-15',	'2020-12-15 10:00:06',	22),
(2298,	'APAL-85911',	'Approval Ticket # APAL-85911',	8,	353,	22,	'2020-12-15',	'2020-12-15 10:00:06',	22),
(2299,	'APAL-59433',	'Approval Ticket # APAL-59433',	8,	353,	22,	'2020-12-15',	'2020-12-15 10:00:06',	22),
(2300,	'APAL-67476',	'Approval Ticket # APAL-67476',	8,	353,	22,	'2020-12-15',	'2020-12-15 10:00:06',	22),
(2301,	'APAL-32776',	'Approval Ticket # APAL-32776',	8,	353,	22,	'2020-12-15',	'2020-12-15 10:00:06',	22),
(2302,	'APAL-50180',	'Approval Ticket # APAL-50180',	6,	202,	35,	'2020-12-15',	'2020-12-15 10:00:27',	35),
(2303,	'APAL-52134',	'Approval Ticket # APAL-52134',	6,	202,	19,	'2020-12-15',	'2020-12-15 10:00:30',	19),
(2304,	'APAL-47669',	'Approval Ticket # APAL-47669',	6,	202,	18,	'2020-12-15',	'2020-12-15 10:00:45',	18),
(2305,	'APAL-45311',	'Approval Ticket # APAL-45311',	6,	202,	21,	'2020-12-15',	'2020-12-15 10:00:49',	21),
(2306,	'APAL-43543',	'Approval Ticket # APAL-43543',	6,	202,	16,	'2020-12-15',	'2020-12-15 10:00:55',	16),
(2307,	'APAL-89820',	'Approval Ticket # APAL-89820',	6,	202,	23,	'2020-12-15',	'2020-12-15 10:00:56',	23),
(2308,	'APAL-33612',	'Approval Ticket # APAL-33612',	6,	202,	25,	'2020-12-15',	'2020-12-15 10:00:56',	25),
(2309,	'APAL-11546',	'Approval Ticket # APAL-11546',	97,	361,	25,	'2020-12-15',	'2020-12-15 10:00:56',	25),
(2310,	'APAL-25852',	'Approval Ticket # APAL-25852',	7,	348,	25,	'2020-12-15',	'2020-12-15 10:00:56',	25),
(2311,	'APAL-22015',	'Approval Ticket # APAL-22015',	8,	353,	25,	'2020-12-15',	'2020-12-15 10:00:56',	25),
(2312,	'APAL-56529',	'Approval Ticket # APAL-56529',	8,	353,	25,	'2020-12-15',	'2020-12-15 10:00:56',	25),
(2313,	'APAL-87289',	'Approval Ticket # APAL-87289',	8,	353,	25,	'2020-12-15',	'2020-12-15 10:00:56',	25),
(2314,	'APAL-35454',	'Approval Ticket # APAL-35454',	8,	353,	25,	'2020-12-15',	'2020-12-15 10:00:56',	25),
(2315,	'APAL-85330',	'Approval Ticket # APAL-85330',	8,	353,	25,	'2020-12-15',	'2020-12-15 10:00:56',	25),
(2316,	'APAL-18317',	'Approval Ticket # APAL-18317',	8,	353,	25,	'2020-12-15',	'2020-12-15 10:00:56',	25),
(2317,	'APAL-4070',	'Approval Ticket # APAL-4070',	8,	353,	25,	'2020-12-15',	'2020-12-15 10:00:56',	25),
(2318,	'APAL-48585',	'Approval Ticket # APAL-48585',	8,	353,	25,	'2020-12-15',	'2020-12-15 10:00:56',	25),
(2319,	'APAL-71645',	'Approval Ticket # APAL-71645',	8,	353,	25,	'2020-12-15',	'2020-12-15 10:00:56',	25),
(2320,	'APAL-75609',	'Approval Ticket # APAL-75609',	8,	353,	25,	'2020-12-15',	'2020-12-15 10:00:56',	25),
(2321,	'APAL-87314',	'Approval Ticket # APAL-87314',	8,	353,	25,	'2020-12-15',	'2020-12-15 10:00:56',	25),
(2322,	'APAL-35123',	'Approval Ticket # APAL-35123',	8,	353,	25,	'2020-12-15',	'2020-12-15 10:00:56',	25),
(2323,	'APAL-10748',	'Approval Ticket # APAL-10748',	7,	348,	25,	'2020-12-15',	'2020-12-15 10:00:56',	25),
(2324,	'APAL-74876',	'Approval Ticket # APAL-74876',	8,	353,	25,	'2020-12-15',	'2020-12-15 10:00:56',	25),
(2325,	'APAL-34995',	'Approval Ticket # APAL-34995',	8,	353,	25,	'2020-12-15',	'2020-12-15 10:00:56',	25),
(2326,	'APAL-80030',	'Approval Ticket # APAL-80030',	8,	353,	25,	'2020-12-15',	'2020-12-15 10:00:56',	25),
(2327,	'APAL-29426',	'Approval Ticket # APAL-29426',	8,	353,	25,	'2020-12-15',	'2020-12-15 10:00:56',	25),
(2328,	'APAL-65911',	'Approval Ticket # APAL-65911',	8,	353,	25,	'2020-12-15',	'2020-12-15 10:00:56',	25),
(2329,	'APAL-66141',	'Approval Ticket # APAL-66141',	8,	353,	25,	'2020-12-15',	'2020-12-15 10:00:56',	25),
(2330,	'APAL-18601',	'Approval Ticket # APAL-18601',	8,	353,	25,	'2020-12-15',	'2020-12-15 10:00:56',	25),
(2331,	'APAL-83766',	'Approval Ticket # APAL-83766',	8,	353,	25,	'2020-12-15',	'2020-12-15 10:00:56',	25),
(2332,	'APAL-11314',	'Approval Ticket # APAL-11314',	8,	353,	25,	'2020-12-15',	'2020-12-15 10:00:56',	25),
(2333,	'APAL-44720',	'Approval Ticket # APAL-44720',	8,	353,	25,	'2020-12-15',	'2020-12-15 10:00:56',	25),
(2334,	'APAL-86123',	'Approval Ticket # APAL-86123',	8,	353,	25,	'2020-12-15',	'2020-12-15 10:00:56',	25),
(2335,	'APAL-74294',	'Approval Ticket # APAL-74294',	8,	353,	25,	'2020-12-15',	'2020-12-15 10:00:56',	25),
(2336,	'APAL-21594',	'Approval Ticket # APAL-21594',	7,	348,	25,	'2020-12-15',	'2020-12-15 10:00:56',	25),
(2337,	'APAL-63485',	'Approval Ticket # APAL-63485',	8,	353,	25,	'2020-12-15',	'2020-12-15 10:00:56',	25),
(2338,	'APAL-6068',	'Approval Ticket # APAL-6068',	8,	353,	25,	'2020-12-15',	'2020-12-15 10:00:56',	25),
(2339,	'APAL-66818',	'Approval Ticket # APAL-66818',	8,	353,	25,	'2020-12-15',	'2020-12-15 10:00:56',	25),
(2340,	'APAL-85459',	'Approval Ticket # APAL-85459',	8,	353,	25,	'2020-12-15',	'2020-12-15 10:00:56',	25),
(2341,	'APAL-89550',	'Approval Ticket # APAL-89550',	8,	353,	25,	'2020-12-15',	'2020-12-15 10:00:56',	25),
(2342,	'APAL-61239',	'Approval Ticket # APAL-61239',	8,	353,	25,	'2020-12-15',	'2020-12-15 10:00:56',	25),
(2343,	'APAL-81557',	'Approval Ticket # APAL-81557',	8,	353,	25,	'2020-12-15',	'2020-12-15 10:00:56',	25),
(2344,	'APAL-21947',	'Approval Ticket # APAL-21947',	8,	353,	25,	'2020-12-15',	'2020-12-15 10:00:56',	25),
(2345,	'APAL-7336',	'Approval Ticket # APAL-7336',	8,	353,	25,	'2020-12-15',	'2020-12-15 10:00:56',	25),
(2346,	'APAL-73802',	'Approval Ticket # APAL-73802',	8,	353,	25,	'2020-12-15',	'2020-12-15 10:00:56',	25),
(2347,	'APAL-60297',	'Approval Ticket # APAL-60297',	8,	353,	25,	'2020-12-15',	'2020-12-15 10:00:56',	25),
(2348,	'APAL-50279',	'Approval Ticket # APAL-50279',	8,	353,	25,	'2020-12-15',	'2020-12-15 10:00:56',	25),
(2349,	'APAL-19651',	'Approval Ticket # APAL-19651',	7,	348,	25,	'2020-12-15',	'2020-12-15 10:00:56',	25),
(2350,	'APAL-76871',	'Approval Ticket # APAL-76871',	8,	353,	25,	'2020-12-15',	'2020-12-15 10:00:56',	25),
(2351,	'APAL-73175',	'Approval Ticket # APAL-73175',	8,	353,	25,	'2020-12-15',	'2020-12-15 10:00:56',	25),
(2352,	'APAL-55497',	'Approval Ticket # APAL-55497',	8,	353,	25,	'2020-12-15',	'2020-12-15 10:00:56',	25),
(2353,	'APAL-44538',	'Approval Ticket # APAL-44538',	8,	353,	25,	'2020-12-15',	'2020-12-15 10:00:56',	25),
(2354,	'APAL-39253',	'Approval Ticket # APAL-39253',	8,	353,	25,	'2020-12-15',	'2020-12-15 10:00:56',	25),
(2355,	'APAL-81699',	'Approval Ticket # APAL-81699',	8,	353,	25,	'2020-12-15',	'2020-12-15 10:00:56',	25),
(2356,	'APAL-36546',	'Approval Ticket # APAL-36546',	8,	353,	25,	'2020-12-15',	'2020-12-15 10:00:56',	25),
(2357,	'APAL-16549',	'Approval Ticket # APAL-16549',	8,	353,	25,	'2020-12-15',	'2020-12-15 10:00:56',	25),
(2358,	'APAL-29895',	'Approval Ticket # APAL-29895',	8,	353,	25,	'2020-12-15',	'2020-12-15 10:00:56',	25),
(2359,	'APAL-81252',	'Approval Ticket # APAL-81252',	8,	353,	25,	'2020-12-15',	'2020-12-15 10:00:56',	25),
(2360,	'APAL-36378',	'Approval Ticket # APAL-36378',	8,	353,	25,	'2020-12-15',	'2020-12-15 10:00:56',	25),
(2361,	'APAL-29491',	'Approval Ticket # APAL-29491',	8,	353,	25,	'2020-12-15',	'2020-12-15 10:00:56',	25),
(2362,	'APAL-44760',	'Approval Ticket # APAL-44760',	6,	202,	37,	'2020-12-15',	'2020-12-15 10:01:01',	37),
(2363,	'APAL-22948',	'Approval Ticket # APAL-22948',	97,	361,	37,	'2020-12-15',	'2020-12-15 10:01:01',	37),
(2364,	'APAL-57937',	'Approval Ticket # APAL-57937',	6,	202,	30,	'2020-12-15',	'2020-12-15 10:01:14',	30),
(2365,	'APAL-2185',	'Approval Ticket # APAL-2185',	6,	202,	19,	'2020-12-15',	'2020-12-15 10:01:27',	19),
(2366,	'APAL-6501',	'Approval Ticket # APAL-6501',	97,	361,	19,	'2020-12-15',	'2020-12-15 10:01:27',	19),
(2367,	'APAL-41347',	'Approval Ticket # APAL-41347',	7,	348,	19,	'2020-12-15',	'2020-12-15 10:01:27',	19),
(2368,	'APAL-49546',	'Approval Ticket # APAL-49546',	8,	353,	19,	'2020-12-15',	'2020-12-15 10:01:27',	19),
(2369,	'APAL-64706',	'Approval Ticket # APAL-64706',	8,	353,	19,	'2020-12-15',	'2020-12-15 10:01:27',	19),
(2370,	'APAL-59588',	'Approval Ticket # APAL-59588',	8,	353,	19,	'2020-12-15',	'2020-12-15 10:01:27',	19),
(2371,	'APAL-82933',	'Approval Ticket # APAL-82933',	8,	353,	19,	'2020-12-15',	'2020-12-15 10:01:27',	19),
(2372,	'APAL-45329',	'Approval Ticket # APAL-45329',	8,	353,	19,	'2020-12-15',	'2020-12-15 10:01:27',	19),
(2373,	'APAL-69132',	'Approval Ticket # APAL-69132',	8,	353,	19,	'2020-12-15',	'2020-12-15 10:01:27',	19),
(2374,	'APAL-25262',	'Approval Ticket # APAL-25262',	8,	353,	19,	'2020-12-15',	'2020-12-15 10:01:27',	19),
(2375,	'APAL-20597',	'Approval Ticket # APAL-20597',	8,	353,	19,	'2020-12-15',	'2020-12-15 10:01:27',	19),
(2376,	'APAL-44948',	'Approval Ticket # APAL-44948',	8,	353,	19,	'2020-12-15',	'2020-12-15 10:01:27',	19),
(2377,	'APAL-29761',	'Approval Ticket # APAL-29761',	8,	353,	19,	'2020-12-15',	'2020-12-15 10:01:27',	19),
(2378,	'APAL-68888',	'Approval Ticket # APAL-68888',	8,	353,	19,	'2020-12-15',	'2020-12-15 10:01:27',	19),
(2379,	'APAL-54967',	'Approval Ticket # APAL-54967',	8,	353,	19,	'2020-12-15',	'2020-12-15 10:01:27',	19),
(2380,	'APAL-28153',	'Approval Ticket # APAL-28153',	7,	348,	19,	'2020-12-15',	'2020-12-15 10:01:27',	19),
(2381,	'APAL-62909',	'Approval Ticket # APAL-62909',	8,	353,	19,	'2020-12-15',	'2020-12-15 10:01:27',	19),
(2382,	'APAL-82702',	'Approval Ticket # APAL-82702',	8,	353,	19,	'2020-12-15',	'2020-12-15 10:01:27',	19),
(2383,	'APAL-37619',	'Approval Ticket # APAL-37619',	8,	353,	19,	'2020-12-15',	'2020-12-15 10:01:27',	19),
(2384,	'APAL-83832',	'Approval Ticket # APAL-83832',	8,	353,	19,	'2020-12-15',	'2020-12-15 10:01:27',	19),
(2385,	'APAL-86100',	'Approval Ticket # APAL-86100',	8,	353,	19,	'2020-12-15',	'2020-12-15 10:01:27',	19),
(2386,	'APAL-33103',	'Approval Ticket # APAL-33103',	8,	353,	19,	'2020-12-15',	'2020-12-15 10:01:27',	19),
(2387,	'APAL-60750',	'Approval Ticket # APAL-60750',	8,	353,	19,	'2020-12-15',	'2020-12-15 10:01:27',	19),
(2388,	'APAL-9672',	'Approval Ticket # APAL-9672',	8,	353,	19,	'2020-12-15',	'2020-12-15 10:01:27',	19),
(2389,	'APAL-51415',	'Approval Ticket # APAL-51415',	8,	353,	19,	'2020-12-15',	'2020-12-15 10:01:27',	19),
(2390,	'APAL-72829',	'Approval Ticket # APAL-72829',	8,	353,	19,	'2020-12-15',	'2020-12-15 10:01:27',	19),
(2391,	'APAL-22956',	'Approval Ticket # APAL-22956',	8,	353,	19,	'2020-12-15',	'2020-12-15 10:01:27',	19),
(2392,	'APAL-43359',	'Approval Ticket # APAL-43359',	8,	353,	19,	'2020-12-15',	'2020-12-15 10:01:27',	19),
(2393,	'APAL-29505',	'Approval Ticket # APAL-29505',	7,	348,	19,	'2020-12-15',	'2020-12-15 10:01:27',	19),
(2394,	'APAL-83317',	'Approval Ticket # APAL-83317',	8,	353,	19,	'2020-12-15',	'2020-12-15 10:01:27',	19),
(2395,	'APAL-59513',	'Approval Ticket # APAL-59513',	8,	353,	19,	'2020-12-15',	'2020-12-15 10:01:27',	19),
(2396,	'APAL-26012',	'Approval Ticket # APAL-26012',	8,	353,	19,	'2020-12-15',	'2020-12-15 10:01:27',	19),
(2397,	'APAL-73974',	'Approval Ticket # APAL-73974',	8,	353,	19,	'2020-12-15',	'2020-12-15 10:01:27',	19),
(2398,	'APAL-20378',	'Approval Ticket # APAL-20378',	8,	353,	19,	'2020-12-15',	'2020-12-15 10:01:27',	19),
(2399,	'APAL-71508',	'Approval Ticket # APAL-71508',	8,	353,	19,	'2020-12-15',	'2020-12-15 10:01:27',	19),
(2400,	'APAL-53462',	'Approval Ticket # APAL-53462',	8,	353,	19,	'2020-12-15',	'2020-12-15 10:01:27',	19),
(2401,	'APAL-4529',	'Approval Ticket # APAL-4529',	8,	353,	19,	'2020-12-15',	'2020-12-15 10:01:27',	19),
(2402,	'APAL-60014',	'Approval Ticket # APAL-60014',	8,	353,	19,	'2020-12-15',	'2020-12-15 10:01:27',	19),
(2403,	'APAL-25820',	'Approval Ticket # APAL-25820',	8,	353,	19,	'2020-12-15',	'2020-12-15 10:01:27',	19),
(2404,	'APAL-14471',	'Approval Ticket # APAL-14471',	8,	353,	19,	'2020-12-15',	'2020-12-15 10:01:27',	19),
(2405,	'APAL-77939',	'Approval Ticket # APAL-77939',	8,	353,	19,	'2020-12-15',	'2020-12-15 10:01:27',	19),
(2406,	'APAL-59741',	'Approval Ticket # APAL-59741',	7,	348,	19,	'2020-12-15',	'2020-12-15 10:01:27',	19),
(2407,	'APAL-24414',	'Approval Ticket # APAL-24414',	8,	353,	19,	'2020-12-15',	'2020-12-15 10:01:27',	19),
(2408,	'APAL-14828',	'Approval Ticket # APAL-14828',	8,	353,	19,	'2020-12-15',	'2020-12-15 10:01:27',	19),
(2409,	'APAL-36642',	'Approval Ticket # APAL-36642',	8,	353,	19,	'2020-12-15',	'2020-12-15 10:01:27',	19),
(2410,	'APAL-46052',	'Approval Ticket # APAL-46052',	8,	353,	19,	'2020-12-15',	'2020-12-15 10:01:27',	19),
(2411,	'APAL-9738',	'Approval Ticket # APAL-9738',	8,	353,	19,	'2020-12-15',	'2020-12-15 10:01:27',	19),
(2412,	'APAL-67264',	'Approval Ticket # APAL-67264',	8,	353,	19,	'2020-12-15',	'2020-12-15 10:01:27',	19),
(2413,	'APAL-53650',	'Approval Ticket # APAL-53650',	8,	353,	19,	'2020-12-15',	'2020-12-15 10:01:27',	19),
(2414,	'APAL-28042',	'Approval Ticket # APAL-28042',	8,	353,	19,	'2020-12-15',	'2020-12-15 10:01:27',	19),
(2415,	'APAL-34452',	'Approval Ticket # APAL-34452',	8,	353,	19,	'2020-12-15',	'2020-12-15 10:01:27',	19),
(2416,	'APAL-35799',	'Approval Ticket # APAL-35799',	8,	353,	19,	'2020-12-15',	'2020-12-15 10:01:27',	19),
(2417,	'APAL-68334',	'Approval Ticket # APAL-68334',	8,	353,	19,	'2020-12-15',	'2020-12-15 10:01:27',	19),
(2418,	'APAL-67481',	'Approval Ticket # APAL-67481',	8,	353,	19,	'2020-12-15',	'2020-12-15 10:01:27',	19),
(2419,	'APAL-13234',	'Approval Ticket # APAL-13234',	7,	348,	19,	'2020-12-15',	'2020-12-15 10:01:27',	19),
(2420,	'APAL-86466',	'Approval Ticket # APAL-86466',	8,	353,	19,	'2020-12-15',	'2020-12-15 10:01:27',	19),
(2421,	'APAL-38561',	'Approval Ticket # APAL-38561',	8,	353,	19,	'2020-12-15',	'2020-12-15 10:01:27',	19),
(2422,	'APAL-51207',	'Approval Ticket # APAL-51207',	8,	353,	19,	'2020-12-15',	'2020-12-15 10:01:27',	19),
(2423,	'APAL-20151',	'Approval Ticket # APAL-20151',	8,	353,	19,	'2020-12-15',	'2020-12-15 10:01:27',	19),
(2424,	'APAL-42100',	'Approval Ticket # APAL-42100',	8,	353,	19,	'2020-12-15',	'2020-12-15 10:01:27',	19),
(2425,	'APAL-79473',	'Approval Ticket # APAL-79473',	8,	353,	19,	'2020-12-15',	'2020-12-15 10:01:27',	19),
(2426,	'APAL-38303',	'Approval Ticket # APAL-38303',	8,	353,	19,	'2020-12-15',	'2020-12-15 10:01:27',	19),
(2427,	'APAL-72714',	'Approval Ticket # APAL-72714',	8,	353,	19,	'2020-12-15',	'2020-12-15 10:01:27',	19),
(2428,	'APAL-68073',	'Approval Ticket # APAL-68073',	8,	353,	19,	'2020-12-15',	'2020-12-15 10:01:27',	19),
(2429,	'APAL-62859',	'Approval Ticket # APAL-62859',	8,	353,	19,	'2020-12-15',	'2020-12-15 10:01:27',	19),
(2430,	'APAL-54747',	'Approval Ticket # APAL-54747',	8,	353,	19,	'2020-12-15',	'2020-12-15 10:01:27',	19),
(2431,	'APAL-42609',	'Approval Ticket # APAL-42609',	8,	353,	19,	'2020-12-15',	'2020-12-15 10:01:27',	19),
(2432,	'APAL-77758',	'Approval Ticket # APAL-77758',	7,	348,	19,	'2020-12-15',	'2020-12-15 10:01:27',	19),
(2433,	'APAL-42231',	'Approval Ticket # APAL-42231',	8,	353,	19,	'2020-12-15',	'2020-12-15 10:01:27',	19),
(2434,	'APAL-82235',	'Approval Ticket # APAL-82235',	8,	353,	19,	'2020-12-15',	'2020-12-15 10:01:27',	19),
(2435,	'APAL-10427',	'Approval Ticket # APAL-10427',	8,	353,	19,	'2020-12-15',	'2020-12-15 10:01:27',	19),
(2436,	'APAL-11718',	'Approval Ticket # APAL-11718',	8,	353,	19,	'2020-12-15',	'2020-12-15 10:01:27',	19),
(2437,	'APAL-31859',	'Approval Ticket # APAL-31859',	8,	353,	19,	'2020-12-15',	'2020-12-15 10:01:27',	19),
(2438,	'APAL-68023',	'Approval Ticket # APAL-68023',	8,	353,	19,	'2020-12-15',	'2020-12-15 10:01:27',	19),
(2439,	'APAL-39228',	'Approval Ticket # APAL-39228',	8,	353,	19,	'2020-12-15',	'2020-12-15 10:01:27',	19),
(2440,	'APAL-77549',	'Approval Ticket # APAL-77549',	8,	353,	19,	'2020-12-15',	'2020-12-15 10:01:27',	19),
(2441,	'APAL-9490',	'Approval Ticket # APAL-9490',	8,	353,	19,	'2020-12-15',	'2020-12-15 10:01:27',	19),
(2442,	'APAL-57692',	'Approval Ticket # APAL-57692',	8,	353,	19,	'2020-12-15',	'2020-12-15 10:01:27',	19),
(2443,	'APAL-56985',	'Approval Ticket # APAL-56985',	8,	353,	19,	'2020-12-15',	'2020-12-15 10:01:27',	19),
(2444,	'APAL-22349',	'Approval Ticket # APAL-22349',	8,	353,	19,	'2020-12-15',	'2020-12-15 10:01:27',	19),
(2445,	'APAL-53583',	'Approval Ticket # APAL-53583',	7,	348,	19,	'2020-12-15',	'2020-12-15 10:01:27',	19),
(2446,	'APAL-14457',	'Approval Ticket # APAL-14457',	8,	353,	19,	'2020-12-15',	'2020-12-15 10:01:27',	19),
(2447,	'APAL-66011',	'Approval Ticket # APAL-66011',	8,	353,	19,	'2020-12-15',	'2020-12-15 10:01:27',	19),
(2448,	'APAL-83797',	'Approval Ticket # APAL-83797',	8,	353,	19,	'2020-12-15',	'2020-12-15 10:01:27',	19),
(2449,	'APAL-75831',	'Approval Ticket # APAL-75831',	8,	353,	19,	'2020-12-15',	'2020-12-15 10:01:27',	19),
(2450,	'APAL-36664',	'Approval Ticket # APAL-36664',	8,	353,	19,	'2020-12-15',	'2020-12-15 10:01:27',	19),
(2451,	'APAL-27541',	'Approval Ticket # APAL-27541',	8,	353,	19,	'2020-12-15',	'2020-12-15 10:01:27',	19),
(2452,	'APAL-46631',	'Approval Ticket # APAL-46631',	8,	353,	19,	'2020-12-15',	'2020-12-15 10:01:27',	19),
(2453,	'APAL-59366',	'Approval Ticket # APAL-59366',	8,	353,	19,	'2020-12-15',	'2020-12-15 10:01:27',	19),
(2454,	'APAL-66510',	'Approval Ticket # APAL-66510',	8,	353,	19,	'2020-12-15',	'2020-12-15 10:01:27',	19),
(2455,	'APAL-31817',	'Approval Ticket # APAL-31817',	8,	353,	19,	'2020-12-15',	'2020-12-15 10:01:27',	19),
(2456,	'APAL-16875',	'Approval Ticket # APAL-16875',	8,	353,	19,	'2020-12-15',	'2020-12-15 10:01:27',	19),
(2457,	'APAL-75975',	'Approval Ticket # APAL-75975',	8,	353,	19,	'2020-12-15',	'2020-12-15 10:01:27',	19),
(2458,	'APAL-1796',	'Approval Ticket # APAL-1796',	7,	348,	19,	'2020-12-15',	'2020-12-15 10:01:27',	19),
(2459,	'APAL-33453',	'Approval Ticket # APAL-33453',	8,	353,	19,	'2020-12-15',	'2020-12-15 10:01:27',	19),
(2460,	'APAL-42568',	'Approval Ticket # APAL-42568',	8,	353,	19,	'2020-12-15',	'2020-12-15 10:01:27',	19),
(2461,	'APAL-38005',	'Approval Ticket # APAL-38005',	8,	353,	19,	'2020-12-15',	'2020-12-15 10:01:27',	19),
(2462,	'APAL-61255',	'Approval Ticket # APAL-61255',	8,	353,	19,	'2020-12-15',	'2020-12-15 10:01:27',	19),
(2463,	'APAL-47474',	'Approval Ticket # APAL-47474',	8,	353,	19,	'2020-12-15',	'2020-12-15 10:01:27',	19),
(2464,	'APAL-55396',	'Approval Ticket # APAL-55396',	8,	353,	19,	'2020-12-15',	'2020-12-15 10:01:27',	19),
(2465,	'APAL-72221',	'Approval Ticket # APAL-72221',	8,	353,	19,	'2020-12-15',	'2020-12-15 10:01:27',	19),
(2466,	'APAL-74761',	'Approval Ticket # APAL-74761',	8,	353,	19,	'2020-12-15',	'2020-12-15 10:01:27',	19),
(2467,	'APAL-9650',	'Approval Ticket # APAL-9650',	8,	353,	19,	'2020-12-15',	'2020-12-15 10:01:27',	19),
(2468,	'APAL-21746',	'Approval Ticket # APAL-21746',	8,	353,	19,	'2020-12-15',	'2020-12-15 10:01:27',	19),
(2469,	'APAL-73934',	'Approval Ticket # APAL-73934',	8,	353,	19,	'2020-12-15',	'2020-12-15 10:01:27',	19),
(2470,	'APAL-88233',	'Approval Ticket # APAL-88233',	8,	353,	19,	'2020-12-15',	'2020-12-15 10:01:27',	19),
(2471,	'APAL-71070',	'Approval Ticket # APAL-71070',	6,	202,	24,	'2020-12-15',	'2020-12-15 10:01:46',	24),
(2472,	'APAL-36864',	'Approval Ticket # APAL-36864',	6,	202,	17,	'2020-12-15',	'2020-12-15 10:01:54',	17),
(2473,	'APAL-40816',	'Approval Ticket # APAL-40816',	97,	361,	17,	'2020-12-15',	'2020-12-15 10:01:54',	17),
(2474,	'APAL-80021',	'Approval Ticket # APAL-80021',	6,	202,	12,	'2020-12-15',	'2020-12-15 10:01:59',	12),
(2475,	'APAL-76066',	'Approval Ticket # APAL-76066',	6,	202,	34,	'2020-12-15',	'2020-12-15 10:02:17',	34),
(2476,	'APAL-66260',	'Approval Ticket # APAL-66260',	97,	361,	34,	'2020-12-15',	'2020-12-15 10:02:17',	34),
(2477,	'APAL-9448',	'Approval Ticket # APAL-9448',	7,	348,	34,	'2020-12-15',	'2020-12-15 10:02:17',	34),
(2478,	'APAL-40289',	'Approval Ticket # APAL-40289',	8,	353,	34,	'2020-12-15',	'2020-12-15 10:02:17',	34),
(2479,	'APAL-75854',	'Approval Ticket # APAL-75854',	8,	353,	34,	'2020-12-15',	'2020-12-15 10:02:17',	34),
(2480,	'APAL-45189',	'Approval Ticket # APAL-45189',	8,	353,	34,	'2020-12-15',	'2020-12-15 10:02:17',	34),
(2481,	'APAL-50906',	'Approval Ticket # APAL-50906',	8,	353,	34,	'2020-12-15',	'2020-12-15 10:02:17',	34),
(2482,	'APAL-39308',	'Approval Ticket # APAL-39308',	8,	353,	34,	'2020-12-15',	'2020-12-15 10:02:17',	34),
(2483,	'APAL-56288',	'Approval Ticket # APAL-56288',	8,	353,	34,	'2020-12-15',	'2020-12-15 10:02:17',	34),
(2484,	'APAL-48236',	'Approval Ticket # APAL-48236',	8,	353,	34,	'2020-12-15',	'2020-12-15 10:02:17',	34),
(2485,	'APAL-15940',	'Approval Ticket # APAL-15940',	8,	353,	34,	'2020-12-15',	'2020-12-15 10:02:17',	34),
(2486,	'APAL-9599',	'Approval Ticket # APAL-9599',	8,	353,	34,	'2020-12-15',	'2020-12-15 10:02:17',	34),
(2487,	'APAL-42475',	'Approval Ticket # APAL-42475',	8,	353,	34,	'2020-12-15',	'2020-12-15 10:02:17',	34),
(2488,	'APAL-89515',	'Approval Ticket # APAL-89515',	8,	353,	34,	'2020-12-15',	'2020-12-15 10:02:17',	34),
(2489,	'APAL-30529',	'Approval Ticket # APAL-30529',	8,	353,	34,	'2020-12-15',	'2020-12-15 10:02:17',	34),
(2490,	'APAL-47646',	'Approval Ticket # APAL-47646',	7,	348,	34,	'2020-12-15',	'2020-12-15 10:02:17',	34),
(2491,	'APAL-71505',	'Approval Ticket # APAL-71505',	8,	353,	34,	'2020-12-15',	'2020-12-15 10:02:17',	34),
(2492,	'APAL-51618',	'Approval Ticket # APAL-51618',	8,	353,	34,	'2020-12-15',	'2020-12-15 10:02:17',	34),
(2493,	'APAL-61315',	'Approval Ticket # APAL-61315',	8,	353,	34,	'2020-12-15',	'2020-12-15 10:02:17',	34),
(2494,	'APAL-42444',	'Approval Ticket # APAL-42444',	8,	353,	34,	'2020-12-15',	'2020-12-15 10:02:17',	34),
(2495,	'APAL-10576',	'Approval Ticket # APAL-10576',	8,	353,	34,	'2020-12-15',	'2020-12-15 10:02:17',	34),
(2496,	'APAL-3156',	'Approval Ticket # APAL-3156',	8,	353,	34,	'2020-12-15',	'2020-12-15 10:02:17',	34),
(2497,	'APAL-89052',	'Approval Ticket # APAL-89052',	8,	353,	34,	'2020-12-15',	'2020-12-15 10:02:17',	34),
(2498,	'APAL-79524',	'Approval Ticket # APAL-79524',	8,	353,	34,	'2020-12-15',	'2020-12-15 10:02:17',	34),
(2499,	'APAL-35082',	'Approval Ticket # APAL-35082',	8,	353,	34,	'2020-12-15',	'2020-12-15 10:02:17',	34),
(2500,	'APAL-74546',	'Approval Ticket # APAL-74546',	8,	353,	34,	'2020-12-15',	'2020-12-15 10:02:17',	34),
(2501,	'APAL-88551',	'Approval Ticket # APAL-88551',	8,	353,	34,	'2020-12-15',	'2020-12-15 10:02:17',	34),
(2502,	'APAL-65852',	'Approval Ticket # APAL-65852',	8,	353,	34,	'2020-12-15',	'2020-12-15 10:02:17',	34),
(2503,	'APAL-12141',	'Approval Ticket # APAL-12141',	7,	348,	34,	'2020-12-15',	'2020-12-15 10:02:17',	34),
(2504,	'APAL-79836',	'Approval Ticket # APAL-79836',	8,	353,	34,	'2020-12-15',	'2020-12-15 10:02:17',	34),
(2505,	'APAL-35119',	'Approval Ticket # APAL-35119',	8,	353,	34,	'2020-12-15',	'2020-12-15 10:02:17',	34),
(2506,	'APAL-8162',	'Approval Ticket # APAL-8162',	8,	353,	34,	'2020-12-15',	'2020-12-15 10:02:17',	34),
(2507,	'APAL-64482',	'Approval Ticket # APAL-64482',	8,	353,	34,	'2020-12-15',	'2020-12-15 10:02:17',	34),
(2508,	'APAL-65028',	'Approval Ticket # APAL-65028',	8,	353,	34,	'2020-12-15',	'2020-12-15 10:02:17',	34),
(2509,	'APAL-11756',	'Approval Ticket # APAL-11756',	8,	353,	34,	'2020-12-15',	'2020-12-15 10:02:17',	34),
(2510,	'APAL-45289',	'Approval Ticket # APAL-45289',	8,	353,	34,	'2020-12-15',	'2020-12-15 10:02:17',	34),
(2511,	'APAL-63133',	'Approval Ticket # APAL-63133',	8,	353,	34,	'2020-12-15',	'2020-12-15 10:02:17',	34),
(2512,	'APAL-54216',	'Approval Ticket # APAL-54216',	8,	353,	34,	'2020-12-15',	'2020-12-15 10:02:17',	34),
(2513,	'APAL-72571',	'Approval Ticket # APAL-72571',	8,	353,	34,	'2020-12-15',	'2020-12-15 10:02:17',	34),
(2514,	'APAL-32379',	'Approval Ticket # APAL-32379',	8,	353,	34,	'2020-12-15',	'2020-12-15 10:02:17',	34),
(2515,	'APAL-6937',	'Approval Ticket # APAL-6937',	8,	353,	34,	'2020-12-15',	'2020-12-15 10:02:17',	34),
(2516,	'APAL-52940',	'Approval Ticket # APAL-52940',	7,	348,	34,	'2020-12-15',	'2020-12-15 10:02:17',	34),
(2517,	'APAL-30004',	'Approval Ticket # APAL-30004',	8,	353,	34,	'2020-12-15',	'2020-12-15 10:02:17',	34),
(2518,	'APAL-73184',	'Approval Ticket # APAL-73184',	8,	353,	34,	'2020-12-15',	'2020-12-15 10:02:17',	34),
(2519,	'APAL-38030',	'Approval Ticket # APAL-38030',	8,	353,	34,	'2020-12-15',	'2020-12-15 10:02:17',	34),
(2520,	'APAL-65443',	'Approval Ticket # APAL-65443',	8,	353,	34,	'2020-12-15',	'2020-12-15 10:02:17',	34),
(2521,	'APAL-74140',	'Approval Ticket # APAL-74140',	8,	353,	34,	'2020-12-15',	'2020-12-15 10:02:17',	34),
(2522,	'APAL-5023',	'Approval Ticket # APAL-5023',	8,	353,	34,	'2020-12-15',	'2020-12-15 10:02:17',	34),
(2523,	'APAL-82909',	'Approval Ticket # APAL-82909',	8,	353,	34,	'2020-12-15',	'2020-12-15 10:02:17',	34),
(2524,	'APAL-5056',	'Approval Ticket # APAL-5056',	8,	353,	34,	'2020-12-15',	'2020-12-15 10:02:17',	34),
(2525,	'APAL-16332',	'Approval Ticket # APAL-16332',	8,	353,	34,	'2020-12-15',	'2020-12-15 10:02:17',	34),
(2526,	'APAL-74477',	'Approval Ticket # APAL-74477',	8,	353,	34,	'2020-12-15',	'2020-12-15 10:02:17',	34),
(2527,	'APAL-4851',	'Approval Ticket # APAL-4851',	8,	353,	34,	'2020-12-15',	'2020-12-15 10:02:17',	34),
(2528,	'APAL-9615',	'Approval Ticket # APAL-9615',	8,	353,	34,	'2020-12-15',	'2020-12-15 10:02:17',	34),
(2529,	'APAL-80850',	'Approval Ticket # APAL-80850',	7,	348,	34,	'2020-12-15',	'2020-12-15 10:02:17',	34),
(2530,	'APAL-17113',	'Approval Ticket # APAL-17113',	8,	353,	34,	'2020-12-15',	'2020-12-15 10:02:17',	34),
(2531,	'APAL-18161',	'Approval Ticket # APAL-18161',	8,	353,	34,	'2020-12-15',	'2020-12-15 10:02:17',	34),
(2532,	'APAL-76331',	'Approval Ticket # APAL-76331',	8,	353,	34,	'2020-12-15',	'2020-12-15 10:02:17',	34),
(2533,	'APAL-80269',	'Approval Ticket # APAL-80269',	8,	353,	34,	'2020-12-15',	'2020-12-15 10:02:17',	34),
(2534,	'APAL-81536',	'Approval Ticket # APAL-81536',	8,	353,	34,	'2020-12-15',	'2020-12-15 10:02:17',	34),
(2535,	'APAL-86302',	'Approval Ticket # APAL-86302',	8,	353,	34,	'2020-12-15',	'2020-12-15 10:02:17',	34),
(2536,	'APAL-68497',	'Approval Ticket # APAL-68497',	8,	353,	34,	'2020-12-15',	'2020-12-15 10:02:17',	34),
(2537,	'APAL-21666',	'Approval Ticket # APAL-21666',	8,	353,	34,	'2020-12-15',	'2020-12-15 10:02:17',	34),
(2538,	'APAL-13682',	'Approval Ticket # APAL-13682',	8,	353,	34,	'2020-12-15',	'2020-12-15 10:02:17',	34),
(2539,	'APAL-56203',	'Approval Ticket # APAL-56203',	8,	353,	34,	'2020-12-15',	'2020-12-15 10:02:17',	34),
(2540,	'APAL-45230',	'Approval Ticket # APAL-45230',	8,	353,	34,	'2020-12-15',	'2020-12-15 10:02:17',	34),
(2541,	'APAL-28835',	'Approval Ticket # APAL-28835',	8,	353,	34,	'2020-12-15',	'2020-12-15 10:02:17',	34),
(2542,	'APAL-43831',	'Approval Ticket # APAL-43831',	6,	202,	15,	'2020-12-15',	'2020-12-15 10:02:41',	15),
(2543,	'APAL-68763',	'Approval Ticket # APAL-68763',	6,	202,	15,	'2020-12-15',	'2020-12-15 10:05:39',	15),
(2544,	'APAL-25669',	'Approval Ticket # APAL-25669',	97,	361,	15,	'2020-12-15',	'2020-12-15 10:05:39',	15),
(2545,	'APAL-11807',	'Approval Ticket # APAL-11807',	6,	202,	34,	'2020-12-15',	'2020-12-15 10:29:29',	34),
(2546,	'APAL-68304',	'Approval Ticket # APAL-68304',	6,	202,	34,	'2020-12-15',	'2020-12-15 10:30:39',	34),
(2547,	'APAL-56247',	'Approval Ticket # APAL-56247',	97,	361,	34,	'2020-12-15',	'2020-12-15 10:30:39',	34),
(2548,	'APAL-74336',	'Approval Ticket # APAL-74336',	6,	202,	44,	'2020-12-15',	'2020-12-15 10:47:04',	44),
(2549,	'APAL-73671',	'Approval Ticket # APAL-73671',	97,	361,	44,	'2020-12-15',	'2020-12-15 10:47:04',	44),
(2550,	'APAL-20657',	'Approval Ticket # APAL-20657',	7,	348,	34,	'2020-12-15',	'2020-12-15 11:49:27',	34),
(2551,	'APAL-24874',	'Approval Ticket # APAL-24874',	8,	353,	34,	'2020-12-15',	'2020-12-15 11:49:27',	34),
(2552,	'APAL-33796',	'Approval Ticket # APAL-33796',	8,	353,	34,	'2020-12-15',	'2020-12-15 11:49:27',	34),
(2553,	'APAL-84596',	'Approval Ticket # APAL-84596',	8,	353,	34,	'2020-12-15',	'2020-12-15 11:49:27',	34),
(2554,	'APAL-75509',	'Approval Ticket # APAL-75509',	8,	353,	34,	'2020-12-15',	'2020-12-15 11:49:27',	34),
(2555,	'APAL-18686',	'Approval Ticket # APAL-18686',	8,	353,	34,	'2020-12-15',	'2020-12-15 11:49:27',	34),
(2556,	'APAL-48959',	'Approval Ticket # APAL-48959',	8,	353,	34,	'2020-12-15',	'2020-12-15 11:49:27',	34),
(2557,	'APAL-82395',	'Approval Ticket # APAL-82395',	8,	353,	34,	'2020-12-15',	'2020-12-15 11:49:27',	34),
(2558,	'APAL-51350',	'Approval Ticket # APAL-51350',	8,	353,	34,	'2020-12-15',	'2020-12-15 11:49:27',	34),
(2559,	'APAL-30194',	'Approval Ticket # APAL-30194',	8,	353,	34,	'2020-12-15',	'2020-12-15 11:49:27',	34),
(2560,	'APAL-81436',	'Approval Ticket # APAL-81436',	8,	353,	34,	'2020-12-15',	'2020-12-15 11:49:27',	34),
(2561,	'APAL-24712',	'Approval Ticket # APAL-24712',	8,	353,	34,	'2020-12-15',	'2020-12-15 11:49:27',	34),
(2562,	'APAL-31193',	'Approval Ticket # APAL-31193',	8,	353,	34,	'2020-12-15',	'2020-12-15 11:49:27',	34),
(2563,	'APAL-61608',	'Approval Ticket # APAL-61608',	7,	348,	15,	'2020-12-15',	'2020-12-15 11:49:31',	15),
(2564,	'APAL-62445',	'Approval Ticket # APAL-62445',	8,	353,	15,	'2020-12-15',	'2020-12-15 11:49:31',	15),
(2565,	'APAL-57609',	'Approval Ticket # APAL-57609',	8,	353,	15,	'2020-12-15',	'2020-12-15 11:49:31',	15),
(2566,	'APAL-55789',	'Approval Ticket # APAL-55789',	8,	353,	15,	'2020-12-15',	'2020-12-15 11:49:31',	15),
(2567,	'APAL-65533',	'Approval Ticket # APAL-65533',	8,	353,	15,	'2020-12-15',	'2020-12-15 11:49:31',	15),
(2568,	'APAL-84519',	'Approval Ticket # APAL-84519',	8,	353,	15,	'2020-12-15',	'2020-12-15 11:49:31',	15),
(2569,	'APAL-51935',	'Approval Ticket # APAL-51935',	8,	353,	15,	'2020-12-15',	'2020-12-15 11:49:31',	15),
(2570,	'APAL-64525',	'Approval Ticket # APAL-64525',	8,	353,	15,	'2020-12-15',	'2020-12-15 11:49:31',	15),
(2571,	'APAL-85501',	'Approval Ticket # APAL-85501',	8,	353,	15,	'2020-12-15',	'2020-12-15 11:49:31',	15),
(2572,	'APAL-85541',	'Approval Ticket # APAL-85541',	8,	353,	15,	'2020-12-15',	'2020-12-15 11:49:31',	15),
(2573,	'APAL-50614',	'Approval Ticket # APAL-50614',	8,	353,	15,	'2020-12-15',	'2020-12-15 11:49:31',	15),
(2574,	'APAL-34559',	'Approval Ticket # APAL-34559',	8,	353,	15,	'2020-12-15',	'2020-12-15 11:49:31',	15),
(2575,	'APAL-69733',	'Approval Ticket # APAL-69733',	8,	353,	15,	'2020-12-15',	'2020-12-15 11:49:31',	15),
(2576,	'APAL-8972',	'Approval Ticket # APAL-8972',	7,	348,	35,	'2020-12-15',	'2020-12-15 11:50:29',	35),
(2577,	'APAL-36167',	'Approval Ticket # APAL-36167',	8,	353,	35,	'2020-12-15',	'2020-12-15 11:50:29',	35),
(2578,	'APAL-76450',	'Approval Ticket # APAL-76450',	8,	353,	35,	'2020-12-15',	'2020-12-15 11:50:29',	35),
(2579,	'APAL-43991',	'Approval Ticket # APAL-43991',	8,	353,	35,	'2020-12-15',	'2020-12-15 11:50:29',	35),
(2580,	'APAL-51636',	'Approval Ticket # APAL-51636',	8,	353,	35,	'2020-12-15',	'2020-12-15 11:50:29',	35),
(2581,	'APAL-74102',	'Approval Ticket # APAL-74102',	8,	353,	35,	'2020-12-15',	'2020-12-15 11:50:29',	35),
(2582,	'APAL-58583',	'Approval Ticket # APAL-58583',	8,	353,	35,	'2020-12-15',	'2020-12-15 11:50:29',	35),
(2583,	'APAL-44280',	'Approval Ticket # APAL-44280',	8,	353,	35,	'2020-12-15',	'2020-12-15 11:50:29',	35),
(2584,	'APAL-77416',	'Approval Ticket # APAL-77416',	8,	353,	35,	'2020-12-15',	'2020-12-15 11:50:29',	35),
(2585,	'APAL-64997',	'Approval Ticket # APAL-64997',	8,	353,	35,	'2020-12-15',	'2020-12-15 11:50:29',	35),
(2586,	'APAL-21415',	'Approval Ticket # APAL-21415',	8,	353,	35,	'2020-12-15',	'2020-12-15 11:50:29',	35),
(2587,	'APAL-70934',	'Approval Ticket # APAL-70934',	8,	353,	35,	'2020-12-15',	'2020-12-15 11:50:29',	35),
(2588,	'APAL-1386',	'Approval Ticket # APAL-1386',	8,	353,	35,	'2020-12-15',	'2020-12-15 11:50:29',	35),
(2589,	'APAL-58452',	'Approval Ticket # APAL-58452',	7,	348,	22,	'2020-12-15',	'2020-12-15 11:52:02',	22),
(2590,	'APAL-57019',	'Approval Ticket # APAL-57019',	8,	353,	22,	'2020-12-15',	'2020-12-15 11:52:02',	22),
(2591,	'APAL-61233',	'Approval Ticket # APAL-61233',	8,	353,	22,	'2020-12-15',	'2020-12-15 11:52:02',	22),
(2592,	'APAL-68667',	'Approval Ticket # APAL-68667',	8,	353,	22,	'2020-12-15',	'2020-12-15 11:52:02',	22),
(2593,	'APAL-64751',	'Approval Ticket # APAL-64751',	8,	353,	22,	'2020-12-15',	'2020-12-15 11:52:02',	22),
(2594,	'APAL-20546',	'Approval Ticket # APAL-20546',	8,	353,	22,	'2020-12-15',	'2020-12-15 11:52:02',	22),
(2595,	'APAL-73063',	'Approval Ticket # APAL-73063',	8,	353,	22,	'2020-12-15',	'2020-12-15 11:52:02',	22),
(2596,	'APAL-84211',	'Approval Ticket # APAL-84211',	8,	353,	22,	'2020-12-15',	'2020-12-15 11:52:02',	22),
(2597,	'APAL-6026',	'Approval Ticket # APAL-6026',	8,	353,	22,	'2020-12-15',	'2020-12-15 11:52:02',	22),
(2598,	'APAL-29781',	'Approval Ticket # APAL-29781',	8,	353,	22,	'2020-12-15',	'2020-12-15 11:52:02',	22),
(2599,	'APAL-71598',	'Approval Ticket # APAL-71598',	8,	353,	22,	'2020-12-15',	'2020-12-15 11:52:02',	22),
(2600,	'APAL-79565',	'Approval Ticket # APAL-79565',	8,	353,	22,	'2020-12-15',	'2020-12-15 11:52:02',	22),
(2601,	'APAL-38459',	'Approval Ticket # APAL-38459',	8,	353,	22,	'2020-12-15',	'2020-12-15 11:52:02',	22),
(2602,	'APAL-38244',	'Approval Ticket # APAL-38244',	7,	348,	34,	'2020-12-15',	'2020-12-15 11:53:56',	34),
(2603,	'APAL-67905',	'Approval Ticket # APAL-67905',	8,	353,	34,	'2020-12-15',	'2020-12-15 11:53:56',	34),
(2604,	'APAL-15619',	'Approval Ticket # APAL-15619',	8,	353,	34,	'2020-12-15',	'2020-12-15 11:53:56',	34),
(2605,	'APAL-51254',	'Approval Ticket # APAL-51254',	8,	353,	34,	'2020-12-15',	'2020-12-15 11:53:56',	34),
(2606,	'APAL-58099',	'Approval Ticket # APAL-58099',	8,	353,	34,	'2020-12-15',	'2020-12-15 11:53:56',	34),
(2607,	'APAL-35145',	'Approval Ticket # APAL-35145',	8,	353,	34,	'2020-12-15',	'2020-12-15 11:53:56',	34),
(2608,	'APAL-25365',	'Approval Ticket # APAL-25365',	8,	353,	34,	'2020-12-15',	'2020-12-15 11:53:56',	34),
(2609,	'APAL-56168',	'Approval Ticket # APAL-56168',	8,	353,	34,	'2020-12-15',	'2020-12-15 11:53:56',	34),
(2610,	'APAL-11563',	'Approval Ticket # APAL-11563',	8,	353,	34,	'2020-12-15',	'2020-12-15 11:53:56',	34),
(2611,	'APAL-46813',	'Approval Ticket # APAL-46813',	8,	353,	34,	'2020-12-15',	'2020-12-15 11:53:56',	34),
(2612,	'APAL-65848',	'Approval Ticket # APAL-65848',	8,	353,	34,	'2020-12-15',	'2020-12-15 11:53:56',	34),
(2613,	'APAL-68581',	'Approval Ticket # APAL-68581',	8,	353,	34,	'2020-12-15',	'2020-12-15 11:53:56',	34),
(2614,	'APAL-72335',	'Approval Ticket # APAL-72335',	8,	353,	34,	'2020-12-15',	'2020-12-15 11:53:56',	34),
(2615,	'APAL-69237',	'Approval Ticket # APAL-69237',	7,	348,	15,	'2020-12-15',	'2020-12-15 11:55:07',	15),
(2616,	'APAL-69929',	'Approval Ticket # APAL-69929',	8,	353,	15,	'2020-12-15',	'2020-12-15 11:55:07',	15),
(2617,	'APAL-89481',	'Approval Ticket # APAL-89481',	8,	353,	15,	'2020-12-15',	'2020-12-15 11:55:07',	15),
(2618,	'APAL-55724',	'Approval Ticket # APAL-55724',	8,	353,	15,	'2020-12-15',	'2020-12-15 11:55:07',	15),
(2619,	'APAL-42157',	'Approval Ticket # APAL-42157',	8,	353,	15,	'2020-12-15',	'2020-12-15 11:55:07',	15),
(2620,	'APAL-40614',	'Approval Ticket # APAL-40614',	8,	353,	15,	'2020-12-15',	'2020-12-15 11:55:07',	15),
(2621,	'APAL-5775',	'Approval Ticket # APAL-5775',	8,	353,	15,	'2020-12-15',	'2020-12-15 11:55:07',	15),
(2622,	'APAL-72990',	'Approval Ticket # APAL-72990',	8,	353,	15,	'2020-12-15',	'2020-12-15 11:55:07',	15),
(2623,	'APAL-36194',	'Approval Ticket # APAL-36194',	8,	353,	15,	'2020-12-15',	'2020-12-15 11:55:07',	15),
(2624,	'APAL-10384',	'Approval Ticket # APAL-10384',	8,	353,	15,	'2020-12-15',	'2020-12-15 11:55:07',	15),
(2625,	'APAL-63170',	'Approval Ticket # APAL-63170',	8,	353,	15,	'2020-12-15',	'2020-12-15 11:55:07',	15),
(2626,	'APAL-18088',	'Approval Ticket # APAL-18088',	8,	353,	15,	'2020-12-15',	'2020-12-15 11:55:07',	15),
(2627,	'APAL-37585',	'Approval Ticket # APAL-37585',	8,	353,	15,	'2020-12-15',	'2020-12-15 11:55:07',	15),
(2628,	'APAL-12841',	'Approval Ticket # APAL-12841',	7,	348,	35,	'2020-12-15',	'2020-12-15 11:55:56',	35),
(2629,	'APAL-64664',	'Approval Ticket # APAL-64664',	8,	353,	35,	'2020-12-15',	'2020-12-15 11:55:56',	35),
(2630,	'APAL-35721',	'Approval Ticket # APAL-35721',	8,	353,	35,	'2020-12-15',	'2020-12-15 11:55:56',	35),
(2631,	'APAL-51444',	'Approval Ticket # APAL-51444',	8,	353,	35,	'2020-12-15',	'2020-12-15 11:55:56',	35),
(2632,	'APAL-15872',	'Approval Ticket # APAL-15872',	8,	353,	35,	'2020-12-15',	'2020-12-15 11:55:56',	35),
(2633,	'APAL-55277',	'Approval Ticket # APAL-55277',	8,	353,	35,	'2020-12-15',	'2020-12-15 11:55:56',	35),
(2634,	'APAL-1692',	'Approval Ticket # APAL-1692',	8,	353,	35,	'2020-12-15',	'2020-12-15 11:55:56',	35),
(2635,	'APAL-87014',	'Approval Ticket # APAL-87014',	8,	353,	35,	'2020-12-15',	'2020-12-15 11:55:56',	35),
(2636,	'APAL-69957',	'Approval Ticket # APAL-69957',	8,	353,	35,	'2020-12-15',	'2020-12-15 11:55:56',	35),
(2637,	'APAL-60521',	'Approval Ticket # APAL-60521',	8,	353,	35,	'2020-12-15',	'2020-12-15 11:55:56',	35),
(2638,	'APAL-71652',	'Approval Ticket # APAL-71652',	8,	353,	35,	'2020-12-15',	'2020-12-15 11:55:56',	35),
(2639,	'APAL-10385',	'Approval Ticket # APAL-10385',	8,	353,	35,	'2020-12-15',	'2020-12-15 11:55:56',	35),
(2640,	'APAL-46151',	'Approval Ticket # APAL-46151',	8,	353,	35,	'2020-12-15',	'2020-12-15 11:55:56',	35),
(2641,	'APAL-58792',	'Approval Ticket # APAL-58792',	7,	348,	22,	'2020-12-15',	'2020-12-15 11:57:09',	22),
(2642,	'APAL-85503',	'Approval Ticket # APAL-85503',	8,	353,	22,	'2020-12-15',	'2020-12-15 11:57:09',	22),
(2643,	'APAL-55979',	'Approval Ticket # APAL-55979',	8,	353,	22,	'2020-12-15',	'2020-12-15 11:57:09',	22),
(2644,	'APAL-65220',	'Approval Ticket # APAL-65220',	8,	353,	22,	'2020-12-15',	'2020-12-15 11:57:09',	22),
(2645,	'APAL-15247',	'Approval Ticket # APAL-15247',	8,	353,	22,	'2020-12-15',	'2020-12-15 11:57:09',	22),
(2646,	'APAL-23050',	'Approval Ticket # APAL-23050',	8,	353,	22,	'2020-12-15',	'2020-12-15 11:57:09',	22),
(2647,	'APAL-50766',	'Approval Ticket # APAL-50766',	8,	353,	22,	'2020-12-15',	'2020-12-15 11:57:09',	22),
(2648,	'APAL-54002',	'Approval Ticket # APAL-54002',	8,	353,	22,	'2020-12-15',	'2020-12-15 11:57:09',	22),
(2649,	'APAL-41595',	'Approval Ticket # APAL-41595',	8,	353,	22,	'2020-12-15',	'2020-12-15 11:57:09',	22),
(2650,	'APAL-23853',	'Approval Ticket # APAL-23853',	8,	353,	22,	'2020-12-15',	'2020-12-15 11:57:09',	22),
(2651,	'APAL-88597',	'Approval Ticket # APAL-88597',	8,	353,	22,	'2020-12-15',	'2020-12-15 11:57:09',	22),
(2652,	'APAL-24633',	'Approval Ticket # APAL-24633',	8,	353,	22,	'2020-12-15',	'2020-12-15 11:57:09',	22),
(2653,	'APAL-51705',	'Approval Ticket # APAL-51705',	8,	353,	22,	'2020-12-15',	'2020-12-15 11:57:09',	22),
(2654,	'APAL-33243',	'Approval Ticket # APAL-33243',	6,	202,	32,	'2020-12-15',	'2020-12-15 12:05:16',	32),
(2655,	'APAL-23331',	'Approval Ticket # APAL-23331',	97,	361,	32,	'2020-12-15',	'2020-12-15 12:05:16',	32),
(2656,	'APAL-40712',	'Approval Ticket # APAL-40712',	6,	202,	30,	'2020-12-15',	'2020-12-15 12:18:30',	30),
(2657,	'APAL-85632',	'Approval Ticket # APAL-85632',	47,	304,	11,	'2020-12-15',	'2020-12-15 13:05:22',	11),
(2658,	'APAL-59433',	'Approval Ticket # APAL-59433',	24,	0,	11,	'2020-12-15',	'2020-12-15 13:05:22',	11),
(2659,	'APAL-6253',	'Approval Ticket # APAL-6253',	24,	0,	11,	'2020-12-15',	'2020-12-15 13:05:22',	11),
(2660,	'APAL-32338',	'Approval Ticket # APAL-32338',	24,	0,	11,	'2020-12-15',	'2020-12-15 13:05:22',	11),
(2661,	'APAL-85098',	'Approval Ticket # APAL-85098',	24,	0,	11,	'2020-12-15',	'2020-12-15 13:05:22',	11),
(2662,	'APAL-74112',	'Approval Ticket # APAL-74112',	62,	315,	11,	'2020-12-15',	'2020-12-15 13:05:22',	11),
(2663,	'APAL-47267',	'Approval Ticket # APAL-47267',	48,	0,	11,	'2020-12-15',	'2020-12-15 13:05:22',	11),
(2664,	'APAL-48918',	'Approval Ticket # APAL-48918',	62,	315,	11,	'2020-12-15',	'2020-12-15 13:06:59',	11),
(2665,	'APAL-68596',	'Approval Ticket # APAL-68596',	48,	0,	11,	'2020-12-15',	'2020-12-15 13:06:59',	11),
(2666,	'APAL-4107',	'Approval Ticket # APAL-4107',	62,	315,	11,	'2020-12-15',	'2020-12-15 13:07:30',	11),
(2667,	'APAL-35307',	'Approval Ticket # APAL-35307',	48,	0,	11,	'2020-12-15',	'2020-12-15 13:07:30',	11),
(2668,	'APAL-78306',	'Approval Ticket # APAL-78306',	62,	315,	11,	'2020-12-15',	'2020-12-15 13:08:12',	11),
(2669,	'APAL-38138',	'Approval Ticket # APAL-38138',	48,	0,	11,	'2020-12-15',	'2020-12-15 13:08:12',	11),
(2670,	'APAL-74611',	'Approval Ticket # APAL-74611',	71,	404,	1,	'2020-12-15',	'2020-12-15 13:11:53',	1),
(2671,	'APAL-30109',	'Approval Ticket # APAL-30109',	93,	244,	1,	'2020-12-15',	'2020-12-15 13:13:06',	1),
(2672,	'APAL-13079',	'Approval Ticket # APAL-13079',	72,	338,	44,	'2020-12-15',	'2020-12-15 13:14:39',	44),
(2673,	'APAL-24369',	'Approval Ticket # APAL-24369',	54,	411,	11,	'2020-12-15',	'2020-12-15 13:29:03',	11),
(2674,	'APAL-29536',	'Approval Ticket # APAL-29536',	51,	426,	11,	'2020-12-15',	'2020-12-15 13:32:49',	11),
(2675,	'APAL-19059',	'Approval Ticket # APAL-19059',	52,	422,	11,	'2020-12-15',	'2020-12-15 13:35:19',	11),
(2676,	'APAL-27537',	'Approval Ticket # APAL-27537',	92,	236,	1,	'2020-12-15',	'2020-12-15 13:37:52',	1),
(2677,	'APAL-1910',	'Approval Ticket # APAL-1910',	91,	212,	1,	'2020-12-15',	'2020-12-15 13:38:48',	1),
(2678,	'APAL-76891',	'Approval Ticket # APAL-76891',	91,	212,	1,	'2020-12-15',	'2020-12-15 13:38:48',	1),
(2679,	'APAL-68932',	'Approval Ticket # APAL-68932',	91,	212,	1,	'2020-12-15',	'2020-12-15 13:38:48',	1),
(2680,	'APAL-14134',	'Approval Ticket # APAL-14134',	91,	212,	1,	'2020-12-15',	'2020-12-15 13:38:48',	1),
(2681,	'APAL-45134',	'Approval Ticket # APAL-45134',	93,	244,	1,	'2020-12-15',	'2020-12-15 13:39:27',	1),
(2682,	'APAL-76395',	'Approval Ticket # APAL-76395',	55,	434,	11,	'2020-12-15',	'2020-12-15 13:46:16',	11),
(2683,	'APAL-89206',	'Approval Ticket # APAL-89206',	9,	389,	41,	'2020-12-15',	'2020-12-15 13:50:23',	41),
(2684,	'APAL-32807',	'Approval Ticket # APAL-32807',	75,	259,	1,	'2020-12-15',	'2020-12-15 13:54:12',	1),
(2685,	'APAL-67627',	'Approval Ticket # APAL-67627',	75,	259,	1,	'2020-12-15',	'2020-12-15 13:54:12',	1),
(2686,	'APAL-45455',	'Approval Ticket # APAL-45455',	9,	389,	41,	'2020-12-15',	'2020-12-15 13:59:19',	41),
(2687,	'APAL-20204',	'Approval Ticket # APAL-20204',	91,	212,	1,	'2020-12-15',	'2020-12-15 15:07:45',	1),
(2688,	'APAL-28427',	'Approval Ticket # APAL-28427',	91,	212,	1,	'2020-12-15',	'2020-12-15 15:07:45',	1),
(2689,	'APAL-45626',	'Approval Ticket # APAL-45626',	9,	388,	46,	'2020-12-15',	'2020-12-15 15:21:58',	46),
(2690,	'APAL-67095',	'Approval Ticket # APAL-67095',	75,	259,	1,	'2020-12-15',	'2020-12-15 15:21:01',	1),
(2691,	'APAL-80115',	'Approval Ticket # APAL-80115',	9,	389,	41,	'2020-12-15',	'2020-12-15 15:29:00',	41),
(2692,	'APAL-26907',	'Approval Ticket # APAL-26907',	9,	150,	41,	'2020-12-15',	'2020-12-15 15:42:45',	41),
(2693,	'APAL-46515',	'Approval Ticket # APAL-46515',	55,	434,	11,	'2020-12-15',	'2020-12-15 18:36:41',	11),
(2694,	'APAL-5938',	'Approval Ticket # APAL-5938',	55,	434,	11,	'2020-12-15',	'2020-12-15 18:40:41',	11),
(2695,	'APAL-62493',	'Approval Ticket # APAL-62493',	55,	434,	11,	'2020-12-15',	'2020-12-15 18:44:32',	11),
(2696,	'APAL-59276',	'Approval Ticket # APAL-59276',	55,	434,	11,	'2020-12-15',	'2020-12-15 18:46:36',	11),
(2697,	'APAL-13758',	'Approval Ticket # APAL-13758',	54,	411,	11,	'2020-12-15',	'2020-12-15 18:51:09',	11),
(2698,	'APAL-13098',	'Approval Ticket # APAL-13098',	54,	411,	11,	'2020-12-15',	'2020-12-15 18:59:15',	11),
(2699,	'APAL-46652',	'Approval Ticket # APAL-46652',	54,	411,	11,	'2020-12-15',	'2020-12-15 19:01:51',	11),
(2700,	'APAL-8131',	'Approval Ticket # APAL-8131',	54,	411,	11,	'2020-12-15',	'2020-12-15 19:06:25',	11),
(2701,	'APAL-77471',	'Approval Ticket # APAL-77471',	54,	411,	11,	'2020-12-15',	'2020-12-15 19:08:46',	11),
(2702,	'APAL-1978',	'Approval Ticket # APAL-1978',	54,	411,	11,	'2020-12-15',	'2020-12-15 19:11:30',	11),
(2703,	'APAL-50533',	'Approval Ticket # APAL-50533',	54,	411,	11,	'2020-12-15',	'2020-12-15 19:13:18',	11),
(2704,	'APAL-66528',	'Approval Ticket # APAL-66528',	54,	411,	11,	'2020-12-15',	'2020-12-15 19:25:24',	11),
(2705,	'APAL-85461',	'Approval Ticket # APAL-85461',	54,	411,	11,	'2020-12-15',	'2020-12-15 19:29:08',	11),
(2706,	'APAL-9244',	'Approval Ticket # APAL-9244',	54,	411,	11,	'2020-12-15',	'2020-12-15 19:32:00',	11),
(2707,	'APAL-8844',	'Approval Ticket # APAL-8844',	54,	411,	11,	'2020-12-15',	'2020-12-15 19:35:25',	11),
(2708,	'APAL-31626',	'Approval Ticket # APAL-31626',	54,	411,	11,	'2020-12-15',	'2020-12-15 19:37:23',	11),
(2709,	'APAL-58420',	'Approval Ticket # APAL-58420',	51,	426,	11,	'2020-12-15',	'2020-12-15 19:41:41',	11),
(2710,	'APAL-50620',	'Approval Ticket # APAL-50620',	52,	422,	11,	'2020-12-15',	'2020-12-15 19:43:11',	11),
(2711,	'APAL-23971',	'Approval Ticket # APAL-23971',	55,	434,	11,	'2020-12-15',	'2020-12-15 19:51:13',	11),
(2712,	'APAL-88411',	'Approval Ticket # APAL-88411',	55,	434,	11,	'2020-12-15',	'2020-12-15 19:59:06',	11),
(2713,	'APAL-39167',	'Approval Ticket # APAL-39167',	55,	434,	11,	'2020-12-15',	'2020-12-15 20:01:30',	11),
(2714,	'APAL-38879',	'Approval Ticket # APAL-38879',	55,	434,	11,	'2020-12-15',	'2020-12-15 20:05:53',	11),
(2715,	'APAL-75558',	'Approval Ticket # APAL-75558',	55,	434,	11,	'2020-12-15',	'2020-12-15 20:08:43',	11),
(2716,	'APAL-81179',	'Approval Ticket # APAL-81179',	54,	411,	11,	'2020-12-15',	'2020-12-15 20:14:27',	11),
(2717,	'APAL-83979',	'Approval Ticket # APAL-83979',	54,	411,	11,	'2020-12-15',	'2020-12-15 20:16:20',	11),
(2718,	'APAL-47949',	'Approval Ticket # APAL-47949',	54,	411,	11,	'2020-12-15',	'2020-12-15 20:20:10',	11),
(2719,	'APAL-54972',	'Approval Ticket # APAL-54972',	54,	411,	11,	'2020-12-15',	'2020-12-15 20:24:04',	11),
(2720,	'APAL-55615',	'Approval Ticket # APAL-55615',	54,	411,	11,	'2020-12-15',	'2020-12-15 20:27:23',	11),
(2721,	'APAL-7778',	'Approval Ticket # APAL-7778',	51,	426,	11,	'2020-12-15',	'2020-12-15 20:33:48',	11),
(2722,	'APAL-71129',	'Approval Ticket # APAL-71129',	55,	434,	11,	'2020-12-15',	'2020-12-15 20:36:44',	11),
(2723,	'APAL-1549',	'Approval Ticket # APAL-1549',	55,	434,	11,	'2020-12-15',	'2020-12-15 20:38:16',	11),
(2724,	'APAL-54564',	'Approval Ticket # APAL-54564',	55,	434,	11,	'2020-12-15',	'2020-12-15 20:41:44',	11),
(2725,	'APAL-80278',	'Approval Ticket # APAL-80278',	54,	411,	11,	'2020-12-15',	'2020-12-15 20:47:20',	11),
(2726,	'APAL-60084',	'Approval Ticket # APAL-60084',	54,	411,	11,	'2020-12-15',	'2020-12-15 20:50:11',	11),
(2727,	'APAL-62449',	'Approval Ticket # APAL-62449',	54,	411,	11,	'2020-12-15',	'2020-12-15 20:54:26',	11),
(2728,	'APAL-62637',	'Approval Ticket # APAL-62637',	54,	411,	11,	'2020-12-15',	'2020-12-15 20:56:44',	11),
(2729,	'APAL-47389',	'Approval Ticket # APAL-47389',	54,	411,	11,	'2020-12-15',	'2020-12-15 21:07:24',	11),
(2730,	'APAL-82039',	'Approval Ticket # APAL-82039',	51,	426,	11,	'2020-12-15',	'2020-12-15 21:11:38',	11),
(2731,	'APAL-45353',	'Approval Ticket # APAL-45353',	52,	422,	11,	'2020-12-15',	'2020-12-15 21:13:37',	11),
(2732,	'APAL-37029',	'Approval Ticket # APAL-37029',	55,	434,	11,	'2020-12-15',	'2020-12-15 21:19:35',	11),
(2733,	'APAL-3723',	'Approval Ticket # APAL-3723',	55,	434,	11,	'2020-12-15',	'2020-12-15 21:21:16',	11),
(2734,	'APAL-15419',	'Approval Ticket # APAL-15419',	55,	434,	11,	'2020-12-15',	'2020-12-15 21:23:33',	11),
(2735,	'APAL-33493',	'Approval Ticket # APAL-33493',	38,	0,	44,	'2020-12-16',	'2020-12-16 04:08:53',	44),
(2736,	'APAL-89099',	'Approval Ticket # APAL-89099',	33,	0,	44,	'2020-12-16',	'2020-12-16 04:08:53',	44),
(2737,	'APAL-32814',	'Approval Ticket # APAL-32814',	80,	396,	44,	'2020-12-16',	'2020-12-16 04:08:53',	44),
(2738,	'APAL-89969',	'Approval Ticket # APAL-89969',	81,	403,	44,	'2020-12-16',	'2020-12-16 04:08:53',	44),
(2739,	'APAL-17855',	'Approval Ticket # APAL-17855',	80,	396,	44,	'2020-12-16',	'2020-12-16 04:11:23',	44),
(2740,	'APAL-49807',	'Approval Ticket # APAL-49807',	81,	403,	44,	'2020-12-16',	'2020-12-16 04:11:23',	44),
(2741,	'APAL-8222',	'Approval Ticket # APAL-8222',	80,	396,	41,	'2020-12-16',	'2020-12-16 04:17:38',	41),
(2742,	'APAL-73256',	'Approval Ticket # APAL-73256',	81,	403,	41,	'2020-12-16',	'2020-12-16 04:17:38',	41),
(2743,	'APAL-83512',	'Approval Ticket # APAL-83512',	80,	396,	44,	'2020-12-16',	'2020-12-16 04:22:08',	44),
(2744,	'APAL-65656',	'Approval Ticket # APAL-65656',	81,	403,	44,	'2020-12-16',	'2020-12-16 04:22:08',	44),
(2745,	'APAL-57049',	'Approval Ticket # APAL-57049',	80,	396,	44,	'2020-12-16',	'2020-12-16 04:25:10',	44),
(2746,	'APAL-22035',	'Approval Ticket # APAL-22035',	81,	403,	44,	'2020-12-16',	'2020-12-16 04:25:10',	44),
(2747,	'APAL-19194',	'Approval Ticket # APAL-19194',	80,	396,	44,	'2020-12-16',	'2020-12-16 04:29:29',	44),
(2748,	'APAL-13583',	'Approval Ticket # APAL-13583',	81,	403,	44,	'2020-12-16',	'2020-12-16 04:29:29',	44),
(2749,	'APAL-85942',	'Approval Ticket # APAL-85942',	80,	396,	44,	'2020-12-16',	'2020-12-16 04:32:40',	44),
(2750,	'APAL-13086',	'Approval Ticket # APAL-13086',	81,	403,	44,	'2020-12-16',	'2020-12-16 04:32:40',	44),
(2751,	'APAL-12900',	'Approval Ticket # APAL-12900',	80,	396,	44,	'2020-12-16',	'2020-12-16 04:38:02',	44),
(2752,	'APAL-30202',	'Approval Ticket # APAL-30202',	81,	403,	44,	'2020-12-16',	'2020-12-16 04:38:02',	44),
(2753,	'APAL-32704',	'Approval Ticket # APAL-32704',	80,	396,	44,	'2020-12-16',	'2020-12-16 04:41:42',	44),
(2754,	'APAL-74563',	'Approval Ticket # APAL-74563',	81,	403,	44,	'2020-12-16',	'2020-12-16 04:41:42',	44),
(2755,	'APAL-13781',	'Approval Ticket # APAL-13781',	80,	396,	44,	'2020-12-16',	'2020-12-16 04:49:03',	44),
(2756,	'APAL-85181',	'Approval Ticket # APAL-85181',	81,	403,	44,	'2020-12-16',	'2020-12-16 04:49:03',	44),
(2757,	'APAL-15302',	'Approval Ticket # APAL-15302',	91,	212,	1,	'2020-12-16',	'2020-12-16 05:08:35',	1),
(2758,	'APAL-75364',	'Approval Ticket # APAL-75364',	91,	212,	1,	'2020-12-16',	'2020-12-16 05:08:35',	1),
(2759,	'APAL-39698',	'Approval Ticket # APAL-39698',	91,	212,	1,	'2020-12-16',	'2020-12-16 05:08:35',	1),
(2760,	'APAL-50969',	'Approval Ticket # APAL-50969',	91,	212,	1,	'2020-12-16',	'2020-12-16 05:08:35',	1),
(2761,	'APAL-33412',	'Approval Ticket # APAL-33412',	9,	389,	12,	'2020-12-16',	'2020-12-16 05:14:49',	12),
(2762,	'APAL-10913',	'Approval Ticket # APAL-10913',	51,	426,	11,	'2020-12-16',	'2020-12-16 05:49:47',	11),
(2763,	'APAL-38635',	'Approval Ticket # APAL-38635',	51,	426,	11,	'2020-12-16',	'2020-12-16 05:50:07',	11),
(2764,	'APAL-44958',	'Approval Ticket # APAL-44958',	52,	422,	11,	'2020-12-16',	'2020-12-16 05:50:54',	11),
(2765,	'APAL-6833',	'Approval Ticket # APAL-6833',	51,	426,	11,	'2020-12-16',	'2020-12-16 05:51:08',	11),
(2766,	'APAL-45650',	'Approval Ticket # APAL-45650',	52,	422,	11,	'2020-12-16',	'2020-12-16 05:51:57',	11),
(2767,	'APAL-37039',	'Approval Ticket # APAL-37039',	51,	426,	11,	'2020-12-16',	'2020-12-16 05:52:31',	11),
(2768,	'APAL-13897',	'Approval Ticket # APAL-13897',	52,	422,	11,	'2020-12-16',	'2020-12-16 05:53:30',	11),
(2769,	'APAL-62576',	'Approval Ticket # APAL-62576',	51,	426,	11,	'2020-12-16',	'2020-12-16 05:56:56',	11),
(2770,	'APAL-70914',	'Approval Ticket # APAL-70914',	52,	422,	11,	'2020-12-16',	'2020-12-16 05:58:05',	11),
(2771,	'APAL-84116',	'Approval Ticket # APAL-84116',	9,	150,	44,	'2020-12-16',	'2020-12-16 06:57:20',	44),
(2772,	'APAL-38111',	'Approval Ticket # APAL-38111',	9,	389,	12,	'2020-12-16',	'2020-12-16 07:13:24',	12),
(2773,	'APAL-76536',	'Approval Ticket # APAL-76536',	9,	150,	33,	'2020-12-16',	'2020-12-16 06:57:20',	33),
(2774,	'APAL-33400',	'Approval Ticket # APAL-33400',	9,	389,	31,	'2020-12-16',	'2020-12-16 07:13:28',	31),
(2775,	'APAL-12256',	'Approval Ticket # APAL-12256',	9,	389,	19,	'2020-12-16',	'2020-12-16 07:15:52',	19),
(2776,	'APAL-55927',	'Approval Ticket # APAL-55927',	9,	389,	27,	'2020-12-16',	'2020-12-16 07:16:04',	27),
(2777,	'APAL-81226',	'Approval Ticket # APAL-81226',	9,	389,	37,	'2020-12-16',	'2020-12-16 07:16:36',	37),
(2778,	'APAL-35075',	'Approval Ticket # APAL-35075',	9,	389,	15,	'2020-12-16',	'2020-12-16 07:15:19',	15),
(2779,	'APAL-48011',	'Approval Ticket # APAL-48011',	9,	150,	30,	'2020-12-16',	'2020-12-16 06:57:33',	30),
(2780,	'APAL-68887',	'Approval Ticket # APAL-68887',	9,	389,	24,	'2020-12-16',	'2020-12-16 07:15:39',	24),
(2781,	'APAL-85391',	'Approval Ticket # APAL-85391',	9,	150,	18,	'2020-12-16',	'2020-12-16 06:57:38',	18),
(2782,	'APAL-61704',	'Approval Ticket # APAL-61704',	9,	389,	22,	'2020-12-16',	'2020-12-16 07:13:47',	22),
(2783,	'APAL-49567',	'Approval Ticket # APAL-49567',	9,	150,	34,	'2020-12-16',	'2020-12-16 06:57:41',	34),
(2784,	'APAL-67564',	'Approval Ticket # APAL-67564',	9,	389,	39,	'2020-12-16',	'2020-12-16 07:14:29',	39),
(2785,	'APAL-61889',	'Approval Ticket # APAL-61889',	9,	150,	16,	'2020-12-16',	'2020-12-16 06:57:48',	16),
(2786,	'APAL-30200',	'Approval Ticket # APAL-30200',	9,	150,	17,	'2020-12-16',	'2020-12-16 06:57:51',	17),
(2787,	'APAL-44515',	'Approval Ticket # APAL-44515',	9,	150,	26,	'2020-12-16',	'2020-12-16 06:58:07',	26),
(2788,	'APAL-10811',	'Approval Ticket # APAL-10811',	9,	389,	33,	'2020-12-16',	'2020-12-16 07:16:13',	33),
(2789,	'APAL-12254',	'Approval Ticket # APAL-12254',	9,	150,	23,	'2020-12-16',	'2020-12-16 06:58:39',	23),
(2790,	'APAL-79764',	'Approval Ticket # APAL-79764',	9,	150,	21,	'2020-12-16',	'2020-12-16 06:58:49',	21),
(2791,	'APAL-78900',	'Approval Ticket # APAL-78900',	9,	150,	34,	'2020-12-16',	'2020-12-16 06:59:08',	34),
(2792,	'APAL-35628',	'Approval Ticket # APAL-35628',	9,	150,	13,	'2020-12-16',	'2020-12-16 07:02:12',	13),
(2793,	'APAL-23398',	'Approval Ticket # APAL-23398',	9,	150,	13,	'2020-12-16',	'2020-12-16 07:13:59',	13),
(2794,	'APAL-48523',	'Approval Ticket # APAL-48523',	80,	396,	41,	'2020-12-16',	'2020-12-16 07:48:46',	41),
(2795,	'APAL-73363',	'Approval Ticket # APAL-73363',	81,	403,	41,	'2020-12-16',	'2020-12-16 07:48:46',	41),
(2796,	'APAL-20629',	'Approval Ticket # APAL-20629',	80,	396,	41,	'2020-12-16',	'2020-12-16 07:49:02',	41),
(2797,	'APAL-87313',	'Approval Ticket # APAL-87313',	81,	403,	41,	'2020-12-16',	'2020-12-16 07:49:02',	41),
(2798,	'APAL-21321',	'Approval Ticket # APAL-21321',	38,	456,	38,	'2020-12-16',	'2020-12-16 08:23:54',	38),
(2799,	'APAL-70996',	'Approval Ticket # APAL-70996',	33,	0,	38,	'2020-12-16',	'2020-12-16 08:23:54',	38),
(2800,	'APAL-52620',	'Approval Ticket # APAL-52620',	80,	396,	38,	'2020-12-16',	'2020-12-16 08:23:54',	38),
(2801,	'APAL-49176',	'Approval Ticket # APAL-49176',	81,	403,	38,	'2020-12-16',	'2020-12-16 08:23:54',	38),
(2802,	'APAL-16362',	'Approval Ticket # APAL-16362',	81,	403,	38,	'2020-12-16',	'2020-12-16 08:23:54',	38),
(2803,	'APAL-11302',	'Approval Ticket # APAL-11302',	38,	456,	27,	'2020-12-16',	'2020-12-16 08:26:56',	27),
(2804,	'APAL-62841',	'Approval Ticket # APAL-62841',	33,	0,	27,	'2020-12-16',	'2020-12-16 08:26:56',	27),
(2805,	'APAL-15319',	'Approval Ticket # APAL-15319',	80,	396,	27,	'2020-12-16',	'2020-12-16 08:26:56',	27),
(2806,	'APAL-25166',	'Approval Ticket # APAL-25166',	81,	403,	27,	'2020-12-16',	'2020-12-16 08:26:56',	27),
(2807,	'APAL-56554',	'Approval Ticket # APAL-56554',	81,	403,	27,	'2020-12-16',	'2020-12-16 08:26:56',	27),
(2808,	'APAL-14889',	'Approval Ticket # APAL-14889',	38,	456,	30,	'2020-12-16',	'2020-12-16 08:26:58',	30),
(2809,	'APAL-65879',	'Approval Ticket # APAL-65879',	33,	0,	30,	'2020-12-16',	'2020-12-16 08:26:58',	30),
(2810,	'APAL-83781',	'Approval Ticket # APAL-83781',	80,	396,	30,	'2020-12-16',	'2020-12-16 08:26:58',	30),
(2811,	'APAL-64964',	'Approval Ticket # APAL-64964',	81,	403,	30,	'2020-12-16',	'2020-12-16 08:26:58',	30),
(2812,	'APAL-57698',	'Approval Ticket # APAL-57698',	81,	403,	30,	'2020-12-16',	'2020-12-16 08:26:58',	30),
(2813,	'APAL-51554',	'Approval Ticket # APAL-51554',	38,	456,	13,	'2020-12-16',	'2020-12-16 08:26:59',	13),
(2814,	'APAL-84065',	'Approval Ticket # APAL-84065',	33,	0,	13,	'2020-12-16',	'2020-12-16 08:26:59',	13),
(2815,	'APAL-51175',	'Approval Ticket # APAL-51175',	80,	396,	13,	'2020-12-16',	'2020-12-16 08:26:59',	13),
(2816,	'APAL-68985',	'Approval Ticket # APAL-68985',	81,	403,	13,	'2020-12-16',	'2020-12-16 08:26:59',	13),
(2817,	'APAL-31771',	'Approval Ticket # APAL-31771',	81,	403,	13,	'2020-12-16',	'2020-12-16 08:26:59',	13),
(2818,	'APAL-85139',	'Approval Ticket # APAL-85139',	38,	456,	16,	'2020-12-16',	'2020-12-16 08:26:59',	16),
(2819,	'APAL-34685',	'Approval Ticket # APAL-34685',	33,	0,	16,	'2020-12-16',	'2020-12-16 08:26:59',	16),
(2820,	'APAL-26248',	'Approval Ticket # APAL-26248',	80,	396,	16,	'2020-12-16',	'2020-12-16 08:26:59',	16),
(2821,	'APAL-64635',	'Approval Ticket # APAL-64635',	81,	403,	16,	'2020-12-16',	'2020-12-16 08:26:59',	16),
(2822,	'APAL-81878',	'Approval Ticket # APAL-81878',	81,	403,	16,	'2020-12-16',	'2020-12-16 08:26:59',	16),
(2823,	'APAL-30129',	'Approval Ticket # APAL-30129',	38,	456,	37,	'2020-12-16',	'2020-12-16 08:28:42',	37),
(2824,	'APAL-22569',	'Approval Ticket # APAL-22569',	33,	0,	37,	'2020-12-16',	'2020-12-16 08:28:42',	37),
(2825,	'APAL-69876',	'Approval Ticket # APAL-69876',	80,	396,	37,	'2020-12-16',	'2020-12-16 08:28:42',	37),
(2826,	'APAL-62140',	'Approval Ticket # APAL-62140',	81,	403,	37,	'2020-12-16',	'2020-12-16 08:28:42',	37),
(2827,	'APAL-60129',	'Approval Ticket # APAL-60129',	81,	403,	37,	'2020-12-16',	'2020-12-16 08:28:42',	37),
(2828,	'APAL-75786',	'Approval Ticket # APAL-75786',	80,	396,	44,	'2020-12-16',	'2020-12-16 08:28:42',	44),
(2829,	'APAL-65468',	'Approval Ticket # APAL-65468',	81,	403,	44,	'2020-12-16',	'2020-12-16 08:28:42',	44),
(2830,	'APAL-49856',	'Approval Ticket # APAL-49856',	81,	403,	44,	'2020-12-16',	'2020-12-16 08:28:42',	44),
(2831,	'APAL-10301',	'Approval Ticket # APAL-10301',	80,	396,	15,	'2020-12-16',	'2020-12-16 08:28:42',	15),
(2832,	'APAL-43646',	'Approval Ticket # APAL-43646',	81,	403,	15,	'2020-12-16',	'2020-12-16 08:28:42',	15),
(2833,	'APAL-88478',	'Approval Ticket # APAL-88478',	81,	403,	15,	'2020-12-16',	'2020-12-16 08:28:42',	15),
(2834,	'APAL-8461',	'Approval Ticket # APAL-8461',	80,	396,	17,	'2020-12-16',	'2020-12-16 08:28:44',	17),
(2835,	'APAL-86617',	'Approval Ticket # APAL-86617',	81,	403,	17,	'2020-12-16',	'2020-12-16 08:28:44',	17),
(2836,	'APAL-49679',	'Approval Ticket # APAL-49679',	81,	403,	17,	'2020-12-16',	'2020-12-16 08:28:44',	17),
(2837,	'APAL-65867',	'Approval Ticket # APAL-65867',	38,	456,	22,	'2020-12-16',	'2020-12-16 08:28:44',	22),
(2838,	'APAL-89797',	'Approval Ticket # APAL-89797',	33,	0,	22,	'2020-12-16',	'2020-12-16 08:28:44',	22),
(2839,	'APAL-32142',	'Approval Ticket # APAL-32142',	80,	396,	22,	'2020-12-16',	'2020-12-16 08:28:44',	22),
(2840,	'APAL-15125',	'Approval Ticket # APAL-15125',	81,	403,	22,	'2020-12-16',	'2020-12-16 08:28:44',	22),
(2841,	'APAL-27984',	'Approval Ticket # APAL-27984',	81,	403,	22,	'2020-12-16',	'2020-12-16 08:28:45',	22),
(2842,	'APAL-71567',	'Approval Ticket # APAL-71567',	38,	456,	19,	'2020-12-16',	'2020-12-16 08:28:45',	19),
(2843,	'APAL-45936',	'Approval Ticket # APAL-45936',	33,	0,	19,	'2020-12-16',	'2020-12-16 08:28:45',	19),
(2844,	'APAL-59146',	'Approval Ticket # APAL-59146',	80,	396,	19,	'2020-12-16',	'2020-12-16 08:28:45',	19),
(2845,	'APAL-58933',	'Approval Ticket # APAL-58933',	81,	403,	19,	'2020-12-16',	'2020-12-16 08:28:45',	19),
(2846,	'APAL-13623',	'Approval Ticket # APAL-13623',	81,	403,	19,	'2020-12-16',	'2020-12-16 08:28:45',	19),
(2847,	'APAL-18535',	'Approval Ticket # APAL-18535',	80,	396,	23,	'2020-12-16',	'2020-12-16 08:28:45',	23),
(2848,	'APAL-50338',	'Approval Ticket # APAL-50338',	81,	403,	23,	'2020-12-16',	'2020-12-16 08:28:45',	23),
(2849,	'APAL-75661',	'Approval Ticket # APAL-75661',	81,	403,	23,	'2020-12-16',	'2020-12-16 08:28:45',	23),
(2850,	'APAL-78820',	'Approval Ticket # APAL-78820',	80,	396,	21,	'2020-12-16',	'2020-12-16 08:28:47',	21),
(2851,	'APAL-43630',	'Approval Ticket # APAL-43630',	81,	403,	21,	'2020-12-16',	'2020-12-16 08:28:47',	21),
(2852,	'APAL-3861',	'Approval Ticket # APAL-3861',	81,	403,	21,	'2020-12-16',	'2020-12-16 08:28:47',	21),
(2853,	'APAL-42740',	'Approval Ticket # APAL-42740',	38,	456,	34,	'2020-12-16',	'2020-12-16 08:28:48',	34),
(2854,	'APAL-32577',	'Approval Ticket # APAL-32577',	33,	0,	34,	'2020-12-16',	'2020-12-16 08:28:48',	34),
(2855,	'APAL-78571',	'Approval Ticket # APAL-78571',	80,	396,	34,	'2020-12-16',	'2020-12-16 08:28:48',	34),
(2856,	'APAL-1118',	'Approval Ticket # APAL-1118',	81,	403,	34,	'2020-12-16',	'2020-12-16 08:28:48',	34),
(2857,	'APAL-53551',	'Approval Ticket # APAL-53551',	81,	403,	34,	'2020-12-16',	'2020-12-16 08:28:48',	34),
(2858,	'APAL-16097',	'Approval Ticket # APAL-16097',	80,	396,	33,	'2020-12-16',	'2020-12-16 08:28:48',	33),
(2859,	'APAL-57040',	'Approval Ticket # APAL-57040',	81,	403,	33,	'2020-12-16',	'2020-12-16 08:28:48',	33),
(2860,	'APAL-41472',	'Approval Ticket # APAL-41472',	81,	403,	33,	'2020-12-16',	'2020-12-16 08:28:48',	33),
(2861,	'APAL-10429',	'Approval Ticket # APAL-10429',	38,	456,	24,	'2020-12-16',	'2020-12-16 08:28:49',	24),
(2862,	'APAL-5012',	'Approval Ticket # APAL-5012',	33,	0,	24,	'2020-12-16',	'2020-12-16 08:28:49',	24),
(2863,	'APAL-86818',	'Approval Ticket # APAL-86818',	80,	396,	24,	'2020-12-16',	'2020-12-16 08:28:49',	24),
(2864,	'APAL-7761',	'Approval Ticket # APAL-7761',	81,	403,	24,	'2020-12-16',	'2020-12-16 08:28:49',	24),
(2865,	'APAL-52438',	'Approval Ticket # APAL-52438',	81,	403,	24,	'2020-12-16',	'2020-12-16 08:28:49',	24),
(2866,	'APAL-7139',	'Approval Ticket # APAL-7139',	80,	396,	25,	'2020-12-16',	'2020-12-16 08:28:52',	25),
(2867,	'APAL-46980',	'Approval Ticket # APAL-46980',	81,	403,	25,	'2020-12-16',	'2020-12-16 08:28:52',	25),
(2868,	'APAL-40751',	'Approval Ticket # APAL-40751',	81,	403,	25,	'2020-12-16',	'2020-12-16 08:28:52',	25),
(2869,	'APAL-41565',	'Approval Ticket # APAL-41565',	80,	396,	40,	'2020-12-16',	'2020-12-16 08:28:57',	40),
(2870,	'APAL-79012',	'Approval Ticket # APAL-79012',	81,	403,	40,	'2020-12-16',	'2020-12-16 08:28:57',	40),
(2871,	'APAL-71920',	'Approval Ticket # APAL-71920',	81,	403,	40,	'2020-12-16',	'2020-12-16 08:28:57',	40),
(2872,	'APAL-38744',	'Approval Ticket # APAL-38744',	80,	396,	31,	'2020-12-16',	'2020-12-16 08:29:00',	31),
(2873,	'APAL-8050',	'Approval Ticket # APAL-8050',	81,	403,	31,	'2020-12-16',	'2020-12-16 08:29:00',	31),
(2874,	'APAL-22912',	'Approval Ticket # APAL-22912',	81,	403,	31,	'2020-12-16',	'2020-12-16 08:29:00',	31),
(2875,	'APAL-67272',	'Approval Ticket # APAL-67272',	80,	396,	18,	'2020-12-16',	'2020-12-16 08:29:05',	18),
(2876,	'APAL-58693',	'Approval Ticket # APAL-58693',	81,	403,	18,	'2020-12-16',	'2020-12-16 08:29:05',	18),
(2877,	'APAL-7118',	'Approval Ticket # APAL-7118',	81,	403,	18,	'2020-12-16',	'2020-12-16 08:29:05',	18),
(2878,	'APAL-22108',	'Approval Ticket # APAL-22108',	80,	396,	26,	'2020-12-16',	'2020-12-16 08:29:24',	26),
(2879,	'APAL-16879',	'Approval Ticket # APAL-16879',	81,	403,	26,	'2020-12-16',	'2020-12-16 08:29:24',	26),
(2880,	'APAL-12864',	'Approval Ticket # APAL-12864',	81,	403,	26,	'2020-12-16',	'2020-12-16 08:29:24',	26),
(2881,	'APAL-7963',	'Approval Ticket # APAL-7963',	80,	396,	39,	'2020-12-16',	'2020-12-16 08:29:29',	39),
(2882,	'APAL-13305',	'Approval Ticket # APAL-13305',	81,	403,	39,	'2020-12-16',	'2020-12-16 08:29:29',	39),
(2883,	'APAL-31523',	'Approval Ticket # APAL-31523',	81,	403,	39,	'2020-12-16',	'2020-12-16 08:29:29',	39),
(2884,	'APAL-73015',	'Approval Ticket # APAL-73015',	80,	396,	34,	'2020-12-16',	'2020-12-16 08:32:16',	34),
(2885,	'APAL-57129',	'Approval Ticket # APAL-57129',	81,	403,	34,	'2020-12-16',	'2020-12-16 08:32:16',	34),
(2886,	'APAL-54447',	'Approval Ticket # APAL-54447',	80,	396,	22,	'2020-12-16',	'2020-12-16 08:32:46',	22),
(2887,	'APAL-89066',	'Approval Ticket # APAL-89066',	81,	403,	22,	'2020-12-16',	'2020-12-16 08:32:46',	22),
(2888,	'APAL-78433',	'Approval Ticket # APAL-78433',	80,	396,	30,	'2020-12-16',	'2020-12-16 08:34:05',	30),
(2889,	'APAL-26600',	'Approval Ticket # APAL-26600',	81,	403,	30,	'2020-12-16',	'2020-12-16 08:34:05',	30),
(2890,	'APAL-47567',	'Approval Ticket # APAL-47567',	80,	396,	23,	'2020-12-16',	'2020-12-16 08:34:21',	23),
(2891,	'APAL-2913',	'Approval Ticket # APAL-2913',	81,	403,	23,	'2020-12-16',	'2020-12-16 08:34:21',	23),
(2892,	'APAL-4471',	'Approval Ticket # APAL-4471',	80,	396,	15,	'2020-12-16',	'2020-12-16 08:34:49',	15),
(2893,	'APAL-82727',	'Approval Ticket # APAL-82727',	81,	403,	15,	'2020-12-16',	'2020-12-16 08:34:49',	15),
(2894,	'APAL-17577',	'Approval Ticket # APAL-17577',	80,	396,	18,	'2020-12-16',	'2020-12-16 08:35:15',	18),
(2895,	'APAL-13133',	'Approval Ticket # APAL-13133',	81,	403,	18,	'2020-12-16',	'2020-12-16 08:35:15',	18),
(2896,	'APAL-33453',	'Approval Ticket # APAL-33453',	80,	396,	38,	'2020-12-16',	'2020-12-16 08:35:22',	38),
(2897,	'APAL-8212',	'Approval Ticket # APAL-8212',	81,	403,	38,	'2020-12-16',	'2020-12-16 08:35:22',	38),
(2898,	'APAL-1772',	'Approval Ticket # APAL-1772',	80,	396,	27,	'2020-12-16',	'2020-12-16 08:35:32',	27),
(2899,	'APAL-40158',	'Approval Ticket # APAL-40158',	81,	403,	27,	'2020-12-16',	'2020-12-16 08:35:32',	27),
(2900,	'APAL-21641',	'Approval Ticket # APAL-21641',	80,	396,	40,	'2020-12-16',	'2020-12-16 08:35:43',	40),
(2901,	'APAL-48696',	'Approval Ticket # APAL-48696',	81,	403,	40,	'2020-12-16',	'2020-12-16 08:35:43',	40),
(2902,	'APAL-85529',	'Approval Ticket # APAL-85529',	80,	396,	24,	'2020-12-16',	'2020-12-16 08:35:55',	24),
(2903,	'APAL-24572',	'Approval Ticket # APAL-24572',	81,	403,	24,	'2020-12-16',	'2020-12-16 08:35:55',	24),
(2904,	'APAL-49356',	'Approval Ticket # APAL-49356',	80,	396,	31,	'2020-12-16',	'2020-12-16 08:36:17',	31),
(2905,	'APAL-42529',	'Approval Ticket # APAL-42529',	81,	403,	31,	'2020-12-16',	'2020-12-16 08:36:17',	31),
(2906,	'APAL-22860',	'Approval Ticket # APAL-22860',	80,	396,	39,	'2020-12-16',	'2020-12-16 08:36:18',	39),
(2907,	'APAL-20818',	'Approval Ticket # APAL-20818',	81,	403,	39,	'2020-12-16',	'2020-12-16 08:36:18',	39),
(2908,	'APAL-70116',	'Approval Ticket # APAL-70116',	80,	396,	44,	'2020-12-16',	'2020-12-16 08:36:30',	44),
(2909,	'APAL-32367',	'Approval Ticket # APAL-32367',	81,	403,	44,	'2020-12-16',	'2020-12-16 08:36:30',	44),
(2910,	'APAL-31410',	'Approval Ticket # APAL-31410',	80,	396,	17,	'2020-12-16',	'2020-12-16 08:36:30',	17),
(2911,	'APAL-38343',	'Approval Ticket # APAL-38343',	81,	403,	17,	'2020-12-16',	'2020-12-16 08:36:30',	17),
(2912,	'APAL-60618',	'Approval Ticket # APAL-60618',	80,	396,	34,	'2020-12-16',	'2020-12-16 08:36:31',	34),
(2913,	'APAL-79342',	'Approval Ticket # APAL-79342',	81,	403,	34,	'2020-12-16',	'2020-12-16 08:36:31',	34),
(2914,	'APAL-13105',	'Approval Ticket # APAL-13105',	80,	396,	19,	'2020-12-16',	'2020-12-16 08:37:07',	19),
(2915,	'APAL-75172',	'Approval Ticket # APAL-75172',	81,	403,	19,	'2020-12-16',	'2020-12-16 08:37:07',	19),
(2916,	'APAL-7897',	'Approval Ticket # APAL-7897',	80,	396,	13,	'2020-12-16',	'2020-12-16 08:37:30',	13),
(2917,	'APAL-14573',	'Approval Ticket # APAL-14573',	81,	403,	13,	'2020-12-16',	'2020-12-16 08:37:30',	13),
(2918,	'APAL-73735',	'Approval Ticket # APAL-73735',	80,	396,	30,	'2020-12-16',	'2020-12-16 08:37:31',	30),
(2919,	'APAL-4736',	'Approval Ticket # APAL-4736',	81,	403,	30,	'2020-12-16',	'2020-12-16 08:37:31',	30),
(2920,	'APAL-33717',	'Approval Ticket # APAL-33717',	80,	396,	16,	'2020-12-16',	'2020-12-16 08:38:15',	16),
(2921,	'APAL-38267',	'Approval Ticket # APAL-38267',	81,	403,	16,	'2020-12-16',	'2020-12-16 08:38:15',	16),
(2922,	'APAL-18028',	'Approval Ticket # APAL-18028',	80,	396,	44,	'2020-12-16',	'2020-12-16 08:39:06',	44),
(2923,	'APAL-23205',	'Approval Ticket # APAL-23205',	81,	403,	44,	'2020-12-16',	'2020-12-16 08:39:06',	44),
(2924,	'APAL-45257',	'Approval Ticket # APAL-45257',	80,	396,	23,	'2020-12-16',	'2020-12-16 08:39:17',	23),
(2925,	'APAL-3159',	'Approval Ticket # APAL-3159',	81,	403,	23,	'2020-12-16',	'2020-12-16 08:39:17',	23),
(2926,	'APAL-28031',	'Approval Ticket # APAL-28031',	80,	396,	22,	'2020-12-16',	'2020-12-16 08:39:20',	22),
(2927,	'APAL-53896',	'Approval Ticket # APAL-53896',	81,	403,	22,	'2020-12-16',	'2020-12-16 08:39:20',	22),
(2928,	'APAL-41491',	'Approval Ticket # APAL-41491',	80,	396,	33,	'2020-12-16',	'2020-12-16 08:39:56',	33),
(2929,	'APAL-29573',	'Approval Ticket # APAL-29573',	81,	403,	33,	'2020-12-16',	'2020-12-16 08:39:56',	33),
(2930,	'APAL-66551',	'Approval Ticket # APAL-66551',	80,	396,	38,	'2020-12-16',	'2020-12-16 08:39:56',	38),
(2931,	'APAL-1130',	'Approval Ticket # APAL-1130',	81,	403,	38,	'2020-12-16',	'2020-12-16 08:39:56',	38),
(2932,	'APAL-19584',	'Approval Ticket # APAL-19584',	80,	396,	12,	'2020-12-16',	'2020-12-16 08:40:00',	12),
(2933,	'APAL-9735',	'Approval Ticket # APAL-9735',	81,	403,	12,	'2020-12-16',	'2020-12-16 08:40:00',	12),
(2934,	'APAL-21508',	'Approval Ticket # APAL-21508',	80,	396,	17,	'2020-12-16',	'2020-12-16 08:40:32',	17),
(2935,	'APAL-78930',	'Approval Ticket # APAL-78930',	81,	403,	17,	'2020-12-16',	'2020-12-16 08:40:32',	17),
(2936,	'APAL-20431',	'Approval Ticket # APAL-20431',	80,	396,	21,	'2020-12-16',	'2020-12-16 08:40:56',	21),
(2937,	'APAL-89964',	'Approval Ticket # APAL-89964',	81,	403,	21,	'2020-12-16',	'2020-12-16 08:40:56',	21),
(2938,	'APAL-18207',	'Approval Ticket # APAL-18207',	80,	396,	16,	'2020-12-16',	'2020-12-16 08:41:01',	16),
(2939,	'APAL-54014',	'Approval Ticket # APAL-54014',	81,	403,	16,	'2020-12-16',	'2020-12-16 08:41:01',	16),
(2940,	'APAL-18171',	'Approval Ticket # APAL-18171',	80,	396,	25,	'2020-12-16',	'2020-12-16 08:41:15',	25),
(2941,	'APAL-1247',	'Approval Ticket # APAL-1247',	81,	403,	25,	'2020-12-16',	'2020-12-16 08:41:15',	25),
(2942,	'APAL-89759',	'Approval Ticket # APAL-89759',	80,	396,	40,	'2020-12-16',	'2020-12-16 08:41:51',	40),
(2943,	'APAL-79041',	'Approval Ticket # APAL-79041',	81,	403,	40,	'2020-12-16',	'2020-12-16 08:41:51',	40),
(2944,	'APAL-57663',	'Approval Ticket # APAL-57663',	80,	396,	15,	'2020-12-16',	'2020-12-16 08:41:52',	15),
(2945,	'APAL-20683',	'Approval Ticket # APAL-20683',	81,	403,	15,	'2020-12-16',	'2020-12-16 08:41:52',	15),
(2946,	'APAL-66480',	'Approval Ticket # APAL-66480',	80,	396,	27,	'2020-12-16',	'2020-12-16 08:42:16',	27),
(2947,	'APAL-43353',	'Approval Ticket # APAL-43353',	81,	403,	27,	'2020-12-16',	'2020-12-16 08:42:16',	27),
(2948,	'APAL-87706',	'Approval Ticket # APAL-87706',	80,	396,	13,	'2020-12-16',	'2020-12-16 08:42:19',	13),
(2949,	'APAL-86393',	'Approval Ticket # APAL-86393',	81,	403,	13,	'2020-12-16',	'2020-12-16 08:42:19',	13),
(2950,	'APAL-6995',	'Approval Ticket # APAL-6995',	80,	396,	19,	'2020-12-16',	'2020-12-16 08:42:27',	19),
(2951,	'APAL-45267',	'Approval Ticket # APAL-45267',	81,	403,	19,	'2020-12-16',	'2020-12-16 08:42:27',	19),
(2952,	'APAL-53978',	'Approval Ticket # APAL-53978',	80,	396,	12,	'2020-12-16',	'2020-12-16 08:42:30',	12),
(2953,	'APAL-20995',	'Approval Ticket # APAL-20995',	81,	403,	12,	'2020-12-16',	'2020-12-16 08:42:30',	12),
(2954,	'APAL-12665',	'Approval Ticket # APAL-12665',	80,	396,	26,	'2020-12-16',	'2020-12-16 08:42:33',	26),
(2955,	'APAL-46222',	'Approval Ticket # APAL-46222',	81,	403,	26,	'2020-12-16',	'2020-12-16 08:42:33',	26),
(2956,	'APAL-23309',	'Approval Ticket # APAL-23309',	80,	396,	37,	'2020-12-16',	'2020-12-16 08:42:35',	37),
(2957,	'APAL-24204',	'Approval Ticket # APAL-24204',	81,	403,	37,	'2020-12-16',	'2020-12-16 08:42:35',	37),
(2958,	'APAL-43356',	'Approval Ticket # APAL-43356',	80,	396,	31,	'2020-12-16',	'2020-12-16 08:42:53',	31),
(2959,	'APAL-72535',	'Approval Ticket # APAL-72535',	81,	403,	31,	'2020-12-16',	'2020-12-16 08:42:53',	31),
(2960,	'APAL-87156',	'Approval Ticket # APAL-87156',	80,	396,	39,	'2020-12-16',	'2020-12-16 08:43:57',	39),
(2961,	'APAL-43034',	'Approval Ticket # APAL-43034',	81,	403,	39,	'2020-12-16',	'2020-12-16 08:43:57',	39),
(2962,	'APAL-21177',	'Approval Ticket # APAL-21177',	80,	396,	37,	'2020-12-16',	'2020-12-16 08:44:43',	37),
(2963,	'APAL-88841',	'Approval Ticket # APAL-88841',	81,	403,	37,	'2020-12-16',	'2020-12-16 08:44:43',	37),
(2964,	'APAL-71851',	'Approval Ticket # APAL-71851',	80,	396,	21,	'2020-12-16',	'2020-12-16 08:44:48',	21),
(2965,	'APAL-75548',	'Approval Ticket # APAL-75548',	81,	403,	21,	'2020-12-16',	'2020-12-16 08:44:48',	21),
(2966,	'APAL-71806',	'Approval Ticket # APAL-71806',	80,	396,	31,	'2020-12-16',	'2020-12-16 08:47:20',	31),
(2967,	'APAL-81051',	'Approval Ticket # APAL-81051',	81,	403,	31,	'2020-12-16',	'2020-12-16 08:47:20',	31),
(2968,	'APAL-42651',	'Approval Ticket # APAL-42651',	80,	396,	12,	'2020-12-16',	'2020-12-16 08:49:28',	12),
(2969,	'APAL-64194',	'Approval Ticket # APAL-64194',	81,	403,	12,	'2020-12-16',	'2020-12-16 08:49:28',	12),
(2970,	'APAL-34954',	'Approval Ticket # APAL-34954',	80,	396,	15,	'2020-12-16',	'2020-12-16 08:49:29',	15),
(2971,	'APAL-82992',	'Approval Ticket # APAL-82992',	81,	403,	15,	'2020-12-16',	'2020-12-16 08:49:29',	15),
(2972,	'APAL-1812',	'Approval Ticket # APAL-1812',	80,	396,	23,	'2020-12-16',	'2020-12-16 08:49:31',	23),
(2973,	'APAL-81298',	'Approval Ticket # APAL-81298',	81,	403,	23,	'2020-12-16',	'2020-12-16 08:49:31',	23),
(2974,	'APAL-34136',	'Approval Ticket # APAL-34136',	80,	396,	34,	'2020-12-16',	'2020-12-16 08:49:31',	34),
(2975,	'APAL-71267',	'Approval Ticket # APAL-71267',	81,	403,	34,	'2020-12-16',	'2020-12-16 08:49:31',	34),
(2976,	'APAL-68674',	'Approval Ticket # APAL-68674',	80,	396,	39,	'2020-12-16',	'2020-12-16 08:49:34',	39),
(2977,	'APAL-33997',	'Approval Ticket # APAL-33997',	81,	403,	39,	'2020-12-16',	'2020-12-16 08:49:34',	39),
(2978,	'APAL-85253',	'Approval Ticket # APAL-85253',	80,	396,	40,	'2020-12-16',	'2020-12-16 08:50:02',	40),
(2979,	'APAL-24625',	'Approval Ticket # APAL-24625',	81,	403,	40,	'2020-12-16',	'2020-12-16 08:50:02',	40),
(2980,	'APAL-60888',	'Approval Ticket # APAL-60888',	80,	396,	22,	'2020-12-16',	'2020-12-16 08:50:04',	22),
(2981,	'APAL-2085',	'Approval Ticket # APAL-2085',	81,	403,	22,	'2020-12-16',	'2020-12-16 08:50:04',	22),
(2982,	'APAL-52519',	'Approval Ticket # APAL-52519',	80,	396,	33,	'2020-12-16',	'2020-12-16 08:50:04',	33),
(2983,	'APAL-7893',	'Approval Ticket # APAL-7893',	81,	403,	33,	'2020-12-16',	'2020-12-16 08:50:04',	33),
(2984,	'APAL-8601',	'Approval Ticket # APAL-8601',	80,	396,	24,	'2020-12-16',	'2020-12-16 08:50:16',	24),
(2985,	'APAL-67414',	'Approval Ticket # APAL-67414',	81,	403,	24,	'2020-12-16',	'2020-12-16 08:50:16',	24),
(2986,	'APAL-70585',	'Approval Ticket # APAL-70585',	80,	396,	16,	'2020-12-16',	'2020-12-16 08:50:17',	16),
(2987,	'APAL-12508',	'Approval Ticket # APAL-12508',	81,	403,	16,	'2020-12-16',	'2020-12-16 08:50:17',	16),
(2988,	'APAL-17277',	'Approval Ticket # APAL-17277',	80,	396,	27,	'2020-12-16',	'2020-12-16 08:50:19',	27),
(2989,	'APAL-73031',	'Approval Ticket # APAL-73031',	81,	403,	27,	'2020-12-16',	'2020-12-16 08:50:19',	27),
(2990,	'APAL-10208',	'Approval Ticket # APAL-10208',	80,	396,	17,	'2020-12-16',	'2020-12-16 08:50:19',	17),
(2991,	'APAL-50060',	'Approval Ticket # APAL-50060',	81,	403,	17,	'2020-12-16',	'2020-12-16 08:50:19',	17),
(2992,	'APAL-56705',	'Approval Ticket # APAL-56705',	80,	396,	44,	'2020-12-16',	'2020-12-16 08:50:21',	44),
(2993,	'APAL-56673',	'Approval Ticket # APAL-56673',	81,	403,	44,	'2020-12-16',	'2020-12-16 08:50:21',	44),
(2994,	'APAL-26357',	'Approval Ticket # APAL-26357',	80,	396,	21,	'2020-12-16',	'2020-12-16 08:50:24',	21),
(2995,	'APAL-33166',	'Approval Ticket # APAL-33166',	81,	403,	21,	'2020-12-16',	'2020-12-16 08:50:24',	21),
(2996,	'APAL-72425',	'Approval Ticket # APAL-72425',	80,	396,	13,	'2020-12-16',	'2020-12-16 08:50:27',	13),
(2997,	'APAL-44448',	'Approval Ticket # APAL-44448',	81,	403,	13,	'2020-12-16',	'2020-12-16 08:50:27',	13),
(2998,	'APAL-32699',	'Approval Ticket # APAL-32699',	80,	396,	31,	'2020-12-16',	'2020-12-16 08:50:28',	31),
(2999,	'APAL-46406',	'Approval Ticket # APAL-46406',	81,	403,	31,	'2020-12-16',	'2020-12-16 08:50:29',	31),
(3000,	'APAL-76645',	'Approval Ticket # APAL-76645',	80,	396,	30,	'2020-12-16',	'2020-12-16 08:50:36',	30),
(3001,	'APAL-6983',	'Approval Ticket # APAL-6983',	81,	403,	30,	'2020-12-16',	'2020-12-16 08:50:36',	30),
(3002,	'APAL-87780',	'Approval Ticket # APAL-87780',	80,	396,	26,	'2020-12-16',	'2020-12-16 08:50:37',	26),
(3003,	'APAL-73490',	'Approval Ticket # APAL-73490',	81,	403,	26,	'2020-12-16',	'2020-12-16 08:50:37',	26),
(3004,	'APAL-47231',	'Approval Ticket # APAL-47231',	80,	396,	19,	'2020-12-16',	'2020-12-16 08:50:38',	19),
(3005,	'APAL-41789',	'Approval Ticket # APAL-41789',	81,	403,	19,	'2020-12-16',	'2020-12-16 08:50:38',	19),
(3006,	'APAL-9394',	'Approval Ticket # APAL-9394',	80,	396,	37,	'2020-12-16',	'2020-12-16 08:50:50',	37),
(3007,	'APAL-2693',	'Approval Ticket # APAL-2693',	81,	403,	37,	'2020-12-16',	'2020-12-16 08:50:50',	37),
(3008,	'APAL-81174',	'Approval Ticket # APAL-81174',	80,	396,	38,	'2020-12-16',	'2020-12-16 08:50:53',	38),
(3009,	'APAL-34000',	'Approval Ticket # APAL-34000',	81,	403,	38,	'2020-12-16',	'2020-12-16 08:50:53',	38),
(3010,	'APAL-29679',	'Approval Ticket # APAL-29679',	80,	396,	25,	'2020-12-16',	'2020-12-16 08:50:55',	25),
(3011,	'APAL-82455',	'Approval Ticket # APAL-82455',	81,	403,	25,	'2020-12-16',	'2020-12-16 08:50:55',	25),
(3012,	'APAL-79205',	'Approval Ticket # APAL-79205',	80,	396,	18,	'2020-12-16',	'2020-12-16 08:51:18',	18),
(3013,	'APAL-22882',	'Approval Ticket # APAL-22882',	81,	403,	18,	'2020-12-16',	'2020-12-16 08:51:18',	18),
(3014,	'APAL-26650',	'Approval Ticket # APAL-26650',	80,	396,	22,	'2020-12-16',	'2020-12-16 08:51:41',	22),
(3015,	'APAL-70896',	'Approval Ticket # APAL-70896',	81,	403,	22,	'2020-12-16',	'2020-12-16 08:51:41',	22),
(3016,	'APAL-33254',	'Approval Ticket # APAL-33254',	80,	396,	38,	'2020-12-16',	'2020-12-16 08:54:16',	38),
(3017,	'APAL-52585',	'Approval Ticket # APAL-52585',	81,	403,	38,	'2020-12-16',	'2020-12-16 08:54:16',	38),
(3018,	'APAL-45406',	'Approval Ticket # APAL-45406',	80,	396,	15,	'2020-12-16',	'2020-12-16 08:54:56',	15),
(3019,	'APAL-74730',	'Approval Ticket # APAL-74730',	81,	403,	15,	'2020-12-16',	'2020-12-16 08:54:56',	15),
(3020,	'APAL-50533',	'Approval Ticket # APAL-50533',	80,	396,	13,	'2020-12-16',	'2020-12-16 08:56:47',	13),
(3021,	'APAL-9249',	'Approval Ticket # APAL-9249',	81,	403,	13,	'2020-12-16',	'2020-12-16 08:56:47',	13),
(3022,	'APAL-69815',	'Approval Ticket # APAL-69815',	80,	396,	27,	'2020-12-16',	'2020-12-16 08:56:59',	27),
(3023,	'APAL-20151',	'Approval Ticket # APAL-20151',	81,	403,	27,	'2020-12-16',	'2020-12-16 08:56:59',	27),
(3024,	'APAL-36094',	'Approval Ticket # APAL-36094',	80,	396,	34,	'2020-12-16',	'2020-12-16 08:57:57',	34),
(3025,	'APAL-37712',	'Approval Ticket # APAL-37712',	81,	403,	34,	'2020-12-16',	'2020-12-16 08:57:57',	34),
(3026,	'APAL-52164',	'Approval Ticket # APAL-52164',	80,	396,	22,	'2020-12-16',	'2020-12-16 09:00:08',	22),
(3027,	'APAL-42677',	'Approval Ticket # APAL-42677',	81,	403,	22,	'2020-12-16',	'2020-12-16 09:00:08',	22),
(3028,	'APAL-53671',	'Approval Ticket # APAL-53671',	80,	396,	44,	'2020-12-16',	'2020-12-16 09:00:44',	44),
(3029,	'APAL-24909',	'Approval Ticket # APAL-24909',	81,	403,	44,	'2020-12-16',	'2020-12-16 09:00:44',	44),
(3030,	'APAL-17007',	'Approval Ticket # APAL-17007',	80,	396,	15,	'2020-12-16',	'2020-12-16 09:00:46',	15),
(3031,	'APAL-12387',	'Approval Ticket # APAL-12387',	81,	403,	15,	'2020-12-16',	'2020-12-16 09:00:46',	15),
(3032,	'APAL-31104',	'Approval Ticket # APAL-31104',	80,	396,	33,	'2020-12-16',	'2020-12-16 09:00:49',	33),
(3033,	'APAL-89598',	'Approval Ticket # APAL-89598',	81,	403,	33,	'2020-12-16',	'2020-12-16 09:00:49',	33),
(3034,	'APAL-25031',	'Approval Ticket # APAL-25031',	80,	396,	19,	'2020-12-16',	'2020-12-16 09:00:54',	19),
(3035,	'APAL-44688',	'Approval Ticket # APAL-44688',	81,	403,	19,	'2020-12-16',	'2020-12-16 09:00:54',	19),
(3036,	'APAL-60536',	'Approval Ticket # APAL-60536',	80,	396,	30,	'2020-12-16',	'2020-12-16 09:00:58',	30),
(3037,	'APAL-51449',	'Approval Ticket # APAL-51449',	81,	403,	30,	'2020-12-16',	'2020-12-16 09:00:58',	30),
(3038,	'APAL-52949',	'Approval Ticket # APAL-52949',	80,	396,	31,	'2020-12-16',	'2020-12-16 09:01:02',	31),
(3039,	'APAL-49550',	'Approval Ticket # APAL-49550',	81,	403,	31,	'2020-12-16',	'2020-12-16 09:01:02',	31),
(3040,	'APAL-57885',	'Approval Ticket # APAL-57885',	80,	396,	25,	'2020-12-16',	'2020-12-16 09:01:02',	25),
(3041,	'APAL-12029',	'Approval Ticket # APAL-12029',	81,	403,	25,	'2020-12-16',	'2020-12-16 09:01:02',	25),
(3042,	'APAL-42992',	'Approval Ticket # APAL-42992',	80,	396,	12,	'2020-12-16',	'2020-12-16 09:01:09',	12),
(3043,	'APAL-41933',	'Approval Ticket # APAL-41933',	81,	403,	12,	'2020-12-16',	'2020-12-16 09:01:09',	12),
(3044,	'APAL-46215',	'Approval Ticket # APAL-46215',	80,	396,	18,	'2020-12-16',	'2020-12-16 09:01:10',	18),
(3045,	'APAL-75770',	'Approval Ticket # APAL-75770',	81,	403,	18,	'2020-12-16',	'2020-12-16 09:01:10',	18),
(3046,	'APAL-2752',	'Approval Ticket # APAL-2752',	80,	396,	37,	'2020-12-16',	'2020-12-16 09:01:16',	37),
(3047,	'APAL-18790',	'Approval Ticket # APAL-18790',	81,	403,	37,	'2020-12-16',	'2020-12-16 09:01:16',	37),
(3048,	'APAL-71028',	'Approval Ticket # APAL-71028',	80,	396,	40,	'2020-12-16',	'2020-12-16 09:01:16',	40),
(3049,	'APAL-13766',	'Approval Ticket # APAL-13766',	81,	403,	40,	'2020-12-16',	'2020-12-16 09:01:16',	40),
(3050,	'APAL-76100',	'Approval Ticket # APAL-76100',	80,	396,	21,	'2020-12-16',	'2020-12-16 09:01:24',	21),
(3051,	'APAL-5004',	'Approval Ticket # APAL-5004',	81,	403,	21,	'2020-12-16',	'2020-12-16 09:01:24',	21),
(3052,	'APAL-45953',	'Approval Ticket # APAL-45953',	80,	396,	16,	'2020-12-16',	'2020-12-16 09:01:41',	16),
(3053,	'APAL-73994',	'Approval Ticket # APAL-73994',	81,	403,	16,	'2020-12-16',	'2020-12-16 09:01:41',	16),
(3054,	'APAL-41457',	'Approval Ticket # APAL-41457',	80,	396,	17,	'2020-12-16',	'2020-12-16 09:02:26',	17),
(3055,	'APAL-44573',	'Approval Ticket # APAL-44573',	81,	403,	17,	'2020-12-16',	'2020-12-16 09:02:26',	17),
(3056,	'APAL-55483',	'Approval Ticket # APAL-55483',	80,	396,	24,	'2020-12-16',	'2020-12-16 09:02:57',	24),
(3057,	'APAL-50789',	'Approval Ticket # APAL-50789',	81,	403,	24,	'2020-12-16',	'2020-12-16 09:02:57',	24),
(3058,	'APAL-22581',	'Approval Ticket # APAL-22581',	80,	396,	23,	'2020-12-16',	'2020-12-16 09:03:02',	23),
(3059,	'APAL-4980',	'Approval Ticket # APAL-4980',	81,	403,	23,	'2020-12-16',	'2020-12-16 09:03:02',	23),
(3060,	'APAL-42586',	'Approval Ticket # APAL-42586',	24,	0,	27,	'2020-12-16',	'2020-12-16 09:05:39',	27),
(3061,	'APAL-40647',	'Approval Ticket # APAL-40647',	24,	0,	27,	'2020-12-16',	'2020-12-16 09:05:39',	27),
(3062,	'APAL-77882',	'Approval Ticket # APAL-77882',	24,	0,	13,	'2020-12-16',	'2020-12-16 09:24:47',	13),
(3063,	'APAL-20319',	'Approval Ticket # APAL-20319',	24,	0,	13,	'2020-12-16',	'2020-12-16 09:24:47',	13),
(3064,	'APAL-85080',	'Approval Ticket # APAL-85080',	24,	0,	16,	'2020-12-16',	'2020-12-16 09:30:01',	16),
(3065,	'APAL-30347',	'Approval Ticket # APAL-30347',	24,	0,	16,	'2020-12-16',	'2020-12-16 09:30:01',	16),
(3066,	'APAL-9143',	'Approval Ticket # APAL-9143',	80,	396,	12,	'2020-12-16',	'2020-12-16 09:30:14',	12),
(3067,	'APAL-50463',	'Approval Ticket # APAL-50463',	81,	403,	12,	'2020-12-16',	'2020-12-16 09:30:14',	12),
(3068,	'APAL-72792',	'Approval Ticket # APAL-72792',	24,	0,	40,	'2020-12-16',	'2020-12-16 09:34:41',	40),
(3069,	'APAL-5305',	'Approval Ticket # APAL-5305',	24,	0,	40,	'2020-12-16',	'2020-12-16 09:34:41',	40),
(3070,	'APAL-1914',	'Approval Ticket # APAL-1914',	80,	396,	27,	'2020-12-16',	'2020-12-16 09:35:57',	27),
(3071,	'APAL-19203',	'Approval Ticket # APAL-19203',	81,	403,	27,	'2020-12-16',	'2020-12-16 09:35:57',	27),
(3072,	'APAL-33084',	'Approval Ticket # APAL-33084',	24,	0,	33,	'2020-12-16',	'2020-12-16 09:36:26',	33),
(3073,	'APAL-69990',	'Approval Ticket # APAL-69990',	24,	0,	33,	'2020-12-16',	'2020-12-16 09:36:26',	33),
(3074,	'APAL-60653',	'Approval Ticket # APAL-60653',	80,	396,	16,	'2020-12-16',	'2020-12-16 09:36:29',	16),
(3075,	'APAL-24152',	'Approval Ticket # APAL-24152',	81,	403,	16,	'2020-12-16',	'2020-12-16 09:36:29',	16),
(3076,	'APAL-46271',	'Approval Ticket # APAL-46271',	24,	0,	21,	'2020-12-16',	'2020-12-16 09:36:31',	21),
(3077,	'APAL-71423',	'Approval Ticket # APAL-71423',	24,	0,	21,	'2020-12-16',	'2020-12-16 09:36:31',	21),
(3078,	'APAL-75420',	'Approval Ticket # APAL-75420',	80,	396,	44,	'2020-12-16',	'2020-12-16 09:36:45',	44),
(3079,	'APAL-49422',	'Approval Ticket # APAL-49422',	81,	403,	44,	'2020-12-16',	'2020-12-16 09:36:45',	44),
(3080,	'APAL-10403',	'Approval Ticket # APAL-10403',	24,	0,	37,	'2020-12-16',	'2020-12-16 09:36:49',	37),
(3081,	'APAL-62858',	'Approval Ticket # APAL-62858',	24,	0,	37,	'2020-12-16',	'2020-12-16 09:36:49',	37),
(3082,	'APAL-50186',	'Approval Ticket # APAL-50186',	80,	396,	40,	'2020-12-16',	'2020-12-16 09:36:50',	40),
(3083,	'APAL-9165',	'Approval Ticket # APAL-9165',	81,	403,	40,	'2020-12-16',	'2020-12-16 09:36:50',	40),
(3084,	'APAL-71149',	'Approval Ticket # APAL-71149',	80,	396,	33,	'2020-12-16',	'2020-12-16 09:37:03',	33),
(3085,	'APAL-71063',	'Approval Ticket # APAL-71063',	81,	403,	33,	'2020-12-16',	'2020-12-16 09:37:03',	33),
(3086,	'APAL-42976',	'Approval Ticket # APAL-42976',	80,	396,	37,	'2020-12-16',	'2020-12-16 09:37:03',	37),
(3087,	'APAL-25547',	'Approval Ticket # APAL-25547',	81,	403,	37,	'2020-12-16',	'2020-12-16 09:37:03',	37),
(3088,	'APAL-88275',	'Approval Ticket # APAL-88275',	80,	396,	21,	'2020-12-16',	'2020-12-16 09:37:13',	21),
(3089,	'APAL-21352',	'Approval Ticket # APAL-21352',	81,	403,	21,	'2020-12-16',	'2020-12-16 09:37:13',	21),
(3090,	'APAL-49234',	'Approval Ticket # APAL-49234',	24,	0,	31,	'2020-12-16',	'2020-12-16 09:37:26',	31),
(3091,	'APAL-59102',	'Approval Ticket # APAL-59102',	24,	0,	31,	'2020-12-16',	'2020-12-16 09:37:26',	31),
(3092,	'APAL-41476',	'Approval Ticket # APAL-41476',	80,	396,	39,	'2020-12-16',	'2020-12-16 09:37:38',	39),
(3093,	'APAL-87993',	'Approval Ticket # APAL-87993',	81,	403,	39,	'2020-12-16',	'2020-12-16 09:37:38',	39),
(3094,	'APAL-2469',	'Approval Ticket # APAL-2469',	80,	396,	31,	'2020-12-16',	'2020-12-16 09:37:43',	31),
(3095,	'APAL-16922',	'Approval Ticket # APAL-16922',	81,	403,	31,	'2020-12-16',	'2020-12-16 09:37:43',	31),
(3096,	'APAL-33610',	'Approval Ticket # APAL-33610',	80,	396,	17,	'2020-12-16',	'2020-12-16 09:37:46',	17),
(3097,	'APAL-12757',	'Approval Ticket # APAL-12757',	81,	403,	17,	'2020-12-16',	'2020-12-16 09:37:46',	17),
(3098,	'APAL-71056',	'Approval Ticket # APAL-71056',	80,	396,	18,	'2020-12-16',	'2020-12-16 09:37:50',	18),
(3099,	'APAL-51406',	'Approval Ticket # APAL-51406',	81,	403,	18,	'2020-12-16',	'2020-12-16 09:37:50',	18),
(3100,	'APAL-41599',	'Approval Ticket # APAL-41599',	80,	396,	12,	'2020-12-16',	'2020-12-16 09:37:56',	12),
(3101,	'APAL-34148',	'Approval Ticket # APAL-34148',	81,	403,	12,	'2020-12-16',	'2020-12-16 09:37:56',	12),
(3102,	'APAL-82980',	'Approval Ticket # APAL-82980',	80,	396,	23,	'2020-12-16',	'2020-12-16 09:38:03',	23),
(3103,	'APAL-85845',	'Approval Ticket # APAL-85845',	81,	403,	23,	'2020-12-16',	'2020-12-16 09:38:03',	23),
(3104,	'APAL-1047',	'Approval Ticket # APAL-1047',	80,	396,	30,	'2020-12-16',	'2020-12-16 09:38:12',	30),
(3105,	'APAL-82078',	'Approval Ticket # APAL-82078',	81,	403,	30,	'2020-12-16',	'2020-12-16 09:38:12',	30),
(3106,	'APAL-1937',	'Approval Ticket # APAL-1937',	24,	0,	25,	'2020-12-16',	'2020-12-16 09:38:49',	25),
(3107,	'APAL-45193',	'Approval Ticket # APAL-45193',	24,	0,	25,	'2020-12-16',	'2020-12-16 09:38:49',	25),
(3108,	'APAL-30258',	'Approval Ticket # APAL-30258',	80,	396,	38,	'2020-12-16',	'2020-12-16 09:39:11',	38),
(3109,	'APAL-76851',	'Approval Ticket # APAL-76851',	81,	403,	38,	'2020-12-16',	'2020-12-16 09:39:11',	38),
(3110,	'APAL-14378',	'Approval Ticket # APAL-14378',	80,	396,	13,	'2020-12-16',	'2020-12-16 09:40:03',	13),
(3111,	'APAL-38285',	'Approval Ticket # APAL-38285',	80,	396,	24,	'2020-12-16',	'2020-12-16 09:42:41',	24),
(3112,	'APAL-71456',	'Approval Ticket # APAL-71456',	81,	403,	24,	'2020-12-16',	'2020-12-16 09:42:41',	24),
(3113,	'APAL-30007',	'Approval Ticket # APAL-30007',	80,	396,	26,	'2020-12-16',	'2020-12-16 09:43:57',	26),
(3114,	'APAL-65169',	'Approval Ticket # APAL-65169',	81,	403,	26,	'2020-12-16',	'2020-12-16 09:43:57',	26),
(3115,	'APAL-8052',	'Approval Ticket # APAL-8052',	80,	396,	15,	'2020-12-16',	'2020-12-16 09:44:04',	15),
(3116,	'APAL-83438',	'Approval Ticket # APAL-83438',	81,	403,	15,	'2020-12-16',	'2020-12-16 09:44:04',	15),
(3117,	'APAL-71259',	'Approval Ticket # APAL-71259',	80,	396,	34,	'2020-12-16',	'2020-12-16 09:49:41',	34),
(3118,	'APAL-54295',	'Approval Ticket # APAL-54295',	81,	403,	34,	'2020-12-16',	'2020-12-16 09:49:41',	34),
(3119,	'APAL-76238',	'Approval Ticket # APAL-76238',	80,	396,	44,	'2020-12-16',	'2020-12-16 09:53:26',	44),
(3120,	'APAL-27539',	'Approval Ticket # APAL-27539',	81,	403,	44,	'2020-12-16',	'2020-12-16 09:53:26',	44),
(3121,	'APAL-77657',	'Approval Ticket # APAL-77657',	80,	396,	33,	'2020-12-16',	'2020-12-16 09:54:19',	33),
(3122,	'APAL-12387',	'Approval Ticket # APAL-12387',	81,	403,	33,	'2020-12-16',	'2020-12-16 09:54:19',	33),
(3123,	'APAL-26993',	'Approval Ticket # APAL-26993',	80,	396,	12,	'2020-12-16',	'2020-12-16 09:54:19',	12),
(3124,	'APAL-51997',	'Approval Ticket # APAL-51997',	81,	403,	12,	'2020-12-16',	'2020-12-16 09:54:19',	12),
(3125,	'APAL-9509',	'Approval Ticket # APAL-9509',	80,	396,	26,	'2020-12-16',	'2020-12-16 09:54:45',	26),
(3126,	'APAL-59549',	'Approval Ticket # APAL-59549',	81,	403,	26,	'2020-12-16',	'2020-12-16 09:54:45',	26),
(3127,	'APAL-5621',	'Approval Ticket # APAL-5621',	80,	396,	27,	'2020-12-16',	'2020-12-16 09:54:52',	27),
(3128,	'APAL-60566',	'Approval Ticket # APAL-60566',	81,	403,	27,	'2020-12-16',	'2020-12-16 09:54:52',	27),
(3129,	'APAL-88924',	'Approval Ticket # APAL-88924',	80,	396,	16,	'2020-12-16',	'2020-12-16 09:55:33',	16),
(3130,	'APAL-1794',	'Approval Ticket # APAL-1794',	81,	403,	16,	'2020-12-16',	'2020-12-16 09:55:33',	16),
(3131,	'APAL-78212',	'Approval Ticket # APAL-78212',	80,	396,	30,	'2020-12-16',	'2020-12-16 09:56:16',	30),
(3132,	'APAL-44715',	'Approval Ticket # APAL-44715',	81,	403,	30,	'2020-12-16',	'2020-12-16 09:56:16',	30),
(3133,	'APAL-52731',	'Approval Ticket # APAL-52731',	80,	396,	21,	'2020-12-16',	'2020-12-16 10:00:56',	21),
(3134,	'APAL-41493',	'Approval Ticket # APAL-41493',	81,	403,	21,	'2020-12-16',	'2020-12-16 10:00:56',	21),
(3135,	'APAL-14252',	'Approval Ticket # APAL-14252',	80,	396,	37,	'2020-12-16',	'2020-12-16 10:03:56',	37),
(3136,	'APAL-30097',	'Approval Ticket # APAL-30097',	81,	403,	37,	'2020-12-16',	'2020-12-16 10:03:56',	37),
(3137,	'APAL-44715',	'Approval Ticket # APAL-44715',	80,	396,	25,	'2020-12-16',	'2020-12-16 10:04:03',	25),
(3138,	'APAL-38010',	'Approval Ticket # APAL-38010',	81,	403,	25,	'2020-12-16',	'2020-12-16 10:04:03',	25),
(3139,	'APAL-66286',	'Approval Ticket # APAL-66286',	80,	396,	13,	'2020-12-16',	'2020-12-16 10:04:51',	13),
(3140,	'APAL-40880',	'Approval Ticket # APAL-40880',	81,	403,	13,	'2020-12-16',	'2020-12-16 10:04:51',	13),
(3141,	'APAL-53890',	'Approval Ticket # APAL-53890',	80,	396,	27,	'2020-12-16',	'2020-12-16 10:09:46',	27),
(3142,	'APAL-79678',	'Approval Ticket # APAL-79678',	81,	403,	27,	'2020-12-16',	'2020-12-16 10:09:46',	27),
(3143,	'APAL-74384',	'Approval Ticket # APAL-74384',	80,	396,	27,	'2020-12-16',	'2020-12-16 10:10:07',	27),
(3144,	'APAL-4103',	'Approval Ticket # APAL-4103',	81,	403,	27,	'2020-12-16',	'2020-12-16 10:10:07',	27),
(3145,	'APAL-84154',	'Approval Ticket # APAL-84154',	80,	396,	22,	'2020-12-16',	'2020-12-16 10:10:14',	22),
(3146,	'APAL-28591',	'Approval Ticket # APAL-28591',	81,	403,	22,	'2020-12-16',	'2020-12-16 10:10:14',	22),
(3147,	'APAL-82015',	'Approval Ticket # APAL-82015',	80,	396,	13,	'2020-12-16',	'2020-12-16 10:10:30',	13),
(3148,	'APAL-74069',	'Approval Ticket # APAL-74069',	81,	403,	13,	'2020-12-16',	'2020-12-16 10:10:30',	13),
(3149,	'APAL-38135',	'Approval Ticket # APAL-38135',	80,	396,	37,	'2020-12-16',	'2020-12-16 10:12:53',	37),
(3150,	'APAL-28078',	'Approval Ticket # APAL-28078',	81,	403,	37,	'2020-12-16',	'2020-12-16 10:12:53',	37),
(3151,	'APAL-55302',	'Approval Ticket # APAL-55302',	80,	396,	18,	'2020-12-16',	'2020-12-16 11:09:30',	18),
(3152,	'APAL-45797',	'Approval Ticket # APAL-45797',	81,	403,	18,	'2020-12-16',	'2020-12-16 11:09:30',	18),
(3153,	'APAL-41500',	'Approval Ticket # APAL-41500',	91,	212,	1,	'2020-12-16',	'2020-12-16 12:58:14',	1),
(3154,	'APAL-81172',	'Approval Ticket # APAL-81172',	9,	150,	19,	'2020-12-17',	'2020-12-17 01:55:46',	19),
(3155,	'APAL-78600',	'Approval Ticket # APAL-78600',	80,	396,	19,	'2020-12-17',	'2020-12-17 02:04:32',	19),
(3156,	'APAL-5681',	'Approval Ticket # APAL-5681',	81,	403,	19,	'2020-12-17',	'2020-12-17 02:04:32',	19),
(3157,	'APAL-84633',	'Approval Ticket # APAL-84633',	81,	403,	19,	'2020-12-17',	'2020-12-17 02:04:32',	19),
(3158,	'APAL-58431',	'Approval Ticket # APAL-58431',	80,	396,	19,	'2020-12-17',	'2020-12-17 02:13:42',	19),
(3159,	'APAL-33313',	'Approval Ticket # APAL-33313',	81,	403,	19,	'2020-12-17',	'2020-12-17 02:13:42',	19),
(3160,	'APAL-40452',	'Approval Ticket # APAL-40452',	80,	396,	19,	'2020-12-17',	'2020-12-17 02:26:47',	19),
(3161,	'APAL-73107',	'Approval Ticket # APAL-73107',	81,	403,	19,	'2020-12-17',	'2020-12-17 02:26:47',	19),
(3162,	'APAL-76421',	'Approval Ticket # APAL-76421',	24,	0,	19,	'2020-12-17',	'2020-12-17 02:30:15',	19),
(3163,	'APAL-43209',	'Approval Ticket # APAL-43209',	24,	0,	19,	'2020-12-17',	'2020-12-17 02:30:15',	19),
(3164,	'APAL-56933',	'Approval Ticket # APAL-56933',	80,	396,	19,	'2020-12-17',	'2020-12-17 02:30:53',	19),
(3165,	'APAL-72644',	'Approval Ticket # APAL-72644',	81,	403,	19,	'2020-12-17',	'2020-12-17 02:30:53',	19),
(3166,	'APAL-62323',	'Approval Ticket # APAL-62323',	80,	396,	19,	'2020-12-17',	'2020-12-17 02:38:49',	19),
(3167,	'APAL-40972',	'Approval Ticket # APAL-40972',	81,	403,	19,	'2020-12-17',	'2020-12-17 02:38:49',	19),
(3168,	'APAL-27429',	'Approval Ticket # APAL-27429',	80,	396,	19,	'2020-12-17',	'2020-12-17 02:42:27',	19),
(3169,	'APAL-24389',	'Approval Ticket # APAL-24389',	81,	403,	19,	'2020-12-17',	'2020-12-17 02:42:27',	19),
(3170,	'APAL-58599',	'Approval Ticket # APAL-58599',	91,	212,	1,	'2020-12-17',	'2020-12-17 03:40:26',	1),
(3171,	'APAL-81419',	'Approval Ticket # APAL-81419',	80,	396,	12,	'2020-12-17',	'2020-12-17 05:33:34',	12),
(3172,	'APAL-28264',	'Approval Ticket # APAL-28264',	81,	403,	12,	'2020-12-17',	'2020-12-17 05:33:34',	12),
(3173,	'APAL-55130',	'Approval Ticket # APAL-55130',	81,	403,	12,	'2020-12-17',	'2020-12-17 05:33:34',	12),
(3174,	'APAL-30174',	'Approval Ticket # APAL-30174',	61,	296,	11,	'2020-12-17',	'2020-12-17 06:48:03',	11),
(3175,	'APAL-45799',	'Approval Ticket # APAL-45799',	62,	315,	11,	'2020-12-17',	'2020-12-17 06:49:09',	11),
(3176,	'APAL-32285',	'Approval Ticket # APAL-32285',	62,	315,	11,	'2020-12-17',	'2020-12-17 06:49:09',	11),
(3177,	'APAL-64376',	'Approval Ticket # APAL-64376',	48,	0,	11,	'2020-12-17',	'2020-12-17 06:49:09',	11),
(3178,	'APAL-6653',	'Approval Ticket # APAL-6653',	62,	315,	11,	'2020-12-17',	'2020-12-17 06:49:09',	11),
(3179,	'APAL-62029',	'Approval Ticket # APAL-62029',	48,	0,	11,	'2020-12-17',	'2020-12-17 06:49:09',	11),
(3180,	'APAL-63299',	'Approval Ticket # APAL-63299',	62,	315,	11,	'2020-12-17',	'2020-12-17 06:49:09',	11),
(3181,	'APAL-4203',	'Approval Ticket # APAL-4203',	48,	0,	11,	'2020-12-17',	'2020-12-17 06:49:09',	11),
(3182,	'APAL-5448',	'Approval Ticket # APAL-5448',	62,	315,	11,	'2020-12-17',	'2020-12-17 06:49:09',	11),
(3183,	'APAL-64275',	'Approval Ticket # APAL-64275',	48,	0,	11,	'2020-12-17',	'2020-12-17 06:49:09',	11),
(3184,	'APAL-81504',	'Approval Ticket # APAL-81504',	62,	315,	11,	'2020-12-17',	'2020-12-17 06:49:09',	11),
(3185,	'APAL-65193',	'Approval Ticket # APAL-65193',	48,	0,	11,	'2020-12-17',	'2020-12-17 06:49:09',	11),
(3186,	'APAL-8001',	'Approval Ticket # APAL-8001',	62,	315,	11,	'2020-12-17',	'2020-12-17 06:49:09',	11),
(3187,	'APAL-26732',	'Approval Ticket # APAL-26732',	48,	0,	11,	'2020-12-17',	'2020-12-17 06:49:09',	11),
(3188,	'APAL-29270',	'Approval Ticket # APAL-29270',	62,	315,	11,	'2020-12-17',	'2020-12-17 06:49:09',	11),
(3189,	'APAL-10022',	'Approval Ticket # APAL-10022',	48,	0,	11,	'2020-12-17',	'2020-12-17 06:49:09',	11),
(3190,	'APAL-35980',	'Approval Ticket # APAL-35980',	62,	315,	11,	'2020-12-17',	'2020-12-17 06:49:09',	11),
(3191,	'APAL-69509',	'Approval Ticket # APAL-69509',	48,	0,	11,	'2020-12-17',	'2020-12-17 06:49:09',	11),
(3192,	'APAL-44151',	'Approval Ticket # APAL-44151',	62,	315,	11,	'2020-12-17',	'2020-12-17 06:49:09',	11),
(3193,	'APAL-51097',	'Approval Ticket # APAL-51097',	48,	0,	11,	'2020-12-17',	'2020-12-17 06:49:09',	11),
(3194,	'APAL-38037',	'Approval Ticket # APAL-38037',	62,	315,	11,	'2020-12-17',	'2020-12-17 06:49:09',	11),
(3195,	'APAL-12220',	'Approval Ticket # APAL-12220',	48,	0,	11,	'2020-12-17',	'2020-12-17 06:49:09',	11),
(3196,	'APAL-45805',	'Approval Ticket # APAL-45805',	62,	315,	11,	'2020-12-17',	'2020-12-17 06:49:09',	11),
(3197,	'APAL-25955',	'Approval Ticket # APAL-25955',	48,	0,	11,	'2020-12-17',	'2020-12-17 06:49:09',	11),
(3198,	'APAL-48190',	'Approval Ticket # APAL-48190',	65,	292,	11,	'2020-12-17',	'2020-12-17 06:54:29',	11),
(3199,	'APAL-61623',	'Approval Ticket # APAL-61623',	80,	396,	41,	'2020-12-17',	'2020-12-17 06:56:08',	41),
(3200,	'APAL-63917',	'Approval Ticket # APAL-63917',	81,	403,	41,	'2020-12-17',	'2020-12-17 06:56:08',	41),
(3201,	'APAL-6688',	'Approval Ticket # APAL-6688',	80,	396,	41,	'2020-12-17',	'2020-12-17 06:58:05',	41),
(3202,	'APAL-79923',	'Approval Ticket # APAL-79923',	81,	403,	41,	'2020-12-17',	'2020-12-17 06:58:05',	41),
(3203,	'APAL-23888',	'Approval Ticket # APAL-23888',	66,	0,	41,	'2020-12-17',	'2020-12-17 07:09:42',	41),
(3204,	'APAL-56262',	'Approval Ticket # APAL-56262',	87,	0,	41,	'2020-12-17',	'2020-12-17 07:09:43',	41),
(3205,	'APAL-37347',	'Approval Ticket # APAL-37347',	87,	0,	41,	'2020-12-17',	'2020-12-17 07:09:43',	41),
(3206,	'APAL-16230',	'Approval Ticket # APAL-16230',	7,	348,	41,	'2020-12-17',	'2020-12-17 08:00:25',	41),
(3207,	'APAL-29532',	'Approval Ticket # APAL-29532',	8,	353,	41,	'2020-12-17',	'2020-12-17 08:00:25',	41),
(3208,	'APAL-83164',	'Approval Ticket # APAL-83164',	8,	353,	41,	'2020-12-17',	'2020-12-17 08:00:25',	41),
(3209,	'APAL-7071',	'Approval Ticket # APAL-7071',	8,	353,	41,	'2020-12-17',	'2020-12-17 08:00:25',	41),
(3210,	'APAL-65520',	'Approval Ticket # APAL-65520',	8,	353,	41,	'2020-12-17',	'2020-12-17 08:00:25',	41),
(3211,	'APAL-2269',	'Approval Ticket # APAL-2269',	8,	353,	41,	'2020-12-17',	'2020-12-17 08:00:25',	41),
(3212,	'APAL-2507',	'Approval Ticket # APAL-2507',	8,	353,	41,	'2020-12-17',	'2020-12-17 08:00:25',	41),
(3213,	'APAL-55081',	'Approval Ticket # APAL-55081',	8,	353,	41,	'2020-12-17',	'2020-12-17 08:00:25',	41),
(3214,	'APAL-10316',	'Approval Ticket # APAL-10316',	8,	353,	41,	'2020-12-17',	'2020-12-17 08:00:25',	41),
(3215,	'APAL-33134',	'Approval Ticket # APAL-33134',	8,	353,	41,	'2020-12-17',	'2020-12-17 08:00:25',	41),
(3216,	'APAL-26661',	'Approval Ticket # APAL-26661',	8,	353,	41,	'2020-12-17',	'2020-12-17 08:00:25',	41),
(3217,	'APAL-75591',	'Approval Ticket # APAL-75591',	8,	353,	41,	'2020-12-17',	'2020-12-17 08:00:25',	41),
(3218,	'APAL-15178',	'Approval Ticket # APAL-15178',	8,	353,	41,	'2020-12-17',	'2020-12-17 08:00:25',	41),
(3219,	'APAL-86188',	'Approval Ticket # APAL-86188',	80,	396,	27,	'2020-12-17',	'2020-12-17 08:19:29',	27),
(3220,	'APAL-20644',	'Approval Ticket # APAL-20644',	81,	403,	27,	'2020-12-17',	'2020-12-17 08:19:29',	27),
(3221,	'APAL-14333',	'Approval Ticket # APAL-14333',	81,	403,	27,	'2020-12-17',	'2020-12-17 08:19:29',	27),
(3222,	'APAL-20009',	'Approval Ticket # APAL-20009',	81,	403,	27,	'2020-12-17',	'2020-12-17 08:19:29',	27),
(3223,	'APAL-45475',	'Approval Ticket # APAL-45475',	81,	403,	27,	'2020-12-17',	'2020-12-17 08:19:29',	27),
(3224,	'APAL-18880',	'Approval Ticket # APAL-18880',	81,	403,	27,	'2020-12-17',	'2020-12-17 08:19:29',	27),
(3225,	'APAL-84742',	'Approval Ticket # APAL-84742',	81,	403,	27,	'2020-12-17',	'2020-12-17 08:19:29',	27),
(3226,	'APAL-18437',	'Approval Ticket # APAL-18437',	80,	396,	44,	'2020-12-17',	'2020-12-17 08:19:31',	44),
(3227,	'APAL-60734',	'Approval Ticket # APAL-60734',	81,	403,	44,	'2020-12-17',	'2020-12-17 08:19:31',	44),
(3228,	'APAL-37205',	'Approval Ticket # APAL-37205',	81,	403,	44,	'2020-12-17',	'2020-12-17 08:19:31',	44),
(3229,	'APAL-63605',	'Approval Ticket # APAL-63605',	81,	403,	44,	'2020-12-17',	'2020-12-17 08:19:31',	44),
(3230,	'APAL-47518',	'Approval Ticket # APAL-47518',	81,	403,	44,	'2020-12-17',	'2020-12-17 08:19:31',	44),
(3231,	'APAL-76903',	'Approval Ticket # APAL-76903',	81,	403,	44,	'2020-12-17',	'2020-12-17 08:19:31',	44),
(3232,	'APAL-57104',	'Approval Ticket # APAL-57104',	81,	403,	44,	'2020-12-17',	'2020-12-17 08:19:31',	44),
(3233,	'APAL-23046',	'Approval Ticket # APAL-23046',	80,	396,	33,	'2020-12-17',	'2020-12-17 08:19:31',	33),
(3234,	'APAL-41731',	'Approval Ticket # APAL-41731',	81,	403,	33,	'2020-12-17',	'2020-12-17 08:19:31',	33),
(3235,	'APAL-69247',	'Approval Ticket # APAL-69247',	81,	403,	33,	'2020-12-17',	'2020-12-17 08:19:31',	33),
(3236,	'APAL-80723',	'Approval Ticket # APAL-80723',	81,	403,	33,	'2020-12-17',	'2020-12-17 08:19:31',	33),
(3237,	'APAL-61602',	'Approval Ticket # APAL-61602',	81,	403,	33,	'2020-12-17',	'2020-12-17 08:19:31',	33),
(3238,	'APAL-69492',	'Approval Ticket # APAL-69492',	81,	403,	33,	'2020-12-17',	'2020-12-17 08:19:31',	33),
(3239,	'APAL-31971',	'Approval Ticket # APAL-31971',	81,	403,	33,	'2020-12-17',	'2020-12-17 08:19:31',	33),
(3240,	'APAL-1946',	'Approval Ticket # APAL-1946',	80,	396,	37,	'2020-12-17',	'2020-12-17 08:19:34',	37),
(3241,	'APAL-35728',	'Approval Ticket # APAL-35728',	81,	403,	37,	'2020-12-17',	'2020-12-17 08:19:34',	37),
(3242,	'APAL-71124',	'Approval Ticket # APAL-71124',	81,	403,	37,	'2020-12-17',	'2020-12-17 08:19:34',	37),
(3243,	'APAL-86102',	'Approval Ticket # APAL-86102',	81,	403,	37,	'2020-12-17',	'2020-12-17 08:19:34',	37),
(3244,	'APAL-33626',	'Approval Ticket # APAL-33626',	81,	403,	37,	'2020-12-17',	'2020-12-17 08:19:34',	37),
(3245,	'APAL-61129',	'Approval Ticket # APAL-61129',	81,	403,	37,	'2020-12-17',	'2020-12-17 08:19:34',	37),
(3246,	'APAL-50809',	'Approval Ticket # APAL-50809',	81,	403,	37,	'2020-12-17',	'2020-12-17 08:19:34',	37),
(3247,	'APAL-12359',	'Approval Ticket # APAL-12359',	80,	396,	26,	'2020-12-17',	'2020-12-17 08:19:37',	26),
(3248,	'APAL-50379',	'Approval Ticket # APAL-50379',	81,	403,	26,	'2020-12-17',	'2020-12-17 08:19:37',	26),
(3249,	'APAL-51848',	'Approval Ticket # APAL-51848',	81,	403,	26,	'2020-12-17',	'2020-12-17 08:19:37',	26),
(3250,	'APAL-37129',	'Approval Ticket # APAL-37129',	81,	403,	26,	'2020-12-17',	'2020-12-17 08:19:37',	26),
(3251,	'APAL-1616',	'Approval Ticket # APAL-1616',	81,	403,	26,	'2020-12-17',	'2020-12-17 08:19:37',	26),
(3252,	'APAL-75595',	'Approval Ticket # APAL-75595',	81,	403,	26,	'2020-12-17',	'2020-12-17 08:19:37',	26),
(3253,	'APAL-9510',	'Approval Ticket # APAL-9510',	81,	403,	26,	'2020-12-17',	'2020-12-17 08:19:37',	26),
(3254,	'APAL-43410',	'Approval Ticket # APAL-43410',	80,	396,	23,	'2020-12-17',	'2020-12-17 08:19:41',	23),
(3255,	'APAL-57697',	'Approval Ticket # APAL-57697',	81,	403,	23,	'2020-12-17',	'2020-12-17 08:19:41',	23),
(3256,	'APAL-67581',	'Approval Ticket # APAL-67581',	81,	403,	23,	'2020-12-17',	'2020-12-17 08:19:41',	23),
(3257,	'APAL-22748',	'Approval Ticket # APAL-22748',	81,	403,	23,	'2020-12-17',	'2020-12-17 08:19:41',	23),
(3258,	'APAL-88827',	'Approval Ticket # APAL-88827',	81,	403,	23,	'2020-12-17',	'2020-12-17 08:19:41',	23),
(3259,	'APAL-73816',	'Approval Ticket # APAL-73816',	81,	403,	23,	'2020-12-17',	'2020-12-17 08:19:41',	23),
(3260,	'APAL-82829',	'Approval Ticket # APAL-82829',	81,	403,	23,	'2020-12-17',	'2020-12-17 08:19:41',	23),
(3261,	'APAL-89552',	'Approval Ticket # APAL-89552',	80,	396,	16,	'2020-12-17',	'2020-12-17 08:19:45',	16),
(3262,	'APAL-6579',	'Approval Ticket # APAL-6579',	81,	403,	16,	'2020-12-17',	'2020-12-17 08:19:45',	16),
(3263,	'APAL-62705',	'Approval Ticket # APAL-62705',	81,	403,	16,	'2020-12-17',	'2020-12-17 08:19:45',	16),
(3264,	'APAL-74880',	'Approval Ticket # APAL-74880',	81,	403,	16,	'2020-12-17',	'2020-12-17 08:19:45',	16),
(3265,	'APAL-65790',	'Approval Ticket # APAL-65790',	81,	403,	16,	'2020-12-17',	'2020-12-17 08:19:45',	16),
(3266,	'APAL-41172',	'Approval Ticket # APAL-41172',	81,	403,	16,	'2020-12-17',	'2020-12-17 08:19:45',	16),
(3267,	'APAL-38928',	'Approval Ticket # APAL-38928',	81,	403,	16,	'2020-12-17',	'2020-12-17 08:19:45',	16),
(3268,	'APAL-21817',	'Approval Ticket # APAL-21817',	80,	396,	22,	'2020-12-17',	'2020-12-17 08:19:53',	22),
(3269,	'APAL-63780',	'Approval Ticket # APAL-63780',	81,	403,	22,	'2020-12-17',	'2020-12-17 08:19:53',	22),
(3270,	'APAL-9664',	'Approval Ticket # APAL-9664',	81,	403,	22,	'2020-12-17',	'2020-12-17 08:19:53',	22),
(3271,	'APAL-67961',	'Approval Ticket # APAL-67961',	81,	403,	22,	'2020-12-17',	'2020-12-17 08:19:53',	22),
(3272,	'APAL-84009',	'Approval Ticket # APAL-84009',	81,	403,	22,	'2020-12-17',	'2020-12-17 08:19:53',	22),
(3273,	'APAL-75796',	'Approval Ticket # APAL-75796',	81,	403,	22,	'2020-12-17',	'2020-12-17 08:19:53',	22),
(3274,	'APAL-18418',	'Approval Ticket # APAL-18418',	81,	403,	22,	'2020-12-17',	'2020-12-17 08:19:53',	22),
(3275,	'APAL-15692',	'Approval Ticket # APAL-15692',	80,	396,	15,	'2020-12-17',	'2020-12-17 08:19:57',	15),
(3276,	'APAL-9866',	'Approval Ticket # APAL-9866',	81,	403,	15,	'2020-12-17',	'2020-12-17 08:19:57',	15),
(3277,	'APAL-44217',	'Approval Ticket # APAL-44217',	81,	403,	15,	'2020-12-17',	'2020-12-17 08:19:57',	15),
(3278,	'APAL-51671',	'Approval Ticket # APAL-51671',	81,	403,	15,	'2020-12-17',	'2020-12-17 08:19:57',	15),
(3279,	'APAL-78189',	'Approval Ticket # APAL-78189',	81,	403,	15,	'2020-12-17',	'2020-12-17 08:19:57',	15),
(3280,	'APAL-80266',	'Approval Ticket # APAL-80266',	81,	403,	15,	'2020-12-17',	'2020-12-17 08:19:57',	15),
(3281,	'APAL-22844',	'Approval Ticket # APAL-22844',	81,	403,	15,	'2020-12-17',	'2020-12-17 08:19:57',	15),
(3282,	'APAL-65460',	'Approval Ticket # APAL-65460',	80,	396,	19,	'2020-12-17',	'2020-12-17 08:20:08',	19),
(3283,	'APAL-23467',	'Approval Ticket # APAL-23467',	81,	403,	19,	'2020-12-17',	'2020-12-17 08:20:08',	19),
(3284,	'APAL-88470',	'Approval Ticket # APAL-88470',	81,	403,	19,	'2020-12-17',	'2020-12-17 08:20:08',	19),
(3285,	'APAL-43253',	'Approval Ticket # APAL-43253',	81,	403,	19,	'2020-12-17',	'2020-12-17 08:20:08',	19),
(3286,	'APAL-27108',	'Approval Ticket # APAL-27108',	81,	403,	19,	'2020-12-17',	'2020-12-17 08:20:08',	19),
(3287,	'APAL-73601',	'Approval Ticket # APAL-73601',	81,	403,	19,	'2020-12-17',	'2020-12-17 08:20:08',	19),
(3288,	'APAL-21450',	'Approval Ticket # APAL-21450',	81,	403,	19,	'2020-12-17',	'2020-12-17 08:20:08',	19),
(3289,	'APAL-30455',	'Approval Ticket # APAL-30455',	80,	396,	17,	'2020-12-17',	'2020-12-17 08:20:20',	17),
(3290,	'APAL-26519',	'Approval Ticket # APAL-26519',	81,	403,	17,	'2020-12-17',	'2020-12-17 08:20:20',	17),
(3291,	'APAL-61050',	'Approval Ticket # APAL-61050',	81,	403,	17,	'2020-12-17',	'2020-12-17 08:20:20',	17),
(3292,	'APAL-72186',	'Approval Ticket # APAL-72186',	81,	403,	17,	'2020-12-17',	'2020-12-17 08:20:20',	17),
(3293,	'APAL-56051',	'Approval Ticket # APAL-56051',	81,	403,	17,	'2020-12-17',	'2020-12-17 08:20:20',	17),
(3294,	'APAL-27295',	'Approval Ticket # APAL-27295',	81,	403,	17,	'2020-12-17',	'2020-12-17 08:20:20',	17),
(3295,	'APAL-6260',	'Approval Ticket # APAL-6260',	80,	396,	34,	'2020-12-17',	'2020-12-17 08:20:28',	34),
(3296,	'APAL-11336',	'Approval Ticket # APAL-11336',	81,	403,	34,	'2020-12-17',	'2020-12-17 08:20:28',	34),
(3297,	'APAL-78609',	'Approval Ticket # APAL-78609',	81,	403,	34,	'2020-12-17',	'2020-12-17 08:20:28',	34),
(3298,	'APAL-26523',	'Approval Ticket # APAL-26523',	81,	403,	34,	'2020-12-17',	'2020-12-17 08:20:28',	34),
(3299,	'APAL-74994',	'Approval Ticket # APAL-74994',	81,	403,	34,	'2020-12-17',	'2020-12-17 08:20:28',	34),
(3300,	'APAL-25986',	'Approval Ticket # APAL-25986',	81,	403,	34,	'2020-12-17',	'2020-12-17 08:20:28',	34),
(3301,	'APAL-59967',	'Approval Ticket # APAL-59967',	81,	403,	34,	'2020-12-17',	'2020-12-17 08:20:28',	34),
(3302,	'APAL-60952',	'Approval Ticket # APAL-60952',	80,	396,	24,	'2020-12-17',	'2020-12-17 08:20:33',	24),
(3303,	'APAL-81008',	'Approval Ticket # APAL-81008',	81,	403,	24,	'2020-12-17',	'2020-12-17 08:20:33',	24),
(3304,	'APAL-40360',	'Approval Ticket # APAL-40360',	81,	403,	24,	'2020-12-17',	'2020-12-17 08:20:33',	24),
(3305,	'APAL-6825',	'Approval Ticket # APAL-6825',	81,	403,	24,	'2020-12-17',	'2020-12-17 08:20:33',	24),
(3306,	'APAL-36204',	'Approval Ticket # APAL-36204',	81,	403,	24,	'2020-12-17',	'2020-12-17 08:20:33',	24),
(3307,	'APAL-64410',	'Approval Ticket # APAL-64410',	81,	403,	24,	'2020-12-17',	'2020-12-17 08:20:33',	24),
(3308,	'APAL-49575',	'Approval Ticket # APAL-49575',	81,	403,	24,	'2020-12-17',	'2020-12-17 08:20:33',	24),
(3309,	'APAL-3727',	'Approval Ticket # APAL-3727',	80,	396,	40,	'2020-12-17',	'2020-12-17 08:20:41',	40),
(3310,	'APAL-23322',	'Approval Ticket # APAL-23322',	81,	403,	40,	'2020-12-17',	'2020-12-17 08:20:41',	40),
(3311,	'APAL-78087',	'Approval Ticket # APAL-78087',	81,	403,	40,	'2020-12-17',	'2020-12-17 08:20:41',	40),
(3312,	'APAL-86429',	'Approval Ticket # APAL-86429',	81,	403,	40,	'2020-12-17',	'2020-12-17 08:20:41',	40),
(3313,	'APAL-59112',	'Approval Ticket # APAL-59112',	81,	403,	40,	'2020-12-17',	'2020-12-17 08:20:41',	40),
(3314,	'APAL-6313',	'Approval Ticket # APAL-6313',	81,	403,	40,	'2020-12-17',	'2020-12-17 08:20:41',	40),
(3315,	'APAL-7092',	'Approval Ticket # APAL-7092',	81,	403,	40,	'2020-12-17',	'2020-12-17 08:20:41',	40),
(3316,	'APAL-36145',	'Approval Ticket # APAL-36145',	80,	396,	18,	'2020-12-17',	'2020-12-17 08:20:50',	18),
(3317,	'APAL-38923',	'Approval Ticket # APAL-38923',	81,	403,	18,	'2020-12-17',	'2020-12-17 08:20:50',	18),
(3318,	'APAL-31961',	'Approval Ticket # APAL-31961',	81,	403,	18,	'2020-12-17',	'2020-12-17 08:20:50',	18),
(3319,	'APAL-87714',	'Approval Ticket # APAL-87714',	81,	403,	18,	'2020-12-17',	'2020-12-17 08:20:50',	18),
(3320,	'APAL-20022',	'Approval Ticket # APAL-20022',	81,	403,	18,	'2020-12-17',	'2020-12-17 08:20:50',	18),
(3321,	'APAL-31815',	'Approval Ticket # APAL-31815',	81,	403,	18,	'2020-12-17',	'2020-12-17 08:20:50',	18),
(3322,	'APAL-51235',	'Approval Ticket # APAL-51235',	80,	396,	21,	'2020-12-17',	'2020-12-17 08:20:52',	21),
(3323,	'APAL-37666',	'Approval Ticket # APAL-37666',	81,	403,	21,	'2020-12-17',	'2020-12-17 08:20:52',	21),
(3324,	'APAL-11269',	'Approval Ticket # APAL-11269',	81,	403,	21,	'2020-12-17',	'2020-12-17 08:20:52',	21),
(3325,	'APAL-30947',	'Approval Ticket # APAL-30947',	81,	403,	21,	'2020-12-17',	'2020-12-17 08:20:52',	21),
(3326,	'APAL-5955',	'Approval Ticket # APAL-5955',	81,	403,	21,	'2020-12-17',	'2020-12-17 08:20:52',	21),
(3327,	'APAL-40728',	'Approval Ticket # APAL-40728',	81,	403,	21,	'2020-12-17',	'2020-12-17 08:20:52',	21),
(3328,	'APAL-83719',	'Approval Ticket # APAL-83719',	81,	403,	21,	'2020-12-17',	'2020-12-17 08:20:52',	21),
(3329,	'APAL-59405',	'Approval Ticket # APAL-59405',	75,	259,	1,	'2020-12-17',	'2020-12-17 08:21:08',	1),
(3330,	'APAL-52481',	'Approval Ticket # APAL-52481',	80,	396,	39,	'2020-12-17',	'2020-12-17 08:21:26',	39),
(3331,	'APAL-48385',	'Approval Ticket # APAL-48385',	81,	403,	39,	'2020-12-17',	'2020-12-17 08:21:26',	39),
(3332,	'APAL-69166',	'Approval Ticket # APAL-69166',	81,	403,	39,	'2020-12-17',	'2020-12-17 08:21:26',	39),
(3333,	'APAL-62663',	'Approval Ticket # APAL-62663',	81,	403,	39,	'2020-12-17',	'2020-12-17 08:21:26',	39),
(3334,	'APAL-44848',	'Approval Ticket # APAL-44848',	81,	403,	39,	'2020-12-17',	'2020-12-17 08:21:26',	39),
(3335,	'APAL-62923',	'Approval Ticket # APAL-62923',	81,	403,	39,	'2020-12-17',	'2020-12-17 08:21:26',	39),
(3336,	'APAL-1054',	'Approval Ticket # APAL-1054',	81,	403,	39,	'2020-12-17',	'2020-12-17 08:21:26',	39),
(3337,	'APAL-51333',	'Approval Ticket # APAL-51333',	75,	259,	1,	'2020-12-17',	'2020-12-17 08:21:46',	1),
(3338,	'APAL-5273',	'Approval Ticket # APAL-5273',	80,	396,	30,	'2020-12-17',	'2020-12-17 08:22:35',	30),
(3339,	'APAL-17932',	'Approval Ticket # APAL-17932',	81,	403,	30,	'2020-12-17',	'2020-12-17 08:22:35',	30),
(3340,	'APAL-73744',	'Approval Ticket # APAL-73744',	81,	403,	30,	'2020-12-17',	'2020-12-17 08:22:35',	30),
(3341,	'APAL-76820',	'Approval Ticket # APAL-76820',	81,	403,	30,	'2020-12-17',	'2020-12-17 08:22:35',	30),
(3342,	'APAL-16141',	'Approval Ticket # APAL-16141',	81,	403,	30,	'2020-12-17',	'2020-12-17 08:22:35',	30),
(3343,	'APAL-4282',	'Approval Ticket # APAL-4282',	81,	403,	30,	'2020-12-17',	'2020-12-17 08:22:35',	30),
(3344,	'APAL-54052',	'Approval Ticket # APAL-54052',	81,	403,	30,	'2020-12-17',	'2020-12-17 08:22:35',	30),
(3345,	'APAL-72090',	'Approval Ticket # APAL-72090',	66,	0,	15,	'2020-12-17',	'2020-12-17 08:50:23',	15),
(3346,	'APAL-84683',	'Approval Ticket # APAL-84683',	66,	0,	18,	'2020-12-17',	'2020-12-17 08:59:40',	18),
(3347,	'APAL-27128',	'Approval Ticket # APAL-27128',	87,	0,	18,	'2020-12-17',	'2020-12-17 08:59:40',	18),
(3348,	'APAL-15083',	'Approval Ticket # APAL-15083',	87,	0,	18,	'2020-12-17',	'2020-12-17 08:59:40',	18),
(3349,	'APAL-2848',	'Approval Ticket # APAL-2848',	66,	0,	24,	'2020-12-17',	'2020-12-17 09:05:50',	24),
(3350,	'APAL-10157',	'Approval Ticket # APAL-10157',	66,	0,	17,	'2020-12-17',	'2020-12-17 09:12:21',	17),
(3351,	'APAL-9851',	'Approval Ticket # APAL-9851',	66,	0,	27,	'2020-12-17',	'2020-12-17 09:12:38',	27),
(3352,	'APAL-68333',	'Approval Ticket # APAL-68333',	66,	0,	21,	'2020-12-17',	'2020-12-17 09:12:49',	21),
(3353,	'APAL-14279',	'Approval Ticket # APAL-14279',	66,	0,	34,	'2020-12-17',	'2020-12-17 09:13:43',	34),
(3354,	'APAL-21048',	'Approval Ticket # APAL-21048',	66,	0,	39,	'2020-12-17',	'2020-12-17 09:16:04',	39),
(3355,	'APAL-3566',	'Approval Ticket # APAL-3566',	66,	0,	30,	'2020-12-17',	'2020-12-17 09:21:52',	30),
(3356,	'APAL-72949',	'Approval Ticket # APAL-72949',	50,	438,	11,	'2020-12-17',	'2020-12-17 10:04:54',	11),
(3357,	'APAL-17444',	'Approval Ticket # APAL-17444',	50,	438,	11,	'2020-12-17',	'2020-12-17 10:27:44',	11),
(3358,	'APAL-86685',	'Approval Ticket # APAL-86685',	50,	438,	11,	'2020-12-17',	'2020-12-17 10:28:22',	11),
(3359,	'APAL-16504',	'Approval Ticket # APAL-16504',	50,	438,	11,	'2020-12-17',	'2020-12-17 10:29:31',	11),
(3360,	'APAL-17244',	'Approval Ticket # APAL-17244',	50,	438,	11,	'2020-12-17',	'2020-12-17 10:30:08',	11),
(3361,	'APAL-32898',	'Approval Ticket # APAL-32898',	50,	438,	11,	'2020-12-17',	'2020-12-17 10:30:57',	11),
(3362,	'APAL-86201',	'Approval Ticket # APAL-86201',	50,	438,	11,	'2020-12-17',	'2020-12-17 10:31:34',	11),
(3363,	'APAL-53457',	'Approval Ticket # APAL-53457',	50,	438,	11,	'2020-12-17',	'2020-12-17 10:32:11',	11),
(3364,	'APAL-30740',	'Approval Ticket # APAL-30740',	50,	438,	11,	'2020-12-17',	'2020-12-17 10:32:54',	11),
(3365,	'APAL-51017',	'Approval Ticket # APAL-51017',	50,	438,	11,	'2020-12-17',	'2020-12-17 10:33:34',	11),
(3366,	'APAL-5389',	'Approval Ticket # APAL-5389',	50,	438,	11,	'2020-12-17',	'2020-12-17 10:34:21',	11),
(3367,	'APAL-77747',	'Approval Ticket # APAL-77747',	87,	0,	15,	'2020-12-17',	'2020-12-17 11:23:00',	15),
(3368,	'APAL-27380',	'Approval Ticket # APAL-27380',	87,	0,	15,	'2020-12-17',	'2020-12-17 11:23:00',	15),
(3369,	'APAL-63881',	'Approval Ticket # APAL-63881',	87,	0,	23,	'2020-12-17',	'2020-12-17 11:23:06',	23),
(3370,	'APAL-29476',	'Approval Ticket # APAL-29476',	87,	0,	23,	'2020-12-17',	'2020-12-17 11:23:06',	23),
(3371,	'APAL-88371',	'Approval Ticket # APAL-88371',	87,	0,	40,	'2020-12-17',	'2020-12-17 11:23:11',	40),
(3372,	'APAL-66402',	'Approval Ticket # APAL-66402',	87,	0,	40,	'2020-12-17',	'2020-12-17 11:23:11',	40),
(3373,	'APAL-34317',	'Approval Ticket # APAL-34317',	87,	0,	27,	'2020-12-17',	'2020-12-17 11:23:16',	27),
(3374,	'APAL-23099',	'Approval Ticket # APAL-23099',	87,	0,	27,	'2020-12-17',	'2020-12-17 11:23:16',	27),
(3375,	'APAL-20052',	'Approval Ticket # APAL-20052',	87,	0,	22,	'2020-12-17',	'2020-12-17 11:23:22',	22),
(3376,	'APAL-33671',	'Approval Ticket # APAL-33671',	87,	0,	22,	'2020-12-17',	'2020-12-17 11:23:22',	22),
(3377,	'APAL-46156',	'Approval Ticket # APAL-46156',	87,	0,	34,	'2020-12-17',	'2020-12-17 11:23:38',	34),
(3378,	'APAL-19134',	'Approval Ticket # APAL-19134',	87,	0,	34,	'2020-12-17',	'2020-12-17 11:23:38',	34),
(3379,	'APAL-52264',	'Approval Ticket # APAL-52264',	87,	0,	18,	'2020-12-17',	'2020-12-17 11:23:41',	18),
(3380,	'APAL-67928',	'Approval Ticket # APAL-67928',	87,	0,	18,	'2020-12-17',	'2020-12-17 11:23:41',	18),
(3381,	'APAL-56822',	'Approval Ticket # APAL-56822',	87,	0,	39,	'2020-12-17',	'2020-12-17 11:24:27',	39),
(3382,	'APAL-59814',	'Approval Ticket # APAL-59814',	87,	0,	39,	'2020-12-17',	'2020-12-17 11:24:27',	39),
(3383,	'APAL-88752',	'Approval Ticket # APAL-88752',	87,	0,	33,	'2020-12-17',	'2020-12-17 11:25:14',	33),
(3384,	'APAL-24700',	'Approval Ticket # APAL-24700',	87,	0,	33,	'2020-12-17',	'2020-12-17 11:25:14',	33),
(3385,	'APAL-28129',	'Approval Ticket # APAL-28129',	87,	0,	40,	'2020-12-17',	'2020-12-17 11:25:22',	40),
(3386,	'APAL-45949',	'Approval Ticket # APAL-45949',	87,	0,	40,	'2020-12-17',	'2020-12-17 11:25:22',	40),
(3387,	'APAL-13307',	'Approval Ticket # APAL-13307',	66,	0,	37,	'2020-12-17',	'2020-12-17 11:26:04',	37),
(3388,	'APAL-52678',	'Approval Ticket # APAL-52678',	87,	0,	39,	'2020-12-17',	'2020-12-17 11:26:39',	39),
(3389,	'APAL-16807',	'Approval Ticket # APAL-16807',	87,	0,	39,	'2020-12-17',	'2020-12-17 11:26:39',	39),
(3390,	'APAL-2537',	'Approval Ticket # APAL-2537',	87,	0,	26,	'2020-12-17',	'2020-12-17 11:27:12',	26),
(3391,	'APAL-50813',	'Approval Ticket # APAL-50813',	87,	0,	26,	'2020-12-17',	'2020-12-17 11:27:12',	26),
(3392,	'APAL-8278',	'Approval Ticket # APAL-8278',	87,	0,	27,	'2020-12-17',	'2020-12-17 11:27:24',	27),
(3393,	'APAL-10804',	'Approval Ticket # APAL-10804',	87,	0,	27,	'2020-12-17',	'2020-12-17 11:27:24',	27),
(3394,	'APAL-68872',	'Approval Ticket # APAL-68872',	87,	0,	13,	'2020-12-17',	'2020-12-17 11:27:56',	13),
(3395,	'APAL-66444',	'Approval Ticket # APAL-66444',	87,	0,	13,	'2020-12-17',	'2020-12-17 11:27:56',	13),
(3396,	'APAL-34320',	'Approval Ticket # APAL-34320',	87,	0,	30,	'2020-12-17',	'2020-12-17 11:30:17',	30),
(3397,	'APAL-25881',	'Approval Ticket # APAL-25881',	87,	0,	30,	'2020-12-17',	'2020-12-17 11:30:17',	30),
(3398,	'APAL-32437',	'Approval Ticket # APAL-32437',	87,	0,	17,	'2020-12-17',	'2020-12-17 11:43:18',	17),
(3399,	'APAL-26485',	'Approval Ticket # APAL-26485',	87,	0,	17,	'2020-12-17',	'2020-12-17 11:43:18',	17),
(3400,	'APAL-10088',	'Approval Ticket # APAL-10088',	87,	0,	16,	'2020-12-17',	'2020-12-17 11:49:40',	16),
(3401,	'APAL-50084',	'Approval Ticket # APAL-50084',	87,	0,	16,	'2020-12-17',	'2020-12-17 11:49:40',	16),
(3402,	'APAL-1247',	'Approval Ticket # APAL-1247',	87,	0,	37,	'2020-12-17',	'2020-12-17 11:49:48',	37),
(3403,	'APAL-33735',	'Approval Ticket # APAL-33735',	87,	0,	37,	'2020-12-17',	'2020-12-17 11:49:48',	37),
(3404,	'APAL-46490',	'Approval Ticket # APAL-46490',	38,	456,	27,	'2020-12-17',	'2020-12-17 12:29:12',	27),
(3405,	'APAL-69389',	'Approval Ticket # APAL-69389',	33,	463,	27,	'2020-12-17',	'2020-12-17 12:29:12',	27),
(3406,	'APAL-49771',	'Approval Ticket # APAL-49771',	80,	396,	27,	'2020-12-17',	'2020-12-17 12:29:12',	27),
(3407,	'APAL-40822',	'Approval Ticket # APAL-40822',	81,	403,	27,	'2020-12-17',	'2020-12-17 12:29:13',	27),
(3408,	'APAL-25325',	'Approval Ticket # APAL-25325',	81,	403,	27,	'2020-12-17',	'2020-12-17 12:29:13',	27),
(3409,	'APAL-87829',	'Approval Ticket # APAL-87829',	38,	456,	24,	'2020-12-17',	'2020-12-17 12:29:41',	24),
(3410,	'APAL-28012',	'Approval Ticket # APAL-28012',	33,	463,	24,	'2020-12-17',	'2020-12-17 12:29:41',	24),
(3411,	'APAL-14096',	'Approval Ticket # APAL-14096',	80,	396,	24,	'2020-12-17',	'2020-12-17 12:29:41',	24),
(3412,	'APAL-9072',	'Approval Ticket # APAL-9072',	81,	403,	24,	'2020-12-17',	'2020-12-17 12:29:41',	24),
(3413,	'APAL-47212',	'Approval Ticket # APAL-47212',	38,	456,	23,	'2020-12-17',	'2020-12-17 12:31:13',	23),
(3414,	'APAL-1133',	'Approval Ticket # APAL-1133',	33,	463,	23,	'2020-12-17',	'2020-12-17 12:31:13',	23),
(3415,	'APAL-68503',	'Approval Ticket # APAL-68503',	80,	396,	23,	'2020-12-17',	'2020-12-17 12:31:13',	23),
(3416,	'APAL-20287',	'Approval Ticket # APAL-20287',	81,	403,	23,	'2020-12-17',	'2020-12-17 12:31:13',	23),
(3417,	'APAL-47667',	'Approval Ticket # APAL-47667',	81,	403,	23,	'2020-12-17',	'2020-12-17 12:31:13',	23),
(3418,	'APAL-1636',	'Approval Ticket # APAL-1636',	38,	456,	30,	'2020-12-17',	'2020-12-17 12:31:34',	30),
(3419,	'APAL-12801',	'Approval Ticket # APAL-12801',	33,	463,	30,	'2020-12-17',	'2020-12-17 12:31:34',	30),
(3420,	'APAL-45611',	'Approval Ticket # APAL-45611',	80,	396,	30,	'2020-12-17',	'2020-12-17 12:31:34',	30),
(3421,	'APAL-49294',	'Approval Ticket # APAL-49294',	81,	403,	30,	'2020-12-17',	'2020-12-17 12:31:34',	30),
(3422,	'APAL-28827',	'Approval Ticket # APAL-28827',	38,	456,	16,	'2020-12-17',	'2020-12-17 12:32:17',	16),
(3423,	'APAL-71983',	'Approval Ticket # APAL-71983',	33,	463,	16,	'2020-12-17',	'2020-12-17 12:32:17',	16),
(3424,	'APAL-25508',	'Approval Ticket # APAL-25508',	80,	396,	16,	'2020-12-17',	'2020-12-17 12:32:17',	16),
(3425,	'APAL-18606',	'Approval Ticket # APAL-18606',	81,	403,	16,	'2020-12-17',	'2020-12-17 12:32:17',	16),
(3426,	'APAL-62492',	'Approval Ticket # APAL-62492',	81,	403,	16,	'2020-12-17',	'2020-12-17 12:32:17',	16),
(3427,	'APAL-30397',	'Approval Ticket # APAL-30397',	80,	396,	34,	'2020-12-17',	'2020-12-17 12:33:25',	34),
(3428,	'APAL-89305',	'Approval Ticket # APAL-89305',	81,	403,	34,	'2020-12-17',	'2020-12-17 12:33:25',	34),
(3429,	'APAL-75610',	'Approval Ticket # APAL-75610',	80,	396,	24,	'2020-12-17',	'2020-12-17 12:35:43',	24),
(3430,	'APAL-74940',	'Approval Ticket # APAL-74940',	81,	403,	24,	'2020-12-17',	'2020-12-17 12:35:43',	24),
(3431,	'APAL-63278',	'Approval Ticket # APAL-63278',	38,	456,	39,	'2020-12-17',	'2020-12-17 12:36:45',	39),
(3432,	'APAL-83091',	'Approval Ticket # APAL-83091',	33,	463,	39,	'2020-12-17',	'2020-12-17 12:36:45',	39),
(3433,	'APAL-6080',	'Approval Ticket # APAL-6080',	80,	396,	39,	'2020-12-17',	'2020-12-17 12:36:45',	39),
(3434,	'APAL-7353',	'Approval Ticket # APAL-7353',	81,	403,	39,	'2020-12-17',	'2020-12-17 12:36:45',	39),
(3435,	'APAL-63039',	'Approval Ticket # APAL-63039',	80,	396,	27,	'2020-12-17',	'2020-12-17 12:36:51',	27),
(3436,	'APAL-57160',	'Approval Ticket # APAL-57160',	81,	403,	27,	'2020-12-17',	'2020-12-17 12:36:51',	27),
(3437,	'APAL-6676',	'Approval Ticket # APAL-6676',	80,	396,	24,	'2020-12-17',	'2020-12-17 12:37:36',	24),
(3438,	'APAL-52374',	'Approval Ticket # APAL-52374',	81,	403,	24,	'2020-12-17',	'2020-12-17 12:37:36',	24),
(3439,	'APAL-20481',	'Approval Ticket # APAL-20481',	38,	456,	18,	'2020-12-17',	'2020-12-17 12:37:55',	18),
(3440,	'APAL-76817',	'Approval Ticket # APAL-76817',	33,	463,	18,	'2020-12-17',	'2020-12-17 12:37:55',	18),
(3441,	'APAL-28505',	'Approval Ticket # APAL-28505',	80,	396,	18,	'2020-12-17',	'2020-12-17 12:37:55',	18),
(3442,	'APAL-84200',	'Approval Ticket # APAL-84200',	81,	403,	18,	'2020-12-17',	'2020-12-17 12:37:55',	18),
(3443,	'APAL-86205',	'Approval Ticket # APAL-86205',	80,	396,	27,	'2020-12-17',	'2020-12-17 12:38:39',	27),
(3444,	'APAL-66420',	'Approval Ticket # APAL-66420',	81,	403,	27,	'2020-12-17',	'2020-12-17 12:38:39',	27),
(3445,	'APAL-37095',	'Approval Ticket # APAL-37095',	80,	396,	39,	'2020-12-17',	'2020-12-17 12:38:46',	39),
(3446,	'APAL-36449',	'Approval Ticket # APAL-36449',	81,	403,	39,	'2020-12-17',	'2020-12-17 12:38:46',	39),
(3447,	'APAL-30467',	'Approval Ticket # APAL-30467',	80,	396,	24,	'2020-12-17',	'2020-12-17 12:39:18',	24),
(3448,	'APAL-52645',	'Approval Ticket # APAL-52645',	81,	403,	24,	'2020-12-17',	'2020-12-17 12:39:18',	24),
(3449,	'APAL-21144',	'Approval Ticket # APAL-21144',	80,	396,	18,	'2020-12-17',	'2020-12-17 12:39:28',	18),
(3450,	'APAL-47906',	'Approval Ticket # APAL-47906',	81,	403,	18,	'2020-12-17',	'2020-12-17 12:39:28',	18),
(3451,	'APAL-71847',	'Approval Ticket # APAL-71847',	80,	396,	39,	'2020-12-17',	'2020-12-17 12:40:28',	39),
(3452,	'APAL-45861',	'Approval Ticket # APAL-45861',	81,	403,	39,	'2020-12-17',	'2020-12-17 12:40:28',	39),
(3453,	'APAL-79202',	'Approval Ticket # APAL-79202',	80,	396,	27,	'2020-12-17',	'2020-12-17 12:41:06',	27),
(3454,	'APAL-68063',	'Approval Ticket # APAL-68063',	81,	403,	27,	'2020-12-17',	'2020-12-17 12:41:06',	27),
(3455,	'APAL-15942',	'Approval Ticket # APAL-15942',	80,	396,	24,	'2020-12-17',	'2020-12-17 12:41:24',	24),
(3456,	'APAL-89214',	'Approval Ticket # APAL-89214',	81,	403,	24,	'2020-12-17',	'2020-12-17 12:41:24',	24),
(3457,	'APAL-19611',	'Approval Ticket # APAL-19611',	80,	396,	39,	'2020-12-17',	'2020-12-17 12:42:12',	39),
(3458,	'APAL-53446',	'Approval Ticket # APAL-53446',	81,	403,	39,	'2020-12-17',	'2020-12-17 12:42:12',	39),
(3459,	'APAL-63021',	'Approval Ticket # APAL-63021',	80,	396,	19,	'2020-12-17',	'2020-12-17 12:42:40',	19),
(3460,	'APAL-17070',	'Approval Ticket # APAL-17070',	81,	403,	19,	'2020-12-17',	'2020-12-17 12:42:40',	19),
(3461,	'APAL-51267',	'Approval Ticket # APAL-51267',	80,	396,	24,	'2020-12-17',	'2020-12-17 12:43:08',	24),
(3462,	'APAL-38538',	'Approval Ticket # APAL-38538',	81,	403,	24,	'2020-12-17',	'2020-12-17 12:43:08',	24),
(3463,	'APAL-59357',	'Approval Ticket # APAL-59357',	80,	396,	27,	'2020-12-17',	'2020-12-17 12:43:50',	27),
(3464,	'APAL-61602',	'Approval Ticket # APAL-61602',	81,	403,	27,	'2020-12-17',	'2020-12-17 12:43:50',	27),
(3465,	'APAL-24167',	'Approval Ticket # APAL-24167',	80,	396,	30,	'2020-12-17',	'2020-12-17 12:44:24',	30),
(3466,	'APAL-41433',	'Approval Ticket # APAL-41433',	81,	403,	30,	'2020-12-17',	'2020-12-17 12:44:24',	30),
(3467,	'APAL-50216',	'Approval Ticket # APAL-50216',	80,	396,	39,	'2020-12-17',	'2020-12-17 12:44:40',	39),
(3468,	'APAL-4062',	'Approval Ticket # APAL-4062',	81,	403,	39,	'2020-12-17',	'2020-12-17 12:44:40',	39),
(3469,	'APAL-59891',	'Approval Ticket # APAL-59891',	80,	396,	24,	'2020-12-17',	'2020-12-17 12:44:45',	24),
(3470,	'APAL-3200',	'Approval Ticket # APAL-3200',	81,	403,	24,	'2020-12-17',	'2020-12-17 12:44:45',	24),
(3471,	'APAL-54945',	'Approval Ticket # APAL-54945',	80,	396,	18,	'2020-12-17',	'2020-12-17 12:45:08',	18),
(3472,	'APAL-1083',	'Approval Ticket # APAL-1083',	81,	403,	18,	'2020-12-17',	'2020-12-17 12:45:08',	18),
(3473,	'APAL-13767',	'Approval Ticket # APAL-13767',	80,	396,	34,	'2020-12-17',	'2020-12-17 12:45:57',	34),
(3474,	'APAL-77933',	'Approval Ticket # APAL-77933',	81,	403,	34,	'2020-12-17',	'2020-12-17 12:45:57',	34),
(3475,	'APAL-17584',	'Approval Ticket # APAL-17584',	81,	403,	34,	'2020-12-17',	'2020-12-17 12:45:57',	34),
(3476,	'APAL-26394',	'Approval Ticket # APAL-26394',	81,	403,	34,	'2020-12-17',	'2020-12-17 12:45:57',	34),
(3477,	'APAL-13702',	'Approval Ticket # APAL-13702',	81,	403,	34,	'2020-12-17',	'2020-12-17 12:45:57',	34),
(3478,	'APAL-24056',	'Approval Ticket # APAL-24056',	81,	403,	34,	'2020-12-17',	'2020-12-17 12:45:57',	34),
(3479,	'APAL-27834',	'Approval Ticket # APAL-27834',	80,	396,	23,	'2020-12-17',	'2020-12-17 12:46:08',	23),
(3480,	'APAL-53621',	'Approval Ticket # APAL-53621',	81,	403,	23,	'2020-12-17',	'2020-12-17 12:46:08',	23),
(3481,	'APAL-14275',	'Approval Ticket # APAL-14275',	81,	403,	23,	'2020-12-17',	'2020-12-17 12:46:08',	23),
(3482,	'APAL-15955',	'Approval Ticket # APAL-15955',	81,	403,	23,	'2020-12-17',	'2020-12-17 12:46:08',	23),
(3483,	'APAL-72080',	'Approval Ticket # APAL-72080',	81,	403,	23,	'2020-12-17',	'2020-12-17 12:46:08',	23),
(3484,	'APAL-37231',	'Approval Ticket # APAL-37231',	81,	403,	23,	'2020-12-17',	'2020-12-17 12:46:08',	23),
(3485,	'APAL-9798',	'Approval Ticket # APAL-9798',	81,	403,	23,	'2020-12-17',	'2020-12-17 12:46:08',	23),
(3486,	'APAL-80605',	'Approval Ticket # APAL-80605',	81,	403,	23,	'2020-12-17',	'2020-12-17 12:46:08',	23),
(3487,	'APAL-17250',	'Approval Ticket # APAL-17250',	81,	403,	23,	'2020-12-17',	'2020-12-17 12:46:08',	23),
(3488,	'APAL-5931',	'Approval Ticket # APAL-5931',	81,	403,	23,	'2020-12-17',	'2020-12-17 12:46:08',	23),
(3489,	'APAL-77525',	'Approval Ticket # APAL-77525',	81,	403,	23,	'2020-12-17',	'2020-12-17 12:46:08',	23),
(3490,	'APAL-27266',	'Approval Ticket # APAL-27266',	81,	403,	23,	'2020-12-17',	'2020-12-17 12:46:08',	23),
(3491,	'APAL-49329',	'Approval Ticket # APAL-49329',	81,	403,	23,	'2020-12-17',	'2020-12-17 12:46:08',	23),
(3492,	'APAL-22542',	'Approval Ticket # APAL-22542',	81,	403,	23,	'2020-12-17',	'2020-12-17 12:46:08',	23),
(3493,	'APAL-76038',	'Approval Ticket # APAL-76038',	81,	403,	23,	'2020-12-17',	'2020-12-17 12:46:08',	23),
(3494,	'APAL-87011',	'Approval Ticket # APAL-87011',	80,	396,	24,	'2020-12-17',	'2020-12-17 12:46:22',	24),
(3495,	'APAL-73381',	'Approval Ticket # APAL-73381',	81,	403,	24,	'2020-12-17',	'2020-12-17 12:46:22',	24),
(3496,	'APAL-38229',	'Approval Ticket # APAL-38229',	80,	396,	39,	'2020-12-17',	'2020-12-17 12:46:23',	39),
(3497,	'APAL-79981',	'Approval Ticket # APAL-79981',	81,	403,	39,	'2020-12-17',	'2020-12-17 12:46:23',	39),
(3498,	'APAL-35159',	'Approval Ticket # APAL-35159',	80,	396,	18,	'2020-12-17',	'2020-12-17 12:46:47',	18),
(3499,	'APAL-30113',	'Approval Ticket # APAL-30113',	81,	403,	18,	'2020-12-17',	'2020-12-17 12:46:47',	18),
(3500,	'APAL-29682',	'Approval Ticket # APAL-29682',	80,	396,	27,	'2020-12-17',	'2020-12-17 12:46:49',	27),
(3501,	'APAL-8192',	'Approval Ticket # APAL-8192',	81,	403,	27,	'2020-12-17',	'2020-12-17 12:46:49',	27),
(3502,	'APAL-68504',	'Approval Ticket # APAL-68504',	80,	396,	30,	'2020-12-17',	'2020-12-17 12:47:49',	30),
(3503,	'APAL-64073',	'Approval Ticket # APAL-64073',	81,	403,	30,	'2020-12-17',	'2020-12-17 12:47:49',	30),
(3504,	'APAL-1759',	'Approval Ticket # APAL-1759',	80,	396,	24,	'2020-12-17',	'2020-12-17 12:48:03',	24),
(3505,	'APAL-23105',	'Approval Ticket # APAL-23105',	81,	403,	24,	'2020-12-17',	'2020-12-17 12:48:03',	24),
(3506,	'APAL-75293',	'Approval Ticket # APAL-75293',	80,	396,	18,	'2020-12-17',	'2020-12-17 12:48:29',	18),
(3507,	'APAL-82302',	'Approval Ticket # APAL-82302',	81,	403,	18,	'2020-12-17',	'2020-12-17 12:48:29',	18),
(3508,	'APAL-55419',	'Approval Ticket # APAL-55419',	80,	396,	39,	'2020-12-17',	'2020-12-17 12:48:52',	39),
(3509,	'APAL-71429',	'Approval Ticket # APAL-71429',	81,	403,	39,	'2020-12-17',	'2020-12-17 12:48:52',	39),
(3510,	'APAL-85245',	'Approval Ticket # APAL-85245',	80,	396,	24,	'2020-12-17',	'2020-12-17 12:49:50',	24),
(3511,	'APAL-22798',	'Approval Ticket # APAL-22798',	81,	403,	24,	'2020-12-17',	'2020-12-17 12:49:50',	24),
(3512,	'APAL-11991',	'Approval Ticket # APAL-11991',	80,	396,	27,	'2020-12-17',	'2020-12-17 12:49:57',	27),
(3513,	'APAL-89238',	'Approval Ticket # APAL-89238',	81,	403,	27,	'2020-12-17',	'2020-12-17 12:49:57',	27),
(3514,	'APAL-8501',	'Approval Ticket # APAL-8501',	66,	0,	23,	'2020-12-17',	'2020-12-17 12:50:39',	23),
(3515,	'APAL-72077',	'Approval Ticket # APAL-72077',	80,	396,	18,	'2020-12-17',	'2020-12-17 12:50:41',	18),
(3516,	'APAL-27668',	'Approval Ticket # APAL-27668',	81,	403,	18,	'2020-12-17',	'2020-12-17 12:50:41',	18),
(3517,	'APAL-65479',	'Approval Ticket # APAL-65479',	80,	396,	39,	'2020-12-17',	'2020-12-17 12:50:53',	39),
(3518,	'APAL-9612',	'Approval Ticket # APAL-9612',	81,	403,	39,	'2020-12-17',	'2020-12-17 12:50:53',	39),
(3519,	'APAL-74715',	'Approval Ticket # APAL-74715',	87,	0,	23,	'2020-12-17',	'2020-12-17 12:51:26',	23),
(3520,	'APAL-85589',	'Approval Ticket # APAL-85589',	87,	0,	23,	'2020-12-17',	'2020-12-17 12:51:26',	23),
(3521,	'APAL-48656',	'Approval Ticket # APAL-48656',	80,	396,	24,	'2020-12-17',	'2020-12-17 12:51:30',	24),
(3522,	'APAL-54793',	'Approval Ticket # APAL-54793',	81,	403,	24,	'2020-12-17',	'2020-12-17 12:51:30',	24),
(3523,	'APAL-29654',	'Approval Ticket # APAL-29654',	80,	396,	18,	'2020-12-17',	'2020-12-17 12:52:10',	18),
(3524,	'APAL-88155',	'Approval Ticket # APAL-88155',	81,	403,	18,	'2020-12-17',	'2020-12-17 12:52:10',	18),
(3525,	'APAL-46471',	'Approval Ticket # APAL-46471',	80,	396,	27,	'2020-12-17',	'2020-12-17 12:52:43',	27),
(3526,	'APAL-76347',	'Approval Ticket # APAL-76347',	81,	403,	27,	'2020-12-17',	'2020-12-17 12:52:43',	27),
(3527,	'APAL-64170',	'Approval Ticket # APAL-64170',	80,	396,	39,	'2020-12-17',	'2020-12-17 12:52:56',	39),
(3528,	'APAL-6119',	'Approval Ticket # APAL-6119',	81,	403,	39,	'2020-12-17',	'2020-12-17 12:52:56',	39),
(3529,	'APAL-24809',	'Approval Ticket # APAL-24809',	80,	396,	24,	'2020-12-17',	'2020-12-17 12:53:01',	24),
(3530,	'APAL-9485',	'Approval Ticket # APAL-9485',	81,	403,	24,	'2020-12-17',	'2020-12-17 12:53:01',	24),
(3531,	'APAL-19956',	'Approval Ticket # APAL-19956',	80,	396,	24,	'2020-12-17',	'2020-12-17 12:54:25',	24),
(3532,	'APAL-3849',	'Approval Ticket # APAL-3849',	81,	403,	24,	'2020-12-17',	'2020-12-17 12:54:25',	24),
(3533,	'APAL-51712',	'Approval Ticket # APAL-51712',	80,	396,	18,	'2020-12-17',	'2020-12-17 12:54:25',	18),
(3534,	'APAL-75226',	'Approval Ticket # APAL-75226',	81,	403,	18,	'2020-12-17',	'2020-12-17 12:54:25',	18),
(3535,	'APAL-56788',	'Approval Ticket # APAL-56788',	80,	396,	27,	'2020-12-17',	'2020-12-17 12:54:44',	27),
(3536,	'APAL-25142',	'Approval Ticket # APAL-25142',	81,	403,	27,	'2020-12-17',	'2020-12-17 12:54:44',	27),
(3537,	'APAL-87461',	'Approval Ticket # APAL-87461',	80,	396,	39,	'2020-12-17',	'2020-12-17 12:55:12',	39),
(3538,	'APAL-79073',	'Approval Ticket # APAL-79073',	81,	403,	39,	'2020-12-17',	'2020-12-17 12:55:12',	39),
(3539,	'APAL-6188',	'Approval Ticket # APAL-6188',	80,	396,	24,	'2020-12-17',	'2020-12-17 12:56:04',	24),
(3540,	'APAL-60624',	'Approval Ticket # APAL-60624',	81,	403,	24,	'2020-12-17',	'2020-12-17 12:56:04',	24),
(3541,	'APAL-62605',	'Approval Ticket # APAL-62605',	80,	396,	27,	'2020-12-17',	'2020-12-17 12:56:22',	27),
(3542,	'APAL-51885',	'Approval Ticket # APAL-51885',	81,	403,	27,	'2020-12-17',	'2020-12-17 12:56:22',	27),
(3543,	'APAL-55461',	'Approval Ticket # APAL-55461',	80,	396,	18,	'2020-12-17',	'2020-12-17 12:56:26',	18),
(3544,	'APAL-78400',	'Approval Ticket # APAL-78400',	81,	403,	18,	'2020-12-17',	'2020-12-17 12:56:26',	18),
(3545,	'APAL-60258',	'Approval Ticket # APAL-60258',	80,	396,	39,	'2020-12-17',	'2020-12-17 12:56:57',	39),
(3546,	'APAL-56508',	'Approval Ticket # APAL-56508',	81,	403,	39,	'2020-12-17',	'2020-12-17 12:56:57',	39),
(3547,	'APAL-76332',	'Approval Ticket # APAL-76332',	80,	396,	24,	'2020-12-17',	'2020-12-17 12:57:46',	24),
(3548,	'APAL-36008',	'Approval Ticket # APAL-36008',	81,	403,	24,	'2020-12-17',	'2020-12-17 12:57:46',	24),
(3549,	'APAL-41496',	'Approval Ticket # APAL-41496',	80,	396,	18,	'2020-12-17',	'2020-12-17 12:58:13',	18),
(3550,	'APAL-62169',	'Approval Ticket # APAL-62169',	81,	403,	18,	'2020-12-17',	'2020-12-17 12:58:13',	18),
(3551,	'APAL-60749',	'Approval Ticket # APAL-60749',	80,	396,	27,	'2020-12-17',	'2020-12-17 12:58:17',	27),
(3552,	'APAL-58935',	'Approval Ticket # APAL-58935',	81,	403,	27,	'2020-12-17',	'2020-12-17 12:58:17',	27),
(3553,	'APAL-43870',	'Approval Ticket # APAL-43870',	80,	396,	30,	'2020-12-17',	'2020-12-17 12:58:18',	30),
(3554,	'APAL-83660',	'Approval Ticket # APAL-83660',	81,	403,	30,	'2020-12-17',	'2020-12-17 12:58:18',	30),
(3555,	'APAL-54929',	'Approval Ticket # APAL-54929',	80,	396,	39,	'2020-12-17',	'2020-12-17 12:58:29',	39),
(3556,	'APAL-87448',	'Approval Ticket # APAL-87448',	81,	403,	39,	'2020-12-17',	'2020-12-17 12:58:29',	39),
(3557,	'APAL-77645',	'Approval Ticket # APAL-77645',	80,	396,	27,	'2020-12-17',	'2020-12-17 12:59:54',	27),
(3558,	'APAL-22911',	'Approval Ticket # APAL-22911',	81,	403,	27,	'2020-12-17',	'2020-12-17 12:59:54',	27),
(3559,	'APAL-24952',	'Approval Ticket # APAL-24952',	80,	396,	18,	'2020-12-17',	'2020-12-17 12:59:58',	18),
(3560,	'APAL-77619',	'Approval Ticket # APAL-77619',	81,	403,	18,	'2020-12-17',	'2020-12-17 12:59:58',	18),
(3561,	'APAL-79823',	'Approval Ticket # APAL-79823',	80,	396,	39,	'2020-12-17',	'2020-12-17 12:59:58',	39),
(3562,	'APAL-76581',	'Approval Ticket # APAL-76581',	81,	403,	39,	'2020-12-17',	'2020-12-17 12:59:58',	39),
(3563,	'APAL-69703',	'Approval Ticket # APAL-69703',	80,	396,	30,	'2020-12-17',	'2020-12-17 13:00:32',	30),
(3564,	'APAL-54418',	'Approval Ticket # APAL-54418',	81,	403,	30,	'2020-12-17',	'2020-12-17 13:00:32',	30),
(3565,	'APAL-47543',	'Approval Ticket # APAL-47543',	80,	396,	16,	'2020-12-17',	'2020-12-17 13:00:45',	16),
(3566,	'APAL-58307',	'Approval Ticket # APAL-58307',	81,	403,	16,	'2020-12-17',	'2020-12-17 13:00:45',	16),
(3567,	'APAL-61436',	'Approval Ticket # APAL-61436',	81,	403,	16,	'2020-12-17',	'2020-12-17 13:00:45',	16),
(3568,	'APAL-85447',	'Approval Ticket # APAL-85447',	81,	403,	16,	'2020-12-17',	'2020-12-17 13:00:45',	16),
(3569,	'APAL-3226',	'Approval Ticket # APAL-3226',	81,	403,	16,	'2020-12-17',	'2020-12-17 13:00:45',	16),
(3570,	'APAL-37407',	'Approval Ticket # APAL-37407',	81,	403,	16,	'2020-12-17',	'2020-12-17 13:00:45',	16),
(3571,	'APAL-72104',	'Approval Ticket # APAL-72104',	81,	403,	16,	'2020-12-17',	'2020-12-17 13:00:45',	16),
(3572,	'APAL-47753',	'Approval Ticket # APAL-47753',	81,	403,	16,	'2020-12-17',	'2020-12-17 13:00:45',	16),
(3573,	'APAL-70397',	'Approval Ticket # APAL-70397',	81,	403,	16,	'2020-12-17',	'2020-12-17 13:00:45',	16),
(3574,	'APAL-89033',	'Approval Ticket # APAL-89033',	81,	403,	16,	'2020-12-17',	'2020-12-17 13:00:45',	16),
(3575,	'APAL-35560',	'Approval Ticket # APAL-35560',	81,	403,	16,	'2020-12-17',	'2020-12-17 13:00:45',	16),
(3576,	'APAL-1812',	'Approval Ticket # APAL-1812',	81,	403,	16,	'2020-12-17',	'2020-12-17 13:00:45',	16),
(3577,	'APAL-30338',	'Approval Ticket # APAL-30338',	81,	403,	16,	'2020-12-17',	'2020-12-17 13:00:45',	16),
(3578,	'APAL-46503',	'Approval Ticket # APAL-46503',	81,	403,	16,	'2020-12-17',	'2020-12-17 13:00:45',	16),
(3579,	'APAL-83820',	'Approval Ticket # APAL-83820',	81,	403,	16,	'2020-12-17',	'2020-12-17 13:00:45',	16),
(3580,	'APAL-13607',	'Approval Ticket # APAL-13607',	80,	396,	18,	'2020-12-17',	'2020-12-17 13:01:22',	18),
(3581,	'APAL-75552',	'Approval Ticket # APAL-75552',	81,	403,	18,	'2020-12-17',	'2020-12-17 13:01:22',	18),
(3582,	'APAL-10201',	'Approval Ticket # APAL-10201',	80,	396,	27,	'2020-12-17',	'2020-12-17 13:01:36',	27),
(3583,	'APAL-85925',	'Approval Ticket # APAL-85925',	81,	403,	27,	'2020-12-17',	'2020-12-17 13:01:36',	27),
(3584,	'APAL-53748',	'Approval Ticket # APAL-53748',	80,	396,	39,	'2020-12-17',	'2020-12-17 13:01:45',	39),
(3585,	'APAL-23948',	'Approval Ticket # APAL-23948',	81,	403,	39,	'2020-12-17',	'2020-12-17 13:01:45',	39),
(3586,	'APAL-88584',	'Approval Ticket # APAL-88584',	80,	396,	18,	'2020-12-17',	'2020-12-17 13:02:54',	18),
(3587,	'APAL-40575',	'Approval Ticket # APAL-40575',	81,	403,	18,	'2020-12-17',	'2020-12-17 13:02:54',	18),
(3588,	'APAL-16095',	'Approval Ticket # APAL-16095',	80,	396,	27,	'2020-12-17',	'2020-12-17 13:03:10',	27),
(3589,	'APAL-82886',	'Approval Ticket # APAL-82886',	81,	403,	27,	'2020-12-17',	'2020-12-17 13:03:10',	27),
(3590,	'APAL-6906',	'Approval Ticket # APAL-6906',	66,	0,	24,	'2020-12-17',	'2020-12-17 13:03:52',	24),
(3591,	'APAL-1615',	'Approval Ticket # APAL-1615',	80,	396,	30,	'2020-12-17',	'2020-12-17 13:04:10',	30),
(3592,	'APAL-56282',	'Approval Ticket # APAL-56282',	81,	403,	30,	'2020-12-17',	'2020-12-17 13:04:10',	30),
(3593,	'APAL-12555',	'Approval Ticket # APAL-12555',	80,	396,	18,	'2020-12-17',	'2020-12-17 13:04:13',	18),
(3594,	'APAL-51209',	'Approval Ticket # APAL-51209',	81,	403,	18,	'2020-12-17',	'2020-12-17 13:04:13',	18),
(3595,	'APAL-29112',	'Approval Ticket # APAL-29112',	66,	0,	16,	'2020-12-17',	'2020-12-17 13:04:53',	16),
(3596,	'APAL-70407',	'Approval Ticket # APAL-70407',	80,	396,	27,	'2020-12-17',	'2020-12-17 13:05:03',	27),
(3597,	'APAL-74613',	'Approval Ticket # APAL-74613',	81,	403,	27,	'2020-12-17',	'2020-12-17 13:05:03',	27),
(3598,	'APAL-28066',	'Approval Ticket # APAL-28066',	87,	0,	24,	'2020-12-17',	'2020-12-17 13:05:10',	24),
(3599,	'APAL-61887',	'Approval Ticket # APAL-61887',	87,	0,	24,	'2020-12-17',	'2020-12-17 13:05:10',	24),
(3600,	'APAL-47218',	'Approval Ticket # APAL-47218',	80,	396,	18,	'2020-12-17',	'2020-12-17 13:05:52',	18),
(3601,	'APAL-32864',	'Approval Ticket # APAL-32864',	81,	403,	18,	'2020-12-17',	'2020-12-17 13:05:52',	18),
(3602,	'APAL-26070',	'Approval Ticket # APAL-26070',	80,	396,	30,	'2020-12-17',	'2020-12-17 13:06:39',	30),
(3603,	'APAL-60203',	'Approval Ticket # APAL-60203',	81,	403,	30,	'2020-12-17',	'2020-12-17 13:06:39',	30),
(3604,	'APAL-62588',	'Approval Ticket # APAL-62588',	80,	396,	30,	'2020-12-17',	'2020-12-17 13:09:53',	30),
(3605,	'APAL-33149',	'Approval Ticket # APAL-33149',	81,	403,	30,	'2020-12-17',	'2020-12-17 13:09:53',	30),
(3606,	'APAL-78406',	'Approval Ticket # APAL-78406',	80,	396,	16,	'2020-12-17',	'2020-12-17 13:10:09',	16),
(3607,	'APAL-49965',	'Approval Ticket # APAL-49965',	81,	403,	16,	'2020-12-17',	'2020-12-17 13:10:09',	16),
(3608,	'APAL-5628',	'Approval Ticket # APAL-5628',	66,	0,	27,	'2020-12-17',	'2020-12-17 13:11:39',	27),
(3609,	'APAL-53749',	'Approval Ticket # APAL-53749',	87,	0,	27,	'2020-12-17',	'2020-12-17 13:13:03',	27),
(3610,	'APAL-29839',	'Approval Ticket # APAL-29839',	87,	0,	27,	'2020-12-17',	'2020-12-17 13:13:03',	27),
(3611,	'APAL-68085',	'Approval Ticket # APAL-68085',	80,	396,	30,	'2020-12-17',	'2020-12-17 13:14:11',	30),
(3612,	'APAL-49624',	'Approval Ticket # APAL-49624',	81,	403,	30,	'2020-12-17',	'2020-12-17 13:14:11',	30),
(3613,	'APAL-66807',	'Approval Ticket # APAL-66807',	87,	0,	16,	'2020-12-17',	'2020-12-17 13:14:33',	16),
(3614,	'APAL-30470',	'Approval Ticket # APAL-30470',	87,	0,	16,	'2020-12-17',	'2020-12-17 13:14:33',	16),
(3615,	'APAL-52575',	'Approval Ticket # APAL-52575',	66,	0,	18,	'2020-12-17',	'2020-12-17 13:14:47',	18),
(3616,	'APAL-79670',	'Approval Ticket # APAL-79670',	87,	0,	18,	'2020-12-18',	'2020-12-18 07:02:44',	18),
(3617,	'APAL-20047',	'Approval Ticket # APAL-20047',	87,	0,	18,	'2020-12-18',	'2020-12-18 07:02:44',	18),
(3618,	'APAL-77501',	'Approval Ticket # APAL-77501',	80,	396,	41,	'2020-12-18',	'2020-12-18 09:36:01',	41),
(3619,	'APAL-12863',	'Approval Ticket # APAL-12863',	81,	403,	41,	'2020-12-18',	'2020-12-18 09:36:01',	41),
(3620,	'APAL-29701',	'Approval Ticket # APAL-29701',	80,	396,	41,	'2020-12-18',	'2020-12-18 09:38:17',	41),
(3621,	'APAL-50365',	'Approval Ticket # APAL-50365',	81,	403,	41,	'2020-12-18',	'2020-12-18 09:38:17',	41),
(3622,	'APAL-17088',	'Approval Ticket # APAL-17088',	7,	348,	41,	'2020-12-18',	'2020-12-18 09:54:19',	41),
(3623,	'APAL-43667',	'Approval Ticket # APAL-43667',	8,	353,	41,	'2020-12-18',	'2020-12-18 09:54:19',	41),
(3624,	'APAL-82869',	'Approval Ticket # APAL-82869',	8,	353,	41,	'2020-12-18',	'2020-12-18 09:54:19',	41),
(3625,	'APAL-32802',	'Approval Ticket # APAL-32802',	8,	353,	41,	'2020-12-18',	'2020-12-18 09:54:19',	41),
(3626,	'APAL-27121',	'Approval Ticket # APAL-27121',	8,	353,	41,	'2020-12-18',	'2020-12-18 09:54:19',	41),
(3627,	'APAL-34013',	'Approval Ticket # APAL-34013',	8,	353,	41,	'2020-12-18',	'2020-12-18 09:54:19',	41),
(3628,	'APAL-55631',	'Approval Ticket # APAL-55631',	8,	353,	41,	'2020-12-18',	'2020-12-18 09:54:19',	41),
(3629,	'APAL-18192',	'Approval Ticket # APAL-18192',	8,	353,	41,	'2020-12-18',	'2020-12-18 09:54:19',	41),
(3630,	'APAL-17941',	'Approval Ticket # APAL-17941',	8,	353,	41,	'2020-12-18',	'2020-12-18 09:54:19',	41),
(3631,	'APAL-18612',	'Approval Ticket # APAL-18612',	8,	353,	41,	'2020-12-18',	'2020-12-18 09:54:19',	41),
(3632,	'APAL-62065',	'Approval Ticket # APAL-62065',	8,	353,	41,	'2020-12-18',	'2020-12-18 09:54:19',	41),
(3633,	'APAL-43980',	'Approval Ticket # APAL-43980',	8,	353,	41,	'2020-12-18',	'2020-12-18 09:54:19',	41),
(3634,	'APAL-1466',	'Approval Ticket # APAL-1466',	8,	353,	41,	'2020-12-18',	'2020-12-18 09:54:19',	41),
(3635,	'APAL-41290',	'Approval Ticket # APAL-41290',	6,	202,	18,	'2020-12-18',	'2020-12-18 15:21:33',	18),
(3636,	'APAL-53549',	'Approval Ticket # APAL-53549',	97,	361,	18,	'2020-12-18',	'2020-12-18 15:21:33',	18),
(3637,	'APAL-66822',	'Approval Ticket # APAL-66822',	38,	456,	19,	'2020-12-22',	'2020-12-22 07:05:16',	19),
(3638,	'APAL-57342',	'Approval Ticket # APAL-57342',	33,	463,	19,	'2020-12-22',	'2020-12-22 07:05:16',	19),
(3639,	'APAL-15576',	'Approval Ticket # APAL-15576',	80,	396,	19,	'2020-12-22',	'2020-12-22 07:05:16',	19),
(3640,	'APAL-41587',	'Approval Ticket # APAL-41587',	81,	403,	19,	'2020-12-22',	'2020-12-22 07:05:16',	19),
(3641,	'APAL-7972',	'Approval Ticket # APAL-7972',	91,	212,	1,	'2021-01-07',	'2021-01-07 07:12:32',	1),
(3642,	'APAL-38548',	'Approval Ticket # APAL-38548',	91,	212,	1,	'2021-01-07',	'2021-01-07 07:12:32',	1),
(3643,	'APAL-34859',	'Approval Ticket # APAL-34859',	72,	335,	1,	'2021-01-07',	'2021-01-07 07:16:09',	1),
(3644,	'APAL-55792',	'Approval Ticket # APAL-55792',	72,	335,	1,	'2021-01-07',	'2021-01-07 07:16:09',	1),
(3645,	'APAL-58357',	'Approval Ticket # APAL-58357',	59,	0,	1,	'2021-01-25',	'2021-01-25 07:17:17',	1),
(3646,	'APAL-77810',	'Approval Ticket # APAL-77810',	59,	0,	1,	'2021-01-25',	'2021-01-25 07:17:17',	1),
(3647,	'APAL-42324',	'Approval Ticket # APAL-42324',	59,	0,	1,	'2021-01-25',	'2021-01-25 07:17:17',	1),
(3648,	'APAL-2337',	'Approval Ticket # APAL-2337',	59,	0,	1,	'2021-01-25',	'2021-01-25 07:17:17',	1),
(3649,	'APAL-48707',	'Approval Ticket # APAL-48707',	59,	0,	1,	'2021-01-25',	'2021-01-25 07:17:18',	1),
(3650,	'APAL-5275',	'Approval Ticket # APAL-5275',	59,	0,	1,	'2021-01-25',	'2021-01-25 07:17:18',	1),
(3651,	'APAL-64988',	'Approval Ticket # APAL-64988',	59,	0,	1,	'2021-01-25',	'2021-01-25 07:17:18',	1),
(3652,	'APAL-20832',	'Approval Ticket # APAL-20832',	59,	0,	1,	'2021-01-25',	'2021-01-25 07:17:18',	1),
(3653,	'APAL-11804',	'Approval Ticket # APAL-11804',	59,	0,	1,	'2021-01-25',	'2021-01-25 07:17:18',	1),
(3654,	'APAL-87586',	'Approval Ticket # APAL-87586',	59,	0,	1,	'2021-01-25',	'2021-01-25 07:17:18',	1),
(3655,	'APAL-59442',	'Approval Ticket # APAL-59442',	59,	0,	1,	'2021-01-25',	'2021-01-25 07:17:18',	1),
(3656,	'APAL-41837',	'Approval Ticket # APAL-41837',	59,	0,	1,	'2021-01-25',	'2021-01-25 07:17:19',	1),
(3657,	'APAL-4953',	'Approval Ticket # APAL-4953',	91,	212,	1,	'2021-01-25',	'2021-01-25 07:19:08',	1),
(3658,	'APAL-7216',	'Approval Ticket # APAL-7216',	91,	212,	1,	'2021-01-25',	'2021-01-25 07:19:08',	1),
(3659,	'APAL-8767',	'Approval Ticket # APAL-8767',	91,	212,	1,	'2021-01-25',	'2021-01-25 07:19:08',	1),
(3660,	'APAL-11616',	'Approval Ticket # APAL-11616',	99,	375,	8,	'2021-01-25',	'2021-01-25 07:25:29',	8),
(3661,	'APAL-22643',	'Approval Ticket # APAL-22643',	46,	266,	1,	'2021-01-25',	'2021-01-25 07:26:41',	1),
(3662,	'APAL-88225',	'Approval Ticket # APAL-88225',	15,	0,	1,	'2021-01-25',	'2021-01-25 07:26:41',	1),
(3663,	'APAL-77381',	'Approval Ticket # APAL-77381',	76,	412,	1,	'2021-01-25',	'2021-01-25 07:26:41',	1),
(3664,	'APAL-73803',	'Approval Ticket # APAL-73803',	100,	383,	8,	'2021-01-25',	'2021-01-25 07:28:32',	8),
(3665,	'APAL-22175',	'Approval Ticket # APAL-22175',	100,	383,	8,	'2021-01-25',	'2021-01-25 07:34:10',	8),
(3666,	'APAL-42846',	'Approval Ticket # APAL-42846',	9,	388,	10,	'2021-01-25',	'2021-01-25 07:45:48',	10),
(3667,	'APAL-89230',	'Approval Ticket # APAL-89230',	38,	454,	10,	'2021-01-25',	'2021-01-25 07:58:09',	10),
(3668,	'APAL-50375',	'Approval Ticket # APAL-50375',	33,	461,	10,	'2021-01-25',	'2021-01-25 07:58:09',	10),
(3669,	'APAL-59550',	'Approval Ticket # APAL-59550',	80,	394,	10,	'2021-01-25',	'2021-01-25 07:58:09',	10),
(3670,	'APAL-8051',	'Approval Ticket # APAL-8051',	81,	401,	10,	'2021-01-25',	'2021-01-25 07:58:09',	10),
(3671,	'APAL-59334',	'Approval Ticket # APAL-59334',	31,	524,	1,	'2021-01-25',	'2021-01-25 08:00:59',	1),
(3672,	'APAL-27411',	'Approval Ticket # APAL-27411',	78,	270,	1,	'2021-01-25',	'2021-01-25 08:02:07',	1),
(3673,	'APAL-34736',	'Approval Ticket # APAL-34736',	16,	0,	1,	'2021-01-25',	'2021-01-25 08:02:07',	1),
(3674,	'APAL-38862',	'Approval Ticket # APAL-38862',	30,	0,	1,	'2021-01-25',	'2021-01-25 08:02:07',	1),
(3675,	'APAL-7827',	'Approval Ticket # APAL-7827',	59,	0,	1,	'2021-01-25',	'2021-01-25 10:27:27',	1),
(3676,	'APAL-44895',	'Approval Ticket # APAL-44895',	59,	0,	1,	'2021-01-25',	'2021-01-25 10:27:27',	1),
(3677,	'APAL-24713',	'Approval Ticket # APAL-24713',	59,	0,	1,	'2021-01-25',	'2021-01-25 10:27:27',	1),
(3678,	'APAL-12816',	'Approval Ticket # APAL-12816',	59,	0,	1,	'2021-01-25',	'2021-01-25 10:27:27',	1),
(3679,	'APAL-62799',	'Approval Ticket # APAL-62799',	104,	537,	1,	'2021-01-25',	'2021-01-25 10:28:26',	1),
(3680,	'APAL-71266',	'Approval Ticket # APAL-71266',	80,	394,	10,	'2021-01-25',	'2021-01-25 10:36:10',	10),
(3681,	'APAL-18809',	'Approval Ticket # APAL-18809',	81,	401,	10,	'2021-01-25',	'2021-01-25 10:36:10',	10),
(3682,	'APAL-6804',	'Approval Ticket # APAL-6804',	80,	394,	50,	'2021-01-25',	'2021-01-25 11:22:57',	50),
(3683,	'APAL-40424',	'Approval Ticket # APAL-40424',	81,	401,	50,	'2021-01-25',	'2021-01-25 11:22:57',	50),
(3684,	'APAL-88947',	'Approval Ticket # APAL-88947',	24,	0,	50,	'2021-01-25',	'2021-01-25 11:24:35',	50),
(3685,	'APAL-39378',	'Approval Ticket # APAL-39378',	24,	0,	50,	'2021-01-25',	'2021-01-25 11:24:35',	50),
(3686,	'APAL-69446',	'Approval Ticket # APAL-69446',	24,	0,	50,	'2021-01-25',	'2021-01-25 11:24:35',	50),
(3687,	'APAL-1752',	'Approval Ticket # APAL-1752',	24,	0,	50,	'2021-01-25',	'2021-01-25 11:24:35',	50),
(3688,	'APAL-48831',	'Approval Ticket # APAL-48831',	80,	394,	50,	'2021-01-25',	'2021-01-25 11:25:28',	50),
(3689,	'APAL-17195',	'Approval Ticket # APAL-17195',	81,	401,	50,	'2021-01-25',	'2021-01-25 11:25:28',	50),
(3690,	'APAL-30478',	'Approval Ticket # APAL-30478',	81,	401,	50,	'2021-01-25',	'2021-01-25 11:25:28',	50),
(3691,	'APAL-72934',	'Approval Ticket # APAL-72934',	47,	301,	1,	'2021-01-25',	'2021-01-25 11:37:21',	1),
(3692,	'APAL-36840',	'Approval Ticket # APAL-36840',	24,	0,	1,	'2021-01-25',	'2021-01-25 11:37:21',	1),
(3693,	'APAL-13727',	'Approval Ticket # APAL-13727',	24,	0,	1,	'2021-01-25',	'2021-01-25 11:37:21',	1),
(3694,	'APAL-49341',	'Approval Ticket # APAL-49341',	24,	0,	1,	'2021-01-25',	'2021-01-25 11:37:21',	1),
(3695,	'APAL-14087',	'Approval Ticket # APAL-14087',	24,	0,	1,	'2021-01-25',	'2021-01-25 11:37:21',	1),
(3696,	'APAL-42478',	'Approval Ticket # APAL-42478',	62,	312,	1,	'2021-01-25',	'2021-01-25 11:37:21',	1),
(3697,	'APAL-69864',	'Approval Ticket # APAL-69864',	48,	0,	1,	'2021-01-25',	'2021-01-25 11:37:21',	1),
(3698,	'APAL-57872',	'Approval Ticket # APAL-57872',	38,	454,	50,	'2021-01-25',	'2021-01-25 11:39:26',	50),
(3699,	'APAL-12358',	'Approval Ticket # APAL-12358',	33,	461,	50,	'2021-01-25',	'2021-01-25 11:39:26',	50),
(3700,	'APAL-38689',	'Approval Ticket # APAL-38689',	80,	394,	50,	'2021-01-25',	'2021-01-25 11:39:26',	50),
(3701,	'APAL-81810',	'Approval Ticket # APAL-81810',	81,	401,	50,	'2021-01-25',	'2021-01-25 11:39:26',	50),
(3702,	'APAL-18665',	'Approval Ticket # APAL-18665',	32,	285,	1,	'2021-01-25',	'2021-01-25 11:43:02',	1),
(3703,	'APAL-69118',	'Approval Ticket # APAL-69118',	102,	493,	1,	'2021-01-25',	'2021-01-25 11:43:42',	1),
(3704,	'APAL-84648',	'Approval Ticket # APAL-84648',	82,	316,	1,	'2021-01-25',	'2021-01-25 11:45:33',	1),
(3705,	'APAL-7118',	'Approval Ticket # APAL-7118',	80,	394,	50,	'2021-01-25',	'2021-01-25 11:48:18',	50),
(3706,	'APAL-61523',	'Approval Ticket # APAL-61523',	81,	401,	50,	'2021-01-25',	'2021-01-25 11:48:18',	50),
(3707,	'APAL-43331',	'Approval Ticket # APAL-43331',	5,	297,	1,	'2021-01-25',	'2021-01-25 11:51:15',	1),
(3708,	'APAL-36701',	'Approval Ticket # APAL-36701',	47,	301,	1,	'2021-01-25',	'2021-01-25 11:52:34',	1),
(3709,	'APAL-35565',	'Approval Ticket # APAL-35565',	24,	0,	1,	'2021-01-25',	'2021-01-25 11:52:34',	1),
(3710,	'APAL-6783',	'Approval Ticket # APAL-6783',	24,	0,	1,	'2021-01-25',	'2021-01-25 11:52:34',	1),
(3711,	'APAL-9291',	'Approval Ticket # APAL-9291',	24,	0,	1,	'2021-01-25',	'2021-01-25 11:52:34',	1),
(3712,	'APAL-54643',	'Approval Ticket # APAL-54643',	24,	0,	1,	'2021-01-25',	'2021-01-25 11:52:34',	1),
(3713,	'APAL-60964',	'Approval Ticket # APAL-60964',	80,	394,	10,	'2021-01-25',	'2021-01-25 12:00:44',	10),
(3714,	'APAL-84920',	'Approval Ticket # APAL-84920',	81,	401,	10,	'2021-01-25',	'2021-01-25 12:00:44',	10),
(3715,	'APAL-25850',	'Approval Ticket # APAL-25850',	9,	388,	10,	'2021-01-25',	'2021-01-25 12:07:44',	10),
(3716,	'APAL-62204',	'Approval Ticket # APAL-62204',	48,	552,	1,	'2021-01-25',	'2021-01-25 12:15:27',	1),
(3717,	'APAL-82309',	'Approval Ticket # APAL-82309',	48,	552,	1,	'2021-01-25',	'2021-01-25 12:15:27',	1),
(3718,	'APAL-54189',	'Approval Ticket # APAL-54189',	48,	552,	1,	'2021-01-25',	'2021-01-25 12:15:27',	1),
(3719,	'APAL-33739',	'Approval Ticket # APAL-33739',	48,	552,	1,	'2021-01-25',	'2021-01-25 12:15:27',	1),
(3720,	'APAL-81515',	'Approval Ticket # APAL-81515',	80,	394,	10,	'2021-01-25',	'2021-01-25 12:19:30',	10),
(3721,	'APAL-9535',	'Approval Ticket # APAL-9535',	81,	401,	10,	'2021-01-25',	'2021-01-25 12:19:31',	10),
(3722,	'APAL-59237',	'Approval Ticket # APAL-59237',	91,	212,	1,	'2021-01-25',	'2021-01-25 12:43:54',	1),
(3723,	'APAL-81940',	'Approval Ticket # APAL-81940',	101,	485,	5,	'2021-01-25',	'2021-01-25 12:47:03',	5),
(3724,	'APAL-24541',	'Approval Ticket # APAL-24541',	38,	456,	35,	'2021-01-26',	'2021-01-26 07:56:49',	35),
(3725,	'APAL-54986',	'Approval Ticket # APAL-54986',	33,	463,	35,	'2021-01-26',	'2021-01-26 07:56:49',	35),
(3726,	'APAL-9908',	'Approval Ticket # APAL-9908',	80,	396,	35,	'2021-01-26',	'2021-01-26 07:56:49',	35),
(3727,	'APAL-61789',	'Approval Ticket # APAL-61789',	81,	403,	35,	'2021-01-26',	'2021-01-26 07:56:49',	35),
(3728,	'APAL-53164',	'Approval Ticket # APAL-53164',	59,	0,	1,	'2021-01-26',	'2021-01-26 08:27:47',	1),
(3729,	'APAL-72574',	'Approval Ticket # APAL-72574',	59,	0,	1,	'2021-01-26',	'2021-01-26 08:27:47',	1),
(3730,	'APAL-33898',	'Approval Ticket # APAL-33898',	59,	0,	1,	'2021-01-26',	'2021-01-26 08:27:47',	1),
(3731,	'APAL-21705',	'Approval Ticket # APAL-21705',	59,	0,	1,	'2021-01-26',	'2021-01-26 08:27:47',	1),
(3732,	'APAL-56523',	'Approval Ticket # APAL-56523',	105,	565,	1,	'2021-01-26',	'2021-01-26 08:29:33',	1),
(3733,	'APAL-48054',	'Approval Ticket # APAL-48054',	105,	565,	1,	'2021-01-26',	'2021-01-26 08:30:10',	1),
(3734,	'APAL-86436',	'Approval Ticket # APAL-86436',	91,	212,	1,	'2021-01-28',	'2021-01-28 09:57:39',	1),
(3735,	'APAL-18160',	'Approval Ticket # APAL-18160',	59,	0,	1,	'2021-01-29',	'2021-01-29 06:18:58',	1),
(3736,	'APAL-78324',	'Approval Ticket # APAL-78324',	59,	0,	1,	'2021-01-29',	'2021-01-29 06:18:58',	1),
(3737,	'APAL-26814',	'Approval Ticket # APAL-26814',	59,	0,	1,	'2021-01-29',	'2021-01-29 06:18:58',	1),
(3738,	'APAL-24420',	'Approval Ticket # APAL-24420',	59,	0,	1,	'2021-01-29',	'2021-01-29 06:18:58',	1),
(3739,	'APAL-9979',	'Approval Ticket # APAL-9979',	72,	335,	1,	'2021-01-29',	'2021-01-29 06:32:13',	1),
(3740,	'APAL-47868',	'Approval Ticket # APAL-47868',	106,	593,	11,	'2021-01-29',	'2021-01-29 10:25:12',	11),
(3741,	'APAL-7054',	'Approval Ticket # APAL-7054',	6,	202,	35,	'2021-01-29',	'2021-01-29 11:57:50',	35),
(3742,	'APAL-19189',	'Approval Ticket # APAL-19189',	97,	361,	35,	'2021-01-29',	'2021-01-29 11:57:50',	35),
(3743,	'APAL-34246',	'Approval Ticket # APAL-34246',	6,	202,	35,	'2021-01-29',	'2021-01-29 11:59:56',	35),
(3744,	'APAL-36632',	'Approval Ticket # APAL-36632',	7,	348,	35,	'2021-01-29',	'2021-01-29 12:18:07',	35),
(3745,	'APAL-28013',	'Approval Ticket # APAL-28013',	8,	353,	35,	'2021-01-29',	'2021-01-29 12:18:07',	35),
(3746,	'APAL-88112',	'Approval Ticket # APAL-88112',	8,	353,	35,	'2021-01-29',	'2021-01-29 12:18:07',	35),
(3747,	'APAL-81304',	'Approval Ticket # APAL-81304',	8,	353,	35,	'2021-01-29',	'2021-01-29 12:18:07',	35),
(3748,	'APAL-59986',	'Approval Ticket # APAL-59986',	8,	353,	35,	'2021-01-29',	'2021-01-29 12:18:07',	35),
(3749,	'APAL-9155',	'Approval Ticket # APAL-9155',	8,	353,	35,	'2021-01-29',	'2021-01-29 12:18:07',	35),
(3750,	'APAL-19946',	'Approval Ticket # APAL-19946',	8,	353,	35,	'2021-01-29',	'2021-01-29 12:18:07',	35),
(3751,	'APAL-41668',	'Approval Ticket # APAL-41668',	8,	353,	35,	'2021-01-29',	'2021-01-29 12:18:07',	35),
(3752,	'APAL-10464',	'Approval Ticket # APAL-10464',	8,	353,	35,	'2021-01-29',	'2021-01-29 12:18:07',	35),
(3753,	'APAL-21551',	'Approval Ticket # APAL-21551',	8,	353,	35,	'2021-01-29',	'2021-01-29 12:18:07',	35),
(3754,	'APAL-32728',	'Approval Ticket # APAL-32728',	8,	353,	35,	'2021-01-29',	'2021-01-29 12:18:07',	35),
(3755,	'APAL-70308',	'Approval Ticket # APAL-70308',	8,	353,	35,	'2021-01-29',	'2021-01-29 12:18:07',	35),
(3756,	'APAL-65455',	'Approval Ticket # APAL-65455',	8,	353,	35,	'2021-01-29',	'2021-01-29 12:18:07',	35),
(3757,	'APAL-25363',	'Approval Ticket # APAL-25363',	7,	348,	35,	'2021-01-29',	'2021-01-29 14:05:23',	35),
(3758,	'APAL-30860',	'Approval Ticket # APAL-30860',	8,	353,	35,	'2021-01-29',	'2021-01-29 14:05:23',	35),
(3759,	'APAL-53035',	'Approval Ticket # APAL-53035',	8,	353,	35,	'2021-01-29',	'2021-01-29 14:05:23',	35),
(3760,	'APAL-52677',	'Approval Ticket # APAL-52677',	8,	353,	35,	'2021-01-29',	'2021-01-29 14:05:23',	35),
(3761,	'APAL-8537',	'Approval Ticket # APAL-8537',	8,	353,	35,	'2021-01-29',	'2021-01-29 14:05:23',	35),
(3762,	'APAL-57773',	'Approval Ticket # APAL-57773',	8,	353,	35,	'2021-01-29',	'2021-01-29 14:05:23',	35),
(3763,	'APAL-77749',	'Approval Ticket # APAL-77749',	8,	353,	35,	'2021-01-29',	'2021-01-29 14:05:23',	35),
(3764,	'APAL-87126',	'Approval Ticket # APAL-87126',	8,	353,	35,	'2021-01-29',	'2021-01-29 14:05:23',	35),
(3765,	'APAL-52697',	'Approval Ticket # APAL-52697',	8,	353,	35,	'2021-01-29',	'2021-01-29 14:05:23',	35),
(3766,	'APAL-23796',	'Approval Ticket # APAL-23796',	8,	353,	35,	'2021-01-29',	'2021-01-29 14:05:23',	35),
(3767,	'APAL-75607',	'Approval Ticket # APAL-75607',	8,	353,	35,	'2021-01-29',	'2021-01-29 14:05:23',	35),
(3768,	'APAL-76029',	'Approval Ticket # APAL-76029',	8,	353,	35,	'2021-01-29',	'2021-01-29 14:05:23',	35),
(3769,	'APAL-34289',	'Approval Ticket # APAL-34289',	8,	353,	35,	'2021-01-29',	'2021-01-29 14:05:23',	35);

DROP TABLE IF EXISTS `approval_flow`;
CREATE TABLE `approval_flow` (
  `approval_flow_id` int(100) NOT NULL AUTO_INCREMENT,
  `approval_flow_name` varchar(100) NOT NULL,
  `approval_flow_track_number` varchar(100) NOT NULL,
  `fk_approve_item_id` int(100) NOT NULL,
  `fk_account_system_id` int(100) NOT NULL,
  `approval_flow_created_by` int(100) NOT NULL,
  `approval_flow_created_date` date NOT NULL,
  `approval_flow_last_modified_by` int(100) NOT NULL,
  `approval_flow_last_modified_date` timestamp NOT NULL DEFAULT CURRENT_TIMESTAMP,
  `fk_approval_id` int(100) DEFAULT NULL,
  `fk_status_id` int(100) DEFAULT NULL,
  PRIMARY KEY (`approval_flow_id`),
  KEY `fk_approve_item_id` (`fk_approve_item_id`),
  KEY `fk_account_system_id` (`fk_account_system_id`),
  CONSTRAINT `approval_flow_ibfk_1` FOREIGN KEY (`fk_approve_item_id`) REFERENCES `approve_item` (`approve_item_id`),
  CONSTRAINT `approval_flow_ibfk_2` FOREIGN KEY (`fk_account_system_id`) REFERENCES `account_system` (`account_system_id`)
) ENGINE=InnoDB DEFAULT CHARSET=latin1;

INSERT INTO `approval_flow` (`approval_flow_id`, `approval_flow_name`, `approval_flow_track_number`, `fk_approve_item_id`, `fk_account_system_id`, `approval_flow_created_by`, `approval_flow_created_date`, `approval_flow_last_modified_by`, `approval_flow_last_modified_date`, `fk_approval_id`, `fk_status_id`) VALUES
(1,	'Global Account System account system workflow',	'APOW-15812',	1,	1,	1,	'2020-08-20',	1,	'2020-08-20 12:01:49',	NULL,	NULL),
(2,	'Global Account System approval workflow',	'APOW-71503',	2,	1,	1,	'2020-08-20',	1,	'2020-08-20 12:01:49',	NULL,	NULL),
(3,	'Global Account System bank workflow',	'APOW-27312',	5,	1,	1,	'2020-08-20',	1,	'2020-08-20 12:01:49',	NULL,	NULL),
(4,	'Global Account System budget workflow',	'APOW-69058',	6,	1,	1,	'2020-08-20',	1,	'2020-08-20 12:01:49',	NULL,	NULL),
(5,	'Global Account System budget item workflow',	'APOW-1194',	7,	1,	1,	'2020-08-20',	1,	'2020-08-20 12:01:49',	NULL,	NULL),
(6,	'Global Account System budget item detail workflow',	'APOW-5882',	8,	1,	1,	'2020-08-20',	1,	'2020-08-20 12:01:49',	NULL,	NULL),
(7,	'Global Account System cheque book workflow',	'APOW-6840',	9,	1,	1,	'2020-08-20',	1,	'2020-08-20 12:01:49',	NULL,	NULL),
(8,	'Global Account System context center workflow',	'APOW-23978',	11,	1,	1,	'2020-08-20',	1,	'2020-08-20 12:01:49',	NULL,	NULL),
(9,	'Global Account System context center user workflow',	'APOW-46793',	12,	1,	1,	'2020-08-20',	1,	'2020-08-20 12:01:49',	NULL,	NULL),
(10,	'Global Account System context cluster workflow',	'APOW-40074',	13,	1,	1,	'2020-08-20',	1,	'2020-08-20 12:01:49',	NULL,	NULL),
(11,	'Global Account System context cluster user workflow',	'APOW-40685',	14,	1,	1,	'2020-08-20',	1,	'2020-08-20 12:01:49',	NULL,	NULL),
(12,	'Global Account System context cohort workflow',	'APOW-19794',	15,	1,	1,	'2020-08-20',	1,	'2020-08-20 12:01:49',	NULL,	NULL),
(13,	'Global Account System context cohort user workflow',	'APOW-87306',	16,	1,	1,	'2020-08-20',	1,	'2020-08-20 12:01:49',	NULL,	NULL),
(14,	'Global Account System context country workflow',	'APOW-45714',	17,	1,	1,	'2020-08-20',	1,	'2020-08-20 12:01:49',	NULL,	NULL),
(15,	'Global Account System context country user workflow',	'APOW-18966',	18,	1,	1,	'2020-08-20',	1,	'2020-08-20 12:01:49',	NULL,	NULL),
(16,	'Global Account System context definition workflow',	'APOW-29669',	19,	1,	1,	'2020-08-20',	1,	'2020-08-20 12:01:49',	NULL,	NULL),
(17,	'Global Account System context global workflow',	'APOW-27229',	20,	1,	1,	'2020-08-20',	1,	'2020-08-20 12:01:49',	NULL,	NULL),
(18,	'Global Account System context global user workflow',	'APOW-34029',	21,	1,	1,	'2020-08-20',	1,	'2020-08-20 12:01:49',	NULL,	NULL),
(19,	'Global Account System context region workflow',	'APOW-81549',	22,	1,	1,	'2020-08-20',	1,	'2020-08-20 12:01:49',	NULL,	NULL),
(20,	'Global Account System context region user workflow',	'APOW-19166',	23,	1,	1,	'2020-08-20',	1,	'2020-08-20 12:01:49',	NULL,	NULL),
(21,	'Global Account System contra account workflow',	'APOW-12675',	24,	1,	1,	'2020-08-20',	1,	'2020-08-20 12:01:49',	NULL,	NULL),
(22,	'Global Account System country currency workflow',	'APOW-78423',	25,	1,	1,	'2020-08-20',	1,	'2020-08-20 12:01:50',	NULL,	NULL),
(23,	'Global Account System currency conversion workflow',	'APOW-29866',	26,	1,	1,	'2020-08-20',	1,	'2020-08-20 12:01:50',	NULL,	NULL),
(24,	'Global Account System currency conversion detail workflow',	'APOW-19053',	27,	1,	1,	'2020-08-20',	1,	'2020-08-20 12:01:50',	NULL,	NULL),
(25,	'Global Account System dashboard workflow',	'APOW-74268',	28,	1,	1,	'2020-08-20',	1,	'2020-08-20 12:01:50',	NULL,	NULL),
(26,	'Global Account System department workflow',	'APOW-38673',	29,	1,	1,	'2020-08-20',	1,	'2020-08-20 12:01:50',	NULL,	NULL),
(27,	'Global Account System department user workflow',	'APOW-44779',	30,	1,	1,	'2020-08-20',	1,	'2020-08-20 12:01:50',	NULL,	NULL),
(28,	'Global Account System designation workflow',	'APOW-27778',	31,	1,	1,	'2020-08-20',	1,	'2020-08-20 12:01:50',	NULL,	NULL),
(29,	'Global Account System expense account workflow',	'APOW-84017',	32,	1,	1,	'2020-08-20',	1,	'2020-08-20 12:01:50',	NULL,	NULL),
(30,	'Global Account System financial report workflow',	'APOW-62712',	33,	1,	1,	'2020-08-20',	1,	'2020-08-20 12:01:50',	NULL,	NULL),
(31,	'Global Account System funder workflow',	'APOW-82846',	34,	1,	1,	'2020-08-20',	1,	'2020-08-20 12:01:50',	NULL,	NULL),
(32,	'Global Account System funding status workflow',	'APOW-86373',	35,	1,	1,	'2020-08-20',	1,	'2020-08-20 12:01:50',	NULL,	NULL),
(33,	'Global Account System history workflow',	'APOW-6390',	36,	1,	1,	'2020-08-20',	1,	'2020-08-20 12:01:50',	NULL,	NULL),
(34,	'Global Account System income account workflow',	'APOW-57987',	37,	1,	1,	'2020-08-20',	1,	'2020-08-20 12:01:50',	NULL,	NULL),
(35,	'Global Account System journal workflow',	'APOW-79757',	38,	1,	1,	'2020-08-20',	1,	'2020-08-20 12:01:50',	NULL,	NULL),
(36,	'Global Account System language workflow',	'APOW-25991',	39,	1,	1,	'2020-08-20',	1,	'2020-08-20 12:01:50',	NULL,	NULL),
(37,	'Global Account System language phrase workflow',	'APOW-5556',	40,	1,	1,	'2020-08-20',	1,	'2020-08-20 12:01:50',	NULL,	NULL),
(38,	'Global Account System menu workflow',	'APOW-28221',	41,	1,	1,	'2020-08-20',	1,	'2020-08-20 12:01:50',	NULL,	NULL),
(39,	'Global Account System menu user order workflow',	'APOW-7050',	42,	1,	1,	'2020-08-20',	1,	'2020-08-20 12:01:50',	NULL,	NULL),
(40,	'Global Account System message workflow',	'APOW-61867',	43,	1,	1,	'2020-08-20',	1,	'2020-08-20 12:01:50',	NULL,	NULL),
(41,	'Global Account System message detail workflow',	'APOW-35316',	44,	1,	1,	'2020-08-20',	1,	'2020-08-20 12:01:50',	NULL,	NULL),
(42,	'Global Account System month workflow',	'APOW-61051',	45,	1,	1,	'2020-08-20',	1,	'2020-08-20 12:01:50',	NULL,	NULL),
(43,	'Global Account System office workflow',	'APOW-48485',	46,	1,	1,	'2020-08-20',	1,	'2020-08-20 12:01:50',	NULL,	NULL),
(44,	'Global Account System office bank workflow',	'APOW-66654',	47,	1,	1,	'2020-08-20',	1,	'2020-08-20 12:01:50',	NULL,	NULL),
(45,	'Global Account System office bank project allocation workflow',	'APOW-71292',	48,	1,	1,	'2020-08-20',	1,	'2020-08-20 12:01:50',	NULL,	NULL),
(46,	'Global Account System office cash workflow',	'APOW-77593',	49,	1,	1,	'2020-08-20',	1,	'2020-08-20 12:01:50',	NULL,	NULL),
(47,	'Global Account System opening allocation balance workflow',	'APOW-71584',	50,	1,	1,	'2020-08-20',	1,	'2020-08-20 12:01:50',	NULL,	NULL),
(48,	'Global Account System opening bank balance workflow',	'APOW-52941',	51,	1,	1,	'2020-08-20',	1,	'2020-08-20 12:01:50',	NULL,	NULL),
(49,	'Global Account System opening cash balance workflow',	'APOW-47985',	52,	1,	1,	'2020-08-20',	1,	'2020-08-20 12:01:50',	NULL,	NULL),
(50,	'Global Account System opening deposit transit workflow',	'APOW-28126',	53,	1,	1,	'2020-08-20',	1,	'2020-08-20 12:01:50',	NULL,	NULL),
(51,	'Global Account System opening fund balance workflow',	'APOW-59261',	54,	1,	1,	'2020-08-20',	1,	'2020-08-20 12:01:50',	NULL,	NULL),
(52,	'Global Account System opening outstanding cheque workflow',	'APOW-75065',	55,	1,	1,	'2020-08-20',	1,	'2020-08-20 12:01:50',	NULL,	NULL),
(53,	'Global Account System page view workflow',	'APOW-6271',	56,	1,	1,	'2020-08-20',	1,	'2020-08-20 12:01:50',	NULL,	NULL),
(54,	'Global Account System page view condition workflow',	'APOW-38647',	57,	1,	1,	'2020-08-20',	1,	'2020-08-20 12:01:50',	NULL,	NULL),
(55,	'Global Account System page view role workflow',	'APOW-32306',	58,	1,	1,	'2020-08-20',	1,	'2020-08-20 12:01:50',	NULL,	NULL),
(56,	'Global Account System permission workflow',	'APOW-6858',	59,	1,	1,	'2020-08-20',	1,	'2020-08-20 12:01:50',	NULL,	NULL),
(57,	'Global Account System permission label workflow',	'APOW-58221',	60,	1,	1,	'2020-08-20',	1,	'2020-08-20 12:01:50',	NULL,	NULL),
(58,	'Global Account System project workflow',	'APOW-56171',	61,	1,	1,	'2020-08-20',	1,	'2020-08-20 12:01:50',	NULL,	NULL),
(59,	'Global Account System project allocation workflow',	'APOW-47312',	62,	1,	1,	'2020-08-20',	1,	'2020-08-20 12:01:50',	NULL,	NULL),
(60,	'Global Account System project allocation detail workflow',	'APOW-27851',	63,	1,	1,	'2020-08-20',	1,	'2020-08-20 12:01:50',	NULL,	NULL),
(61,	'Global Account System project cost proportion workflow',	'APOW-38263',	64,	1,	1,	'2020-08-20',	1,	'2020-08-20 12:01:50',	NULL,	NULL),
(62,	'Global Account System project income account workflow',	'APOW-11770',	65,	1,	1,	'2020-08-20',	1,	'2020-08-20 12:01:50',	NULL,	NULL),
(63,	'Global Account System reconciliation workflow',	'APOW-76259',	66,	1,	1,	'2020-08-20',	1,	'2020-08-20 12:01:50',	NULL,	NULL),
(64,	'Global Account System request workflow',	'APOW-79559',	67,	1,	1,	'2020-08-20',	1,	'2020-08-20 12:01:50',	NULL,	NULL),
(65,	'Global Account System request detail workflow',	'APOW-12180',	69,	1,	1,	'2020-08-20',	1,	'2020-08-20 12:01:50',	NULL,	NULL),
(66,	'Global Account System request conversion workflow',	'APOW-87681',	68,	1,	1,	'2020-08-20',	1,	'2020-08-20 12:01:50',	NULL,	NULL),
(67,	'Global Account System request type workflow',	'APOW-49993',	70,	1,	1,	'2020-08-20',	1,	'2020-08-20 12:01:50',	NULL,	NULL),
(68,	'Global Account System role workflow',	'APOW-18240',	71,	1,	1,	'2020-08-20',	1,	'2020-08-20 12:01:50',	NULL,	NULL),
(69,	'Global Account System role permission workflow',	'APOW-33646',	72,	1,	1,	'2020-08-20',	1,	'2020-08-20 12:01:50',	NULL,	NULL),
(70,	'Global Account System setting workflow',	'APOW-32038',	73,	1,	1,	'2020-08-20',	1,	'2020-08-20 12:01:50',	NULL,	NULL),
(71,	'Global Account System status role workflow',	'APOW-11286',	75,	1,	1,	'2020-08-20',	1,	'2020-08-20 12:01:50',	NULL,	NULL),
(72,	'Global Account System system opening balance workflow',	'APOW-85974',	76,	1,	1,	'2020-08-20',	1,	'2020-08-20 12:01:50',	NULL,	NULL),
(73,	'Global Account System translation workflow',	'APOW-42064',	77,	1,	1,	'2020-08-20',	1,	'2020-08-20 12:01:51',	NULL,	NULL),
(74,	'Global Account System user workflow',	'APOW-48566',	78,	1,	1,	'2020-08-20',	1,	'2020-08-20 12:01:51',	NULL,	NULL),
(75,	'Global Account System variance note workflow',	'APOW-66627',	79,	1,	1,	'2020-08-20',	1,	'2020-08-20 12:01:51',	NULL,	NULL),
(76,	'Global Account System voucher workflow',	'APOW-46601',	80,	1,	1,	'2020-08-20',	1,	'2020-08-20 12:01:51',	NULL,	NULL),
(77,	'Global Account System voucher detail workflow',	'APOW-1154',	81,	1,	1,	'2020-08-20',	1,	'2020-08-20 12:01:51',	NULL,	NULL),
(78,	'Global Account System voucher type workflow',	'APOW-18457',	82,	1,	1,	'2020-08-20',	1,	'2020-08-20 12:01:51',	NULL,	NULL),
(79,	'Global Account System voucher type account workflow',	'APOW-8646',	83,	1,	1,	'2020-08-20',	1,	'2020-08-20 12:01:51',	NULL,	NULL),
(80,	'Global Account System voucher type effect workflow',	'APOW-84237',	84,	1,	1,	'2020-08-20',	1,	'2020-08-20 12:01:51',	NULL,	NULL),
(81,	'Global Account System workplan workflow',	'APOW-52269',	85,	1,	1,	'2020-08-20',	1,	'2020-08-20 12:01:51',	NULL,	NULL),
(82,	'Global Account System workplan task workflow',	'APOW-36156',	86,	1,	1,	'2020-08-20',	1,	'2020-08-20 12:01:51',	NULL,	NULL),
(83,	'Africa Region Accounting system country currency workflow',	'APOW-10329',	25,	2,	1,	'2020-08-21',	1,	'2020-08-21 07:26:44',	NULL,	NULL),
(84,	'Africa Region Accounting system office workflow',	'APOW-27989',	46,	2,	1,	'2020-08-21',	1,	'2020-08-21 07:27:55',	NULL,	NULL),
(85,	'Africa Region Accounting system role workflow',	'APOW-70504',	71,	2,	1,	'2020-08-21',	1,	'2020-08-21 07:29:30',	NULL,	NULL),
(86,	'Africa Region Accounting system role permission workflow',	'APOW-55715',	72,	2,	1,	'2020-08-21',	1,	'2020-08-21 07:30:46',	NULL,	NULL),
(87,	'Africa Region Accounting system department workflow',	'APOW-9017',	29,	2,	1,	'2020-08-21',	1,	'2020-08-21 07:32:15',	NULL,	NULL),
(88,	'Africa Region Accounting system designation workflow',	'APOW-73071',	31,	2,	1,	'2020-08-21',	1,	'2020-08-21 07:34:07',	NULL,	NULL),
(89,	'Africa Region Accounting system user workflow',	'APOW-79611',	78,	2,	1,	'2020-08-21',	1,	'2020-08-21 07:35:16',	NULL,	NULL),
(90,	'Africa Region Accounting system bank workflow',	'APOW-33946',	5,	2,	1,	'2020-08-21',	1,	'2020-08-21 07:50:22',	NULL,	NULL),
(91,	'Africa Region Accounting system account system workflow',	'APOW-32067',	1,	2,	1,	'2020-08-21',	1,	'2020-08-21 08:29:47',	NULL,	NULL),
(92,	'Kenya Accounting System account system workflow',	'APOW-2321',	1,	3,	1,	'2020-08-21',	1,	'2020-08-21 08:30:40',	NULL,	NULL),
(93,	'Kenya Accounting System country currency workflow',	'APOW-1925',	25,	3,	1,	'2020-08-21',	1,	'2020-08-21 08:34:31',	NULL,	NULL),
(94,	'Tanzania Accounting System country currency workflow',	'APOW-17088',	25,	4,	1,	'2020-08-21',	1,	'2020-08-21 08:34:31',	NULL,	NULL),
(95,	'Kenya Accounting System office workflow',	'APOW-33115',	46,	3,	1,	'2020-08-21',	1,	'2020-08-21 08:43:16',	NULL,	NULL),
(96,	'Tanzania Accounting System office workflow',	'APOW-24202',	46,	4,	1,	'2020-08-21',	1,	'2020-08-21 08:43:16',	NULL,	NULL),
(97,	'Kenya Accounting System role workflow',	'APOW-7752',	71,	3,	1,	'2020-08-21',	1,	'2020-08-21 08:58:30',	NULL,	NULL),
(98,	'Tanzania Accounting System role workflow',	'APOW-65233',	71,	4,	1,	'2020-08-21',	1,	'2020-08-21 08:58:30',	NULL,	NULL),
(99,	'Kenya Accounting System role permission workflow',	'APOW-63851',	72,	3,	1,	'2020-08-21',	1,	'2020-08-21 09:04:02',	NULL,	NULL),
(100,	'Tanzania Accounting System role permission workflow',	'APOW-55280',	72,	4,	1,	'2020-08-21',	1,	'2020-08-21 09:04:02',	NULL,	NULL),
(101,	'Kenya Accounting System department workflow',	'APOW-74372',	29,	3,	1,	'2020-08-21',	1,	'2020-08-21 09:12:51',	NULL,	NULL),
(102,	'Tanzania Accounting System department workflow',	'APOW-28591',	29,	4,	1,	'2020-08-21',	1,	'2020-08-21 09:12:51',	NULL,	NULL),
(103,	'Kenya Accounting System designation workflow',	'APOW-14760',	31,	3,	1,	'2020-08-21',	1,	'2020-08-21 09:13:40',	NULL,	NULL),
(104,	'Tanzania Accounting System designation workflow',	'APOW-78047',	31,	4,	1,	'2020-08-21',	1,	'2020-08-21 09:13:40',	NULL,	NULL),
(105,	'Kenya Accounting System user workflow',	'APOW-20850',	78,	3,	1,	'2020-08-21',	1,	'2020-08-21 09:14:42',	NULL,	NULL),
(106,	'Tanzania Accounting System user workflow',	'APOW-26117',	78,	4,	1,	'2020-08-21',	1,	'2020-08-21 09:14:42',	NULL,	NULL),
(107,	'Africa Region Accounting system context region workflow',	'APOW-86014',	22,	2,	1,	'2020-08-21',	1,	'2020-08-21 09:28:43',	NULL,	NULL),
(108,	'Kenya Accounting System context region workflow',	'APOW-82492',	22,	3,	1,	'2020-08-21',	1,	'2020-08-21 09:28:43',	NULL,	NULL),
(109,	'Tanzania Accounting System context region workflow',	'APOW-67352',	22,	4,	1,	'2020-08-21',	1,	'2020-08-21 09:28:43',	NULL,	NULL),
(110,	'Africa Region Accounting system context region user workflow',	'APOW-26040',	23,	2,	1,	'2020-08-21',	1,	'2020-08-21 09:28:43',	NULL,	NULL),
(111,	'Kenya Accounting System context region user workflow',	'APOW-43141',	23,	3,	1,	'2020-08-21',	1,	'2020-08-21 09:28:43',	NULL,	NULL),
(112,	'Tanzania Accounting System context region user workflow',	'APOW-65222',	23,	4,	1,	'2020-08-21',	1,	'2020-08-21 09:28:43',	NULL,	NULL),
(113,	'Africa Region Accounting system voucher type workflow',	'APOW-21059',	82,	2,	3,	'2020-08-21',	3,	'2020-08-21 09:29:12',	NULL,	NULL),
(114,	'Kenya Accounting System voucher type workflow',	'APOW-76178',	82,	3,	3,	'2020-08-21',	3,	'2020-08-21 09:29:12',	NULL,	NULL),
(115,	'Tanzania Accounting System voucher type workflow',	'APOW-24602',	82,	4,	3,	'2020-08-21',	3,	'2020-08-21 09:29:12',	NULL,	NULL),
(116,	'Africa Region Accounting system office cash workflow',	'APOW-9603',	49,	2,	3,	'2020-08-21',	3,	'2020-08-21 09:39:33',	NULL,	NULL),
(117,	'Kenya Accounting System office cash workflow',	'APOW-1616',	49,	3,	3,	'2020-08-21',	3,	'2020-08-21 09:39:33',	NULL,	NULL),
(118,	'Tanzania Accounting System office cash workflow',	'APOW-43144',	49,	4,	3,	'2020-08-21',	3,	'2020-08-21 09:39:33',	NULL,	NULL),
(119,	'Africa Region Accounting system income account workflow',	'APOW-24768',	37,	2,	3,	'2020-08-21',	3,	'2020-08-21 09:42:37',	NULL,	NULL),
(120,	'Kenya Accounting System income account workflow',	'APOW-23574',	37,	3,	3,	'2020-08-21',	3,	'2020-08-21 09:42:37',	NULL,	NULL),
(121,	'Tanzania Accounting System income account workflow',	'APOW-60173',	37,	4,	3,	'2020-08-21',	3,	'2020-08-21 09:42:37',	NULL,	NULL),
(122,	'Africa Region Accounting system expense account workflow',	'APOW-62899',	32,	2,	3,	'2020-08-21',	3,	'2020-08-21 09:45:05',	NULL,	NULL),
(123,	'Kenya Accounting System expense account workflow',	'APOW-1013',	32,	3,	3,	'2020-08-21',	3,	'2020-08-21 09:45:05',	NULL,	NULL),
(124,	'Tanzania Accounting System expense account workflow',	'APOW-41200',	32,	4,	3,	'2020-08-21',	3,	'2020-08-21 09:45:05',	NULL,	NULL),
(125,	'Africa Region Accounting system funder workflow',	'APOW-69242',	34,	2,	3,	'2020-08-21',	3,	'2020-08-21 09:52:06',	NULL,	NULL),
(126,	'Kenya Accounting System funder workflow',	'APOW-22463',	34,	3,	3,	'2020-08-21',	3,	'2020-08-21 09:52:06',	NULL,	NULL),
(127,	'Tanzania Accounting System funder workflow',	'APOW-59536',	34,	4,	3,	'2020-08-21',	3,	'2020-08-21 09:52:06',	NULL,	NULL),
(128,	'Africa Region Accounting system project workflow',	'APOW-9598',	61,	2,	3,	'2020-08-21',	3,	'2020-08-21 09:53:37',	NULL,	NULL),
(129,	'Kenya Accounting System project workflow',	'APOW-61836',	61,	3,	3,	'2020-08-21',	3,	'2020-08-21 09:53:37',	NULL,	NULL),
(130,	'Tanzania Accounting System project workflow',	'APOW-84841',	61,	4,	3,	'2020-08-21',	3,	'2020-08-21 09:53:37',	NULL,	NULL),
(131,	'Africa Region Accounting system funding status workflow',	'APOW-71256',	35,	2,	3,	'2020-08-21',	3,	'2020-08-21 09:57:23',	NULL,	NULL),
(132,	'Kenya Accounting System funding status workflow',	'APOW-32462',	35,	3,	3,	'2020-08-21',	3,	'2020-08-21 09:57:23',	NULL,	NULL),
(133,	'Tanzania Accounting System funding status workflow',	'APOW-88882',	35,	4,	3,	'2020-08-21',	3,	'2020-08-21 09:57:23',	NULL,	NULL),
(134,	'Africa Region Accounting system project allocation workflow',	'APOW-20774',	62,	2,	3,	'2020-08-21',	3,	'2020-08-21 10:00:52',	NULL,	NULL),
(135,	'Kenya Accounting System project allocation workflow',	'APOW-61673',	62,	3,	3,	'2020-08-21',	3,	'2020-08-21 10:00:52',	NULL,	NULL),
(136,	'Tanzania Accounting System project allocation workflow',	'APOW-42328',	62,	4,	3,	'2020-08-21',	3,	'2020-08-21 10:00:52',	NULL,	NULL),
(137,	'Africa Region Accounting system project income account workflow',	'APOW-50904',	65,	2,	3,	'2020-08-21',	3,	'2020-08-21 10:03:54',	NULL,	NULL),
(138,	'Kenya Accounting System project income account workflow',	'APOW-19968',	65,	3,	3,	'2020-08-21',	3,	'2020-08-21 10:03:54',	NULL,	NULL),
(139,	'Tanzania Accounting System project income account workflow',	'APOW-69411',	65,	4,	3,	'2020-08-21',	3,	'2020-08-21 10:03:54',	NULL,	NULL),
(140,	'Kenya Accounting System bank workflow',	'APOW-35708',	5,	3,	4,	'2020-08-25',	4,	'2020-08-25 08:42:45',	NULL,	NULL),
(141,	'Tanzania Accounting System bank workflow',	'APOW-47787',	5,	4,	4,	'2020-08-25',	4,	'2020-08-25 08:42:45',	NULL,	NULL),
(142,	'Africa Region Accounting system office bank workflow',	'APOW-31904',	47,	2,	4,	'2020-08-25',	4,	'2020-08-25 08:45:50',	NULL,	NULL),
(143,	'Kenya Accounting System office bank workflow',	'APOW-83351',	47,	3,	4,	'2020-08-25',	4,	'2020-08-25 08:45:50',	NULL,	NULL),
(144,	'Tanzania Accounting System office bank workflow',	'APOW-61147',	47,	4,	4,	'2020-08-25',	4,	'2020-08-25 08:45:50',	NULL,	NULL),
(145,	'Africa Region Accounting system budget item detail workflow',	'APOW-28031',	8,	2,	1,	'2020-09-01',	1,	'2020-09-01 13:34:40',	NULL,	NULL),
(146,	'Kenya Accounting System budget item detail workflow',	'APOW-66267',	8,	3,	1,	'2020-09-01',	1,	'2020-09-01 13:34:40',	NULL,	NULL),
(147,	'Tanzania Accounting System budget item detail workflow',	'APOW-59301',	8,	4,	1,	'2020-09-01',	1,	'2020-09-01 13:34:40',	NULL,	NULL),
(148,	'Africa Region Accounting system cheque book workflow',	'APOW-27084',	9,	2,	1,	'2020-09-01',	1,	'2020-09-01 13:34:40',	NULL,	NULL),
(149,	'Kenya Accounting System cheque book workflow',	'APOW-48815',	9,	3,	1,	'2020-09-01',	1,	'2020-09-01 13:34:40',	NULL,	NULL),
(150,	'Tanzania Accounting System cheque book workflow',	'APOW-62678',	9,	4,	1,	'2020-09-01',	1,	'2020-09-01 13:34:41',	NULL,	NULL),
(151,	'Africa Region Accounting system opening allocation balance workflow',	'APOW-11032',	50,	2,	1,	'2020-09-01',	1,	'2020-09-01 13:34:41',	NULL,	NULL),
(152,	'Kenya Accounting System opening allocation balance workflow',	'APOW-37772',	50,	3,	1,	'2020-09-01',	1,	'2020-09-01 13:34:41',	NULL,	NULL),
(153,	'Tanzania Accounting System opening allocation balance workflow',	'APOW-6841',	50,	4,	1,	'2020-09-01',	1,	'2020-09-01 13:34:41',	NULL,	NULL),
(154,	'Africa Region Accounting system opening cash balance workflow',	'APOW-41529',	52,	2,	1,	'2020-09-01',	1,	'2020-09-01 13:34:41',	NULL,	NULL),
(155,	'Kenya Accounting System opening cash balance workflow',	'APOW-67088',	52,	3,	1,	'2020-09-01',	1,	'2020-09-01 13:34:41',	NULL,	NULL),
(156,	'Tanzania Accounting System opening cash balance workflow',	'APOW-68692',	52,	4,	1,	'2020-09-01',	1,	'2020-09-01 13:34:41',	NULL,	NULL),
(157,	'Africa Region Accounting system opening deposit transit workflow',	'APOW-73480',	53,	2,	1,	'2020-09-01',	1,	'2020-09-01 13:34:41',	NULL,	NULL),
(158,	'Kenya Accounting System opening deposit transit workflow',	'APOW-2905',	53,	3,	1,	'2020-09-01',	1,	'2020-09-01 13:34:41',	NULL,	NULL),
(159,	'Tanzania Accounting System opening deposit transit workflow',	'APOW-14350',	53,	4,	1,	'2020-09-01',	1,	'2020-09-01 13:34:41',	NULL,	NULL),
(160,	'Africa Region Accounting system opening fund balance workflow',	'APOW-26579',	54,	2,	1,	'2020-09-01',	1,	'2020-09-01 13:34:41',	NULL,	NULL),
(161,	'Kenya Accounting System opening fund balance workflow',	'APOW-47243',	54,	3,	1,	'2020-09-01',	1,	'2020-09-01 13:34:41',	NULL,	NULL),
(162,	'Tanzania Accounting System opening fund balance workflow',	'APOW-31909',	54,	4,	1,	'2020-09-01',	1,	'2020-09-01 13:34:41',	NULL,	NULL),
(163,	'Africa Region Accounting system opening outstanding cheque workflow',	'APOW-79518',	55,	2,	1,	'2020-09-01',	1,	'2020-09-01 13:34:41',	NULL,	NULL),
(164,	'Kenya Accounting System opening outstanding cheque workflow',	'APOW-52132',	55,	3,	1,	'2020-09-01',	1,	'2020-09-01 13:34:41',	NULL,	NULL),
(165,	'Tanzania Accounting System opening outstanding cheque workflow',	'APOW-18446',	55,	4,	1,	'2020-09-01',	1,	'2020-09-01 13:34:41',	NULL,	NULL),
(166,	'Africa Region Accounting system permission workflow',	'APOW-5957',	59,	2,	1,	'2020-09-01',	1,	'2020-09-01 13:34:41',	NULL,	NULL),
(167,	'Kenya Accounting System permission workflow',	'APOW-44659',	59,	3,	1,	'2020-09-01',	1,	'2020-09-01 13:34:41',	NULL,	NULL),
(168,	'Tanzania Accounting System permission workflow',	'APOW-5663',	59,	4,	1,	'2020-09-01',	1,	'2020-09-01 13:34:41',	NULL,	NULL),
(169,	'Africa Region Accounting system project allocation detail workflow',	'APOW-15881',	63,	2,	1,	'2020-09-01',	1,	'2020-09-01 13:34:41',	NULL,	NULL),
(170,	'Kenya Accounting System project allocation detail workflow',	'APOW-49446',	63,	3,	1,	'2020-09-01',	1,	'2020-09-01 13:34:41',	NULL,	NULL),
(171,	'Tanzania Accounting System project allocation detail workflow',	'APOW-15794',	63,	4,	1,	'2020-09-01',	1,	'2020-09-01 13:34:41',	NULL,	NULL),
(172,	'Africa Region Accounting system request detail workflow',	'APOW-65924',	69,	2,	1,	'2020-09-01',	1,	'2020-09-01 13:34:41',	NULL,	NULL),
(173,	'Kenya Accounting System request detail workflow',	'APOW-65974',	69,	3,	1,	'2020-09-01',	1,	'2020-09-01 13:34:41',	NULL,	NULL),
(174,	'Tanzania Accounting System request detail workflow',	'APOW-49120',	69,	4,	1,	'2020-09-01',	1,	'2020-09-01 13:34:41',	NULL,	NULL),
(175,	'Africa Region Accounting system contra account workflow',	'APOW-78111',	24,	2,	4,	'2020-09-01',	4,	'2020-09-01 13:40:12',	NULL,	NULL),
(176,	'Kenya Accounting System contra account workflow',	'APOW-9489',	24,	3,	4,	'2020-09-01',	4,	'2020-09-01 13:40:12',	NULL,	NULL),
(177,	'Tanzania Accounting System contra account workflow',	'APOW-30302',	24,	4,	4,	'2020-09-01',	4,	'2020-09-01 13:40:12',	NULL,	NULL),
(178,	'Africa Region Accounting system opening bank balance workflow',	'APOW-47190',	51,	2,	4,	'2020-09-01',	4,	'2020-09-01 13:57:12',	NULL,	NULL),
(179,	'Kenya Accounting System opening bank balance workflow',	'APOW-28799',	51,	3,	4,	'2020-09-01',	4,	'2020-09-01 13:57:12',	NULL,	NULL),
(180,	'Tanzania Accounting System opening bank balance workflow',	'APOW-4360',	51,	4,	4,	'2020-09-01',	4,	'2020-09-01 13:57:12',	NULL,	NULL),
(181,	'Africa Region Accounting system office bank project allocation workflow',	'APOW-57564',	48,	2,	4,	'2020-09-01',	4,	'2020-09-01 14:15:07',	NULL,	NULL),
(182,	'Kenya Accounting System office bank project allocation workflow',	'APOW-44010',	48,	3,	4,	'2020-09-01',	4,	'2020-09-01 14:15:07',	NULL,	NULL),
(183,	'Tanzania Accounting System office bank project allocation workflow',	'APOW-54446',	48,	4,	4,	'2020-09-01',	4,	'2020-09-01 14:15:07',	NULL,	NULL),
(184,	'Global Account System attachment workflow',	'APOW-40296',	87,	1,	1,	'2020-11-03',	1,	'2020-11-03 08:32:26',	NULL,	NULL),
(185,	'Africa Region Accounting system attachment workflow',	'APOW-84971',	87,	2,	1,	'2020-11-03',	1,	'2020-11-03 08:32:26',	NULL,	NULL),
(186,	'Kenya Accounting System attachment workflow',	'APOW-30870',	87,	3,	1,	'2020-11-03',	1,	'2020-11-03 08:32:26',	NULL,	NULL),
(187,	'Tanzania Accounting System attachment workflow',	'APOW-80588',	87,	4,	1,	'2020-11-03',	1,	'2020-11-03 08:32:26',	NULL,	NULL),
(188,	'Global Account System budget review count workflow',	'APOW-31259',	88,	1,	1,	'2020-11-03',	1,	'2020-11-03 08:32:26',	NULL,	NULL),
(189,	'Africa Region Accounting system budget review count workflow',	'APOW-13686',	88,	2,	1,	'2020-11-03',	1,	'2020-11-03 08:32:26',	NULL,	NULL),
(190,	'Kenya Accounting System budget review count workflow',	'APOW-88006',	88,	3,	1,	'2020-11-03',	1,	'2020-11-03 08:32:26',	NULL,	NULL),
(191,	'Tanzania Accounting System budget review count workflow',	'APOW-13861',	88,	4,	1,	'2020-11-03',	1,	'2020-11-03 08:32:26',	NULL,	NULL),
(192,	'Global Account System budget tag workflow',	'APOW-85920',	89,	1,	1,	'2020-11-03',	1,	'2020-11-03 08:32:26',	NULL,	NULL),
(193,	'Africa Region Accounting system budget tag workflow',	'APOW-74259',	89,	2,	1,	'2020-11-03',	1,	'2020-11-03 08:32:26',	NULL,	NULL),
(194,	'Kenya Accounting System budget tag workflow',	'APOW-82401',	89,	3,	1,	'2020-11-03',	1,	'2020-11-03 08:32:26',	NULL,	NULL),
(195,	'Tanzania Accounting System budget tag workflow',	'APOW-66373',	89,	4,	1,	'2020-11-03',	1,	'2020-11-03 08:32:26',	NULL,	NULL),
(196,	'Global Account System event workflow',	'APOW-34228',	90,	1,	1,	'2020-11-03',	1,	'2020-11-03 08:32:27',	NULL,	NULL),
(197,	'Africa Region Accounting system event workflow',	'APOW-42855',	90,	2,	1,	'2020-11-03',	1,	'2020-11-03 08:32:27',	NULL,	NULL),
(198,	'Kenya Accounting System event workflow',	'APOW-49194',	90,	3,	1,	'2020-11-03',	1,	'2020-11-03 08:32:27',	NULL,	NULL),
(199,	'Tanzania Accounting System event workflow',	'APOW-77829',	90,	4,	1,	'2020-11-03',	1,	'2020-11-03 08:32:27',	NULL,	NULL),
(200,	'Africa Region Accounting system budget workflow',	'APOW-64473',	6,	2,	10,	'2020-11-17',	10,	'2020-11-17 13:11:27',	NULL,	NULL),
(201,	'Kenya Accounting System budget workflow',	'APOW-38363',	6,	3,	10,	'2020-11-17',	10,	'2020-11-17 13:11:27',	NULL,	NULL),
(202,	'Tanzania Accounting System budget workflow',	'APOW-85563',	6,	4,	10,	'2020-11-17',	10,	'2020-11-17 13:11:27',	NULL,	NULL),
(203,	'Global Account System cash recipient account workflow',	'APOW-61413',	94,	1,	1,	'2020-12-09',	1,	'2020-12-09 10:13:56',	NULL,	NULL),
(204,	'Africa Region Accounting system cash recipient account workflow',	'APOW-11297',	94,	2,	1,	'2020-12-09',	1,	'2020-12-09 10:13:56',	NULL,	NULL),
(205,	'Kenya Accounting System cash recipient account workflow',	'APOW-37028',	94,	3,	1,	'2020-12-09',	1,	'2020-12-09 10:13:56',	NULL,	NULL),
(206,	'Tanzania Accounting System cash recipient account workflow',	'APOW-89619',	94,	4,	1,	'2020-12-09',	1,	'2020-12-09 10:13:56',	NULL,	NULL),
(207,	'Global Account System permission template workflow',	'APOW-19145',	91,	1,	1,	'2020-12-09',	1,	'2020-12-09 10:13:57',	NULL,	NULL),
(208,	'Africa Region Accounting system permission template workflow',	'APOW-75182',	91,	2,	1,	'2020-12-09',	1,	'2020-12-09 10:13:57',	NULL,	NULL),
(209,	'Kenya Accounting System permission template workflow',	'APOW-32239',	91,	3,	1,	'2020-12-09',	1,	'2020-12-09 10:13:57',	NULL,	NULL),
(210,	'Tanzania Accounting System permission template workflow',	'APOW-60124',	91,	4,	1,	'2020-12-09',	1,	'2020-12-09 10:13:57',	NULL,	NULL),
(211,	'Global Account System project request type workflow',	'APOW-87005',	95,	1,	1,	'2020-12-09',	1,	'2020-12-09 10:13:57',	NULL,	NULL),
(212,	'Africa Region Accounting system project request type workflow',	'APOW-41756',	95,	2,	1,	'2020-12-09',	1,	'2020-12-09 10:13:57',	NULL,	NULL),
(213,	'Kenya Accounting System project request type workflow',	'APOW-7181',	95,	3,	1,	'2020-12-09',	1,	'2020-12-09 10:13:57',	NULL,	NULL),
(214,	'Tanzania Accounting System project request type workflow',	'APOW-66931',	95,	4,	1,	'2020-12-09',	1,	'2020-12-09 10:13:57',	NULL,	NULL),
(215,	'Global Account System request type department workflow',	'APOW-55986',	96,	1,	1,	'2020-12-09',	1,	'2020-12-09 10:13:57',	NULL,	NULL),
(216,	'Africa Region Accounting system request type department workflow',	'APOW-62527',	96,	2,	1,	'2020-12-09',	1,	'2020-12-09 10:13:57',	NULL,	NULL),
(217,	'Kenya Accounting System request type department workflow',	'APOW-81756',	96,	3,	1,	'2020-12-09',	1,	'2020-12-09 10:13:57',	NULL,	NULL),
(218,	'Tanzania Accounting System request type department workflow',	'APOW-11905',	96,	4,	1,	'2020-12-09',	1,	'2020-12-09 10:13:57',	NULL,	NULL),
(219,	'Global Account System role group workflow',	'APOW-78630',	92,	1,	1,	'2020-12-09',	1,	'2020-12-09 10:13:57',	NULL,	NULL),
(220,	'Africa Region Accounting system role group workflow',	'APOW-45878',	92,	2,	1,	'2020-12-09',	1,	'2020-12-09 10:13:57',	NULL,	NULL),
(221,	'Kenya Accounting System role group workflow',	'APOW-58446',	92,	3,	1,	'2020-12-09',	1,	'2020-12-09 10:13:57',	NULL,	NULL),
(222,	'Tanzania Accounting System role group workflow',	'APOW-84701',	92,	4,	1,	'2020-12-09',	1,	'2020-12-09 10:13:57',	NULL,	NULL),
(223,	'Global Account System role group association workflow',	'APOW-18957',	93,	1,	1,	'2020-12-09',	1,	'2020-12-09 10:13:57',	NULL,	NULL),
(224,	'Africa Region Accounting system role group association workflow',	'APOW-6539',	93,	2,	1,	'2020-12-09',	1,	'2020-12-09 10:13:57',	NULL,	NULL),
(225,	'Kenya Accounting System role group association workflow',	'APOW-65360',	93,	3,	1,	'2020-12-09',	1,	'2020-12-09 10:13:57',	NULL,	NULL),
(226,	'Tanzania Accounting System role group association workflow',	'APOW-89855',	93,	4,	1,	'2020-12-09',	1,	'2020-12-09 10:13:57',	NULL,	NULL),
(227,	'Global Account System status workflow',	'APOW-68624',	74,	1,	1,	'2020-12-09',	1,	'2020-12-09 10:13:58',	NULL,	NULL),
(228,	'Africa Region Accounting system status workflow',	'APOW-29867',	74,	2,	1,	'2020-12-09',	1,	'2020-12-09 10:13:58',	NULL,	NULL),
(229,	'Kenya Accounting System status workflow',	'APOW-48635',	74,	3,	1,	'2020-12-09',	1,	'2020-12-09 10:13:58',	NULL,	NULL),
(230,	'Tanzania Accounting System status workflow',	'APOW-78036',	74,	4,	1,	'2020-12-09',	1,	'2020-12-09 10:13:58',	NULL,	NULL),
(231,	'Africa Region Accounting system status role workflow',	'APOW-57712',	75,	2,	1,	'2020-12-09',	1,	'2020-12-09 10:13:58',	NULL,	NULL),
(232,	'Kenya Accounting System status role workflow',	'APOW-7418',	75,	3,	1,	'2020-12-09',	1,	'2020-12-09 10:13:58',	NULL,	NULL),
(233,	'Tanzania Accounting System status role workflow',	'APOW-58441',	75,	4,	1,	'2020-12-09',	1,	'2020-12-09 10:13:58',	NULL,	NULL),
(234,	'Africa Region Accounting system dashboard workflow',	'APOW-53333',	28,	2,	11,	'2020-12-09',	11,	'2020-12-09 11:23:10',	NULL,	NULL),
(235,	'Kenya Accounting System dashboard workflow',	'APOW-74308',	28,	3,	11,	'2020-12-09',	11,	'2020-12-09 11:23:10',	NULL,	NULL),
(236,	'Tanzania Accounting System dashboard workflow',	'APOW-39975',	28,	4,	11,	'2020-12-09',	11,	'2020-12-09 11:23:10',	NULL,	NULL),
(237,	'Africa Region Accounting system menu workflow',	'APOW-50555',	41,	2,	11,	'2020-12-10',	11,	'2020-12-10 11:14:39',	NULL,	NULL),
(238,	'Kenya Accounting System menu workflow',	'APOW-31105',	41,	3,	11,	'2020-12-10',	11,	'2020-12-10 11:14:39',	NULL,	NULL),
(239,	'Tanzania Accounting System menu workflow',	'APOW-88922',	41,	4,	11,	'2020-12-10',	11,	'2020-12-10 11:14:39',	NULL,	NULL),
(240,	'Africa Region Accounting system voucher type effect workflow',	'APOW-47939',	84,	2,	1,	'2020-12-10',	1,	'2020-12-10 14:10:10',	NULL,	NULL),
(241,	'Kenya Accounting System voucher type effect workflow',	'APOW-6324',	84,	3,	1,	'2020-12-10',	1,	'2020-12-10 14:10:10',	NULL,	NULL),
(242,	'Tanzania Accounting System voucher type effect workflow',	'APOW-26477',	84,	4,	1,	'2020-12-10',	1,	'2020-12-10 14:10:10',	NULL,	NULL),
(243,	'Africa Region Accounting system budget item workflow',	'APOW-42378',	7,	2,	12,	'2020-12-15',	12,	'2020-12-15 03:55:30',	NULL,	NULL),
(244,	'Kenya Accounting System budget item workflow',	'APOW-12209',	7,	3,	12,	'2020-12-15',	12,	'2020-12-15 03:55:30',	NULL,	NULL),
(245,	'Tanzania Accounting System budget item workflow',	'APOW-12802',	7,	4,	12,	'2020-12-15',	12,	'2020-12-15 03:55:30',	NULL,	NULL),
(246,	'Global Account System budget projection workflow',	'APOW-6625',	97,	1,	12,	'2020-12-15',	12,	'2020-12-15 04:10:36',	NULL,	NULL),
(247,	'Africa Region Accounting system budget projection workflow',	'APOW-20017',	97,	2,	12,	'2020-12-15',	12,	'2020-12-15 04:10:36',	NULL,	NULL),
(248,	'Kenya Accounting System budget projection workflow',	'APOW-63903',	97,	3,	12,	'2020-12-15',	12,	'2020-12-15 04:10:36',	NULL,	NULL),
(249,	'Tanzania Accounting System budget projection workflow',	'APOW-3822',	97,	4,	12,	'2020-12-15',	12,	'2020-12-15 04:10:36',	NULL,	NULL),
(250,	'Global Account System budget projection income account workflow',	'APOW-29028',	98,	1,	12,	'2020-12-15',	12,	'2020-12-15 04:10:37',	NULL,	NULL),
(251,	'Africa Region Accounting system budget projection income account workflow',	'APOW-57405',	98,	2,	12,	'2020-12-15',	12,	'2020-12-15 04:10:37',	NULL,	NULL),
(252,	'Kenya Accounting System budget projection income account workflow',	'APOW-55174',	98,	3,	12,	'2020-12-15',	12,	'2020-12-15 04:10:37',	NULL,	NULL),
(253,	'Tanzania Accounting System budget projection income account workflow',	'APOW-38810',	98,	4,	12,	'2020-12-15',	12,	'2020-12-15 04:10:37',	NULL,	NULL),
(254,	'Global Account System office group workflow',	'APOW-4061',	99,	1,	12,	'2020-12-15',	12,	'2020-12-15 04:10:37',	NULL,	NULL),
(255,	'Africa Region Accounting system office group workflow',	'APOW-74842',	99,	2,	12,	'2020-12-15',	12,	'2020-12-15 04:10:37',	NULL,	NULL),
(256,	'Kenya Accounting System office group workflow',	'APOW-61992',	99,	3,	12,	'2020-12-15',	12,	'2020-12-15 04:10:37',	NULL,	NULL),
(257,	'Tanzania Accounting System office group workflow',	'APOW-54321',	99,	4,	12,	'2020-12-15',	12,	'2020-12-15 04:10:37',	NULL,	NULL),
(258,	'Global Account System office group association workflow',	'APOW-58913',	100,	1,	12,	'2020-12-15',	12,	'2020-12-15 04:10:37',	NULL,	NULL),
(259,	'Africa Region Accounting system office group association workflow',	'APOW-8399',	100,	2,	12,	'2020-12-15',	12,	'2020-12-15 04:10:37',	NULL,	NULL),
(260,	'Kenya Accounting System office group association workflow',	'APOW-16975',	100,	3,	12,	'2020-12-15',	12,	'2020-12-15 04:10:37',	NULL,	NULL),
(261,	'Tanzania Accounting System office group association workflow',	'APOW-14622',	100,	4,	12,	'2020-12-15',	12,	'2020-12-15 04:10:37',	NULL,	NULL),
(262,	'Africa Region Accounting system voucher workflow',	'APOW-66744',	80,	2,	46,	'2020-12-15',	46,	'2020-12-15 08:51:55',	NULL,	NULL),
(263,	'Kenya Accounting System voucher workflow',	'APOW-10911',	80,	3,	46,	'2020-12-15',	46,	'2020-12-15 08:51:55',	NULL,	NULL),
(264,	'Tanzania Accounting System voucher workflow',	'APOW-53601',	80,	4,	46,	'2020-12-15',	46,	'2020-12-15 08:51:55',	NULL,	NULL),
(265,	'Africa Region Accounting system voucher detail workflow',	'APOW-12788',	81,	2,	46,	'2020-12-15',	46,	'2020-12-15 08:51:55',	NULL,	NULL),
(266,	'Kenya Accounting System voucher detail workflow',	'APOW-16009',	81,	3,	46,	'2020-12-15',	46,	'2020-12-15 08:51:55',	NULL,	NULL),
(267,	'Tanzania Accounting System voucher detail workflow',	'APOW-29198',	81,	4,	46,	'2020-12-15',	46,	'2020-12-15 08:51:55',	NULL,	NULL),
(268,	'Africa Region Accounting system system opening balance workflow',	'APOW-10077',	76,	2,	11,	'2020-12-15',	11,	'2020-12-15 13:26:15',	NULL,	NULL),
(269,	'Kenya Accounting System system opening balance workflow',	'APOW-4337',	76,	3,	11,	'2020-12-15',	11,	'2020-12-15 13:26:15',	NULL,	NULL),
(270,	'Tanzania Accounting System system opening balance workflow',	'APOW-24758',	76,	4,	11,	'2020-12-15',	11,	'2020-12-15 13:26:15',	NULL,	NULL),
(271,	'Africa Region Accounting system request workflow',	'APOW-23771',	67,	2,	44,	'2020-12-16',	44,	'2020-12-16 04:06:30',	NULL,	NULL),
(272,	'Kenya Accounting System request workflow',	'APOW-38336',	67,	3,	44,	'2020-12-16',	44,	'2020-12-16 04:06:30',	NULL,	NULL),
(273,	'Tanzania Accounting System request workflow',	'APOW-35947',	67,	4,	44,	'2020-12-16',	44,	'2020-12-16 04:06:30',	NULL,	NULL),
(274,	'Africa Region Accounting system journal workflow',	'APOW-79763',	38,	2,	44,	'2020-12-16',	44,	'2020-12-16 04:16:13',	NULL,	NULL),
(275,	'Kenya Accounting System journal workflow',	'APOW-14148',	38,	3,	44,	'2020-12-16',	44,	'2020-12-16 04:16:13',	NULL,	NULL),
(276,	'Tanzania Accounting System journal workflow',	'APOW-89245',	38,	4,	44,	'2020-12-16',	44,	'2020-12-16 04:16:13',	NULL,	NULL),
(277,	'Africa Region Accounting system financial report workflow',	'APOW-22828',	33,	2,	41,	'2020-12-16',	41,	'2020-12-16 12:59:10',	NULL,	NULL),
(278,	'Kenya Accounting System financial report workflow',	'APOW-16271',	33,	3,	41,	'2020-12-16',	41,	'2020-12-16 12:59:10',	NULL,	NULL),
(279,	'Tanzania Accounting System financial report workflow',	'APOW-41932',	33,	4,	41,	'2020-12-16',	41,	'2020-12-16 12:59:10',	NULL,	NULL),
(280,	'Global Account System cheque injection workflow',	'APOW-54161',	101,	1,	1,	'2021-01-25',	1,	'2021-01-25 07:17:17',	NULL,	NULL),
(281,	'Africa Region Accounting system cheque injection workflow',	'APOW-4631',	101,	2,	1,	'2021-01-25',	1,	'2021-01-25 07:17:17',	NULL,	NULL),
(282,	'Kenya Accounting System cheque injection workflow',	'APOW-34989',	101,	3,	1,	'2021-01-25',	1,	'2021-01-25 07:17:17',	NULL,	NULL),
(283,	'Tanzania Accounting System cheque injection workflow',	'APOW-10628',	101,	4,	1,	'2021-01-25',	1,	'2021-01-25 07:17:17',	NULL,	NULL),
(284,	'Global Account System expense account office association workflow',	'APOW-9017',	102,	1,	1,	'2021-01-25',	1,	'2021-01-25 07:17:18',	NULL,	NULL),
(285,	'Africa Region Accounting system expense account office association workflow',	'APOW-35301',	102,	2,	1,	'2021-01-25',	1,	'2021-01-25 07:17:18',	NULL,	NULL),
(286,	'Kenya Accounting System expense account office association workflow',	'APOW-88165',	102,	3,	1,	'2021-01-25',	1,	'2021-01-25 07:17:18',	NULL,	NULL),
(287,	'Tanzania Accounting System expense account office association workflow',	'APOW-45327',	102,	4,	1,	'2021-01-25',	1,	'2021-01-25 07:17:18',	NULL,	NULL),
(288,	'Global Account System user switch workflow',	'APOW-5516',	103,	1,	1,	'2021-01-25',	1,	'2021-01-25 07:17:19',	NULL,	NULL),
(289,	'Africa Region Accounting system user switch workflow',	'APOW-11106',	103,	2,	1,	'2021-01-25',	1,	'2021-01-25 07:17:19',	NULL,	NULL),
(290,	'Kenya Accounting System user switch workflow',	'APOW-52074',	103,	3,	1,	'2021-01-25',	1,	'2021-01-25 07:17:19',	NULL,	NULL),
(291,	'Tanzania Accounting System user switch workflow',	'APOW-88529',	103,	4,	1,	'2021-01-25',	1,	'2021-01-25 07:17:19',	NULL,	NULL),
(292,	'Global Account System account system setting workflow',	'APOW-13213',	104,	1,	1,	'2021-01-25',	1,	'2021-01-25 10:27:27',	NULL,	NULL),
(293,	'Africa Region Accounting system account system setting workflow',	'APOW-11499',	104,	2,	1,	'2021-01-25',	1,	'2021-01-25 10:27:27',	NULL,	NULL),
(294,	'Kenya Accounting System account system setting workflow',	'APOW-47293',	104,	3,	1,	'2021-01-25',	1,	'2021-01-25 10:27:27',	NULL,	NULL),
(295,	'Tanzania Accounting System account system setting workflow',	'APOW-69626',	104,	4,	1,	'2021-01-25',	1,	'2021-01-25 10:27:27',	NULL,	NULL),
(296,	'Global Account System voucher signatory workflow',	'APOW-59649',	105,	1,	1,	'2021-01-26',	1,	'2021-01-26 08:27:47',	NULL,	NULL),
(297,	'Africa Region Accounting system voucher signatory workflow',	'APOW-19596',	105,	2,	1,	'2021-01-26',	1,	'2021-01-26 08:27:47',	NULL,	NULL),
(298,	'Kenya Accounting System voucher signatory workflow',	'APOW-48833',	105,	3,	1,	'2021-01-26',	1,	'2021-01-26 08:27:47',	NULL,	NULL),
(299,	'Tanzania Accounting System voucher signatory workflow',	'APOW-48121',	105,	4,	1,	'2021-01-26',	1,	'2021-01-26 08:27:47',	NULL,	NULL),
(300,	'Global Account System budget limit workflow',	'APOW-29072',	106,	1,	1,	'2021-01-29',	1,	'2021-01-29 06:18:58',	NULL,	NULL),
(301,	'Africa Region Accounting system budget limit workflow',	'APOW-85040',	106,	2,	1,	'2021-01-29',	1,	'2021-01-29 06:18:58',	NULL,	NULL),
(302,	'Kenya Accounting System budget limit workflow',	'APOW-25240',	106,	3,	1,	'2021-01-29',	1,	'2021-01-29 06:18:58',	NULL,	NULL),
(303,	'Tanzania Accounting System budget limit workflow',	'APOW-36998',	106,	4,	1,	'2021-01-29',	1,	'2021-01-29 06:18:58',	NULL,	NULL);

DROP TABLE IF EXISTS `approve_item`;
CREATE TABLE `approve_item` (
  `approve_item_id` int(100) NOT NULL AUTO_INCREMENT,
  `approve_item_track_number` varchar(100) NOT NULL,
  `approve_item_name` varchar(100) NOT NULL,
  `approve_item_is_active` int(5) NOT NULL,
  `approve_item_created_date` date NOT NULL,
  `approve_item_created_by` int(100) NOT NULL,
  `approve_item_last_modified_date` timestamp NOT NULL DEFAULT CURRENT_TIMESTAMP ON UPDATE CURRENT_TIMESTAMP,
  `approve_item_last_modified_by` int(100) NOT NULL,
  `fk_approval_id` int(100) DEFAULT NULL,
  `fk_status_id` int(100) DEFAULT NULL,
  PRIMARY KEY (`approve_item_id`),
  UNIQUE KEY `approve_item_name` (`approve_item_name`)
) ENGINE=InnoDB DEFAULT CHARSET=latin1;

INSERT INTO `approve_item` (`approve_item_id`, `approve_item_track_number`, `approve_item_name`, `approve_item_is_active`, `approve_item_created_date`, `approve_item_created_by`, `approve_item_last_modified_date`, `approve_item_last_modified_by`, `fk_approval_id`, `fk_status_id`) VALUES
(1,	'APEM-38919',	'account_system',	0,	'2020-08-20',	1,	'2020-08-20 12:01:48',	1,	NULL,	NULL),
(2,	'APEM-37055',	'approval',	0,	'2020-08-20',	1,	'2020-08-20 12:01:48',	1,	NULL,	NULL),
(3,	'APEM-42407',	'approval_flow',	0,	'2020-08-20',	1,	'2020-08-20 12:01:48',	1,	NULL,	NULL),
(4,	'APEM-56636',	'approve_item',	0,	'2020-08-20',	1,	'2020-08-20 12:01:48',	1,	NULL,	NULL),
(5,	'APEM-67430',	'bank',	0,	'2020-08-20',	1,	'2020-08-20 12:01:48',	1,	NULL,	NULL),
(6,	'APEM-58047',	'budget',	1,	'2020-08-20',	1,	'2020-12-15 03:39:47',	1,	NULL,	NULL),
(7,	'APEM-45112',	'budget_item',	1,	'2020-08-20',	1,	'2020-12-15 03:39:47',	1,	NULL,	NULL),
(8,	'APEM-33690',	'budget_item_detail',	0,	'2020-08-20',	1,	'2020-08-20 12:01:48',	1,	NULL,	NULL),
(9,	'APEM-86476',	'cheque_book',	1,	'2020-08-20',	1,	'2020-12-15 13:56:45',	1,	NULL,	NULL),
(10,	'APEM-56923',	'ci_sessions',	0,	'2020-08-20',	1,	'2020-08-20 12:01:48',	1,	NULL,	NULL),
(11,	'APEM-43269',	'context_center',	0,	'2020-08-20',	1,	'2020-08-20 12:01:48',	1,	NULL,	NULL),
(12,	'APEM-30022',	'context_center_user',	0,	'2020-08-20',	1,	'2020-08-20 12:01:48',	1,	NULL,	NULL),
(13,	'APEM-56388',	'context_cluster',	0,	'2020-08-20',	1,	'2020-08-20 12:01:48',	1,	NULL,	NULL),
(14,	'APEM-11860',	'context_cluster_user',	0,	'2020-08-20',	1,	'2020-08-20 12:01:48',	1,	NULL,	NULL),
(15,	'APEM-6531',	'context_cohort',	0,	'2020-08-20',	1,	'2020-08-20 12:01:48',	1,	NULL,	NULL),
(16,	'APEM-1432',	'context_cohort_user',	0,	'2020-08-20',	1,	'2020-08-20 12:01:48',	1,	NULL,	NULL),
(17,	'APEM-1767',	'context_country',	0,	'2020-08-20',	1,	'2020-08-20 12:01:48',	1,	NULL,	NULL),
(18,	'APEM-75077',	'context_country_user',	0,	'2020-08-20',	1,	'2020-08-20 12:01:48',	1,	NULL,	NULL),
(19,	'APEM-47140',	'context_definition',	0,	'2020-08-20',	1,	'2020-08-20 12:01:48',	1,	NULL,	NULL),
(20,	'APEM-31871',	'context_global',	0,	'2020-08-20',	1,	'2020-08-20 12:01:48',	1,	NULL,	NULL),
(21,	'APEM-37923',	'context_global_user',	0,	'2020-08-20',	1,	'2020-08-20 12:01:48',	1,	NULL,	NULL),
(22,	'APEM-1197',	'context_region',	0,	'2020-08-20',	1,	'2020-08-20 12:01:48',	1,	NULL,	NULL),
(23,	'APEM-18594',	'context_region_user',	0,	'2020-08-20',	1,	'2020-08-20 12:01:48',	1,	NULL,	NULL),
(24,	'APEM-36647',	'contra_account',	0,	'2020-08-20',	1,	'2020-08-20 12:01:48',	1,	NULL,	NULL),
(25,	'APEM-83189',	'country_currency',	0,	'2020-08-20',	1,	'2020-08-20 12:01:48',	1,	NULL,	NULL),
(26,	'APEM-6304',	'currency_conversion',	0,	'2020-08-20',	1,	'2020-08-20 12:01:48',	1,	NULL,	NULL),
(27,	'APEM-26186',	'currency_conversion_detail',	0,	'2020-08-20',	1,	'2020-08-20 12:01:48',	1,	NULL,	NULL),
(28,	'APEM-70886',	'dashboard',	0,	'2020-08-20',	1,	'2020-08-20 12:01:48',	1,	NULL,	NULL),
(29,	'APEM-35596',	'department',	0,	'2020-08-20',	1,	'2020-08-20 12:01:48',	1,	NULL,	NULL),
(30,	'APEM-41023',	'department_user',	0,	'2020-08-20',	1,	'2020-08-20 12:01:48',	1,	NULL,	NULL),
(31,	'APEM-21947',	'designation',	0,	'2020-08-20',	1,	'2020-08-20 12:01:48',	1,	NULL,	NULL),
(32,	'APEM-73482',	'expense_account',	0,	'2020-08-20',	1,	'2020-08-20 12:01:48',	1,	NULL,	NULL),
(33,	'APEM-79474',	'financial_report',	0,	'2020-08-20',	1,	'2020-08-20 12:01:48',	1,	NULL,	NULL),
(34,	'APEM-19734',	'funder',	0,	'2020-08-20',	1,	'2020-08-20 12:01:48',	1,	NULL,	NULL),
(35,	'APEM-82943',	'funding_status',	0,	'2020-08-20',	1,	'2020-08-20 12:01:48',	1,	NULL,	NULL),
(36,	'APEM-35272',	'history',	0,	'2020-08-20',	1,	'2020-08-20 12:01:48',	1,	NULL,	NULL),
(37,	'APEM-21647',	'income_account',	0,	'2020-08-20',	1,	'2020-08-20 12:01:48',	1,	NULL,	NULL),
(38,	'APEM-11753',	'journal',	0,	'2020-08-20',	1,	'2020-08-20 12:01:48',	1,	NULL,	NULL),
(39,	'APEM-62562',	'language',	0,	'2020-08-20',	1,	'2020-08-20 12:01:48',	1,	NULL,	NULL),
(40,	'APEM-49234',	'language_phrase',	0,	'2020-08-20',	1,	'2020-08-20 12:01:48',	1,	NULL,	NULL),
(41,	'APEM-80940',	'menu',	0,	'2020-08-20',	1,	'2020-08-20 12:01:48',	1,	NULL,	NULL),
(42,	'APEM-72423',	'menu_user_order',	0,	'2020-08-20',	1,	'2020-08-20 12:01:48',	1,	NULL,	NULL),
(43,	'APEM-66517',	'message',	0,	'2020-08-20',	1,	'2020-08-20 12:01:48',	1,	NULL,	NULL),
(44,	'APEM-57542',	'message_detail',	0,	'2020-08-20',	1,	'2020-08-20 12:01:48',	1,	NULL,	NULL),
(45,	'APEM-28284',	'month',	0,	'2020-08-20',	1,	'2020-08-20 12:01:49',	1,	NULL,	NULL),
(46,	'APEM-80820',	'office',	0,	'2020-08-20',	1,	'2020-08-20 12:01:49',	1,	NULL,	NULL),
(47,	'APEM-84293',	'office_bank',	0,	'2020-08-20',	1,	'2020-08-20 12:01:49',	1,	NULL,	NULL),
(48,	'APEM-89145',	'office_bank_project_allocation',	0,	'2020-08-20',	1,	'2020-08-20 12:01:49',	1,	NULL,	NULL),
(49,	'APEM-68941',	'office_cash',	0,	'2020-08-20',	1,	'2020-08-20 12:01:49',	1,	NULL,	NULL),
(50,	'APEM-46570',	'opening_allocation_balance',	0,	'2020-08-20',	1,	'2020-08-20 12:01:49',	1,	NULL,	NULL),
(51,	'APEM-79609',	'opening_bank_balance',	0,	'2020-08-20',	1,	'2020-08-20 12:01:49',	1,	NULL,	NULL),
(52,	'APEM-2773',	'opening_cash_balance',	0,	'2020-08-20',	1,	'2020-08-20 12:01:49',	1,	NULL,	NULL),
(53,	'APEM-62786',	'opening_deposit_transit',	0,	'2020-08-20',	1,	'2020-08-20 12:01:49',	1,	NULL,	NULL),
(54,	'APEM-48908',	'opening_fund_balance',	0,	'2020-08-20',	1,	'2020-08-20 12:01:49',	1,	NULL,	NULL),
(55,	'APEM-10110',	'opening_outstanding_cheque',	0,	'2020-08-20',	1,	'2020-08-20 12:01:49',	1,	NULL,	NULL),
(56,	'APEM-5476',	'page_view',	0,	'2020-08-20',	1,	'2020-08-20 12:01:49',	1,	NULL,	NULL),
(57,	'APEM-3052',	'page_view_condition',	0,	'2020-08-20',	1,	'2020-08-20 12:01:49',	1,	NULL,	NULL),
(58,	'APEM-85624',	'page_view_role',	0,	'2020-08-20',	1,	'2020-08-20 12:01:49',	1,	NULL,	NULL),
(59,	'APEM-32124',	'permission',	0,	'2020-08-20',	1,	'2020-08-20 12:01:49',	1,	NULL,	NULL),
(60,	'APEM-70201',	'permission_label',	0,	'2020-08-20',	1,	'2020-08-20 12:01:49',	1,	NULL,	NULL),
(61,	'APEM-78158',	'project',	0,	'2020-08-20',	1,	'2020-08-20 12:01:49',	1,	NULL,	NULL),
(62,	'APEM-89865',	'project_allocation',	0,	'2020-08-20',	1,	'2020-08-20 12:01:49',	1,	NULL,	NULL),
(63,	'APEM-13305',	'project_allocation_detail',	0,	'2020-08-20',	1,	'2020-08-20 12:01:49',	1,	NULL,	NULL),
(64,	'APEM-11319',	'project_cost_proportion',	0,	'2020-08-20',	1,	'2020-08-20 12:01:49',	1,	NULL,	NULL),
(65,	'APEM-89415',	'project_income_account',	0,	'2020-08-20',	1,	'2020-08-20 12:01:49',	1,	NULL,	NULL),
(66,	'APEM-65124',	'reconciliation',	0,	'2020-08-20',	1,	'2020-08-20 12:01:49',	1,	NULL,	NULL),
(67,	'APEM-40510',	'request',	0,	'2020-08-20',	1,	'2020-08-20 12:01:49',	1,	NULL,	NULL),
(68,	'APEM-14430',	'request_conversion',	0,	'2020-08-20',	1,	'2020-08-20 12:01:49',	1,	NULL,	NULL),
(69,	'APEM-17513',	'request_detail',	0,	'2020-08-20',	1,	'2020-08-20 12:01:49',	1,	NULL,	NULL),
(70,	'APEM-38176',	'request_type',	0,	'2020-08-20',	1,	'2020-08-20 12:01:49',	1,	NULL,	NULL),
(71,	'APEM-22741',	'role',	0,	'2020-08-20',	1,	'2020-08-20 12:01:49',	1,	NULL,	NULL),
(72,	'APEM-6478',	'role_permission',	0,	'2020-08-20',	1,	'2020-08-20 12:01:49',	1,	NULL,	NULL),
(73,	'APEM-84192',	'setting',	0,	'2020-08-20',	1,	'2020-08-20 12:01:49',	1,	NULL,	NULL),
(74,	'APEM-56900',	'status',	0,	'2020-08-20',	1,	'2020-08-20 12:01:49',	1,	NULL,	NULL),
(75,	'APEM-85567',	'status_role',	0,	'2020-08-20',	1,	'2020-08-20 12:01:49',	1,	NULL,	NULL),
(76,	'APEM-34999',	'system_opening_balance',	0,	'2020-08-20',	1,	'2020-08-20 12:01:49',	1,	NULL,	NULL),
(77,	'APEM-48004',	'translation',	0,	'2020-08-20',	1,	'2020-08-20 12:01:49',	1,	NULL,	NULL),
(78,	'APEM-5651',	'user',	0,	'2020-08-20',	1,	'2020-08-20 12:01:49',	1,	NULL,	NULL),
(79,	'APEM-11745',	'variance_note',	0,	'2020-08-20',	1,	'2020-08-20 12:01:49',	1,	NULL,	NULL),
(80,	'APEM-70404',	'voucher',	0,	'2020-08-20',	1,	'2020-08-20 12:01:49',	1,	NULL,	NULL),
(81,	'APEM-88506',	'voucher_detail',	0,	'2020-08-20',	1,	'2020-08-20 12:01:49',	1,	NULL,	NULL),
(82,	'APEM-10001',	'voucher_type',	0,	'2020-08-20',	1,	'2020-08-20 12:01:49',	1,	NULL,	NULL),
(83,	'APEM-44972',	'voucher_type_account',	0,	'2020-08-20',	1,	'2020-08-20 12:01:49',	1,	NULL,	NULL),
(84,	'APEM-76426',	'voucher_type_effect',	0,	'2020-08-20',	1,	'2020-08-20 12:01:49',	1,	NULL,	NULL),
(85,	'APEM-49563',	'workplan',	0,	'2020-08-20',	1,	'2020-08-20 12:01:49',	1,	NULL,	NULL),
(86,	'APEM-18091',	'workplan_task',	0,	'2020-08-20',	1,	'2020-08-20 12:01:49',	1,	NULL,	NULL),
(87,	'APEM-40159',	'attachment',	0,	'2020-11-03',	1,	'2020-11-03 08:32:26',	1,	NULL,	NULL),
(88,	'APEM-89195',	'budget_review_count',	0,	'2020-11-03',	1,	'2020-11-03 08:32:26',	1,	NULL,	NULL),
(89,	'APEM-72081',	'budget_tag',	0,	'2020-11-03',	1,	'2020-11-03 08:32:26',	1,	NULL,	NULL),
(90,	'APEM-8871',	'event',	0,	'2020-11-03',	1,	'2020-11-03 08:32:27',	1,	NULL,	NULL),
(91,	'APEM-35624',	'permission_template',	0,	'2020-12-04',	1,	'2020-12-04 09:40:09',	1,	NULL,	NULL),
(92,	'APEM-12145',	'role_group',	0,	'2020-12-04',	1,	'2020-12-04 09:40:09',	1,	NULL,	NULL),
(93,	'APEM-30404',	'role_group_association',	0,	'2020-12-04',	1,	'2020-12-04 09:56:50',	1,	NULL,	NULL),
(94,	'APEM-78501',	'cash_recipient_account',	0,	'2020-12-09',	1,	'2020-12-09 10:13:56',	1,	NULL,	NULL),
(95,	'APEM-5899',	'project_request_type',	0,	'2020-12-09',	1,	'2020-12-09 10:13:57',	1,	NULL,	NULL),
(96,	'APEM-31310',	'request_type_department',	0,	'2020-12-09',	1,	'2020-12-09 10:13:57',	1,	NULL,	NULL),
(97,	'APEM-33287',	'budget_projection',	0,	'2020-12-15',	12,	'2020-12-15 04:10:36',	12,	NULL,	NULL),
(98,	'APEM-41433',	'budget_projection_income_account',	0,	'2020-12-15',	12,	'2020-12-15 04:10:37',	12,	NULL,	NULL),
(99,	'APEM-14738',	'office_group',	0,	'2020-12-15',	12,	'2020-12-15 04:10:37',	12,	NULL,	NULL),
(100,	'APEM-6490',	'office_group_association',	0,	'2020-12-15',	12,	'2020-12-15 04:10:37',	12,	NULL,	NULL),
(101,	'APEM-27169',	'cheque_injection',	0,	'2021-01-25',	1,	'2021-01-25 07:17:17',	1,	NULL,	NULL),
(102,	'APEM-52658',	'expense_account_office_association',	0,	'2021-01-25',	1,	'2021-01-25 07:17:18',	1,	NULL,	NULL),
(103,	'APEM-18951',	'user_switch',	0,	'2021-01-25',	1,	'2021-01-25 07:17:19',	1,	NULL,	NULL),
(104,	'APEM-47630',	'account_system_setting',	0,	'2021-01-25',	1,	'2021-01-25 10:27:27',	1,	NULL,	NULL),
(105,	'APEM-75593',	'voucher_signatory',	0,	'2021-01-26',	1,	'2021-01-26 08:27:47',	1,	NULL,	NULL),
(106,	'APEM-5221',	'budget_limit',	0,	'2021-01-29',	1,	'2021-01-29 06:18:58',	1,	NULL,	NULL);

DROP TABLE IF EXISTS `attachment`;
CREATE TABLE `attachment` (
  `attachment_id` int(100) NOT NULL AUTO_INCREMENT,
  `attachment_name` varchar(100) NOT NULL,
  `attachment_track_number` varchar(100) NOT NULL,
  `attachment_size` int(100) NOT NULL,
  `attachment_file_type` varchar(100) NOT NULL,
  `attachment_url` longtext NOT NULL,
  `fk_approve_item_id` int(100) NOT NULL,
  `attachment_primary_id` int(100) NOT NULL,
  `attachment_is_s3_upload` int(5) NOT NULL DEFAULT '0',
  `attachment_created_date` date NOT NULL,
  `attachment_created_by` int(100) NOT NULL,
  `attachment_last_modified_date` timestamp NOT NULL DEFAULT CURRENT_TIMESTAMP,
  `attachment_last_modified_by` int(100) NOT NULL,
  `fk_approval_id` int(100) DEFAULT NULL,
  `fk_status_id` int(100) DEFAULT NULL,
  PRIMARY KEY (`attachment_id`),
  KEY `fk_approve_item_id` (`fk_approve_item_id`),
  CONSTRAINT `attachment_ibfk_1` FOREIGN KEY (`fk_approve_item_id`) REFERENCES `approve_item` (`approve_item_id`)
) ENGINE=InnoDB DEFAULT CHARSET=latin1;

INSERT INTO `attachment` (`attachment_id`, `attachment_name`, `attachment_track_number`, `attachment_size`, `attachment_file_type`, `attachment_url`, `fk_approve_item_id`, `attachment_primary_id`, `attachment_is_s3_upload`, `attachment_created_date`, `attachment_created_by`, `attachment_last_modified_date`, `attachment_last_modified_by`, `fk_approval_id`, `fk_status_id`) VALUES
(1,	'Receipt 1.pdf',	'ATNT-66015',	72759,	'application/pdf',	'uploads/attachments/reconciliation/1/14',	66,	1,	1,	'2020-12-17',	41,	'2020-12-17 07:09:43',	41,	3205,	0),
(2,	'TZ0600 MIN FUND BALANCE FOR NOVEMBER 2020.pdf',	'ATNT-86370',	689571,	'application/pdf',	'uploads/attachments/reconciliation/3/9',	66,	3,	1,	'2020-12-17',	18,	'2020-12-17 08:59:40',	18,	3348,	0),
(3,	'MFR DEC 2020 FundBalancesSummaryReport.pdf',	'ATNT-49509',	73930,	'application/pdf',	'uploads/attachments/reconciliation/2/12',	66,	2,	1,	'2020-12-17',	15,	'2020-12-17 11:23:00',	15,	3368,	0),
(4,	'TZ 0100 FUND BALANCE JUNE 15 2020 AND MIN BANK STATEMENT.pdf',	'ATNT-76022',	1180348,	'application/pdf',	'uploads/attachments/reconciliation/7/3',	66,	7,	1,	'2020-12-17',	23,	'2020-12-17 11:23:06',	23,	3370,	0),
(5,	'page 6.pdf',	'ATNT-36425',	344827,	'application/pdf',	'uploads/attachments/reconciliation/9/4',	66,	9,	1,	'2020-12-17',	40,	'2020-12-17 11:23:11',	40,	3372,	0),
(6,	'PPV NO 62.pdf',	'ATNT-52643',	753130,	'application/pdf',	'uploads/attachments/reconciliation/6/8',	66,	6,	1,	'2020-12-17',	27,	'2020-12-17 11:23:16',	27,	3374,	0),
(7,	'TZ0100 FUND BALANCE AS AT 15 th Dec 2020.pdf',	'ATNT-64473',	1155824,	'application/pdf',	'uploads/attachments/reconciliation/7/3',	66,	7,	1,	'2020-12-17',	22,	'2020-12-17 11:23:22',	22,	3376,	0),
(8,	'84474126_1947028162100841_3386731190642802688_o.jpg',	'ATNT-34140',	207686,	'image/jpeg',	'uploads/attachments/reconciliation/8/7',	66,	8,	1,	'2020-12-17',	34,	'2020-12-17 11:23:38',	34,	3378,	0),
(9,	'94041_attachment_200 (1).pdf',	'ATNT-25669',	117548,	'application/pdf',	'uploads/attachments/reconciliation/3/9',	66,	3,	1,	'2020-12-17',	18,	'2020-12-17 11:23:41',	18,	3380,	0),
(10,	'IMG-20201020-WA0003.jpg',	'ATNT-70107',	74341,	'image/jpeg',	'uploads/attachments/reconciliation/9/4',	66,	9,	1,	'2020-12-17',	39,	'2020-12-17 11:24:27',	39,	3382,	0),
(11,	'BANK STATEMENT.pdf',	'ATNT-52018',	303798,	'application/pdf',	'uploads/attachments/reconciliation/8/7',	66,	8,	1,	'2020-12-17',	33,	'2020-12-17 11:25:14',	33,	3384,	0),
(12,	'P1010253.JPG',	'ATNT-7621',	293313,	'image/jpeg',	'uploads/attachments/reconciliation/9/4',	66,	9,	1,	'2020-12-17',	40,	'2020-12-17 11:25:22',	40,	3386,	0),
(13,	'IMG-20201020-WA0004.jpg',	'ATNT-39917',	44133,	'image/jpeg',	'uploads/attachments/reconciliation/9/4',	66,	9,	1,	'2020-12-17',	39,	'2020-12-17 11:26:39',	39,	3389,	0),
(14,	'Welcome Scan.jpg',	'ATNT-10895',	516424,	'image/jpeg',	'uploads/attachments/reconciliation/4/5',	66,	4,	1,	'2020-12-17',	26,	'2020-12-17 11:27:12',	26,	3391,	0),
(15,	'PPV NO 67.pdf',	'ATNT-34050',	538479,	'application/pdf',	'uploads/attachments/reconciliation/6/8',	66,	6,	1,	'2020-12-17',	27,	'2020-12-17 11:27:24',	27,	3393,	0),
(16,	'TZ0303 Partner Plan FY 21 Final.pdf',	'ATNT-31621',	224342,	'application/pdf',	'uploads/attachments/reconciliation/2/12',	66,	2,	1,	'2020-12-17',	13,	'2020-12-17 11:27:56',	13,	3395,	0),
(17,	'bank statement 2.pdf',	'ATNT-60396',	1477274,	'application/pdf',	'uploads/attachments/reconciliation/10/6',	66,	10,	1,	'2020-12-17',	30,	'2020-12-17 11:30:17',	30,	3397,	0),
(18,	'ENGLISH F1.pdf',	'ATNT-50726',	30088,	'application/pdf',	'uploads/attachments/reconciliation/5/11',	66,	5,	1,	'2020-12-17',	17,	'2020-12-17 11:43:18',	17,	3399,	0),
(19,	'ActualVsBudgetReport JUNE 2020.pdf',	'ATNT-49412',	58062,	'application/pdf',	'uploads/attachments/reconciliation/5/11',	66,	5,	1,	'2020-12-17',	16,	'2020-12-17 11:49:40',	16,	3401,	0),
(20,	'Support Funding By Beneficiary.pdf',	'ATNT-36838',	129109,	'application/pdf',	'uploads/attachments/reconciliation/11/10',	66,	11,	1,	'2020-12-17',	37,	'2020-12-17 11:49:48',	37,	3403,	0),
(21,	'TZ 0100 FUND BALANCE JUNE 15 2020 AND MIN BANK STATEMENT.pdf',	'ATNT-37248',	1180348,	'application/pdf',	'uploads/attachments/reconciliation/12/3',	66,	12,	1,	'2020-12-17',	23,	'2020-12-17 12:51:26',	23,	3520,	0),
(22,	'ICP Disbursement Summary  FOR IGAS.pdf',	'ATNT-53199',	57316,	'application/pdf',	'uploads/attachments/reconciliation/13/5',	66,	13,	1,	'2020-12-17',	24,	'2020-12-17 13:05:10',	24,	3599,	0),
(23,	'PPV NO 67.pdf',	'ATNT-78375',	538479,	'application/pdf',	'uploads/attachments/reconciliation/15/8',	66,	15,	1,	'2020-12-17',	27,	'2020-12-17 13:13:03',	27,	3610,	0),
(24,	'Transactions by Expense Code Report JUNE 2020.pdf',	'ATNT-17729',	62114,	'application/pdf',	'uploads/attachments/reconciliation/14/11',	66,	14,	1,	'2020-12-17',	16,	'2020-12-17 13:14:33',	16,	3614,	0),
(25,	'TZ0600 MIN FUND BALANCE FOR DECEMBER 2020.pdf',	'ATNT-53696',	705407,	'application/pdf',	'uploads/attachments/reconciliation/16/9',	66,	16,	1,	'2020-12-18',	18,	'2020-12-18 07:02:44',	18,	3617,	0);

DROP TABLE IF EXISTS `bank`;
CREATE TABLE `bank` (
  `bank_id` int(100) NOT NULL AUTO_INCREMENT,
  `bank_track_number` varchar(100) DEFAULT NULL,
  `bank_name` varchar(45) DEFAULT NULL,
  `bank_swift_code` varchar(45) DEFAULT NULL,
  `bank_is_active` int(5) NOT NULL DEFAULT '1',
  `fk_account_system_id` int(100) NOT NULL DEFAULT '1',
  `bank_created_date` date DEFAULT NULL,
  `bank_created_by` int(100) DEFAULT NULL,
  `bank_last_modified_date` timestamp NOT NULL DEFAULT CURRENT_TIMESTAMP,
  `bank_last_modified_by` int(100) DEFAULT NULL,
  `fk_approval_id` int(100) DEFAULT NULL,
  `fk_status_id` int(100) DEFAULT NULL,
  PRIMARY KEY (`bank_id`)
) ENGINE=InnoDB DEFAULT CHARSET=latin1 COMMENT='This table list all the banks for centers';

INSERT INTO `bank` (`bank_id`, `bank_track_number`, `bank_name`, `bank_swift_code`, `bank_is_active`, `fk_account_system_id`, `bank_created_date`, `bank_created_by`, `bank_last_modified_date`, `bank_last_modified_by`, `fk_approval_id`, `fk_status_id`) VALUES
(1,	'BANK-39282',	'KCB',	'KCB566F',	1,	2,	'2020-08-21',	1,	'2020-08-21 07:50:45',	1,	299,	3),
(2,	'BANK-25772',	'CRDB PLC',	'CRDBPLC',	1,	4,	'2020-08-25',	4,	'2020-08-25 08:43:57',	4,	372,	3),
(5,	'BANK-49228',	'Cooperative Bank',	'COOP34',	1,	3,	'2020-08-27',	1,	'2020-08-27 00:07:49',	1,	376,	3),
(6,	'BANK-34092',	'EXIM BANK',	'EXIM',	1,	4,	'2020-12-10',	11,	'2020-12-10 10:55:36',	11,	857,	300),
(7,	'BANK-62706',	'STANDARD CHARTERED BANK',	'STANDARD',	1,	4,	'2020-12-10',	11,	'2020-12-10 10:56:46',	11,	858,	300),
(8,	'BANK-1460',	'NCBA',	'NCBA',	1,	3,	'2020-12-11',	1,	'2020-12-11 10:19:06',	1,	981,	297);

DROP TABLE IF EXISTS `budget`;
CREATE TABLE `budget` (
  `budget_id` int(100) NOT NULL AUTO_INCREMENT,
  `budget_track_number` varchar(45) DEFAULT NULL,
  `budget_name` varchar(100) DEFAULT NULL,
  `fk_office_id` int(100) DEFAULT NULL,
  `fk_budget_tag_id` int(100) DEFAULT NULL,
  `fk_approval_id` int(11) DEFAULT '0',
  `fk_status_id` int(11) DEFAULT '0',
  `budget_year` int(5) DEFAULT NULL,
  `budget_created_by` int(100) DEFAULT NULL,
  `budget_created_date` date DEFAULT NULL,
  `budget_last_modified_by` int(100) DEFAULT NULL,
  `budget_last_modified_date` date DEFAULT NULL,
  PRIMARY KEY (`budget_id`),
  KEY `fk_budget_center1_idx` (`fk_office_id`),
  KEY `fk_budget_tag_id` (`fk_budget_tag_id`),
  CONSTRAINT `budget_ibfk_1` FOREIGN KEY (`fk_office_id`) REFERENCES `office` (`office_id`),
  CONSTRAINT `budget_ibfk_2` FOREIGN KEY (`fk_budget_tag_id`) REFERENCES `budget_tag` (`budget_tag_id`)
) ENGINE=InnoDB DEFAULT CHARSET=latin1 COMMENT='This table holds the budget items by activity';

INSERT INTO `budget` (`budget_id`, `budget_track_number`, `budget_name`, `fk_office_id`, `fk_budget_tag_id`, `fk_approval_id`, `fk_status_id`, `budget_year`, `budget_created_by`, `budget_created_date`, `budget_last_modified_by`, `budget_last_modified_date`) VALUES
(3,	'BUET-4356',	'Budget # BUET-4356',	34,	6,	1188,	201,	21,	47,	'2020-12-15',	47,	NULL),
(5,	'BUET-16494',	'Budget # BUET-16494',	28,	2,	1248,	202,	21,	40,	'2020-12-15',	40,	NULL),
(8,	'BUET-82706',	'Budget # BUET-82706',	25,	2,	1252,	202,	21,	31,	'2020-12-15',	31,	NULL),
(11,	'BUET-78582',	'Budget # BUET-78582',	24,	2,	1256,	202,	22,	27,	'2020-12-15',	27,	NULL),
(12,	'BUET-46791',	'Budget # BUET-46791',	21,	2,	1258,	202,	22,	19,	'2020-12-15',	19,	NULL),
(13,	'BUET-43049',	'Budget # BUET-43049',	26,	2,	1260,	202,	22,	33,	'2020-12-15',	33,	NULL),
(16,	'BUET-22727',	'Budget # BUET-22727',	22,	2,	1264,	202,	22,	22,	'2020-12-15',	22,	NULL),
(17,	'BUET-86746',	'Budget # BUET-86746',	20,	3,	1266,	202,	23,	12,	'2020-12-15',	12,	NULL),
(19,	'BUET-71524',	'Budget # BUET-71524',	25,	2,	1269,	202,	22,	30,	'2020-12-15',	30,	NULL),
(20,	'BUET-58325',	'Budget # BUET-58325',	22,	3,	1271,	202,	21,	23,	'2020-12-15',	23,	NULL),
(21,	'BUET-28224',	'Budget # BUET-28224',	27,	2,	1273,	202,	22,	35,	'2020-12-15',	35,	NULL),
(23,	'BUET-51451',	'Budget # BUET-51451',	23,	2,	1276,	202,	22,	25,	'2020-12-15',	25,	NULL),
(26,	'BUET-63027',	'Budget # BUET-63027',	20,	2,	1280,	202,	21,	16,	'2020-12-15',	16,	NULL),
(28,	'BUET-59708',	'Budget # BUET-59708',	19,	2,	1283,	202,	22,	15,	'2020-12-15',	15,	NULL),
(40,	'BUET-24481',	'Budget # BUET-24481',	28,	2,	2232,	202,	23,	40,	'2020-12-15',	40,	NULL),
(42,	'BUET-21025',	'Budget # BUET-21025',	22,	3,	2235,	202,	22,	22,	'2020-12-15',	22,	NULL),
(49,	'BUET-45426',	'Budget # BUET-45426',	23,	3,	2308,	202,	22,	25,	'2020-12-15',	25,	NULL),
(50,	'BUET-31909',	'Budget # BUET-31909',	27,	2,	2362,	202,	21,	37,	'2020-12-15',	37,	NULL),
(51,	'BUET-52877',	'Budget # BUET-52877',	21,	3,	2365,	202,	22,	19,	'2020-12-15',	19,	NULL),
(53,	'BUET-58128',	'Budget # BUET-58128',	20,	2,	2472,	202,	20,	17,	'2020-12-15',	17,	NULL),
(55,	'BUET-67544',	'Budget # BUET-67544',	26,	3,	2475,	202,	22,	34,	'2020-12-15',	34,	NULL),
(57,	'BUET-34140',	'Budget # BUET-34140',	19,	2,	2543,	202,	21,	15,	'2020-12-15',	15,	NULL),
(59,	'BUET-62632',	'Budget # BUET-62632',	26,	2,	2546,	202,	23,	34,	'2020-12-15',	34,	NULL),
(60,	'BUET-20610',	'Budget # BUET-20610',	31,	2,	2548,	202,	21,	44,	'2020-12-15',	44,	NULL),
(61,	'BUET-45275',	'Budget # BUET-45275',	25,	3,	2654,	202,	22,	32,	'2020-12-15',	32,	NULL),
(63,	'BUET-5999',	'Budget # BUET-5999',	21,	3,	3635,	202,	21,	18,	'2020-12-18',	18,	NULL),
(64,	'BUET-14064',	'Budget # BUET-14064',	27,	3,	3741,	202,	21,	35,	'2021-01-29',	35,	NULL);

DROP TABLE IF EXISTS `budget_item`;
CREATE TABLE `budget_item` (
  `budget_item_id` int(100) NOT NULL AUTO_INCREMENT,
  `budget_item_track_number` varchar(100) DEFAULT NULL,
  `budget_item_name` varchar(100) DEFAULT NULL,
  `fk_budget_id` int(100) DEFAULT NULL,
  `budget_item_total_cost` int(50) DEFAULT NULL,
  `fk_expense_account_id` int(100) DEFAULT NULL,
  `budget_item_description` longtext,
  `budget_item_quantity` int(10) NOT NULL DEFAULT '0',
  `budget_item_unit_cost` decimal(10,2) NOT NULL DEFAULT '0.00',
  `budget_item_often` int(10) NOT NULL DEFAULT '1',
  `fk_status_id` int(11) DEFAULT '0',
  `fk_approval_id` int(11) DEFAULT '0',
  `fk_project_allocation_id` int(100) DEFAULT NULL,
  `budget_item_created_by` int(100) DEFAULT NULL,
  `budget_item_last_modified_by` int(11) DEFAULT NULL,
  `budget_item_created_date` date DEFAULT NULL,
  `budget_item_last_modified_date` timestamp NOT NULL DEFAULT '0000-00-00 00:00:00',
  PRIMARY KEY (`budget_item_id`),
  KEY `fk_budget_detail_id_expense_account_id_idx` (`fk_expense_account_id`),
  KEY `fk_budget_detail_budget_id_idx` (`fk_budget_id`),
  KEY `fk_project_allocation_id` (`fk_project_allocation_id`),
  KEY `fk_status_id` (`fk_status_id`),
  KEY `fk_approval_id` (`fk_approval_id`),
  CONSTRAINT `budget_item_ibfk_1` FOREIGN KEY (`fk_project_allocation_id`) REFERENCES `project_allocation` (`project_allocation_id`),
  CONSTRAINT `budget_item_ibfk_2` FOREIGN KEY (`fk_status_id`) REFERENCES `status` (`status_id`),
  CONSTRAINT `budget_item_ibfk_3` FOREIGN KEY (`fk_approval_id`) REFERENCES `approval` (`approval_id`),
  CONSTRAINT `fk_budget_detail_budget_id` FOREIGN KEY (`fk_budget_id`) REFERENCES `budget` (`budget_id`) ON DELETE NO ACTION ON UPDATE CASCADE,
  CONSTRAINT `fk_budget_detail_id_expense_account_id` FOREIGN KEY (`fk_expense_account_id`) REFERENCES `expense_account` (`expense_account_id`) ON DELETE NO ACTION ON UPDATE NO ACTION
) ENGINE=InnoDB DEFAULT CHARSET=latin1 COMMENT='This hold activties and their budgeted cost';

INSERT INTO `budget_item` (`budget_item_id`, `budget_item_track_number`, `budget_item_name`, `fk_budget_id`, `budget_item_total_cost`, `fk_expense_account_id`, `budget_item_description`, `budget_item_quantity`, `budget_item_unit_cost`, `budget_item_often`, `fk_status_id`, `fk_approval_id`, `fk_project_allocation_id`, `budget_item_created_by`, `budget_item_last_modified_by`, `budget_item_created_date`, `budget_item_last_modified_date`) VALUES
(4,	'BUEM-44084',	'Budget_item # BUEM-36763',	3,	100000,	1,	'School Uniform',	1,	100000.00,	1,	347,	1212,	47,	47,	47,	'2020-12-15',	'0000-00-00 00:00:00'),
(5,	'BUEM-39089',	'Budget_item # BUEM-42315',	3,	40000,	2,	'Office Chair',	2,	20000.00,	1,	347,	1227,	47,	47,	47,	'2020-12-15',	'0000-00-00 00:00:00'),
(6,	'BUEM-2376',	'Budget_item # BUEM-56681',	17,	400000,	28,	'school shoes',	20,	20000.00,	1,	349,	1286,	15,	17,	17,	'2020-12-15',	'0000-00-00 00:00:00'),
(7,	'BUEM-42630',	'Budget_item # BUEM-75248',	13,	400000,	28,	'school uniform',	20,	20000.00,	2,	349,	1300,	11,	34,	34,	'2020-12-15',	'0000-00-00 00:00:00'),
(8,	'BUEM-32790',	'Budget_item # BUEM-68539',	5,	1490000,	28,	'Primary School fees for 100 students in government school to cover meals and tutorial class.',	100,	7450.00,	2,	349,	1313,	8,	38,	38,	'2020-12-15',	'0000-00-00 00:00:00'),
(9,	'BUEM-43397',	'Budget_item # BUEM-41659',	13,	1490000,	28,	'Primary school fees for beneficiaries who are in government schools.',	100,	7450.00,	2,	349,	1326,	11,	33,	33,	'2020-12-15',	'0000-00-00 00:00:00'),
(10,	'BUEM-3188',	'Budget_item # BUEM-34017',	11,	1490000,	28,	'Primary School fees and other school contributions   for students studying at Kiurey, Leovolosi, Ilboru, Kiranyi and Kaloleni Primary School.',	100,	7450.00,	2,	349,	1339,	12,	27,	27,	'2020-12-15',	'0000-00-00 00:00:00'),
(11,	'BUEM-8930',	'Budget_item # BUEM-79604',	5,	1490000,	28,	'Primary School fees paid to Ngarenaro Primary School for class seven students',	100,	7450.00,	2,	349,	1352,	8,	40,	40,	'2020-12-15',	'0000-00-00 00:00:00'),
(12,	'BUEM-10145',	'Budget_item # BUEM-52934',	8,	1490000,	28,	'payment of Primary school for two students- No 00329 and 00330 ',	100,	7450.00,	2,	349,	1365,	10,	31,	31,	'2020-12-15',	'0000-00-00 00:00:00'),
(13,	'BUEM-30571',	'Budget_item # BUEM-18355',	21,	1490000,	28,	'primary school fees to 100 beneficiaries',	100,	7450.00,	2,	349,	1378,	14,	35,	35,	'2020-12-15',	'0000-00-00 00:00:00'),
(14,	'BUEM-3910',	'Budget_item # BUEM-54019',	16,	1490000,	28,	'Primary School fees: Kindergarten Government School. To cover expenses for Porridge.   ',	100,	7450.00,	2,	349,	1391,	7,	22,	22,	'2020-12-15',	'0000-00-00 00:00:00'),
(15,	'BUEM-88932',	'Budget_item # BUEM-72190',	8,	745000,	28,	'Primary school fees',	100,	7450.00,	1,	349,	1394,	10,	30,	30,	'2020-12-15',	'0000-00-00 00:00:00'),
(16,	'BUEM-60477',	'Budget_item # BUEM-39430',	5,	1490000,	28,	'Primary School Fees',	100,	7450.00,	2,	349,	1417,	8,	39,	39,	'2020-12-15',	'0000-00-00 00:00:00'),
(17,	'BUEM-6823',	'Budget_item # BUEM-83245',	12,	1490000,	28,	'primary school fees ',	100,	7450.00,	2,	349,	1430,	13,	19,	19,	'2020-12-15',	'0000-00-00 00:00:00'),
(18,	'BUEM-32545',	'Budget_item # BUEM-65215',	21,	1490000,	28,	'primary school fees to 100 beneficiaries',	100,	7450.00,	2,	349,	1443,	14,	35,	35,	'2020-12-15',	'0000-00-00 00:00:00'),
(19,	'BUEM-82308',	'Budget_item # BUEM-1628',	17,	745000,	28,	'kijenge primary school fees for std seven students',	100,	7450.00,	1,	349,	1456,	15,	16,	16,	'2020-12-15',	'0000-00-00 00:00:00'),
(20,	'BUEM-38240',	'Budget_item # BUEM-40364',	20,	1490000,	28,	'primary school fees tutorial for candidate classes',	100,	7450.00,	2,	349,	1469,	7,	23,	23,	'2020-12-15',	'0000-00-00 00:00:00'),
(21,	'BUEM-68992',	'Budget_item # BUEM-46974',	21,	1490000,	28,	'Primary school fees ',	100,	7450.00,	2,	349,	1482,	14,	37,	37,	'2020-12-15',	'0000-00-00 00:00:00'),
(22,	'BUEM-61573',	'Budget_item # BUEM-14745',	28,	1490000,	28,	'PRIMARY SCHOOL FEES FOR 100 BENEFICIARIES AT THE CENTRE ',	100,	7450.00,	2,	349,	1495,	16,	15,	15,	'2020-12-15',	'0000-00-00 00:00:00'),
(23,	'BUEM-44629',	'Budget_item # BUEM-14085',	23,	1490000,	28,	'Payment of primary school fees standard one for 100 registered beneficiaries at Kijenge Lutheran student centre TZ0201',	100,	7450.00,	2,	349,	1508,	9,	24,	24,	'2020-12-15',	'0000-00-00 00:00:00'),
(24,	'BUEM-17775',	'Budget_item # BUEM-24168',	17,	1490000,	28,	'SCHOOL FEES FOR STD SEVEN STUDENTS AT KIMANDOLU PRIMARY',	100,	7450.00,	2,	349,	1521,	15,	12,	12,	'2020-12-15',	'0000-00-00 00:00:00'),
(25,	'BUEM-25985',	'Budget_item # BUEM-82564',	17,	745000,	28,	'school tuition fees for Kimaseki and Baraa secondary for form two and four ',	100,	7450.00,	2,	349,	1534,	15,	17,	17,	'2020-12-15',	'0000-00-00 00:00:00'),
(26,	'BUEM-59941',	'Budget_item # BUEM-31318',	16,	745000,	28,	'School fees for 100 students at different schools',	100,	7450.00,	1,	349,	1547,	7,	21,	21,	'2020-12-15',	'0000-00-00 00:00:00'),
(27,	'BUEM-18207',	'Budget_item # BUEM-15726',	17,	1490000,	NULL,	'school tuition fees for Kimaseki and Baraa secondary for form two and four ',	100,	7450.00,	2,	348,	1560,	15,	17,	17,	'2020-12-15',	'0000-00-00 00:00:00'),
(28,	'BUEM-82668',	'Budget_item # BUEM-36252',	12,	0,	36,	'none',	1,	200000.00,	1,	349,	1573,	13,	18,	18,	'2020-12-15',	'0000-00-00 00:00:00'),
(29,	'BUEM-41102',	'Budget_item # BUEM-89322',	17,	150000,	33,	'soap brooms and buckets for hand washing',	5,	5000.00,	6,	349,	1586,	15,	17,	17,	'2020-12-15',	'0000-00-00 00:00:00'),
(30,	'BUEM-23766',	'Budget_item # BUEM-6882',	17,	150000,	30,	'white notice boards',	3,	50000.00,	1,	349,	1599,	15,	17,	17,	'2020-12-15',	'0000-00-00 00:00:00'),
(31,	'BUEM-63633',	'Budget_item # BUEM-36635',	5,	100000,	30,	'White notice boards',	2,	50000.00,	1,	349,	1612,	8,	40,	40,	'2020-12-15',	'0000-00-00 00:00:00'),
(32,	'BUEM-45182',	'Budget_item # BUEM-51092',	8,	780000,	28,	'Preform one tutorial class',	26,	15000.00,	2,	349,	1625,	10,	30,	30,	'2020-12-15',	'0000-00-00 00:00:00'),
(33,	'BUEM-12281',	'Budget_item # BUEM-66059',	5,	1500000,	29,	'Advance school uniform',	150,	10000.00,	1,	349,	1638,	8,	39,	39,	'2020-12-15',	'0000-00-00 00:00:00'),
(34,	'BUEM-41681',	'Budget_item # BUEM-30220',	20,	1500000,	29,	'Advance school uniform',	150,	10000.00,	1,	349,	1651,	7,	23,	23,	'2020-12-15',	'0000-00-00 00:00:00'),
(35,	'BUEM-57035',	'Budget_item # BUEM-78864',	28,	1500000,	29,	'THIS IS FOR SCHOOL UNIFORM FOR 150 CENTRE BENEFICIARIES WHO   ARE IN ADVANCED SECONDARY',	150,	10000.00,	1,	349,	1664,	16,	15,	15,	'2020-12-15',	'0000-00-00 00:00:00'),
(36,	'BUEM-5762',	'Budget_item # BUEM-53468',	12,	1500000,	29,	'advance school uniform ',	150,	10000.00,	1,	349,	1677,	13,	19,	19,	'2020-12-15',	'0000-00-00 00:00:00'),
(37,	'BUEM-19025',	'Budget_item # BUEM-78250',	17,	1500000,	29,	'school uniforms',	150,	10000.00,	1,	349,	1690,	15,	16,	16,	'2020-12-15',	'0000-00-00 00:00:00'),
(38,	'BUEM-44352',	'Budget_item # BUEM-77933',	23,	1350000,	29,	'Purchase of school uniform for ninety beneficiaries',	90,	7500.00,	2,	349,	1703,	9,	25,	25,	'2020-12-15',	'0000-00-00 00:00:00'),
(39,	'BUEM-55418',	'Budget_item # BUEM-17359',	16,	184600,	30,	'Purchase books for better performance',	26,	7100.00,	1,	349,	1716,	7,	21,	21,	'2020-12-15',	'0000-00-00 00:00:00'),
(40,	'BUEM-26249',	'Budget_item # BUEM-82503',	12,	150000,	41,	'White Notice Board for Announcement',	3,	50000.00,	1,	349,	1729,	13,	18,	18,	'2020-12-15',	'0000-00-00 00:00:00'),
(41,	'BUEM-40628',	'Budget_item # BUEM-38794',	8,	3000000,	29,	'School uniforms for all advanced students',	150,	10000.00,	2,	349,	1742,	10,	31,	31,	'2020-12-15',	'0000-00-00 00:00:00'),
(42,	'BUEM-62500',	'Budget_item # BUEM-73458',	16,	150000,	30,	'White notes boards for saturated program classes ',	1,	50000.00,	3,	349,	1755,	7,	22,	22,	'2020-12-15',	'0000-00-00 00:00:00'),
(43,	'BUEM-13089',	'Budget_item # BUEM-84236',	21,	60000,	29,	'Special boots for college beneficiaries',	4,	15000.00,	1,	349,	1768,	14,	37,	37,	'2020-12-15',	'0000-00-00 00:00:00'),
(44,	'BUEM-57752',	'Budget_item # BUEM-48453',	5,	150000,	30,	'Beneficiary File shelf',	1,	150000.00,	1,	349,	1781,	8,	40,	40,	'2020-12-15',	'0000-00-00 00:00:00'),
(45,	'BUEM-3787',	'Budget_item # BUEM-9799',	13,	1500000,	29,	'Advanced school uniform',	150,	10000.00,	1,	349,	1794,	11,	34,	34,	'2020-12-15',	'0000-00-00 00:00:00'),
(46,	'BUEM-16852',	'Budget_item # BUEM-37712',	23,	369200,	28,	'Purchase of 26  library books review for form five students who are registered beneficiries at Kijenge Lutheran student centre TZ0201',	26,	7100.00,	2,	349,	1807,	9,	24,	24,	'2020-12-15',	'0000-00-00 00:00:00'),
(47,	'BUEM-51241',	'Budget_item # BUEM-80002',	17,	100000,	30,	'beneficiaries file shelf',	1,	100000.00,	1,	349,	1820,	15,	17,	17,	'2020-12-15',	'0000-00-00 00:00:00'),
(48,	'BUEM-7917',	'Budget_item # BUEM-28889',	21,	1380000,	28,	'counter books for advanced school beneficiaries',	184,	2500.00,	3,	349,	1833,	14,	35,	35,	'2020-12-15',	'0000-00-00 00:00:00'),
(49,	'BUEM-2830',	'Budget_item # BUEM-30334',	20,	700000,	29,	'Shoes for school benrficiaries',	100,	7000.00,	1,	349,	1846,	7,	23,	23,	'2020-12-15',	'0000-00-00 00:00:00'),
(50,	'BUEM-3796',	'Budget_item # BUEM-6172',	5,	700000,	29,	'Shoes for school',	100,	7000.00,	1,	349,	1859,	8,	39,	39,	'2020-12-15',	'0000-00-00 00:00:00'),
(51,	'BUEM-81306',	'Budget_item # BUEM-80752',	8,	780000,	28,	'Preform one tutorial class',	26,	15000.00,	2,	349,	1872,	10,	30,	30,	'2020-12-15',	'0000-00-00 00:00:00'),
(52,	'BUEM-82245',	'Budget_item # BUEM-49159',	12,	150000,	30,	'Beneficiary File for materials',	1,	150000.00,	1,	349,	1885,	13,	18,	18,	'2020-12-15',	'0000-00-00 00:00:00'),
(53,	'BUEM-62164',	'Budget_item # BUEM-80582',	17,	38000,	30,	'safe box for petty cash',	1,	38000.00,	1,	349,	1898,	15,	17,	17,	'2020-12-15',	'0000-00-00 00:00:00'),
(54,	'BUEM-7927',	'Budget_item # BUEM-10515',	8,	700000,	29,	'school shoes for all beneficiaries',	100,	7000.00,	1,	349,	1911,	10,	31,	31,	'2020-12-15',	'0000-00-00 00:00:00'),
(55,	'BUEM-21218',	'Budget_item # BUEM-6328',	12,	700000,	29,	'shoes for school beneficiaries',	100,	7000.00,	1,	349,	1924,	13,	19,	19,	'2020-12-15',	'0000-00-00 00:00:00'),
(56,	'BUEM-62344',	'Budget_item # BUEM-52355',	13,	700000,	29,	'shoes for school',	100,	7000.00,	1,	349,	1937,	11,	34,	34,	'2020-12-15',	'0000-00-00 00:00:00'),
(57,	'BUEM-51355',	'Budget_item # BUEM-6298',	20,	60000,	29,	'Special boats for college beneficiaries',	4,	15000.00,	1,	349,	1950,	7,	23,	23,	'2020-12-15',	'0000-00-00 00:00:00'),
(58,	'BUEM-76472',	'Budget_item # BUEM-76737',	17,	369200,	30,	'PURCHASE OF LIBRARY BOOKS REVIEW ',	26,	7100.00,	2,	349,	1963,	15,	12,	12,	'2020-12-15',	'0000-00-00 00:00:00'),
(59,	'BUEM-69215',	'Budget_item # BUEM-89289',	5,	60000,	29,	'boats for Collage',	4,	15000.00,	1,	349,	1976,	8,	39,	39,	'2020-12-15',	'0000-00-00 00:00:00'),
(60,	'BUEM-70445',	'Budget_item # BUEM-5761',	16,	360000,	28,	'Pay tutorial for form four better performance',	18,	20000.00,	1,	349,	1989,	7,	21,	21,	'2020-12-15',	'0000-00-00 00:00:00'),
(61,	'BUEM-43710',	'Budget_item # BUEM-61044',	5,	369200,	28,	'science books to improve performance for science students of o,level',	26,	7100.00,	2,	349,	2002,	8,	38,	38,	'2020-12-15',	'0000-00-00 00:00:00'),
(62,	'BUEM-59056',	'Budget_item # BUEM-86428',	17,	200000,	30,	'projector screen',	1,	200000.00,	1,	349,	2015,	15,	17,	17,	'2020-12-15',	'0000-00-00 00:00:00'),
(63,	'BUEM-89267',	'Budget_item # BUEM-47501',	8,	60000,	29,	'school boats for all beneficiaries ',	4,	15000.00,	1,	349,	2028,	10,	31,	31,	'2020-12-15',	'0000-00-00 00:00:00'),
(64,	'BUEM-69653',	'Budget_item # BUEM-11840',	12,	38000,	30,	'Box for petty cash',	1,	38000.00,	1,	349,	2041,	13,	18,	18,	'2020-12-15',	'0000-00-00 00:00:00'),
(65,	'BUEM-6816',	'Budget_item # BUEM-81059',	12,	60000,	29,	'special board for college ben',	4,	15000.00,	1,	349,	2054,	13,	19,	19,	'2020-12-15',	'0000-00-00 00:00:00'),
(66,	'BUEM-54491',	'Budget_item # BUEM-53725',	23,	126600,	28,	'One tutorial class to be performed  at Kijenge Lutheran church',	12,	10550.00,	1,	349,	2067,	9,	24,	24,	'2020-12-15',	'0000-00-00 00:00:00'),
(67,	'BUEM-79727',	'Budget_item # BUEM-87589',	13,	60000,	29,	'schoo boot for collage beneficiaries',	4,	15000.00,	1,	349,	2080,	11,	34,	34,	'2020-12-15',	'0000-00-00 00:00:00'),
(68,	'BUEM-69681',	'Budget_item # BUEM-82039',	21,	700000,	29,	'Shoes for school beneficiaries',	100,	7000.00,	1,	349,	2093,	14,	37,	37,	'2020-12-15',	'0000-00-00 00:00:00'),
(69,	'BUEM-39071',	'Budget_item # BUEM-12381',	5,	129600,	28,	'Prepare pre form one students in English language and mathematics.',	12,	10550.00,	1,	349,	2106,	8,	38,	38,	'2020-12-15',	'0000-00-00 00:00:00'),
(70,	'BUEM-21610',	'Budget_item # BUEM-42163',	28,	60000,	29,	'SPECIAL BOATS FOR COLLAGE BENEFICIARIES',	4,	15000.00,	1,	349,	2119,	16,	15,	15,	'2020-12-15',	'0000-00-00 00:00:00'),
(71,	'BUEM-67121',	'Budget_item # BUEM-49668',	17,	129600,	28,	'PREFORM ONE TUTORIAL CLASS',	12,	10550.00,	1,	349,	2132,	15,	12,	12,	'2020-12-15',	'0000-00-00 00:00:00'),
(72,	'BUEM-42405',	'Budget_item # BUEM-22321',	8,	60000,	29,	'boats for all student colleges',	4,	15000.00,	1,	349,	2145,	10,	31,	31,	'2020-12-15',	'0000-00-00 00:00:00'),
(73,	'BUEM-65189',	'Budget_item # BUEM-42964',	5,	460000,	28,	'Counter books for A level students',	184,	2500.00,	1,	349,	2158,	8,	38,	38,	'2020-12-15',	'0000-00-00 00:00:00'),
(74,	'BUEM-73582',	'Budget_item # BUEM-1880',	11,	369200,	28,	'Library books for students to review',	26,	7100.00,	2,	349,	2171,	12,	27,	27,	'2020-12-15',	'0000-00-00 00:00:00'),
(75,	'BUEM-3311',	'Budget_item # BUEM-11434',	5,	38000,	30,	'Safe box for petty cash\r\n',	1,	38000.00,	1,	349,	2184,	8,	40,	40,	'2020-12-15',	'0000-00-00 00:00:00'),
(76,	'BUEM-31679',	'Budget_item # BUEM-23659',	17,	745000,	28,	'PRIMARY SCHOOL FEES',	100,	7450.00,	1,	349,	2197,	15,	12,	12,	'2020-12-15',	'0000-00-00 00:00:00'),
(77,	'BUEM-79473',	'Budget_item # BUEM-65110',	11,	1500000,	29,	'School uniforms',	150,	10000.00,	1,	349,	2210,	12,	27,	27,	'2020-12-15',	'0000-00-00 00:00:00'),
(78,	'BUEM-66050',	'Budget_item # BUEM-62440',	42,	1490000,	28,	'Primary School fees: Kindergarten Government School. To cover expenses for Porridge.   ',	0,	0.00,	1,	349,	2237,	7,	22,	22,	'2020-12-15',	'0000-00-00 00:00:00'),
(79,	'BUEM-25865',	'Budget_item # BUEM-66412',	42,	745000,	28,	'School fees for 100 students at different schools',	0,	0.00,	1,	349,	2250,	7,	22,	22,	'2020-12-15',	'0000-00-00 00:00:00'),
(80,	'BUEM-39847',	'Budget_item # BUEM-35455',	42,	184600,	30,	'Purchase books for better performance',	0,	0.00,	1,	349,	2263,	7,	22,	22,	'2020-12-15',	'0000-00-00 00:00:00'),
(81,	'BUEM-17869',	'Budget_item # BUEM-73043',	42,	150000,	30,	'White notes boards for saturated program classes ',	0,	0.00,	1,	349,	2276,	7,	22,	22,	'2020-12-15',	'0000-00-00 00:00:00'),
(82,	'BUEM-24393',	'Budget_item # BUEM-76966',	42,	360000,	28,	'Pay tutorial for form four better performance',	0,	0.00,	1,	349,	2289,	7,	22,	22,	'2020-12-15',	'0000-00-00 00:00:00'),
(83,	'BUEM-76614',	'Budget_item # BUEM-11846',	49,	1490000,	28,	'Payment of primary school fees standard one for 100 registered beneficiaries at Kijenge Lutheran student centre TZ0201',	2,	745000.00,	1,	349,	2310,	9,	25,	25,	'2020-12-15',	'0000-00-00 00:00:00'),
(84,	'BUEM-86201',	'Budget_item # BUEM-79504',	49,	1350000,	29,	'Purchase of school uniform for ninety beneficiaries',	0,	0.00,	1,	349,	2323,	9,	25,	25,	'2020-12-15',	'0000-00-00 00:00:00'),
(85,	'BUEM-28460',	'Budget_item # BUEM-52487',	49,	369200,	28,	'Purchase of 26  library books review for form five students who are registered beneficiries at Kijenge Lutheran student centre TZ0201',	0,	0.00,	1,	474,	2336,	9,	25,	25,	'2020-12-15',	'0000-00-00 00:00:00'),
(86,	'BUEM-80915',	'Budget_item # BUEM-46866',	49,	126600,	28,	'One tutorial class to be performed  at Kijenge Lutheran church',	0,	0.00,	1,	349,	2349,	9,	25,	25,	'2020-12-15',	'0000-00-00 00:00:00'),
(87,	'BUEM-71642',	'Budget_item # BUEM-82682',	51,	1490000,	28,	'primary school fees ',	0,	0.00,	1,	348,	2367,	13,	19,	19,	'2020-12-15',	'0000-00-00 00:00:00'),
(88,	'BUEM-45526',	'Budget_item # BUEM-81655',	51,	0,	36,	'none',	0,	0.00,	1,	348,	2380,	13,	19,	19,	'2020-12-15',	'0000-00-00 00:00:00'),
(89,	'BUEM-43878',	'Budget_item # BUEM-45682',	51,	1500000,	29,	'advance school uniform ',	0,	0.00,	1,	348,	2393,	13,	19,	19,	'2020-12-15',	'0000-00-00 00:00:00'),
(90,	'BUEM-63574',	'Budget_item # BUEM-46400',	51,	150000,	41,	'White Notice Board for Announcement',	0,	0.00,	1,	348,	2406,	13,	19,	19,	'2020-12-15',	'0000-00-00 00:00:00'),
(91,	'BUEM-22015',	'Budget_item # BUEM-77402',	51,	150000,	30,	'Beneficiary File for materials',	0,	0.00,	1,	348,	2419,	13,	19,	19,	'2020-12-15',	'0000-00-00 00:00:00'),
(92,	'BUEM-30158',	'Budget_item # BUEM-56479',	51,	700000,	29,	'shoes for school beneficiaries',	0,	0.00,	1,	348,	2432,	13,	19,	19,	'2020-12-15',	'0000-00-00 00:00:00'),
(93,	'BUEM-86507',	'Budget_item # BUEM-4071',	51,	38000,	30,	'Box for petty cash',	0,	0.00,	1,	348,	2445,	13,	19,	19,	'2020-12-15',	'0000-00-00 00:00:00'),
(94,	'BUEM-66653',	'Budget_item # BUEM-46041',	51,	60000,	29,	'special board for college ben',	0,	0.00,	1,	348,	2458,	13,	19,	19,	'2020-12-15',	'0000-00-00 00:00:00'),
(95,	'BUEM-2717',	'Budget_item # BUEM-22209',	55,	400000,	28,	'school uniform',	0,	0.00,	1,	348,	2477,	11,	34,	34,	'2020-12-15',	'0000-00-00 00:00:00'),
(96,	'BUEM-48868',	'Budget_item # BUEM-87420',	55,	1490000,	28,	'Primary school fees for beneficiaries who are in government schools.',	0,	0.00,	1,	348,	2490,	11,	34,	34,	'2020-12-15',	'0000-00-00 00:00:00'),
(97,	'BUEM-12063',	'Budget_item # BUEM-31068',	55,	1500000,	29,	'Advanced school uniform',	0,	0.00,	1,	348,	2503,	11,	34,	34,	'2020-12-15',	'0000-00-00 00:00:00'),
(98,	'BUEM-34975',	'Budget_item # BUEM-52555',	55,	700000,	29,	'shoes for school',	0,	0.00,	1,	348,	2516,	11,	34,	34,	'2020-12-15',	'0000-00-00 00:00:00'),
(99,	'BUEM-71955',	'Budget_item # BUEM-31945',	55,	60000,	29,	'schoo boot for collage beneficiaries',	0,	0.00,	1,	348,	2529,	11,	34,	34,	'2020-12-15',	'0000-00-00 00:00:00'),
(100,	'BUEM-29912',	'Budget_item # BUEM-56121',	13,	54000000,	39,	'staff salaries for  FY 21',	3,	1500000.00,	12,	348,	2550,	11,	34,	34,	'2020-12-15',	'0000-00-00 00:00:00'),
(101,	'BUEM-30036',	'Budget_item # BUEM-61822',	28,	54000000,	39,	'STAFF SALARIES FOR  FY22  FOR PROJECT ACCOUNTANT ',	3,	1500000.00,	12,	349,	2563,	16,	15,	15,	'2020-12-15',	'0000-00-00 00:00:00'),
(102,	'BUEM-43976',	'Budget_item # BUEM-29327',	21,	54000000,	39,	'Staff salaries for November 2021',	3,	1500000.00,	12,	348,	2576,	14,	35,	35,	'2020-12-15',	'0000-00-00 00:00:00'),
(103,	'BUEM-46450',	'Budget_item # BUEM-6647',	42,	54000000,	39,	'Staff Salaries: For SW FY 22',	3,	1500000.00,	12,	349,	2589,	7,	22,	22,	'2020-12-15',	'0000-00-00 00:00:00'),
(104,	'BUEM-33950',	'Budget_item # BUEM-35627',	13,	950000,	29,	'school uniform for 25 beneficiaries',	25,	38000.00,	2,	348,	2602,	11,	34,	34,	'2020-12-15',	'0000-00-00 00:00:00'),
(105,	'BUEM-50456',	'Budget_item # BUEM-47950',	28,	200000,	29,	'SCHOOL UNIFORM FOR 25 BENEFICIARIES',	10,	20000.00,	1,	349,	2615,	16,	15,	15,	'2020-12-15',	'0000-00-00 00:00:00'),
(106,	'BUEM-75733',	'Budget_item # BUEM-40698',	21,	1900000,	29,	'school uniform form one',	25,	38000.00,	2,	348,	2628,	14,	35,	35,	'2020-12-15',	'0000-00-00 00:00:00'),
(107,	'BUEM-54142',	'Budget_item # BUEM-59743',	42,	950000,	29,	'Center Uniform for Children and Youth',	25,	38000.00,	1,	349,	2641,	7,	22,	22,	'2020-12-15',	'0000-00-00 00:00:00'),
(108,	'BUEM-44340',	'Budget_item # BUEM-61142',	60,	180000,	29,	'School Uniform for Primary School',	2,	45000.00,	2,	349,	3206,	48,	41,	41,	'2020-12-17',	'0000-00-00 00:00:00'),
(109,	'BUEM-74949',	'Budget_item # BUEM-39689',	60,	1200,	30,	'Test',	1,	1200.00,	1,	349,	3622,	48,	41,	41,	'2020-12-18',	'0000-00-00 00:00:00'),
(110,	'BUEM-63833',	'Budget_item # BUEM-25765',	64,	1125000,	28,	'School Fees for High School Students ',	15,	25000.00,	3,	348,	3744,	14,	35,	35,	'2021-01-29',	'0000-00-00 00:00:00'),
(111,	'BUEM-16491',	'Budget_item # BUEM-67824',	64,	38500,	28,	'Test Limit',	1,	38500.00,	1,	348,	3757,	14,	35,	35,	'2021-01-29',	'0000-00-00 00:00:00');

DROP TABLE IF EXISTS `budget_item_detail`;
CREATE TABLE `budget_item_detail` (
  `budget_item_detail_id` int(100) NOT NULL AUTO_INCREMENT,
  `budget_item_detail_track_number` varchar(100) DEFAULT NULL,
  `budget_item_detail_name` varchar(100) DEFAULT NULL,
  `fk_budget_item_id` int(100) DEFAULT NULL,
  `fk_month_id` int(5) DEFAULT NULL,
  `fk_status_id` int(11) DEFAULT '0',
  `fk_approval_id` int(11) DEFAULT '0',
  `budget_item_detail_amount` decimal(10,2) DEFAULT NULL,
  `budget_item_detail_created_date` date DEFAULT NULL,
  `budget_item_detail_created_by` int(100) DEFAULT NULL,
  `budget_item_detail_last_modified_by` int(100) DEFAULT NULL,
  `budget_item_detail_last_modified_date` timestamp NOT NULL DEFAULT '0000-00-00 00:00:00',
  PRIMARY KEY (`budget_item_detail_id`),
  KEY `fk_budget_month_spread_budget_detail1_idx` (`fk_budget_item_id`),
  KEY `fk_status_id` (`fk_status_id`),
  KEY `fk_approval_id` (`fk_approval_id`),
  CONSTRAINT `budget_item_detail_ibfk_1` FOREIGN KEY (`fk_status_id`) REFERENCES `status` (`status_id`),
  CONSTRAINT `fk_budget_month_spread_budget_detail1` FOREIGN KEY (`fk_budget_item_id`) REFERENCES `budget_item` (`budget_item_id`) ON DELETE NO ACTION ON UPDATE NO ACTION
) ENGINE=InnoDB DEFAULT CHARSET=latin1 COMMENT='This table distributes budget allocations by month';

INSERT INTO `budget_item_detail` (`budget_item_detail_id`, `budget_item_detail_track_number`, `budget_item_detail_name`, `fk_budget_item_id`, `fk_month_id`, `fk_status_id`, `fk_approval_id`, `budget_item_detail_amount`, `budget_item_detail_created_date`, `budget_item_detail_created_by`, `budget_item_detail_last_modified_by`, `budget_item_detail_last_modified_date`) VALUES
(37,	'BUIL-19845',	'Budget_item_detail # BUIL-35065',	4,	7,	352,	1213,	0.00,	'2020-12-15',	47,	47,	'0000-00-00 00:00:00'),
(38,	'BUIL-11737',	'Budget_item_detail # BUIL-52093',	4,	8,	352,	1214,	100000.00,	'2020-12-15',	47,	47,	'0000-00-00 00:00:00'),
(39,	'BUIL-17067',	'Budget_item_detail # BUIL-59737',	4,	9,	352,	1215,	0.00,	'2020-12-15',	47,	47,	'0000-00-00 00:00:00'),
(40,	'BUIL-88411',	'Budget_item_detail # BUIL-61167',	4,	10,	352,	1216,	0.00,	'2020-12-15',	47,	47,	'0000-00-00 00:00:00'),
(41,	'BUIL-24079',	'Budget_item_detail # BUIL-67865',	4,	11,	352,	1217,	0.00,	'2020-12-15',	47,	47,	'0000-00-00 00:00:00'),
(42,	'BUIL-56084',	'Budget_item_detail # BUIL-43929',	4,	12,	352,	1218,	0.00,	'2020-12-15',	47,	47,	'0000-00-00 00:00:00'),
(43,	'BUIL-69607',	'Budget_item_detail # BUIL-43785',	4,	1,	352,	1219,	0.00,	'2020-12-15',	47,	47,	'0000-00-00 00:00:00'),
(44,	'BUIL-83799',	'Budget_item_detail # BUIL-41602',	4,	2,	352,	1220,	0.00,	'2020-12-15',	47,	47,	'0000-00-00 00:00:00'),
(45,	'BUIL-52592',	'Budget_item_detail # BUIL-77861',	4,	3,	352,	1221,	0.00,	'2020-12-15',	47,	47,	'0000-00-00 00:00:00'),
(46,	'BUIL-46610',	'Budget_item_detail # BUIL-80070',	4,	4,	352,	1222,	0.00,	'2020-12-15',	47,	47,	'0000-00-00 00:00:00'),
(47,	'BUIL-63206',	'Budget_item_detail # BUIL-20101',	4,	5,	352,	1223,	0.00,	'2020-12-15',	47,	47,	'0000-00-00 00:00:00'),
(48,	'BUIL-7097',	'Budget_item_detail # BUIL-64581',	4,	6,	352,	1224,	0.00,	'2020-12-15',	47,	47,	'0000-00-00 00:00:00'),
(49,	'BUIL-6747',	'Budget_item_detail # BUIL-26578',	5,	7,	352,	1228,	20000.00,	'2020-12-15',	47,	47,	'0000-00-00 00:00:00'),
(50,	'BUIL-41989',	'Budget_item_detail # BUIL-73820',	5,	8,	352,	1229,	0.00,	'2020-12-15',	47,	47,	'0000-00-00 00:00:00'),
(51,	'BUIL-66368',	'Budget_item_detail # BUIL-4244',	5,	9,	352,	1230,	20000.00,	'2020-12-15',	47,	47,	'0000-00-00 00:00:00'),
(52,	'BUIL-27634',	'Budget_item_detail # BUIL-31657',	5,	10,	352,	1231,	0.00,	'2020-12-15',	47,	47,	'0000-00-00 00:00:00'),
(53,	'BUIL-30433',	'Budget_item_detail # BUIL-41176',	5,	11,	352,	1232,	0.00,	'2020-12-15',	47,	47,	'0000-00-00 00:00:00'),
(54,	'BUIL-77780',	'Budget_item_detail # BUIL-73646',	5,	12,	352,	1233,	0.00,	'2020-12-15',	47,	47,	'0000-00-00 00:00:00'),
(55,	'BUIL-81708',	'Budget_item_detail # BUIL-69680',	5,	1,	352,	1234,	0.00,	'2020-12-15',	47,	47,	'0000-00-00 00:00:00'),
(56,	'BUIL-19728',	'Budget_item_detail # BUIL-20726',	5,	2,	352,	1235,	0.00,	'2020-12-15',	47,	47,	'0000-00-00 00:00:00'),
(57,	'BUIL-14770',	'Budget_item_detail # BUIL-82404',	5,	3,	352,	1236,	0.00,	'2020-12-15',	47,	47,	'0000-00-00 00:00:00'),
(58,	'BUIL-70703',	'Budget_item_detail # BUIL-28590',	5,	4,	352,	1237,	0.00,	'2020-12-15',	47,	47,	'0000-00-00 00:00:00'),
(59,	'BUIL-77341',	'Budget_item_detail # BUIL-56511',	5,	5,	352,	1238,	0.00,	'2020-12-15',	47,	47,	'0000-00-00 00:00:00'),
(60,	'BUIL-44681',	'Budget_item_detail # BUIL-39625',	5,	6,	352,	1239,	0.00,	'2020-12-15',	47,	47,	'0000-00-00 00:00:00'),
(61,	'BUIL-70535',	'Budget_item_detail # BUIL-70366',	6,	7,	353,	1287,	0.00,	'2020-12-15',	17,	17,	'0000-00-00 00:00:00'),
(62,	'BUIL-6720',	'Budget_item_detail # BUIL-32996',	6,	8,	353,	1288,	0.00,	'2020-12-15',	17,	17,	'0000-00-00 00:00:00'),
(63,	'BUIL-32051',	'Budget_item_detail # BUIL-52038',	6,	9,	353,	1289,	0.00,	'2020-12-15',	17,	17,	'0000-00-00 00:00:00'),
(64,	'BUIL-28584',	'Budget_item_detail # BUIL-88852',	6,	10,	353,	1290,	0.00,	'2020-12-15',	17,	17,	'0000-00-00 00:00:00'),
(65,	'BUIL-78323',	'Budget_item_detail # BUIL-83746',	6,	11,	353,	1291,	0.00,	'2020-12-15',	17,	17,	'0000-00-00 00:00:00'),
(66,	'BUIL-2703',	'Budget_item_detail # BUIL-84098',	6,	12,	353,	1292,	400000.00,	'2020-12-15',	17,	17,	'0000-00-00 00:00:00'),
(67,	'BUIL-40259',	'Budget_item_detail # BUIL-89745',	6,	1,	353,	1293,	0.00,	'2020-12-15',	17,	17,	'0000-00-00 00:00:00'),
(68,	'BUIL-54707',	'Budget_item_detail # BUIL-17617',	6,	2,	353,	1294,	0.00,	'2020-12-15',	17,	17,	'0000-00-00 00:00:00'),
(69,	'BUIL-16778',	'Budget_item_detail # BUIL-63412',	6,	3,	353,	1295,	0.00,	'2020-12-15',	17,	17,	'0000-00-00 00:00:00'),
(70,	'BUIL-15112',	'Budget_item_detail # BUIL-30210',	6,	4,	353,	1296,	0.00,	'2020-12-15',	17,	17,	'0000-00-00 00:00:00'),
(71,	'BUIL-72888',	'Budget_item_detail # BUIL-55365',	6,	5,	353,	1297,	0.00,	'2020-12-15',	17,	17,	'0000-00-00 00:00:00'),
(72,	'BUIL-32919',	'Budget_item_detail # BUIL-10878',	6,	6,	353,	1298,	0.00,	'2020-12-15',	17,	17,	'0000-00-00 00:00:00'),
(73,	'BUIL-9646',	'Budget_item_detail # BUIL-31277',	7,	7,	353,	1301,	0.00,	'2020-12-15',	34,	34,	'0000-00-00 00:00:00'),
(74,	'BUIL-34507',	'Budget_item_detail # BUIL-53660',	7,	8,	353,	1302,	0.00,	'2020-12-15',	34,	34,	'0000-00-00 00:00:00'),
(75,	'BUIL-20883',	'Budget_item_detail # BUIL-24188',	7,	9,	353,	1303,	0.00,	'2020-12-15',	34,	34,	'0000-00-00 00:00:00'),
(76,	'BUIL-33091',	'Budget_item_detail # BUIL-56164',	7,	10,	353,	1304,	0.00,	'2020-12-15',	34,	34,	'0000-00-00 00:00:00'),
(77,	'BUIL-49526',	'Budget_item_detail # BUIL-49803',	7,	11,	353,	1305,	0.00,	'2020-12-15',	34,	34,	'0000-00-00 00:00:00'),
(78,	'BUIL-19237',	'Budget_item_detail # BUIL-33953',	7,	12,	353,	1306,	300000.00,	'2020-12-15',	34,	34,	'0000-00-00 00:00:00'),
(79,	'BUIL-78192',	'Budget_item_detail # BUIL-22707',	7,	1,	353,	1307,	0.00,	'2020-12-15',	34,	34,	'0000-00-00 00:00:00'),
(80,	'BUIL-24111',	'Budget_item_detail # BUIL-43023',	7,	2,	353,	1308,	100000.00,	'2020-12-15',	34,	34,	'0000-00-00 00:00:00'),
(81,	'BUIL-6339',	'Budget_item_detail # BUIL-6843',	7,	3,	353,	1309,	0.00,	'2020-12-15',	34,	34,	'0000-00-00 00:00:00'),
(82,	'BUIL-80505',	'Budget_item_detail # BUIL-21084',	7,	4,	353,	1310,	0.00,	'2020-12-15',	34,	34,	'0000-00-00 00:00:00'),
(83,	'BUIL-42587',	'Budget_item_detail # BUIL-75010',	7,	5,	353,	1311,	0.00,	'2020-12-15',	34,	34,	'0000-00-00 00:00:00'),
(84,	'BUIL-54785',	'Budget_item_detail # BUIL-69629',	7,	6,	353,	1312,	0.00,	'2020-12-15',	34,	34,	'0000-00-00 00:00:00'),
(85,	'BUIL-58311',	'Budget_item_detail # BUIL-49373',	8,	7,	353,	1314,	745000.00,	'2020-12-15',	38,	38,	'0000-00-00 00:00:00'),
(86,	'BUIL-17817',	'Budget_item_detail # BUIL-27084',	8,	8,	353,	1315,	0.00,	'2020-12-15',	38,	38,	'0000-00-00 00:00:00'),
(87,	'BUIL-67333',	'Budget_item_detail # BUIL-9857',	8,	9,	353,	1316,	0.00,	'2020-12-15',	38,	38,	'0000-00-00 00:00:00'),
(88,	'BUIL-83935',	'Budget_item_detail # BUIL-40091',	8,	10,	353,	1317,	0.00,	'2020-12-15',	38,	38,	'0000-00-00 00:00:00'),
(89,	'BUIL-42088',	'Budget_item_detail # BUIL-62048',	8,	11,	353,	1318,	0.00,	'2020-12-15',	38,	38,	'0000-00-00 00:00:00'),
(90,	'BUIL-69024',	'Budget_item_detail # BUIL-39689',	8,	12,	353,	1319,	0.00,	'2020-12-15',	38,	38,	'0000-00-00 00:00:00'),
(91,	'BUIL-15951',	'Budget_item_detail # BUIL-41716',	8,	1,	353,	1320,	745000.00,	'2020-12-15',	38,	38,	'0000-00-00 00:00:00'),
(92,	'BUIL-8283',	'Budget_item_detail # BUIL-81560',	8,	2,	353,	1321,	0.00,	'2020-12-15',	38,	38,	'0000-00-00 00:00:00'),
(93,	'BUIL-37735',	'Budget_item_detail # BUIL-35104',	8,	3,	353,	1322,	0.00,	'2020-12-15',	38,	38,	'0000-00-00 00:00:00'),
(94,	'BUIL-30445',	'Budget_item_detail # BUIL-88662',	8,	4,	353,	1323,	0.00,	'2020-12-15',	38,	38,	'0000-00-00 00:00:00'),
(95,	'BUIL-24483',	'Budget_item_detail # BUIL-77353',	8,	5,	353,	1324,	0.00,	'2020-12-15',	38,	38,	'0000-00-00 00:00:00'),
(96,	'BUIL-69256',	'Budget_item_detail # BUIL-6434',	8,	6,	353,	1325,	0.00,	'2020-12-15',	38,	38,	'0000-00-00 00:00:00'),
(97,	'BUIL-80872',	'Budget_item_detail # BUIL-33739',	9,	7,	353,	1327,	745000.00,	'2020-12-15',	33,	33,	'0000-00-00 00:00:00'),
(98,	'BUIL-88107',	'Budget_item_detail # BUIL-51467',	9,	8,	353,	1328,	0.00,	'2020-12-15',	33,	33,	'0000-00-00 00:00:00'),
(99,	'BUIL-27395',	'Budget_item_detail # BUIL-3861',	9,	9,	353,	1329,	0.00,	'2020-12-15',	33,	33,	'0000-00-00 00:00:00'),
(100,	'BUIL-20802',	'Budget_item_detail # BUIL-20220',	9,	10,	353,	1330,	0.00,	'2020-12-15',	33,	33,	'0000-00-00 00:00:00'),
(101,	'BUIL-80298',	'Budget_item_detail # BUIL-51102',	9,	11,	353,	1331,	0.00,	'2020-12-15',	33,	33,	'0000-00-00 00:00:00'),
(102,	'BUIL-6653',	'Budget_item_detail # BUIL-44759',	9,	12,	353,	1332,	0.00,	'2020-12-15',	33,	33,	'0000-00-00 00:00:00'),
(103,	'BUIL-33972',	'Budget_item_detail # BUIL-85446',	9,	1,	353,	1333,	745000.00,	'2020-12-15',	33,	33,	'0000-00-00 00:00:00'),
(104,	'BUIL-79559',	'Budget_item_detail # BUIL-75062',	9,	2,	353,	1334,	0.00,	'2020-12-15',	33,	33,	'0000-00-00 00:00:00'),
(105,	'BUIL-20685',	'Budget_item_detail # BUIL-8703',	9,	3,	353,	1335,	0.00,	'2020-12-15',	33,	33,	'0000-00-00 00:00:00'),
(106,	'BUIL-67378',	'Budget_item_detail # BUIL-87690',	9,	4,	353,	1336,	0.00,	'2020-12-15',	33,	33,	'0000-00-00 00:00:00'),
(107,	'BUIL-62404',	'Budget_item_detail # BUIL-87515',	9,	5,	353,	1337,	0.00,	'2020-12-15',	33,	33,	'0000-00-00 00:00:00'),
(108,	'BUIL-87595',	'Budget_item_detail # BUIL-77849',	9,	6,	353,	1338,	0.00,	'2020-12-15',	33,	33,	'0000-00-00 00:00:00'),
(109,	'BUIL-66667',	'Budget_item_detail # BUIL-84994',	10,	7,	353,	1340,	745000.00,	'2020-12-15',	27,	27,	'0000-00-00 00:00:00'),
(110,	'BUIL-32282',	'Budget_item_detail # BUIL-24550',	10,	8,	353,	1341,	0.00,	'2020-12-15',	27,	27,	'0000-00-00 00:00:00'),
(111,	'BUIL-58246',	'Budget_item_detail # BUIL-42922',	10,	9,	353,	1342,	0.00,	'2020-12-15',	27,	27,	'0000-00-00 00:00:00'),
(112,	'BUIL-5683',	'Budget_item_detail # BUIL-19642',	10,	10,	353,	1343,	0.00,	'2020-12-15',	27,	27,	'0000-00-00 00:00:00'),
(113,	'BUIL-88135',	'Budget_item_detail # BUIL-39254',	10,	11,	353,	1344,	0.00,	'2020-12-15',	27,	27,	'0000-00-00 00:00:00'),
(114,	'BUIL-37034',	'Budget_item_detail # BUIL-10287',	10,	12,	353,	1345,	0.00,	'2020-12-15',	27,	27,	'0000-00-00 00:00:00'),
(115,	'BUIL-89787',	'Budget_item_detail # BUIL-32194',	10,	1,	353,	1346,	745000.00,	'2020-12-15',	27,	27,	'0000-00-00 00:00:00'),
(116,	'BUIL-7470',	'Budget_item_detail # BUIL-1844',	10,	2,	353,	1347,	0.00,	'2020-12-15',	27,	27,	'0000-00-00 00:00:00'),
(117,	'BUIL-24860',	'Budget_item_detail # BUIL-2871',	10,	3,	353,	1348,	0.00,	'2020-12-15',	27,	27,	'0000-00-00 00:00:00'),
(118,	'BUIL-21724',	'Budget_item_detail # BUIL-36120',	10,	4,	353,	1349,	0.00,	'2020-12-15',	27,	27,	'0000-00-00 00:00:00'),
(119,	'BUIL-67002',	'Budget_item_detail # BUIL-39526',	10,	5,	353,	1350,	0.00,	'2020-12-15',	27,	27,	'0000-00-00 00:00:00'),
(120,	'BUIL-79762',	'Budget_item_detail # BUIL-59412',	10,	6,	353,	1351,	0.00,	'2020-12-15',	27,	27,	'0000-00-00 00:00:00'),
(121,	'BUIL-5552',	'Budget_item_detail # BUIL-84420',	11,	7,	353,	1353,	745000.00,	'2020-12-15',	40,	40,	'0000-00-00 00:00:00'),
(122,	'BUIL-11842',	'Budget_item_detail # BUIL-73175',	11,	8,	353,	1354,	0.00,	'2020-12-15',	40,	40,	'0000-00-00 00:00:00'),
(123,	'BUIL-20489',	'Budget_item_detail # BUIL-87421',	11,	9,	353,	1355,	0.00,	'2020-12-15',	40,	40,	'0000-00-00 00:00:00'),
(124,	'BUIL-37645',	'Budget_item_detail # BUIL-3774',	11,	10,	353,	1356,	0.00,	'2020-12-15',	40,	40,	'0000-00-00 00:00:00'),
(125,	'BUIL-83092',	'Budget_item_detail # BUIL-4315',	11,	11,	353,	1357,	0.00,	'2020-12-15',	40,	40,	'0000-00-00 00:00:00'),
(126,	'BUIL-78794',	'Budget_item_detail # BUIL-33001',	11,	12,	353,	1358,	0.00,	'2020-12-15',	40,	40,	'0000-00-00 00:00:00'),
(127,	'BUIL-12849',	'Budget_item_detail # BUIL-53547',	11,	1,	353,	1359,	745000.00,	'2020-12-15',	40,	40,	'0000-00-00 00:00:00'),
(128,	'BUIL-44052',	'Budget_item_detail # BUIL-2665',	11,	2,	353,	1360,	0.00,	'2020-12-15',	40,	40,	'0000-00-00 00:00:00'),
(129,	'BUIL-35132',	'Budget_item_detail # BUIL-2286',	11,	3,	353,	1361,	0.00,	'2020-12-15',	40,	40,	'0000-00-00 00:00:00'),
(130,	'BUIL-71606',	'Budget_item_detail # BUIL-49792',	11,	4,	353,	1362,	0.00,	'2020-12-15',	40,	40,	'0000-00-00 00:00:00'),
(131,	'BUIL-88618',	'Budget_item_detail # BUIL-37128',	11,	5,	353,	1363,	0.00,	'2020-12-15',	40,	40,	'0000-00-00 00:00:00'),
(132,	'BUIL-50422',	'Budget_item_detail # BUIL-78197',	11,	6,	353,	1364,	0.00,	'2020-12-15',	40,	40,	'0000-00-00 00:00:00'),
(133,	'BUIL-22904',	'Budget_item_detail # BUIL-79984',	12,	7,	353,	1366,	745000.00,	'2020-12-15',	31,	31,	'0000-00-00 00:00:00'),
(134,	'BUIL-60125',	'Budget_item_detail # BUIL-89313',	12,	8,	353,	1367,	0.00,	'2020-12-15',	31,	31,	'0000-00-00 00:00:00'),
(135,	'BUIL-65615',	'Budget_item_detail # BUIL-23774',	12,	9,	353,	1368,	0.00,	'2020-12-15',	31,	31,	'0000-00-00 00:00:00'),
(136,	'BUIL-24608',	'Budget_item_detail # BUIL-33764',	12,	10,	353,	1369,	0.00,	'2020-12-15',	31,	31,	'0000-00-00 00:00:00'),
(137,	'BUIL-19220',	'Budget_item_detail # BUIL-18205',	12,	11,	353,	1370,	0.00,	'2020-12-15',	31,	31,	'0000-00-00 00:00:00'),
(138,	'BUIL-45592',	'Budget_item_detail # BUIL-70310',	12,	12,	353,	1371,	0.00,	'2020-12-15',	31,	31,	'0000-00-00 00:00:00'),
(139,	'BUIL-24437',	'Budget_item_detail # BUIL-31115',	12,	1,	353,	1372,	745000.00,	'2020-12-15',	31,	31,	'0000-00-00 00:00:00'),
(140,	'BUIL-26836',	'Budget_item_detail # BUIL-26795',	12,	2,	353,	1373,	0.00,	'2020-12-15',	31,	31,	'0000-00-00 00:00:00'),
(141,	'BUIL-61193',	'Budget_item_detail # BUIL-11838',	12,	3,	353,	1374,	0.00,	'2020-12-15',	31,	31,	'0000-00-00 00:00:00'),
(142,	'BUIL-47590',	'Budget_item_detail # BUIL-85854',	12,	4,	353,	1375,	0.00,	'2020-12-15',	31,	31,	'0000-00-00 00:00:00'),
(143,	'BUIL-1389',	'Budget_item_detail # BUIL-1336',	12,	5,	353,	1376,	0.00,	'2020-12-15',	31,	31,	'0000-00-00 00:00:00'),
(144,	'BUIL-42582',	'Budget_item_detail # BUIL-84135',	12,	6,	353,	1377,	0.00,	'2020-12-15',	31,	31,	'0000-00-00 00:00:00'),
(145,	'BUIL-67024',	'Budget_item_detail # BUIL-59357',	13,	7,	353,	1379,	745000.00,	'2020-12-15',	35,	35,	'0000-00-00 00:00:00'),
(146,	'BUIL-61973',	'Budget_item_detail # BUIL-11129',	13,	8,	353,	1380,	0.00,	'2020-12-15',	35,	35,	'0000-00-00 00:00:00'),
(147,	'BUIL-69681',	'Budget_item_detail # BUIL-30676',	13,	9,	353,	1381,	0.00,	'2020-12-15',	35,	35,	'0000-00-00 00:00:00'),
(148,	'BUIL-51829',	'Budget_item_detail # BUIL-37811',	13,	10,	353,	1382,	0.00,	'2020-12-15',	35,	35,	'0000-00-00 00:00:00'),
(149,	'BUIL-8360',	'Budget_item_detail # BUIL-36926',	13,	11,	353,	1383,	0.00,	'2020-12-15',	35,	35,	'0000-00-00 00:00:00'),
(150,	'BUIL-1695',	'Budget_item_detail # BUIL-56551',	13,	12,	353,	1384,	0.00,	'2020-12-15',	35,	35,	'0000-00-00 00:00:00'),
(151,	'BUIL-62536',	'Budget_item_detail # BUIL-52355',	13,	1,	353,	1385,	745000.00,	'2020-12-15',	35,	35,	'0000-00-00 00:00:00'),
(152,	'BUIL-47677',	'Budget_item_detail # BUIL-59707',	13,	2,	353,	1386,	0.00,	'2020-12-15',	35,	35,	'0000-00-00 00:00:00'),
(153,	'BUIL-15419',	'Budget_item_detail # BUIL-46378',	13,	3,	353,	1387,	0.00,	'2020-12-15',	35,	35,	'0000-00-00 00:00:00'),
(154,	'BUIL-72340',	'Budget_item_detail # BUIL-56021',	13,	4,	353,	1388,	0.00,	'2020-12-15',	35,	35,	'0000-00-00 00:00:00'),
(155,	'BUIL-53332',	'Budget_item_detail # BUIL-36728',	13,	5,	353,	1389,	0.00,	'2020-12-15',	35,	35,	'0000-00-00 00:00:00'),
(156,	'BUIL-78702',	'Budget_item_detail # BUIL-71278',	13,	6,	353,	1390,	0.00,	'2020-12-15',	35,	35,	'0000-00-00 00:00:00'),
(157,	'BUIL-40105',	'Budget_item_detail # BUIL-8177',	14,	7,	353,	1392,	745000.00,	'2020-12-15',	22,	22,	'0000-00-00 00:00:00'),
(158,	'BUIL-3049',	'Budget_item_detail # BUIL-89240',	14,	8,	353,	1393,	0.00,	'2020-12-15',	22,	22,	'0000-00-00 00:00:00'),
(159,	'BUIL-23917',	'Budget_item_detail # BUIL-45527',	14,	9,	353,	1395,	0.00,	'2020-12-15',	22,	22,	'0000-00-00 00:00:00'),
(160,	'BUIL-64642',	'Budget_item_detail # BUIL-71797',	14,	10,	353,	1397,	0.00,	'2020-12-15',	22,	22,	'0000-00-00 00:00:00'),
(161,	'BUIL-62895',	'Budget_item_detail # BUIL-45689',	14,	11,	353,	1399,	0.00,	'2020-12-15',	22,	22,	'0000-00-00 00:00:00'),
(162,	'BUIL-89311',	'Budget_item_detail # BUIL-26052',	14,	12,	353,	1401,	0.00,	'2020-12-15',	22,	22,	'0000-00-00 00:00:00'),
(163,	'BUIL-2995',	'Budget_item_detail # BUIL-86880',	14,	1,	353,	1403,	745000.00,	'2020-12-15',	22,	22,	'0000-00-00 00:00:00'),
(164,	'BUIL-37550',	'Budget_item_detail # BUIL-89558',	14,	2,	353,	1405,	0.00,	'2020-12-15',	22,	22,	'0000-00-00 00:00:00'),
(165,	'BUIL-74438',	'Budget_item_detail # BUIL-34640',	14,	3,	353,	1407,	0.00,	'2020-12-15',	22,	22,	'0000-00-00 00:00:00'),
(166,	'BUIL-48592',	'Budget_item_detail # BUIL-21178',	14,	4,	353,	1409,	0.00,	'2020-12-15',	22,	22,	'0000-00-00 00:00:00'),
(167,	'BUIL-5563',	'Budget_item_detail # BUIL-66418',	14,	5,	353,	1411,	0.00,	'2020-12-15',	22,	22,	'0000-00-00 00:00:00'),
(168,	'BUIL-62168',	'Budget_item_detail # BUIL-7667',	14,	6,	353,	1413,	0.00,	'2020-12-15',	22,	22,	'0000-00-00 00:00:00'),
(169,	'BUIL-44412',	'Budget_item_detail # BUIL-35674',	15,	7,	353,	1396,	745000.00,	'2020-12-15',	30,	30,	'0000-00-00 00:00:00'),
(170,	'BUIL-46004',	'Budget_item_detail # BUIL-68431',	15,	8,	353,	1398,	0.00,	'2020-12-15',	30,	30,	'0000-00-00 00:00:00'),
(171,	'BUIL-18410',	'Budget_item_detail # BUIL-7293',	15,	9,	353,	1400,	0.00,	'2020-12-15',	30,	30,	'0000-00-00 00:00:00'),
(172,	'BUIL-70751',	'Budget_item_detail # BUIL-60686',	15,	10,	353,	1402,	0.00,	'2020-12-15',	30,	30,	'0000-00-00 00:00:00'),
(173,	'BUIL-37985',	'Budget_item_detail # BUIL-36253',	15,	11,	353,	1404,	0.00,	'2020-12-15',	30,	30,	'0000-00-00 00:00:00'),
(174,	'BUIL-4540',	'Budget_item_detail # BUIL-87217',	15,	12,	353,	1406,	0.00,	'2020-12-15',	30,	30,	'0000-00-00 00:00:00'),
(175,	'BUIL-57357',	'Budget_item_detail # BUIL-15121',	15,	1,	353,	1408,	0.00,	'2020-12-15',	30,	30,	'0000-00-00 00:00:00'),
(176,	'BUIL-88509',	'Budget_item_detail # BUIL-20316',	15,	2,	353,	1410,	0.00,	'2020-12-15',	30,	30,	'0000-00-00 00:00:00'),
(177,	'BUIL-61419',	'Budget_item_detail # BUIL-65809',	15,	3,	353,	1412,	0.00,	'2020-12-15',	30,	30,	'0000-00-00 00:00:00'),
(178,	'BUIL-75839',	'Budget_item_detail # BUIL-27780',	15,	4,	353,	1414,	0.00,	'2020-12-15',	30,	30,	'0000-00-00 00:00:00'),
(179,	'BUIL-16845',	'Budget_item_detail # BUIL-1252',	15,	5,	353,	1415,	0.00,	'2020-12-15',	30,	30,	'0000-00-00 00:00:00'),
(180,	'BUIL-47841',	'Budget_item_detail # BUIL-53319',	15,	6,	353,	1416,	0.00,	'2020-12-15',	30,	30,	'0000-00-00 00:00:00'),
(181,	'BUIL-36566',	'Budget_item_detail # BUIL-47829',	16,	7,	353,	1418,	745000.00,	'2020-12-15',	39,	39,	'0000-00-00 00:00:00'),
(182,	'BUIL-49122',	'Budget_item_detail # BUIL-17745',	16,	8,	353,	1419,	0.00,	'2020-12-15',	39,	39,	'0000-00-00 00:00:00'),
(183,	'BUIL-50327',	'Budget_item_detail # BUIL-13216',	16,	9,	353,	1420,	0.00,	'2020-12-15',	39,	39,	'0000-00-00 00:00:00'),
(184,	'BUIL-37104',	'Budget_item_detail # BUIL-10587',	16,	10,	353,	1421,	0.00,	'2020-12-15',	39,	39,	'0000-00-00 00:00:00'),
(185,	'BUIL-14918',	'Budget_item_detail # BUIL-6332',	16,	11,	353,	1422,	0.00,	'2020-12-15',	39,	39,	'0000-00-00 00:00:00'),
(186,	'BUIL-30572',	'Budget_item_detail # BUIL-60259',	16,	12,	353,	1423,	0.00,	'2020-12-15',	39,	39,	'0000-00-00 00:00:00'),
(187,	'BUIL-78362',	'Budget_item_detail # BUIL-30150',	16,	1,	353,	1424,	745000.00,	'2020-12-15',	39,	39,	'0000-00-00 00:00:00'),
(188,	'BUIL-61102',	'Budget_item_detail # BUIL-3384',	16,	2,	353,	1425,	0.00,	'2020-12-15',	39,	39,	'0000-00-00 00:00:00'),
(189,	'BUIL-53953',	'Budget_item_detail # BUIL-43878',	16,	3,	353,	1426,	0.00,	'2020-12-15',	39,	39,	'0000-00-00 00:00:00'),
(190,	'BUIL-23872',	'Budget_item_detail # BUIL-83364',	16,	4,	353,	1427,	0.00,	'2020-12-15',	39,	39,	'0000-00-00 00:00:00'),
(191,	'BUIL-47921',	'Budget_item_detail # BUIL-19792',	16,	5,	353,	1428,	0.00,	'2020-12-15',	39,	39,	'0000-00-00 00:00:00'),
(192,	'BUIL-76414',	'Budget_item_detail # BUIL-47246',	16,	6,	353,	1429,	0.00,	'2020-12-15',	39,	39,	'0000-00-00 00:00:00'),
(193,	'BUIL-30996',	'Budget_item_detail # BUIL-51167',	17,	7,	353,	1431,	745000.00,	'2020-12-15',	19,	19,	'0000-00-00 00:00:00'),
(194,	'BUIL-15793',	'Budget_item_detail # BUIL-51506',	17,	8,	353,	1432,	0.00,	'2020-12-15',	19,	19,	'0000-00-00 00:00:00'),
(195,	'BUIL-80024',	'Budget_item_detail # BUIL-37302',	17,	9,	353,	1433,	0.00,	'2020-12-15',	19,	19,	'0000-00-00 00:00:00'),
(196,	'BUIL-31648',	'Budget_item_detail # BUIL-27410',	17,	10,	353,	1434,	0.00,	'2020-12-15',	19,	19,	'0000-00-00 00:00:00'),
(197,	'BUIL-88433',	'Budget_item_detail # BUIL-2053',	17,	11,	353,	1435,	0.00,	'2020-12-15',	19,	19,	'0000-00-00 00:00:00'),
(198,	'BUIL-27100',	'Budget_item_detail # BUIL-65422',	17,	12,	353,	1436,	0.00,	'2020-12-15',	19,	19,	'0000-00-00 00:00:00'),
(199,	'BUIL-35221',	'Budget_item_detail # BUIL-53784',	17,	1,	353,	1437,	745000.00,	'2020-12-15',	19,	19,	'0000-00-00 00:00:00'),
(200,	'BUIL-16472',	'Budget_item_detail # BUIL-29840',	17,	2,	353,	1438,	0.00,	'2020-12-15',	19,	19,	'0000-00-00 00:00:00'),
(201,	'BUIL-25739',	'Budget_item_detail # BUIL-78922',	17,	3,	353,	1439,	0.00,	'2020-12-15',	19,	19,	'0000-00-00 00:00:00'),
(202,	'BUIL-4135',	'Budget_item_detail # BUIL-64108',	17,	4,	353,	1440,	0.00,	'2020-12-15',	19,	19,	'0000-00-00 00:00:00'),
(203,	'BUIL-6089',	'Budget_item_detail # BUIL-43727',	17,	5,	353,	1441,	0.00,	'2020-12-15',	19,	19,	'0000-00-00 00:00:00'),
(204,	'BUIL-13948',	'Budget_item_detail # BUIL-47511',	17,	6,	353,	1442,	0.00,	'2020-12-15',	19,	19,	'0000-00-00 00:00:00'),
(205,	'BUIL-40243',	'Budget_item_detail # BUIL-8516',	18,	7,	353,	1444,	745000.00,	'2020-12-15',	35,	35,	'0000-00-00 00:00:00'),
(206,	'BUIL-39174',	'Budget_item_detail # BUIL-60600',	18,	8,	353,	1445,	0.00,	'2020-12-15',	35,	35,	'0000-00-00 00:00:00'),
(207,	'BUIL-67684',	'Budget_item_detail # BUIL-27467',	18,	9,	353,	1446,	0.00,	'2020-12-15',	35,	35,	'0000-00-00 00:00:00'),
(208,	'BUIL-37354',	'Budget_item_detail # BUIL-12558',	18,	10,	353,	1447,	0.00,	'2020-12-15',	35,	35,	'0000-00-00 00:00:00'),
(209,	'BUIL-44755',	'Budget_item_detail # BUIL-75852',	18,	11,	353,	1448,	0.00,	'2020-12-15',	35,	35,	'0000-00-00 00:00:00'),
(210,	'BUIL-63607',	'Budget_item_detail # BUIL-60354',	18,	12,	353,	1449,	0.00,	'2020-12-15',	35,	35,	'0000-00-00 00:00:00'),
(211,	'BUIL-83272',	'Budget_item_detail # BUIL-66379',	18,	1,	353,	1450,	745000.00,	'2020-12-15',	35,	35,	'0000-00-00 00:00:00'),
(212,	'BUIL-77488',	'Budget_item_detail # BUIL-25639',	18,	2,	353,	1451,	0.00,	'2020-12-15',	35,	35,	'0000-00-00 00:00:00'),
(213,	'BUIL-40232',	'Budget_item_detail # BUIL-47027',	18,	3,	353,	1452,	0.00,	'2020-12-15',	35,	35,	'0000-00-00 00:00:00'),
(214,	'BUIL-23441',	'Budget_item_detail # BUIL-55983',	18,	4,	353,	1453,	0.00,	'2020-12-15',	35,	35,	'0000-00-00 00:00:00'),
(215,	'BUIL-64130',	'Budget_item_detail # BUIL-37711',	18,	5,	353,	1454,	0.00,	'2020-12-15',	35,	35,	'0000-00-00 00:00:00'),
(216,	'BUIL-45301',	'Budget_item_detail # BUIL-7851',	18,	6,	353,	1455,	0.00,	'2020-12-15',	35,	35,	'0000-00-00 00:00:00'),
(217,	'BUIL-36188',	'Budget_item_detail # BUIL-27407',	19,	7,	353,	1457,	0.00,	'2020-12-15',	16,	16,	'0000-00-00 00:00:00'),
(218,	'BUIL-83185',	'Budget_item_detail # BUIL-48854',	19,	8,	353,	1458,	0.00,	'2020-12-15',	16,	16,	'0000-00-00 00:00:00'),
(219,	'BUIL-4846',	'Budget_item_detail # BUIL-37038',	19,	9,	353,	1459,	0.00,	'2020-12-15',	16,	16,	'0000-00-00 00:00:00'),
(220,	'BUIL-82363',	'Budget_item_detail # BUIL-59327',	19,	10,	353,	1460,	0.00,	'2020-12-15',	16,	16,	'0000-00-00 00:00:00'),
(221,	'BUIL-57363',	'Budget_item_detail # BUIL-86962',	19,	11,	353,	1461,	0.00,	'2020-12-15',	16,	16,	'0000-00-00 00:00:00'),
(222,	'BUIL-63354',	'Budget_item_detail # BUIL-11802',	19,	12,	353,	1462,	0.00,	'2020-12-15',	16,	16,	'0000-00-00 00:00:00'),
(223,	'BUIL-81707',	'Budget_item_detail # BUIL-74451',	19,	1,	353,	1463,	745000.00,	'2020-12-15',	16,	16,	'0000-00-00 00:00:00'),
(224,	'BUIL-49186',	'Budget_item_detail # BUIL-9375',	19,	2,	353,	1464,	0.00,	'2020-12-15',	16,	16,	'0000-00-00 00:00:00'),
(225,	'BUIL-88718',	'Budget_item_detail # BUIL-26587',	19,	3,	353,	1465,	0.00,	'2020-12-15',	16,	16,	'0000-00-00 00:00:00'),
(226,	'BUIL-86076',	'Budget_item_detail # BUIL-69168',	19,	4,	353,	1466,	0.00,	'2020-12-15',	16,	16,	'0000-00-00 00:00:00'),
(227,	'BUIL-83578',	'Budget_item_detail # BUIL-61527',	19,	5,	353,	1467,	0.00,	'2020-12-15',	16,	16,	'0000-00-00 00:00:00'),
(228,	'BUIL-10290',	'Budget_item_detail # BUIL-1247',	19,	6,	353,	1468,	0.00,	'2020-12-15',	16,	16,	'0000-00-00 00:00:00'),
(229,	'BUIL-44451',	'Budget_item_detail # BUIL-49875',	20,	7,	353,	1470,	745000.00,	'2020-12-15',	23,	23,	'0000-00-00 00:00:00'),
(230,	'BUIL-68081',	'Budget_item_detail # BUIL-64769',	20,	8,	353,	1471,	0.00,	'2020-12-15',	23,	23,	'0000-00-00 00:00:00'),
(231,	'BUIL-11058',	'Budget_item_detail # BUIL-35306',	20,	9,	353,	1472,	0.00,	'2020-12-15',	23,	23,	'0000-00-00 00:00:00'),
(232,	'BUIL-26777',	'Budget_item_detail # BUIL-27822',	20,	10,	353,	1473,	0.00,	'2020-12-15',	23,	23,	'0000-00-00 00:00:00'),
(233,	'BUIL-41555',	'Budget_item_detail # BUIL-15538',	20,	11,	353,	1474,	0.00,	'2020-12-15',	23,	23,	'0000-00-00 00:00:00'),
(234,	'BUIL-46889',	'Budget_item_detail # BUIL-20838',	20,	12,	353,	1475,	0.00,	'2020-12-15',	23,	23,	'0000-00-00 00:00:00'),
(235,	'BUIL-2671',	'Budget_item_detail # BUIL-13406',	20,	1,	353,	1476,	745000.00,	'2020-12-15',	23,	23,	'0000-00-00 00:00:00'),
(236,	'BUIL-47646',	'Budget_item_detail # BUIL-39049',	20,	2,	353,	1477,	0.00,	'2020-12-15',	23,	23,	'0000-00-00 00:00:00'),
(237,	'BUIL-80954',	'Budget_item_detail # BUIL-31102',	20,	3,	353,	1478,	0.00,	'2020-12-15',	23,	23,	'0000-00-00 00:00:00'),
(238,	'BUIL-6470',	'Budget_item_detail # BUIL-59221',	20,	4,	353,	1479,	0.00,	'2020-12-15',	23,	23,	'0000-00-00 00:00:00'),
(239,	'BUIL-67094',	'Budget_item_detail # BUIL-61765',	20,	5,	353,	1480,	0.00,	'2020-12-15',	23,	23,	'0000-00-00 00:00:00'),
(240,	'BUIL-3506',	'Budget_item_detail # BUIL-61745',	20,	6,	353,	1481,	0.00,	'2020-12-15',	23,	23,	'0000-00-00 00:00:00'),
(241,	'BUIL-68081',	'Budget_item_detail # BUIL-40017',	21,	7,	353,	1483,	745000.00,	'2020-12-15',	37,	37,	'0000-00-00 00:00:00'),
(242,	'BUIL-80477',	'Budget_item_detail # BUIL-44283',	21,	8,	353,	1484,	0.00,	'2020-12-15',	37,	37,	'0000-00-00 00:00:00'),
(243,	'BUIL-33561',	'Budget_item_detail # BUIL-71404',	21,	9,	353,	1485,	0.00,	'2020-12-15',	37,	37,	'0000-00-00 00:00:00'),
(244,	'BUIL-68338',	'Budget_item_detail # BUIL-5343',	21,	10,	353,	1486,	0.00,	'2020-12-15',	37,	37,	'0000-00-00 00:00:00'),
(245,	'BUIL-85727',	'Budget_item_detail # BUIL-54760',	21,	11,	353,	1487,	0.00,	'2020-12-15',	37,	37,	'0000-00-00 00:00:00'),
(246,	'BUIL-79287',	'Budget_item_detail # BUIL-79197',	21,	12,	353,	1488,	0.00,	'2020-12-15',	37,	37,	'0000-00-00 00:00:00'),
(247,	'BUIL-33522',	'Budget_item_detail # BUIL-89516',	21,	1,	353,	1489,	745000.00,	'2020-12-15',	37,	37,	'0000-00-00 00:00:00'),
(248,	'BUIL-24495',	'Budget_item_detail # BUIL-83219',	21,	2,	353,	1490,	0.00,	'2020-12-15',	37,	37,	'0000-00-00 00:00:00'),
(249,	'BUIL-49982',	'Budget_item_detail # BUIL-72560',	21,	3,	353,	1491,	0.00,	'2020-12-15',	37,	37,	'0000-00-00 00:00:00'),
(250,	'BUIL-12516',	'Budget_item_detail # BUIL-48783',	21,	4,	353,	1492,	0.00,	'2020-12-15',	37,	37,	'0000-00-00 00:00:00'),
(251,	'BUIL-82052',	'Budget_item_detail # BUIL-85609',	21,	5,	353,	1493,	0.00,	'2020-12-15',	37,	37,	'0000-00-00 00:00:00'),
(252,	'BUIL-62941',	'Budget_item_detail # BUIL-26405',	21,	6,	353,	1494,	0.00,	'2020-12-15',	37,	37,	'0000-00-00 00:00:00'),
(253,	'BUIL-33639',	'Budget_item_detail # BUIL-9455',	22,	7,	353,	1496,	745000.00,	'2020-12-15',	15,	15,	'0000-00-00 00:00:00'),
(254,	'BUIL-71632',	'Budget_item_detail # BUIL-80811',	22,	8,	353,	1497,	0.00,	'2020-12-15',	15,	15,	'0000-00-00 00:00:00'),
(255,	'BUIL-2591',	'Budget_item_detail # BUIL-54063',	22,	9,	353,	1498,	0.00,	'2020-12-15',	15,	15,	'0000-00-00 00:00:00'),
(256,	'BUIL-52786',	'Budget_item_detail # BUIL-80716',	22,	10,	353,	1499,	0.00,	'2020-12-15',	15,	15,	'0000-00-00 00:00:00'),
(257,	'BUIL-79131',	'Budget_item_detail # BUIL-79698',	22,	11,	353,	1500,	0.00,	'2020-12-15',	15,	15,	'0000-00-00 00:00:00'),
(258,	'BUIL-59678',	'Budget_item_detail # BUIL-84892',	22,	12,	353,	1501,	0.00,	'2020-12-15',	15,	15,	'0000-00-00 00:00:00'),
(259,	'BUIL-41326',	'Budget_item_detail # BUIL-67606',	22,	1,	353,	1502,	745000.00,	'2020-12-15',	15,	15,	'0000-00-00 00:00:00'),
(260,	'BUIL-49720',	'Budget_item_detail # BUIL-69240',	22,	2,	353,	1503,	0.00,	'2020-12-15',	15,	15,	'0000-00-00 00:00:00'),
(261,	'BUIL-12664',	'Budget_item_detail # BUIL-53906',	22,	3,	353,	1504,	0.00,	'2020-12-15',	15,	15,	'0000-00-00 00:00:00'),
(262,	'BUIL-45031',	'Budget_item_detail # BUIL-89083',	22,	4,	353,	1505,	0.00,	'2020-12-15',	15,	15,	'0000-00-00 00:00:00'),
(263,	'BUIL-7957',	'Budget_item_detail # BUIL-13249',	22,	5,	353,	1506,	0.00,	'2020-12-15',	15,	15,	'0000-00-00 00:00:00'),
(264,	'BUIL-43505',	'Budget_item_detail # BUIL-27972',	22,	6,	353,	1507,	0.00,	'2020-12-15',	15,	15,	'0000-00-00 00:00:00'),
(265,	'BUIL-9044',	'Budget_item_detail # BUIL-50804',	23,	7,	353,	1509,	745000.00,	'2020-12-15',	24,	24,	'0000-00-00 00:00:00'),
(266,	'BUIL-49532',	'Budget_item_detail # BUIL-25428',	23,	8,	353,	1510,	0.00,	'2020-12-15',	24,	24,	'0000-00-00 00:00:00'),
(267,	'BUIL-34207',	'Budget_item_detail # BUIL-7177',	23,	9,	353,	1511,	0.00,	'2020-12-15',	24,	24,	'0000-00-00 00:00:00'),
(268,	'BUIL-47626',	'Budget_item_detail # BUIL-32808',	23,	10,	353,	1512,	0.00,	'2020-12-15',	24,	24,	'0000-00-00 00:00:00'),
(269,	'BUIL-85579',	'Budget_item_detail # BUIL-83485',	23,	11,	353,	1513,	0.00,	'2020-12-15',	24,	24,	'0000-00-00 00:00:00'),
(270,	'BUIL-30583',	'Budget_item_detail # BUIL-70524',	23,	12,	353,	1514,	0.00,	'2020-12-15',	24,	24,	'0000-00-00 00:00:00'),
(271,	'BUIL-69857',	'Budget_item_detail # BUIL-15797',	23,	1,	353,	1515,	745000.00,	'2020-12-15',	24,	24,	'0000-00-00 00:00:00'),
(272,	'BUIL-46899',	'Budget_item_detail # BUIL-13872',	23,	2,	353,	1516,	0.00,	'2020-12-15',	24,	24,	'0000-00-00 00:00:00'),
(273,	'BUIL-26160',	'Budget_item_detail # BUIL-28661',	23,	3,	353,	1517,	0.00,	'2020-12-15',	24,	24,	'0000-00-00 00:00:00'),
(274,	'BUIL-76641',	'Budget_item_detail # BUIL-51651',	23,	4,	353,	1518,	0.00,	'2020-12-15',	24,	24,	'0000-00-00 00:00:00'),
(275,	'BUIL-11186',	'Budget_item_detail # BUIL-56945',	23,	5,	353,	1519,	0.00,	'2020-12-15',	24,	24,	'0000-00-00 00:00:00'),
(276,	'BUIL-61514',	'Budget_item_detail # BUIL-14424',	23,	6,	353,	1520,	0.00,	'2020-12-15',	24,	24,	'0000-00-00 00:00:00'),
(277,	'BUIL-2116',	'Budget_item_detail # BUIL-69527',	24,	7,	353,	1522,	745000.00,	'2020-12-15',	12,	12,	'0000-00-00 00:00:00'),
(278,	'BUIL-56684',	'Budget_item_detail # BUIL-32424',	24,	8,	353,	1523,	0.00,	'2020-12-15',	12,	12,	'0000-00-00 00:00:00'),
(279,	'BUIL-21481',	'Budget_item_detail # BUIL-64755',	24,	9,	353,	1524,	0.00,	'2020-12-15',	12,	12,	'0000-00-00 00:00:00'),
(280,	'BUIL-76483',	'Budget_item_detail # BUIL-15926',	24,	10,	353,	1525,	0.00,	'2020-12-15',	12,	12,	'0000-00-00 00:00:00'),
(281,	'BUIL-54259',	'Budget_item_detail # BUIL-66431',	24,	11,	353,	1526,	0.00,	'2020-12-15',	12,	12,	'0000-00-00 00:00:00'),
(282,	'BUIL-64178',	'Budget_item_detail # BUIL-48424',	24,	12,	353,	1527,	0.00,	'2020-12-15',	12,	12,	'0000-00-00 00:00:00'),
(283,	'BUIL-8204',	'Budget_item_detail # BUIL-6338',	24,	1,	353,	1528,	745000.00,	'2020-12-15',	12,	12,	'0000-00-00 00:00:00'),
(284,	'BUIL-65089',	'Budget_item_detail # BUIL-46056',	24,	2,	353,	1529,	0.00,	'2020-12-15',	12,	12,	'0000-00-00 00:00:00'),
(285,	'BUIL-24160',	'Budget_item_detail # BUIL-34845',	24,	3,	353,	1530,	0.00,	'2020-12-15',	12,	12,	'0000-00-00 00:00:00'),
(286,	'BUIL-40282',	'Budget_item_detail # BUIL-1842',	24,	4,	353,	1531,	0.00,	'2020-12-15',	12,	12,	'0000-00-00 00:00:00'),
(287,	'BUIL-41863',	'Budget_item_detail # BUIL-55338',	24,	5,	353,	1532,	0.00,	'2020-12-15',	12,	12,	'0000-00-00 00:00:00'),
(288,	'BUIL-1424',	'Budget_item_detail # BUIL-89177',	24,	6,	353,	1533,	0.00,	'2020-12-15',	12,	12,	'0000-00-00 00:00:00'),
(289,	'BUIL-23592',	'Budget_item_detail # BUIL-18349',	25,	7,	353,	1535,	372500.00,	'2020-12-15',	17,	17,	'0000-00-00 00:00:00'),
(290,	'BUIL-61794',	'Budget_item_detail # BUIL-55329',	25,	8,	353,	1536,	0.00,	'2020-12-15',	17,	17,	'0000-00-00 00:00:00'),
(291,	'BUIL-43380',	'Budget_item_detail # BUIL-33263',	25,	9,	353,	1537,	0.00,	'2020-12-15',	17,	17,	'0000-00-00 00:00:00'),
(292,	'BUIL-33474',	'Budget_item_detail # BUIL-35970',	25,	10,	353,	1538,	0.00,	'2020-12-15',	17,	17,	'0000-00-00 00:00:00'),
(293,	'BUIL-75215',	'Budget_item_detail # BUIL-40616',	25,	11,	353,	1539,	0.00,	'2020-12-15',	17,	17,	'0000-00-00 00:00:00'),
(294,	'BUIL-49401',	'Budget_item_detail # BUIL-21145',	25,	12,	353,	1540,	0.00,	'2020-12-15',	17,	17,	'0000-00-00 00:00:00'),
(295,	'BUIL-24533',	'Budget_item_detail # BUIL-30580',	25,	1,	353,	1541,	372500.00,	'2020-12-15',	17,	17,	'0000-00-00 00:00:00'),
(296,	'BUIL-55136',	'Budget_item_detail # BUIL-52190',	25,	2,	353,	1542,	0.00,	'2020-12-15',	17,	17,	'0000-00-00 00:00:00'),
(297,	'BUIL-59712',	'Budget_item_detail # BUIL-44522',	25,	3,	353,	1543,	0.00,	'2020-12-15',	17,	17,	'0000-00-00 00:00:00'),
(298,	'BUIL-11255',	'Budget_item_detail # BUIL-86757',	25,	4,	353,	1544,	0.00,	'2020-12-15',	17,	17,	'0000-00-00 00:00:00'),
(299,	'BUIL-58832',	'Budget_item_detail # BUIL-84421',	25,	5,	353,	1545,	0.00,	'2020-12-15',	17,	17,	'0000-00-00 00:00:00'),
(300,	'BUIL-86752',	'Budget_item_detail # BUIL-78866',	25,	6,	353,	1546,	0.00,	'2020-12-15',	17,	17,	'0000-00-00 00:00:00'),
(301,	'BUIL-75400',	'Budget_item_detail # BUIL-63028',	26,	7,	353,	1548,	0.00,	'2020-12-15',	21,	21,	'0000-00-00 00:00:00'),
(302,	'BUIL-52199',	'Budget_item_detail # BUIL-46356',	26,	8,	353,	1549,	0.00,	'2020-12-15',	21,	21,	'0000-00-00 00:00:00'),
(303,	'BUIL-89932',	'Budget_item_detail # BUIL-59693',	26,	9,	353,	1550,	0.00,	'2020-12-15',	21,	21,	'0000-00-00 00:00:00'),
(304,	'BUIL-75661',	'Budget_item_detail # BUIL-2138',	26,	10,	353,	1551,	0.00,	'2020-12-15',	21,	21,	'0000-00-00 00:00:00'),
(305,	'BUIL-47328',	'Budget_item_detail # BUIL-45314',	26,	11,	353,	1552,	0.00,	'2020-12-15',	21,	21,	'0000-00-00 00:00:00'),
(306,	'BUIL-12517',	'Budget_item_detail # BUIL-48530',	26,	12,	353,	1553,	0.00,	'2020-12-15',	21,	21,	'0000-00-00 00:00:00'),
(307,	'BUIL-87173',	'Budget_item_detail # BUIL-19393',	26,	1,	353,	1554,	745000.00,	'2020-12-15',	21,	21,	'0000-00-00 00:00:00'),
(308,	'BUIL-53611',	'Budget_item_detail # BUIL-71372',	26,	2,	353,	1555,	0.00,	'2020-12-15',	21,	21,	'0000-00-00 00:00:00'),
(309,	'BUIL-65035',	'Budget_item_detail # BUIL-22799',	26,	3,	353,	1556,	0.00,	'2020-12-15',	21,	21,	'0000-00-00 00:00:00'),
(310,	'BUIL-19811',	'Budget_item_detail # BUIL-66130',	26,	4,	353,	1557,	0.00,	'2020-12-15',	21,	21,	'0000-00-00 00:00:00'),
(311,	'BUIL-3640',	'Budget_item_detail # BUIL-15466',	26,	5,	353,	1558,	0.00,	'2020-12-15',	21,	21,	'0000-00-00 00:00:00'),
(312,	'BUIL-61528',	'Budget_item_detail # BUIL-79977',	26,	6,	353,	1559,	0.00,	'2020-12-15',	21,	21,	'0000-00-00 00:00:00'),
(313,	'BUIL-37387',	'Budget_item_detail # BUIL-39202',	27,	7,	353,	1561,	745000.00,	'2020-12-15',	17,	17,	'0000-00-00 00:00:00'),
(314,	'BUIL-1882',	'Budget_item_detail # BUIL-32498',	27,	8,	353,	1562,	0.00,	'2020-12-15',	17,	17,	'0000-00-00 00:00:00'),
(315,	'BUIL-38263',	'Budget_item_detail # BUIL-63933',	27,	9,	353,	1563,	0.00,	'2020-12-15',	17,	17,	'0000-00-00 00:00:00'),
(316,	'BUIL-4547',	'Budget_item_detail # BUIL-17799',	27,	10,	353,	1564,	0.00,	'2020-12-15',	17,	17,	'0000-00-00 00:00:00'),
(317,	'BUIL-46052',	'Budget_item_detail # BUIL-50890',	27,	11,	353,	1565,	0.00,	'2020-12-15',	17,	17,	'0000-00-00 00:00:00'),
(318,	'BUIL-62591',	'Budget_item_detail # BUIL-44995',	27,	12,	353,	1566,	0.00,	'2020-12-15',	17,	17,	'0000-00-00 00:00:00'),
(319,	'BUIL-68936',	'Budget_item_detail # BUIL-44162',	27,	1,	353,	1567,	745000.00,	'2020-12-15',	17,	17,	'0000-00-00 00:00:00'),
(320,	'BUIL-68828',	'Budget_item_detail # BUIL-89167',	27,	2,	353,	1568,	0.00,	'2020-12-15',	17,	17,	'0000-00-00 00:00:00'),
(321,	'BUIL-3773',	'Budget_item_detail # BUIL-72505',	27,	3,	353,	1569,	0.00,	'2020-12-15',	17,	17,	'0000-00-00 00:00:00'),
(322,	'BUIL-84840',	'Budget_item_detail # BUIL-38594',	27,	4,	353,	1570,	0.00,	'2020-12-15',	17,	17,	'0000-00-00 00:00:00'),
(323,	'BUIL-85236',	'Budget_item_detail # BUIL-60633',	27,	5,	353,	1571,	0.00,	'2020-12-15',	17,	17,	'0000-00-00 00:00:00'),
(324,	'BUIL-60361',	'Budget_item_detail # BUIL-45460',	27,	6,	353,	1572,	0.00,	'2020-12-15',	17,	17,	'0000-00-00 00:00:00'),
(325,	'BUIL-18990',	'Budget_item_detail # BUIL-29495',	28,	7,	353,	1574,	0.00,	'2020-12-15',	18,	18,	'0000-00-00 00:00:00'),
(326,	'BUIL-53004',	'Budget_item_detail # BUIL-64180',	28,	8,	353,	1575,	0.00,	'2020-12-15',	18,	18,	'0000-00-00 00:00:00'),
(327,	'BUIL-36145',	'Budget_item_detail # BUIL-34332',	28,	9,	353,	1576,	0.00,	'2020-12-15',	18,	18,	'0000-00-00 00:00:00'),
(328,	'BUIL-27734',	'Budget_item_detail # BUIL-25006',	28,	10,	353,	1577,	0.00,	'2020-12-15',	18,	18,	'0000-00-00 00:00:00'),
(329,	'BUIL-27936',	'Budget_item_detail # BUIL-89992',	28,	11,	353,	1578,	0.00,	'2020-12-15',	18,	18,	'0000-00-00 00:00:00'),
(330,	'BUIL-57701',	'Budget_item_detail # BUIL-49772',	28,	12,	353,	1579,	0.00,	'2020-12-15',	18,	18,	'0000-00-00 00:00:00'),
(331,	'BUIL-60499',	'Budget_item_detail # BUIL-68234',	28,	1,	353,	1580,	0.00,	'2020-12-15',	18,	18,	'0000-00-00 00:00:00'),
(332,	'BUIL-75246',	'Budget_item_detail # BUIL-25962',	28,	2,	353,	1581,	0.00,	'2020-12-15',	18,	18,	'0000-00-00 00:00:00'),
(333,	'BUIL-10893',	'Budget_item_detail # BUIL-12447',	28,	3,	353,	1582,	0.00,	'2020-12-15',	18,	18,	'0000-00-00 00:00:00'),
(334,	'BUIL-28925',	'Budget_item_detail # BUIL-41951',	28,	4,	353,	1583,	0.00,	'2020-12-15',	18,	18,	'0000-00-00 00:00:00'),
(335,	'BUIL-57462',	'Budget_item_detail # BUIL-63733',	28,	5,	353,	1584,	0.00,	'2020-12-15',	18,	18,	'0000-00-00 00:00:00'),
(336,	'BUIL-1219',	'Budget_item_detail # BUIL-33429',	28,	6,	353,	1585,	0.00,	'2020-12-15',	18,	18,	'0000-00-00 00:00:00'),
(337,	'BUIL-68852',	'Budget_item_detail # BUIL-4702',	29,	7,	353,	1587,	25000.00,	'2020-12-15',	17,	17,	'0000-00-00 00:00:00'),
(338,	'BUIL-13476',	'Budget_item_detail # BUIL-58040',	29,	8,	353,	1588,	0.00,	'2020-12-15',	17,	17,	'0000-00-00 00:00:00'),
(339,	'BUIL-42399',	'Budget_item_detail # BUIL-29373',	29,	9,	353,	1589,	25000.00,	'2020-12-15',	17,	17,	'0000-00-00 00:00:00'),
(340,	'BUIL-10696',	'Budget_item_detail # BUIL-53760',	29,	10,	353,	1590,	0.00,	'2020-12-15',	17,	17,	'0000-00-00 00:00:00'),
(341,	'BUIL-69874',	'Budget_item_detail # BUIL-5898',	29,	11,	353,	1591,	25000.00,	'2020-12-15',	17,	17,	'0000-00-00 00:00:00'),
(342,	'BUIL-49280',	'Budget_item_detail # BUIL-86800',	29,	12,	353,	1592,	0.00,	'2020-12-15',	17,	17,	'0000-00-00 00:00:00'),
(343,	'BUIL-29561',	'Budget_item_detail # BUIL-50459',	29,	1,	353,	1593,	25000.00,	'2020-12-15',	17,	17,	'0000-00-00 00:00:00'),
(344,	'BUIL-57093',	'Budget_item_detail # BUIL-20141',	29,	2,	353,	1594,	0.00,	'2020-12-15',	17,	17,	'0000-00-00 00:00:00'),
(345,	'BUIL-65440',	'Budget_item_detail # BUIL-77788',	29,	3,	353,	1595,	25000.00,	'2020-12-15',	17,	17,	'0000-00-00 00:00:00'),
(346,	'BUIL-1903',	'Budget_item_detail # BUIL-35071',	29,	4,	353,	1596,	0.00,	'2020-12-15',	17,	17,	'0000-00-00 00:00:00'),
(347,	'BUIL-26335',	'Budget_item_detail # BUIL-47280',	29,	5,	353,	1597,	25000.00,	'2020-12-15',	17,	17,	'0000-00-00 00:00:00'),
(348,	'BUIL-52407',	'Budget_item_detail # BUIL-69806',	29,	6,	353,	1598,	0.00,	'2020-12-15',	17,	17,	'0000-00-00 00:00:00'),
(349,	'BUIL-12829',	'Budget_item_detail # BUIL-75124',	30,	7,	353,	1600,	0.00,	'2020-12-15',	17,	17,	'0000-00-00 00:00:00'),
(350,	'BUIL-84589',	'Budget_item_detail # BUIL-76651',	30,	8,	353,	1601,	0.00,	'2020-12-15',	17,	17,	'0000-00-00 00:00:00'),
(351,	'BUIL-57784',	'Budget_item_detail # BUIL-73806',	30,	9,	353,	1602,	150000.00,	'2020-12-15',	17,	17,	'0000-00-00 00:00:00'),
(352,	'BUIL-8417',	'Budget_item_detail # BUIL-78462',	30,	10,	353,	1603,	0.00,	'2020-12-15',	17,	17,	'0000-00-00 00:00:00'),
(353,	'BUIL-16655',	'Budget_item_detail # BUIL-1530',	30,	11,	353,	1604,	0.00,	'2020-12-15',	17,	17,	'0000-00-00 00:00:00'),
(354,	'BUIL-70102',	'Budget_item_detail # BUIL-63977',	30,	12,	353,	1605,	0.00,	'2020-12-15',	17,	17,	'0000-00-00 00:00:00'),
(355,	'BUIL-44121',	'Budget_item_detail # BUIL-30076',	30,	1,	353,	1606,	0.00,	'2020-12-15',	17,	17,	'0000-00-00 00:00:00'),
(356,	'BUIL-12201',	'Budget_item_detail # BUIL-64061',	30,	2,	353,	1607,	0.00,	'2020-12-15',	17,	17,	'0000-00-00 00:00:00'),
(357,	'BUIL-80223',	'Budget_item_detail # BUIL-45546',	30,	3,	353,	1608,	0.00,	'2020-12-15',	17,	17,	'0000-00-00 00:00:00'),
(358,	'BUIL-24434',	'Budget_item_detail # BUIL-34768',	30,	4,	353,	1609,	0.00,	'2020-12-15',	17,	17,	'0000-00-00 00:00:00'),
(359,	'BUIL-66683',	'Budget_item_detail # BUIL-42138',	30,	5,	353,	1610,	0.00,	'2020-12-15',	17,	17,	'0000-00-00 00:00:00'),
(360,	'BUIL-8630',	'Budget_item_detail # BUIL-53995',	30,	6,	353,	1611,	0.00,	'2020-12-15',	17,	17,	'0000-00-00 00:00:00'),
(361,	'BUIL-23115',	'Budget_item_detail # BUIL-76615',	31,	7,	353,	1613,	0.00,	'2020-12-15',	40,	40,	'0000-00-00 00:00:00'),
(362,	'BUIL-35684',	'Budget_item_detail # BUIL-26601',	31,	8,	353,	1614,	0.00,	'2020-12-15',	40,	40,	'0000-00-00 00:00:00'),
(363,	'BUIL-85421',	'Budget_item_detail # BUIL-66704',	31,	9,	353,	1615,	100000.00,	'2020-12-15',	40,	40,	'0000-00-00 00:00:00'),
(364,	'BUIL-63018',	'Budget_item_detail # BUIL-47000',	31,	10,	353,	1616,	0.00,	'2020-12-15',	40,	40,	'0000-00-00 00:00:00'),
(365,	'BUIL-29244',	'Budget_item_detail # BUIL-7789',	31,	11,	353,	1617,	0.00,	'2020-12-15',	40,	40,	'0000-00-00 00:00:00'),
(366,	'BUIL-15597',	'Budget_item_detail # BUIL-34757',	31,	12,	353,	1618,	0.00,	'2020-12-15',	40,	40,	'0000-00-00 00:00:00'),
(367,	'BUIL-44170',	'Budget_item_detail # BUIL-15198',	31,	1,	353,	1619,	0.00,	'2020-12-15',	40,	40,	'0000-00-00 00:00:00'),
(368,	'BUIL-81961',	'Budget_item_detail # BUIL-11468',	31,	2,	353,	1620,	0.00,	'2020-12-15',	40,	40,	'0000-00-00 00:00:00'),
(369,	'BUIL-30659',	'Budget_item_detail # BUIL-12792',	31,	3,	353,	1621,	0.00,	'2020-12-15',	40,	40,	'0000-00-00 00:00:00'),
(370,	'BUIL-56239',	'Budget_item_detail # BUIL-21779',	31,	4,	353,	1622,	0.00,	'2020-12-15',	40,	40,	'0000-00-00 00:00:00'),
(371,	'BUIL-16522',	'Budget_item_detail # BUIL-46937',	31,	5,	353,	1623,	0.00,	'2020-12-15',	40,	40,	'0000-00-00 00:00:00'),
(372,	'BUIL-42253',	'Budget_item_detail # BUIL-61740',	31,	6,	353,	1624,	0.00,	'2020-12-15',	40,	40,	'0000-00-00 00:00:00'),
(373,	'BUIL-27878',	'Budget_item_detail # BUIL-2625',	32,	7,	353,	1626,	0.00,	'2020-12-15',	30,	30,	'0000-00-00 00:00:00'),
(374,	'BUIL-5072',	'Budget_item_detail # BUIL-43895',	32,	8,	353,	1627,	0.00,	'2020-12-15',	30,	30,	'0000-00-00 00:00:00'),
(375,	'BUIL-64090',	'Budget_item_detail # BUIL-1316',	32,	9,	353,	1628,	0.00,	'2020-12-15',	30,	30,	'0000-00-00 00:00:00'),
(376,	'BUIL-76452',	'Budget_item_detail # BUIL-8677',	32,	10,	353,	1629,	390000.00,	'2020-12-15',	30,	30,	'0000-00-00 00:00:00'),
(377,	'BUIL-47768',	'Budget_item_detail # BUIL-30988',	32,	11,	353,	1630,	390000.00,	'2020-12-15',	30,	30,	'0000-00-00 00:00:00'),
(378,	'BUIL-24716',	'Budget_item_detail # BUIL-39884',	32,	12,	353,	1631,	0.00,	'2020-12-15',	30,	30,	'0000-00-00 00:00:00'),
(379,	'BUIL-34254',	'Budget_item_detail # BUIL-82431',	32,	1,	353,	1632,	0.00,	'2020-12-15',	30,	30,	'0000-00-00 00:00:00'),
(380,	'BUIL-67846',	'Budget_item_detail # BUIL-74552',	32,	2,	353,	1633,	0.00,	'2020-12-15',	30,	30,	'0000-00-00 00:00:00'),
(381,	'BUIL-62351',	'Budget_item_detail # BUIL-8175',	32,	3,	353,	1634,	0.00,	'2020-12-15',	30,	30,	'0000-00-00 00:00:00'),
(382,	'BUIL-36421',	'Budget_item_detail # BUIL-75383',	32,	4,	353,	1635,	0.00,	'2020-12-15',	30,	30,	'0000-00-00 00:00:00'),
(383,	'BUIL-88989',	'Budget_item_detail # BUIL-50152',	32,	5,	353,	1636,	0.00,	'2020-12-15',	30,	30,	'0000-00-00 00:00:00'),
(384,	'BUIL-11113',	'Budget_item_detail # BUIL-3111',	32,	6,	353,	1637,	0.00,	'2020-12-15',	30,	30,	'0000-00-00 00:00:00'),
(385,	'BUIL-47092',	'Budget_item_detail # BUIL-62044',	33,	7,	353,	1639,	1500000.00,	'2020-12-15',	39,	39,	'0000-00-00 00:00:00'),
(386,	'BUIL-82494',	'Budget_item_detail # BUIL-41767',	33,	8,	353,	1640,	0.00,	'2020-12-15',	39,	39,	'0000-00-00 00:00:00'),
(387,	'BUIL-42871',	'Budget_item_detail # BUIL-16620',	33,	9,	353,	1641,	0.00,	'2020-12-15',	39,	39,	'0000-00-00 00:00:00'),
(388,	'BUIL-58612',	'Budget_item_detail # BUIL-26288',	33,	10,	353,	1642,	0.00,	'2020-12-15',	39,	39,	'0000-00-00 00:00:00'),
(389,	'BUIL-74039',	'Budget_item_detail # BUIL-72531',	33,	11,	353,	1643,	0.00,	'2020-12-15',	39,	39,	'0000-00-00 00:00:00'),
(390,	'BUIL-39626',	'Budget_item_detail # BUIL-3304',	33,	12,	353,	1644,	0.00,	'2020-12-15',	39,	39,	'0000-00-00 00:00:00'),
(391,	'BUIL-24708',	'Budget_item_detail # BUIL-54917',	33,	1,	353,	1645,	0.00,	'2020-12-15',	39,	39,	'0000-00-00 00:00:00'),
(392,	'BUIL-12460',	'Budget_item_detail # BUIL-37431',	33,	2,	353,	1646,	0.00,	'2020-12-15',	39,	39,	'0000-00-00 00:00:00'),
(393,	'BUIL-3813',	'Budget_item_detail # BUIL-51667',	33,	3,	353,	1647,	0.00,	'2020-12-15',	39,	39,	'0000-00-00 00:00:00'),
(394,	'BUIL-89189',	'Budget_item_detail # BUIL-80923',	33,	4,	353,	1648,	0.00,	'2020-12-15',	39,	39,	'0000-00-00 00:00:00'),
(395,	'BUIL-29401',	'Budget_item_detail # BUIL-14241',	33,	5,	353,	1649,	0.00,	'2020-12-15',	39,	39,	'0000-00-00 00:00:00'),
(396,	'BUIL-76046',	'Budget_item_detail # BUIL-86516',	33,	6,	353,	1650,	0.00,	'2020-12-15',	39,	39,	'0000-00-00 00:00:00'),
(397,	'BUIL-79409',	'Budget_item_detail # BUIL-1660',	34,	7,	353,	1652,	1500000.00,	'2020-12-15',	23,	23,	'0000-00-00 00:00:00'),
(398,	'BUIL-2511',	'Budget_item_detail # BUIL-48371',	34,	8,	353,	1653,	0.00,	'2020-12-15',	23,	23,	'0000-00-00 00:00:00'),
(399,	'BUIL-26789',	'Budget_item_detail # BUIL-49957',	34,	9,	353,	1654,	0.00,	'2020-12-15',	23,	23,	'0000-00-00 00:00:00'),
(400,	'BUIL-25402',	'Budget_item_detail # BUIL-81182',	34,	10,	353,	1655,	0.00,	'2020-12-15',	23,	23,	'0000-00-00 00:00:00'),
(401,	'BUIL-28884',	'Budget_item_detail # BUIL-68212',	34,	11,	353,	1656,	0.00,	'2020-12-15',	23,	23,	'0000-00-00 00:00:00'),
(402,	'BUIL-11118',	'Budget_item_detail # BUIL-24594',	34,	12,	353,	1657,	0.00,	'2020-12-15',	23,	23,	'0000-00-00 00:00:00'),
(403,	'BUIL-58606',	'Budget_item_detail # BUIL-13342',	34,	1,	353,	1658,	0.00,	'2020-12-15',	23,	23,	'0000-00-00 00:00:00'),
(404,	'BUIL-70587',	'Budget_item_detail # BUIL-4392',	34,	2,	353,	1659,	0.00,	'2020-12-15',	23,	23,	'0000-00-00 00:00:00'),
(405,	'BUIL-10603',	'Budget_item_detail # BUIL-39893',	34,	3,	353,	1660,	0.00,	'2020-12-15',	23,	23,	'0000-00-00 00:00:00'),
(406,	'BUIL-5520',	'Budget_item_detail # BUIL-4419',	34,	4,	353,	1661,	0.00,	'2020-12-15',	23,	23,	'0000-00-00 00:00:00'),
(407,	'BUIL-86591',	'Budget_item_detail # BUIL-49667',	34,	5,	353,	1662,	0.00,	'2020-12-15',	23,	23,	'0000-00-00 00:00:00'),
(408,	'BUIL-10398',	'Budget_item_detail # BUIL-7709',	34,	6,	353,	1663,	0.00,	'2020-12-15',	23,	23,	'0000-00-00 00:00:00'),
(409,	'BUIL-66240',	'Budget_item_detail # BUIL-12355',	35,	7,	353,	1665,	1500000.00,	'2020-12-15',	15,	15,	'0000-00-00 00:00:00'),
(410,	'BUIL-44811',	'Budget_item_detail # BUIL-80259',	35,	8,	353,	1666,	0.00,	'2020-12-15',	15,	15,	'0000-00-00 00:00:00'),
(411,	'BUIL-20322',	'Budget_item_detail # BUIL-57765',	35,	9,	353,	1667,	0.00,	'2020-12-15',	15,	15,	'0000-00-00 00:00:00'),
(412,	'BUIL-27145',	'Budget_item_detail # BUIL-69177',	35,	10,	353,	1668,	0.00,	'2020-12-15',	15,	15,	'0000-00-00 00:00:00'),
(413,	'BUIL-48565',	'Budget_item_detail # BUIL-74139',	35,	11,	353,	1669,	0.00,	'2020-12-15',	15,	15,	'0000-00-00 00:00:00'),
(414,	'BUIL-65192',	'Budget_item_detail # BUIL-47465',	35,	12,	353,	1670,	0.00,	'2020-12-15',	15,	15,	'0000-00-00 00:00:00'),
(415,	'BUIL-73840',	'Budget_item_detail # BUIL-8587',	35,	1,	353,	1671,	0.00,	'2020-12-15',	15,	15,	'0000-00-00 00:00:00'),
(416,	'BUIL-21572',	'Budget_item_detail # BUIL-18977',	35,	2,	353,	1672,	0.00,	'2020-12-15',	15,	15,	'0000-00-00 00:00:00'),
(417,	'BUIL-26614',	'Budget_item_detail # BUIL-26773',	35,	3,	353,	1673,	0.00,	'2020-12-15',	15,	15,	'0000-00-00 00:00:00'),
(418,	'BUIL-72814',	'Budget_item_detail # BUIL-3943',	35,	4,	353,	1674,	0.00,	'2020-12-15',	15,	15,	'0000-00-00 00:00:00'),
(419,	'BUIL-69063',	'Budget_item_detail # BUIL-29119',	35,	5,	353,	1675,	0.00,	'2020-12-15',	15,	15,	'0000-00-00 00:00:00'),
(420,	'BUIL-35127',	'Budget_item_detail # BUIL-26362',	35,	6,	353,	1676,	0.00,	'2020-12-15',	15,	15,	'0000-00-00 00:00:00'),
(421,	'BUIL-56039',	'Budget_item_detail # BUIL-89623',	36,	7,	353,	1678,	1500000.00,	'2020-12-15',	19,	19,	'0000-00-00 00:00:00'),
(422,	'BUIL-3640',	'Budget_item_detail # BUIL-16555',	36,	8,	353,	1679,	0.00,	'2020-12-15',	19,	19,	'0000-00-00 00:00:00'),
(423,	'BUIL-74394',	'Budget_item_detail # BUIL-17359',	36,	9,	353,	1680,	0.00,	'2020-12-15',	19,	19,	'0000-00-00 00:00:00'),
(424,	'BUIL-67187',	'Budget_item_detail # BUIL-83925',	36,	10,	353,	1681,	0.00,	'2020-12-15',	19,	19,	'0000-00-00 00:00:00'),
(425,	'BUIL-28156',	'Budget_item_detail # BUIL-38704',	36,	11,	353,	1682,	0.00,	'2020-12-15',	19,	19,	'0000-00-00 00:00:00'),
(426,	'BUIL-38096',	'Budget_item_detail # BUIL-87572',	36,	12,	353,	1683,	0.00,	'2020-12-15',	19,	19,	'0000-00-00 00:00:00'),
(427,	'BUIL-70013',	'Budget_item_detail # BUIL-49188',	36,	1,	353,	1684,	0.00,	'2020-12-15',	19,	19,	'0000-00-00 00:00:00'),
(428,	'BUIL-36109',	'Budget_item_detail # BUIL-18860',	36,	2,	353,	1685,	0.00,	'2020-12-15',	19,	19,	'0000-00-00 00:00:00'),
(429,	'BUIL-6892',	'Budget_item_detail # BUIL-20021',	36,	3,	353,	1686,	0.00,	'2020-12-15',	19,	19,	'0000-00-00 00:00:00'),
(430,	'BUIL-26039',	'Budget_item_detail # BUIL-71311',	36,	4,	353,	1687,	0.00,	'2020-12-15',	19,	19,	'0000-00-00 00:00:00'),
(431,	'BUIL-82521',	'Budget_item_detail # BUIL-41494',	36,	5,	353,	1688,	0.00,	'2020-12-15',	19,	19,	'0000-00-00 00:00:00'),
(432,	'BUIL-39625',	'Budget_item_detail # BUIL-73363',	36,	6,	353,	1689,	0.00,	'2020-12-15',	19,	19,	'0000-00-00 00:00:00'),
(433,	'BUIL-9333',	'Budget_item_detail # BUIL-24930',	37,	7,	353,	1691,	1500000.00,	'2020-12-15',	16,	16,	'0000-00-00 00:00:00'),
(434,	'BUIL-40880',	'Budget_item_detail # BUIL-44519',	37,	8,	353,	1692,	0.00,	'2020-12-15',	16,	16,	'0000-00-00 00:00:00'),
(435,	'BUIL-19528',	'Budget_item_detail # BUIL-54090',	37,	9,	353,	1693,	0.00,	'2020-12-15',	16,	16,	'0000-00-00 00:00:00'),
(436,	'BUIL-30333',	'Budget_item_detail # BUIL-85929',	37,	10,	353,	1694,	0.00,	'2020-12-15',	16,	16,	'0000-00-00 00:00:00'),
(437,	'BUIL-7240',	'Budget_item_detail # BUIL-2416',	37,	11,	353,	1695,	0.00,	'2020-12-15',	16,	16,	'0000-00-00 00:00:00'),
(438,	'BUIL-50961',	'Budget_item_detail # BUIL-33190',	37,	12,	353,	1696,	0.00,	'2020-12-15',	16,	16,	'0000-00-00 00:00:00'),
(439,	'BUIL-53342',	'Budget_item_detail # BUIL-75537',	37,	1,	353,	1697,	0.00,	'2020-12-15',	16,	16,	'0000-00-00 00:00:00'),
(440,	'BUIL-5602',	'Budget_item_detail # BUIL-75859',	37,	2,	353,	1698,	0.00,	'2020-12-15',	16,	16,	'0000-00-00 00:00:00'),
(441,	'BUIL-75469',	'Budget_item_detail # BUIL-80911',	37,	3,	353,	1699,	0.00,	'2020-12-15',	16,	16,	'0000-00-00 00:00:00'),
(442,	'BUIL-69566',	'Budget_item_detail # BUIL-59600',	37,	4,	353,	1700,	0.00,	'2020-12-15',	16,	16,	'0000-00-00 00:00:00'),
(443,	'BUIL-12301',	'Budget_item_detail # BUIL-67804',	37,	5,	353,	1701,	0.00,	'2020-12-15',	16,	16,	'0000-00-00 00:00:00'),
(444,	'BUIL-70826',	'Budget_item_detail # BUIL-76792',	37,	6,	353,	1702,	0.00,	'2020-12-15',	16,	16,	'0000-00-00 00:00:00'),
(445,	'BUIL-16541',	'Budget_item_detail # BUIL-18874',	38,	7,	353,	1704,	675000.00,	'2020-12-15',	25,	25,	'0000-00-00 00:00:00'),
(446,	'BUIL-42934',	'Budget_item_detail # BUIL-39134',	38,	8,	353,	1705,	0.00,	'2020-12-15',	25,	25,	'0000-00-00 00:00:00'),
(447,	'BUIL-36618',	'Budget_item_detail # BUIL-1025',	38,	9,	353,	1706,	0.00,	'2020-12-15',	25,	25,	'0000-00-00 00:00:00'),
(448,	'BUIL-34382',	'Budget_item_detail # BUIL-86856',	38,	10,	353,	1707,	0.00,	'2020-12-15',	25,	25,	'0000-00-00 00:00:00'),
(449,	'BUIL-40372',	'Budget_item_detail # BUIL-28442',	38,	11,	353,	1708,	0.00,	'2020-12-15',	25,	25,	'0000-00-00 00:00:00'),
(450,	'BUIL-7931',	'Budget_item_detail # BUIL-40902',	38,	12,	353,	1709,	0.00,	'2020-12-15',	25,	25,	'0000-00-00 00:00:00'),
(451,	'BUIL-6497',	'Budget_item_detail # BUIL-41234',	38,	1,	353,	1710,	675000.00,	'2020-12-15',	25,	25,	'0000-00-00 00:00:00'),
(452,	'BUIL-23946',	'Budget_item_detail # BUIL-32266',	38,	2,	353,	1711,	0.00,	'2020-12-15',	25,	25,	'0000-00-00 00:00:00'),
(453,	'BUIL-48503',	'Budget_item_detail # BUIL-25194',	38,	3,	353,	1712,	0.00,	'2020-12-15',	25,	25,	'0000-00-00 00:00:00'),
(454,	'BUIL-3142',	'Budget_item_detail # BUIL-25101',	38,	4,	353,	1713,	0.00,	'2020-12-15',	25,	25,	'0000-00-00 00:00:00'),
(455,	'BUIL-82423',	'Budget_item_detail # BUIL-79339',	38,	5,	353,	1714,	0.00,	'2020-12-15',	25,	25,	'0000-00-00 00:00:00'),
(456,	'BUIL-39226',	'Budget_item_detail # BUIL-3607',	38,	6,	353,	1715,	0.00,	'2020-12-15',	25,	25,	'0000-00-00 00:00:00'),
(457,	'BUIL-66620',	'Budget_item_detail # BUIL-5605',	39,	7,	353,	1717,	184600.00,	'2020-12-15',	21,	21,	'0000-00-00 00:00:00'),
(458,	'BUIL-37311',	'Budget_item_detail # BUIL-43122',	39,	8,	353,	1718,	0.00,	'2020-12-15',	21,	21,	'0000-00-00 00:00:00'),
(459,	'BUIL-84202',	'Budget_item_detail # BUIL-11549',	39,	9,	353,	1719,	0.00,	'2020-12-15',	21,	21,	'0000-00-00 00:00:00'),
(460,	'BUIL-25120',	'Budget_item_detail # BUIL-55725',	39,	10,	353,	1720,	0.00,	'2020-12-15',	21,	21,	'0000-00-00 00:00:00'),
(461,	'BUIL-48385',	'Budget_item_detail # BUIL-47005',	39,	11,	353,	1721,	0.00,	'2020-12-15',	21,	21,	'0000-00-00 00:00:00'),
(462,	'BUIL-77423',	'Budget_item_detail # BUIL-14266',	39,	12,	353,	1722,	0.00,	'2020-12-15',	21,	21,	'0000-00-00 00:00:00'),
(463,	'BUIL-39050',	'Budget_item_detail # BUIL-17636',	39,	1,	353,	1723,	0.00,	'2020-12-15',	21,	21,	'0000-00-00 00:00:00'),
(464,	'BUIL-19065',	'Budget_item_detail # BUIL-19359',	39,	2,	353,	1724,	0.00,	'2020-12-15',	21,	21,	'0000-00-00 00:00:00'),
(465,	'BUIL-25716',	'Budget_item_detail # BUIL-77929',	39,	3,	353,	1725,	0.00,	'2020-12-15',	21,	21,	'0000-00-00 00:00:00'),
(466,	'BUIL-47950',	'Budget_item_detail # BUIL-83654',	39,	4,	353,	1726,	0.00,	'2020-12-15',	21,	21,	'0000-00-00 00:00:00'),
(467,	'BUIL-67539',	'Budget_item_detail # BUIL-36003',	39,	5,	353,	1727,	0.00,	'2020-12-15',	21,	21,	'0000-00-00 00:00:00'),
(468,	'BUIL-51909',	'Budget_item_detail # BUIL-82657',	39,	6,	353,	1728,	0.00,	'2020-12-15',	21,	21,	'0000-00-00 00:00:00'),
(469,	'BUIL-9295',	'Budget_item_detail # BUIL-20511',	40,	7,	353,	1730,	0.00,	'2020-12-15',	18,	18,	'0000-00-00 00:00:00'),
(470,	'BUIL-81740',	'Budget_item_detail # BUIL-13999',	40,	8,	353,	1731,	0.00,	'2020-12-15',	18,	18,	'0000-00-00 00:00:00'),
(471,	'BUIL-31820',	'Budget_item_detail # BUIL-21857',	40,	9,	353,	1732,	150000.00,	'2020-12-15',	18,	18,	'0000-00-00 00:00:00'),
(472,	'BUIL-17568',	'Budget_item_detail # BUIL-2674',	40,	10,	353,	1733,	0.00,	'2020-12-15',	18,	18,	'0000-00-00 00:00:00'),
(473,	'BUIL-56654',	'Budget_item_detail # BUIL-26784',	40,	11,	353,	1734,	0.00,	'2020-12-15',	18,	18,	'0000-00-00 00:00:00'),
(474,	'BUIL-6147',	'Budget_item_detail # BUIL-53551',	40,	12,	353,	1735,	0.00,	'2020-12-15',	18,	18,	'0000-00-00 00:00:00'),
(475,	'BUIL-73621',	'Budget_item_detail # BUIL-77324',	40,	1,	353,	1736,	0.00,	'2020-12-15',	18,	18,	'0000-00-00 00:00:00'),
(476,	'BUIL-13938',	'Budget_item_detail # BUIL-12249',	40,	2,	353,	1737,	0.00,	'2020-12-15',	18,	18,	'0000-00-00 00:00:00'),
(477,	'BUIL-61988',	'Budget_item_detail # BUIL-53427',	40,	3,	353,	1738,	0.00,	'2020-12-15',	18,	18,	'0000-00-00 00:00:00'),
(478,	'BUIL-48881',	'Budget_item_detail # BUIL-79056',	40,	4,	353,	1739,	0.00,	'2020-12-15',	18,	18,	'0000-00-00 00:00:00'),
(479,	'BUIL-88058',	'Budget_item_detail # BUIL-27748',	40,	5,	353,	1740,	0.00,	'2020-12-15',	18,	18,	'0000-00-00 00:00:00'),
(480,	'BUIL-3709',	'Budget_item_detail # BUIL-43835',	40,	6,	353,	1741,	0.00,	'2020-12-15',	18,	18,	'0000-00-00 00:00:00'),
(481,	'BUIL-63725',	'Budget_item_detail # BUIL-18732',	41,	7,	353,	1743,	1500000.00,	'2020-12-15',	31,	31,	'0000-00-00 00:00:00'),
(482,	'BUIL-71649',	'Budget_item_detail # BUIL-54727',	41,	8,	353,	1744,	0.00,	'2020-12-15',	31,	31,	'0000-00-00 00:00:00'),
(483,	'BUIL-8385',	'Budget_item_detail # BUIL-27643',	41,	9,	353,	1745,	0.00,	'2020-12-15',	31,	31,	'0000-00-00 00:00:00'),
(484,	'BUIL-84605',	'Budget_item_detail # BUIL-54674',	41,	10,	353,	1746,	0.00,	'2020-12-15',	31,	31,	'0000-00-00 00:00:00'),
(485,	'BUIL-63277',	'Budget_item_detail # BUIL-53304',	41,	11,	353,	1747,	0.00,	'2020-12-15',	31,	31,	'0000-00-00 00:00:00'),
(486,	'BUIL-7191',	'Budget_item_detail # BUIL-39595',	41,	12,	353,	1748,	0.00,	'2020-12-15',	31,	31,	'0000-00-00 00:00:00'),
(487,	'BUIL-35090',	'Budget_item_detail # BUIL-28256',	41,	1,	353,	1749,	1500000.00,	'2020-12-15',	31,	31,	'0000-00-00 00:00:00'),
(488,	'BUIL-77466',	'Budget_item_detail # BUIL-70120',	41,	2,	353,	1750,	0.00,	'2020-12-15',	31,	31,	'0000-00-00 00:00:00'),
(489,	'BUIL-28180',	'Budget_item_detail # BUIL-3869',	41,	3,	353,	1751,	0.00,	'2020-12-15',	31,	31,	'0000-00-00 00:00:00'),
(490,	'BUIL-27094',	'Budget_item_detail # BUIL-88593',	41,	4,	353,	1752,	0.00,	'2020-12-15',	31,	31,	'0000-00-00 00:00:00'),
(491,	'BUIL-29753',	'Budget_item_detail # BUIL-67317',	41,	5,	353,	1753,	0.00,	'2020-12-15',	31,	31,	'0000-00-00 00:00:00'),
(492,	'BUIL-80203',	'Budget_item_detail # BUIL-80968',	41,	6,	353,	1754,	0.00,	'2020-12-15',	31,	31,	'0000-00-00 00:00:00'),
(493,	'BUIL-12716',	'Budget_item_detail # BUIL-33073',	42,	7,	353,	1756,	0.00,	'2020-12-15',	22,	22,	'0000-00-00 00:00:00'),
(494,	'BUIL-30997',	'Budget_item_detail # BUIL-72926',	42,	8,	353,	1757,	0.00,	'2020-12-15',	22,	22,	'0000-00-00 00:00:00'),
(495,	'BUIL-68787',	'Budget_item_detail # BUIL-34422',	42,	9,	353,	1758,	100000.00,	'2020-12-15',	22,	22,	'0000-00-00 00:00:00'),
(496,	'BUIL-81370',	'Budget_item_detail # BUIL-1892',	42,	10,	353,	1759,	0.00,	'2020-12-15',	22,	22,	'0000-00-00 00:00:00'),
(497,	'BUIL-30795',	'Budget_item_detail # BUIL-74737',	42,	11,	353,	1760,	0.00,	'2020-12-15',	22,	22,	'0000-00-00 00:00:00'),
(498,	'BUIL-54679',	'Budget_item_detail # BUIL-28898',	42,	12,	353,	1761,	0.00,	'2020-12-15',	22,	22,	'0000-00-00 00:00:00'),
(499,	'BUIL-77443',	'Budget_item_detail # BUIL-24297',	42,	1,	353,	1762,	0.00,	'2020-12-15',	22,	22,	'0000-00-00 00:00:00'),
(500,	'BUIL-30754',	'Budget_item_detail # BUIL-68196',	42,	2,	353,	1763,	50000.00,	'2020-12-15',	22,	22,	'0000-00-00 00:00:00'),
(501,	'BUIL-1735',	'Budget_item_detail # BUIL-63437',	42,	3,	353,	1764,	0.00,	'2020-12-15',	22,	22,	'0000-00-00 00:00:00'),
(502,	'BUIL-65485',	'Budget_item_detail # BUIL-73943',	42,	4,	353,	1765,	0.00,	'2020-12-15',	22,	22,	'0000-00-00 00:00:00'),
(503,	'BUIL-39152',	'Budget_item_detail # BUIL-45540',	42,	5,	353,	1766,	0.00,	'2020-12-15',	22,	22,	'0000-00-00 00:00:00'),
(504,	'BUIL-54989',	'Budget_item_detail # BUIL-43910',	42,	6,	353,	1767,	0.00,	'2020-12-15',	22,	22,	'0000-00-00 00:00:00'),
(505,	'BUIL-52481',	'Budget_item_detail # BUIL-85467',	43,	7,	353,	1769,	0.00,	'2020-12-15',	37,	37,	'0000-00-00 00:00:00'),
(506,	'BUIL-51958',	'Budget_item_detail # BUIL-86597',	43,	8,	353,	1770,	0.00,	'2020-12-15',	37,	37,	'0000-00-00 00:00:00'),
(507,	'BUIL-56721',	'Budget_item_detail # BUIL-5540',	43,	9,	353,	1771,	0.00,	'2020-12-15',	37,	37,	'0000-00-00 00:00:00'),
(508,	'BUIL-86798',	'Budget_item_detail # BUIL-24854',	43,	10,	353,	1772,	0.00,	'2020-12-15',	37,	37,	'0000-00-00 00:00:00'),
(509,	'BUIL-14313',	'Budget_item_detail # BUIL-24938',	43,	11,	353,	1773,	0.00,	'2020-12-15',	37,	37,	'0000-00-00 00:00:00'),
(510,	'BUIL-27017',	'Budget_item_detail # BUIL-28356',	43,	12,	353,	1774,	0.00,	'2020-12-15',	37,	37,	'0000-00-00 00:00:00'),
(511,	'BUIL-74367',	'Budget_item_detail # BUIL-73696',	43,	1,	353,	1775,	60000.00,	'2020-12-15',	37,	37,	'0000-00-00 00:00:00'),
(512,	'BUIL-9651',	'Budget_item_detail # BUIL-12374',	43,	2,	353,	1776,	0.00,	'2020-12-15',	37,	37,	'0000-00-00 00:00:00'),
(513,	'BUIL-49642',	'Budget_item_detail # BUIL-4331',	43,	3,	353,	1777,	0.00,	'2020-12-15',	37,	37,	'0000-00-00 00:00:00'),
(514,	'BUIL-25729',	'Budget_item_detail # BUIL-16229',	43,	4,	353,	1778,	0.00,	'2020-12-15',	37,	37,	'0000-00-00 00:00:00'),
(515,	'BUIL-4928',	'Budget_item_detail # BUIL-82402',	43,	5,	353,	1779,	0.00,	'2020-12-15',	37,	37,	'0000-00-00 00:00:00'),
(516,	'BUIL-86216',	'Budget_item_detail # BUIL-66037',	43,	6,	353,	1780,	0.00,	'2020-12-15',	37,	37,	'0000-00-00 00:00:00'),
(517,	'BUIL-23685',	'Budget_item_detail # BUIL-18377',	44,	7,	353,	1782,	150000.00,	'2020-12-15',	40,	40,	'0000-00-00 00:00:00'),
(518,	'BUIL-8281',	'Budget_item_detail # BUIL-76937',	44,	8,	353,	1783,	0.00,	'2020-12-15',	40,	40,	'0000-00-00 00:00:00'),
(519,	'BUIL-45901',	'Budget_item_detail # BUIL-89381',	44,	9,	353,	1784,	0.00,	'2020-12-15',	40,	40,	'0000-00-00 00:00:00'),
(520,	'BUIL-87996',	'Budget_item_detail # BUIL-61098',	44,	10,	353,	1785,	0.00,	'2020-12-15',	40,	40,	'0000-00-00 00:00:00'),
(521,	'BUIL-5992',	'Budget_item_detail # BUIL-19572',	44,	11,	353,	1786,	0.00,	'2020-12-15',	40,	40,	'0000-00-00 00:00:00'),
(522,	'BUIL-8606',	'Budget_item_detail # BUIL-56140',	44,	12,	353,	1787,	0.00,	'2020-12-15',	40,	40,	'0000-00-00 00:00:00'),
(523,	'BUIL-81889',	'Budget_item_detail # BUIL-2951',	44,	1,	353,	1788,	0.00,	'2020-12-15',	40,	40,	'0000-00-00 00:00:00'),
(524,	'BUIL-72759',	'Budget_item_detail # BUIL-34097',	44,	2,	353,	1789,	0.00,	'2020-12-15',	40,	40,	'0000-00-00 00:00:00'),
(525,	'BUIL-39529',	'Budget_item_detail # BUIL-68490',	44,	3,	353,	1790,	0.00,	'2020-12-15',	40,	40,	'0000-00-00 00:00:00'),
(526,	'BUIL-80021',	'Budget_item_detail # BUIL-10837',	44,	4,	353,	1791,	0.00,	'2020-12-15',	40,	40,	'0000-00-00 00:00:00'),
(527,	'BUIL-61705',	'Budget_item_detail # BUIL-47403',	44,	5,	353,	1792,	0.00,	'2020-12-15',	40,	40,	'0000-00-00 00:00:00'),
(528,	'BUIL-10008',	'Budget_item_detail # BUIL-43903',	44,	6,	353,	1793,	0.00,	'2020-12-15',	40,	40,	'0000-00-00 00:00:00'),
(529,	'BUIL-9192',	'Budget_item_detail # BUIL-36794',	45,	7,	353,	1795,	1500000.00,	'2020-12-15',	34,	34,	'0000-00-00 00:00:00'),
(530,	'BUIL-69296',	'Budget_item_detail # BUIL-79330',	45,	8,	353,	1796,	0.00,	'2020-12-15',	34,	34,	'0000-00-00 00:00:00'),
(531,	'BUIL-19916',	'Budget_item_detail # BUIL-48599',	45,	9,	353,	1797,	0.00,	'2020-12-15',	34,	34,	'0000-00-00 00:00:00'),
(532,	'BUIL-38194',	'Budget_item_detail # BUIL-33375',	45,	10,	353,	1798,	0.00,	'2020-12-15',	34,	34,	'0000-00-00 00:00:00'),
(533,	'BUIL-38436',	'Budget_item_detail # BUIL-69431',	45,	11,	353,	1799,	0.00,	'2020-12-15',	34,	34,	'0000-00-00 00:00:00'),
(534,	'BUIL-21448',	'Budget_item_detail # BUIL-47377',	45,	12,	353,	1800,	0.00,	'2020-12-15',	34,	34,	'0000-00-00 00:00:00'),
(535,	'BUIL-44706',	'Budget_item_detail # BUIL-77365',	45,	1,	353,	1801,	0.00,	'2020-12-15',	34,	34,	'0000-00-00 00:00:00'),
(536,	'BUIL-89420',	'Budget_item_detail # BUIL-64782',	45,	2,	353,	1802,	0.00,	'2020-12-15',	34,	34,	'0000-00-00 00:00:00'),
(537,	'BUIL-39451',	'Budget_item_detail # BUIL-21261',	45,	3,	353,	1803,	0.00,	'2020-12-15',	34,	34,	'0000-00-00 00:00:00'),
(538,	'BUIL-46775',	'Budget_item_detail # BUIL-86084',	45,	4,	353,	1804,	0.00,	'2020-12-15',	34,	34,	'0000-00-00 00:00:00'),
(539,	'BUIL-35777',	'Budget_item_detail # BUIL-37232',	45,	5,	353,	1805,	0.00,	'2020-12-15',	34,	34,	'0000-00-00 00:00:00'),
(540,	'BUIL-60410',	'Budget_item_detail # BUIL-29659',	45,	6,	353,	1806,	0.00,	'2020-12-15',	34,	34,	'0000-00-00 00:00:00'),
(541,	'BUIL-26303',	'Budget_item_detail # BUIL-64479',	46,	7,	353,	1808,	184600.00,	'2020-12-15',	24,	24,	'0000-00-00 00:00:00'),
(542,	'BUIL-27292',	'Budget_item_detail # BUIL-32580',	46,	8,	353,	1809,	0.00,	'2020-12-15',	24,	24,	'0000-00-00 00:00:00'),
(543,	'BUIL-85260',	'Budget_item_detail # BUIL-17521',	46,	9,	353,	1810,	0.00,	'2020-12-15',	24,	24,	'0000-00-00 00:00:00'),
(544,	'BUIL-59076',	'Budget_item_detail # BUIL-73492',	46,	10,	353,	1811,	0.00,	'2020-12-15',	24,	24,	'0000-00-00 00:00:00'),
(545,	'BUIL-4564',	'Budget_item_detail # BUIL-85561',	46,	11,	353,	1812,	0.00,	'2020-12-15',	24,	24,	'0000-00-00 00:00:00'),
(546,	'BUIL-65164',	'Budget_item_detail # BUIL-66903',	46,	12,	353,	1813,	0.00,	'2020-12-15',	24,	24,	'0000-00-00 00:00:00'),
(547,	'BUIL-32802',	'Budget_item_detail # BUIL-52250',	46,	1,	353,	1814,	184600.00,	'2020-12-15',	24,	24,	'0000-00-00 00:00:00'),
(548,	'BUIL-5221',	'Budget_item_detail # BUIL-75327',	46,	2,	353,	1815,	0.00,	'2020-12-15',	24,	24,	'0000-00-00 00:00:00'),
(549,	'BUIL-78384',	'Budget_item_detail # BUIL-11321',	46,	3,	353,	1816,	0.00,	'2020-12-15',	24,	24,	'0000-00-00 00:00:00'),
(550,	'BUIL-87633',	'Budget_item_detail # BUIL-80186',	46,	4,	353,	1817,	0.00,	'2020-12-15',	24,	24,	'0000-00-00 00:00:00'),
(551,	'BUIL-83234',	'Budget_item_detail # BUIL-89396',	46,	5,	353,	1818,	0.00,	'2020-12-15',	24,	24,	'0000-00-00 00:00:00'),
(552,	'BUIL-39721',	'Budget_item_detail # BUIL-43057',	46,	6,	353,	1819,	0.00,	'2020-12-15',	24,	24,	'0000-00-00 00:00:00'),
(553,	'BUIL-67167',	'Budget_item_detail # BUIL-19362',	47,	7,	353,	1821,	100000.00,	'2020-12-15',	17,	17,	'0000-00-00 00:00:00'),
(554,	'BUIL-86783',	'Budget_item_detail # BUIL-39045',	47,	8,	353,	1822,	0.00,	'2020-12-15',	17,	17,	'0000-00-00 00:00:00'),
(555,	'BUIL-27898',	'Budget_item_detail # BUIL-72679',	47,	9,	353,	1823,	0.00,	'2020-12-15',	17,	17,	'0000-00-00 00:00:00'),
(556,	'BUIL-78258',	'Budget_item_detail # BUIL-28124',	47,	10,	353,	1824,	0.00,	'2020-12-15',	17,	17,	'0000-00-00 00:00:00'),
(557,	'BUIL-71654',	'Budget_item_detail # BUIL-55755',	47,	11,	353,	1825,	0.00,	'2020-12-15',	17,	17,	'0000-00-00 00:00:00'),
(558,	'BUIL-80974',	'Budget_item_detail # BUIL-76817',	47,	12,	353,	1826,	0.00,	'2020-12-15',	17,	17,	'0000-00-00 00:00:00'),
(559,	'BUIL-67497',	'Budget_item_detail # BUIL-29477',	47,	1,	353,	1827,	0.00,	'2020-12-15',	17,	17,	'0000-00-00 00:00:00'),
(560,	'BUIL-27847',	'Budget_item_detail # BUIL-52337',	47,	2,	353,	1828,	0.00,	'2020-12-15',	17,	17,	'0000-00-00 00:00:00'),
(561,	'BUIL-33097',	'Budget_item_detail # BUIL-59554',	47,	3,	353,	1829,	0.00,	'2020-12-15',	17,	17,	'0000-00-00 00:00:00'),
(562,	'BUIL-57085',	'Budget_item_detail # BUIL-12633',	47,	4,	353,	1830,	0.00,	'2020-12-15',	17,	17,	'0000-00-00 00:00:00'),
(563,	'BUIL-40586',	'Budget_item_detail # BUIL-45548',	47,	5,	353,	1831,	0.00,	'2020-12-15',	17,	17,	'0000-00-00 00:00:00'),
(564,	'BUIL-15718',	'Budget_item_detail # BUIL-34803',	47,	6,	353,	1832,	0.00,	'2020-12-15',	17,	17,	'0000-00-00 00:00:00'),
(565,	'BUIL-60783',	'Budget_item_detail # BUIL-11503',	48,	7,	353,	1834,	0.00,	'2020-12-15',	35,	35,	'0000-00-00 00:00:00'),
(566,	'BUIL-6946',	'Budget_item_detail # BUIL-34689',	48,	8,	353,	1835,	0.00,	'2020-12-15',	35,	35,	'0000-00-00 00:00:00'),
(567,	'BUIL-51559',	'Budget_item_detail # BUIL-6688',	48,	9,	353,	1836,	460000.00,	'2020-12-15',	35,	35,	'0000-00-00 00:00:00'),
(568,	'BUIL-77523',	'Budget_item_detail # BUIL-28642',	48,	10,	353,	1837,	0.00,	'2020-12-15',	35,	35,	'0000-00-00 00:00:00'),
(569,	'BUIL-12362',	'Budget_item_detail # BUIL-56792',	48,	11,	353,	1838,	0.00,	'2020-12-15',	35,	35,	'0000-00-00 00:00:00'),
(570,	'BUIL-79617',	'Budget_item_detail # BUIL-71288',	48,	12,	353,	1839,	460000.00,	'2020-12-15',	35,	35,	'0000-00-00 00:00:00'),
(571,	'BUIL-2834',	'Budget_item_detail # BUIL-31465',	48,	1,	353,	1840,	0.00,	'2020-12-15',	35,	35,	'0000-00-00 00:00:00'),
(572,	'BUIL-73172',	'Budget_item_detail # BUIL-62685',	48,	2,	353,	1841,	0.00,	'2020-12-15',	35,	35,	'0000-00-00 00:00:00'),
(573,	'BUIL-85342',	'Budget_item_detail # BUIL-55517',	48,	3,	353,	1842,	0.00,	'2020-12-15',	35,	35,	'0000-00-00 00:00:00'),
(574,	'BUIL-1570',	'Budget_item_detail # BUIL-48625',	48,	4,	353,	1843,	460000.00,	'2020-12-15',	35,	35,	'0000-00-00 00:00:00'),
(575,	'BUIL-33993',	'Budget_item_detail # BUIL-37980',	48,	5,	353,	1844,	0.00,	'2020-12-15',	35,	35,	'0000-00-00 00:00:00'),
(576,	'BUIL-61874',	'Budget_item_detail # BUIL-4737',	48,	6,	353,	1845,	0.00,	'2020-12-15',	35,	35,	'0000-00-00 00:00:00'),
(577,	'BUIL-82521',	'Budget_item_detail # BUIL-30307',	49,	7,	353,	1847,	700000.00,	'2020-12-15',	23,	23,	'0000-00-00 00:00:00'),
(578,	'BUIL-60478',	'Budget_item_detail # BUIL-65029',	49,	8,	353,	1848,	0.00,	'2020-12-15',	23,	23,	'0000-00-00 00:00:00'),
(579,	'BUIL-16922',	'Budget_item_detail # BUIL-21421',	49,	9,	353,	1849,	0.00,	'2020-12-15',	23,	23,	'0000-00-00 00:00:00'),
(580,	'BUIL-67368',	'Budget_item_detail # BUIL-63393',	49,	10,	353,	1850,	0.00,	'2020-12-15',	23,	23,	'0000-00-00 00:00:00'),
(581,	'BUIL-2292',	'Budget_item_detail # BUIL-3377',	49,	11,	353,	1851,	0.00,	'2020-12-15',	23,	23,	'0000-00-00 00:00:00'),
(582,	'BUIL-70263',	'Budget_item_detail # BUIL-30198',	49,	12,	353,	1852,	0.00,	'2020-12-15',	23,	23,	'0000-00-00 00:00:00'),
(583,	'BUIL-41254',	'Budget_item_detail # BUIL-77271',	49,	1,	353,	1853,	0.00,	'2020-12-15',	23,	23,	'0000-00-00 00:00:00'),
(584,	'BUIL-89658',	'Budget_item_detail # BUIL-71097',	49,	2,	353,	1854,	0.00,	'2020-12-15',	23,	23,	'0000-00-00 00:00:00'),
(585,	'BUIL-70694',	'Budget_item_detail # BUIL-10970',	49,	3,	353,	1855,	0.00,	'2020-12-15',	23,	23,	'0000-00-00 00:00:00'),
(586,	'BUIL-54588',	'Budget_item_detail # BUIL-79669',	49,	4,	353,	1856,	0.00,	'2020-12-15',	23,	23,	'0000-00-00 00:00:00'),
(587,	'BUIL-42560',	'Budget_item_detail # BUIL-81360',	49,	5,	353,	1857,	0.00,	'2020-12-15',	23,	23,	'0000-00-00 00:00:00'),
(588,	'BUIL-33783',	'Budget_item_detail # BUIL-19456',	49,	6,	353,	1858,	0.00,	'2020-12-15',	23,	23,	'0000-00-00 00:00:00'),
(589,	'BUIL-18902',	'Budget_item_detail # BUIL-54050',	50,	7,	353,	1860,	700000.00,	'2020-12-15',	39,	39,	'0000-00-00 00:00:00'),
(590,	'BUIL-71974',	'Budget_item_detail # BUIL-79797',	50,	8,	353,	1861,	0.00,	'2020-12-15',	39,	39,	'0000-00-00 00:00:00'),
(591,	'BUIL-53990',	'Budget_item_detail # BUIL-48228',	50,	9,	353,	1862,	0.00,	'2020-12-15',	39,	39,	'0000-00-00 00:00:00'),
(592,	'BUIL-80521',	'Budget_item_detail # BUIL-76135',	50,	10,	353,	1863,	0.00,	'2020-12-15',	39,	39,	'0000-00-00 00:00:00'),
(593,	'BUIL-64085',	'Budget_item_detail # BUIL-48920',	50,	11,	353,	1864,	0.00,	'2020-12-15',	39,	39,	'0000-00-00 00:00:00'),
(594,	'BUIL-69896',	'Budget_item_detail # BUIL-76927',	50,	12,	353,	1865,	0.00,	'2020-12-15',	39,	39,	'0000-00-00 00:00:00'),
(595,	'BUIL-64331',	'Budget_item_detail # BUIL-20029',	50,	1,	353,	1866,	0.00,	'2020-12-15',	39,	39,	'0000-00-00 00:00:00'),
(596,	'BUIL-67614',	'Budget_item_detail # BUIL-19992',	50,	2,	353,	1867,	0.00,	'2020-12-15',	39,	39,	'0000-00-00 00:00:00'),
(597,	'BUIL-40623',	'Budget_item_detail # BUIL-59845',	50,	3,	353,	1868,	0.00,	'2020-12-15',	39,	39,	'0000-00-00 00:00:00'),
(598,	'BUIL-85426',	'Budget_item_detail # BUIL-24454',	50,	4,	353,	1869,	0.00,	'2020-12-15',	39,	39,	'0000-00-00 00:00:00'),
(599,	'BUIL-14228',	'Budget_item_detail # BUIL-56540',	50,	5,	353,	1870,	0.00,	'2020-12-15',	39,	39,	'0000-00-00 00:00:00'),
(600,	'BUIL-72987',	'Budget_item_detail # BUIL-9918',	50,	6,	353,	1871,	0.00,	'2020-12-15',	39,	39,	'0000-00-00 00:00:00'),
(601,	'BUIL-25941',	'Budget_item_detail # BUIL-23214',	51,	7,	353,	1873,	0.00,	'2020-12-15',	30,	30,	'0000-00-00 00:00:00'),
(602,	'BUIL-27072',	'Budget_item_detail # BUIL-60078',	51,	8,	353,	1874,	0.00,	'2020-12-15',	30,	30,	'0000-00-00 00:00:00'),
(603,	'BUIL-56634',	'Budget_item_detail # BUIL-41147',	51,	9,	353,	1875,	0.00,	'2020-12-15',	30,	30,	'0000-00-00 00:00:00'),
(604,	'BUIL-77315',	'Budget_item_detail # BUIL-24282',	51,	10,	353,	1876,	390000.00,	'2020-12-15',	30,	30,	'0000-00-00 00:00:00'),
(605,	'BUIL-21918',	'Budget_item_detail # BUIL-6717',	51,	11,	353,	1877,	390000.00,	'2020-12-15',	30,	30,	'0000-00-00 00:00:00'),
(606,	'BUIL-50842',	'Budget_item_detail # BUIL-27492',	51,	12,	353,	1878,	0.00,	'2020-12-15',	30,	30,	'0000-00-00 00:00:00'),
(607,	'BUIL-28267',	'Budget_item_detail # BUIL-20149',	51,	1,	353,	1879,	0.00,	'2020-12-15',	30,	30,	'0000-00-00 00:00:00'),
(608,	'BUIL-14571',	'Budget_item_detail # BUIL-42067',	51,	2,	353,	1880,	0.00,	'2020-12-15',	30,	30,	'0000-00-00 00:00:00'),
(609,	'BUIL-3580',	'Budget_item_detail # BUIL-56587',	51,	3,	353,	1881,	0.00,	'2020-12-15',	30,	30,	'0000-00-00 00:00:00'),
(610,	'BUIL-15691',	'Budget_item_detail # BUIL-23262',	51,	4,	353,	1882,	0.00,	'2020-12-15',	30,	30,	'0000-00-00 00:00:00'),
(611,	'BUIL-43476',	'Budget_item_detail # BUIL-55152',	51,	5,	353,	1883,	0.00,	'2020-12-15',	30,	30,	'0000-00-00 00:00:00'),
(612,	'BUIL-4552',	'Budget_item_detail # BUIL-56533',	51,	6,	353,	1884,	0.00,	'2020-12-15',	30,	30,	'0000-00-00 00:00:00'),
(613,	'BUIL-71070',	'Budget_item_detail # BUIL-13712',	52,	7,	353,	1886,	150000.00,	'2020-12-15',	18,	18,	'0000-00-00 00:00:00'),
(614,	'BUIL-35513',	'Budget_item_detail # BUIL-2303',	52,	8,	353,	1887,	0.00,	'2020-12-15',	18,	18,	'0000-00-00 00:00:00'),
(615,	'BUIL-40278',	'Budget_item_detail # BUIL-14533',	52,	9,	353,	1888,	0.00,	'2020-12-15',	18,	18,	'0000-00-00 00:00:00'),
(616,	'BUIL-46700',	'Budget_item_detail # BUIL-6642',	52,	10,	353,	1889,	0.00,	'2020-12-15',	18,	18,	'0000-00-00 00:00:00'),
(617,	'BUIL-28711',	'Budget_item_detail # BUIL-3397',	52,	11,	353,	1890,	0.00,	'2020-12-15',	18,	18,	'0000-00-00 00:00:00'),
(618,	'BUIL-24698',	'Budget_item_detail # BUIL-44705',	52,	12,	353,	1891,	0.00,	'2020-12-15',	18,	18,	'0000-00-00 00:00:00'),
(619,	'BUIL-36170',	'Budget_item_detail # BUIL-48119',	52,	1,	353,	1892,	0.00,	'2020-12-15',	18,	18,	'0000-00-00 00:00:00'),
(620,	'BUIL-56529',	'Budget_item_detail # BUIL-70210',	52,	2,	353,	1893,	0.00,	'2020-12-15',	18,	18,	'0000-00-00 00:00:00'),
(621,	'BUIL-56002',	'Budget_item_detail # BUIL-31054',	52,	3,	353,	1894,	0.00,	'2020-12-15',	18,	18,	'0000-00-00 00:00:00'),
(622,	'BUIL-55510',	'Budget_item_detail # BUIL-23427',	52,	4,	353,	1895,	0.00,	'2020-12-15',	18,	18,	'0000-00-00 00:00:00'),
(623,	'BUIL-4707',	'Budget_item_detail # BUIL-11371',	52,	5,	353,	1896,	0.00,	'2020-12-15',	18,	18,	'0000-00-00 00:00:00'),
(624,	'BUIL-25822',	'Budget_item_detail # BUIL-54477',	52,	6,	353,	1897,	0.00,	'2020-12-15',	18,	18,	'0000-00-00 00:00:00'),
(625,	'BUIL-42856',	'Budget_item_detail # BUIL-88896',	53,	7,	353,	1899,	0.00,	'2020-12-15',	17,	17,	'0000-00-00 00:00:00'),
(626,	'BUIL-11098',	'Budget_item_detail # BUIL-9728',	53,	8,	353,	1900,	0.00,	'2020-12-15',	17,	17,	'0000-00-00 00:00:00'),
(627,	'BUIL-40883',	'Budget_item_detail # BUIL-7990',	53,	9,	353,	1901,	0.00,	'2020-12-15',	17,	17,	'0000-00-00 00:00:00'),
(628,	'BUIL-6865',	'Budget_item_detail # BUIL-16403',	53,	10,	353,	1902,	0.00,	'2020-12-15',	17,	17,	'0000-00-00 00:00:00'),
(629,	'BUIL-55966',	'Budget_item_detail # BUIL-89734',	53,	11,	353,	1903,	0.00,	'2020-12-15',	17,	17,	'0000-00-00 00:00:00'),
(630,	'BUIL-8058',	'Budget_item_detail # BUIL-59588',	53,	12,	353,	1904,	0.00,	'2020-12-15',	17,	17,	'0000-00-00 00:00:00'),
(631,	'BUIL-45363',	'Budget_item_detail # BUIL-56631',	53,	1,	353,	1905,	0.00,	'2020-12-15',	17,	17,	'0000-00-00 00:00:00'),
(632,	'BUIL-65253',	'Budget_item_detail # BUIL-37649',	53,	2,	353,	1906,	0.00,	'2020-12-15',	17,	17,	'0000-00-00 00:00:00'),
(633,	'BUIL-14962',	'Budget_item_detail # BUIL-39646',	53,	3,	353,	1907,	0.00,	'2020-12-15',	17,	17,	'0000-00-00 00:00:00'),
(634,	'BUIL-16077',	'Budget_item_detail # BUIL-85991',	53,	4,	353,	1908,	38000.00,	'2020-12-15',	17,	17,	'0000-00-00 00:00:00'),
(635,	'BUIL-50217',	'Budget_item_detail # BUIL-55014',	53,	5,	353,	1909,	0.00,	'2020-12-15',	17,	17,	'0000-00-00 00:00:00'),
(636,	'BUIL-2082',	'Budget_item_detail # BUIL-64663',	53,	6,	353,	1910,	0.00,	'2020-12-15',	17,	17,	'0000-00-00 00:00:00'),
(637,	'BUIL-55434',	'Budget_item_detail # BUIL-22073',	54,	7,	353,	1912,	0.00,	'2020-12-15',	31,	31,	'0000-00-00 00:00:00'),
(638,	'BUIL-23861',	'Budget_item_detail # BUIL-58697',	54,	8,	353,	1913,	0.00,	'2020-12-15',	31,	31,	'0000-00-00 00:00:00'),
(639,	'BUIL-35651',	'Budget_item_detail # BUIL-71097',	54,	9,	353,	1914,	0.00,	'2020-12-15',	31,	31,	'0000-00-00 00:00:00'),
(640,	'BUIL-73455',	'Budget_item_detail # BUIL-86755',	54,	10,	353,	1915,	0.00,	'2020-12-15',	31,	31,	'0000-00-00 00:00:00'),
(641,	'BUIL-26720',	'Budget_item_detail # BUIL-79740',	54,	11,	353,	1916,	0.00,	'2020-12-15',	31,	31,	'0000-00-00 00:00:00'),
(642,	'BUIL-30315',	'Budget_item_detail # BUIL-61454',	54,	12,	353,	1917,	0.00,	'2020-12-15',	31,	31,	'0000-00-00 00:00:00'),
(643,	'BUIL-86382',	'Budget_item_detail # BUIL-54551',	54,	1,	353,	1918,	700000.00,	'2020-12-15',	31,	31,	'0000-00-00 00:00:00'),
(644,	'BUIL-27153',	'Budget_item_detail # BUIL-70617',	54,	2,	353,	1919,	0.00,	'2020-12-15',	31,	31,	'0000-00-00 00:00:00'),
(645,	'BUIL-21180',	'Budget_item_detail # BUIL-25976',	54,	3,	353,	1920,	0.00,	'2020-12-15',	31,	31,	'0000-00-00 00:00:00'),
(646,	'BUIL-2815',	'Budget_item_detail # BUIL-70480',	54,	4,	353,	1921,	0.00,	'2020-12-15',	31,	31,	'0000-00-00 00:00:00'),
(647,	'BUIL-55044',	'Budget_item_detail # BUIL-72571',	54,	5,	353,	1922,	0.00,	'2020-12-15',	31,	31,	'0000-00-00 00:00:00'),
(648,	'BUIL-33218',	'Budget_item_detail # BUIL-2157',	54,	6,	353,	1923,	0.00,	'2020-12-15',	31,	31,	'0000-00-00 00:00:00'),
(649,	'BUIL-21442',	'Budget_item_detail # BUIL-43940',	55,	7,	353,	1925,	700000.00,	'2020-12-15',	19,	19,	'0000-00-00 00:00:00'),
(650,	'BUIL-19967',	'Budget_item_detail # BUIL-25171',	55,	8,	353,	1926,	0.00,	'2020-12-15',	19,	19,	'0000-00-00 00:00:00'),
(651,	'BUIL-74111',	'Budget_item_detail # BUIL-87167',	55,	9,	353,	1927,	0.00,	'2020-12-15',	19,	19,	'0000-00-00 00:00:00'),
(652,	'BUIL-3392',	'Budget_item_detail # BUIL-67324',	55,	10,	353,	1928,	0.00,	'2020-12-15',	19,	19,	'0000-00-00 00:00:00'),
(653,	'BUIL-44856',	'Budget_item_detail # BUIL-8284',	55,	11,	353,	1929,	0.00,	'2020-12-15',	19,	19,	'0000-00-00 00:00:00'),
(654,	'BUIL-4570',	'Budget_item_detail # BUIL-13107',	55,	12,	353,	1930,	0.00,	'2020-12-15',	19,	19,	'0000-00-00 00:00:00'),
(655,	'BUIL-47300',	'Budget_item_detail # BUIL-77570',	55,	1,	353,	1931,	0.00,	'2020-12-15',	19,	19,	'0000-00-00 00:00:00'),
(656,	'BUIL-53453',	'Budget_item_detail # BUIL-41691',	55,	2,	353,	1932,	0.00,	'2020-12-15',	19,	19,	'0000-00-00 00:00:00'),
(657,	'BUIL-36578',	'Budget_item_detail # BUIL-25597',	55,	3,	353,	1933,	0.00,	'2020-12-15',	19,	19,	'0000-00-00 00:00:00'),
(658,	'BUIL-29251',	'Budget_item_detail # BUIL-39851',	55,	4,	353,	1934,	0.00,	'2020-12-15',	19,	19,	'0000-00-00 00:00:00'),
(659,	'BUIL-4870',	'Budget_item_detail # BUIL-42600',	55,	5,	353,	1935,	0.00,	'2020-12-15',	19,	19,	'0000-00-00 00:00:00'),
(660,	'BUIL-12297',	'Budget_item_detail # BUIL-25748',	55,	6,	353,	1936,	0.00,	'2020-12-15',	19,	19,	'0000-00-00 00:00:00'),
(661,	'BUIL-77248',	'Budget_item_detail # BUIL-3240',	56,	7,	353,	1938,	700000.00,	'2020-12-15',	34,	34,	'0000-00-00 00:00:00'),
(662,	'BUIL-45946',	'Budget_item_detail # BUIL-13041',	56,	8,	353,	1939,	0.00,	'2020-12-15',	34,	34,	'0000-00-00 00:00:00'),
(663,	'BUIL-16981',	'Budget_item_detail # BUIL-50153',	56,	9,	353,	1940,	0.00,	'2020-12-15',	34,	34,	'0000-00-00 00:00:00'),
(664,	'BUIL-39238',	'Budget_item_detail # BUIL-43463',	56,	10,	353,	1941,	0.00,	'2020-12-15',	34,	34,	'0000-00-00 00:00:00'),
(665,	'BUIL-88048',	'Budget_item_detail # BUIL-79125',	56,	11,	353,	1942,	0.00,	'2020-12-15',	34,	34,	'0000-00-00 00:00:00'),
(666,	'BUIL-78056',	'Budget_item_detail # BUIL-27316',	56,	12,	353,	1943,	0.00,	'2020-12-15',	34,	34,	'0000-00-00 00:00:00'),
(667,	'BUIL-46557',	'Budget_item_detail # BUIL-41899',	56,	1,	353,	1944,	0.00,	'2020-12-15',	34,	34,	'0000-00-00 00:00:00'),
(668,	'BUIL-12140',	'Budget_item_detail # BUIL-79220',	56,	2,	353,	1945,	0.00,	'2020-12-15',	34,	34,	'0000-00-00 00:00:00'),
(669,	'BUIL-26875',	'Budget_item_detail # BUIL-16529',	56,	3,	353,	1946,	0.00,	'2020-12-15',	34,	34,	'0000-00-00 00:00:00'),
(670,	'BUIL-38183',	'Budget_item_detail # BUIL-4555',	56,	4,	353,	1947,	0.00,	'2020-12-15',	34,	34,	'0000-00-00 00:00:00'),
(671,	'BUIL-21863',	'Budget_item_detail # BUIL-16616',	56,	5,	353,	1948,	0.00,	'2020-12-15',	34,	34,	'0000-00-00 00:00:00'),
(672,	'BUIL-35967',	'Budget_item_detail # BUIL-6771',	56,	6,	353,	1949,	0.00,	'2020-12-15',	34,	34,	'0000-00-00 00:00:00'),
(673,	'BUIL-71610',	'Budget_item_detail # BUIL-79934',	57,	7,	353,	1951,	0.00,	'2020-12-15',	23,	23,	'0000-00-00 00:00:00'),
(674,	'BUIL-3998',	'Budget_item_detail # BUIL-26552',	57,	8,	353,	1952,	0.00,	'2020-12-15',	23,	23,	'0000-00-00 00:00:00'),
(675,	'BUIL-13778',	'Budget_item_detail # BUIL-28606',	57,	9,	353,	1953,	0.00,	'2020-12-15',	23,	23,	'0000-00-00 00:00:00'),
(676,	'BUIL-22129',	'Budget_item_detail # BUIL-27596',	57,	10,	353,	1954,	0.00,	'2020-12-15',	23,	23,	'0000-00-00 00:00:00'),
(677,	'BUIL-51031',	'Budget_item_detail # BUIL-41084',	57,	11,	353,	1955,	0.00,	'2020-12-15',	23,	23,	'0000-00-00 00:00:00'),
(678,	'BUIL-10268',	'Budget_item_detail # BUIL-79312',	57,	12,	353,	1956,	0.00,	'2020-12-15',	23,	23,	'0000-00-00 00:00:00'),
(679,	'BUIL-29823',	'Budget_item_detail # BUIL-32522',	57,	1,	353,	1957,	60000.00,	'2020-12-15',	23,	23,	'0000-00-00 00:00:00'),
(680,	'BUIL-28869',	'Budget_item_detail # BUIL-52173',	57,	2,	353,	1958,	0.00,	'2020-12-15',	23,	23,	'0000-00-00 00:00:00'),
(681,	'BUIL-62815',	'Budget_item_detail # BUIL-59423',	57,	3,	353,	1959,	0.00,	'2020-12-15',	23,	23,	'0000-00-00 00:00:00'),
(682,	'BUIL-18403',	'Budget_item_detail # BUIL-3415',	57,	4,	353,	1960,	0.00,	'2020-12-15',	23,	23,	'0000-00-00 00:00:00'),
(683,	'BUIL-30833',	'Budget_item_detail # BUIL-61671',	57,	5,	353,	1961,	0.00,	'2020-12-15',	23,	23,	'0000-00-00 00:00:00'),
(684,	'BUIL-27477',	'Budget_item_detail # BUIL-20534',	57,	6,	353,	1962,	0.00,	'2020-12-15',	23,	23,	'0000-00-00 00:00:00'),
(685,	'BUIL-10961',	'Budget_item_detail # BUIL-33599',	58,	7,	353,	1964,	184600.00,	'2020-12-15',	12,	12,	'0000-00-00 00:00:00'),
(686,	'BUIL-47629',	'Budget_item_detail # BUIL-1738',	58,	8,	353,	1965,	0.00,	'2020-12-15',	12,	12,	'0000-00-00 00:00:00'),
(687,	'BUIL-60819',	'Budget_item_detail # BUIL-44074',	58,	9,	353,	1966,	0.00,	'2020-12-15',	12,	12,	'0000-00-00 00:00:00'),
(688,	'BUIL-41122',	'Budget_item_detail # BUIL-62534',	58,	10,	353,	1967,	0.00,	'2020-12-15',	12,	12,	'0000-00-00 00:00:00'),
(689,	'BUIL-4487',	'Budget_item_detail # BUIL-88066',	58,	11,	353,	1968,	0.00,	'2020-12-15',	12,	12,	'0000-00-00 00:00:00'),
(690,	'BUIL-7271',	'Budget_item_detail # BUIL-32568',	58,	12,	353,	1969,	0.00,	'2020-12-15',	12,	12,	'0000-00-00 00:00:00'),
(691,	'BUIL-20014',	'Budget_item_detail # BUIL-76827',	58,	1,	353,	1970,	184600.00,	'2020-12-15',	12,	12,	'0000-00-00 00:00:00'),
(692,	'BUIL-80991',	'Budget_item_detail # BUIL-64876',	58,	2,	353,	1971,	0.00,	'2020-12-15',	12,	12,	'0000-00-00 00:00:00'),
(693,	'BUIL-84484',	'Budget_item_detail # BUIL-70413',	58,	3,	353,	1972,	0.00,	'2020-12-15',	12,	12,	'0000-00-00 00:00:00'),
(694,	'BUIL-3178',	'Budget_item_detail # BUIL-75018',	58,	4,	353,	1973,	0.00,	'2020-12-15',	12,	12,	'0000-00-00 00:00:00'),
(695,	'BUIL-84000',	'Budget_item_detail # BUIL-34754',	58,	5,	353,	1974,	0.00,	'2020-12-15',	12,	12,	'0000-00-00 00:00:00'),
(696,	'BUIL-21292',	'Budget_item_detail # BUIL-12568',	58,	6,	353,	1975,	0.00,	'2020-12-15',	12,	12,	'0000-00-00 00:00:00'),
(697,	'BUIL-83558',	'Budget_item_detail # BUIL-10847',	59,	7,	353,	1977,	0.00,	'2020-12-15',	39,	39,	'0000-00-00 00:00:00'),
(698,	'BUIL-68023',	'Budget_item_detail # BUIL-14032',	59,	8,	353,	1978,	0.00,	'2020-12-15',	39,	39,	'0000-00-00 00:00:00'),
(699,	'BUIL-77153',	'Budget_item_detail # BUIL-83228',	59,	9,	353,	1979,	0.00,	'2020-12-15',	39,	39,	'0000-00-00 00:00:00'),
(700,	'BUIL-84572',	'Budget_item_detail # BUIL-40834',	59,	10,	353,	1980,	0.00,	'2020-12-15',	39,	39,	'0000-00-00 00:00:00'),
(701,	'BUIL-47963',	'Budget_item_detail # BUIL-83614',	59,	11,	353,	1981,	0.00,	'2020-12-15',	39,	39,	'0000-00-00 00:00:00'),
(702,	'BUIL-63517',	'Budget_item_detail # BUIL-44210',	59,	12,	353,	1982,	0.00,	'2020-12-15',	39,	39,	'0000-00-00 00:00:00'),
(703,	'BUIL-53541',	'Budget_item_detail # BUIL-56616',	59,	1,	353,	1983,	60000.00,	'2020-12-15',	39,	39,	'0000-00-00 00:00:00'),
(704,	'BUIL-14610',	'Budget_item_detail # BUIL-63338',	59,	2,	353,	1984,	0.00,	'2020-12-15',	39,	39,	'0000-00-00 00:00:00'),
(705,	'BUIL-53123',	'Budget_item_detail # BUIL-28654',	59,	3,	353,	1985,	0.00,	'2020-12-15',	39,	39,	'0000-00-00 00:00:00'),
(706,	'BUIL-13226',	'Budget_item_detail # BUIL-89645',	59,	4,	353,	1986,	0.00,	'2020-12-15',	39,	39,	'0000-00-00 00:00:00'),
(707,	'BUIL-59050',	'Budget_item_detail # BUIL-65146',	59,	5,	353,	1987,	0.00,	'2020-12-15',	39,	39,	'0000-00-00 00:00:00'),
(708,	'BUIL-27223',	'Budget_item_detail # BUIL-3691',	59,	6,	353,	1988,	0.00,	'2020-12-15',	39,	39,	'0000-00-00 00:00:00'),
(709,	'BUIL-29501',	'Budget_item_detail # BUIL-76415',	60,	7,	353,	1990,	0.00,	'2020-12-15',	21,	21,	'0000-00-00 00:00:00'),
(710,	'BUIL-63868',	'Budget_item_detail # BUIL-67017',	60,	8,	353,	1991,	0.00,	'2020-12-15',	21,	21,	'0000-00-00 00:00:00'),
(711,	'BUIL-30692',	'Budget_item_detail # BUIL-26760',	60,	9,	353,	1992,	0.00,	'2020-12-15',	21,	21,	'0000-00-00 00:00:00'),
(712,	'BUIL-50551',	'Budget_item_detail # BUIL-52021',	60,	10,	353,	1993,	0.00,	'2020-12-15',	21,	21,	'0000-00-00 00:00:00'),
(713,	'BUIL-45560',	'Budget_item_detail # BUIL-74168',	60,	11,	353,	1994,	0.00,	'2020-12-15',	21,	21,	'0000-00-00 00:00:00'),
(714,	'BUIL-48968',	'Budget_item_detail # BUIL-65069',	60,	12,	353,	1995,	0.00,	'2020-12-15',	21,	21,	'0000-00-00 00:00:00'),
(715,	'BUIL-46312',	'Budget_item_detail # BUIL-83441',	60,	1,	353,	1996,	0.00,	'2020-12-15',	21,	21,	'0000-00-00 00:00:00'),
(716,	'BUIL-1435',	'Budget_item_detail # BUIL-49966',	60,	2,	353,	1997,	0.00,	'2020-12-15',	21,	21,	'0000-00-00 00:00:00'),
(717,	'BUIL-67654',	'Budget_item_detail # BUIL-22218',	60,	3,	353,	1998,	0.00,	'2020-12-15',	21,	21,	'0000-00-00 00:00:00'),
(718,	'BUIL-11494',	'Budget_item_detail # BUIL-1033',	60,	4,	353,	1999,	360000.00,	'2020-12-15',	21,	21,	'0000-00-00 00:00:00'),
(719,	'BUIL-71653',	'Budget_item_detail # BUIL-8420',	60,	5,	353,	2000,	0.00,	'2020-12-15',	21,	21,	'0000-00-00 00:00:00'),
(720,	'BUIL-6780',	'Budget_item_detail # BUIL-61634',	60,	6,	353,	2001,	0.00,	'2020-12-15',	21,	21,	'0000-00-00 00:00:00'),
(721,	'BUIL-79935',	'Budget_item_detail # BUIL-57599',	61,	7,	353,	2003,	184600.00,	'2020-12-15',	38,	38,	'0000-00-00 00:00:00'),
(722,	'BUIL-16583',	'Budget_item_detail # BUIL-75118',	61,	8,	353,	2004,	0.00,	'2020-12-15',	38,	38,	'0000-00-00 00:00:00'),
(723,	'BUIL-77725',	'Budget_item_detail # BUIL-57488',	61,	9,	353,	2005,	0.00,	'2020-12-15',	38,	38,	'0000-00-00 00:00:00'),
(724,	'BUIL-46633',	'Budget_item_detail # BUIL-76437',	61,	10,	353,	2006,	0.00,	'2020-12-15',	38,	38,	'0000-00-00 00:00:00'),
(725,	'BUIL-13076',	'Budget_item_detail # BUIL-63457',	61,	11,	353,	2007,	0.00,	'2020-12-15',	38,	38,	'0000-00-00 00:00:00'),
(726,	'BUIL-42831',	'Budget_item_detail # BUIL-12946',	61,	12,	353,	2008,	0.00,	'2020-12-15',	38,	38,	'0000-00-00 00:00:00'),
(727,	'BUIL-40143',	'Budget_item_detail # BUIL-44265',	61,	1,	353,	2009,	184600.00,	'2020-12-15',	38,	38,	'0000-00-00 00:00:00'),
(728,	'BUIL-77910',	'Budget_item_detail # BUIL-68956',	61,	2,	353,	2010,	0.00,	'2020-12-15',	38,	38,	'0000-00-00 00:00:00'),
(729,	'BUIL-88022',	'Budget_item_detail # BUIL-4539',	61,	3,	353,	2011,	0.00,	'2020-12-15',	38,	38,	'0000-00-00 00:00:00'),
(730,	'BUIL-40221',	'Budget_item_detail # BUIL-69436',	61,	4,	353,	2012,	0.00,	'2020-12-15',	38,	38,	'0000-00-00 00:00:00'),
(731,	'BUIL-74555',	'Budget_item_detail # BUIL-18147',	61,	5,	353,	2013,	0.00,	'2020-12-15',	38,	38,	'0000-00-00 00:00:00'),
(732,	'BUIL-45750',	'Budget_item_detail # BUIL-52068',	61,	6,	353,	2014,	0.00,	'2020-12-15',	38,	38,	'0000-00-00 00:00:00'),
(733,	'BUIL-41235',	'Budget_item_detail # BUIL-35416',	62,	7,	353,	2016,	0.00,	'2020-12-15',	17,	17,	'0000-00-00 00:00:00'),
(734,	'BUIL-13438',	'Budget_item_detail # BUIL-17817',	62,	8,	353,	2017,	0.00,	'2020-12-15',	17,	17,	'0000-00-00 00:00:00'),
(735,	'BUIL-85027',	'Budget_item_detail # BUIL-85170',	62,	9,	353,	2018,	0.00,	'2020-12-15',	17,	17,	'0000-00-00 00:00:00'),
(736,	'BUIL-56075',	'Budget_item_detail # BUIL-44599',	62,	10,	353,	2019,	0.00,	'2020-12-15',	17,	17,	'0000-00-00 00:00:00'),
(737,	'BUIL-67369',	'Budget_item_detail # BUIL-52597',	62,	11,	353,	2020,	0.00,	'2020-12-15',	17,	17,	'0000-00-00 00:00:00'),
(738,	'BUIL-31881',	'Budget_item_detail # BUIL-76773',	62,	12,	353,	2021,	0.00,	'2020-12-15',	17,	17,	'0000-00-00 00:00:00'),
(739,	'BUIL-30929',	'Budget_item_detail # BUIL-20616',	62,	1,	353,	2022,	0.00,	'2020-12-15',	17,	17,	'0000-00-00 00:00:00'),
(740,	'BUIL-47313',	'Budget_item_detail # BUIL-17814',	62,	2,	353,	2023,	200000.00,	'2020-12-15',	17,	17,	'0000-00-00 00:00:00'),
(741,	'BUIL-76693',	'Budget_item_detail # BUIL-84147',	62,	3,	353,	2024,	0.00,	'2020-12-15',	17,	17,	'0000-00-00 00:00:00'),
(742,	'BUIL-49301',	'Budget_item_detail # BUIL-43508',	62,	4,	353,	2025,	0.00,	'2020-12-15',	17,	17,	'0000-00-00 00:00:00'),
(743,	'BUIL-85737',	'Budget_item_detail # BUIL-37570',	62,	5,	353,	2026,	0.00,	'2020-12-15',	17,	17,	'0000-00-00 00:00:00'),
(744,	'BUIL-16474',	'Budget_item_detail # BUIL-65738',	62,	6,	353,	2027,	0.00,	'2020-12-15',	17,	17,	'0000-00-00 00:00:00'),
(745,	'BUIL-3649',	'Budget_item_detail # BUIL-6948',	63,	7,	353,	2029,	0.00,	'2020-12-15',	31,	31,	'0000-00-00 00:00:00'),
(746,	'BUIL-37839',	'Budget_item_detail # BUIL-69324',	63,	8,	353,	2030,	0.00,	'2020-12-15',	31,	31,	'0000-00-00 00:00:00'),
(747,	'BUIL-28659',	'Budget_item_detail # BUIL-75329',	63,	9,	353,	2031,	0.00,	'2020-12-15',	31,	31,	'0000-00-00 00:00:00'),
(748,	'BUIL-22909',	'Budget_item_detail # BUIL-87053',	63,	10,	353,	2032,	0.00,	'2020-12-15',	31,	31,	'0000-00-00 00:00:00'),
(749,	'BUIL-29523',	'Budget_item_detail # BUIL-76912',	63,	11,	353,	2033,	0.00,	'2020-12-15',	31,	31,	'0000-00-00 00:00:00'),
(750,	'BUIL-58358',	'Budget_item_detail # BUIL-28976',	63,	12,	353,	2034,	0.00,	'2020-12-15',	31,	31,	'0000-00-00 00:00:00'),
(751,	'BUIL-15161',	'Budget_item_detail # BUIL-42691',	63,	1,	353,	2035,	60000.00,	'2020-12-15',	31,	31,	'0000-00-00 00:00:00'),
(752,	'BUIL-55849',	'Budget_item_detail # BUIL-27260',	63,	2,	353,	2036,	0.00,	'2020-12-15',	31,	31,	'0000-00-00 00:00:00'),
(753,	'BUIL-4095',	'Budget_item_detail # BUIL-50631',	63,	3,	353,	2037,	0.00,	'2020-12-15',	31,	31,	'0000-00-00 00:00:00'),
(754,	'BUIL-52205',	'Budget_item_detail # BUIL-48408',	63,	4,	353,	2038,	0.00,	'2020-12-15',	31,	31,	'0000-00-00 00:00:00'),
(755,	'BUIL-42268',	'Budget_item_detail # BUIL-18413',	63,	5,	353,	2039,	0.00,	'2020-12-15',	31,	31,	'0000-00-00 00:00:00'),
(756,	'BUIL-36315',	'Budget_item_detail # BUIL-7600',	63,	6,	353,	2040,	0.00,	'2020-12-15',	31,	31,	'0000-00-00 00:00:00'),
(757,	'BUIL-35514',	'Budget_item_detail # BUIL-2757',	64,	7,	353,	2042,	0.00,	'2020-12-15',	18,	18,	'0000-00-00 00:00:00'),
(758,	'BUIL-40816',	'Budget_item_detail # BUIL-17550',	64,	8,	353,	2043,	0.00,	'2020-12-15',	18,	18,	'0000-00-00 00:00:00'),
(759,	'BUIL-16392',	'Budget_item_detail # BUIL-11749',	64,	9,	353,	2044,	0.00,	'2020-12-15',	18,	18,	'0000-00-00 00:00:00'),
(760,	'BUIL-14421',	'Budget_item_detail # BUIL-16965',	64,	10,	353,	2045,	0.00,	'2020-12-15',	18,	18,	'0000-00-00 00:00:00'),
(761,	'BUIL-50719',	'Budget_item_detail # BUIL-87609',	64,	11,	353,	2046,	0.00,	'2020-12-15',	18,	18,	'0000-00-00 00:00:00'),
(762,	'BUIL-27827',	'Budget_item_detail # BUIL-32946',	64,	12,	353,	2047,	0.00,	'2020-12-15',	18,	18,	'0000-00-00 00:00:00'),
(763,	'BUIL-28683',	'Budget_item_detail # BUIL-1774',	64,	1,	353,	2048,	0.00,	'2020-12-15',	18,	18,	'0000-00-00 00:00:00'),
(764,	'BUIL-63149',	'Budget_item_detail # BUIL-2504',	64,	2,	353,	2049,	0.00,	'2020-12-15',	18,	18,	'0000-00-00 00:00:00'),
(765,	'BUIL-54989',	'Budget_item_detail # BUIL-27049',	64,	3,	353,	2050,	0.00,	'2020-12-15',	18,	18,	'0000-00-00 00:00:00'),
(766,	'BUIL-19562',	'Budget_item_detail # BUIL-39715',	64,	4,	353,	2051,	38000.00,	'2020-12-15',	18,	18,	'0000-00-00 00:00:00'),
(767,	'BUIL-86439',	'Budget_item_detail # BUIL-63408',	64,	5,	353,	2052,	0.00,	'2020-12-15',	18,	18,	'0000-00-00 00:00:00'),
(768,	'BUIL-79188',	'Budget_item_detail # BUIL-81067',	64,	6,	353,	2053,	0.00,	'2020-12-15',	18,	18,	'0000-00-00 00:00:00'),
(769,	'BUIL-59946',	'Budget_item_detail # BUIL-59757',	65,	7,	353,	2055,	0.00,	'2020-12-15',	19,	19,	'0000-00-00 00:00:00'),
(770,	'BUIL-40267',	'Budget_item_detail # BUIL-86959',	65,	8,	353,	2056,	0.00,	'2020-12-15',	19,	19,	'0000-00-00 00:00:00'),
(771,	'BUIL-8162',	'Budget_item_detail # BUIL-74033',	65,	9,	353,	2057,	0.00,	'2020-12-15',	19,	19,	'0000-00-00 00:00:00'),
(772,	'BUIL-16339',	'Budget_item_detail # BUIL-26040',	65,	10,	353,	2058,	0.00,	'2020-12-15',	19,	19,	'0000-00-00 00:00:00'),
(773,	'BUIL-53185',	'Budget_item_detail # BUIL-68517',	65,	11,	353,	2059,	0.00,	'2020-12-15',	19,	19,	'0000-00-00 00:00:00'),
(774,	'BUIL-54539',	'Budget_item_detail # BUIL-29608',	65,	12,	353,	2060,	0.00,	'2020-12-15',	19,	19,	'0000-00-00 00:00:00'),
(775,	'BUIL-54119',	'Budget_item_detail # BUIL-65651',	65,	1,	353,	2061,	60000.00,	'2020-12-15',	19,	19,	'0000-00-00 00:00:00'),
(776,	'BUIL-41560',	'Budget_item_detail # BUIL-36496',	65,	2,	353,	2062,	0.00,	'2020-12-15',	19,	19,	'0000-00-00 00:00:00'),
(777,	'BUIL-23930',	'Budget_item_detail # BUIL-69943',	65,	3,	353,	2063,	0.00,	'2020-12-15',	19,	19,	'0000-00-00 00:00:00'),
(778,	'BUIL-57138',	'Budget_item_detail # BUIL-59562',	65,	4,	353,	2064,	0.00,	'2020-12-15',	19,	19,	'0000-00-00 00:00:00'),
(779,	'BUIL-49176',	'Budget_item_detail # BUIL-35282',	65,	5,	353,	2065,	0.00,	'2020-12-15',	19,	19,	'0000-00-00 00:00:00'),
(780,	'BUIL-5079',	'Budget_item_detail # BUIL-26430',	65,	6,	353,	2066,	0.00,	'2020-12-15',	19,	19,	'0000-00-00 00:00:00'),
(781,	'BUIL-49356',	'Budget_item_detail # BUIL-33072',	66,	7,	353,	2068,	0.00,	'2020-12-15',	24,	24,	'0000-00-00 00:00:00'),
(782,	'BUIL-85800',	'Budget_item_detail # BUIL-25948',	66,	8,	353,	2069,	0.00,	'2020-12-15',	24,	24,	'0000-00-00 00:00:00'),
(783,	'BUIL-53788',	'Budget_item_detail # BUIL-26220',	66,	9,	353,	2070,	0.00,	'2020-12-15',	24,	24,	'0000-00-00 00:00:00'),
(784,	'BUIL-86610',	'Budget_item_detail # BUIL-39322',	66,	10,	353,	2071,	126600.00,	'2020-12-15',	24,	24,	'0000-00-00 00:00:00'),
(785,	'BUIL-75266',	'Budget_item_detail # BUIL-81623',	66,	11,	353,	2072,	0.00,	'2020-12-15',	24,	24,	'0000-00-00 00:00:00'),
(786,	'BUIL-34974',	'Budget_item_detail # BUIL-8467',	66,	12,	353,	2073,	0.00,	'2020-12-15',	24,	24,	'0000-00-00 00:00:00'),
(787,	'BUIL-57685',	'Budget_item_detail # BUIL-47355',	66,	1,	353,	2074,	0.00,	'2020-12-15',	24,	24,	'0000-00-00 00:00:00'),
(788,	'BUIL-84333',	'Budget_item_detail # BUIL-38375',	66,	2,	353,	2075,	0.00,	'2020-12-15',	24,	24,	'0000-00-00 00:00:00'),
(789,	'BUIL-17165',	'Budget_item_detail # BUIL-67615',	66,	3,	353,	2076,	0.00,	'2020-12-15',	24,	24,	'0000-00-00 00:00:00'),
(790,	'BUIL-34009',	'Budget_item_detail # BUIL-73028',	66,	4,	353,	2077,	0.00,	'2020-12-15',	24,	24,	'0000-00-00 00:00:00'),
(791,	'BUIL-22123',	'Budget_item_detail # BUIL-84811',	66,	5,	353,	2078,	0.00,	'2020-12-15',	24,	24,	'0000-00-00 00:00:00'),
(792,	'BUIL-72924',	'Budget_item_detail # BUIL-59837',	66,	6,	353,	2079,	0.00,	'2020-12-15',	24,	24,	'0000-00-00 00:00:00'),
(793,	'BUIL-71649',	'Budget_item_detail # BUIL-54753',	67,	7,	353,	2081,	0.00,	'2020-12-15',	34,	34,	'0000-00-00 00:00:00'),
(794,	'BUIL-42402',	'Budget_item_detail # BUIL-85668',	67,	8,	353,	2082,	0.00,	'2020-12-15',	34,	34,	'0000-00-00 00:00:00'),
(795,	'BUIL-9849',	'Budget_item_detail # BUIL-1406',	67,	9,	353,	2083,	0.00,	'2020-12-15',	34,	34,	'0000-00-00 00:00:00'),
(796,	'BUIL-35513',	'Budget_item_detail # BUIL-39949',	67,	10,	353,	2084,	0.00,	'2020-12-15',	34,	34,	'0000-00-00 00:00:00'),
(797,	'BUIL-9129',	'Budget_item_detail # BUIL-23948',	67,	11,	353,	2085,	0.00,	'2020-12-15',	34,	34,	'0000-00-00 00:00:00'),
(798,	'BUIL-40285',	'Budget_item_detail # BUIL-22171',	67,	12,	353,	2086,	0.00,	'2020-12-15',	34,	34,	'0000-00-00 00:00:00'),
(799,	'BUIL-24909',	'Budget_item_detail # BUIL-61754',	67,	1,	353,	2087,	60000.00,	'2020-12-15',	34,	34,	'0000-00-00 00:00:00'),
(800,	'BUIL-81791',	'Budget_item_detail # BUIL-46014',	67,	2,	353,	2088,	0.00,	'2020-12-15',	34,	34,	'0000-00-00 00:00:00'),
(801,	'BUIL-44051',	'Budget_item_detail # BUIL-87960',	67,	3,	353,	2089,	0.00,	'2020-12-15',	34,	34,	'0000-00-00 00:00:00'),
(802,	'BUIL-45220',	'Budget_item_detail # BUIL-66000',	67,	4,	353,	2090,	0.00,	'2020-12-15',	34,	34,	'0000-00-00 00:00:00'),
(803,	'BUIL-88178',	'Budget_item_detail # BUIL-10914',	67,	5,	353,	2091,	0.00,	'2020-12-15',	34,	34,	'0000-00-00 00:00:00'),
(804,	'BUIL-44616',	'Budget_item_detail # BUIL-47720',	67,	6,	353,	2092,	0.00,	'2020-12-15',	34,	34,	'0000-00-00 00:00:00'),
(805,	'BUIL-79868',	'Budget_item_detail # BUIL-50414',	68,	7,	353,	2094,	700000.00,	'2020-12-15',	37,	37,	'0000-00-00 00:00:00'),
(806,	'BUIL-87289',	'Budget_item_detail # BUIL-16068',	68,	8,	353,	2095,	0.00,	'2020-12-15',	37,	37,	'0000-00-00 00:00:00'),
(807,	'BUIL-89407',	'Budget_item_detail # BUIL-63645',	68,	9,	353,	2096,	0.00,	'2020-12-15',	37,	37,	'0000-00-00 00:00:00'),
(808,	'BUIL-62692',	'Budget_item_detail # BUIL-29031',	68,	10,	353,	2097,	0.00,	'2020-12-15',	37,	37,	'0000-00-00 00:00:00'),
(809,	'BUIL-20044',	'Budget_item_detail # BUIL-44677',	68,	11,	353,	2098,	0.00,	'2020-12-15',	37,	37,	'0000-00-00 00:00:00'),
(810,	'BUIL-33950',	'Budget_item_detail # BUIL-69758',	68,	12,	353,	2099,	0.00,	'2020-12-15',	37,	37,	'0000-00-00 00:00:00'),
(811,	'BUIL-10096',	'Budget_item_detail # BUIL-11681',	68,	1,	353,	2100,	0.00,	'2020-12-15',	37,	37,	'0000-00-00 00:00:00'),
(812,	'BUIL-5263',	'Budget_item_detail # BUIL-8671',	68,	2,	353,	2101,	0.00,	'2020-12-15',	37,	37,	'0000-00-00 00:00:00'),
(813,	'BUIL-25312',	'Budget_item_detail # BUIL-51388',	68,	3,	353,	2102,	0.00,	'2020-12-15',	37,	37,	'0000-00-00 00:00:00'),
(814,	'BUIL-75874',	'Budget_item_detail # BUIL-74700',	68,	4,	353,	2103,	0.00,	'2020-12-15',	37,	37,	'0000-00-00 00:00:00'),
(815,	'BUIL-3645',	'Budget_item_detail # BUIL-82416',	68,	5,	353,	2104,	0.00,	'2020-12-15',	37,	37,	'0000-00-00 00:00:00'),
(816,	'BUIL-88655',	'Budget_item_detail # BUIL-13446',	68,	6,	353,	2105,	0.00,	'2020-12-15',	37,	37,	'0000-00-00 00:00:00'),
(817,	'BUIL-70738',	'Budget_item_detail # BUIL-80402',	69,	7,	353,	2107,	0.00,	'2020-12-15',	38,	38,	'0000-00-00 00:00:00'),
(818,	'BUIL-21862',	'Budget_item_detail # BUIL-61532',	69,	8,	353,	2108,	0.00,	'2020-12-15',	38,	38,	'0000-00-00 00:00:00'),
(819,	'BUIL-89154',	'Budget_item_detail # BUIL-68318',	69,	9,	353,	2109,	0.00,	'2020-12-15',	38,	38,	'0000-00-00 00:00:00'),
(820,	'BUIL-70333',	'Budget_item_detail # BUIL-60248',	69,	10,	353,	2110,	129600.00,	'2020-12-15',	38,	38,	'0000-00-00 00:00:00'),
(821,	'BUIL-72284',	'Budget_item_detail # BUIL-42807',	69,	11,	353,	2111,	0.00,	'2020-12-15',	38,	38,	'0000-00-00 00:00:00'),
(822,	'BUIL-36437',	'Budget_item_detail # BUIL-55791',	69,	12,	353,	2112,	0.00,	'2020-12-15',	38,	38,	'0000-00-00 00:00:00'),
(823,	'BUIL-86476',	'Budget_item_detail # BUIL-27246',	69,	1,	353,	2113,	0.00,	'2020-12-15',	38,	38,	'0000-00-00 00:00:00'),
(824,	'BUIL-8565',	'Budget_item_detail # BUIL-43775',	69,	2,	353,	2114,	0.00,	'2020-12-15',	38,	38,	'0000-00-00 00:00:00'),
(825,	'BUIL-34411',	'Budget_item_detail # BUIL-55555',	69,	3,	353,	2115,	0.00,	'2020-12-15',	38,	38,	'0000-00-00 00:00:00'),
(826,	'BUIL-5021',	'Budget_item_detail # BUIL-51435',	69,	4,	353,	2116,	0.00,	'2020-12-15',	38,	38,	'0000-00-00 00:00:00'),
(827,	'BUIL-68834',	'Budget_item_detail # BUIL-29858',	69,	5,	353,	2117,	0.00,	'2020-12-15',	38,	38,	'0000-00-00 00:00:00'),
(828,	'BUIL-79439',	'Budget_item_detail # BUIL-21440',	69,	6,	353,	2118,	0.00,	'2020-12-15',	38,	38,	'0000-00-00 00:00:00'),
(829,	'BUIL-86943',	'Budget_item_detail # BUIL-70359',	70,	7,	353,	2120,	0.00,	'2020-12-15',	15,	15,	'0000-00-00 00:00:00'),
(830,	'BUIL-73835',	'Budget_item_detail # BUIL-81403',	70,	8,	353,	2121,	0.00,	'2020-12-15',	15,	15,	'0000-00-00 00:00:00'),
(831,	'BUIL-81775',	'Budget_item_detail # BUIL-10356',	70,	9,	353,	2122,	0.00,	'2020-12-15',	15,	15,	'0000-00-00 00:00:00'),
(832,	'BUIL-33567',	'Budget_item_detail # BUIL-32219',	70,	10,	353,	2123,	0.00,	'2020-12-15',	15,	15,	'0000-00-00 00:00:00'),
(833,	'BUIL-66691',	'Budget_item_detail # BUIL-19576',	70,	11,	353,	2124,	0.00,	'2020-12-15',	15,	15,	'0000-00-00 00:00:00'),
(834,	'BUIL-79170',	'Budget_item_detail # BUIL-79410',	70,	12,	353,	2125,	0.00,	'2020-12-15',	15,	15,	'0000-00-00 00:00:00'),
(835,	'BUIL-58419',	'Budget_item_detail # BUIL-17740',	70,	1,	353,	2126,	60000.00,	'2020-12-15',	15,	15,	'0000-00-00 00:00:00'),
(836,	'BUIL-18527',	'Budget_item_detail # BUIL-78352',	70,	2,	353,	2127,	0.00,	'2020-12-15',	15,	15,	'0000-00-00 00:00:00'),
(837,	'BUIL-27308',	'Budget_item_detail # BUIL-71131',	70,	3,	353,	2128,	0.00,	'2020-12-15',	15,	15,	'0000-00-00 00:00:00'),
(838,	'BUIL-30858',	'Budget_item_detail # BUIL-13404',	70,	4,	353,	2129,	0.00,	'2020-12-15',	15,	15,	'0000-00-00 00:00:00'),
(839,	'BUIL-50137',	'Budget_item_detail # BUIL-36031',	70,	5,	353,	2130,	0.00,	'2020-12-15',	15,	15,	'0000-00-00 00:00:00'),
(840,	'BUIL-78894',	'Budget_item_detail # BUIL-80425',	70,	6,	353,	2131,	0.00,	'2020-12-15',	15,	15,	'0000-00-00 00:00:00'),
(841,	'BUIL-10291',	'Budget_item_detail # BUIL-2388',	71,	7,	353,	2133,	0.00,	'2020-12-15',	12,	12,	'0000-00-00 00:00:00'),
(842,	'BUIL-62169',	'Budget_item_detail # BUIL-43344',	71,	8,	353,	2134,	0.00,	'2020-12-15',	12,	12,	'0000-00-00 00:00:00'),
(843,	'BUIL-50744',	'Budget_item_detail # BUIL-54763',	71,	9,	353,	2135,	0.00,	'2020-12-15',	12,	12,	'0000-00-00 00:00:00'),
(844,	'BUIL-81968',	'Budget_item_detail # BUIL-17259',	71,	10,	353,	2136,	129600.00,	'2020-12-15',	12,	12,	'0000-00-00 00:00:00'),
(845,	'BUIL-13072',	'Budget_item_detail # BUIL-69136',	71,	11,	353,	2137,	0.00,	'2020-12-15',	12,	12,	'0000-00-00 00:00:00'),
(846,	'BUIL-59758',	'Budget_item_detail # BUIL-11143',	71,	12,	353,	2138,	0.00,	'2020-12-15',	12,	12,	'0000-00-00 00:00:00'),
(847,	'BUIL-10358',	'Budget_item_detail # BUIL-47412',	71,	1,	353,	2139,	0.00,	'2020-12-15',	12,	12,	'0000-00-00 00:00:00'),
(848,	'BUIL-26502',	'Budget_item_detail # BUIL-74877',	71,	2,	353,	2140,	0.00,	'2020-12-15',	12,	12,	'0000-00-00 00:00:00'),
(849,	'BUIL-12080',	'Budget_item_detail # BUIL-49538',	71,	3,	353,	2141,	0.00,	'2020-12-15',	12,	12,	'0000-00-00 00:00:00'),
(850,	'BUIL-39704',	'Budget_item_detail # BUIL-62923',	71,	4,	353,	2142,	0.00,	'2020-12-15',	12,	12,	'0000-00-00 00:00:00'),
(851,	'BUIL-81253',	'Budget_item_detail # BUIL-55508',	71,	5,	353,	2143,	0.00,	'2020-12-15',	12,	12,	'0000-00-00 00:00:00'),
(852,	'BUIL-73889',	'Budget_item_detail # BUIL-51251',	71,	6,	353,	2144,	0.00,	'2020-12-15',	12,	12,	'0000-00-00 00:00:00'),
(853,	'BUIL-70940',	'Budget_item_detail # BUIL-29880',	72,	7,	353,	2146,	0.00,	'2020-12-15',	31,	31,	'0000-00-00 00:00:00'),
(854,	'BUIL-23856',	'Budget_item_detail # BUIL-22915',	72,	8,	353,	2147,	0.00,	'2020-12-15',	31,	31,	'0000-00-00 00:00:00'),
(855,	'BUIL-83431',	'Budget_item_detail # BUIL-81167',	72,	9,	353,	2148,	0.00,	'2020-12-15',	31,	31,	'0000-00-00 00:00:00'),
(856,	'BUIL-42655',	'Budget_item_detail # BUIL-14401',	72,	10,	353,	2149,	0.00,	'2020-12-15',	31,	31,	'0000-00-00 00:00:00'),
(857,	'BUIL-42079',	'Budget_item_detail # BUIL-36776',	72,	11,	353,	2150,	0.00,	'2020-12-15',	31,	31,	'0000-00-00 00:00:00'),
(858,	'BUIL-47426',	'Budget_item_detail # BUIL-53075',	72,	12,	353,	2151,	0.00,	'2020-12-15',	31,	31,	'0000-00-00 00:00:00'),
(859,	'BUIL-78964',	'Budget_item_detail # BUIL-17518',	72,	1,	353,	2152,	60000.00,	'2020-12-15',	31,	31,	'0000-00-00 00:00:00'),
(860,	'BUIL-20300',	'Budget_item_detail # BUIL-47000',	72,	2,	353,	2153,	0.00,	'2020-12-15',	31,	31,	'0000-00-00 00:00:00'),
(861,	'BUIL-63817',	'Budget_item_detail # BUIL-27905',	72,	3,	353,	2154,	0.00,	'2020-12-15',	31,	31,	'0000-00-00 00:00:00'),
(862,	'BUIL-63540',	'Budget_item_detail # BUIL-33914',	72,	4,	353,	2155,	0.00,	'2020-12-15',	31,	31,	'0000-00-00 00:00:00'),
(863,	'BUIL-79705',	'Budget_item_detail # BUIL-7287',	72,	5,	353,	2156,	0.00,	'2020-12-15',	31,	31,	'0000-00-00 00:00:00'),
(864,	'BUIL-66142',	'Budget_item_detail # BUIL-13458',	72,	6,	353,	2157,	0.00,	'2020-12-15',	31,	31,	'0000-00-00 00:00:00'),
(865,	'BUIL-24676',	'Budget_item_detail # BUIL-55242',	73,	7,	353,	2159,	0.00,	'2020-12-15',	38,	38,	'0000-00-00 00:00:00'),
(866,	'BUIL-46102',	'Budget_item_detail # BUIL-56447',	73,	8,	353,	2160,	0.00,	'2020-12-15',	38,	38,	'0000-00-00 00:00:00'),
(867,	'BUIL-75163',	'Budget_item_detail # BUIL-11496',	73,	9,	353,	2161,	0.00,	'2020-12-15',	38,	38,	'0000-00-00 00:00:00'),
(868,	'BUIL-25613',	'Budget_item_detail # BUIL-27984',	73,	10,	353,	2162,	0.00,	'2020-12-15',	38,	38,	'0000-00-00 00:00:00'),
(869,	'BUIL-85424',	'Budget_item_detail # BUIL-87423',	73,	11,	353,	2163,	0.00,	'2020-12-15',	38,	38,	'0000-00-00 00:00:00'),
(870,	'BUIL-39968',	'Budget_item_detail # BUIL-26632',	73,	12,	353,	2164,	0.00,	'2020-12-15',	38,	38,	'0000-00-00 00:00:00'),
(871,	'BUIL-46260',	'Budget_item_detail # BUIL-85226',	73,	1,	353,	2165,	0.00,	'2020-12-15',	38,	38,	'0000-00-00 00:00:00'),
(872,	'BUIL-47569',	'Budget_item_detail # BUIL-22487',	73,	2,	353,	2166,	0.00,	'2020-12-15',	38,	38,	'0000-00-00 00:00:00'),
(873,	'BUIL-52009',	'Budget_item_detail # BUIL-4693',	73,	3,	353,	2167,	0.00,	'2020-12-15',	38,	38,	'0000-00-00 00:00:00'),
(874,	'BUIL-62999',	'Budget_item_detail # BUIL-22321',	73,	4,	353,	2168,	0.00,	'2020-12-15',	38,	38,	'0000-00-00 00:00:00'),
(875,	'BUIL-9170',	'Budget_item_detail # BUIL-54199',	73,	5,	353,	2169,	0.00,	'2020-12-15',	38,	38,	'0000-00-00 00:00:00'),
(876,	'BUIL-76064',	'Budget_item_detail # BUIL-50996',	73,	6,	353,	2170,	460000.00,	'2020-12-15',	38,	38,	'0000-00-00 00:00:00'),
(877,	'BUIL-70760',	'Budget_item_detail # BUIL-32943',	74,	7,	353,	2172,	184600.00,	'2020-12-15',	27,	27,	'0000-00-00 00:00:00'),
(878,	'BUIL-64370',	'Budget_item_detail # BUIL-20101',	74,	8,	353,	2173,	0.00,	'2020-12-15',	27,	27,	'0000-00-00 00:00:00'),
(879,	'BUIL-10160',	'Budget_item_detail # BUIL-71767',	74,	9,	353,	2174,	0.00,	'2020-12-15',	27,	27,	'0000-00-00 00:00:00'),
(880,	'BUIL-75544',	'Budget_item_detail # BUIL-27169',	74,	10,	353,	2175,	0.00,	'2020-12-15',	27,	27,	'0000-00-00 00:00:00'),
(881,	'BUIL-40082',	'Budget_item_detail # BUIL-56158',	74,	11,	353,	2176,	0.00,	'2020-12-15',	27,	27,	'0000-00-00 00:00:00'),
(882,	'BUIL-69227',	'Budget_item_detail # BUIL-85334',	74,	12,	353,	2177,	0.00,	'2020-12-15',	27,	27,	'0000-00-00 00:00:00'),
(883,	'BUIL-47736',	'Budget_item_detail # BUIL-26400',	74,	1,	353,	2178,	184600.00,	'2020-12-15',	27,	27,	'0000-00-00 00:00:00'),
(884,	'BUIL-66959',	'Budget_item_detail # BUIL-68010',	74,	2,	353,	2179,	0.00,	'2020-12-15',	27,	27,	'0000-00-00 00:00:00'),
(885,	'BUIL-1468',	'Budget_item_detail # BUIL-83589',	74,	3,	353,	2180,	0.00,	'2020-12-15',	27,	27,	'0000-00-00 00:00:00'),
(886,	'BUIL-88329',	'Budget_item_detail # BUIL-4581',	74,	4,	353,	2181,	0.00,	'2020-12-15',	27,	27,	'0000-00-00 00:00:00'),
(887,	'BUIL-74125',	'Budget_item_detail # BUIL-75126',	74,	5,	353,	2182,	0.00,	'2020-12-15',	27,	27,	'0000-00-00 00:00:00'),
(888,	'BUIL-40181',	'Budget_item_detail # BUIL-38307',	74,	6,	353,	2183,	0.00,	'2020-12-15',	27,	27,	'0000-00-00 00:00:00'),
(889,	'BUIL-79037',	'Budget_item_detail # BUIL-20846',	75,	7,	353,	2185,	0.00,	'2020-12-15',	40,	40,	'0000-00-00 00:00:00'),
(890,	'BUIL-26550',	'Budget_item_detail # BUIL-55294',	75,	8,	353,	2186,	0.00,	'2020-12-15',	40,	40,	'0000-00-00 00:00:00'),
(891,	'BUIL-14581',	'Budget_item_detail # BUIL-36734',	75,	9,	353,	2187,	0.00,	'2020-12-15',	40,	40,	'0000-00-00 00:00:00'),
(892,	'BUIL-37670',	'Budget_item_detail # BUIL-79557',	75,	10,	353,	2188,	0.00,	'2020-12-15',	40,	40,	'0000-00-00 00:00:00'),
(893,	'BUIL-74509',	'Budget_item_detail # BUIL-27887',	75,	11,	353,	2189,	0.00,	'2020-12-15',	40,	40,	'0000-00-00 00:00:00'),
(894,	'BUIL-61944',	'Budget_item_detail # BUIL-67938',	75,	12,	353,	2190,	0.00,	'2020-12-15',	40,	40,	'0000-00-00 00:00:00'),
(895,	'BUIL-3758',	'Budget_item_detail # BUIL-10332',	75,	1,	353,	2191,	0.00,	'2020-12-15',	40,	40,	'0000-00-00 00:00:00'),
(896,	'BUIL-21015',	'Budget_item_detail # BUIL-26344',	75,	2,	353,	2192,	0.00,	'2020-12-15',	40,	40,	'0000-00-00 00:00:00'),
(897,	'BUIL-54138',	'Budget_item_detail # BUIL-35537',	75,	3,	353,	2193,	0.00,	'2020-12-15',	40,	40,	'0000-00-00 00:00:00'),
(898,	'BUIL-38651',	'Budget_item_detail # BUIL-75266',	75,	4,	353,	2194,	38000.00,	'2020-12-15',	40,	40,	'0000-00-00 00:00:00'),
(899,	'BUIL-58042',	'Budget_item_detail # BUIL-69690',	75,	5,	353,	2195,	0.00,	'2020-12-15',	40,	40,	'0000-00-00 00:00:00'),
(900,	'BUIL-32449',	'Budget_item_detail # BUIL-73015',	75,	6,	353,	2196,	0.00,	'2020-12-15',	40,	40,	'0000-00-00 00:00:00'),
(901,	'BUIL-6435',	'Budget_item_detail # BUIL-73107',	76,	7,	353,	2198,	745000.00,	'2020-12-15',	12,	12,	'0000-00-00 00:00:00'),
(902,	'BUIL-49648',	'Budget_item_detail # BUIL-40956',	76,	8,	353,	2199,	0.00,	'2020-12-15',	12,	12,	'0000-00-00 00:00:00'),
(903,	'BUIL-42341',	'Budget_item_detail # BUIL-67859',	76,	9,	353,	2200,	0.00,	'2020-12-15',	12,	12,	'0000-00-00 00:00:00'),
(904,	'BUIL-76385',	'Budget_item_detail # BUIL-69842',	76,	10,	353,	2201,	0.00,	'2020-12-15',	12,	12,	'0000-00-00 00:00:00'),
(905,	'BUIL-36212',	'Budget_item_detail # BUIL-36188',	76,	11,	353,	2202,	0.00,	'2020-12-15',	12,	12,	'0000-00-00 00:00:00'),
(906,	'BUIL-28736',	'Budget_item_detail # BUIL-42605',	76,	12,	353,	2203,	0.00,	'2020-12-15',	12,	12,	'0000-00-00 00:00:00'),
(907,	'BUIL-10052',	'Budget_item_detail # BUIL-48235',	76,	1,	353,	2204,	0.00,	'2020-12-15',	12,	12,	'0000-00-00 00:00:00'),
(908,	'BUIL-68389',	'Budget_item_detail # BUIL-2416',	76,	2,	353,	2205,	0.00,	'2020-12-15',	12,	12,	'0000-00-00 00:00:00'),
(909,	'BUIL-34293',	'Budget_item_detail # BUIL-72793',	76,	3,	353,	2206,	0.00,	'2020-12-15',	12,	12,	'0000-00-00 00:00:00'),
(910,	'BUIL-58932',	'Budget_item_detail # BUIL-86639',	76,	4,	353,	2207,	0.00,	'2020-12-15',	12,	12,	'0000-00-00 00:00:00'),
(911,	'BUIL-10131',	'Budget_item_detail # BUIL-53366',	76,	5,	353,	2208,	0.00,	'2020-12-15',	12,	12,	'0000-00-00 00:00:00'),
(912,	'BUIL-28942',	'Budget_item_detail # BUIL-76918',	76,	6,	353,	2209,	0.00,	'2020-12-15',	12,	12,	'0000-00-00 00:00:00'),
(913,	'BUIL-19424',	'Budget_item_detail # BUIL-66784',	77,	7,	353,	2211,	1500000.00,	'2020-12-15',	27,	27,	'0000-00-00 00:00:00'),
(914,	'BUIL-10349',	'Budget_item_detail # BUIL-60510',	77,	8,	353,	2212,	0.00,	'2020-12-15',	27,	27,	'0000-00-00 00:00:00'),
(915,	'BUIL-17556',	'Budget_item_detail # BUIL-8924',	77,	9,	353,	2213,	0.00,	'2020-12-15',	27,	27,	'0000-00-00 00:00:00'),
(916,	'BUIL-74435',	'Budget_item_detail # BUIL-82226',	77,	10,	353,	2214,	0.00,	'2020-12-15',	27,	27,	'0000-00-00 00:00:00'),
(917,	'BUIL-66870',	'Budget_item_detail # BUIL-46890',	77,	11,	353,	2215,	0.00,	'2020-12-15',	27,	27,	'0000-00-00 00:00:00'),
(918,	'BUIL-46596',	'Budget_item_detail # BUIL-23875',	77,	12,	353,	2216,	0.00,	'2020-12-15',	27,	27,	'0000-00-00 00:00:00'),
(919,	'BUIL-58451',	'Budget_item_detail # BUIL-82483',	77,	1,	353,	2217,	0.00,	'2020-12-15',	27,	27,	'0000-00-00 00:00:00'),
(920,	'BUIL-1936',	'Budget_item_detail # BUIL-2495',	77,	2,	353,	2218,	0.00,	'2020-12-15',	27,	27,	'0000-00-00 00:00:00'),
(921,	'BUIL-81403',	'Budget_item_detail # BUIL-35974',	77,	3,	353,	2219,	0.00,	'2020-12-15',	27,	27,	'0000-00-00 00:00:00'),
(922,	'BUIL-56581',	'Budget_item_detail # BUIL-73741',	77,	4,	353,	2220,	0.00,	'2020-12-15',	27,	27,	'0000-00-00 00:00:00'),
(923,	'BUIL-38468',	'Budget_item_detail # BUIL-38943',	77,	5,	353,	2221,	0.00,	'2020-12-15',	27,	27,	'0000-00-00 00:00:00'),
(924,	'BUIL-15627',	'Budget_item_detail # BUIL-35501',	77,	6,	353,	2222,	0.00,	'2020-12-15',	27,	27,	'0000-00-00 00:00:00'),
(925,	'BUIL-73302',	'Budget_item_detail # BUIL-34223',	78,	7,	353,	2238,	745000.00,	'2020-12-15',	22,	22,	'0000-00-00 00:00:00'),
(926,	'BUIL-47325',	'Budget_item_detail # BUIL-76674',	78,	8,	353,	2239,	0.00,	'2020-12-15',	22,	22,	'0000-00-00 00:00:00'),
(927,	'BUIL-62245',	'Budget_item_detail # BUIL-6255',	78,	9,	353,	2240,	0.00,	'2020-12-15',	22,	22,	'0000-00-00 00:00:00'),
(928,	'BUIL-64278',	'Budget_item_detail # BUIL-72518',	78,	10,	353,	2241,	0.00,	'2020-12-15',	22,	22,	'0000-00-00 00:00:00'),
(929,	'BUIL-75781',	'Budget_item_detail # BUIL-59541',	78,	11,	353,	2242,	0.00,	'2020-12-15',	22,	22,	'0000-00-00 00:00:00'),
(930,	'BUIL-46075',	'Budget_item_detail # BUIL-81497',	78,	12,	353,	2243,	0.00,	'2020-12-15',	22,	22,	'0000-00-00 00:00:00'),
(931,	'BUIL-76481',	'Budget_item_detail # BUIL-2755',	78,	1,	353,	2244,	745000.00,	'2020-12-15',	22,	22,	'0000-00-00 00:00:00'),
(932,	'BUIL-6580',	'Budget_item_detail # BUIL-18885',	78,	2,	353,	2245,	0.00,	'2020-12-15',	22,	22,	'0000-00-00 00:00:00'),
(933,	'BUIL-32364',	'Budget_item_detail # BUIL-20514',	78,	3,	353,	2246,	0.00,	'2020-12-15',	22,	22,	'0000-00-00 00:00:00'),
(934,	'BUIL-69038',	'Budget_item_detail # BUIL-36082',	78,	4,	353,	2247,	0.00,	'2020-12-15',	22,	22,	'0000-00-00 00:00:00'),
(935,	'BUIL-9084',	'Budget_item_detail # BUIL-9084',	78,	5,	353,	2248,	0.00,	'2020-12-15',	22,	22,	'0000-00-00 00:00:00'),
(936,	'BUIL-53489',	'Budget_item_detail # BUIL-67465',	78,	6,	353,	2249,	0.00,	'2020-12-15',	22,	22,	'0000-00-00 00:00:00'),
(937,	'BUIL-49666',	'Budget_item_detail # BUIL-55874',	79,	7,	353,	2251,	0.00,	'2020-12-15',	22,	22,	'0000-00-00 00:00:00'),
(938,	'BUIL-74376',	'Budget_item_detail # BUIL-57852',	79,	8,	353,	2252,	0.00,	'2020-12-15',	22,	22,	'0000-00-00 00:00:00'),
(939,	'BUIL-77662',	'Budget_item_detail # BUIL-69027',	79,	9,	353,	2253,	0.00,	'2020-12-15',	22,	22,	'0000-00-00 00:00:00'),
(940,	'BUIL-81788',	'Budget_item_detail # BUIL-73449',	79,	10,	353,	2254,	0.00,	'2020-12-15',	22,	22,	'0000-00-00 00:00:00'),
(941,	'BUIL-17011',	'Budget_item_detail # BUIL-51714',	79,	11,	353,	2255,	0.00,	'2020-12-15',	22,	22,	'0000-00-00 00:00:00'),
(942,	'BUIL-71739',	'Budget_item_detail # BUIL-83993',	79,	12,	353,	2256,	0.00,	'2020-12-15',	22,	22,	'0000-00-00 00:00:00'),
(943,	'BUIL-45795',	'Budget_item_detail # BUIL-80026',	79,	1,	353,	2257,	745000.00,	'2020-12-15',	22,	22,	'0000-00-00 00:00:00'),
(944,	'BUIL-83577',	'Budget_item_detail # BUIL-38044',	79,	2,	353,	2258,	0.00,	'2020-12-15',	22,	22,	'0000-00-00 00:00:00'),
(945,	'BUIL-48360',	'Budget_item_detail # BUIL-16794',	79,	3,	353,	2259,	0.00,	'2020-12-15',	22,	22,	'0000-00-00 00:00:00'),
(946,	'BUIL-61081',	'Budget_item_detail # BUIL-48039',	79,	4,	353,	2260,	0.00,	'2020-12-15',	22,	22,	'0000-00-00 00:00:00'),
(947,	'BUIL-47572',	'Budget_item_detail # BUIL-38490',	79,	5,	353,	2261,	0.00,	'2020-12-15',	22,	22,	'0000-00-00 00:00:00'),
(948,	'BUIL-34376',	'Budget_item_detail # BUIL-20404',	79,	6,	353,	2262,	0.00,	'2020-12-15',	22,	22,	'0000-00-00 00:00:00'),
(949,	'BUIL-80338',	'Budget_item_detail # BUIL-73706',	80,	7,	353,	2264,	184600.00,	'2020-12-15',	22,	22,	'0000-00-00 00:00:00'),
(950,	'BUIL-53260',	'Budget_item_detail # BUIL-18318',	80,	8,	353,	2265,	0.00,	'2020-12-15',	22,	22,	'0000-00-00 00:00:00'),
(951,	'BUIL-25661',	'Budget_item_detail # BUIL-79400',	80,	9,	353,	2266,	0.00,	'2020-12-15',	22,	22,	'0000-00-00 00:00:00'),
(952,	'BUIL-79636',	'Budget_item_detail # BUIL-35742',	80,	10,	353,	2267,	0.00,	'2020-12-15',	22,	22,	'0000-00-00 00:00:00'),
(953,	'BUIL-57115',	'Budget_item_detail # BUIL-11129',	80,	11,	353,	2268,	0.00,	'2020-12-15',	22,	22,	'0000-00-00 00:00:00'),
(954,	'BUIL-59200',	'Budget_item_detail # BUIL-23589',	80,	12,	353,	2269,	0.00,	'2020-12-15',	22,	22,	'0000-00-00 00:00:00'),
(955,	'BUIL-83011',	'Budget_item_detail # BUIL-44630',	80,	1,	353,	2270,	0.00,	'2020-12-15',	22,	22,	'0000-00-00 00:00:00'),
(956,	'BUIL-17334',	'Budget_item_detail # BUIL-13700',	80,	2,	353,	2271,	0.00,	'2020-12-15',	22,	22,	'0000-00-00 00:00:00'),
(957,	'BUIL-64557',	'Budget_item_detail # BUIL-4747',	80,	3,	353,	2272,	0.00,	'2020-12-15',	22,	22,	'0000-00-00 00:00:00'),
(958,	'BUIL-62226',	'Budget_item_detail # BUIL-64697',	80,	4,	353,	2273,	0.00,	'2020-12-15',	22,	22,	'0000-00-00 00:00:00'),
(959,	'BUIL-21275',	'Budget_item_detail # BUIL-50468',	80,	5,	353,	2274,	0.00,	'2020-12-15',	22,	22,	'0000-00-00 00:00:00'),
(960,	'BUIL-50126',	'Budget_item_detail # BUIL-84163',	80,	6,	353,	2275,	0.00,	'2020-12-15',	22,	22,	'0000-00-00 00:00:00'),
(961,	'BUIL-10574',	'Budget_item_detail # BUIL-24811',	81,	7,	353,	2277,	0.00,	'2020-12-15',	22,	22,	'0000-00-00 00:00:00'),
(962,	'BUIL-73594',	'Budget_item_detail # BUIL-61802',	81,	8,	353,	2278,	0.00,	'2020-12-15',	22,	22,	'0000-00-00 00:00:00'),
(963,	'BUIL-22866',	'Budget_item_detail # BUIL-57545',	81,	9,	353,	2279,	100000.00,	'2020-12-15',	22,	22,	'0000-00-00 00:00:00'),
(964,	'BUIL-47801',	'Budget_item_detail # BUIL-88352',	81,	10,	353,	2280,	0.00,	'2020-12-15',	22,	22,	'0000-00-00 00:00:00'),
(965,	'BUIL-59089',	'Budget_item_detail # BUIL-72149',	81,	11,	353,	2281,	0.00,	'2020-12-15',	22,	22,	'0000-00-00 00:00:00'),
(966,	'BUIL-59049',	'Budget_item_detail # BUIL-81129',	81,	12,	353,	2282,	0.00,	'2020-12-15',	22,	22,	'0000-00-00 00:00:00'),
(967,	'BUIL-52845',	'Budget_item_detail # BUIL-68235',	81,	1,	353,	2283,	0.00,	'2020-12-15',	22,	22,	'0000-00-00 00:00:00'),
(968,	'BUIL-5322',	'Budget_item_detail # BUIL-71033',	81,	2,	353,	2284,	50000.00,	'2020-12-15',	22,	22,	'0000-00-00 00:00:00'),
(969,	'BUIL-11603',	'Budget_item_detail # BUIL-62928',	81,	3,	353,	2285,	0.00,	'2020-12-15',	22,	22,	'0000-00-00 00:00:00'),
(970,	'BUIL-87815',	'Budget_item_detail # BUIL-52544',	81,	4,	353,	2286,	0.00,	'2020-12-15',	22,	22,	'0000-00-00 00:00:00'),
(971,	'BUIL-9747',	'Budget_item_detail # BUIL-76426',	81,	5,	353,	2287,	0.00,	'2020-12-15',	22,	22,	'0000-00-00 00:00:00'),
(972,	'BUIL-72786',	'Budget_item_detail # BUIL-40431',	81,	6,	353,	2288,	0.00,	'2020-12-15',	22,	22,	'0000-00-00 00:00:00'),
(973,	'BUIL-4661',	'Budget_item_detail # BUIL-48524',	82,	7,	353,	2290,	0.00,	'2020-12-15',	22,	22,	'0000-00-00 00:00:00'),
(974,	'BUIL-81573',	'Budget_item_detail # BUIL-18660',	82,	8,	353,	2291,	0.00,	'2020-12-15',	22,	22,	'0000-00-00 00:00:00'),
(975,	'BUIL-85205',	'Budget_item_detail # BUIL-80044',	82,	9,	353,	2292,	0.00,	'2020-12-15',	22,	22,	'0000-00-00 00:00:00'),
(976,	'BUIL-37968',	'Budget_item_detail # BUIL-13746',	82,	10,	353,	2293,	0.00,	'2020-12-15',	22,	22,	'0000-00-00 00:00:00'),
(977,	'BUIL-13949',	'Budget_item_detail # BUIL-24972',	82,	11,	353,	2294,	0.00,	'2020-12-15',	22,	22,	'0000-00-00 00:00:00'),
(978,	'BUIL-14010',	'Budget_item_detail # BUIL-22626',	82,	12,	353,	2295,	0.00,	'2020-12-15',	22,	22,	'0000-00-00 00:00:00'),
(979,	'BUIL-64649',	'Budget_item_detail # BUIL-40796',	82,	1,	353,	2296,	0.00,	'2020-12-15',	22,	22,	'0000-00-00 00:00:00'),
(980,	'BUIL-60351',	'Budget_item_detail # BUIL-1794',	82,	2,	353,	2297,	0.00,	'2020-12-15',	22,	22,	'0000-00-00 00:00:00'),
(981,	'BUIL-21078',	'Budget_item_detail # BUIL-14526',	82,	3,	353,	2298,	0.00,	'2020-12-15',	22,	22,	'0000-00-00 00:00:00'),
(982,	'BUIL-34497',	'Budget_item_detail # BUIL-51757',	82,	4,	353,	2299,	360000.00,	'2020-12-15',	22,	22,	'0000-00-00 00:00:00'),
(983,	'BUIL-59110',	'Budget_item_detail # BUIL-9850',	82,	5,	353,	2300,	0.00,	'2020-12-15',	22,	22,	'0000-00-00 00:00:00'),
(984,	'BUIL-17926',	'Budget_item_detail # BUIL-37242',	82,	6,	353,	2301,	0.00,	'2020-12-15',	22,	22,	'0000-00-00 00:00:00'),
(985,	'BUIL-22045',	'Budget_item_detail # BUIL-56165',	83,	7,	353,	2311,	745000.00,	'2020-12-15',	25,	25,	'0000-00-00 00:00:00'),
(986,	'BUIL-39089',	'Budget_item_detail # BUIL-21970',	83,	8,	353,	2312,	0.00,	'2020-12-15',	25,	25,	'0000-00-00 00:00:00'),
(987,	'BUIL-45967',	'Budget_item_detail # BUIL-37638',	83,	9,	353,	2313,	0.00,	'2020-12-15',	25,	25,	'0000-00-00 00:00:00'),
(988,	'BUIL-34018',	'Budget_item_detail # BUIL-22458',	83,	10,	353,	2314,	0.00,	'2020-12-15',	25,	25,	'0000-00-00 00:00:00'),
(989,	'BUIL-9446',	'Budget_item_detail # BUIL-73798',	83,	11,	353,	2315,	0.00,	'2020-12-15',	25,	25,	'0000-00-00 00:00:00'),
(990,	'BUIL-9694',	'Budget_item_detail # BUIL-1978',	83,	12,	353,	2316,	0.00,	'2020-12-15',	25,	25,	'0000-00-00 00:00:00'),
(991,	'BUIL-68499',	'Budget_item_detail # BUIL-53449',	83,	1,	353,	2317,	745000.00,	'2020-12-15',	25,	25,	'0000-00-00 00:00:00'),
(992,	'BUIL-76037',	'Budget_item_detail # BUIL-6903',	83,	2,	353,	2318,	0.00,	'2020-12-15',	25,	25,	'0000-00-00 00:00:00'),
(993,	'BUIL-49526',	'Budget_item_detail # BUIL-15414',	83,	3,	353,	2319,	0.00,	'2020-12-15',	25,	25,	'0000-00-00 00:00:00'),
(994,	'BUIL-17459',	'Budget_item_detail # BUIL-43490',	83,	4,	353,	2320,	0.00,	'2020-12-15',	25,	25,	'0000-00-00 00:00:00'),
(995,	'BUIL-9671',	'Budget_item_detail # BUIL-9803',	83,	5,	353,	2321,	0.00,	'2020-12-15',	25,	25,	'0000-00-00 00:00:00'),
(996,	'BUIL-23596',	'Budget_item_detail # BUIL-75746',	83,	6,	353,	2322,	0.00,	'2020-12-15',	25,	25,	'0000-00-00 00:00:00'),
(997,	'BUIL-23892',	'Budget_item_detail # BUIL-66715',	84,	7,	353,	2324,	675000.00,	'2020-12-15',	25,	25,	'0000-00-00 00:00:00'),
(998,	'BUIL-23587',	'Budget_item_detail # BUIL-13386',	84,	8,	353,	2325,	0.00,	'2020-12-15',	25,	25,	'0000-00-00 00:00:00'),
(999,	'BUIL-53680',	'Budget_item_detail # BUIL-60556',	84,	9,	353,	2326,	0.00,	'2020-12-15',	25,	25,	'0000-00-00 00:00:00'),
(1000,	'BUIL-77556',	'Budget_item_detail # BUIL-77878',	84,	10,	353,	2327,	0.00,	'2020-12-15',	25,	25,	'0000-00-00 00:00:00'),
(1001,	'BUIL-19301',	'Budget_item_detail # BUIL-16511',	84,	11,	353,	2328,	0.00,	'2020-12-15',	25,	25,	'0000-00-00 00:00:00'),
(1002,	'BUIL-77471',	'Budget_item_detail # BUIL-59005',	84,	12,	353,	2329,	0.00,	'2020-12-15',	25,	25,	'0000-00-00 00:00:00'),
(1003,	'BUIL-38501',	'Budget_item_detail # BUIL-4444',	84,	1,	353,	2330,	675000.00,	'2020-12-15',	25,	25,	'0000-00-00 00:00:00'),
(1004,	'BUIL-70977',	'Budget_item_detail # BUIL-78864',	84,	2,	353,	2331,	0.00,	'2020-12-15',	25,	25,	'0000-00-00 00:00:00'),
(1005,	'BUIL-57789',	'Budget_item_detail # BUIL-21335',	84,	3,	353,	2332,	0.00,	'2020-12-15',	25,	25,	'0000-00-00 00:00:00'),
(1006,	'BUIL-45244',	'Budget_item_detail # BUIL-51941',	84,	4,	353,	2333,	0.00,	'2020-12-15',	25,	25,	'0000-00-00 00:00:00'),
(1007,	'BUIL-7551',	'Budget_item_detail # BUIL-83088',	84,	5,	353,	2334,	0.00,	'2020-12-15',	25,	25,	'0000-00-00 00:00:00'),
(1008,	'BUIL-63930',	'Budget_item_detail # BUIL-28056',	84,	6,	353,	2335,	0.00,	'2020-12-15',	25,	25,	'0000-00-00 00:00:00'),
(1009,	'BUIL-34938',	'Budget_item_detail # BUIL-74429',	85,	7,	353,	2337,	184600.00,	'2020-12-15',	25,	25,	'0000-00-00 00:00:00'),
(1010,	'BUIL-8786',	'Budget_item_detail # BUIL-86014',	85,	8,	353,	2338,	0.00,	'2020-12-15',	25,	25,	'0000-00-00 00:00:00'),
(1011,	'BUIL-79420',	'Budget_item_detail # BUIL-45001',	85,	9,	353,	2339,	0.00,	'2020-12-15',	25,	25,	'0000-00-00 00:00:00'),
(1012,	'BUIL-42462',	'Budget_item_detail # BUIL-23444',	85,	10,	353,	2340,	0.00,	'2020-12-15',	25,	25,	'0000-00-00 00:00:00'),
(1013,	'BUIL-14396',	'Budget_item_detail # BUIL-50599',	85,	11,	353,	2341,	0.00,	'2020-12-15',	25,	25,	'0000-00-00 00:00:00'),
(1014,	'BUIL-53341',	'Budget_item_detail # BUIL-67456',	85,	12,	353,	2342,	0.00,	'2020-12-15',	25,	25,	'0000-00-00 00:00:00'),
(1015,	'BUIL-38614',	'Budget_item_detail # BUIL-75723',	85,	1,	353,	2343,	184600.00,	'2020-12-15',	25,	25,	'0000-00-00 00:00:00'),
(1016,	'BUIL-69060',	'Budget_item_detail # BUIL-58291',	85,	2,	353,	2344,	0.00,	'2020-12-15',	25,	25,	'0000-00-00 00:00:00'),
(1017,	'BUIL-23455',	'Budget_item_detail # BUIL-72639',	85,	3,	353,	2345,	0.00,	'2020-12-15',	25,	25,	'0000-00-00 00:00:00'),
(1018,	'BUIL-5046',	'Budget_item_detail # BUIL-6941',	85,	4,	353,	2346,	0.00,	'2020-12-15',	25,	25,	'0000-00-00 00:00:00'),
(1019,	'BUIL-5517',	'Budget_item_detail # BUIL-34586',	85,	5,	353,	2347,	0.00,	'2020-12-15',	25,	25,	'0000-00-00 00:00:00'),
(1020,	'BUIL-10862',	'Budget_item_detail # BUIL-29680',	85,	6,	353,	2348,	0.00,	'2020-12-15',	25,	25,	'0000-00-00 00:00:00'),
(1021,	'BUIL-65164',	'Budget_item_detail # BUIL-85035',	86,	7,	353,	2350,	0.00,	'2020-12-15',	25,	25,	'0000-00-00 00:00:00'),
(1022,	'BUIL-81029',	'Budget_item_detail # BUIL-9925',	86,	8,	353,	2351,	0.00,	'2020-12-15',	25,	25,	'0000-00-00 00:00:00'),
(1023,	'BUIL-67787',	'Budget_item_detail # BUIL-59991',	86,	9,	353,	2352,	0.00,	'2020-12-15',	25,	25,	'0000-00-00 00:00:00'),
(1024,	'BUIL-52968',	'Budget_item_detail # BUIL-43426',	86,	10,	353,	2353,	126600.00,	'2020-12-15',	25,	25,	'0000-00-00 00:00:00'),
(1025,	'BUIL-69773',	'Budget_item_detail # BUIL-24894',	86,	11,	353,	2354,	0.00,	'2020-12-15',	25,	25,	'0000-00-00 00:00:00'),
(1026,	'BUIL-68895',	'Budget_item_detail # BUIL-40001',	86,	12,	353,	2355,	0.00,	'2020-12-15',	25,	25,	'0000-00-00 00:00:00'),
(1027,	'BUIL-38872',	'Budget_item_detail # BUIL-1935',	86,	1,	353,	2356,	0.00,	'2020-12-15',	25,	25,	'0000-00-00 00:00:00'),
(1028,	'BUIL-39335',	'Budget_item_detail # BUIL-80995',	86,	2,	353,	2357,	0.00,	'2020-12-15',	25,	25,	'0000-00-00 00:00:00'),
(1029,	'BUIL-49367',	'Budget_item_detail # BUIL-24034',	86,	3,	353,	2358,	0.00,	'2020-12-15',	25,	25,	'0000-00-00 00:00:00'),
(1030,	'BUIL-76917',	'Budget_item_detail # BUIL-44522',	86,	4,	353,	2359,	0.00,	'2020-12-15',	25,	25,	'0000-00-00 00:00:00'),
(1031,	'BUIL-35627',	'Budget_item_detail # BUIL-26740',	86,	5,	353,	2360,	0.00,	'2020-12-15',	25,	25,	'0000-00-00 00:00:00'),
(1032,	'BUIL-81492',	'Budget_item_detail # BUIL-5586',	86,	6,	353,	2361,	0.00,	'2020-12-15',	25,	25,	'0000-00-00 00:00:00'),
(1033,	'BUIL-6169',	'Budget_item_detail # BUIL-39351',	87,	7,	353,	2368,	745000.00,	'2020-12-15',	19,	19,	'0000-00-00 00:00:00'),
(1034,	'BUIL-78133',	'Budget_item_detail # BUIL-16304',	87,	8,	353,	2369,	0.00,	'2020-12-15',	19,	19,	'0000-00-00 00:00:00'),
(1035,	'BUIL-45833',	'Budget_item_detail # BUIL-62208',	87,	9,	353,	2370,	0.00,	'2020-12-15',	19,	19,	'0000-00-00 00:00:00'),
(1036,	'BUIL-80753',	'Budget_item_detail # BUIL-89844',	87,	10,	353,	2371,	0.00,	'2020-12-15',	19,	19,	'0000-00-00 00:00:00'),
(1037,	'BUIL-38290',	'Budget_item_detail # BUIL-35365',	87,	11,	353,	2372,	0.00,	'2020-12-15',	19,	19,	'0000-00-00 00:00:00'),
(1038,	'BUIL-68486',	'Budget_item_detail # BUIL-4124',	87,	12,	353,	2373,	0.00,	'2020-12-15',	19,	19,	'0000-00-00 00:00:00'),
(1039,	'BUIL-2195',	'Budget_item_detail # BUIL-33235',	87,	1,	353,	2374,	745000.00,	'2020-12-15',	19,	19,	'0000-00-00 00:00:00'),
(1040,	'BUIL-9641',	'Budget_item_detail # BUIL-58367',	87,	2,	353,	2375,	0.00,	'2020-12-15',	19,	19,	'0000-00-00 00:00:00'),
(1041,	'BUIL-72791',	'Budget_item_detail # BUIL-48561',	87,	3,	353,	2376,	0.00,	'2020-12-15',	19,	19,	'0000-00-00 00:00:00'),
(1042,	'BUIL-54087',	'Budget_item_detail # BUIL-76167',	87,	4,	353,	2377,	0.00,	'2020-12-15',	19,	19,	'0000-00-00 00:00:00'),
(1043,	'BUIL-8193',	'Budget_item_detail # BUIL-11219',	87,	5,	353,	2378,	0.00,	'2020-12-15',	19,	19,	'0000-00-00 00:00:00'),
(1044,	'BUIL-30065',	'Budget_item_detail # BUIL-12899',	87,	6,	353,	2379,	0.00,	'2020-12-15',	19,	19,	'0000-00-00 00:00:00'),
(1045,	'BUIL-78751',	'Budget_item_detail # BUIL-49948',	88,	7,	353,	2381,	0.00,	'2020-12-15',	19,	19,	'0000-00-00 00:00:00'),
(1046,	'BUIL-53641',	'Budget_item_detail # BUIL-45831',	88,	8,	353,	2382,	0.00,	'2020-12-15',	19,	19,	'0000-00-00 00:00:00'),
(1047,	'BUIL-60847',	'Budget_item_detail # BUIL-52026',	88,	9,	353,	2383,	0.00,	'2020-12-15',	19,	19,	'0000-00-00 00:00:00'),
(1048,	'BUIL-29961',	'Budget_item_detail # BUIL-28581',	88,	10,	353,	2384,	0.00,	'2020-12-15',	19,	19,	'0000-00-00 00:00:00'),
(1049,	'BUIL-79913',	'Budget_item_detail # BUIL-83105',	88,	11,	353,	2385,	0.00,	'2020-12-15',	19,	19,	'0000-00-00 00:00:00'),
(1050,	'BUIL-5502',	'Budget_item_detail # BUIL-85394',	88,	12,	353,	2386,	0.00,	'2020-12-15',	19,	19,	'0000-00-00 00:00:00'),
(1051,	'BUIL-85675',	'Budget_item_detail # BUIL-71180',	88,	1,	353,	2387,	0.00,	'2020-12-15',	19,	19,	'0000-00-00 00:00:00'),
(1052,	'BUIL-88342',	'Budget_item_detail # BUIL-48663',	88,	2,	353,	2388,	0.00,	'2020-12-15',	19,	19,	'0000-00-00 00:00:00'),
(1053,	'BUIL-41528',	'Budget_item_detail # BUIL-26423',	88,	3,	353,	2389,	0.00,	'2020-12-15',	19,	19,	'0000-00-00 00:00:00'),
(1054,	'BUIL-51941',	'Budget_item_detail # BUIL-80944',	88,	4,	353,	2390,	0.00,	'2020-12-15',	19,	19,	'0000-00-00 00:00:00'),
(1055,	'BUIL-12293',	'Budget_item_detail # BUIL-87464',	88,	5,	353,	2391,	0.00,	'2020-12-15',	19,	19,	'0000-00-00 00:00:00'),
(1056,	'BUIL-5844',	'Budget_item_detail # BUIL-78852',	88,	6,	353,	2392,	0.00,	'2020-12-15',	19,	19,	'0000-00-00 00:00:00'),
(1057,	'BUIL-89438',	'Budget_item_detail # BUIL-51935',	89,	7,	353,	2394,	1500000.00,	'2020-12-15',	19,	19,	'0000-00-00 00:00:00'),
(1058,	'BUIL-87742',	'Budget_item_detail # BUIL-45331',	89,	8,	353,	2395,	0.00,	'2020-12-15',	19,	19,	'0000-00-00 00:00:00'),
(1059,	'BUIL-24962',	'Budget_item_detail # BUIL-31456',	89,	9,	353,	2396,	0.00,	'2020-12-15',	19,	19,	'0000-00-00 00:00:00'),
(1060,	'BUIL-4773',	'Budget_item_detail # BUIL-76207',	89,	10,	353,	2397,	0.00,	'2020-12-15',	19,	19,	'0000-00-00 00:00:00'),
(1061,	'BUIL-21117',	'Budget_item_detail # BUIL-36528',	89,	11,	353,	2398,	0.00,	'2020-12-15',	19,	19,	'0000-00-00 00:00:00'),
(1062,	'BUIL-58110',	'Budget_item_detail # BUIL-52122',	89,	12,	353,	2399,	0.00,	'2020-12-15',	19,	19,	'0000-00-00 00:00:00'),
(1063,	'BUIL-56733',	'Budget_item_detail # BUIL-54458',	89,	1,	353,	2400,	0.00,	'2020-12-15',	19,	19,	'0000-00-00 00:00:00'),
(1064,	'BUIL-61585',	'Budget_item_detail # BUIL-67381',	89,	2,	353,	2401,	0.00,	'2020-12-15',	19,	19,	'0000-00-00 00:00:00'),
(1065,	'BUIL-55460',	'Budget_item_detail # BUIL-11115',	89,	3,	353,	2402,	0.00,	'2020-12-15',	19,	19,	'0000-00-00 00:00:00'),
(1066,	'BUIL-28874',	'Budget_item_detail # BUIL-79593',	89,	4,	353,	2403,	0.00,	'2020-12-15',	19,	19,	'0000-00-00 00:00:00'),
(1067,	'BUIL-59571',	'Budget_item_detail # BUIL-19713',	89,	5,	353,	2404,	0.00,	'2020-12-15',	19,	19,	'0000-00-00 00:00:00'),
(1068,	'BUIL-55602',	'Budget_item_detail # BUIL-57873',	89,	6,	353,	2405,	0.00,	'2020-12-15',	19,	19,	'0000-00-00 00:00:00'),
(1069,	'BUIL-64949',	'Budget_item_detail # BUIL-22218',	90,	7,	353,	2407,	0.00,	'2020-12-15',	19,	19,	'0000-00-00 00:00:00'),
(1070,	'BUIL-6356',	'Budget_item_detail # BUIL-12093',	90,	8,	353,	2408,	0.00,	'2020-12-15',	19,	19,	'0000-00-00 00:00:00'),
(1071,	'BUIL-80430',	'Budget_item_detail # BUIL-85013',	90,	9,	353,	2409,	150000.00,	'2020-12-15',	19,	19,	'0000-00-00 00:00:00'),
(1072,	'BUIL-12955',	'Budget_item_detail # BUIL-15304',	90,	10,	353,	2410,	0.00,	'2020-12-15',	19,	19,	'0000-00-00 00:00:00'),
(1073,	'BUIL-63124',	'Budget_item_detail # BUIL-49727',	90,	11,	353,	2411,	0.00,	'2020-12-15',	19,	19,	'0000-00-00 00:00:00'),
(1074,	'BUIL-10922',	'Budget_item_detail # BUIL-66199',	90,	12,	353,	2412,	0.00,	'2020-12-15',	19,	19,	'0000-00-00 00:00:00'),
(1075,	'BUIL-57599',	'Budget_item_detail # BUIL-9604',	90,	1,	353,	2413,	0.00,	'2020-12-15',	19,	19,	'0000-00-00 00:00:00'),
(1076,	'BUIL-52724',	'Budget_item_detail # BUIL-49911',	90,	2,	353,	2414,	0.00,	'2020-12-15',	19,	19,	'0000-00-00 00:00:00'),
(1077,	'BUIL-43441',	'Budget_item_detail # BUIL-52292',	90,	3,	353,	2415,	0.00,	'2020-12-15',	19,	19,	'0000-00-00 00:00:00'),
(1078,	'BUIL-31765',	'Budget_item_detail # BUIL-16212',	90,	4,	353,	2416,	0.00,	'2020-12-15',	19,	19,	'0000-00-00 00:00:00'),
(1079,	'BUIL-56722',	'Budget_item_detail # BUIL-64668',	90,	5,	353,	2417,	0.00,	'2020-12-15',	19,	19,	'0000-00-00 00:00:00'),
(1080,	'BUIL-52115',	'Budget_item_detail # BUIL-62832',	90,	6,	353,	2418,	0.00,	'2020-12-15',	19,	19,	'0000-00-00 00:00:00'),
(1081,	'BUIL-21280',	'Budget_item_detail # BUIL-20721',	91,	7,	353,	2420,	150000.00,	'2020-12-15',	19,	19,	'0000-00-00 00:00:00'),
(1082,	'BUIL-58578',	'Budget_item_detail # BUIL-41911',	91,	8,	353,	2421,	0.00,	'2020-12-15',	19,	19,	'0000-00-00 00:00:00'),
(1083,	'BUIL-24016',	'Budget_item_detail # BUIL-53327',	91,	9,	353,	2422,	0.00,	'2020-12-15',	19,	19,	'0000-00-00 00:00:00'),
(1084,	'BUIL-3805',	'Budget_item_detail # BUIL-9188',	91,	10,	353,	2423,	0.00,	'2020-12-15',	19,	19,	'0000-00-00 00:00:00'),
(1085,	'BUIL-84129',	'Budget_item_detail # BUIL-24127',	91,	11,	353,	2424,	0.00,	'2020-12-15',	19,	19,	'0000-00-00 00:00:00'),
(1086,	'BUIL-73889',	'Budget_item_detail # BUIL-60778',	91,	12,	353,	2425,	0.00,	'2020-12-15',	19,	19,	'0000-00-00 00:00:00'),
(1087,	'BUIL-18164',	'Budget_item_detail # BUIL-49754',	91,	1,	353,	2426,	0.00,	'2020-12-15',	19,	19,	'0000-00-00 00:00:00'),
(1088,	'BUIL-9084',	'Budget_item_detail # BUIL-7254',	91,	2,	353,	2427,	0.00,	'2020-12-15',	19,	19,	'0000-00-00 00:00:00'),
(1089,	'BUIL-22367',	'Budget_item_detail # BUIL-7597',	91,	3,	353,	2428,	0.00,	'2020-12-15',	19,	19,	'0000-00-00 00:00:00'),
(1090,	'BUIL-53351',	'Budget_item_detail # BUIL-68932',	91,	4,	353,	2429,	0.00,	'2020-12-15',	19,	19,	'0000-00-00 00:00:00'),
(1091,	'BUIL-9316',	'Budget_item_detail # BUIL-35918',	91,	5,	353,	2430,	0.00,	'2020-12-15',	19,	19,	'0000-00-00 00:00:00'),
(1092,	'BUIL-42516',	'Budget_item_detail # BUIL-11665',	91,	6,	353,	2431,	0.00,	'2020-12-15',	19,	19,	'0000-00-00 00:00:00'),
(1093,	'BUIL-14076',	'Budget_item_detail # BUIL-50051',	92,	7,	353,	2433,	700000.00,	'2020-12-15',	19,	19,	'0000-00-00 00:00:00'),
(1094,	'BUIL-52197',	'Budget_item_detail # BUIL-3526',	92,	8,	353,	2434,	0.00,	'2020-12-15',	19,	19,	'0000-00-00 00:00:00'),
(1095,	'BUIL-21359',	'Budget_item_detail # BUIL-50144',	92,	9,	353,	2435,	0.00,	'2020-12-15',	19,	19,	'0000-00-00 00:00:00'),
(1096,	'BUIL-70348',	'Budget_item_detail # BUIL-51328',	92,	10,	353,	2436,	0.00,	'2020-12-15',	19,	19,	'0000-00-00 00:00:00'),
(1097,	'BUIL-58640',	'Budget_item_detail # BUIL-76107',	92,	11,	353,	2437,	0.00,	'2020-12-15',	19,	19,	'0000-00-00 00:00:00'),
(1098,	'BUIL-20765',	'Budget_item_detail # BUIL-21159',	92,	12,	353,	2438,	0.00,	'2020-12-15',	19,	19,	'0000-00-00 00:00:00'),
(1099,	'BUIL-8079',	'Budget_item_detail # BUIL-28138',	92,	1,	353,	2439,	0.00,	'2020-12-15',	19,	19,	'0000-00-00 00:00:00'),
(1100,	'BUIL-67542',	'Budget_item_detail # BUIL-76172',	92,	2,	353,	2440,	0.00,	'2020-12-15',	19,	19,	'0000-00-00 00:00:00'),
(1101,	'BUIL-50419',	'Budget_item_detail # BUIL-10186',	92,	3,	353,	2441,	0.00,	'2020-12-15',	19,	19,	'0000-00-00 00:00:00'),
(1102,	'BUIL-33065',	'Budget_item_detail # BUIL-36987',	92,	4,	353,	2442,	0.00,	'2020-12-15',	19,	19,	'0000-00-00 00:00:00'),
(1103,	'BUIL-1285',	'Budget_item_detail # BUIL-86690',	92,	5,	353,	2443,	0.00,	'2020-12-15',	19,	19,	'0000-00-00 00:00:00'),
(1104,	'BUIL-13571',	'Budget_item_detail # BUIL-14318',	92,	6,	353,	2444,	0.00,	'2020-12-15',	19,	19,	'0000-00-00 00:00:00'),
(1105,	'BUIL-70182',	'Budget_item_detail # BUIL-3910',	93,	7,	353,	2446,	0.00,	'2020-12-15',	19,	19,	'0000-00-00 00:00:00'),
(1106,	'BUIL-4820',	'Budget_item_detail # BUIL-54081',	93,	8,	353,	2447,	0.00,	'2020-12-15',	19,	19,	'0000-00-00 00:00:00'),
(1107,	'BUIL-54265',	'Budget_item_detail # BUIL-14050',	93,	9,	353,	2448,	0.00,	'2020-12-15',	19,	19,	'0000-00-00 00:00:00'),
(1108,	'BUIL-9665',	'Budget_item_detail # BUIL-42629',	93,	10,	353,	2449,	0.00,	'2020-12-15',	19,	19,	'0000-00-00 00:00:00'),
(1109,	'BUIL-47039',	'Budget_item_detail # BUIL-43940',	93,	11,	353,	2450,	0.00,	'2020-12-15',	19,	19,	'0000-00-00 00:00:00'),
(1110,	'BUIL-63751',	'Budget_item_detail # BUIL-79381',	93,	12,	353,	2451,	0.00,	'2020-12-15',	19,	19,	'0000-00-00 00:00:00'),
(1111,	'BUIL-76487',	'Budget_item_detail # BUIL-65126',	93,	1,	353,	2452,	0.00,	'2020-12-15',	19,	19,	'0000-00-00 00:00:00'),
(1112,	'BUIL-7980',	'Budget_item_detail # BUIL-55147',	93,	2,	353,	2453,	0.00,	'2020-12-15',	19,	19,	'0000-00-00 00:00:00'),
(1113,	'BUIL-62450',	'Budget_item_detail # BUIL-1338',	93,	3,	353,	2454,	0.00,	'2020-12-15',	19,	19,	'0000-00-00 00:00:00'),
(1114,	'BUIL-41956',	'Budget_item_detail # BUIL-29422',	93,	4,	353,	2455,	38000.00,	'2020-12-15',	19,	19,	'0000-00-00 00:00:00'),
(1115,	'BUIL-82441',	'Budget_item_detail # BUIL-72333',	93,	5,	353,	2456,	0.00,	'2020-12-15',	19,	19,	'0000-00-00 00:00:00'),
(1116,	'BUIL-79300',	'Budget_item_detail # BUIL-87222',	93,	6,	353,	2457,	0.00,	'2020-12-15',	19,	19,	'0000-00-00 00:00:00'),
(1117,	'BUIL-31822',	'Budget_item_detail # BUIL-49393',	94,	7,	353,	2459,	0.00,	'2020-12-15',	19,	19,	'0000-00-00 00:00:00'),
(1118,	'BUIL-74545',	'Budget_item_detail # BUIL-59713',	94,	8,	353,	2460,	0.00,	'2020-12-15',	19,	19,	'0000-00-00 00:00:00'),
(1119,	'BUIL-14344',	'Budget_item_detail # BUIL-36514',	94,	9,	353,	2461,	0.00,	'2020-12-15',	19,	19,	'0000-00-00 00:00:00'),
(1120,	'BUIL-14954',	'Budget_item_detail # BUIL-17229',	94,	10,	353,	2462,	0.00,	'2020-12-15',	19,	19,	'0000-00-00 00:00:00'),
(1121,	'BUIL-48132',	'Budget_item_detail # BUIL-11543',	94,	11,	353,	2463,	0.00,	'2020-12-15',	19,	19,	'0000-00-00 00:00:00'),
(1122,	'BUIL-39860',	'Budget_item_detail # BUIL-3546',	94,	12,	353,	2464,	0.00,	'2020-12-15',	19,	19,	'0000-00-00 00:00:00'),
(1123,	'BUIL-71801',	'Budget_item_detail # BUIL-24088',	94,	1,	353,	2465,	60000.00,	'2020-12-15',	19,	19,	'0000-00-00 00:00:00'),
(1124,	'BUIL-26971',	'Budget_item_detail # BUIL-31646',	94,	2,	353,	2466,	0.00,	'2020-12-15',	19,	19,	'0000-00-00 00:00:00'),
(1125,	'BUIL-4419',	'Budget_item_detail # BUIL-50536',	94,	3,	353,	2467,	0.00,	'2020-12-15',	19,	19,	'0000-00-00 00:00:00'),
(1126,	'BUIL-1441',	'Budget_item_detail # BUIL-25021',	94,	4,	353,	2468,	0.00,	'2020-12-15',	19,	19,	'0000-00-00 00:00:00'),
(1127,	'BUIL-16458',	'Budget_item_detail # BUIL-75664',	94,	5,	353,	2469,	0.00,	'2020-12-15',	19,	19,	'0000-00-00 00:00:00'),
(1128,	'BUIL-55715',	'Budget_item_detail # BUIL-56945',	94,	6,	353,	2470,	0.00,	'2020-12-15',	19,	19,	'0000-00-00 00:00:00'),
(1129,	'BUIL-56959',	'Budget_item_detail # BUIL-30426',	95,	7,	353,	2478,	0.00,	'2020-12-15',	34,	34,	'0000-00-00 00:00:00'),
(1130,	'BUIL-25505',	'Budget_item_detail # BUIL-39475',	95,	8,	353,	2479,	0.00,	'2020-12-15',	34,	34,	'0000-00-00 00:00:00'),
(1131,	'BUIL-48865',	'Budget_item_detail # BUIL-73693',	95,	9,	353,	2480,	0.00,	'2020-12-15',	34,	34,	'0000-00-00 00:00:00'),
(1132,	'BUIL-43744',	'Budget_item_detail # BUIL-47633',	95,	10,	353,	2481,	0.00,	'2020-12-15',	34,	34,	'0000-00-00 00:00:00'),
(1133,	'BUIL-76078',	'Budget_item_detail # BUIL-40781',	95,	11,	353,	2482,	0.00,	'2020-12-15',	34,	34,	'0000-00-00 00:00:00'),
(1134,	'BUIL-16029',	'Budget_item_detail # BUIL-58985',	95,	12,	353,	2483,	300000.00,	'2020-12-15',	34,	34,	'0000-00-00 00:00:00'),
(1135,	'BUIL-71743',	'Budget_item_detail # BUIL-63339',	95,	1,	353,	2484,	0.00,	'2020-12-15',	34,	34,	'0000-00-00 00:00:00'),
(1136,	'BUIL-41094',	'Budget_item_detail # BUIL-26212',	95,	2,	353,	2485,	100000.00,	'2020-12-15',	34,	34,	'0000-00-00 00:00:00'),
(1137,	'BUIL-84706',	'Budget_item_detail # BUIL-41930',	95,	3,	353,	2486,	0.00,	'2020-12-15',	34,	34,	'0000-00-00 00:00:00'),
(1138,	'BUIL-75288',	'Budget_item_detail # BUIL-12229',	95,	4,	353,	2487,	0.00,	'2020-12-15',	34,	34,	'0000-00-00 00:00:00'),
(1139,	'BUIL-25609',	'Budget_item_detail # BUIL-36047',	95,	5,	353,	2488,	0.00,	'2020-12-15',	34,	34,	'0000-00-00 00:00:00'),
(1140,	'BUIL-33305',	'Budget_item_detail # BUIL-73875',	95,	6,	353,	2489,	0.00,	'2020-12-15',	34,	34,	'0000-00-00 00:00:00'),
(1141,	'BUIL-71858',	'Budget_item_detail # BUIL-59657',	96,	7,	353,	2491,	745000.00,	'2020-12-15',	34,	34,	'0000-00-00 00:00:00'),
(1142,	'BUIL-13014',	'Budget_item_detail # BUIL-86578',	96,	8,	353,	2492,	0.00,	'2020-12-15',	34,	34,	'0000-00-00 00:00:00'),
(1143,	'BUIL-61567',	'Budget_item_detail # BUIL-23927',	96,	9,	353,	2493,	0.00,	'2020-12-15',	34,	34,	'0000-00-00 00:00:00'),
(1144,	'BUIL-52774',	'Budget_item_detail # BUIL-87374',	96,	10,	353,	2494,	0.00,	'2020-12-15',	34,	34,	'0000-00-00 00:00:00'),
(1145,	'BUIL-88668',	'Budget_item_detail # BUIL-88029',	96,	11,	353,	2495,	0.00,	'2020-12-15',	34,	34,	'0000-00-00 00:00:00'),
(1146,	'BUIL-82476',	'Budget_item_detail # BUIL-77186',	96,	12,	353,	2496,	0.00,	'2020-12-15',	34,	34,	'0000-00-00 00:00:00'),
(1147,	'BUIL-4555',	'Budget_item_detail # BUIL-52397',	96,	1,	353,	2497,	745000.00,	'2020-12-15',	34,	34,	'0000-00-00 00:00:00'),
(1148,	'BUIL-10355',	'Budget_item_detail # BUIL-21836',	96,	2,	353,	2498,	0.00,	'2020-12-15',	34,	34,	'0000-00-00 00:00:00'),
(1149,	'BUIL-9330',	'Budget_item_detail # BUIL-59811',	96,	3,	353,	2499,	0.00,	'2020-12-15',	34,	34,	'0000-00-00 00:00:00'),
(1150,	'BUIL-74487',	'Budget_item_detail # BUIL-47969',	96,	4,	353,	2500,	0.00,	'2020-12-15',	34,	34,	'0000-00-00 00:00:00'),
(1151,	'BUIL-59738',	'Budget_item_detail # BUIL-30870',	96,	5,	353,	2501,	0.00,	'2020-12-15',	34,	34,	'0000-00-00 00:00:00'),
(1152,	'BUIL-73058',	'Budget_item_detail # BUIL-29845',	96,	6,	353,	2502,	0.00,	'2020-12-15',	34,	34,	'0000-00-00 00:00:00'),
(1153,	'BUIL-66821',	'Budget_item_detail # BUIL-58748',	97,	7,	353,	2504,	1500000.00,	'2020-12-15',	34,	34,	'0000-00-00 00:00:00'),
(1154,	'BUIL-86228',	'Budget_item_detail # BUIL-55873',	97,	8,	353,	2505,	0.00,	'2020-12-15',	34,	34,	'0000-00-00 00:00:00'),
(1155,	'BUIL-16269',	'Budget_item_detail # BUIL-30004',	97,	9,	353,	2506,	0.00,	'2020-12-15',	34,	34,	'0000-00-00 00:00:00'),
(1156,	'BUIL-72341',	'Budget_item_detail # BUIL-88799',	97,	10,	353,	2507,	0.00,	'2020-12-15',	34,	34,	'0000-00-00 00:00:00'),
(1157,	'BUIL-5506',	'Budget_item_detail # BUIL-11851',	97,	11,	353,	2508,	0.00,	'2020-12-15',	34,	34,	'0000-00-00 00:00:00'),
(1158,	'BUIL-18202',	'Budget_item_detail # BUIL-48914',	97,	12,	353,	2509,	0.00,	'2020-12-15',	34,	34,	'0000-00-00 00:00:00'),
(1159,	'BUIL-53796',	'Budget_item_detail # BUIL-87053',	97,	1,	353,	2510,	0.00,	'2020-12-15',	34,	34,	'0000-00-00 00:00:00'),
(1160,	'BUIL-51330',	'Budget_item_detail # BUIL-26132',	97,	2,	353,	2511,	0.00,	'2020-12-15',	34,	34,	'0000-00-00 00:00:00'),
(1161,	'BUIL-5955',	'Budget_item_detail # BUIL-53377',	97,	3,	353,	2512,	0.00,	'2020-12-15',	34,	34,	'0000-00-00 00:00:00'),
(1162,	'BUIL-34382',	'Budget_item_detail # BUIL-60190',	97,	4,	353,	2513,	0.00,	'2020-12-15',	34,	34,	'0000-00-00 00:00:00'),
(1163,	'BUIL-14866',	'Budget_item_detail # BUIL-13304',	97,	5,	353,	2514,	0.00,	'2020-12-15',	34,	34,	'0000-00-00 00:00:00'),
(1164,	'BUIL-7954',	'Budget_item_detail # BUIL-29222',	97,	6,	353,	2515,	0.00,	'2020-12-15',	34,	34,	'0000-00-00 00:00:00'),
(1165,	'BUIL-27089',	'Budget_item_detail # BUIL-51539',	98,	7,	353,	2517,	700000.00,	'2020-12-15',	34,	34,	'0000-00-00 00:00:00'),
(1166,	'BUIL-42045',	'Budget_item_detail # BUIL-22003',	98,	8,	353,	2518,	0.00,	'2020-12-15',	34,	34,	'0000-00-00 00:00:00'),
(1167,	'BUIL-39962',	'Budget_item_detail # BUIL-14995',	98,	9,	353,	2519,	0.00,	'2020-12-15',	34,	34,	'0000-00-00 00:00:00'),
(1168,	'BUIL-55166',	'Budget_item_detail # BUIL-62968',	98,	10,	353,	2520,	0.00,	'2020-12-15',	34,	34,	'0000-00-00 00:00:00'),
(1169,	'BUIL-87926',	'Budget_item_detail # BUIL-44414',	98,	11,	353,	2521,	0.00,	'2020-12-15',	34,	34,	'0000-00-00 00:00:00'),
(1170,	'BUIL-4293',	'Budget_item_detail # BUIL-62311',	98,	12,	353,	2522,	0.00,	'2020-12-15',	34,	34,	'0000-00-00 00:00:00'),
(1171,	'BUIL-45830',	'Budget_item_detail # BUIL-58879',	98,	1,	353,	2523,	0.00,	'2020-12-15',	34,	34,	'0000-00-00 00:00:00'),
(1172,	'BUIL-72157',	'Budget_item_detail # BUIL-33568',	98,	2,	353,	2524,	0.00,	'2020-12-15',	34,	34,	'0000-00-00 00:00:00'),
(1173,	'BUIL-1711',	'Budget_item_detail # BUIL-52927',	98,	3,	353,	2525,	0.00,	'2020-12-15',	34,	34,	'0000-00-00 00:00:00'),
(1174,	'BUIL-88043',	'Budget_item_detail # BUIL-34529',	98,	4,	353,	2526,	0.00,	'2020-12-15',	34,	34,	'0000-00-00 00:00:00'),
(1175,	'BUIL-62404',	'Budget_item_detail # BUIL-55886',	98,	5,	353,	2527,	0.00,	'2020-12-15',	34,	34,	'0000-00-00 00:00:00'),
(1176,	'BUIL-72097',	'Budget_item_detail # BUIL-53269',	98,	6,	353,	2528,	0.00,	'2020-12-15',	34,	34,	'0000-00-00 00:00:00'),
(1177,	'BUIL-21805',	'Budget_item_detail # BUIL-18933',	99,	7,	353,	2530,	0.00,	'2020-12-15',	34,	34,	'0000-00-00 00:00:00'),
(1178,	'BUIL-58350',	'Budget_item_detail # BUIL-17997',	99,	8,	353,	2531,	0.00,	'2020-12-15',	34,	34,	'0000-00-00 00:00:00'),
(1179,	'BUIL-5206',	'Budget_item_detail # BUIL-88116',	99,	9,	353,	2532,	0.00,	'2020-12-15',	34,	34,	'0000-00-00 00:00:00'),
(1180,	'BUIL-71415',	'Budget_item_detail # BUIL-1937',	99,	10,	353,	2533,	0.00,	'2020-12-15',	34,	34,	'0000-00-00 00:00:00'),
(1181,	'BUIL-22047',	'Budget_item_detail # BUIL-81837',	99,	11,	353,	2534,	0.00,	'2020-12-15',	34,	34,	'0000-00-00 00:00:00'),
(1182,	'BUIL-72790',	'Budget_item_detail # BUIL-31018',	99,	12,	353,	2535,	0.00,	'2020-12-15',	34,	34,	'0000-00-00 00:00:00'),
(1183,	'BUIL-89439',	'Budget_item_detail # BUIL-84072',	99,	1,	353,	2536,	60000.00,	'2020-12-15',	34,	34,	'0000-00-00 00:00:00'),
(1184,	'BUIL-13754',	'Budget_item_detail # BUIL-21805',	99,	2,	353,	2537,	0.00,	'2020-12-15',	34,	34,	'0000-00-00 00:00:00'),
(1185,	'BUIL-4071',	'Budget_item_detail # BUIL-40670',	99,	3,	353,	2538,	0.00,	'2020-12-15',	34,	34,	'0000-00-00 00:00:00'),
(1186,	'BUIL-50380',	'Budget_item_detail # BUIL-18653',	99,	4,	353,	2539,	0.00,	'2020-12-15',	34,	34,	'0000-00-00 00:00:00'),
(1187,	'BUIL-19200',	'Budget_item_detail # BUIL-6682',	99,	5,	353,	2540,	0.00,	'2020-12-15',	34,	34,	'0000-00-00 00:00:00'),
(1188,	'BUIL-84474',	'Budget_item_detail # BUIL-42211',	99,	6,	353,	2541,	0.00,	'2020-12-15',	34,	34,	'0000-00-00 00:00:00'),
(1189,	'BUIL-50928',	'Budget_item_detail # BUIL-69665',	100,	7,	353,	2551,	4500000.00,	'2020-12-15',	34,	34,	'0000-00-00 00:00:00'),
(1190,	'BUIL-15497',	'Budget_item_detail # BUIL-83090',	100,	8,	353,	2552,	4500000.00,	'2020-12-15',	34,	34,	'0000-00-00 00:00:00'),
(1191,	'BUIL-24867',	'Budget_item_detail # BUIL-48710',	100,	9,	353,	2553,	4500000.00,	'2020-12-15',	34,	34,	'0000-00-00 00:00:00'),
(1192,	'BUIL-49792',	'Budget_item_detail # BUIL-58362',	100,	10,	353,	2554,	4500000.00,	'2020-12-15',	34,	34,	'0000-00-00 00:00:00'),
(1193,	'BUIL-35184',	'Budget_item_detail # BUIL-45291',	100,	11,	353,	2555,	4500000.00,	'2020-12-15',	34,	34,	'0000-00-00 00:00:00'),
(1194,	'BUIL-89563',	'Budget_item_detail # BUIL-80442',	100,	12,	353,	2556,	4500000.00,	'2020-12-15',	34,	34,	'0000-00-00 00:00:00'),
(1195,	'BUIL-79873',	'Budget_item_detail # BUIL-77508',	100,	1,	353,	2557,	4500000.00,	'2020-12-15',	34,	34,	'0000-00-00 00:00:00'),
(1196,	'BUIL-42083',	'Budget_item_detail # BUIL-47477',	100,	2,	353,	2558,	4500000.00,	'2020-12-15',	34,	34,	'0000-00-00 00:00:00'),
(1197,	'BUIL-46667',	'Budget_item_detail # BUIL-58537',	100,	3,	353,	2559,	4500000.00,	'2020-12-15',	34,	34,	'0000-00-00 00:00:00'),
(1198,	'BUIL-16675',	'Budget_item_detail # BUIL-52141',	100,	4,	353,	2560,	4500000.00,	'2020-12-15',	34,	34,	'0000-00-00 00:00:00'),
(1199,	'BUIL-20388',	'Budget_item_detail # BUIL-82408',	100,	5,	353,	2561,	4500000.00,	'2020-12-15',	34,	34,	'0000-00-00 00:00:00'),
(1200,	'BUIL-36450',	'Budget_item_detail # BUIL-31590',	100,	6,	353,	2562,	4500000.00,	'2020-12-15',	34,	34,	'0000-00-00 00:00:00'),
(1201,	'BUIL-12313',	'Budget_item_detail # BUIL-35110',	101,	7,	353,	2564,	4500000.00,	'2020-12-15',	15,	15,	'0000-00-00 00:00:00'),
(1202,	'BUIL-40972',	'Budget_item_detail # BUIL-54259',	101,	8,	353,	2565,	4500000.00,	'2020-12-15',	15,	15,	'0000-00-00 00:00:00'),
(1203,	'BUIL-86877',	'Budget_item_detail # BUIL-42421',	101,	9,	353,	2566,	4500000.00,	'2020-12-15',	15,	15,	'0000-00-00 00:00:00'),
(1204,	'BUIL-72177',	'Budget_item_detail # BUIL-20025',	101,	10,	353,	2567,	4500000.00,	'2020-12-15',	15,	15,	'0000-00-00 00:00:00'),
(1205,	'BUIL-52512',	'Budget_item_detail # BUIL-53750',	101,	11,	353,	2568,	4500000.00,	'2020-12-15',	15,	15,	'0000-00-00 00:00:00'),
(1206,	'BUIL-72423',	'Budget_item_detail # BUIL-83382',	101,	12,	353,	2569,	4500000.00,	'2020-12-15',	15,	15,	'0000-00-00 00:00:00'),
(1207,	'BUIL-66377',	'Budget_item_detail # BUIL-65948',	101,	1,	353,	2570,	4500000.00,	'2020-12-15',	15,	15,	'0000-00-00 00:00:00'),
(1208,	'BUIL-9023',	'Budget_item_detail # BUIL-6155',	101,	2,	353,	2571,	4500000.00,	'2020-12-15',	15,	15,	'0000-00-00 00:00:00'),
(1209,	'BUIL-58562',	'Budget_item_detail # BUIL-61867',	101,	3,	353,	2572,	4500000.00,	'2020-12-15',	15,	15,	'0000-00-00 00:00:00'),
(1210,	'BUIL-4076',	'Budget_item_detail # BUIL-41593',	101,	4,	353,	2573,	4500000.00,	'2020-12-15',	15,	15,	'0000-00-00 00:00:00'),
(1211,	'BUIL-75541',	'Budget_item_detail # BUIL-31920',	101,	5,	353,	2574,	4500000.00,	'2020-12-15',	15,	15,	'0000-00-00 00:00:00'),
(1212,	'BUIL-37190',	'Budget_item_detail # BUIL-42089',	101,	6,	353,	2575,	4500000.00,	'2020-12-15',	15,	15,	'0000-00-00 00:00:00'),
(1213,	'BUIL-83450',	'Budget_item_detail # BUIL-37170',	102,	7,	353,	2577,	4500000.00,	'2020-12-15',	35,	35,	'0000-00-00 00:00:00'),
(1214,	'BUIL-45773',	'Budget_item_detail # BUIL-36310',	102,	8,	353,	2578,	4500000.00,	'2020-12-15',	35,	35,	'0000-00-00 00:00:00'),
(1215,	'BUIL-82770',	'Budget_item_detail # BUIL-43202',	102,	9,	353,	2579,	4500000.00,	'2020-12-15',	35,	35,	'0000-00-00 00:00:00'),
(1216,	'BUIL-77109',	'Budget_item_detail # BUIL-86672',	102,	10,	353,	2580,	4500000.00,	'2020-12-15',	35,	35,	'0000-00-00 00:00:00'),
(1217,	'BUIL-84161',	'Budget_item_detail # BUIL-26066',	102,	11,	353,	2581,	4500000.00,	'2020-12-15',	35,	35,	'0000-00-00 00:00:00'),
(1218,	'BUIL-12478',	'Budget_item_detail # BUIL-86215',	102,	12,	353,	2582,	4500000.00,	'2020-12-15',	35,	35,	'0000-00-00 00:00:00'),
(1219,	'BUIL-23326',	'Budget_item_detail # BUIL-74009',	102,	1,	353,	2583,	4500000.00,	'2020-12-15',	35,	35,	'0000-00-00 00:00:00'),
(1220,	'BUIL-68268',	'Budget_item_detail # BUIL-71648',	102,	2,	353,	2584,	4500000.00,	'2020-12-15',	35,	35,	'0000-00-00 00:00:00'),
(1221,	'BUIL-65839',	'Budget_item_detail # BUIL-10453',	102,	3,	353,	2585,	4500000.00,	'2020-12-15',	35,	35,	'0000-00-00 00:00:00'),
(1222,	'BUIL-54928',	'Budget_item_detail # BUIL-76876',	102,	4,	353,	2586,	4500000.00,	'2020-12-15',	35,	35,	'0000-00-00 00:00:00'),
(1223,	'BUIL-23289',	'Budget_item_detail # BUIL-77283',	102,	5,	353,	2587,	4500000.00,	'2020-12-15',	35,	35,	'0000-00-00 00:00:00'),
(1224,	'BUIL-48373',	'Budget_item_detail # BUIL-58365',	102,	6,	353,	2588,	4500000.00,	'2020-12-15',	35,	35,	'0000-00-00 00:00:00'),
(1225,	'BUIL-18608',	'Budget_item_detail # BUIL-64963',	103,	7,	353,	2590,	4500000.00,	'2020-12-15',	22,	22,	'0000-00-00 00:00:00'),
(1226,	'BUIL-16598',	'Budget_item_detail # BUIL-25372',	103,	8,	353,	2591,	4500000.00,	'2020-12-15',	22,	22,	'0000-00-00 00:00:00'),
(1227,	'BUIL-74442',	'Budget_item_detail # BUIL-73185',	103,	9,	353,	2592,	4500000.00,	'2020-12-15',	22,	22,	'0000-00-00 00:00:00'),
(1228,	'BUIL-23226',	'Budget_item_detail # BUIL-42041',	103,	10,	353,	2593,	4500000.00,	'2020-12-15',	22,	22,	'0000-00-00 00:00:00'),
(1229,	'BUIL-12625',	'Budget_item_detail # BUIL-71108',	103,	11,	353,	2594,	4500000.00,	'2020-12-15',	22,	22,	'0000-00-00 00:00:00'),
(1230,	'BUIL-48184',	'Budget_item_detail # BUIL-86656',	103,	12,	353,	2595,	4500000.00,	'2020-12-15',	22,	22,	'0000-00-00 00:00:00'),
(1231,	'BUIL-46437',	'Budget_item_detail # BUIL-22129',	103,	1,	353,	2596,	4500000.00,	'2020-12-15',	22,	22,	'0000-00-00 00:00:00'),
(1232,	'BUIL-35009',	'Budget_item_detail # BUIL-3740',	103,	2,	353,	2597,	4500000.00,	'2020-12-15',	22,	22,	'0000-00-00 00:00:00'),
(1233,	'BUIL-54646',	'Budget_item_detail # BUIL-61884',	103,	3,	353,	2598,	4500000.00,	'2020-12-15',	22,	22,	'0000-00-00 00:00:00'),
(1234,	'BUIL-44581',	'Budget_item_detail # BUIL-80601',	103,	4,	353,	2599,	4500000.00,	'2020-12-15',	22,	22,	'0000-00-00 00:00:00'),
(1235,	'BUIL-4435',	'Budget_item_detail # BUIL-1240',	103,	5,	353,	2600,	4500000.00,	'2020-12-15',	22,	22,	'0000-00-00 00:00:00'),
(1236,	'BUIL-62463',	'Budget_item_detail # BUIL-51965',	103,	6,	353,	2601,	4500000.00,	'2020-12-15',	22,	22,	'0000-00-00 00:00:00'),
(1237,	'BUIL-27891',	'Budget_item_detail # BUIL-33191',	104,	7,	353,	2603,	500000.00,	'2020-12-15',	34,	34,	'0000-00-00 00:00:00'),
(1238,	'BUIL-35704',	'Budget_item_detail # BUIL-42665',	104,	8,	353,	2604,	0.00,	'2020-12-15',	34,	34,	'0000-00-00 00:00:00'),
(1239,	'BUIL-26990',	'Budget_item_detail # BUIL-32696',	104,	9,	353,	2605,	0.00,	'2020-12-15',	34,	34,	'0000-00-00 00:00:00'),
(1240,	'BUIL-59881',	'Budget_item_detail # BUIL-9656',	104,	10,	353,	2606,	0.00,	'2020-12-15',	34,	34,	'0000-00-00 00:00:00'),
(1241,	'BUIL-68505',	'Budget_item_detail # BUIL-45903',	104,	11,	353,	2607,	0.00,	'2020-12-15',	34,	34,	'0000-00-00 00:00:00'),
(1242,	'BUIL-21950',	'Budget_item_detail # BUIL-19428',	104,	12,	353,	2608,	0.00,	'2020-12-15',	34,	34,	'0000-00-00 00:00:00'),
(1243,	'BUIL-68158',	'Budget_item_detail # BUIL-39830',	104,	1,	353,	2609,	450000.00,	'2020-12-15',	34,	34,	'0000-00-00 00:00:00'),
(1244,	'BUIL-26481',	'Budget_item_detail # BUIL-32046',	104,	2,	353,	2610,	0.00,	'2020-12-15',	34,	34,	'0000-00-00 00:00:00'),
(1245,	'BUIL-28569',	'Budget_item_detail # BUIL-46077',	104,	3,	353,	2611,	0.00,	'2020-12-15',	34,	34,	'0000-00-00 00:00:00'),
(1246,	'BUIL-47896',	'Budget_item_detail # BUIL-64969',	104,	4,	353,	2612,	0.00,	'2020-12-15',	34,	34,	'0000-00-00 00:00:00'),
(1247,	'BUIL-10138',	'Budget_item_detail # BUIL-63605',	104,	5,	353,	2613,	0.00,	'2020-12-15',	34,	34,	'0000-00-00 00:00:00'),
(1248,	'BUIL-15704',	'Budget_item_detail # BUIL-79718',	104,	6,	353,	2614,	0.00,	'2020-12-15',	34,	34,	'0000-00-00 00:00:00'),
(1249,	'BUIL-25419',	'Budget_item_detail # BUIL-41395',	105,	7,	353,	2616,	0.00,	'2020-12-15',	15,	15,	'0000-00-00 00:00:00'),
(1250,	'BUIL-50275',	'Budget_item_detail # BUIL-68355',	105,	8,	353,	2617,	0.00,	'2020-12-15',	15,	15,	'0000-00-00 00:00:00'),
(1251,	'BUIL-25473',	'Budget_item_detail # BUIL-12657',	105,	9,	353,	2618,	0.00,	'2020-12-15',	15,	15,	'0000-00-00 00:00:00'),
(1252,	'BUIL-18211',	'Budget_item_detail # BUIL-80723',	105,	10,	353,	2619,	0.00,	'2020-12-15',	15,	15,	'0000-00-00 00:00:00'),
(1253,	'BUIL-69508',	'Budget_item_detail # BUIL-28449',	105,	11,	353,	2620,	200000.00,	'2020-12-15',	15,	15,	'0000-00-00 00:00:00'),
(1254,	'BUIL-26852',	'Budget_item_detail # BUIL-57958',	105,	12,	353,	2621,	0.00,	'2020-12-15',	15,	15,	'0000-00-00 00:00:00'),
(1255,	'BUIL-4426',	'Budget_item_detail # BUIL-25140',	105,	1,	353,	2622,	0.00,	'2020-12-15',	15,	15,	'0000-00-00 00:00:00'),
(1256,	'BUIL-85809',	'Budget_item_detail # BUIL-62005',	105,	2,	353,	2623,	0.00,	'2020-12-15',	15,	15,	'0000-00-00 00:00:00'),
(1257,	'BUIL-61007',	'Budget_item_detail # BUIL-53713',	105,	3,	353,	2624,	0.00,	'2020-12-15',	15,	15,	'0000-00-00 00:00:00'),
(1258,	'BUIL-55429',	'Budget_item_detail # BUIL-59504',	105,	4,	353,	2625,	0.00,	'2020-12-15',	15,	15,	'0000-00-00 00:00:00'),
(1259,	'BUIL-48941',	'Budget_item_detail # BUIL-13129',	105,	5,	353,	2626,	0.00,	'2020-12-15',	15,	15,	'0000-00-00 00:00:00'),
(1260,	'BUIL-87475',	'Budget_item_detail # BUIL-21343',	105,	6,	353,	2627,	0.00,	'2020-12-15',	15,	15,	'0000-00-00 00:00:00'),
(1261,	'BUIL-64618',	'Budget_item_detail # BUIL-6992',	106,	7,	353,	2629,	950000.00,	'2020-12-15',	35,	35,	'0000-00-00 00:00:00'),
(1262,	'BUIL-38806',	'Budget_item_detail # BUIL-74441',	106,	8,	353,	2630,	0.00,	'2020-12-15',	35,	35,	'0000-00-00 00:00:00'),
(1263,	'BUIL-37852',	'Budget_item_detail # BUIL-14113',	106,	9,	353,	2631,	0.00,	'2020-12-15',	35,	35,	'0000-00-00 00:00:00'),
(1264,	'BUIL-39732',	'Budget_item_detail # BUIL-10279',	106,	10,	353,	2632,	0.00,	'2020-12-15',	35,	35,	'0000-00-00 00:00:00'),
(1265,	'BUIL-48720',	'Budget_item_detail # BUIL-85769',	106,	11,	353,	2633,	0.00,	'2020-12-15',	35,	35,	'0000-00-00 00:00:00'),
(1266,	'BUIL-30174',	'Budget_item_detail # BUIL-23492',	106,	12,	353,	2634,	0.00,	'2020-12-15',	35,	35,	'0000-00-00 00:00:00'),
(1267,	'BUIL-40716',	'Budget_item_detail # BUIL-33611',	106,	1,	353,	2635,	950000.00,	'2020-12-15',	35,	35,	'0000-00-00 00:00:00'),
(1268,	'BUIL-59556',	'Budget_item_detail # BUIL-44462',	106,	2,	353,	2636,	0.00,	'2020-12-15',	35,	35,	'0000-00-00 00:00:00'),
(1269,	'BUIL-31197',	'Budget_item_detail # BUIL-19103',	106,	3,	353,	2637,	0.00,	'2020-12-15',	35,	35,	'0000-00-00 00:00:00'),
(1270,	'BUIL-71637',	'Budget_item_detail # BUIL-48670',	106,	4,	353,	2638,	0.00,	'2020-12-15',	35,	35,	'0000-00-00 00:00:00'),
(1271,	'BUIL-9766',	'Budget_item_detail # BUIL-23361',	106,	5,	353,	2639,	0.00,	'2020-12-15',	35,	35,	'0000-00-00 00:00:00'),
(1272,	'BUIL-65811',	'Budget_item_detail # BUIL-69821',	106,	6,	353,	2640,	0.00,	'2020-12-15',	35,	35,	'0000-00-00 00:00:00'),
(1273,	'BUIL-36704',	'Budget_item_detail # BUIL-77081',	107,	7,	353,	2642,	500000.00,	'2020-12-15',	22,	22,	'0000-00-00 00:00:00'),
(1274,	'BUIL-88429',	'Budget_item_detail # BUIL-81286',	107,	8,	353,	2643,	0.00,	'2020-12-15',	22,	22,	'0000-00-00 00:00:00'),
(1275,	'BUIL-73176',	'Budget_item_detail # BUIL-76794',	107,	9,	353,	2644,	0.00,	'2020-12-15',	22,	22,	'0000-00-00 00:00:00'),
(1276,	'BUIL-34601',	'Budget_item_detail # BUIL-53011',	107,	10,	353,	2645,	0.00,	'2020-12-15',	22,	22,	'0000-00-00 00:00:00'),
(1277,	'BUIL-69359',	'Budget_item_detail # BUIL-85023',	107,	11,	353,	2646,	0.00,	'2020-12-15',	22,	22,	'0000-00-00 00:00:00'),
(1278,	'BUIL-1644',	'Budget_item_detail # BUIL-30021',	107,	12,	353,	2647,	0.00,	'2020-12-15',	22,	22,	'0000-00-00 00:00:00'),
(1279,	'BUIL-19058',	'Budget_item_detail # BUIL-23417',	107,	1,	353,	2648,	450000.00,	'2020-12-15',	22,	22,	'0000-00-00 00:00:00'),
(1280,	'BUIL-7100',	'Budget_item_detail # BUIL-89096',	107,	2,	353,	2649,	0.00,	'2020-12-15',	22,	22,	'0000-00-00 00:00:00'),
(1281,	'BUIL-13086',	'Budget_item_detail # BUIL-65300',	107,	3,	353,	2650,	0.00,	'2020-12-15',	22,	22,	'0000-00-00 00:00:00'),
(1282,	'BUIL-72456',	'Budget_item_detail # BUIL-53014',	107,	4,	353,	2651,	0.00,	'2020-12-15',	22,	22,	'0000-00-00 00:00:00'),
(1283,	'BUIL-2854',	'Budget_item_detail # BUIL-32253',	107,	5,	353,	2652,	0.00,	'2020-12-15',	22,	22,	'0000-00-00 00:00:00'),
(1284,	'BUIL-60834',	'Budget_item_detail # BUIL-66301',	107,	6,	353,	2653,	0.00,	'2020-12-15',	22,	22,	'0000-00-00 00:00:00'),
(1285,	'BUIL-51419',	'Budget_item_detail # BUIL-64313',	108,	7,	353,	3207,	0.00,	'2020-12-17',	41,	41,	'0000-00-00 00:00:00'),
(1286,	'BUIL-2317',	'Budget_item_detail # BUIL-78117',	108,	8,	353,	3208,	90000.00,	'2020-12-17',	41,	41,	'0000-00-00 00:00:00'),
(1287,	'BUIL-51736',	'Budget_item_detail # BUIL-49535',	108,	9,	353,	3209,	0.00,	'2020-12-17',	41,	41,	'0000-00-00 00:00:00'),
(1288,	'BUIL-61222',	'Budget_item_detail # BUIL-72363',	108,	10,	353,	3210,	0.00,	'2020-12-17',	41,	41,	'0000-00-00 00:00:00'),
(1289,	'BUIL-11138',	'Budget_item_detail # BUIL-33047',	108,	11,	353,	3211,	0.00,	'2020-12-17',	41,	41,	'0000-00-00 00:00:00'),
(1290,	'BUIL-83957',	'Budget_item_detail # BUIL-20125',	108,	12,	353,	3212,	0.00,	'2020-12-17',	41,	41,	'0000-00-00 00:00:00'),
(1291,	'BUIL-51600',	'Budget_item_detail # BUIL-77172',	108,	1,	353,	3213,	0.00,	'2020-12-17',	41,	41,	'0000-00-00 00:00:00'),
(1292,	'BUIL-73186',	'Budget_item_detail # BUIL-40225',	108,	2,	353,	3214,	90000.00,	'2020-12-17',	41,	41,	'0000-00-00 00:00:00'),
(1293,	'BUIL-82995',	'Budget_item_detail # BUIL-19869',	108,	3,	353,	3215,	0.00,	'2020-12-17',	41,	41,	'0000-00-00 00:00:00'),
(1294,	'BUIL-51717',	'Budget_item_detail # BUIL-64576',	108,	4,	353,	3216,	0.00,	'2020-12-17',	41,	41,	'0000-00-00 00:00:00'),
(1295,	'BUIL-1014',	'Budget_item_detail # BUIL-62738',	108,	5,	353,	3217,	0.00,	'2020-12-17',	41,	41,	'0000-00-00 00:00:00'),
(1296,	'BUIL-10529',	'Budget_item_detail # BUIL-61535',	108,	6,	353,	3218,	0.00,	'2020-12-17',	41,	41,	'0000-00-00 00:00:00'),
(1297,	'BUIL-36867',	'Budget_item_detail # BUIL-76896',	109,	7,	353,	3623,	0.00,	'2020-12-18',	41,	41,	'0000-00-00 00:00:00'),
(1298,	'BUIL-44719',	'Budget_item_detail # BUIL-9666',	109,	8,	353,	3624,	0.00,	'2020-12-18',	41,	41,	'0000-00-00 00:00:00'),
(1299,	'BUIL-29263',	'Budget_item_detail # BUIL-69796',	109,	9,	353,	3625,	0.00,	'2020-12-18',	41,	41,	'0000-00-00 00:00:00'),
(1300,	'BUIL-28425',	'Budget_item_detail # BUIL-34336',	109,	10,	353,	3626,	0.00,	'2020-12-18',	41,	41,	'0000-00-00 00:00:00'),
(1301,	'BUIL-10302',	'Budget_item_detail # BUIL-59952',	109,	11,	353,	3627,	0.00,	'2020-12-18',	41,	41,	'0000-00-00 00:00:00'),
(1302,	'BUIL-26850',	'Budget_item_detail # BUIL-69750',	109,	12,	353,	3628,	0.00,	'2020-12-18',	41,	41,	'0000-00-00 00:00:00'),
(1303,	'BUIL-19554',	'Budget_item_detail # BUIL-74557',	109,	1,	353,	3629,	0.00,	'2020-12-18',	41,	41,	'0000-00-00 00:00:00'),
(1304,	'BUIL-57073',	'Budget_item_detail # BUIL-61352',	109,	2,	353,	3630,	1200.00,	'2020-12-18',	41,	41,	'0000-00-00 00:00:00'),
(1305,	'BUIL-66221',	'Budget_item_detail # BUIL-77006',	109,	3,	353,	3631,	0.00,	'2020-12-18',	41,	41,	'0000-00-00 00:00:00'),
(1306,	'BUIL-64661',	'Budget_item_detail # BUIL-81280',	109,	4,	353,	3632,	0.00,	'2020-12-18',	41,	41,	'0000-00-00 00:00:00'),
(1307,	'BUIL-32101',	'Budget_item_detail # BUIL-69734',	109,	5,	353,	3633,	0.00,	'2020-12-18',	41,	41,	'0000-00-00 00:00:00'),
(1308,	'BUIL-36967',	'Budget_item_detail # BUIL-16710',	109,	6,	353,	3634,	0.00,	'2020-12-18',	41,	41,	'0000-00-00 00:00:00'),
(1309,	'BUIL-73767',	'Budget_item_detail # BUIL-28475',	110,	7,	353,	3745,	0.00,	'2021-01-29',	35,	35,	'0000-00-00 00:00:00'),
(1310,	'BUIL-82525',	'Budget_item_detail # BUIL-86751',	110,	8,	353,	3746,	0.00,	'2021-01-29',	35,	35,	'0000-00-00 00:00:00'),
(1311,	'BUIL-62386',	'Budget_item_detail # BUIL-71847',	110,	9,	353,	3747,	0.00,	'2021-01-29',	35,	35,	'0000-00-00 00:00:00'),
(1312,	'BUIL-54696',	'Budget_item_detail # BUIL-44003',	110,	10,	353,	3748,	0.00,	'2021-01-29',	35,	35,	'0000-00-00 00:00:00'),
(1313,	'BUIL-9159',	'Budget_item_detail # BUIL-70995',	110,	11,	353,	3749,	0.00,	'2021-01-29',	35,	35,	'0000-00-00 00:00:00'),
(1314,	'BUIL-64990',	'Budget_item_detail # BUIL-83216',	110,	12,	353,	3750,	0.00,	'2021-01-29',	35,	35,	'0000-00-00 00:00:00'),
(1315,	'BUIL-78307',	'Budget_item_detail # BUIL-29758',	110,	1,	353,	3751,	375000.00,	'2021-01-29',	35,	35,	'0000-00-00 00:00:00'),
(1316,	'BUIL-13324',	'Budget_item_detail # BUIL-36133',	110,	2,	353,	3752,	0.00,	'2021-01-29',	35,	35,	'0000-00-00 00:00:00'),
(1317,	'BUIL-43887',	'Budget_item_detail # BUIL-83973',	110,	3,	353,	3753,	375000.00,	'2021-01-29',	35,	35,	'0000-00-00 00:00:00'),
(1318,	'BUIL-30853',	'Budget_item_detail # BUIL-28075',	110,	4,	353,	3754,	0.00,	'2021-01-29',	35,	35,	'0000-00-00 00:00:00'),
(1319,	'BUIL-12329',	'Budget_item_detail # BUIL-70444',	110,	5,	353,	3755,	0.00,	'2021-01-29',	35,	35,	'0000-00-00 00:00:00'),
(1320,	'BUIL-76410',	'Budget_item_detail # BUIL-42232',	110,	6,	353,	3756,	375000.00,	'2021-01-29',	35,	35,	'0000-00-00 00:00:00'),
(1321,	'BUIL-48097',	'Budget_item_detail # BUIL-47726',	111,	7,	353,	3758,	0.00,	'2021-01-29',	35,	35,	'0000-00-00 00:00:00'),
(1322,	'BUIL-10050',	'Budget_item_detail # BUIL-30938',	111,	8,	353,	3759,	0.00,	'2021-01-29',	35,	35,	'0000-00-00 00:00:00'),
(1323,	'BUIL-55032',	'Budget_item_detail # BUIL-87145',	111,	9,	353,	3760,	0.00,	'2021-01-29',	35,	35,	'0000-00-00 00:00:00'),
(1324,	'BUIL-9649',	'Budget_item_detail # BUIL-33408',	111,	10,	353,	3761,	0.00,	'2021-01-29',	35,	35,	'0000-00-00 00:00:00'),
(1325,	'BUIL-74560',	'Budget_item_detail # BUIL-55396',	111,	11,	353,	3762,	0.00,	'2021-01-29',	35,	35,	'0000-00-00 00:00:00'),
(1326,	'BUIL-17641',	'Budget_item_detail # BUIL-85997',	111,	12,	353,	3763,	0.00,	'2021-01-29',	35,	35,	'0000-00-00 00:00:00'),
(1327,	'BUIL-85069',	'Budget_item_detail # BUIL-3186',	111,	1,	353,	3764,	0.00,	'2021-01-29',	35,	35,	'0000-00-00 00:00:00'),
(1328,	'BUIL-45379',	'Budget_item_detail # BUIL-71166',	111,	2,	353,	3765,	38500.00,	'2021-01-29',	35,	35,	'0000-00-00 00:00:00'),
(1329,	'BUIL-65293',	'Budget_item_detail # BUIL-32847',	111,	3,	353,	3766,	0.00,	'2021-01-29',	35,	35,	'0000-00-00 00:00:00'),
(1330,	'BUIL-4861',	'Budget_item_detail # BUIL-3390',	111,	4,	353,	3767,	0.00,	'2021-01-29',	35,	35,	'0000-00-00 00:00:00'),
(1331,	'BUIL-63376',	'Budget_item_detail # BUIL-73534',	111,	5,	353,	3768,	0.00,	'2021-01-29',	35,	35,	'0000-00-00 00:00:00'),
(1332,	'BUIL-73946',	'Budget_item_detail # BUIL-40542',	111,	6,	353,	3769,	0.00,	'2021-01-29',	35,	35,	'0000-00-00 00:00:00');

DROP TABLE IF EXISTS `budget_limit`;
CREATE TABLE `budget_limit` (
  `budget_limit_id` int(100) NOT NULL AUTO_INCREMENT,
  `budget_limit_track_number` varchar(100) NOT NULL,
  `budget_limit_name` varchar(100) NOT NULL,
  `fk_office_id` int(100) NOT NULL,
  `budget_limit_year` int(100) NOT NULL,
  `fk_budget_tag_id` int(100) NOT NULL,
  `fk_income_account_id` int(11) NOT NULL,
  `budget_limit_amount` decimal(10,2) NOT NULL,
  `budget_limit_created_date` date DEFAULT NULL,
  `budget_limit_created_by` int(100) DEFAULT NULL,
  `budget_limit_last_modified_by` int(100) DEFAULT NULL,
  `budget_limit_last_modified_date` timestamp NULL DEFAULT CURRENT_TIMESTAMP,
  `fk_approval_id` int(100) DEFAULT NULL,
  `fk_status_id` int(100) DEFAULT NULL,
  PRIMARY KEY (`budget_limit_id`),
  KEY `fk_office_id` (`fk_office_id`),
  KEY `budget_limit_year` (`budget_limit_year`),
  KEY `fk_budget_tag_id` (`fk_budget_tag_id`),
  KEY `fk_income_account_id` (`fk_income_account_id`),
  CONSTRAINT `budget_limit_ibfk_1` FOREIGN KEY (`fk_office_id`) REFERENCES `office` (`office_id`),
  CONSTRAINT `budget_limit_ibfk_2` FOREIGN KEY (`budget_limit_year`) REFERENCES `budget` (`budget_id`),
  CONSTRAINT `budget_limit_ibfk_3` FOREIGN KEY (`fk_budget_tag_id`) REFERENCES `budget_tag` (`budget_tag_id`),
  CONSTRAINT `budget_limit_ibfk_4` FOREIGN KEY (`fk_income_account_id`) REFERENCES `income_account` (`income_account_id`)
) ENGINE=InnoDB DEFAULT CHARSET=latin1;

INSERT INTO `budget_limit` (`budget_limit_id`, `budget_limit_track_number`, `budget_limit_name`, `fk_office_id`, `budget_limit_year`, `fk_budget_tag_id`, `fk_income_account_id`, `budget_limit_amount`, `budget_limit_created_date`, `budget_limit_created_by`, `budget_limit_last_modified_by`, `budget_limit_last_modified_date`, `fk_approval_id`, `fk_status_id`) VALUES
(1,	'BUIT-28423',	'Budget_limit # BUIT-28423',	27,	21,	3,	3,	5000000.00,	'2021-01-29',	11,	11,	'2021-01-29 10:25:12',	3740,	593);

DROP TABLE IF EXISTS `budget_projection`;
CREATE TABLE `budget_projection` (
  `budget_projection_id` int(100) NOT NULL AUTO_INCREMENT,
  `budget_projection_name` varchar(100) NOT NULL,
  `budget_projection_track_number` varchar(100) NOT NULL,
  `fk_budget_id` int(100) NOT NULL,
  `budget_projection_created_by` int(100) NOT NULL,
  `budget_projection_created_date` date NOT NULL,
  `budget_projection_last_modified_by` int(100) NOT NULL,
  `budget_projection_last_modified_date` timestamp NOT NULL DEFAULT CURRENT_TIMESTAMP,
  `fk_approval_id` int(11) NOT NULL,
  `fk_status_id` int(11) NOT NULL,
  PRIMARY KEY (`budget_projection_id`),
  KEY `fk_budget_id` (`fk_budget_id`),
  KEY `fk_approval_id` (`fk_approval_id`),
  KEY `fk_status_id` (`fk_status_id`),
  CONSTRAINT `budget_projection_ibfk_2` FOREIGN KEY (`fk_budget_id`) REFERENCES `budget` (`budget_id`),
  CONSTRAINT `budget_projection_ibfk_3` FOREIGN KEY (`fk_approval_id`) REFERENCES `approval` (`approval_id`),
  CONSTRAINT `budget_projection_ibfk_4` FOREIGN KEY (`fk_status_id`) REFERENCES `status` (`status_id`)
) ENGINE=InnoDB DEFAULT CHARSET=latin1;

INSERT INTO `budget_projection` (`budget_projection_id`, `budget_projection_name`, `budget_projection_track_number`, `fk_budget_id`, `budget_projection_created_by`, `budget_projection_created_date`, `budget_projection_last_modified_by`, `budget_projection_last_modified_date`, `fk_approval_id`, `fk_status_id`) VALUES
(2,	'Budget_projection # BUON-40065',	'BUON-81045',	3,	47,	'2020-12-15',	47,	'2020-12-15 07:27:21',	1189,	359),
(3,	'Budget_projection # BUON-78643',	'BUON-11310',	5,	40,	'2020-12-15',	40,	'2020-12-15 08:42:56',	1249,	361),
(4,	'Budget_projection # BUON-29776',	'BUON-44718',	8,	31,	'2020-12-15',	31,	'2020-12-15 08:43:02',	1253,	361),
(5,	'Budget_projection # BUON-60964',	'BUON-23441',	11,	27,	'2020-12-15',	27,	'2020-12-15 08:43:09',	1257,	361),
(6,	'Budget_projection # BUON-31416',	'BUON-8171',	12,	19,	'2020-12-15',	19,	'2020-12-15 08:43:11',	1259,	361),
(7,	'Budget_projection # BUON-20644',	'BUON-78004',	13,	33,	'2020-12-15',	33,	'2020-12-15 08:43:12',	1261,	361),
(8,	'Budget_projection # BUON-27403',	'BUON-72622',	16,	22,	'2020-12-15',	22,	'2020-12-15 08:43:17',	1265,	361),
(9,	'Budget_projection # BUON-6590',	'BUON-53643',	17,	12,	'2020-12-15',	12,	'2020-12-15 08:43:27',	1267,	361),
(10,	'Budget_projection # BUON-88308',	'BUON-67596',	19,	30,	'2020-12-15',	30,	'2020-12-15 08:43:32',	1270,	361),
(11,	'Budget_projection # BUON-66322',	'BUON-27268',	20,	23,	'2020-12-15',	23,	'2020-12-15 08:43:33',	1272,	361),
(12,	'Budget_projection # BUON-29673',	'BUON-82352',	21,	35,	'2020-12-15',	35,	'2020-12-15 08:43:48',	1274,	361),
(13,	'Budget_projection # BUON-79141',	'BUON-23651',	23,	25,	'2020-12-15',	25,	'2020-12-15 08:44:50',	1277,	361),
(14,	'Budget_projection # BUON-47454',	'BUON-75681',	26,	16,	'2020-12-15',	16,	'2020-12-15 08:47:24',	1281,	361),
(15,	'Budget_projection # BUON-41800',	'BUON-64265',	28,	15,	'2020-12-15',	15,	'2020-12-15 08:47:50',	1284,	361),
(16,	'Budget_projection # BUON-82325',	'BUON-71632',	40,	40,	'2020-12-15',	40,	'2020-12-15 09:59:52',	2233,	361),
(17,	'Budget_projection # BUON-38651',	'BUON-42605',	42,	22,	'2020-12-15',	22,	'2020-12-15 10:00:06',	2236,	361),
(18,	'Budget_projection # BUON-85936',	'BUON-37074',	49,	25,	'2020-12-15',	25,	'2020-12-15 10:00:56',	2309,	361),
(19,	'Budget_projection # BUON-41472',	'BUON-23794',	50,	37,	'2020-12-15',	37,	'2020-12-15 10:01:01',	2363,	361),
(20,	'Budget_projection # BUON-61725',	'BUON-2935',	51,	19,	'2020-12-15',	19,	'2020-12-15 10:01:27',	2366,	361),
(21,	'Budget_projection # BUON-18287',	'BUON-19347',	53,	17,	'2020-12-15',	17,	'2020-12-15 10:01:54',	2473,	361),
(22,	'Budget_projection # BUON-81906',	'BUON-15332',	55,	34,	'2020-12-15',	34,	'2020-12-15 10:02:17',	2476,	361),
(23,	'Budget_projection # BUON-4810',	'BUON-1353',	57,	15,	'2020-12-15',	15,	'2020-12-15 10:05:39',	2544,	361),
(24,	'Budget_projection # BUON-9374',	'BUON-67388',	59,	34,	'2020-12-15',	34,	'2020-12-15 10:30:39',	2547,	361),
(25,	'Budget_projection # BUON-76597',	'BUON-13023',	60,	44,	'2020-12-15',	44,	'2020-12-15 10:47:04',	2549,	361),
(26,	'Budget_projection # BUON-39200',	'BUON-82539',	61,	32,	'2020-12-15',	32,	'2020-12-15 12:05:16',	2655,	361),
(27,	'Budget_projection # BUON-14214',	'BUON-35402',	63,	18,	'2020-12-18',	18,	'2020-12-18 15:21:33',	3636,	361),
(28,	'Budget_projection # BUON-23310',	'BUON-20235',	64,	35,	'2021-01-29',	35,	'2021-01-29 11:57:50',	3742,	361);

DROP TABLE IF EXISTS `budget_projection_income_account`;
CREATE TABLE `budget_projection_income_account` (
  `budget_projection_income_account_id` int(100) NOT NULL AUTO_INCREMENT,
  `budget_projection_income_account_name` varchar(100) NOT NULL,
  `budget_projection_income_account_track_number` varchar(100) NOT NULL,
  `fk_budget_projection_id` int(100) NOT NULL,
  `fk_income_account_id` int(11) NOT NULL,
  `budget_projection_income_account_amount` decimal(10,2) NOT NULL,
  `budget_projection_income_account_created_by` int(100) NOT NULL,
  `budget_projection_income_account_created_date` date NOT NULL,
  `budget_projection_income_account_last_modified_by` int(100) NOT NULL,
  `budget_projection_income_account_last_modified_date` timestamp NOT NULL DEFAULT CURRENT_TIMESTAMP,
  `fk_approval_id` int(11) NOT NULL,
  `fk_status_id` int(11) NOT NULL,
  PRIMARY KEY (`budget_projection_income_account_id`),
  KEY `fk_budget_projection_id` (`fk_budget_projection_id`),
  KEY `fk_income_account_id` (`fk_income_account_id`),
  KEY `fk_approval_id` (`fk_approval_id`),
  KEY `fk_status_id` (`fk_status_id`),
  CONSTRAINT `budget_projection_income_account_ibfk_1` FOREIGN KEY (`fk_budget_projection_id`) REFERENCES `budget_projection` (`budget_projection_id`),
  CONSTRAINT `budget_projection_income_account_ibfk_2` FOREIGN KEY (`fk_income_account_id`) REFERENCES `income_account` (`income_account_id`),
  CONSTRAINT `budget_projection_income_account_ibfk_3` FOREIGN KEY (`fk_approval_id`) REFERENCES `approval` (`approval_id`),
  CONSTRAINT `budget_projection_income_account_ibfk_4` FOREIGN KEY (`fk_status_id`) REFERENCES `status` (`status_id`)
) ENGINE=InnoDB DEFAULT CHARSET=latin1;


DROP TABLE IF EXISTS `budget_review_count`;
CREATE TABLE `budget_review_count` (
  `budget_review_count_id` int(100) NOT NULL AUTO_INCREMENT,
  `budget_review_count_track_number` varchar(100) NOT NULL,
  `budget_review_count_name` varchar(100) NOT NULL,
  `budget_review_count_number` int(5) NOT NULL,
  `fk_account_system_id` int(100) NOT NULL,
  `budget_review_count_created_date` date NOT NULL,
  `budget_review_count_created_by` int(100) NOT NULL,
  `budget_review_count_last_modified_date` timestamp NOT NULL DEFAULT CURRENT_TIMESTAMP,
  `budget_review_count_last_modified_by` int(100) NOT NULL,
  `fk_status_id` int(11) NOT NULL,
  `fk_approval_id` int(11) NOT NULL,
  PRIMARY KEY (`budget_review_count_id`),
  KEY `fk_account_system_id` (`fk_account_system_id`),
  CONSTRAINT `budget_review_count_ibfk_1` FOREIGN KEY (`fk_account_system_id`) REFERENCES `account_system` (`account_system_id`)
) ENGINE=InnoDB DEFAULT CHARSET=latin1;

INSERT INTO `budget_review_count` (`budget_review_count_id`, `budget_review_count_track_number`, `budget_review_count_name`, `budget_review_count_number`, `fk_account_system_id`, `budget_review_count_created_date`, `budget_review_count_created_by`, `budget_review_count_last_modified_date`, `budget_review_count_last_modified_by`, `fk_status_id`, `fk_approval_id`) VALUES
(1,	'BUNT-51671',	'Budget_review_count # BUNT-51671',	4,	4,	'2020-12-15',	1,	'2020-12-15 03:54:13',	1,	339,	995),
(2,	'BUNT-28010',	'Budget_review_count # BUNT-28010',	4,	3,	'2020-12-15',	1,	'2020-12-15 07:16:32',	1,	339,	1183);

DROP TABLE IF EXISTS `budget_tag`;
CREATE TABLE `budget_tag` (
  `budget_tag_id` int(100) NOT NULL AUTO_INCREMENT,
  `budget_tag_track_number` varchar(100) NOT NULL,
  `budget_tag_name` varchar(100) NOT NULL,
  `fk_month_id` int(11) NOT NULL,
  `budget_tag_level` int(5) NOT NULL,
  `budget_tag_is_active` int(5) NOT NULL DEFAULT '1',
  `fk_account_system_id` int(100) NOT NULL,
  `budget_tag_created_date` date NOT NULL,
  `budget_tag_created_by` int(100) NOT NULL,
  `budget_tag_last_modified_date` timestamp NOT NULL DEFAULT CURRENT_TIMESTAMP,
  `budget_tag_last_modified_by` int(1) NOT NULL,
  `fk_approval_id` int(11) DEFAULT NULL,
  `fk_status_id` int(11) DEFAULT NULL,
  PRIMARY KEY (`budget_tag_id`),
  KEY `fk_account_system_id` (`fk_account_system_id`),
  KEY `fk_month_id` (`fk_month_id`),
  CONSTRAINT `budget_tag_ibfk_1` FOREIGN KEY (`fk_account_system_id`) REFERENCES `account_system` (`account_system_id`),
  CONSTRAINT `budget_tag_ibfk_2` FOREIGN KEY (`fk_month_id`) REFERENCES `month` (`month_id`)
) ENGINE=InnoDB DEFAULT CHARSET=latin1;

INSERT INTO `budget_tag` (`budget_tag_id`, `budget_tag_track_number`, `budget_tag_name`, `fk_month_id`, `budget_tag_level`, `budget_tag_is_active`, `fk_account_system_id`, `budget_tag_created_date`, `budget_tag_created_by`, `budget_tag_last_modified_date`, `budget_tag_last_modified_by`, `fk_approval_id`, `fk_status_id`) VALUES
(1,	'BUAG-55883',	'Annual Budget',	7,	1,	1,	4,	'2020-12-11',	11,	'2020-12-11 10:27:21',	11,	983,	334),
(2,	'BUAG-32087',	'First Quarter Review [Second Quarter Budget]',	10,	2,	1,	4,	'2020-12-11',	11,	'2020-12-11 10:28:38',	11,	984,	334),
(3,	'BUAG-39184',	'Second Quarter Review [Third Quarter Budget]',	1,	3,	1,	4,	'2020-12-11',	11,	'2020-12-11 10:29:20',	11,	985,	334),
(4,	'BUAG-25086',	'Third Quarter Review [Fourth Quarter Budget]',	4,	4,	1,	4,	'2020-12-11',	11,	'2020-12-11 10:29:58',	11,	986,	334),
(5,	'BUAG-55819',	'Annual Budget',	7,	1,	1,	3,	'2020-12-15',	1,	'2020-12-15 07:21:24',	1,	1184,	331),
(6,	'BUAG-51685',	'First Quarter Review [Second Quarter Budget]',	10,	2,	1,	3,	'2020-12-15',	1,	'2020-12-15 07:22:43',	1,	1185,	331),
(7,	'BUAG-49227',	'Second Quarter Review [Third Quarter Budget]',	1,	3,	1,	3,	'2020-12-15',	1,	'2020-12-15 07:23:11',	1,	1186,	331),
(8,	'BUAG-41015',	'Third Quarter Review [Fourth Quarter Budget]',	4,	4,	1,	3,	'2020-12-15',	1,	'2020-12-15 07:23:38',	1,	1187,	331);

DROP TABLE IF EXISTS `cash_recipient_account`;
CREATE TABLE `cash_recipient_account` (
  `cash_recipient_account_id` int(100) NOT NULL AUTO_INCREMENT,
  `cash_recipient_account_name` varchar(100) NOT NULL,
  `cash_recipient_account_track_number` varchar(100) NOT NULL,
  `fk_voucher_id` int(100) NOT NULL,
  `fk_office_bank_id` int(11) NOT NULL,
  `fk_office_cash_id` int(11) NOT NULL,
  `cash_recipient_account_created_date` date DEFAULT NULL,
  `cash_recipient_account_created_by` int(100) DEFAULT NULL,
  `cash_recipient_account_last_modified_by` int(100) DEFAULT NULL,
  `cash_recipient_account_last_modified_date` timestamp NULL DEFAULT CURRENT_TIMESTAMP,
  `fk_approval_id` int(100) DEFAULT NULL,
  `fk_status_id` int(100) DEFAULT NULL,
  PRIMARY KEY (`cash_recipient_account_id`),
  KEY `fk_voucher_id` (`fk_voucher_id`),
  CONSTRAINT `cash_recipient_account_ibfk_1` FOREIGN KEY (`fk_voucher_id`) REFERENCES `voucher` (`voucher_id`)
) ENGINE=InnoDB DEFAULT CHARSET=latin1;


DROP TABLE IF EXISTS `cheque_book`;
CREATE TABLE `cheque_book` (
  `cheque_book_id` int(11) NOT NULL AUTO_INCREMENT,
  `cheque_book_track_number` varchar(100) NOT NULL,
  `cheque_book_name` varchar(100) NOT NULL,
  `fk_office_bank_id` int(100) DEFAULT NULL,
  `cheque_book_is_active` int(5) DEFAULT '0',
  `cheque_book_start_serial_number` int(100) DEFAULT NULL,
  `cheque_book_count_of_leaves` int(100) DEFAULT NULL,
  `cheque_book_use_start_date` date DEFAULT NULL,
  `cheque_book_created_date` date DEFAULT NULL,
  `cheque_book_created_by` int(100) DEFAULT NULL,
  `cheque_book_last_modified_by` int(100) DEFAULT NULL,
  `cheque_book_last_modified_date` date DEFAULT NULL,
  `fk_approval_id` int(100) DEFAULT NULL,
  `fk_status_id` int(100) DEFAULT NULL,
  PRIMARY KEY (`cheque_book_id`),
  KEY `fk_office_bank_id` (`fk_office_bank_id`),
  CONSTRAINT `cheque_book_ibfk_1` FOREIGN KEY (`fk_office_bank_id`) REFERENCES `office_bank` (`office_bank_id`)
) ENGINE=InnoDB DEFAULT CHARSET=latin1;

INSERT INTO `cheque_book` (`cheque_book_id`, `cheque_book_track_number`, `cheque_book_name`, `fk_office_bank_id`, `cheque_book_is_active`, `cheque_book_start_serial_number`, `cheque_book_count_of_leaves`, `cheque_book_use_start_date`, `cheque_book_created_date`, `cheque_book_created_by`, `cheque_book_last_modified_by`, `cheque_book_last_modified_date`, `fk_approval_id`, `fk_status_id`) VALUES
(4,	'CHOK-49997',	'Cheque_book # CHOK-49997',	13,	1,	1,	150,	'2020-12-01',	'2020-12-15',	46,	46,	NULL,	2689,	388),
(5,	'CHOK-70577',	'Cheque_book # CHOK-70577',	14,	1,	1,	100,	'2020-12-01',	'2020-12-15',	41,	41,	NULL,	2691,	389),
(9,	'CHOK-72347',	'Cheque_book # CHOK-72347',	11,	1,	20,	80,	'2020-12-16',	'2020-12-16',	12,	12,	NULL,	2772,	389),
(11,	'CHOK-16337',	'Cheque_book # CHOK-16337',	6,	1,	20,	80,	'2020-12-16',	'2020-12-16',	31,	31,	NULL,	2774,	389),
(12,	'CHOK-70457',	'Cheque_book # CHOK-70457',	9,	1,	20,	80,	'2020-12-16',	'2020-12-16',	19,	19,	NULL,	2775,	389),
(13,	'CHOK-82995',	'Cheque_book # CHOK-82995',	8,	1,	20,	80,	'2020-12-16',	'2020-12-16',	27,	27,	NULL,	2776,	389),
(14,	'CHOK-64185',	'Cheque_book # CHOK-64185',	10,	1,	20,	80,	'2020-12-16',	'2020-12-16',	37,	37,	NULL,	2777,	389),
(15,	'CHOK-72338',	'Cheque_book # CHOK-72338',	12,	1,	20,	80,	'2020-12-16',	'2020-12-16',	15,	15,	NULL,	2778,	389),
(17,	'CHOK-87980',	'Cheque_book # CHOK-87980',	5,	1,	20,	80,	'2020-12-16',	'2020-12-16',	24,	24,	NULL,	2780,	389),
(19,	'CHOK-75363',	'Cheque_book # CHOK-75363',	3,	1,	20,	80,	'2020-12-16',	'2020-12-16',	22,	22,	NULL,	2782,	389),
(21,	'CHOK-78695',	'Cheque_book # CHOK-78695',	4,	1,	20,	80,	'2020-12-16',	'2020-12-16',	39,	39,	NULL,	2784,	389),
(25,	'CHOK-11805',	'Cheque_book # CHOK-11805',	7,	1,	20,	80,	'2020-12-16',	'2020-12-16',	33,	33,	NULL,	2788,	389),
(32,	'CHOK-34690',	'Cheque_book # CHOK-34690',	2,	1,	101,	100,	'2021-01-01',	'2021-01-25',	10,	10,	NULL,	3666,	388),
(33,	'CHOK-68884',	'Cheque_book # CHOK-68884',	16,	1,	101,	150,	'2021-01-01',	'2021-01-25',	10,	10,	NULL,	3715,	388);

DROP TABLE IF EXISTS `cheque_injection`;
CREATE TABLE `cheque_injection` (
  `cheque_injection_id` int(100) NOT NULL AUTO_INCREMENT,
  `cheque_injection_track_number` varchar(100) NOT NULL,
  `cheque_injection_name` varchar(100) NOT NULL,
  `fk_office_bank_id` int(100) NOT NULL,
  `cheque_injection_number` int(10) NOT NULL,
  `cheque_injection_created_date` date NOT NULL,
  `cheque_injection_created_by` int(100) NOT NULL,
  `cheque_injection_last_modified_date` timestamp NOT NULL DEFAULT CURRENT_TIMESTAMP,
  `cheque_injection_last_modified_by` int(100) NOT NULL,
  `fk_status_id` int(100) NOT NULL,
  `fk_approval_id` int(100) NOT NULL,
  PRIMARY KEY (`cheque_injection_id`),
  KEY `fk_office_bank_id` (`fk_office_bank_id`),
  CONSTRAINT `cheque_injection_ibfk_1` FOREIGN KEY (`fk_office_bank_id`) REFERENCES `office_bank` (`office_bank_id`)
) ENGINE=InnoDB DEFAULT CHARSET=latin1;

INSERT INTO `cheque_injection` (`cheque_injection_id`, `cheque_injection_track_number`, `cheque_injection_name`, `fk_office_bank_id`, `cheque_injection_number`, `cheque_injection_created_date`, `cheque_injection_created_by`, `cheque_injection_last_modified_date`, `cheque_injection_last_modified_by`, `fk_status_id`, `fk_approval_id`) VALUES
(1,	'CHON-21282',	'Cheque_injection # CHON-21282',	2,	110,	'2021-01-25',	5,	'2021-01-25 12:47:03',	5,	485,	3723);

DROP TABLE IF EXISTS `ci_sessions`;
CREATE TABLE `ci_sessions` (
  `id` varchar(40) COLLATE utf8_unicode_ci NOT NULL,
  `ip_address` varchar(45) COLLATE utf8_unicode_ci NOT NULL,
  `timestamp` int(10) unsigned NOT NULL DEFAULT '0',
  `data` blob NOT NULL,
  `ci_sessions_created_date` date DEFAULT NULL,
  `ci_sessions_created_by` int(100) DEFAULT NULL,
  `ci_sessions_last_modified_by` int(100) DEFAULT NULL,
  `ci_sessions_last_modified_date` date DEFAULT NULL,
  `fk_approval_id` int(100) DEFAULT NULL,
  `fk_status_id` int(100) DEFAULT NULL,
  PRIMARY KEY (`id`),
  KEY `ci_sessions_timestamp` (`timestamp`)
) ENGINE=InnoDB DEFAULT CHARSET=utf8 COLLATE=utf8_unicode_ci;


DROP TABLE IF EXISTS `context_center`;
CREATE TABLE `context_center` (
  `context_center_id` int(100) NOT NULL AUTO_INCREMENT,
  `context_center_track_number` varchar(100) DEFAULT NULL,
  `context_center_name` varchar(100) DEFAULT NULL,
  `context_center_description` varchar(100) DEFAULT NULL,
  `fk_office_id` int(100) NOT NULL,
  `fk_context_definition_id` int(100) DEFAULT NULL,
  `fk_context_cluster_id` int(100) DEFAULT NULL,
  `context_center_created_date` date DEFAULT '0000-00-00',
  `context_center_created_by` int(100) DEFAULT NULL,
  `context_center_last_modified_date` timestamp NULL DEFAULT '0000-00-00 00:00:00',
  `context_center_last_modified_by` int(100) DEFAULT NULL,
  `fk_approval_id` int(100) DEFAULT NULL,
  `fk_status_id` int(100) DEFAULT NULL,
  PRIMARY KEY (`context_center_id`)
) ENGINE=InnoDB DEFAULT CHARSET=utf8;

INSERT INTO `context_center` (`context_center_id`, `context_center_track_number`, `context_center_name`, `context_center_description`, `fk_office_id`, `fk_context_definition_id`, `fk_context_cluster_id`, `context_center_created_date`, `context_center_created_by`, `context_center_last_modified_date`, `context_center_last_modified_by`, `fk_approval_id`, `fk_status_id`) VALUES
(1,	'COER-74169',	'Context for office Mamba CDC',	'Context for office Mamba CDC',	9,	1,	1,	'2020-08-21',	1,	'0000-00-00 00:00:00',	1,	322,	8),
(3,	'COER-21154',	'Context for office Citam Missions Goro-Rukesa Church',	'Context for office Citam Missions Goro-Rukesa Church',	14,	1,	3,	'2020-11-03',	1,	'0000-00-00 00:00:00',	1,	502,	8),
(4,	'COER-63835',	'Context for office TZ0303 - Anglican St. Andrews',	'Context for office TZ0303 - Anglican St. Andrews',	19,	1,	4,	'2020-12-09',	1,	'0000-00-00 00:00:00',	1,	693,	0),
(5,	'COER-31386',	'Context for office TZ0206 - Kimandolu Lutheran',	'Context for office TZ0206 - Kimandolu Lutheran',	20,	1,	4,	'2020-12-09',	1,	'0000-00-00 00:00:00',	1,	696,	0),
(7,	'COER-31962',	'Context for office TZ0600 - Pentecost Assemblies of God Church',	'Context for office TZ0600 - Pentecost Assemblies of God Church',	21,	1,	4,	'2020-12-09',	1,	'0000-00-00 00:00:00',	1,	702,	0),
(8,	'COER-76802',	'Context for office TZ0100 - TAG Bethel Student Center',	'Context for office TZ0100 - TAG Bethel Student Center',	22,	1,	4,	'2020-12-09',	1,	'0000-00-00 00:00:00',	1,	705,	0),
(9,	'COER-84873',	'Context for office TZ0201 - Kijenge Lutheran Church',	'Context for office TZ0201 - Kijenge Lutheran Church',	23,	1,	4,	'2020-12-09',	1,	'0000-00-00 00:00:00',	1,	708,	0),
(10,	'COER-84725',	'Context for office TZ0551 - Moravian Church Arusha',	'Context for office TZ0551 - Moravian Church Arusha',	24,	1,	5,	'2020-12-09',	1,	'0000-00-00 00:00:00',	1,	711,	0),
(11,	'COER-70514',	'Context for office TZ0450 - PEFA Olmatejo Church',	'Context for office TZ0450 - PEFA Olmatejo Church',	25,	1,	5,	'2020-12-09',	1,	'0000-00-00 00:00:00',	1,	714,	0),
(12,	'COER-16207',	'Context for office TZ0500 - Ngarenaro Baptist Church',	'Context for office TZ0500 - Ngarenaro Baptist Church',	26,	1,	5,	'2020-12-09',	1,	'0000-00-00 00:00:00',	1,	717,	0),
(13,	'COER-87962',	'Context for office TZ0102 - TAG Azimio Student Center',	'Context for office TZ0102 - TAG Azimio Student Center',	27,	1,	5,	'2020-12-09',	1,	'0000-00-00 00:00:00',	1,	720,	0),
(14,	'COER-72016',	'Context for office TZ0200 - ELCT Engarenarok',	'Context for office TZ0200 - ELCT Engarenarok',	28,	1,	5,	'2020-12-09',	1,	'0000-00-00 00:00:00',	1,	723,	0),
(15,	'COER-68225',	'Context for office TZ001 - TZ National Office Testing Center',	'Context for office TZ001 - TZ National Office Testing Center',	31,	1,	6,	'2020-12-15',	1,	'0000-00-00 00:00:00',	1,	1147,	0),
(16,	'COER-13656',	'Context for office KE001 - KE Testing Center',	'Context for office KE001 - KE Testing Center',	34,	1,	7,	'2020-12-15',	1,	'0000-00-00 00:00:00',	1,	1175,	0),
(17,	'COER-3485',	'Context for office KE002 - KE Testing Center 2',	'Context for office KE002 - KE Testing Center 2',	35,	1,	7,	'2020-12-15',	1,	'0000-00-00 00:00:00',	1,	1200,	0);

DROP TABLE IF EXISTS `context_center_user`;
CREATE TABLE `context_center_user` (
  `context_center_user_id` int(100) NOT NULL AUTO_INCREMENT,
  `context_center_user_track_number` varchar(100) DEFAULT NULL,
  `context_center_user_name` varchar(100) DEFAULT NULL,
  `fk_context_center_id` int(100) NOT NULL,
  `fk_user_id` int(100) NOT NULL,
  `fk_designation_id` int(100) NOT NULL,
  `context_center_user_is_active` int(100) NOT NULL,
  `context_center_user_created_by` int(100) NOT NULL,
  `context_center_user_created_date` date DEFAULT '0000-00-00',
  `context_center_user_last_modified_date` timestamp NULL DEFAULT '0000-00-00 00:00:00',
  `context_center_user_last_modified_by` int(100) NOT NULL,
  `fk_approval_id` int(100) DEFAULT NULL,
  `fk_status_id` int(100) DEFAULT NULL,
  PRIMARY KEY (`context_center_user_id`)
) ENGINE=InnoDB DEFAULT CHARSET=utf8;

INSERT INTO `context_center_user` (`context_center_user_id`, `context_center_user_track_number`, `context_center_user_name`, `fk_context_center_id`, `fk_user_id`, `fk_designation_id`, `context_center_user_is_active`, `context_center_user_created_by`, `context_center_user_created_date`, `context_center_user_last_modified_date`, `context_center_user_last_modified_by`, `fk_approval_id`, `fk_status_id`) VALUES
(1,	'COER-13139',	'Office context for Fridah Nyaboke',	3,	10,	4,	1,	1,	'2020-11-05',	'0000-00-00 00:00:00',	1,	643,	9),
(2,	'COER-61625',	'Office context for Adamu  Mollel',	5,	12,	4,	1,	1,	'2020-12-15',	'0000-00-00 00:00:00',	1,	991,	0),
(3,	'COER-18290',	'Office context for Abraham  Msoloka',	4,	13,	4,	1,	1,	'2020-12-15',	'0000-00-00 00:00:00',	1,	1029,	0),
(4,	'COER-18138',	'Office context for Chinyemi  Msuya',	4,	14,	4,	1,	1,	'2020-12-15',	'0000-00-00 00:00:00',	1,	1032,	0),
(5,	'COER-18414',	'Office context for Joseph  Chipanha',	4,	15,	4,	1,	1,	'2020-12-15',	'0000-00-00 00:00:00',	1,	1035,	0),
(6,	'COER-27056',	'Office context for Anna  Ngowo',	5,	16,	4,	1,	1,	'2020-12-15',	'0000-00-00 00:00:00',	1,	1038,	0),
(7,	'COER-21174',	'Office context for Joyce Loth',	5,	17,	4,	1,	1,	'2020-12-15',	'0000-00-00 00:00:00',	1,	1069,	0),
(8,	'COER-48916',	'Office context for Neema  Benedicto',	7,	18,	4,	1,	1,	'2020-12-15',	'0000-00-00 00:00:00',	1,	1072,	0),
(9,	'COER-34490',	'Office context for Zebedayo  Lukumay',	7,	19,	4,	1,	1,	'2020-12-15',	'0000-00-00 00:00:00',	1,	1075,	0),
(10,	'COER-14136',	'Office context for Aniceta Macha',	7,	20,	4,	1,	1,	'2020-12-15',	'0000-00-00 00:00:00',	1,	1078,	0),
(11,	'COER-24008',	'Office context for Joyce Mono',	8,	21,	4,	1,	1,	'2020-12-15',	'0000-00-00 00:00:00',	1,	1081,	0),
(12,	'COER-69814',	'Office context for Emmanuel Rwakatare',	8,	22,	4,	1,	1,	'2020-12-15',	'0000-00-00 00:00:00',	1,	1084,	0),
(13,	'COER-20557',	'Office context for Ales  Longolela',	8,	23,	4,	1,	1,	'2020-12-15',	'0000-00-00 00:00:00',	1,	1087,	0),
(14,	'COER-46131',	'Office context for Sifaeli  Ombeni',	9,	24,	4,	1,	1,	'2020-12-15',	'0000-00-00 00:00:00',	1,	1090,	0),
(15,	'COER-7315',	'Office context for Lebisa Lebisa',	9,	25,	4,	1,	1,	'2020-12-15',	'0000-00-00 00:00:00',	1,	1093,	0),
(16,	'COER-54461',	'Office context for Jackline  Lioshooki',	9,	26,	4,	1,	1,	'2020-12-15',	'0000-00-00 00:00:00',	1,	1096,	0),
(17,	'COER-37192',	'Office context for Glory Robert',	10,	27,	4,	1,	1,	'2020-12-15',	'0000-00-00 00:00:00',	1,	1099,	0),
(18,	'COER-27681',	'Office context for ZIPORA  DAFFA',	10,	28,	4,	1,	1,	'2020-12-15',	'0000-00-00 00:00:00',	1,	1102,	0),
(19,	'COER-54179',	'Office context for Neema Kabungo',	10,	29,	4,	1,	1,	'2020-12-15',	'0000-00-00 00:00:00',	1,	1105,	0),
(20,	'COER-6224',	'Office context for Julius Mike Mboya',	11,	30,	4,	1,	1,	'2020-12-15',	'0000-00-00 00:00:00',	1,	1108,	0),
(21,	'COER-61431',	'Office context for Vero Ayo',	11,	31,	4,	1,	1,	'2020-12-15',	'0000-00-00 00:00:00',	1,	1111,	0),
(22,	'COER-22620',	'Office context for Joyce Chidiel Mbaga',	11,	32,	4,	1,	1,	'2020-12-15',	'0000-00-00 00:00:00',	1,	1114,	0),
(23,	'COER-36745',	'Office context for Winfrida Thomas',	12,	33,	0,	1,	1,	'2020-12-15',	'0000-00-00 00:00:00',	1,	1117,	0),
(24,	'COER-33461',	'Office context for RUTH MWAKIMI RUTH MWAKIMI',	12,	34,	4,	1,	1,	'2020-12-15',	'0000-00-00 00:00:00',	1,	1120,	0),
(25,	'COER-38852',	'Office context for Jackson Mollel',	13,	35,	4,	1,	1,	'2020-12-15',	'0000-00-00 00:00:00',	1,	1123,	0),
(26,	'COER-50347',	'Office context for Rekael Girigo',	13,	36,	4,	1,	1,	'2020-12-15',	'0000-00-00 00:00:00',	1,	1126,	0),
(27,	'COER-71386',	'Office context for Ester Mtengeti',	13,	37,	4,	1,	1,	'2020-12-15',	'0000-00-00 00:00:00',	1,	1129,	0),
(28,	'COER-41770',	'Office context for Faraji Fredrick Mleli',	14,	38,	4,	1,	1,	'2020-12-15',	'0000-00-00 00:00:00',	1,	1132,	0),
(29,	'COER-10815',	'Office context for MARY MUSHI MUSHI',	14,	39,	4,	1,	1,	'2020-12-15',	'0000-00-00 00:00:00',	1,	1135,	0),
(30,	'COER-75149',	'Office context for Apasia Moshi',	14,	40,	4,	1,	1,	'2020-12-15',	'0000-00-00 00:00:00',	1,	1138,	0),
(31,	'COER-4119',	'Office context for Test Letema  Test Samuel',	15,	41,	4,	1,	1,	'2020-12-15',	'0000-00-00 00:00:00',	1,	1150,	0),
(32,	'COER-72399',	'Office context for Test Sigfred  Test Mshiu',	15,	42,	4,	1,	1,	'2020-12-15',	'0000-00-00 00:00:00',	1,	1157,	0),
(33,	'COER-81388',	'Office context for Test Nickson  Test Kilale',	15,	43,	4,	1,	1,	'2020-12-15',	'0000-00-00 00:00:00',	1,	1160,	0),
(34,	'COER-44947',	'Office context for Test Philbert  Test Bukeme',	15,	44,	4,	1,	1,	'2020-12-15',	'0000-00-00 00:00:00',	1,	1163,	0),
(35,	'COER-8944',	'Office context for Test Furaha  Test Sango',	15,	45,	4,	1,	1,	'2020-12-15',	'0000-00-00 00:00:00',	1,	1166,	0),
(36,	'COER-4189',	'Office context for Test Nicodemus  Test Karisa',	16,	46,	4,	1,	1,	'2020-12-15',	'0000-00-00 00:00:00',	1,	1178,	0),
(37,	'COER-22471',	'Office context for Test Livingstone Test Onduso',	16,	47,	4,	1,	1,	'2020-12-15',	'0000-00-00 00:00:00',	1,	1181,	0),
(38,	'COER-54304',	'Office context for Test2 Nicodemus Test2 Karisa',	17,	49,	4,	1,	1,	'2020-12-15',	'0000-00-00 00:00:00',	1,	1203,	0);

DROP TABLE IF EXISTS `context_cluster`;
CREATE TABLE `context_cluster` (
  `context_cluster_id` int(100) NOT NULL AUTO_INCREMENT,
  `context_cluster_track_number` varchar(100) DEFAULT NULL,
  `context_cluster_name` varchar(100) DEFAULT NULL,
  `context_cluster_description` varchar(100) DEFAULT NULL,
  `fk_office_id` varchar(100) NOT NULL,
  `fk_context_definition_id` varchar(100) DEFAULT NULL,
  `fk_context_cohort_id` int(100) DEFAULT NULL,
  `context_cluster_created_date` date DEFAULT '0000-00-00',
  `context_cluster_created_by` int(100) DEFAULT NULL,
  `context_cluster_last_modified_date` timestamp NULL DEFAULT '0000-00-00 00:00:00',
  `context_cluster_last_modified_by` int(100) DEFAULT NULL,
  `fk_approval_id` int(100) DEFAULT NULL,
  `fk_status_id` int(100) DEFAULT NULL,
  PRIMARY KEY (`context_cluster_id`)
) ENGINE=InnoDB DEFAULT CHARSET=utf8;

INSERT INTO `context_cluster` (`context_cluster_id`, `context_cluster_track_number`, `context_cluster_name`, `context_cluster_description`, `fk_office_id`, `fk_context_definition_id`, `fk_context_cohort_id`, `context_cluster_created_date`, `context_cluster_created_by`, `context_cluster_last_modified_date`, `context_cluster_last_modified_by`, `fk_approval_id`, `fk_status_id`) VALUES
(1,	'COER-82116',	'Context for office Bamburi Cluster',	'Context for office Bamburi Cluster',	'7',	'2',	1,	'2020-08-21',	1,	'0000-00-00 00:00:00',	1,	316,	10),
(2,	'COER-32354',	'Context for office TZ Cluster 1',	'Context for office TZ Cluster 1',	'8',	'2',	2,	'2020-08-21',	1,	'0000-00-00 00:00:00',	1,	319,	10),
(3,	'COER-67448',	'Context for office Marsabit Cluster',	'Context for office Marsabit Cluster',	'13',	'2',	4,	'2020-11-03',	1,	'0000-00-00 00:00:00',	1,	499,	10),
(4,	'COER-45458',	'Context for office Arusha Eastern',	'Context for office Arusha Eastern',	'17',	'2',	5,	'2020-12-09',	1,	'0000-00-00 00:00:00',	1,	687,	0),
(5,	'COER-71258',	'Context for office Arusha Western',	'Context for office Arusha Western',	'18',	'2',	6,	'2020-12-09',	1,	'0000-00-00 00:00:00',	1,	690,	0),
(6,	'COER-86893',	'Context for office TZ-Test-Cluster',	'Context for office TZ-Test-Cluster',	'30',	'2',	7,	'2020-12-15',	1,	'0000-00-00 00:00:00',	1,	1144,	0),
(7,	'COER-70220',	'Context for office KE-Test-Cluster',	'Context for office KE-Test-Cluster',	'33',	'2',	8,	'2020-12-15',	1,	'0000-00-00 00:00:00',	1,	1172,	0);

DROP TABLE IF EXISTS `context_cluster_user`;
CREATE TABLE `context_cluster_user` (
  `context_cluster_user_id` int(100) NOT NULL AUTO_INCREMENT,
  `context_cluster_user_track_number` varchar(100) DEFAULT NULL,
  `context_cluster_user_name` varchar(100) DEFAULT NULL,
  `fk_context_cluster_id` int(100) NOT NULL,
  `fk_user_id` int(100) NOT NULL,
  `fk_designation_id` int(100) NOT NULL,
  `context_cluster_user_is_active` int(100) NOT NULL,
  `context_cluster_user_created_by` int(100) NOT NULL,
  `context_cluster_user_created_date` date DEFAULT '0000-00-00',
  `context_cluster_user_last_modified_date` timestamp NULL DEFAULT '0000-00-00 00:00:00',
  `context_cluster_user_last_modified_by` int(100) NOT NULL,
  `fk_approval_id` int(100) DEFAULT NULL,
  `fk_status_id` int(100) DEFAULT NULL,
  PRIMARY KEY (`context_cluster_user_id`)
) ENGINE=InnoDB DEFAULT CHARSET=utf8;


DROP TABLE IF EXISTS `context_cohort`;
CREATE TABLE `context_cohort` (
  `context_cohort_id` int(100) NOT NULL AUTO_INCREMENT,
  `context_cohort_track_number` varchar(100) DEFAULT NULL,
  `context_cohort_name` varchar(100) DEFAULT NULL,
  `context_cohort_description` varchar(100) DEFAULT NULL,
  `fk_office_id` varchar(100) NOT NULL,
  `fk_context_definition_id` varchar(100) DEFAULT NULL,
  `fk_context_country_id` int(100) DEFAULT NULL,
  `context_cohort_created_date` date DEFAULT '0000-00-00',
  `context_cohort_created_by` int(100) DEFAULT NULL,
  `context_cohort_last_modified_date` timestamp NULL DEFAULT '0000-00-00 00:00:00',
  `context_cohort_last_modified_by` int(100) DEFAULT NULL,
  `fk_approval_id` int(100) DEFAULT NULL,
  `fk_status_id` int(100) DEFAULT NULL,
  PRIMARY KEY (`context_cohort_id`)
) ENGINE=InnoDB DEFAULT CHARSET=utf8;

INSERT INTO `context_cohort` (`context_cohort_id`, `context_cohort_track_number`, `context_cohort_name`, `context_cohort_description`, `fk_office_id`, `fk_context_definition_id`, `fk_context_country_id`, `context_cohort_created_date`, `context_cohort_created_by`, `context_cohort_last_modified_date`, `context_cohort_last_modified_by`, `fk_approval_id`, `fk_status_id`) VALUES
(1,	'CORT-40156',	'Coast Region',	'Coast Region',	'5',	'3',	2,	'2020-08-21',	1,	'0000-00-00 00:00:00',	1,	310,	12),
(2,	'CORT-21258',	'Context for office Central Base',	'Context for office Central Base',	'6',	'3',	1,	'2020-08-21',	1,	'0000-00-00 00:00:00',	1,	313,	12),
(4,	'CORT-70831',	'Context for office Central Rift and Upper Eastern',	'Context for office Central Rift and Upper Eastern',	'12',	'3',	2,	'2020-11-03',	1,	'0000-00-00 00:00:00',	1,	496,	12),
(5,	'CORT-19273',	'Context for office Region A',	'Context for office Region A',	'15',	'3',	1,	'2020-12-09',	1,	'0000-00-00 00:00:00',	1,	681,	0),
(6,	'CORT-72600',	'Context for office Region B',	'Context for office Region B',	'16',	'3',	1,	'2020-12-09',	1,	'0000-00-00 00:00:00',	1,	684,	0),
(7,	'CORT-87544',	'Context for office TZ-Test-Region',	'Context for office TZ-Test-Region',	'29',	'3',	1,	'2020-12-15',	1,	'0000-00-00 00:00:00',	1,	1141,	0),
(8,	'CORT-63886',	'Context for office KE-Test-Cohort',	'Context for office KE-Test-Cohort',	'32',	'3',	2,	'2020-12-15',	1,	'0000-00-00 00:00:00',	1,	1169,	0),
(9,	'CORT-76956',	'Context for office CITAM HQ',	'Context for office CITAM HQ',	'36',	'3',	2,	'2021-01-25',	1,	'0000-00-00 00:00:00',	1,	3662,	0);

DROP TABLE IF EXISTS `context_cohort_user`;
CREATE TABLE `context_cohort_user` (
  `context_cohort_user_id` int(100) NOT NULL AUTO_INCREMENT,
  `context_cohort_user_track_number` varchar(100) DEFAULT NULL,
  `context_cohort_user_name` varchar(100) DEFAULT NULL,
  `fk_context_cohort_id` int(100) NOT NULL,
  `fk_user_id` int(100) NOT NULL,
  `fk_designation_id` int(100) NOT NULL,
  `context_cohort_user_is_active` int(100) NOT NULL,
  `context_cohort_user_created_by` int(100) NOT NULL,
  `context_cohort_user_created_date` date DEFAULT '0000-00-00',
  `context_cohort_user_last_modified_date` timestamp NULL DEFAULT '0000-00-00 00:00:00',
  `context_cohort_user_last_modified_by` int(100) NOT NULL,
  `fk_approval_id` int(100) DEFAULT NULL,
  `fk_status_id` int(100) DEFAULT NULL,
  PRIMARY KEY (`context_cohort_user_id`)
) ENGINE=InnoDB DEFAULT CHARSET=utf8;

INSERT INTO `context_cohort_user` (`context_cohort_user_id`, `context_cohort_user_track_number`, `context_cohort_user_name`, `fk_context_cohort_id`, `fk_user_id`, `fk_designation_id`, `context_cohort_user_is_active`, `context_cohort_user_created_by`, `context_cohort_user_created_date`, `context_cohort_user_last_modified_date`, `context_cohort_user_last_modified_by`, `fk_approval_id`, `fk_status_id`) VALUES
(1,	'COER-85103',	'Office context for Samuel John',	9,	50,	5,	1,	1,	'2021-01-25',	'0000-00-00 00:00:00',	1,	3673,	0);

DROP TABLE IF EXISTS `context_country`;
CREATE TABLE `context_country` (
  `context_country_id` int(100) NOT NULL AUTO_INCREMENT,
  `context_country_track_number` varchar(100) DEFAULT NULL,
  `context_country_name` varchar(100) DEFAULT NULL,
  `context_country_description` varchar(100) DEFAULT NULL,
  `fk_office_id` int(11) NOT NULL,
  `fk_context_definition_id` int(11) DEFAULT NULL,
  `fk_context_region_id` int(100) DEFAULT NULL,
  `context_country_created_date` date DEFAULT '0000-00-00',
  `context_country_created_by` int(100) DEFAULT NULL,
  `context_country_last_modified_date` timestamp NULL DEFAULT '0000-00-00 00:00:00',
  `context_country_last_modified_by` int(100) DEFAULT NULL,
  `fk_approval_id` int(100) DEFAULT NULL,
  `fk_status_id` int(100) DEFAULT NULL,
  PRIMARY KEY (`context_country_id`)
) ENGINE=InnoDB DEFAULT CHARSET=utf8;

INSERT INTO `context_country` (`context_country_id`, `context_country_track_number`, `context_country_name`, `context_country_description`, `fk_office_id`, `fk_context_definition_id`, `fk_context_region_id`, `context_country_created_date`, `context_country_created_by`, `context_country_last_modified_date`, `context_country_last_modified_by`, `fk_approval_id`, `fk_status_id`) VALUES
(1,	'CORY-56553',	'Context for office Tanzania National Office',	'Context for office Tanzania National Office',	3,	4,	1,	'2020-08-21',	1,	'0000-00-00 00:00:00',	1,	304,	14),
(2,	'CORY-30150',	'Context for office Kenya National Office',	'Context for office Kenya National Office',	4,	4,	1,	'2020-08-21',	1,	'0000-00-00 00:00:00',	1,	307,	14);

DROP TABLE IF EXISTS `context_country_user`;
CREATE TABLE `context_country_user` (
  `context_country_user_id` int(100) NOT NULL AUTO_INCREMENT,
  `context_country_user_track_number` varchar(100) DEFAULT NULL,
  `context_country_user_name` varchar(100) DEFAULT NULL,
  `fk_context_country_id` int(100) NOT NULL,
  `fk_user_id` int(100) NOT NULL,
  `fk_designation_id` int(100) NOT NULL,
  `context_country_user_is_active` int(100) NOT NULL,
  `context_country_user_created_by` int(100) NOT NULL,
  `context_country_user_created_date` date DEFAULT '0000-00-00',
  `context_country_user_last_modified_date` timestamp NULL DEFAULT '0000-00-00 00:00:00',
  `context_country_user_last_modified_by` int(100) NOT NULL,
  `fk_approval_id` int(100) DEFAULT NULL,
  `fk_status_id` int(100) DEFAULT NULL,
  PRIMARY KEY (`context_country_user_id`)
) ENGINE=InnoDB DEFAULT CHARSET=utf8;

INSERT INTO `context_country_user` (`context_country_user_id`, `context_country_user_track_number`, `context_country_user_name`, `fk_context_country_id`, `fk_user_id`, `fk_designation_id`, `context_country_user_is_active`, `context_country_user_created_by`, `context_country_user_created_date`, `context_country_user_last_modified_date`, `context_country_user_last_modified_by`, `fk_approval_id`, `fk_status_id`) VALUES
(1,	'COER-7952',	'Office context for Kenya Country  Admin user',	2,	3,	1,	1,	1,	'2020-08-21',	'0000-00-00 00:00:00',	1,	329,	15),
(2,	'COER-53693',	'Office context for Tanzania  Country Admin',	1,	4,	1,	1,	1,	'2020-08-21',	'0000-00-00 00:00:00',	1,	332,	15),
(3,	'COER-36321',	'Office context for Evans Macharia',	2,	5,	1,	1,	1,	'2020-11-03',	'0000-00-00 00:00:00',	1,	527,	15),
(4,	'COER-26821',	'Office context for Benjamin Muthui',	2,	6,	1,	1,	1,	'2020-11-03',	'0000-00-00 00:00:00',	1,	530,	15),
(5,	'COER-49468',	'Office context for Donald Obago',	2,	7,	1,	1,	1,	'2020-11-03',	'0000-00-00 00:00:00',	1,	533,	15),
(6,	'COER-2639',	'Office context for Simon Ihuthia',	2,	8,	1,	1,	1,	'2020-11-03',	'0000-00-00 00:00:00',	1,	536,	15),
(7,	'COER-42872',	'Office context for Lavine Odindo',	2,	9,	1,	1,	1,	'2020-11-03',	'0000-00-00 00:00:00',	1,	578,	15),
(8,	'COER-33018',	'Office context for Letema Samuel',	1,	11,	1,	1,	1,	'2020-12-09',	'0000-00-00 00:00:00',	1,	726,	0),
(9,	'COER-8010',	'Office context for Danson Waweru',	2,	48,	1,	1,	1,	'2020-12-15',	'0000-00-00 00:00:00',	1,	1191,	0);

DROP TABLE IF EXISTS `context_definition`;
CREATE TABLE `context_definition` (
  `context_definition_id` int(100) NOT NULL AUTO_INCREMENT,
  `context_definition_track_number` varchar(100) DEFAULT NULL,
  `context_definition_name` varchar(100) DEFAULT NULL,
  `context_definition_level` int(5) DEFAULT NULL,
  `context_definition_is_implementing` int(5) DEFAULT NULL,
  `context_definition_is_active` int(5) NOT NULL DEFAULT '1',
  `context_definition_created_date` date DEFAULT NULL,
  `context_definition_last_modified_date` timestamp NULL DEFAULT CURRENT_TIMESTAMP,
  `context_definition_created_by` int(100) DEFAULT NULL,
  `context_definition_last_modified_by` int(100) DEFAULT NULL,
  `context_definition_deleted_at` date DEFAULT NULL,
  `fk_approval_id` int(100) DEFAULT NULL,
  `fk_status_id` int(100) DEFAULT NULL,
  PRIMARY KEY (`context_definition_id`),
  UNIQUE KEY `center_group_hierarchy_level` (`context_definition_level`),
  KEY `fk_status_id` (`fk_status_id`),
  KEY `fk_approval_id` (`fk_approval_id`),
  CONSTRAINT `context_definition_ibfk_1` FOREIGN KEY (`fk_status_id`) REFERENCES `status` (`status_id`),
  CONSTRAINT `context_definition_ibfk_2` FOREIGN KEY (`fk_approval_id`) REFERENCES `approval` (`approval_id`)
) ENGINE=InnoDB DEFAULT CHARSET=latin1;

INSERT INTO `context_definition` (`context_definition_id`, `context_definition_track_number`, `context_definition_name`, `context_definition_level`, `context_definition_is_implementing`, `context_definition_is_active`, `context_definition_created_date`, `context_definition_last_modified_date`, `context_definition_created_by`, `context_definition_last_modified_by`, `context_definition_deleted_at`, `fk_approval_id`, `fk_status_id`) VALUES
(1,	'COON-85304',	'center',	1,	1,	1,	'2020-08-20',	'2020-08-20 12:01:49',	1,	1,	NULL,	NULL,	NULL),
(2,	'COON-24098',	'cluster',	2,	1,	1,	'2020-08-20',	'2020-08-20 12:01:49',	1,	1,	NULL,	NULL,	NULL),
(3,	'COON-36220',	'cohort',	3,	1,	1,	'2020-08-20',	'2020-08-20 12:01:49',	1,	1,	NULL,	NULL,	NULL),
(4,	'COON-42271',	'country',	4,	1,	1,	'2020-08-20',	'2020-08-20 12:01:49',	1,	1,	NULL,	NULL,	NULL),
(5,	'COON-11285',	'region',	5,	1,	1,	'2020-08-20',	'2020-08-20 12:01:49',	1,	1,	NULL,	NULL,	NULL),
(6,	'COON-4637',	'global',	6,	1,	1,	'2020-08-20',	'2020-08-20 12:01:49',	1,	1,	NULL,	NULL,	NULL);

DROP TABLE IF EXISTS `context_global`;
CREATE TABLE `context_global` (
  `context_global_id` int(100) NOT NULL AUTO_INCREMENT,
  `context_global_track_number` varchar(100) NOT NULL,
  `context_global_name` varchar(100) NOT NULL,
  `context_global_description` longtext NOT NULL,
  `fk_office_id` int(100) NOT NULL,
  `fk_context_definition_id` int(100) NOT NULL,
  `context_global_created_date` date NOT NULL,
  `context_global_created_by` int(100) NOT NULL,
  `context_global_last_modified_date` timestamp NOT NULL DEFAULT CURRENT_TIMESTAMP,
  `context_global_last_modified_by` int(100) NOT NULL,
  `fk_approval_id` int(11) NOT NULL,
  `fk_status_id` int(11) NOT NULL,
  PRIMARY KEY (`context_global_id`)
) ENGINE=InnoDB DEFAULT CHARSET=latin1;

INSERT INTO `context_global` (`context_global_id`, `context_global_track_number`, `context_global_name`, `context_global_description`, `fk_office_id`, `fk_context_definition_id`, `context_global_created_date`, `context_global_created_by`, `context_global_last_modified_date`, `context_global_last_modified_by`, `fk_approval_id`, `fk_status_id`) VALUES
(1,	'COAL-63427',	'Head Office Context',	'Head Office Context',	1,	6,	'2020-08-20',	1,	'2020-08-20 12:01:49',	1,	9,	0);

DROP TABLE IF EXISTS `context_global_user`;
CREATE TABLE `context_global_user` (
  `context_global_user_id` int(100) NOT NULL AUTO_INCREMENT,
  `context_global_user_track_number` varchar(100) NOT NULL,
  `context_global_user_name` varchar(100) NOT NULL,
  `fk_user_id` int(100) NOT NULL,
  `fk_context_global_id` int(100) NOT NULL,
  `fk_designation_id` int(100) NOT NULL,
  `context_global_user_is_active` int(5) NOT NULL DEFAULT '1',
  `context_global_user_created_date` date NOT NULL,
  `context_global_user_last_modified_date` timestamp NOT NULL DEFAULT CURRENT_TIMESTAMP,
  `context_global_user_created_by` int(100) NOT NULL,
  `context_global_user_last_modified_by` int(100) NOT NULL,
  `fk_approval_id` int(100) NOT NULL,
  `fk_status_id` int(100) NOT NULL,
  PRIMARY KEY (`context_global_user_id`)
) ENGINE=InnoDB DEFAULT CHARSET=latin1;

INSERT INTO `context_global_user` (`context_global_user_id`, `context_global_user_track_number`, `context_global_user_name`, `fk_user_id`, `fk_context_global_id`, `fk_designation_id`, `context_global_user_is_active`, `context_global_user_created_date`, `context_global_user_last_modified_date`, `context_global_user_created_by`, `context_global_user_last_modified_by`, `fk_approval_id`, `fk_status_id`) VALUES
(1,	'COER-3729',	'System User',	1,	1,	13,	1,	'2020-08-20',	'2020-08-20 12:01:49',	1,	1,	14,	0);

DROP TABLE IF EXISTS `context_region`;
CREATE TABLE `context_region` (
  `context_region_id` int(100) NOT NULL AUTO_INCREMENT,
  `context_region_track_number` varchar(100) CHARACTER SET latin1 DEFAULT NULL,
  `context_region_name` varchar(100) CHARACTER SET latin1 DEFAULT NULL,
  `context_region_description` varchar(100) CHARACTER SET latin1 DEFAULT NULL,
  `fk_office_id` int(11) NOT NULL,
  `fk_context_definition_id` int(11) NOT NULL,
  `fk_context_global_id` int(100) NOT NULL,
  `context_region_created_date` date DEFAULT '0000-00-00',
  `context_region_created_by` int(100) DEFAULT NULL,
  `context_region_last_modified_date` timestamp NULL DEFAULT '0000-00-00 00:00:00',
  `context_region_last_modified_by` int(100) DEFAULT NULL,
  `fk_approval_id` int(100) DEFAULT NULL,
  `fk_status_id` int(100) DEFAULT NULL,
  PRIMARY KEY (`context_region_id`)
) ENGINE=InnoDB DEFAULT CHARSET=utf8;

INSERT INTO `context_region` (`context_region_id`, `context_region_track_number`, `context_region_name`, `context_region_description`, `fk_office_id`, `fk_context_definition_id`, `fk_context_global_id`, `context_region_created_date`, `context_region_created_by`, `context_region_last_modified_date`, `context_region_last_modified_by`, `fk_approval_id`, `fk_status_id`) VALUES
(1,	'COON-67908',	'Context for office Africa Region Office',	'Context for office Africa Region Office',	2,	5,	1,	'2020-08-21',	1,	'0000-00-00 00:00:00',	1,	288,	19);

DROP TABLE IF EXISTS `context_region_user`;
CREATE TABLE `context_region_user` (
  `context_region_user_id` int(100) NOT NULL AUTO_INCREMENT,
  `context_region_user_track_number` varchar(100) DEFAULT NULL,
  `context_region_user_name` varchar(100) DEFAULT NULL,
  `fk_context_region_id` int(100) NOT NULL,
  `fk_user_id` int(100) NOT NULL,
  `fk_designation_id` int(100) NOT NULL,
  `context_region_user_is_active` int(100) NOT NULL,
  `context_region_user_created_by` int(100) NOT NULL,
  `context_region_user_created_date` date DEFAULT '0000-00-00',
  `context_region_user_last_modified_date` timestamp NULL DEFAULT '0000-00-00 00:00:00',
  `context_region_user_last_modified_by` int(100) NOT NULL,
  `fk_approval_id` int(100) DEFAULT NULL,
  `fk_status_id` int(100) DEFAULT NULL,
  PRIMARY KEY (`context_region_user_id`)
) ENGINE=InnoDB DEFAULT CHARSET=utf8;

INSERT INTO `context_region_user` (`context_region_user_id`, `context_region_user_track_number`, `context_region_user_name`, `fk_context_region_id`, `fk_user_id`, `fk_designation_id`, `context_region_user_is_active`, `context_region_user_created_by`, `context_region_user_created_date`, `context_region_user_last_modified_date`, `context_region_user_last_modified_by`, `fk_approval_id`, `fk_status_id`) VALUES
(1,	'COER-59242',	'Office context for Africa Region Admin',	1,	2,	2,	1,	1,	'2020-08-21',	'0000-00-00 00:00:00',	1,	296,	20);

DROP TABLE IF EXISTS `contra_account`;
CREATE TABLE `contra_account` (
  `contra_account_id` int(100) NOT NULL AUTO_INCREMENT,
  `contra_account_track_number` varchar(100) NOT NULL,
  `contra_account_name` varchar(100) NOT NULL,
  `contra_account_code` varchar(20) NOT NULL,
  `contra_account_description` varchar(100) NOT NULL,
  `fk_voucher_type_account_id` int(100) NOT NULL,
  `fk_voucher_type_effect_id` int(100) NOT NULL,
  `fk_office_bank_id` int(100) NOT NULL,
  `fk_account_system_id` int(100) NOT NULL,
  `contra_account_created_date` date DEFAULT NULL,
  `contra_account_created_by` int(100) DEFAULT NULL,
  `contra_account_last_modified_by` int(100) DEFAULT NULL,
  `contra_account_last_modified_date` date DEFAULT NULL,
  `fk_approval_id` int(100) DEFAULT NULL,
  `fk_status_id` int(100) DEFAULT NULL,
  PRIMARY KEY (`contra_account_id`),
  KEY `fk_account_system_id` (`fk_account_system_id`),
  KEY `fk_voucher_type_account_id` (`fk_voucher_type_account_id`),
  KEY `fk_office_bank_id` (`fk_office_bank_id`),
  CONSTRAINT `contra_account_ibfk_1` FOREIGN KEY (`fk_account_system_id`) REFERENCES `account_system` (`account_system_id`),
  CONSTRAINT `contra_account_ibfk_2` FOREIGN KEY (`fk_voucher_type_account_id`) REFERENCES `voucher_type_account` (`voucher_type_account_id`),
  CONSTRAINT `contra_account_ibfk_3` FOREIGN KEY (`fk_office_bank_id`) REFERENCES `office_bank` (`office_bank_id`)
) ENGINE=InnoDB DEFAULT CHARSET=latin1;

INSERT INTO `contra_account` (`contra_account_id`, `contra_account_track_number`, `contra_account_name`, `contra_account_code`, `contra_account_description`, `fk_voucher_type_account_id`, `fk_voucher_type_effect_id`, `fk_office_bank_id`, `fk_account_system_id`, `contra_account_created_date`, `contra_account_created_by`, `contra_account_last_modified_by`, `contra_account_last_modified_date`, `fk_approval_id`, `fk_status_id`) VALUES
(1,	'CONT-56526',	'Bank to PC',	'bbpc',	'Bank to PC',	1,	0,	1,	4,	'2020-09-01',	4,	4,	NULL,	445,	21),
(2,	'CONT-68040',	'Cash to Bank Contra',	'CBC',	'Cash to Bank Contra',	2,	0,	1,	4,	'2020-09-01',	4,	4,	NULL,	446,	21),
(3,	'CONT-44343',	'Citam Missions Goro-Rukesa Church Bank to Cash',	'B2C',	'Citam Missions Goro-Rukesa Church Bank to Cash',	1,	0,	2,	3,	'2020-11-04',	8,	8,	NULL,	591,	21),
(4,	'CONT-9917',	'Citam Missions Goro-Rukesa Church Cash to Bash',	'C2B',	'Citam Missions Goro-Rukesa Church Cash to Bash',	2,	0,	2,	3,	'2020-11-04',	8,	8,	NULL,	592,	21),
(5,	'CONT-6047',	'TZ0100 - TAG Bethel Student Center Bank to Cash',	'B2C',	'TZ0100 - TAG Bethel Student Center Bank to Cash',	1,	3,	3,	4,	'2020-12-10',	11,	11,	NULL,	860,	0),
(6,	'CONT-23816',	'TZ0100 - TAG Bethel Student Center Cash to Bank',	'C2B',	'TZ0100 - TAG Bethel Student Center Cash to Bank',	2,	4,	3,	4,	'2020-12-10',	11,	11,	NULL,	861,	0),
(7,	'CONT-60024',	'TZ0200 - ELCT Engarenarok Bank to Cash',	'B2C',	'TZ0200 - ELCT Engarenarok Bank to Cash',	1,	3,	4,	4,	'2020-12-10',	11,	11,	NULL,	865,	0),
(8,	'CONT-11651',	'TZ0200 - ELCT Engarenarok Cash to Bank',	'C2B',	'TZ0200 - ELCT Engarenarok Cash to Bank',	2,	4,	4,	4,	'2020-12-10',	11,	11,	NULL,	866,	0),
(9,	'CONT-4057',	'TZ0201 - Kijenge Lutheran Church Bank to Cash',	'B2C',	'TZ0201 - Kijenge Lutheran Church Bank to Cash',	1,	3,	5,	4,	'2020-12-10',	11,	11,	NULL,	870,	0),
(10,	'CONT-70994',	'TZ0201 - Kijenge Lutheran Church Cash to Bank',	'C2B',	'TZ0201 - Kijenge Lutheran Church Cash to Bank',	2,	4,	5,	4,	'2020-12-10',	11,	11,	NULL,	871,	0),
(11,	'CONT-24520',	'TZ0450 - PEFA Olmatejo Church Bank to Cash',	'B2C',	'TZ0450 - PEFA Olmatejo Church Bank to Cash',	1,	3,	6,	4,	'2020-12-10',	11,	11,	NULL,	875,	0),
(12,	'CONT-80103',	'TZ0450 - PEFA Olmatejo Church Cash to Bank',	'C2B',	'TZ0450 - PEFA Olmatejo Church Cash to Bank',	2,	4,	6,	4,	'2020-12-10',	11,	11,	NULL,	876,	0),
(13,	'CONT-43854',	'TZ0500 - Ngarenaro Baptist Church Bank to Cash',	'B2C',	'TZ0500 - Ngarenaro Baptist Church Bank to Cash',	1,	3,	7,	4,	'2020-12-10',	11,	11,	NULL,	880,	0),
(14,	'CONT-14710',	'TZ0500 - Ngarenaro Baptist Church Cash to Bank',	'C2B',	'TZ0500 - Ngarenaro Baptist Church Cash to Bank',	2,	4,	7,	4,	'2020-12-10',	11,	11,	NULL,	881,	0),
(15,	'CONT-34357',	'TZ0551 - Moravian Church Arusha Bank to Cash',	'B2C',	'TZ0551 - Moravian Church Arusha Bank to Cash',	1,	3,	8,	4,	'2020-12-10',	11,	11,	NULL,	885,	0),
(16,	'CONT-58793',	'TZ0551 - Moravian Church Arusha Cash to Bank',	'C2B',	'TZ0551 - Moravian Church Arusha Cash to Bank',	2,	4,	8,	4,	'2020-12-10',	11,	11,	NULL,	886,	0),
(17,	'CONT-55963',	'TZ0600 - Pentecost Assemblies of God Church Bank to Cash',	'B2C',	'TZ0600 - Pentecost Assemblies of God Church Bank to Cash',	1,	3,	9,	4,	'2020-12-10',	11,	11,	NULL,	890,	0),
(18,	'CONT-23651',	'TZ0600 - Pentecost Assemblies of God Church Cash to Bank',	'C2B',	'TZ0600 - Pentecost Assemblies of God Church Cash to Bank',	2,	4,	9,	4,	'2020-12-10',	11,	11,	NULL,	891,	0),
(19,	'CONT-10511',	'TZ0102 - TAG Azimio Student Center Bank to Cash',	'B2C',	'TZ0102 - TAG Azimio Student Center Bank to Cash',	1,	3,	10,	4,	'2020-12-10',	11,	11,	NULL,	895,	0),
(20,	'CONT-22776',	'TZ0102 - TAG Azimio Student Center Cash to Bank',	'C2B',	'TZ0102 - TAG Azimio Student Center Cash to Bank',	2,	4,	10,	4,	'2020-12-10',	11,	11,	NULL,	896,	0),
(21,	'CONT-41608',	'TZ0206 - Kimandolu Lutheran Bank to Cash',	'B2C',	'TZ0206 - Kimandolu Lutheran Bank to Cash',	1,	3,	11,	4,	'2020-12-10',	11,	11,	NULL,	900,	0),
(22,	'CONT-53739',	'TZ0206 - Kimandolu Lutheran Cash to Bank',	'C2B',	'TZ0206 - Kimandolu Lutheran Cash to Bank',	2,	4,	11,	4,	'2020-12-10',	11,	11,	NULL,	901,	0),
(23,	'CONT-35937',	'TZ0303 - Anglican St. Andrews Bank to Cash',	'B2C',	'TZ0303 - Anglican St. Andrews Bank to Cash',	1,	3,	12,	4,	'2020-12-10',	11,	11,	NULL,	905,	0),
(24,	'CONT-34810',	'TZ0303 - Anglican St. Andrews Cash to Bank',	'C2B',	'TZ0303 - Anglican St. Andrews Cash to Bank',	2,	4,	12,	4,	'2020-12-10',	11,	11,	NULL,	906,	0),
(25,	'CONT-72115',	'KE001 - KE Testing Center Bank to Cash',	'B2C',	'KE001 - KE Testing Center Bank to Cash',	1,	3,	13,	3,	'2020-12-15',	1,	1,	NULL,	1206,	0),
(26,	'CONT-18433',	'KE001 - KE Testing Center Cash to Bank',	'C2B',	'KE001 - KE Testing Center Cash to Bank',	2,	4,	13,	3,	'2020-12-15',	1,	1,	NULL,	1207,	0),
(27,	'CONT-44441',	'KE001 - KE Testing Center Bank to Bank',	'B2B',	'KE001 - KE Testing Center Bank to Bank',	1,	5,	13,	3,	'2020-12-15',	1,	1,	NULL,	1208,	0),
(28,	'CONT-87937',	'KE001 - KE Testing Center Cash to Cash',	'C2C',	'KE001 - KE Testing Center Cash to Cash',	2,	6,	13,	3,	'2020-12-15',	1,	1,	NULL,	1209,	0),
(29,	'CONT-59541',	'TZ001 - TZ National Office Testing Center Bank to Cash',	'B2C',	'TZ001 - TZ National Office Testing Center Bank to Cash',	1,	3,	14,	4,	'2020-12-15',	11,	11,	NULL,	2658,	0),
(30,	'CONT-13279',	'TZ001 - TZ National Office Testing Center Cash to Bank',	'C2B',	'TZ001 - TZ National Office Testing Center Cash to Bank',	2,	4,	14,	4,	'2020-12-15',	11,	11,	NULL,	2659,	0),
(31,	'CONT-51195',	'TZ001 - TZ National Office Testing Center Bank to Bank',	'B2B',	'TZ001 - TZ National Office Testing Center Bank to Bank',	1,	5,	14,	4,	'2020-12-15',	11,	11,	NULL,	2660,	0),
(32,	'CONT-56965',	'TZ001 - TZ National Office Testing Center Cash to Cash',	'C2C',	'TZ001 - TZ National Office Testing Center Cash to Cash',	2,	6,	14,	4,	'2020-12-15',	11,	11,	NULL,	2661,	0),
(33,	'CONT-47284',	'TZ0551 - Moravian Church Arusha Bank to Bank',	'B2B',	'TZ0551 - Moravian Church Arusha Bank to Bank',	1,	5,	8,	4,	'2020-12-16',	27,	27,	NULL,	3060,	0),
(34,	'CONT-12301',	'TZ0551 - Moravian Church Arusha Cash to Cash',	'C2C',	'TZ0551 - Moravian Church Arusha Cash to Cash',	2,	6,	8,	4,	'2020-12-16',	27,	27,	NULL,	3061,	0),
(35,	'CONT-20595',	'TZ0303 - Anglican St. Andrews Bank to Bank',	'B2B',	'TZ0303 - Anglican St. Andrews Bank to Bank',	1,	5,	12,	4,	'2020-12-16',	13,	13,	NULL,	3062,	0),
(36,	'CONT-40951',	'TZ0303 - Anglican St. Andrews Cash to Cash',	'C2C',	'TZ0303 - Anglican St. Andrews Cash to Cash',	2,	6,	12,	4,	'2020-12-16',	13,	13,	NULL,	3063,	0),
(37,	'CONT-50284',	'TZ0206 - Kimandolu Lutheran Bank to Bank',	'B2B',	'TZ0206 - Kimandolu Lutheran Bank to Bank',	1,	5,	11,	4,	'2020-12-16',	16,	16,	NULL,	3064,	0),
(38,	'CONT-42907',	'TZ0206 - Kimandolu Lutheran Cash to Cash',	'C2C',	'TZ0206 - Kimandolu Lutheran Cash to Cash',	2,	6,	11,	4,	'2020-12-16',	16,	16,	NULL,	3065,	0),
(39,	'CONT-25217',	'TZ0200 - ELCT Engarenarok Bank to Bank',	'B2B',	'TZ0200 - ELCT Engarenarok Bank to Bank',	1,	5,	4,	4,	'2020-12-16',	40,	40,	NULL,	3068,	0),
(40,	'CONT-88100',	'TZ0200 - ELCT Engarenarok Cash to Cash',	'C2C',	'TZ0200 - ELCT Engarenarok Cash to Cash',	2,	6,	4,	4,	'2020-12-16',	40,	40,	NULL,	3069,	0),
(41,	'CONT-82989',	'TZ0500 - Ngarenaro Baptist Church Bank to Bank',	'B2B',	'TZ0500 - Ngarenaro Baptist Church Bank to Bank',	1,	5,	7,	4,	'2020-12-16',	33,	33,	NULL,	3072,	0),
(42,	'CONT-36953',	'TZ0500 - Ngarenaro Baptist Church Cash to Cash',	'C2C',	'TZ0500 - Ngarenaro Baptist Church Cash to Cash',	2,	6,	7,	4,	'2020-12-16',	33,	33,	NULL,	3073,	0),
(43,	'CONT-45149',	'TZ0100 - TAG Bethel Student Center Bank to Bank',	'B2B',	'TZ0100 - TAG Bethel Student Center Bank to Bank',	1,	5,	3,	4,	'2020-12-16',	21,	21,	NULL,	3076,	0),
(44,	'CONT-57861',	'TZ0100 - TAG Bethel Student Center Cash to Cash',	'C2C',	'TZ0100 - TAG Bethel Student Center Cash to Cash',	2,	6,	3,	4,	'2020-12-16',	21,	21,	NULL,	3077,	0),
(45,	'CONT-68545',	'TZ0102 - TAG Azimio Student Center Bank to Bank',	'B2B',	'TZ0102 - TAG Azimio Student Center Bank to Bank',	1,	5,	10,	4,	'2020-12-16',	37,	37,	NULL,	3080,	0),
(46,	'CONT-10055',	'TZ0102 - TAG Azimio Student Center Cash to Cash',	'C2C',	'TZ0102 - TAG Azimio Student Center Cash to Cash',	2,	6,	10,	4,	'2020-12-16',	37,	37,	NULL,	3081,	0),
(47,	'CONT-5387',	'TZ0450 - PEFA Olmatejo Church Bank to Bank',	'B2B',	'TZ0450 - PEFA Olmatejo Church Bank to Bank',	1,	5,	6,	4,	'2020-12-16',	31,	31,	NULL,	3090,	0),
(48,	'CONT-17620',	'TZ0450 - PEFA Olmatejo Church Cash to Cash',	'C2C',	'TZ0450 - PEFA Olmatejo Church Cash to Cash',	2,	6,	6,	4,	'2020-12-16',	31,	31,	NULL,	3091,	0),
(49,	'CONT-1446',	'TZ0201 - Kijenge Lutheran Church Bank to Bank',	'B2B',	'TZ0201 - Kijenge Lutheran Church Bank to Bank',	1,	5,	5,	4,	'2020-12-16',	25,	25,	NULL,	3106,	0),
(50,	'CONT-62131',	'TZ0201 - Kijenge Lutheran Church Cash to Cash',	'C2C',	'TZ0201 - Kijenge Lutheran Church Cash to Cash',	2,	6,	5,	4,	'2020-12-16',	25,	25,	NULL,	3107,	0),
(51,	'CONT-19288',	'TZ0600 - Pentecost Assemblies of God Church Bank to Bank',	'B2B',	'TZ0600 - Pentecost Assemblies of God Church Bank to Bank',	1,	5,	9,	4,	'2020-12-17',	19,	19,	NULL,	3162,	0),
(52,	'CONT-24209',	'TZ0600 - Pentecost Assemblies of God Church Cash to Cash',	'C2C',	'TZ0600 - Pentecost Assemblies of God Church Cash to Cash',	2,	6,	9,	4,	'2020-12-17',	19,	19,	NULL,	3163,	0),
(53,	'CONT-19200',	'Citam Missions Goro-Rukesa Church Bank to Cash',	'B2C',	'Citam Missions Goro-Rukesa Church Bank to Cash',	1,	3,	2,	3,	'2021-01-25',	50,	50,	NULL,	3684,	0),
(54,	'CONT-6879',	'Citam Missions Goro-Rukesa Church Cash to Bank',	'C2B',	'Citam Missions Goro-Rukesa Church Cash to Bank',	2,	4,	2,	3,	'2021-01-25',	50,	50,	NULL,	3685,	0),
(55,	'CONT-17745',	'Citam Missions Goro-Rukesa Church Bank to Bank',	'B2B',	'Citam Missions Goro-Rukesa Church Bank to Bank',	1,	5,	2,	3,	'2021-01-25',	50,	50,	NULL,	3686,	0),
(56,	'CONT-11009',	'Citam Missions Goro-Rukesa Church Cash to Cash',	'C2C',	'Citam Missions Goro-Rukesa Church Cash to Cash',	2,	6,	2,	3,	'2021-01-25',	50,	50,	NULL,	3687,	0),
(57,	'CONT-76042',	'CITAM HQ Bank to Cash',	'B2C',	'CITAM HQ Bank to Cash',	1,	3,	15,	3,	'2021-01-25',	1,	1,	NULL,	3692,	0),
(58,	'CONT-44923',	'CITAM HQ Cash to Bank',	'C2B',	'CITAM HQ Cash to Bank',	2,	4,	15,	3,	'2021-01-25',	1,	1,	NULL,	3693,	0),
(59,	'CONT-35545',	'CITAM HQ Bank to Bank',	'B2B',	'CITAM HQ Bank to Bank',	1,	5,	15,	3,	'2021-01-25',	1,	1,	NULL,	3694,	0),
(60,	'CONT-28154',	'CITAM HQ Cash to Cash',	'C2C',	'CITAM HQ Cash to Cash',	2,	6,	15,	3,	'2021-01-25',	1,	1,	NULL,	3695,	0),
(61,	'CONT-70479',	'Citam Missions Goro-Rukesa Church Bank to Cash',	'B2C',	'Citam Missions Goro-Rukesa Church Bank to Cash',	1,	3,	16,	3,	'2021-01-25',	1,	1,	NULL,	3709,	0),
(62,	'CONT-19643',	'Citam Missions Goro-Rukesa Church Cash to Bank',	'C2B',	'Citam Missions Goro-Rukesa Church Cash to Bank',	2,	4,	16,	3,	'2021-01-25',	1,	1,	NULL,	3710,	0),
(63,	'CONT-69603',	'Citam Missions Goro-Rukesa Church Bank to Bank',	'B2B',	'Citam Missions Goro-Rukesa Church Bank to Bank',	1,	5,	16,	3,	'2021-01-25',	1,	1,	NULL,	3711,	0),
(64,	'CONT-21122',	'Citam Missions Goro-Rukesa Church Cash to Cash',	'C2C',	'Citam Missions Goro-Rukesa Church Cash to Cash',	2,	6,	16,	3,	'2021-01-25',	1,	1,	NULL,	3712,	0);

DROP TABLE IF EXISTS `country_currency`;
CREATE TABLE `country_currency` (
  `country_currency_id` int(100) NOT NULL AUTO_INCREMENT,
  `country_currency_name` varchar(100) NOT NULL,
  `country_currency_track_number` varchar(100) NOT NULL,
  `country_currency_code` varchar(10) NOT NULL,
  `country_currency_created_by` int(100) NOT NULL,
  `country_currency_created_date` date NOT NULL,
  `country_currency_last_modified_by` int(100) NOT NULL,
  `country_currency_last_modified_date` timestamp NOT NULL DEFAULT CURRENT_TIMESTAMP,
  `fk_approval_id` int(100) DEFAULT NULL,
  `fk_status_id` int(100) DEFAULT NULL,
  PRIMARY KEY (`country_currency_id`),
  UNIQUE KEY `country_currency_code` (`country_currency_code`)
) ENGINE=InnoDB DEFAULT CHARSET=latin1;

INSERT INTO `country_currency` (`country_currency_id`, `country_currency_name`, `country_currency_track_number`, `country_currency_code`, `country_currency_created_by`, `country_currency_created_date`, `country_currency_last_modified_by`, `country_currency_last_modified_date`, `fk_approval_id`, `fk_status_id`) VALUES
(1,	'USD',	'COCY-69810',	'USD',	1,	'2020-08-20',	1,	'2020-08-20 12:01:49',	33,	0),
(2,	'Tanzania Shillings',	'COCY-2535',	'Tsh',	1,	'2020-08-21',	1,	'2020-08-21 07:27:16',	286,	22),
(3,	'Kenya Shillings',	'COCY-24449',	'KES',	1,	'2020-08-21',	1,	'2020-08-21 08:34:48',	302,	22);

DROP TABLE IF EXISTS `currency_conversion`;
CREATE TABLE `currency_conversion` (
  `currency_conversion_id` int(100) NOT NULL AUTO_INCREMENT,
  `currency_conversion_name` varchar(100) NOT NULL,
  `currency_conversion_track_number` varchar(100) NOT NULL,
  `currency_conversion_month` date NOT NULL,
  `currency_conversion_created_date` date NOT NULL,
  `currency_conversion_created_by` int(100) NOT NULL,
  `currency_conversion_last_modified_date` timestamp NOT NULL DEFAULT CURRENT_TIMESTAMP,
  `currency_conversion_last_modified_by` int(100) NOT NULL,
  `fk_approval_id` int(100) DEFAULT NULL,
  `fk_status_id` int(100) DEFAULT NULL,
  PRIMARY KEY (`currency_conversion_id`)
) ENGINE=InnoDB DEFAULT CHARSET=latin1;


DROP TABLE IF EXISTS `currency_conversion_detail`;
CREATE TABLE `currency_conversion_detail` (
  `currency_conversion_detail_id` int(100) NOT NULL AUTO_INCREMENT,
  `currency_conversion_detail_name` varchar(100) NOT NULL,
  `currency_conversion_detail_track_number` varchar(100) NOT NULL,
  `fk_currency_conversion_id` int(100) NOT NULL,
  `fk_country_currency_id` int(100) NOT NULL,
  `currency_conversion_detail_rate` double(10,2) NOT NULL,
  `currency_conversion_detail_created_by` int(100) NOT NULL,
  `currency_conversion_detail_created_date` date NOT NULL,
  `currency_conversion_detail_last_modified_by` int(100) NOT NULL,
  `currency_conversion_detail_last_modified_date` timestamp NOT NULL DEFAULT CURRENT_TIMESTAMP,
  `fk_approval_id` int(100) DEFAULT NULL,
  `fk_status_id` int(100) DEFAULT NULL,
  PRIMARY KEY (`currency_conversion_detail_id`)
) ENGINE=InnoDB DEFAULT CHARSET=latin1;


DROP TABLE IF EXISTS `dashboard`;
CREATE TABLE `dashboard` (
  `dashboard_id` int(100) NOT NULL AUTO_INCREMENT,
  `dashboard_name` varchar(100) DEFAULT NULL,
  `dashboard_created_date` date DEFAULT NULL,
  `dashboard_created_by` int(100) DEFAULT NULL,
  `dashboard_last_modified_by` int(100) DEFAULT NULL,
  `dashboard_last_modified_date` date DEFAULT NULL,
  `fk_approval_id` int(100) DEFAULT NULL,
  `fk_status_id` int(100) DEFAULT NULL,
  PRIMARY KEY (`dashboard_id`)
) ENGINE=InnoDB DEFAULT CHARSET=latin1;


DROP TABLE IF EXISTS `department`;
CREATE TABLE `department` (
  `department_id` int(100) NOT NULL AUTO_INCREMENT,
  `department_track_number` varchar(100) NOT NULL,
  `department_name` varchar(100) NOT NULL,
  `department_description` longtext NOT NULL,
  `department_is_active` int(5) NOT NULL DEFAULT '1',
  `department_created_date` date NOT NULL,
  `department_last_modified_date` timestamp NOT NULL DEFAULT CURRENT_TIMESTAMP,
  `department_created_by` int(100) NOT NULL,
  `department_last_modified_by` int(100) NOT NULL,
  `fk_approval_id` int(11) NOT NULL,
  `fk_status_id` int(11) NOT NULL,
  PRIMARY KEY (`department_id`),
  KEY `fk_approval_id` (`fk_approval_id`),
  KEY `fk_status_id` (`fk_status_id`),
  CONSTRAINT `department_ibfk_1` FOREIGN KEY (`fk_approval_id`) REFERENCES `approval` (`approval_id`),
  CONSTRAINT `department_ibfk_2` FOREIGN KEY (`fk_status_id`) REFERENCES `status` (`status_id`)
) ENGINE=InnoDB DEFAULT CHARSET=latin1;

INSERT INTO `department` (`department_id`, `department_track_number`, `department_name`, `department_description`, `department_is_active`, `department_created_date`, `department_last_modified_date`, `department_created_by`, `department_last_modified_by`, `fk_approval_id`, `fk_status_id`) VALUES
(1,	'DENT-17501',	'System Administrators',	'System Administrators',	1,	'2020-08-21',	'2020-08-21 07:33:34',	1,	1,	292,	26),
(2,	'DENT-41885',	'Program Support',	'Program Support',	1,	'2020-08-21',	'2020-08-21 09:13:15',	1,	1,	326,	26),
(3,	'DENT-34874',	'Church Partner',	'Church Partner',	1,	'2020-11-05',	'2020-11-05 12:47:24',	1,	1,	641,	26);

DROP TABLE IF EXISTS `department_user`;
CREATE TABLE `department_user` (
  `department_user_id` int(100) NOT NULL AUTO_INCREMENT,
  `department_user_track_number` varchar(100) NOT NULL,
  `department_user_name` varchar(100) NOT NULL,
  `fk_user_id` int(100) NOT NULL,
  `fk_department_id` int(100) NOT NULL,
  `department_user_created_date` date DEFAULT NULL,
  `department_user_last_modified_date` timestamp NULL DEFAULT CURRENT_TIMESTAMP,
  `department_user_created_by` int(100) DEFAULT NULL,
  `department_user_last_modified_by` int(100) DEFAULT NULL,
  `fk_approval_id` int(100) DEFAULT NULL,
  `fk_status_id` int(100) DEFAULT NULL,
  PRIMARY KEY (`department_user_id`)
) ENGINE=InnoDB DEFAULT CHARSET=latin1;

INSERT INTO `department_user` (`department_user_id`, `department_user_track_number`, `department_user_name`, `fk_user_id`, `fk_department_id`, `department_user_created_date`, `department_user_last_modified_date`, `department_user_created_by`, `department_user_last_modified_by`, `fk_approval_id`, `fk_status_id`) VALUES
(1,	'DEER-47411',	'Department for Africa Region Admin',	2,	1,	'2020-08-21',	'2020-08-21 07:40:25',	1,	1,	297,	27),
(2,	'DEER-64110',	'Department for Kenya Country  Admin user',	3,	1,	'2020-08-21',	'2020-08-21 09:19:36',	1,	1,	330,	27),
(3,	'DEER-21540',	'Department for Tanzania  Country Admin',	4,	1,	'2020-08-21',	'2020-08-21 09:23:39',	1,	1,	333,	27),
(4,	'DEER-18740',	'Department for Evans Macharia',	5,	1,	'2020-11-03',	'2020-11-03 09:46:16',	1,	1,	528,	27),
(5,	'DEER-16496',	'Department for Benjamin Muthui',	6,	1,	'2020-11-03',	'2020-11-03 09:47:39',	1,	1,	531,	27),
(6,	'DEER-25587',	'Department for Donald Obago',	7,	1,	'2020-11-03',	'2020-11-03 09:50:41',	1,	1,	534,	27),
(7,	'DEER-50004',	'Department for Simon Ihuthia',	8,	1,	'2020-11-03',	'2020-11-03 09:52:34',	1,	1,	537,	27),
(8,	'DEER-72023',	'Department for Lavine Odindo',	9,	1,	'2020-11-03',	'2020-11-03 12:21:44',	1,	1,	579,	27),
(9,	'DEER-85063',	'Department for Fridah Nyaboke',	10,	3,	'2020-11-05',	'2020-11-05 12:50:26',	1,	1,	644,	27),
(10,	'DEER-39233',	'Department for Letema Samuel',	11,	1,	'2020-12-09',	'2020-12-09 11:21:38',	1,	1,	727,	0),
(11,	'DEER-37567',	'Department for Adamu  Mollel',	12,	3,	'2020-12-15',	'2020-12-15 03:50:56',	1,	1,	992,	0),
(12,	'DEER-25200',	'Department for Abraham  Msoloka',	13,	3,	'2020-12-15',	'2020-12-15 04:39:07',	1,	1,	1030,	0),
(13,	'DEER-12803',	'Department for Chinyemi  Msuya',	14,	3,	'2020-12-15',	'2020-12-15 04:41:16',	1,	1,	1033,	0),
(14,	'DEER-24152',	'Department for Joseph  Chipanha',	15,	3,	'2020-12-15',	'2020-12-15 04:42:48',	1,	1,	1036,	0),
(15,	'DEER-3750',	'Department for Anna  Ngowo',	16,	3,	'2020-12-15',	'2020-12-15 04:46:14',	1,	1,	1039,	0),
(16,	'DEER-14972',	'Department for Joyce Loth',	17,	3,	'2020-12-15',	'2020-12-15 05:17:12',	1,	1,	1070,	0),
(17,	'DEER-40557',	'Department for Neema  Benedicto',	18,	3,	'2020-12-15',	'2020-12-15 05:19:00',	1,	1,	1073,	0),
(18,	'DEER-42084',	'Department for Zebedayo  Lukumay',	19,	3,	'2020-12-15',	'2020-12-15 05:20:27',	1,	1,	1076,	0),
(19,	'DEER-86427',	'Department for Aniceta Macha',	20,	3,	'2020-12-15',	'2020-12-15 05:22:02',	1,	1,	1079,	0),
(20,	'DEER-79811',	'Department for Joyce Mono',	21,	3,	'2020-12-15',	'2020-12-15 05:23:35',	1,	1,	1082,	0),
(21,	'DEER-11116',	'Department for Emmanuel Rwakatare',	22,	3,	'2020-12-15',	'2020-12-15 05:26:26',	1,	1,	1085,	0),
(22,	'DEER-87190',	'Department for Ales  Longolela',	23,	3,	'2020-12-15',	'2020-12-15 05:27:54',	1,	1,	1088,	0),
(23,	'DEER-12652',	'Department for Sifaeli  Ombeni',	24,	3,	'2020-12-15',	'2020-12-15 05:29:28',	1,	1,	1091,	0),
(24,	'DEER-10257',	'Department for Lebisa Lebisa',	25,	3,	'2020-12-15',	'2020-12-15 05:30:48',	1,	1,	1094,	0),
(25,	'DEER-88723',	'Department for Jackline  Lioshooki',	26,	3,	'2020-12-15',	'2020-12-15 05:33:35',	1,	1,	1097,	0),
(26,	'DEER-24656',	'Department for Glory Robert',	27,	3,	'2020-12-15',	'2020-12-15 05:35:09',	1,	1,	1100,	0),
(27,	'DEER-68396',	'Department for ZIPORA  DAFFA',	28,	3,	'2020-12-15',	'2020-12-15 05:36:25',	1,	1,	1103,	0),
(28,	'DEER-37534',	'Department for Neema Kabungo',	29,	3,	'2020-12-15',	'2020-12-15 05:38:08',	1,	1,	1106,	0),
(29,	'DEER-8112',	'Department for Julius Mike Mboya',	30,	3,	'2020-12-15',	'2020-12-15 05:41:04',	1,	1,	1109,	0),
(30,	'DEER-32513',	'Department for Vero Ayo',	31,	3,	'2020-12-15',	'2020-12-15 05:42:20',	1,	1,	1112,	0),
(31,	'DEER-21830',	'Department for Joyce Chidiel Mbaga',	32,	3,	'2020-12-15',	'2020-12-15 05:44:33',	1,	1,	1115,	0),
(32,	'DEER-45062',	'Department for Winfrida Thomas',	33,	3,	'2020-12-15',	'2020-12-15 05:46:11',	1,	1,	1118,	0),
(33,	'DEER-50284',	'Department for RUTH MWAKIMI RUTH MWAKIMI',	34,	3,	'2020-12-15',	'2020-12-15 05:48:31',	1,	1,	1121,	0),
(34,	'DEER-83462',	'Department for Jackson Mollel',	35,	3,	'2020-12-15',	'2020-12-15 05:50:01',	1,	1,	1124,	0),
(35,	'DEER-15059',	'Department for Rekael Girigo',	36,	3,	'2020-12-15',	'2020-12-15 05:51:41',	1,	1,	1127,	0),
(36,	'DEER-46392',	'Department for Ester Mtengeti',	37,	3,	'2020-12-15',	'2020-12-15 05:53:38',	1,	1,	1130,	0),
(37,	'DEER-7139',	'Department for Faraji Fredrick Mleli',	38,	3,	'2020-12-15',	'2020-12-15 05:55:19',	1,	1,	1133,	0),
(38,	'DEER-45029',	'Department for MARY MUSHI MUSHI',	39,	3,	'2020-12-15',	'2020-12-15 05:57:11',	1,	1,	1136,	0),
(39,	'DEER-41887',	'Department for Apasia Moshi',	40,	3,	'2020-12-15',	'2020-12-15 05:58:30',	1,	1,	1139,	0),
(40,	'DEER-41715',	'Department for Test Letema  Test Samuel',	41,	3,	'2020-12-15',	'2020-12-15 06:34:30',	1,	1,	1151,	0),
(42,	'DEER-18284',	'Department for Test Sigfred  Test Mshiu',	42,	3,	'2020-12-15',	'2020-12-15 06:41:31',	1,	1,	1158,	0),
(43,	'DEER-29813',	'Department for Test Nickson  Test Kilale',	43,	3,	'2020-12-15',	'2020-12-15 06:43:15',	1,	1,	1161,	0),
(44,	'DEER-20098',	'Department for Test Philbert  Test Bukeme',	44,	3,	'2020-12-15',	'2020-12-15 06:44:59',	1,	1,	1164,	0),
(45,	'DEER-19387',	'Department for Test Furaha  Test Sango',	45,	3,	'2020-12-15',	'2020-12-15 06:46:45',	1,	1,	1167,	0),
(46,	'DEER-73467',	'Department for Test Nicodemus  Test Karisa',	46,	3,	'2020-12-15',	'2020-12-15 07:07:11',	1,	1,	1179,	0),
(47,	'DEER-50529',	'Department for Test Livingstone Test Onduso',	47,	3,	'2020-12-15',	'2020-12-15 07:11:01',	1,	1,	1182,	0),
(48,	'DEER-84499',	'Department for Danson Waweru',	48,	1,	'2020-12-15',	'2020-12-15 07:43:11',	1,	1,	1192,	0),
(49,	'DEER-77139',	'Department for Test2 Nicodemus Test2 Karisa',	49,	3,	'2020-12-15',	'2020-12-15 08:09:28',	1,	1,	1204,	0),
(50,	'DEER-35556',	'Department for Samuel John',	50,	3,	'2021-01-25',	'2021-01-25 08:02:07',	1,	1,	3674,	0);

DROP TABLE IF EXISTS `designation`;
CREATE TABLE `designation` (
  `designation_id` int(100) NOT NULL AUTO_INCREMENT,
  `designation_track_number` varchar(100) NOT NULL,
  `designation_name` varchar(100) NOT NULL,
  `fk_context_definition_id` int(100) NOT NULL,
  `designation_created_date` date NOT NULL,
  `designation_last_modified_date` timestamp NOT NULL DEFAULT CURRENT_TIMESTAMP,
  `designation_created_by` int(100) NOT NULL,
  `designation_last_modified_by` int(100) NOT NULL,
  `fk_approval_id` int(11) NOT NULL,
  `fk_status_id` int(11) NOT NULL,
  PRIMARY KEY (`designation_id`),
  KEY `fk_approval_id` (`fk_approval_id`),
  KEY `fk_status_id` (`fk_status_id`),
  KEY `fk_center_group_hierarchy_id` (`fk_context_definition_id`),
  CONSTRAINT `designation_ibfk_1` FOREIGN KEY (`fk_approval_id`) REFERENCES `approval` (`approval_id`),
  CONSTRAINT `designation_ibfk_2` FOREIGN KEY (`fk_status_id`) REFERENCES `status` (`status_id`),
  CONSTRAINT `designation_ibfk_3` FOREIGN KEY (`fk_context_definition_id`) REFERENCES `context_definition` (`context_definition_id`)
) ENGINE=InnoDB DEFAULT CHARSET=latin1;

INSERT INTO `designation` (`designation_id`, `designation_track_number`, `designation_name`, `fk_context_definition_id`, `designation_created_date`, `designation_last_modified_date`, `designation_created_by`, `designation_last_modified_by`, `fk_approval_id`, `fk_status_id`) VALUES
(1,	'DEON-76662',	'Country Administrator',	4,	'2020-08-21',	'2020-08-21 07:34:41',	1,	1,	293,	28),
(2,	'DEON-25385',	'Africa System Administrator',	5,	'2020-08-21',	'2020-08-21 07:39:19',	1,	1,	294,	28),
(3,	'DEON-64212',	'Program Trainer',	4,	'2020-08-21',	'2020-08-21 09:13:57',	1,	1,	327,	28),
(4,	'DEON-24248',	'Project Accountant',	1,	'2020-11-05',	'2020-11-05 12:46:41',	1,	1,	640,	28),
(5,	'DEON-89265',	'Headquarter Accountant',	3,	'2021-01-25',	'2021-01-25 08:00:59',	1,	1,	3671,	524);

DROP TABLE IF EXISTS `event`;
CREATE TABLE `event` (
  `event_id` int(100) NOT NULL AUTO_INCREMENT,
  `event_track_number` varchar(100) NOT NULL,
  `event_name` varchar(100) NOT NULL,
  `fk_approve_item_id` int(100) NOT NULL,
  `event_action` int(5) NOT NULL COMMENT '1 = data, 2 = access',
  `event_json_string` longtext NOT NULL,
  `fk_user_id` int(100) NOT NULL,
  `event_created_by` int(100) NOT NULL,
  `event_created_date` date NOT NULL,
  `event_last_modified_by` int(100) NOT NULL,
  `event_last_modified_date` timestamp NOT NULL DEFAULT CURRENT_TIMESTAMP,
  `fk_approval_id` int(100) NOT NULL,
  `fk_status_id` int(100) NOT NULL,
  PRIMARY KEY (`event_id`),
  KEY `fk_approve_item_id` (`fk_approve_item_id`),
  KEY `fk_user_id` (`fk_user_id`),
  CONSTRAINT `event_ibfk_1` FOREIGN KEY (`fk_approve_item_id`) REFERENCES `approve_item` (`approve_item_id`),
  CONSTRAINT `event_ibfk_2` FOREIGN KEY (`fk_user_id`) REFERENCES `user` (`user_id`)
) ENGINE=InnoDB DEFAULT CHARSET=latin1;


DROP TABLE IF EXISTS `expense_account`;
CREATE TABLE `expense_account` (
  `expense_account_id` int(100) NOT NULL AUTO_INCREMENT,
  `expense_account_track_number` varchar(100) DEFAULT NULL,
  `expense_account_name` varchar(100) DEFAULT NULL,
  `expense_account_description` varchar(100) DEFAULT NULL,
  `expense_account_code` varchar(10) DEFAULT NULL,
  `expense_account_is_admin` int(5) DEFAULT NULL,
  `expense_account_is_active` int(5) DEFAULT NULL,
  `expense_account_is_budgeted` int(5) DEFAULT NULL,
  `fk_income_account_id` int(100) DEFAULT NULL,
  `fk_approval_id` int(100) DEFAULT NULL,
  `fk_status_id` int(100) DEFAULT NULL,
  `expense_account_created_date` date DEFAULT NULL,
  `expense_account_last_modified_date` date DEFAULT NULL,
  `expense_account_created_by` int(100) DEFAULT NULL,
  `expense_account_last_modified_by` int(100) DEFAULT NULL,
  PRIMARY KEY (`expense_account_id`),
  KEY `fk_expense_account_income_account_idx` (`fk_income_account_id`),
  CONSTRAINT `fk_expense_account_income_account` FOREIGN KEY (`fk_income_account_id`) REFERENCES `income_account` (`income_account_id`) ON DELETE NO ACTION ON UPDATE NO ACTION
) ENGINE=InnoDB DEFAULT CHARSET=latin1 COMMENT='This table holds the expense accounts';

INSERT INTO `expense_account` (`expense_account_id`, `expense_account_track_number`, `expense_account_name`, `expense_account_description`, `expense_account_code`, `expense_account_is_admin`, `expense_account_is_active`, `expense_account_is_budgeted`, `fk_income_account_id`, `fk_approval_id`, `fk_status_id`, `expense_account_created_date`, `expense_account_last_modified_date`, `expense_account_created_by`, `expense_account_last_modified_by`) VALUES
(1,	'EXNT-10330',	'E10 - Education Supplies and Fees',	'Education Supplies and Fees',	'E10',	0,	1,	1,	1,	352,	29,	'2020-08-21',	NULL,	3,	3),
(2,	'EXNT-12048',	'E20 - Office Supplies',	'Office Supplies',	'E20',	0,	1,	1,	1,	353,	29,	'2020-08-21',	NULL,	3,	3),
(3,	'EXNT-62318',	'E15 - School Uniforms and Clothes',	'School Uniforms and Clothes',	'E15',	0,	1,	1,	1,	556,	29,	'2020-11-03',	NULL,	5,	5),
(4,	'EXNT-15341',	'E25 - Teaching aids and reference materials',	'Teaching aids and reference materials',	'E25',	0,	1,	1,	1,	557,	29,	'2020-11-03',	NULL,	5,	5),
(5,	'EXNT-59349',	'E30 - Health Provision, GOBIFFF and Food Supplements',	'Health Provision, GOBIFFF and Food Supplements',	'E30',	0,	1,	1,	1,	558,	29,	'2020-11-03',	NULL,	5,	5),
(6,	'EXNT-50100',	'E35 - Personal Hygiene',	'Personal Hygiene',	'E35',	0,	1,	1,	1,	559,	29,	'2020-11-03',	NULL,	5,	5),
(7,	'EXNT-22305',	'E40 - Food, Nutrition and cooking utensils',	'Food, Nutrition and cooking utensils',	'E40',	0,	1,	1,	1,	560,	29,	'2020-11-03',	NULL,	5,	5),
(8,	'EXNT-44905',	'E45 - Domestic Assistance',	'Domestic Assistance',	'E45',	0,	1,	1,	1,	561,	29,	'2020-11-03',	NULL,	5,	5),
(9,	'EXNT-87220',	'E50 - Livelihood and Skills Training',	'Livelihood and Skills Training',	'E50',	0,	1,	1,	1,	562,	29,	'2020-11-03',	NULL,	5,	5),
(10,	'EXNT-83132',	'E55 - Social Development',	'Social Development',	'E55',	0,	1,	1,	1,	563,	29,	'2020-11-03',	NULL,	5,	5),
(11,	'EXNT-88204',	'E60 - Spiritual Development',	'Spiritual Development',	'E60',	0,	1,	1,	1,	564,	29,	'2020-11-03',	NULL,	5,	5),
(12,	'EXNT-14103',	'E65 - Staff salaries and wages',	'Staff salaries and wages',	'E65',	1,	1,	1,	1,	565,	29,	'2020-11-03',	NULL,	5,	5),
(13,	'EXNT-24518',	'E70 - Administration',	'Administration',	'E70',	1,	1,	1,	1,	566,	29,	'2020-11-03',	NULL,	5,	5),
(14,	'EXNT-20223',	'E74 - Project Safety ',	'Project Safety',	'E74',	0,	1,	1,	1,	567,	29,	'2020-11-03',	NULL,	5,	5),
(15,	'EXNT-51505',	'E75 - Transportation',	'Transportation',	'E75',	1,	1,	1,	1,	568,	29,	'2020-11-03',	NULL,	5,	5),
(16,	'EXNT-65075',	'E200 - Gifts',	'Gifts',	'E200',	0,	1,	0,	2,	569,	29,	'2020-11-03',	NULL,	5,	5),
(17,	'EXNT-12237',	'E320 - Medical Refund and Grant',	'Medical Refund and Grant',	'E320',	0,	1,	0,	12,	570,	29,	'2020-11-03',	NULL,	5,	5),
(18,	'EXNT-18138',	'E330 - HVC',	'Highly Vulnerable Children',	'E330',	0,	1,	0,	4,	571,	29,	'2020-11-03',	NULL,	5,	5),
(19,	'EXNT-52873',	'E352 - Survival Launch Fund',	'Survival Launch Fund',	'E352',	0,	1,	1,	13,	572,	29,	'2020-11-03',	NULL,	5,	5),
(20,	'EXNT-7238',	'E360 - Inter Partner Funds Transfer',	'Inter Partner Funds Transfer',	'E360',	0,	1,	0,	15,	573,	29,	'2020-11-03',	NULL,	5,	5),
(21,	'EXNT-20637',	'E370 - Sponsorship Launch Fund',	'Sponsorship Launch Fund',	'E370',	0,	1,	1,	14,	574,	29,	'2020-11-03',	NULL,	5,	5),
(22,	'EXNT-85257',	'E410 - HIV/AIDS ARV Support',	'HIV/AIDS ARV Support',	'E410',	0,	1,	1,	6,	575,	29,	'2020-11-03',	NULL,	5,	5),
(23,	'EXNT-43565',	'E415 - HIV/AIDS Caregivers and siblings',	'HIV/AIDS Caregivers and siblings',	'E415',	0,	1,	1,	7,	576,	29,	'2020-11-03',	NULL,	5,	5),
(24,	'EXNT-35768',	'E425 - HIV/AIDS Education',	'HIV/AIDS Education',	'E425',	0,	1,	1,	8,	580,	29,	'2020-11-03',	NULL,	5,	5),
(25,	'EXNT-58201',	'E510 - Parents Contribution',	'Parents Contribution',	'E510',	0,	1,	1,	9,	581,	29,	'2020-11-03',	NULL,	5,	5),
(26,	'EXNT-60765',	'E515 - CDC IGA',	'CDC IGA',	'E515',	0,	1,	1,	10,	582,	29,	'2020-11-03',	NULL,	5,	5),
(27,	'EXNT-63956',	'E520 - Local Donations and Church Contributions',	'Local Donations and Church Contributions',	'E520',	0,	1,	1,	11,	583,	29,	'2020-11-03',	NULL,	5,	5),
(28,	'EXNT-71971',	'E013 - Educational Supplies & Fees',	'E013 - Educational Supplies & Fees',	'E013',	0,	1,	1,	3,	447,	288,	'2020-12-09',	NULL,	11,	11),
(29,	'EXNT-87590',	'E015 - School Uniforms &Clothes',	'E015 - School Uniforms &Clothes',	'E015',	0,	1,	1,	3,	447,	288,	'2020-12-09',	NULL,	11,	11),
(30,	'EXNT-84417',	'E022 - Centre Supplies & equipment',	'E022 - Centre Supplies & equipment',	'E022',	0,	1,	1,	3,	447,	288,	'2020-12-09',	NULL,	11,	11),
(31,	'EXNT-24182',	'E025 - Teaching Aids & Refer Materials',	'E025 - Teaching Aids & Refer Materials',	'E025',	0,	1,	1,	3,	447,	288,	'2020-12-10',	NULL,	11,	11),
(32,	'EXNT-88791',	'E032 - Physical Dev. & Health Provision',	'E032 - Physical Dev. & Health Provision',	'E032',	0,	1,	1,	3,	447,	288,	'2020-12-10',	NULL,	11,	11),
(33,	'EXNT-69976',	'E035 - Personal Hygiene',	'E035 - Personal Hygiene',	'E035',	0,	1,	1,	3,	447,	288,	'2020-12-10',	NULL,	11,	11),
(34,	'EXNT-52819',	'E042 - Food, Nutrition & Cooking Utensils',	'E042 - Food, Nutrition & Cooking Utensils',	'E042',	0,	1,	1,	3,	447,	288,	'2020-12-10',	NULL,	11,	11),
(35,	'EXNT-11785',	'E045 - Domestic Assistance',	'E045 - Domestic Assistance',	'E045',	0,	1,	1,	3,	447,	288,	'2020-12-10',	NULL,	11,	11),
(36,	'EXNT-3915',	'E052 - Livelihood & Skills Training',	'E052 - Livelihood & Skills Training',	'E052',	0,	1,	1,	3,	447,	288,	'2020-12-10',	NULL,	11,	11),
(37,	'EXNT-70616',	'E055 - Social Development',	'E055 - Social Development',	'E055',	0,	1,	1,	3,	447,	288,	'2020-12-10',	NULL,	11,	11),
(38,	'EXNT-78651',	'E062 - Spiritual Development',	'E062 - Spiritual Development',	'E062',	0,	1,	1,	3,	447,	288,	'2020-12-10',	NULL,	11,	11),
(39,	'EXNT-54139',	'E065 - Staff Salaries & Wages',	'E065 - Staff Salaries & Wages',	'E065',	1,	1,	1,	3,	447,	288,	'2020-12-10',	NULL,	11,	11),
(40,	'EXNT-74795',	'E066 - Staff Training & Development',	'E066 - Staff Training & Development',	'E066',	1,	1,	1,	3,	447,	288,	'2020-12-10',	NULL,	11,	11),
(41,	'EXNT-87305',	'E069 - Administration',	'E069 - Administration',	'E069',	1,	1,	1,	3,	447,	288,	'2020-12-10',	NULL,	11,	11),
(42,	'EXNT-14644',	'E071 - Telephone Expenses',	'E071 - Telephone Expenses',	'E071',	1,	1,	1,	3,	447,	288,	'2020-12-10',	NULL,	11,	11),
(43,	'EXNT-67110',	'E072 - Meals & Refreshments',	'E072 - Meals & Refreshments',	'E072',	1,	1,	1,	3,	447,	288,	'2020-12-10',	NULL,	11,	11),
(44,	'EXNT-47930',	'E075 - Transportation',	'E075 - Transportation',	'E075',	1,	1,	1,	3,	447,	288,	'2020-12-10',	NULL,	11,	11),
(45,	'EXNT-38246',	'E079 - CSP Medical & Health screening',	'E079 - CSP Medical & Health screening',	'E079',	0,	1,	1,	16,	728,	288,	'2020-12-10',	NULL,	11,	11),
(46,	'EXNT-59149',	'E081 - CSP Training on GOBI FFF',	'E081 - CSP Training on GOBI FFF',	'E081',	0,	1,	1,	16,	728,	288,	'2020-12-10',	NULL,	11,	11),
(47,	'EXNT-41255',	'E082 - CSP Food Supplements',	'E082 - CSP Food Supplements',	'E082',	0,	1,	1,	16,	728,	288,	'2020-12-10',	NULL,	11,	11),
(48,	'EXNT-43781',	'E083 - CSP Spiritual development',	'E083 - CSP Spiritual development',	'E083',	0,	1,	1,	16,	728,	288,	'2020-12-10',	NULL,	11,	11),
(49,	'EXNT-58145',	'E084 - CSP Social Emotional Dev.',	'E084 - CSP Social Emotional Dev.',	'E084',	0,	1,	1,	16,	728,	288,	'2020-12-10',	NULL,	11,	11),
(50,	'EXNT-64023',	'E085 - CSP Livelihood skills training',	'E085 - CSP Livelihood skills training',	'E085',	0,	1,	0,	16,	728,	288,	'2020-12-10',	NULL,	11,	11),
(51,	'EXNT-14368',	'E086 - CSP Salaries & wages',	'E086 - CSP Salaries & wages',	'E086',	1,	1,	1,	16,	728,	288,	'2020-12-10',	NULL,	11,	11),
(52,	'EXNT-3387',	'E087 - CSP Administration',	'E087 - CSP Administration',	'E087',	1,	1,	1,	16,	728,	288,	'2020-12-10',	NULL,	11,	11),
(53,	'EXNT-5872',	'E088 - CSP Transportation',	'E088 - CSP Transportation',	'E088',	1,	1,	1,	16,	728,	288,	'2020-12-10',	NULL,	11,	11),
(54,	'EXNT-86701',	'E089 - CSP Supplies & Equipment',	'E089 - CSP Supplies & Equipment',	'E089',	0,	1,	1,	16,	728,	288,	'2020-12-10',	NULL,	11,	11),
(55,	'EXNT-22409',	'E090 - Support transfer to other CDCs/Survival',	'E090 - Support transfer to other CDCs/Survival',	'E090',	0,	1,	0,	16,	728,	288,	'2020-12-10',	NULL,	11,	11),
(56,	'EXNT-38744',	'E031 - CDSP Gifts',	'E031 - CDSP Gifts',	'E031',	0,	1,	0,	18,	730,	288,	'2020-12-10',	NULL,	11,	11),
(57,	'EXNT-9830',	'E033 - Project Gifts',	'E033 - Project Gifts',	'E033',	0,	1,	0,	25,	740,	288,	'2020-12-10',	NULL,	11,	11),
(58,	'EXNT-4465',	'E032 - CSP Gifts',	'E032 - CSP Gifts',	'E032 ',	0,	1,	0,	50,	792,	288,	'2020-12-10',	NULL,	11,	11),
(59,	'EXNT-13935',	'E101 - AIDS Medical (HIV-MED)',	'E101 - AIDS Medical (HIV-MED)',	'E101',	0,	1,	0,	21,	733,	288,	'2020-12-10',	NULL,	11,	11),
(60,	'EXNT-46889',	'E102 - Disaster-Reimbursable (DAP)',	'E102 - Disaster-Reimbursable (DAP)',	'E102 ',	0,	1,	0,	19,	731,	288,	'2020-12-10',	NULL,	11,	11),
(61,	'EXNT-57929',	'E103 - Education-Ongoing (EDU)',	'E103 - Education-Ongoing (EDU)',	'E103',	0,	1,	0,	20,	732,	288,	'2020-12-10',	NULL,	11,	11),
(62,	'EXNT-16011',	'E104 - Highly Vulnerable Children- Child Protection (HVC-CPR)',	'E104 - Highly Vulnerable Children- Child Protection (HVC-CPR)',	'E104',	0,	1,	0,	26,	741,	288,	'2020-12-10',	NULL,	11,	11),
(63,	'EXNT-55230',	'E105 - Highly Vulnerable Children-Ongoing Support ( HVC-CDI)',	'E105 - Highly Vulnerable Children-Ongoing Support ( HVC-CDI)',	'E105 ',	0,	1,	0,	27,	742,	288,	'2020-12-10',	NULL,	11,	11),
(64,	'EXNT-65458',	'E106 - Medical-Ongoing (MED)',	'E106 - Medical-Ongoing (MED)',	'E106',	0,	1,	0,	28,	743,	288,	'2020-12-10',	NULL,	11,	11),
(65,	'EXNT-85042',	'E107 - Medical-Therapeutic Feeding Intervention (MED-TFI)',	'E107 - Medical-Therapeutic Feeding Intervention (MED-TFI)',	'E107',	0,	1,	0,	29,	744,	288,	'2020-12-10',	NULL,	11,	11),
(66,	'EXNT-17223',	'E201 - Income generation / Household Security (IGP)',	'E201 - Income generation / Household Security (IGP)',	'E201',	0,	1,	0,	30,	745,	288,	'2020-12-10',	NULL,	11,	11),
(67,	'EXNT-85751',	'E202 - Formal Education (EDU)',	'E202 - Formal Education (EDU)',	'E202 ',	0,	1,	0,	31,	746,	288,	'2020-12-10',	NULL,	11,	11),
(68,	'EXNT-59536',	'E203 - Health (HH)',	'E203 - Health (HH)',	'E203',	0,	1,	0,	32,	747,	288,	'2020-12-10',	NULL,	11,	11),
(69,	'EXNT-41488',	'E204 - HIV Education (HIV-EDU)',	'E204 - HIV Education (HIV-EDU)',	'E204 ',	0,	1,	0,	33,	748,	288,	'2020-12-10',	NULL,	11,	11),
(70,	'EXNT-71935',	'E205 - Infrastructure (IFP)',	'E205 - Infrastructure (IFP)',	'E205',	0,	1,	0,	34,	749,	288,	'2020-12-10',	NULL,	11,	11),
(71,	'EXNT-17596',	'E206 - Learning Materials (LMT)',	'E206 - Learning Materials (LMT)',	'E206',	0,	1,	0,	35,	750,	288,	'2020-12-10',	NULL,	11,	11),
(72,	'EXNT-31362',	'E207 - Major Medical (MED)',	'E207 - Major Medical (MED)',	'E207',	0,	1,	0,	36,	751,	288,	'2020-12-10',	NULL,	11,	11),
(73,	'EXNT-71085',	'E208 - Non-formal education (NFE) ',	'E208 - Non-formal education (NFE) ',	'E208',	0,	1,	0,	37,	752,	288,	'2020-12-10',	NULL,	11,	11),
(74,	'EXNT-40054',	'E209 - Parent Education (PED)',	'E209 - Parent Education (PED)',	'E209',	0,	1,	0,	38,	753,	288,	'2020-12-10',	NULL,	11,	11),
(75,	'EXNT-68256',	'E210 - Vector Borne Diseases (MIV) ',	'E210 - Vector Borne Diseases (MIV) ',	'E210',	0,	1,	0,	39,	754,	288,	'2020-12-10',	NULL,	11,	11),
(76,	'EXNT-2109',	'E211 - WaSH (WTP)',	'E211 - WaSH (WTP)',	'E211',	0,	1,	0,	40,	755,	288,	'2020-12-10',	NULL,	11,	11),
(77,	'EXNT-53651',	'E212 - Church Planting (CPT)',	'E212 - Church Planting (CPT)',	'E212',	0,	1,	0,	41,	756,	288,	'2020-12-10',	NULL,	11,	11),
(78,	'EXNT-17507',	'E213 - Disaster Response (DRF)',	'E213 - Disaster Response (DRF)',	'E213',	0,	1,	0,	42,	757,	288,	'2020-12-10',	NULL,	11,	11),
(79,	'EXNT-72089',	'E091 - Local Donation& Church Contribution',	'E091 - Local Donation& Church Contribution',	'E091',	0,	1,	1,	43,	758,	288,	'2020-12-10',	NULL,	11,	11),
(80,	'EXNT-75527',	'E092 - Parents Contribution',	'E092 - Parents Contribution',	'E092',	0,	1,	1,	44,	759,	288,	'2020-12-10',	NULL,	11,	11),
(81,	'EXNT-57132',	'E093 - Youth accounts',	'E093 - Youth accounts',	'E093',	0,	1,	1,	45,	760,	288,	'2020-12-10',	NULL,	11,	11),
(82,	'EXNT-44376',	'E094  Government',	'E094  Government',	'E094',	0,	1,	1,	46,	761,	288,	'2020-12-10',	NULL,	11,	11),
(83,	'EXNT-3426',	'E095  NGOs',	'E095  NGOs',	'E095',	0,	1,	1,	47,	762,	288,	'2020-12-10',	NULL,	11,	11),
(84,	'EXNT-85444',	'E096 - Project generated income (Child support /CIV)',	'E096 - Project generated income (Child support /CIV)',	'E096',	0,	1,	1,	48,	763,	288,	'2020-12-10',	NULL,	11,	11),
(85,	'EXNT-22615',	'E097 - Others ',	'E097 - Others ',	'E097',	0,	1,	1,	49,	764,	288,	'2020-12-10',	NULL,	11,	11),
(86,	'EXNT-71658',	'E99 - Support Funds Transfer',	'Support Funds Transfer',	'E99',	0,	1,	0,	1,	348,	285,	'2021-01-25',	NULL,	1,	1);

DROP TABLE IF EXISTS `expense_account_office_association`;
CREATE TABLE `expense_account_office_association` (
  `expense_account_office_association_id` int(100) NOT NULL AUTO_INCREMENT,
  `expense_account_office_association_name` varchar(100) NOT NULL,
  `expense_account_office_association_track_number` varchar(100) NOT NULL,
  `fk_expense_account_id` int(100) NOT NULL,
  `fk_office_id` int(100) NOT NULL,
  `expense_account_office_association_created_date` date NOT NULL,
  `expense_account_office_association_created_by` int(100) NOT NULL,
  `expense_account_office_association_last_modified_by` int(100) NOT NULL,
  `expense_account_office_association_last_modified_date` timestamp NOT NULL DEFAULT CURRENT_TIMESTAMP,
  `fk_status_id` int(11) DEFAULT NULL,
  `fk_approval_id` int(11) DEFAULT NULL,
  PRIMARY KEY (`expense_account_office_association_id`),
  KEY `fk_expense_account_id` (`fk_expense_account_id`),
  KEY `fk_office_id` (`fk_office_id`),
  CONSTRAINT `expense_account_office_association_ibfk_1` FOREIGN KEY (`fk_expense_account_id`) REFERENCES `expense_account` (`expense_account_id`),
  CONSTRAINT `expense_account_office_association_ibfk_2` FOREIGN KEY (`fk_office_id`) REFERENCES `office` (`office_id`)
) ENGINE=InnoDB DEFAULT CHARSET=latin1;

INSERT INTO `expense_account_office_association` (`expense_account_office_association_id`, `expense_account_office_association_name`, `expense_account_office_association_track_number`, `fk_expense_account_id`, `fk_office_id`, `expense_account_office_association_created_date`, `expense_account_office_association_created_by`, `expense_account_office_association_last_modified_by`, `expense_account_office_association_last_modified_date`, `fk_status_id`, `fk_approval_id`) VALUES
(1,	'Expense_account_office_association # EXON-73214',	'EXON-73214',	86,	36,	'2021-01-25',	1,	1,	'2021-01-25 11:43:42',	493,	348);

DROP TABLE IF EXISTS `financial_report`;
CREATE TABLE `financial_report` (
  `financial_report_id` int(100) NOT NULL AUTO_INCREMENT,
  `financial_report_track_number` varchar(100) NOT NULL,
  `financial_report_name` varchar(100) NOT NULL,
  `financial_report_month` date NOT NULL,
  `fk_office_id` int(100) NOT NULL,
  `financial_report_statement_date` date NOT NULL DEFAULT '0000-00-00',
  `financial_report_is_submitted` int(5) NOT NULL DEFAULT '0',
  `financial_report_created_date` date DEFAULT NULL,
  `financial_report_created_by` int(100) DEFAULT NULL,
  `financial_report_last_modified_by` int(100) DEFAULT NULL,
  `financial_report_last_modified_date` date DEFAULT NULL,
  `fk_approval_id` int(100) DEFAULT NULL,
  `fk_status_id` int(100) DEFAULT NULL,
  PRIMARY KEY (`financial_report_id`)
) ENGINE=InnoDB DEFAULT CHARSET=latin1;

INSERT INTO `financial_report` (`financial_report_id`, `financial_report_track_number`, `financial_report_name`, `financial_report_month`, `fk_office_id`, `financial_report_statement_date`, `financial_report_is_submitted`, `financial_report_created_date`, `financial_report_created_by`, `financial_report_last_modified_by`, `financial_report_last_modified_date`, `fk_approval_id`, `fk_status_id`) VALUES
(1,	'FIRT-61133',	'Financial_report # FIRT-7401',	'2020-12-01',	31,	'0000-00-00',	0,	'2020-12-16',	44,	44,	NULL,	2736,	0),
(2,	'FIRT-13143',	'Financial_report # FIRT-51697',	'2020-12-01',	28,	'0000-00-00',	1,	'2020-12-16',	38,	38,	NULL,	2799,	0),
(3,	'FIRT-80553',	'Financial_report # FIRT-5509',	'2020-12-01',	24,	'0000-00-00',	1,	'2020-12-16',	27,	27,	NULL,	2804,	0),
(4,	'FIRT-11619',	'Financial_report # FIRT-12277',	'2020-12-01',	25,	'0000-00-00',	1,	'2020-12-16',	30,	30,	NULL,	2809,	0),
(5,	'FIRT-27186',	'Financial_report # FIRT-44025',	'2020-12-01',	19,	'0000-00-00',	0,	'2020-12-16',	13,	13,	NULL,	2814,	0),
(6,	'FIRT-71171',	'Financial_report # FIRT-60024',	'2020-12-01',	20,	'0000-00-00',	1,	'2020-12-16',	16,	16,	NULL,	2819,	0),
(7,	'FIRT-10267',	'Financial_report # FIRT-17130',	'2020-12-01',	27,	'0000-00-00',	1,	'2020-12-16',	37,	37,	NULL,	2824,	0),
(8,	'FIRT-83063',	'Financial_report # FIRT-85783',	'2020-12-01',	22,	'0000-00-00',	1,	'2020-12-16',	22,	22,	NULL,	2838,	0),
(9,	'FIRT-17371',	'Financial_report # FIRT-66070',	'2020-12-01',	21,	'0000-00-00',	1,	'2020-12-16',	19,	19,	NULL,	2843,	0),
(10,	'FIRT-1192',	'Financial_report # FIRT-52890',	'2020-12-01',	26,	'0000-00-00',	0,	'2020-12-16',	34,	34,	NULL,	2854,	0),
(11,	'FIRT-43594',	'Financial_report # FIRT-73339',	'2020-12-01',	23,	'0000-00-00',	1,	'2020-12-16',	24,	24,	NULL,	2862,	0),
(12,	'FIRT-49776',	'Financial_report # FIRT-87474',	'2021-01-01',	24,	'0000-00-00',	0,	'2020-12-17',	27,	27,	NULL,	3405,	463),
(13,	'FIRT-77786',	'Financial_report # FIRT-10766',	'2021-01-01',	23,	'0000-00-00',	0,	'2020-12-17',	24,	24,	NULL,	3410,	463),
(14,	'FIRT-21623',	'Financial_report # FIRT-69836',	'2021-01-01',	22,	'0000-00-00',	0,	'2020-12-17',	23,	23,	NULL,	3414,	463),
(15,	'FIRT-69315',	'Financial_report # FIRT-22048',	'2021-01-01',	25,	'0000-00-00',	0,	'2020-12-17',	30,	30,	NULL,	3419,	463),
(16,	'FIRT-24321',	'Financial_report # FIRT-69001',	'2021-01-01',	20,	'0000-00-00',	0,	'2020-12-17',	16,	16,	NULL,	3423,	463),
(17,	'FIRT-33765',	'Financial_report # FIRT-17510',	'2021-01-01',	28,	'0000-00-00',	0,	'2020-12-17',	39,	39,	NULL,	3432,	463),
(18,	'FIRT-5854',	'Financial_report # FIRT-89236',	'2021-01-01',	21,	'0000-00-00',	1,	'2020-12-17',	18,	18,	NULL,	3440,	463),
(19,	'FIRT-36851',	'Financial_report # FIRT-57537',	'2021-02-01',	21,	'0000-00-00',	0,	'2020-12-22',	19,	19,	NULL,	3638,	463),
(20,	'FIRT-78670',	'Financial_report # FIRT-69291',	'2020-12-01',	14,	'0000-00-00',	0,	'2021-01-25',	10,	10,	NULL,	3668,	461),
(21,	'FIRT-12968',	'Financial_report # FIRT-39057',	'2021-01-01',	36,	'0000-00-00',	0,	'2021-01-25',	50,	50,	NULL,	3699,	461),
(22,	'FIRT-33437',	'Financial_report # FIRT-12907',	'2021-01-01',	27,	'0000-00-00',	0,	'2021-01-26',	35,	35,	NULL,	3725,	463);

DROP TABLE IF EXISTS `funder`;
CREATE TABLE `funder` (
  `funder_id` int(100) NOT NULL AUTO_INCREMENT,
  `funder_track_number` varchar(100) DEFAULT NULL,
  `funder_name` varchar(45) DEFAULT NULL,
  `funder_description` varchar(45) DEFAULT NULL,
  `fk_account_system_id` int(100) DEFAULT NULL,
  `funder_created_date` date DEFAULT NULL,
  `funder_last_modified_date` date DEFAULT NULL,
  `funder_created_by` int(100) DEFAULT NULL,
  `funder_last_modified_by` int(100) DEFAULT NULL,
  `funder_deleted_at` datetime DEFAULT NULL,
  `fk_approval_id` int(100) DEFAULT NULL,
  `fk_status_id` int(100) DEFAULT NULL,
  PRIMARY KEY (`funder_id`)
) ENGINE=InnoDB DEFAULT CHARSET=latin1 COMMENT='This table holds donor (funders) bio-information';

INSERT INTO `funder` (`funder_id`, `funder_track_number`, `funder_name`, `funder_description`, `fk_account_system_id`, `funder_created_date`, `funder_last_modified_date`, `funder_created_by`, `funder_last_modified_by`, `funder_deleted_at`, `fk_approval_id`, `fk_status_id`) VALUES
(1,	'FUER-42346',	'Compassion International',	'Compassion International',	3,	'2020-08-21',	NULL,	3,	3,	NULL,	354,	31),
(2,	'FUER-75334',	'Compassion International',	'Compassion International',	4,	'2020-08-25',	NULL,	4,	4,	NULL,	364,	31),
(3,	'FUER-82609',	'Citam Missions',	'Citam Missions',	3,	'2020-11-03',	NULL,	5,	5,	NULL,	584,	31),
(4,	'FUER-71970',	'Local Donation',	'Local donation',	3,	'2020-11-04',	NULL,	8,	8,	NULL,	604,	31);

DROP TABLE IF EXISTS `funding_status`;
CREATE TABLE `funding_status` (
  `funding_status_id` int(100) NOT NULL AUTO_INCREMENT,
  `funding_status_track_number` varchar(100) DEFAULT NULL,
  `funding_status_name` varchar(100) DEFAULT NULL,
  `funding_status_is_active` int(5) DEFAULT NULL,
  `fk_account_system_id` int(100) DEFAULT NULL,
  `funding_status_created_date` date DEFAULT NULL,
  `funding_status_created_by` int(100) DEFAULT NULL,
  `funding_status_last_modified_by` int(100) DEFAULT NULL,
  `funding_status_last_modified_date` date DEFAULT NULL,
  `funding_status_is_available` int(5) NOT NULL DEFAULT '0',
  `fk_approval_id` int(100) DEFAULT NULL,
  `fk_status_id` int(100) DEFAULT NULL,
  PRIMARY KEY (`funding_status_id`)
) ENGINE=InnoDB DEFAULT CHARSET=latin1;

INSERT INTO `funding_status` (`funding_status_id`, `funding_status_track_number`, `funding_status_name`, `funding_status_is_active`, `fk_account_system_id`, `funding_status_created_date`, `funding_status_created_by`, `funding_status_last_modified_by`, `funding_status_last_modified_date`, `funding_status_is_available`, `fk_approval_id`, `fk_status_id`) VALUES
(1,	'FUUS-47846',	'Fully Funded',	1,	3,	'2020-08-21',	3,	3,	NULL,	1,	357,	32),
(2,	'FUUS-25835',	'Fully Funded',	1,	4,	'2020-08-25',	4,	4,	NULL,	1,	365,	32);

DROP TABLE IF EXISTS `history`;
CREATE TABLE `history` (
  `history_id` int(100) NOT NULL AUTO_INCREMENT,
  `reference_table` varchar(45) DEFAULT NULL,
  `user_id` varchar(45) DEFAULT NULL,
  `table_action` varchar(45) DEFAULT NULL,
  `history_created_date` date DEFAULT NULL,
  `history_created_by` int(100) DEFAULT NULL,
  `history_last_modified_by` int(100) DEFAULT NULL,
  `history_last_modified_date` date DEFAULT NULL,
  `fk_approval_id` int(100) DEFAULT NULL,
  `fk_status_id` int(100) DEFAULT NULL,
  PRIMARY KEY (`history_id`)
) ENGINE=InnoDB DEFAULT CHARSET=latin1;


DROP TABLE IF EXISTS `income_account`;
CREATE TABLE `income_account` (
  `income_account_id` int(11) NOT NULL AUTO_INCREMENT,
  `income_account_track_number` varchar(100) NOT NULL,
  `income_account_name` varchar(100) NOT NULL,
  `income_account_description` varchar(100) DEFAULT NULL,
  `income_account_code` varchar(10) DEFAULT NULL,
  `income_account_is_active` int(5) DEFAULT NULL,
  `income_account_is_budgeted` int(5) DEFAULT NULL,
  `income_account_is_donor_funded` int(5) DEFAULT NULL,
  `fk_account_system_id` int(100) DEFAULT NULL,
  `income_account_created_date` date DEFAULT NULL,
  `income_account_last_modified_date` date DEFAULT NULL,
  `income_account_created_by` int(100) DEFAULT NULL,
  `income_account_last_modified_by` int(100) DEFAULT NULL,
  `fk_approval_id` int(100) DEFAULT NULL,
  `fk_status_id` int(100) DEFAULT NULL,
  PRIMARY KEY (`income_account_id`),
  KEY `fk_account_system_id` (`fk_account_system_id`),
  CONSTRAINT `income_account_ibfk_1` FOREIGN KEY (`fk_account_system_id`) REFERENCES `account_system` (`account_system_id`)
) ENGINE=InnoDB DEFAULT CHARSET=latin1 COMMENT='This table contains the income accounts. ';

INSERT INTO `income_account` (`income_account_id`, `income_account_track_number`, `income_account_name`, `income_account_description`, `income_account_code`, `income_account_is_active`, `income_account_is_budgeted`, `income_account_is_donor_funded`, `fk_account_system_id`, `income_account_created_date`, `income_account_last_modified_date`, `income_account_created_by`, `income_account_last_modified_by`, `fk_approval_id`, `fk_status_id`) VALUES
(1,	'INNT-59040',	'R100 - Child Support ',	'Child Support ',	'R100',	1,	1,	0,	3,	'2020-08-21',	NULL,	3,	3,	348,	34),
(2,	'INNT-9723',	'R200 - Gifts',	'Gifts',	'R200',	1,	0,	0,	3,	'2020-08-21',	NULL,	3,	3,	350,	34),
(3,	'INNT-71290',	'R010 - CDSP Support',	'Support Fund Income',	'R010',	1,	1,	0,	4,	'2020-09-01',	NULL,	4,	4,	447,	34),
(4,	'INNT-63752',	'R330 - HVC',	'Highly Vulnerable Children',	'R330',	1,	0,	0,	3,	'2020-11-03',	NULL,	5,	5,	544,	34),
(5,	'INNT-17165',	'R351 - Survival Intervention',	'Survival Intervention',	'R351',	1,	1,	0,	3,	'2020-11-03',	NULL,	5,	5,	545,	34),
(6,	'INNT-50930',	'R410 - HIV/AIDS ARV Support',	'HIV/AIDS ARV Support',	'R410',	1,	1,	0,	3,	'2020-11-03',	NULL,	5,	5,	546,	34),
(7,	'INNT-16228',	'R415 - HIV/AIDS Caregivers and siblings (CGS)',	'HIV/AIDS Caregivers and siblings (CGS)',	'R415',	1,	1,	0,	3,	'2020-11-03',	NULL,	5,	5,	547,	34),
(8,	'INNT-23810',	'R425 - HIV/AIDS Education',	'HIV/AIDS Education',	'R425',	1,	1,	0,	3,	'2020-11-03',	NULL,	5,	5,	548,	34),
(9,	'INNT-53296',	'R510 - Parents Contribution',	'Parents Contribution',	'R510',	1,	1,	0,	3,	'2020-11-03',	NULL,	5,	5,	549,	34),
(10,	'INNT-53658',	'R515 - CDC IGA',	'CDC IGA',	'R515',	1,	1,	0,	3,	'2020-11-03',	NULL,	5,	5,	550,	34),
(11,	'INNT-64435',	'R520 - Local Donations and Church contributions',	'Local Donations and Church contributions',	'R520',	1,	0,	0,	3,	'2020-11-03',	NULL,	5,	5,	551,	34),
(12,	'INNT-46382',	'R320 - Medical Refund and Grant',	'Medical Refund and Grant',	'R320',	1,	0,	0,	3,	'2020-11-03',	NULL,	5,	5,	552,	34),
(13,	'INNT-58524',	'R352 - Survival Launch Fund',	'Survival Launch Fund',	'R352',	1,	1,	0,	3,	'2020-11-03',	NULL,	5,	5,	553,	34),
(14,	'INNT-23810',	'R370 - Sponsorship Launch Fund',	'Sponsorship Launch Fund',	'R370',	1,	1,	0,	3,	'2020-11-03',	NULL,	5,	5,	554,	34),
(15,	'INNT-41633',	'R360 - Inter Partner Funds Transfer',	'Inter Partner Funds Transfer',	'R360',	1,	0,	0,	3,	'2020-11-03',	NULL,	5,	5,	555,	34),
(16,	'INNT-66329',	'R020 - Survival Support',	'R020 - Survival Support',	'R020',	1,	1,	0,	4,	'2020-12-09',	NULL,	11,	11,	728,	284),
(18,	'INNT-23586',	'R031 - CDSP Beneficiary Gifts',	'R031 - CDSP Beneficiary Gifts',	'R031',	1,	0,	0,	4,	'2020-12-09',	NULL,	11,	11,	730,	284),
(19,	'INNT-72943',	'R102 - Disaster - Reimbursable (DAP)',	'R102 - Disaster-Reimbursable (DAP)',	'R102',	1,	0,	0,	4,	'2020-12-09',	NULL,	11,	11,	731,	284),
(20,	'INNT-81394',	'R103 - Education-Ongoing (EDU)',	'R103 - Education-Ongoing (EDU)',	'R103',	1,	0,	0,	4,	'2020-12-09',	NULL,	11,	11,	732,	284),
(21,	'INNT-88388',	'R101 - AIDS Medical (HIV-MED)',	'R101 - AIDS Medical (HIV-MED)',	'R101',	1,	0,	0,	4,	'2020-12-09',	NULL,	11,	11,	733,	284),
(22,	'INNT-27408',	'R070 - Highly Vulnerable Children (HVC)',	'R070 - Highly Vulnerable Children (HVC)',	'R070',	1,	0,	0,	4,	'2020-12-09',	NULL,	11,	11,	734,	284),
(23,	'INNT-7833',	'R080 - Medical (HH)',	'R080 - Medical (HH)',	'R080',	1,	0,	0,	4,	'2020-12-09',	NULL,	11,	11,	735,	284),
(24,	'INNT-25031',	'R099 - Non- Compassion Funds',	'R099 - Non- Compassion Funds',	'R099',	1,	1,	0,	4,	'2020-12-09',	NULL,	11,	11,	736,	284),
(25,	'INNT-78091',	'R033 - Project Gifts',	'R033 - Project Gifts',	'R033',	1,	0,	0,	4,	'2020-12-10',	NULL,	11,	11,	740,	284),
(26,	'INNT-46263',	'R104 - Highly Vulnerable Children- Child Protection (HVC-CPR)',	'R104 - Highly Vulnerable Children- Child Protection (HVC-CPR)',	'R104',	1,	0,	0,	4,	'2020-12-10',	NULL,	11,	11,	741,	284),
(27,	'INNT-22844',	'R105 - Highly Vulnerable Children-Ongoing Support (HVC-CDI)',	'R105 - Highly Vulnerable Children-Ongoing Support (HVC-CDI)',	'R105',	1,	0,	0,	4,	'2020-12-10',	NULL,	11,	11,	742,	284),
(28,	'INNT-75501',	'R106 - Medical-Ongoing (MED)',	'R106 - Medical-Ongoing (MED)',	'R106',	1,	0,	0,	4,	'2020-12-10',	NULL,	11,	11,	743,	284),
(29,	'INNT-14540',	'R107 - Medical-Therapeutic Feeding Intervention (MED-TFI)',	'R107 - Medical-Therapeutic Feeding Intervention (MED-TFI)',	'R107',	1,	0,	0,	4,	'2020-12-10',	NULL,	11,	11,	744,	284),
(30,	'INNT-66623',	'R201 - Income generation / Household Security (IGP)',	'R201 - Income generation / Household Security (IGP)',	'R201',	1,	0,	0,	4,	'2020-12-10',	NULL,	11,	11,	745,	284),
(31,	'INNT-40418',	'R202 - Formal Education (EDU)',	'R202 - Formal Education (EDU)',	'R202',	1,	0,	0,	4,	'2020-12-10',	NULL,	11,	11,	746,	284),
(32,	'INNT-12771',	'R203 - Health (HH)',	'R203 - Health (HH)',	'R203',	1,	0,	0,	4,	'2020-12-10',	NULL,	11,	11,	747,	284),
(33,	'INNT-51370',	'R204 - HIV Education (HIV-EDU)',	'R204 - HIV Education (HIV-EDU)',	'R204',	1,	0,	0,	4,	'2020-12-10',	NULL,	11,	11,	748,	284),
(34,	'INNT-19847',	'R205 - Infrastructure (IFP)',	'R205 - Infrastructure (IFP)',	'R205',	1,	0,	0,	4,	'2020-12-10',	NULL,	11,	11,	749,	284),
(35,	'INNT-17048',	'R206 - Learning Materials (LMT)',	'R206 - Learning Materials (LMT)',	'R206',	1,	0,	0,	4,	'2020-12-10',	NULL,	11,	11,	750,	284),
(36,	'INNT-5790',	'R207 - Major Medical (MED)',	'R207 - Major Medical (MED)',	'R207',	1,	0,	0,	4,	'2020-12-10',	NULL,	11,	11,	751,	284),
(37,	'INNT-83501',	'R208 - Non-formal education (NFE) ',	'R208 - Non-formal education (NFE) ',	'R208',	1,	0,	0,	4,	'2020-12-10',	NULL,	11,	11,	752,	284),
(38,	'INNT-46475',	'R209 - Parent Education (PED)',	'R209 - Parent Education (PED)',	'R209',	1,	0,	0,	4,	'2020-12-10',	NULL,	11,	11,	753,	284),
(39,	'INNT-23106',	'R210 - Vector Borne Diseases (MIV) ',	'R210 - Vector Borne Diseases (MIV) ',	'R210',	1,	0,	0,	4,	'2020-12-10',	NULL,	11,	11,	754,	284),
(40,	'INNT-9665',	'R211 - WaSH (WTP)',	'R211 - WaSH (WTP)',	'R211',	1,	0,	0,	4,	'2020-12-10',	NULL,	11,	11,	755,	284),
(41,	'INNT-87110',	'R212 - Church Planting (CPT)',	'R212 - Church Planting (CPT)',	'R212',	1,	0,	0,	4,	'2020-12-10',	NULL,	11,	11,	756,	284),
(42,	'INNT-35945',	'R213 - Disaster Response (DRF)',	'R213 - Disaster Response (DRF)',	'R213',	1,	0,	0,	4,	'2020-12-10',	NULL,	11,	11,	757,	284),
(43,	'INNT-19096',	'R91 - Church contribution ',	'R91 - Church contribution ',	'R91',	1,	0,	0,	4,	'2020-12-10',	NULL,	11,	11,	758,	284),
(44,	'INNT-58912',	'R92 - Caregivers contribution ',	'R92 - Caregivers contribution ',	'R92',	1,	0,	0,	4,	'2020-12-10',	NULL,	11,	11,	759,	284),
(45,	'INNT-82888',	'R93 - Youth accounts',	'R93 - Youth accounts',	'R93',	1,	0,	0,	4,	'2020-12-10',	NULL,	11,	11,	760,	284),
(46,	'INNT-65005',	'R94  Government',	'R94  Government',	'R94',	1,	0,	0,	4,	'2020-12-10',	NULL,	11,	11,	761,	284),
(47,	'INNT-14571',	'R95  NGOs',	'R95  NGOs',	'R95',	1,	0,	0,	4,	'2020-12-10',	NULL,	11,	11,	762,	284),
(48,	'INNT-88989',	'R96 - Project generated income (Child support /CIV)',	'R96 - Project generated income (Child support /CIV)',	'R96',	1,	0,	0,	4,	'2020-12-10',	NULL,	11,	11,	763,	284),
(49,	'INNT-73767',	'R97 - Others ',	'R97 - Others ',	'R97',	1,	0,	0,	4,	'2020-12-10',	NULL,	11,	11,	764,	284),
(50,	'INNT-53609',	'R032 - CSP Beneficiary Gift',	'R032 - CSP Beneficiary Gift',	'R032',	1,	0,	0,	4,	'2020-12-10',	NULL,	11,	11,	792,	284);

DROP TABLE IF EXISTS `journal`;
CREATE TABLE `journal` (
  `journal_id` int(11) NOT NULL AUTO_INCREMENT,
  `journal_track_number` varchar(100) NOT NULL,
  `journal_name` varchar(100) NOT NULL,
  `journal_month` date NOT NULL,
  `fk_office_id` int(100) NOT NULL,
  `journal_created_date` date DEFAULT NULL,
  `journal_created_by` int(100) DEFAULT NULL,
  `journal_last_modified_by` int(100) DEFAULT NULL,
  `journal_last_modified_date` timestamp NOT NULL DEFAULT '0000-00-00 00:00:00' ON UPDATE CURRENT_TIMESTAMP,
  `fk_approval_id` int(100) DEFAULT NULL,
  `fk_status_id` int(100) DEFAULT NULL,
  PRIMARY KEY (`journal_id`)
) ENGINE=InnoDB DEFAULT CHARSET=latin1;

INSERT INTO `journal` (`journal_id`, `journal_track_number`, `journal_name`, `journal_month`, `fk_office_id`, `journal_created_date`, `journal_created_by`, `journal_last_modified_by`, `journal_last_modified_date`, `fk_approval_id`, `fk_status_id`) VALUES
(1,	'JOAL-12732',	'Journal for the month of 2020-12-01',	'2020-12-01',	31,	'2020-12-16',	44,	44,	'0000-00-00 00:00:00',	2735,	0),
(2,	'JOAL-52578',	'Journal for the month of 2020-12-01',	'2020-12-01',	28,	'2020-12-16',	38,	38,	'0000-00-00 00:00:00',	2798,	456),
(3,	'JOAL-47500',	'Journal for the month of 2020-12-01',	'2020-12-01',	24,	'2020-12-16',	27,	27,	'0000-00-00 00:00:00',	2803,	456),
(4,	'JOAL-74659',	'Journal for the month of 2020-12-01',	'2020-12-01',	25,	'2020-12-16',	30,	30,	'0000-00-00 00:00:00',	2808,	456),
(5,	'JOAL-38305',	'Journal for the month of 2020-12-01',	'2020-12-01',	19,	'2020-12-16',	13,	13,	'0000-00-00 00:00:00',	2813,	456),
(6,	'JOAL-37256',	'Journal for the month of 2020-12-01',	'2020-12-01',	20,	'2020-12-16',	16,	16,	'0000-00-00 00:00:00',	2818,	456),
(7,	'JOAL-71048',	'Journal for the month of 2020-12-01',	'2020-12-01',	27,	'2020-12-16',	37,	37,	'0000-00-00 00:00:00',	2823,	456),
(8,	'JOAL-65720',	'Journal for the month of 2020-12-01',	'2020-12-01',	22,	'2020-12-16',	22,	22,	'0000-00-00 00:00:00',	2837,	456),
(9,	'JOAL-19382',	'Journal for the month of 2020-12-01',	'2020-12-01',	21,	'2020-12-16',	19,	19,	'0000-00-00 00:00:00',	2842,	456),
(10,	'JOAL-43929',	'Journal for the month of 2020-12-01',	'2020-12-01',	26,	'2020-12-16',	34,	34,	'0000-00-00 00:00:00',	2853,	456),
(11,	'JOAL-54519',	'Journal for the month of 2020-12-01',	'2020-12-01',	23,	'2020-12-16',	24,	24,	'0000-00-00 00:00:00',	2861,	456),
(12,	'JOAL-59209',	'Journal for the month of 2021-01-01',	'2021-01-01',	24,	'2020-12-17',	27,	27,	'0000-00-00 00:00:00',	3404,	456),
(13,	'JOAL-12570',	'Journal for the month of 2021-01-01',	'2021-01-01',	23,	'2020-12-17',	24,	24,	'0000-00-00 00:00:00',	3409,	456),
(14,	'JOAL-7846',	'Journal for the month of 2021-01-01',	'2021-01-01',	22,	'2020-12-17',	23,	23,	'0000-00-00 00:00:00',	3413,	456),
(15,	'JOAL-65313',	'Journal for the month of 2021-01-01',	'2021-01-01',	25,	'2020-12-17',	30,	30,	'0000-00-00 00:00:00',	3418,	456),
(16,	'JOAL-89128',	'Journal for the month of 2021-01-01',	'2021-01-01',	20,	'2020-12-17',	16,	16,	'0000-00-00 00:00:00',	3422,	456),
(17,	'JOAL-35581',	'Journal for the month of 2021-01-01',	'2021-01-01',	28,	'2020-12-17',	39,	39,	'0000-00-00 00:00:00',	3431,	456),
(18,	'JOAL-37764',	'Journal for the month of 2021-01-01',	'2021-01-01',	21,	'2020-12-17',	18,	18,	'0000-00-00 00:00:00',	3439,	456),
(19,	'JOAL-19386',	'Journal for the month of 2021-02-01',	'2021-02-01',	21,	'2020-12-22',	19,	19,	'0000-00-00 00:00:00',	3637,	456),
(20,	'JOAL-53553',	'Journal for the month of 2020-12-01',	'2020-12-01',	14,	'2021-01-25',	10,	10,	'0000-00-00 00:00:00',	3667,	454),
(21,	'JOAL-58896',	'Journal for the month of 2021-01-01',	'2021-01-01',	36,	'2021-01-25',	50,	50,	'0000-00-00 00:00:00',	3698,	454),
(22,	'JOAL-54459',	'Journal for the month of 2021-01-01',	'2021-01-01',	27,	'2021-01-26',	35,	35,	'0000-00-00 00:00:00',	3724,	456);

DROP TABLE IF EXISTS `language`;
CREATE TABLE `language` (
  `language_id` int(100) NOT NULL AUTO_INCREMENT,
  `language_track_number` varchar(100) NOT NULL,
  `language_name` varchar(100) DEFAULT NULL,
  `language_code` varchar(10) DEFAULT NULL,
  `language_created_date` date DEFAULT NULL,
  `language_last_modified_date` timestamp NOT NULL DEFAULT CURRENT_TIMESTAMP,
  `language_deleted_at` date DEFAULT NULL,
  `language_created_by` int(100) DEFAULT NULL,
  `language_last_modified_by` int(100) DEFAULT NULL,
  `fk_approval_id` int(100) DEFAULT NULL,
  `fk_status_id` int(100) DEFAULT NULL,
  PRIMARY KEY (`language_id`)
) ENGINE=InnoDB DEFAULT CHARSET=latin1;

INSERT INTO `language` (`language_id`, `language_track_number`, `language_name`, `language_code`, `language_created_date`, `language_last_modified_date`, `language_deleted_at`, `language_created_by`, `language_last_modified_by`, `fk_approval_id`, `fk_status_id`) VALUES
(1,	'LAGE-42234',	'English',	'en',	'2020-08-20',	'2020-08-20 12:01:49',	NULL,	1,	1,	10,	0);

DROP TABLE IF EXISTS `language_phrase`;
CREATE TABLE `language_phrase` (
  `language_phrase_id` int(11) NOT NULL AUTO_INCREMENT,
  `phrase` longtext,
  `created_date` date DEFAULT NULL,
  `last_modified_date` date DEFAULT NULL,
  `deleted_date` date DEFAULT NULL,
  `created_by` int(100) DEFAULT NULL,
  `last_modified_by` int(100) DEFAULT NULL,
  `language_phrase_created_date` date DEFAULT NULL,
  `language_phrase_created_by` int(100) DEFAULT NULL,
  `language_phrase_last_modified_by` int(100) DEFAULT NULL,
  `language_phrase_last_modified_date` date DEFAULT NULL,
  `fk_approval_id` int(100) DEFAULT NULL,
  `fk_status_id` int(100) DEFAULT NULL,
  PRIMARY KEY (`language_phrase_id`)
) ENGINE=InnoDB DEFAULT CHARSET=latin1;


DROP TABLE IF EXISTS `menu`;
CREATE TABLE `menu` (
  `menu_id` int(100) NOT NULL AUTO_INCREMENT,
  `menu_name` varchar(100) DEFAULT NULL,
  `menu_derivative_controller` varchar(100) DEFAULT NULL,
  `menu_is_active` int(5) NOT NULL DEFAULT '1',
  `menu_created_date` date DEFAULT NULL,
  `menu_last_modified_date` timestamp NOT NULL DEFAULT CURRENT_TIMESTAMP,
  `menu_created_by` int(100) DEFAULT NULL,
  `menu_last_modified_by` int(100) DEFAULT NULL,
  `fk_approval_id` int(100) DEFAULT NULL,
  `fk_status_id` int(100) DEFAULT NULL,
  PRIMARY KEY (`menu_id`),
  UNIQUE KEY `menu_derivative_controller` (`menu_derivative_controller`)
) ENGINE=InnoDB DEFAULT CHARSET=latin1;

INSERT INTO `menu` (`menu_id`, `menu_name`, `menu_derivative_controller`, `menu_is_active`, `menu_created_date`, `menu_last_modified_date`, `menu_created_by`, `menu_last_modified_by`, `fk_approval_id`, `fk_status_id`) VALUES
(1,	'Account_system',	'Account_system',	1,	NULL,	'2020-08-20 12:07:18',	NULL,	NULL,	NULL,	NULL),
(2,	'Approval',	'Approval',	1,	NULL,	'2020-08-20 12:07:18',	NULL,	NULL,	NULL,	NULL),
(3,	'Approval_flow',	'Approval_flow',	1,	NULL,	'2020-08-20 12:07:18',	NULL,	NULL,	NULL,	NULL),
(4,	'Approve_item',	'Approve_item',	1,	NULL,	'2020-08-20 12:07:19',	NULL,	NULL,	NULL,	NULL),
(5,	'Bank',	'Bank',	1,	NULL,	'2020-08-20 12:07:19',	NULL,	NULL,	NULL,	NULL),
(6,	'Budget',	'Budget',	1,	NULL,	'2020-08-20 12:07:19',	NULL,	NULL,	NULL,	NULL),
(7,	'Budget_item',	'Budget_item',	0,	NULL,	'2020-08-20 12:07:19',	NULL,	NULL,	NULL,	NULL),
(8,	'Context_center',	'Context_center',	1,	NULL,	'2020-08-20 12:07:19',	NULL,	NULL,	NULL,	NULL),
(9,	'Context_center_user',	'Context_center_user',	1,	NULL,	'2020-08-20 12:07:19',	NULL,	NULL,	NULL,	NULL),
(10,	'Context_cluster',	'Context_cluster',	1,	NULL,	'2020-08-20 12:07:19',	NULL,	NULL,	NULL,	NULL),
(11,	'Context_cluster_user',	'Context_cluster_user',	1,	NULL,	'2020-08-20 12:07:19',	NULL,	NULL,	NULL,	NULL),
(12,	'Context_cohort',	'Context_cohort',	1,	NULL,	'2020-08-20 12:07:19',	NULL,	NULL,	NULL,	NULL),
(13,	'Context_cohort_user',	'Context_cohort_user',	1,	NULL,	'2020-08-20 12:07:19',	NULL,	NULL,	NULL,	NULL),
(14,	'Context_country',	'Context_country',	1,	NULL,	'2020-08-20 12:07:19',	NULL,	NULL,	NULL,	NULL),
(15,	'Context_country_user',	'Context_country_user',	1,	NULL,	'2020-08-20 12:07:19',	NULL,	NULL,	NULL,	NULL),
(16,	'Context_definition',	'Context_definition',	1,	NULL,	'2020-08-20 12:07:19',	NULL,	NULL,	NULL,	NULL),
(17,	'Context_global',	'Context_global',	1,	NULL,	'2020-08-20 12:07:19',	NULL,	NULL,	NULL,	NULL),
(18,	'Context_global_user',	'Context_global_user',	1,	NULL,	'2020-08-20 12:07:19',	NULL,	NULL,	NULL,	NULL),
(21,	'Contra_account',	'Contra_account',	1,	NULL,	'2020-08-20 12:07:19',	NULL,	NULL,	NULL,	NULL),
(22,	'Country_currency',	'Country_currency',	1,	NULL,	'2020-08-20 12:07:19',	NULL,	NULL,	NULL,	NULL),
(23,	'Currency_conversion',	'Currency_conversion',	1,	NULL,	'2020-08-20 12:07:19',	NULL,	NULL,	NULL,	NULL),
(24,	'Dashboard',	'Dashboard',	1,	NULL,	'2020-08-20 12:07:19',	NULL,	NULL,	NULL,	NULL),
(25,	'Department',	'Department',	1,	NULL,	'2020-08-20 12:07:20',	NULL,	NULL,	NULL,	NULL),
(26,	'Designation',	'Designation',	1,	NULL,	'2020-08-20 12:07:20',	NULL,	NULL,	NULL,	NULL),
(27,	'Expense_account',	'Expense_account',	1,	NULL,	'2020-08-20 12:07:20',	NULL,	NULL,	NULL,	NULL),
(28,	'Financial_report',	'Financial_report',	1,	NULL,	'2020-08-20 12:07:20',	NULL,	NULL,	NULL,	NULL),
(29,	'Funder',	'Funder',	1,	NULL,	'2020-08-20 12:07:20',	NULL,	NULL,	NULL,	NULL),
(30,	'Funding_status',	'Funding_status',	1,	NULL,	'2020-08-20 12:07:20',	NULL,	NULL,	NULL,	NULL),
(31,	'History',	'History',	1,	NULL,	'2020-08-20 12:07:20',	NULL,	NULL,	NULL,	NULL),
(32,	'Income_account',	'Income_account',	1,	NULL,	'2020-08-20 12:07:20',	NULL,	NULL,	NULL,	NULL),
(33,	'Journal',	'Journal',	1,	NULL,	'2020-08-20 12:07:20',	NULL,	NULL,	NULL,	NULL),
(34,	'Language',	'Language',	1,	NULL,	'2020-08-20 12:07:20',	NULL,	NULL,	NULL,	NULL),
(35,	'Language_phrase',	'Language_phrase',	1,	NULL,	'2020-08-20 12:07:20',	NULL,	NULL,	NULL,	NULL),
(36,	'Menu_user_order',	'Menu_user_order',	1,	NULL,	'2020-08-20 12:07:20',	NULL,	NULL,	NULL,	NULL),
(37,	'Month',	'Month',	1,	NULL,	'2020-08-20 12:07:20',	NULL,	NULL,	NULL,	NULL),
(38,	'Office',	'Office',	1,	NULL,	'2020-08-20 12:07:20',	NULL,	NULL,	NULL,	NULL),
(39,	'Office_bank',	'Office_bank',	1,	NULL,	'2020-08-20 12:07:20',	NULL,	NULL,	NULL,	NULL),
(40,	'Office_bank_project_allocation',	'Office_bank_project_allocation',	1,	NULL,	'2020-08-20 12:07:20',	NULL,	NULL,	NULL,	NULL),
(41,	'Office_cash',	'Office_cash',	1,	NULL,	'2020-08-20 12:07:20',	NULL,	NULL,	NULL,	NULL),
(42,	'Opening_bank_balance',	'Opening_bank_balance',	1,	NULL,	'2020-08-20 12:07:20',	NULL,	NULL,	NULL,	NULL),
(43,	'Page_view',	'Page_view',	1,	NULL,	'2020-08-20 12:07:20',	NULL,	NULL,	NULL,	NULL),
(44,	'Permission_label',	'Permission_label',	1,	NULL,	'2020-08-20 12:07:20',	NULL,	NULL,	NULL,	NULL),
(45,	'Project',	'Project',	0,	NULL,	'2020-08-20 12:07:20',	NULL,	NULL,	NULL,	NULL),
(46,	'Project_allocation',	'Project_allocation',	0,	NULL,	'2020-08-20 12:07:20',	NULL,	NULL,	NULL,	NULL),
(47,	'Project_cost_proportion',	'Project_cost_proportion',	1,	NULL,	'2020-08-20 12:07:20',	NULL,	NULL,	NULL,	NULL),
(48,	'Project_income_account',	'Project_income_account',	1,	NULL,	'2020-08-20 12:07:20',	NULL,	NULL,	NULL,	NULL),
(49,	'Request',	'Request',	1,	NULL,	'2020-08-20 12:07:20',	NULL,	NULL,	NULL,	NULL),
(50,	'Request_conversion',	'Request_conversion',	1,	NULL,	'2020-08-20 12:07:21',	NULL,	NULL,	NULL,	NULL),
(51,	'Request_type',	'Request_type',	1,	NULL,	'2020-08-20 12:07:21',	NULL,	NULL,	NULL,	NULL),
(52,	'Role',	'Role',	1,	NULL,	'2020-08-20 12:07:21',	NULL,	NULL,	NULL,	NULL),
(53,	'Setting',	'Setting',	1,	NULL,	'2020-08-20 12:07:21',	NULL,	NULL,	NULL,	NULL),
(54,	'System_opening_balance',	'System_opening_balance',	1,	NULL,	'2020-08-20 12:07:21',	NULL,	NULL,	NULL,	NULL),
(55,	'Translation',	'Translation',	1,	NULL,	'2020-08-20 12:07:21',	NULL,	NULL,	NULL,	NULL),
(56,	'User',	'User',	1,	NULL,	'2020-08-20 12:07:21',	NULL,	NULL,	NULL,	NULL),
(57,	'Variance_note',	'Variance_note',	1,	NULL,	'2020-08-20 12:07:21',	NULL,	NULL,	NULL,	NULL),
(58,	'Voucher',	'Voucher',	1,	NULL,	'2020-08-20 12:07:21',	NULL,	NULL,	NULL,	NULL),
(59,	'Voucher_type',	'Voucher_type',	1,	NULL,	'2020-08-20 12:07:21',	NULL,	NULL,	NULL,	NULL),
(60,	'Voucher_type_account',	'Voucher_type_account',	1,	NULL,	'2020-08-20 12:07:21',	NULL,	NULL,	NULL,	NULL),
(61,	'Voucher_type_effect',	'Voucher_type_effect',	1,	NULL,	'2020-08-20 12:07:21',	NULL,	NULL,	NULL,	NULL),
(62,	'Workplan',	'Workplan',	1,	NULL,	'2020-08-20 12:07:21',	NULL,	NULL,	NULL,	NULL),
(66,	'Budget_item_detail',	'Budget_item_detail',	1,	NULL,	'2020-09-01 13:34:40',	NULL,	NULL,	NULL,	NULL),
(67,	'Cheque_book',	'Cheque_book',	1,	NULL,	'2020-09-01 13:34:40',	NULL,	NULL,	NULL,	NULL),
(68,	'Opening_allocation_balance',	'Opening_allocation_balance',	1,	NULL,	'2020-09-01 13:34:41',	NULL,	NULL,	NULL,	NULL),
(69,	'Opening_cash_balance',	'Opening_cash_balance',	1,	NULL,	'2020-09-01 13:34:41',	NULL,	NULL,	NULL,	NULL),
(70,	'Opening_deposit_transit',	'Opening_deposit_transit',	1,	NULL,	'2020-09-01 13:34:41',	NULL,	NULL,	NULL,	NULL),
(71,	'Opening_fund_balance',	'Opening_fund_balance',	1,	NULL,	'2020-09-01 13:34:41',	NULL,	NULL,	NULL,	NULL),
(72,	'Opening_outstanding_cheque',	'Opening_outstanding_cheque',	1,	NULL,	'2020-09-01 13:34:41',	NULL,	NULL,	NULL,	NULL),
(73,	'Permission',	'Permission',	1,	NULL,	'2020-09-01 13:34:41',	NULL,	NULL,	NULL,	NULL),
(74,	'Project_allocation_detail',	'Project_allocation_detail',	1,	NULL,	'2020-09-01 13:34:41',	NULL,	NULL,	NULL,	NULL),
(75,	'Request_detail',	'Request_detail',	1,	NULL,	'2020-09-01 13:34:41',	NULL,	NULL,	NULL,	NULL),
(76,	'Role_permission',	'Role_permission',	1,	NULL,	'2020-09-01 13:34:41',	NULL,	NULL,	NULL,	NULL),
(77,	'Attachment',	'Attachment',	1,	NULL,	'2020-11-03 08:32:26',	NULL,	NULL,	NULL,	NULL),
(78,	'Budget_review_count',	'Budget_review_count',	1,	NULL,	'2020-11-03 08:32:26',	NULL,	NULL,	NULL,	NULL),
(79,	'Budget_tag',	'Budget_tag',	1,	NULL,	'2020-11-03 08:32:26',	NULL,	NULL,	NULL,	NULL),
(80,	'Context_region',	'Context_region',	1,	NULL,	'2020-11-03 08:32:26',	NULL,	NULL,	NULL,	NULL),
(81,	'Context_region_user',	'Context_region_user',	1,	NULL,	'2020-11-03 08:32:27',	NULL,	NULL,	NULL,	NULL),
(82,	'Event',	'Event',	1,	NULL,	'2020-11-03 08:32:27',	NULL,	NULL,	NULL,	NULL),
(89,	'Cash_recipient_account',	'Cash_recipient_account',	1,	NULL,	'2020-12-09 10:13:56',	NULL,	NULL,	NULL,	NULL),
(90,	'Permission_template',	'Permission_template',	1,	NULL,	'2020-12-09 10:13:57',	NULL,	NULL,	NULL,	NULL),
(91,	'Project_request_type',	'Project_request_type',	1,	NULL,	'2020-12-09 10:13:57',	NULL,	NULL,	NULL,	NULL),
(92,	'Request_type_department',	'Request_type_department',	1,	NULL,	'2020-12-09 10:13:57',	NULL,	NULL,	NULL,	NULL),
(93,	'Role_group',	'Role_group',	1,	NULL,	'2020-12-09 10:13:57',	NULL,	NULL,	NULL,	NULL),
(94,	'Role_group_association',	'Role_group_association',	1,	NULL,	'2020-12-09 10:13:57',	NULL,	NULL,	NULL,	NULL),
(95,	'Status',	'Status',	1,	NULL,	'2020-12-09 10:13:57',	NULL,	NULL,	NULL,	NULL),
(96,	'Status_role',	'Status_role',	1,	NULL,	'2020-12-09 10:13:58',	NULL,	NULL,	NULL,	NULL),
(97,	'Budget_projection',	'Budget_projection',	1,	NULL,	'2020-12-15 04:10:36',	NULL,	NULL,	NULL,	NULL),
(98,	'Budget_projection_income_account',	'Budget_projection_income_account',	1,	NULL,	'2020-12-15 04:10:37',	NULL,	NULL,	NULL,	NULL),
(99,	'Office_group',	'Office_group',	1,	NULL,	'2020-12-15 04:10:37',	NULL,	NULL,	NULL,	NULL),
(100,	'Office_group_association',	'Office_group_association',	1,	NULL,	'2020-12-15 04:10:37',	NULL,	NULL,	NULL,	NULL),
(101,	'Cheque_injection',	'Cheque_injection',	1,	NULL,	'2021-01-25 07:17:17',	NULL,	NULL,	NULL,	NULL),
(102,	'Expense_account_office_association',	'Expense_account_office_association',	1,	NULL,	'2021-01-25 07:17:18',	NULL,	NULL,	NULL,	NULL),
(103,	'User_switch',	'User_switch',	1,	NULL,	'2021-01-25 07:17:18',	NULL,	NULL,	NULL,	NULL),
(104,	'Account_system_setting',	'Account_system_setting',	1,	NULL,	'2021-01-25 10:27:27',	NULL,	NULL,	NULL,	NULL),
(105,	'Voucher_signatory',	'Voucher_signatory',	1,	NULL,	'2021-01-26 08:27:47',	NULL,	NULL,	NULL,	NULL),
(106,	'Budget_limit',	'Budget_limit',	1,	NULL,	'2021-01-29 06:18:58',	NULL,	NULL,	NULL,	NULL);

DROP TABLE IF EXISTS `menu_user_order`;
CREATE TABLE `menu_user_order` (
  `menu_user_order_id` int(100) NOT NULL AUTO_INCREMENT,
  `fk_user_id` int(100) NOT NULL,
  `menu_user_order_track_number` varchar(100) DEFAULT NULL,
  `menu_user_order_name` varchar(100) DEFAULT NULL,
  `fk_menu_id` int(100) DEFAULT NULL,
  `menu_user_order_is_active` int(5) NOT NULL DEFAULT '1',
  `menu_user_order_level` int(100) NOT NULL DEFAULT '1',
  `menu_user_order_priority_item` int(5) NOT NULL DEFAULT '1',
  `menu_user_order_created_date` date DEFAULT NULL,
  `menu_user_order_last_modified_date` timestamp NOT NULL DEFAULT CURRENT_TIMESTAMP,
  `menu_user_order_created_by` int(100) DEFAULT NULL,
  `menu_user_order_last_modified_by` int(100) DEFAULT NULL,
  `fk_approval_id` int(100) DEFAULT NULL,
  `fk_status_id` int(100) DEFAULT NULL,
  PRIMARY KEY (`menu_user_order_id`),
  KEY `fk_menu_id` (`fk_menu_id`),
  CONSTRAINT `menu_user_order_ibfk_1` FOREIGN KEY (`fk_menu_id`) REFERENCES `menu` (`menu_id`) ON DELETE CASCADE
) ENGINE=InnoDB DEFAULT CHARSET=latin1;

INSERT INTO `menu_user_order` (`menu_user_order_id`, `fk_user_id`, `menu_user_order_track_number`, `menu_user_order_name`, `fk_menu_id`, `menu_user_order_is_active`, `menu_user_order_level`, `menu_user_order_priority_item`, `menu_user_order_created_date`, `menu_user_order_last_modified_date`, `menu_user_order_created_by`, `menu_user_order_last_modified_by`, `fk_approval_id`, `fk_status_id`) VALUES
(1,	1,	NULL,	NULL,	1,	1,	1,	1,	NULL,	'2020-08-20 12:07:21',	NULL,	NULL,	NULL,	NULL),
(2,	1,	NULL,	NULL,	2,	1,	2,	1,	NULL,	'2020-08-20 12:07:21',	NULL,	NULL,	NULL,	NULL),
(3,	1,	NULL,	NULL,	3,	1,	3,	1,	NULL,	'2020-08-20 12:07:21',	NULL,	NULL,	NULL,	NULL),
(4,	1,	NULL,	NULL,	4,	1,	4,	1,	NULL,	'2020-08-20 12:07:21',	NULL,	NULL,	NULL,	NULL),
(5,	1,	NULL,	NULL,	5,	1,	5,	1,	NULL,	'2020-08-20 12:07:21',	NULL,	NULL,	NULL,	NULL),
(6,	1,	NULL,	NULL,	6,	1,	6,	1,	NULL,	'2020-08-20 12:07:21',	NULL,	NULL,	NULL,	NULL),
(7,	1,	NULL,	NULL,	7,	1,	7,	1,	NULL,	'2020-08-20 12:07:21',	NULL,	NULL,	NULL,	NULL),
(8,	1,	NULL,	NULL,	8,	1,	8,	1,	NULL,	'2020-08-20 12:07:21',	NULL,	NULL,	NULL,	NULL),
(9,	1,	NULL,	NULL,	9,	1,	9,	0,	NULL,	'2020-08-20 12:07:21',	NULL,	NULL,	NULL,	NULL),
(10,	1,	NULL,	NULL,	10,	1,	10,	0,	NULL,	'2020-08-20 12:07:21',	NULL,	NULL,	NULL,	NULL),
(11,	1,	NULL,	NULL,	11,	1,	11,	0,	NULL,	'2020-08-20 12:07:21',	NULL,	NULL,	NULL,	NULL),
(12,	1,	NULL,	NULL,	12,	1,	12,	0,	NULL,	'2020-08-20 12:07:21',	NULL,	NULL,	NULL,	NULL),
(13,	1,	NULL,	NULL,	13,	1,	13,	0,	NULL,	'2020-08-20 12:07:21',	NULL,	NULL,	NULL,	NULL),
(14,	1,	NULL,	NULL,	14,	1,	14,	0,	NULL,	'2020-08-20 12:07:21',	NULL,	NULL,	NULL,	NULL),
(15,	1,	NULL,	NULL,	15,	1,	15,	0,	NULL,	'2020-08-20 12:07:21',	NULL,	NULL,	NULL,	NULL),
(16,	1,	NULL,	NULL,	16,	1,	16,	0,	NULL,	'2020-08-20 12:07:21',	NULL,	NULL,	NULL,	NULL),
(17,	1,	NULL,	NULL,	17,	1,	17,	0,	NULL,	'2020-08-20 12:07:21',	NULL,	NULL,	NULL,	NULL),
(18,	1,	NULL,	NULL,	18,	1,	18,	0,	NULL,	'2020-08-20 12:07:21',	NULL,	NULL,	NULL,	NULL),
(21,	1,	NULL,	NULL,	21,	1,	21,	0,	NULL,	'2020-08-20 12:07:21',	NULL,	NULL,	NULL,	NULL),
(22,	1,	NULL,	NULL,	22,	1,	22,	0,	NULL,	'2020-08-20 12:07:21',	NULL,	NULL,	NULL,	NULL),
(23,	1,	NULL,	NULL,	23,	1,	23,	0,	NULL,	'2020-08-20 12:07:21',	NULL,	NULL,	NULL,	NULL),
(24,	1,	NULL,	NULL,	24,	1,	24,	1,	NULL,	'2020-08-20 12:07:21',	NULL,	NULL,	NULL,	NULL),
(25,	1,	NULL,	NULL,	25,	1,	25,	0,	NULL,	'2020-08-20 12:07:21',	NULL,	NULL,	NULL,	NULL),
(26,	1,	NULL,	NULL,	26,	1,	26,	0,	NULL,	'2020-08-20 12:07:21',	NULL,	NULL,	NULL,	NULL),
(27,	1,	NULL,	NULL,	27,	1,	27,	0,	NULL,	'2020-08-20 12:07:21',	NULL,	NULL,	NULL,	NULL),
(28,	1,	NULL,	NULL,	28,	1,	28,	0,	NULL,	'2020-08-20 12:07:21',	NULL,	NULL,	NULL,	NULL),
(29,	1,	NULL,	NULL,	29,	1,	29,	0,	NULL,	'2020-08-20 12:07:21',	NULL,	NULL,	NULL,	NULL),
(30,	1,	NULL,	NULL,	30,	1,	30,	0,	NULL,	'2020-08-20 12:07:21',	NULL,	NULL,	NULL,	NULL),
(31,	1,	NULL,	NULL,	31,	1,	31,	0,	NULL,	'2020-08-20 12:07:21',	NULL,	NULL,	NULL,	NULL),
(32,	1,	NULL,	NULL,	32,	1,	32,	0,	NULL,	'2020-08-20 12:07:21',	NULL,	NULL,	NULL,	NULL),
(33,	1,	NULL,	NULL,	33,	1,	33,	0,	NULL,	'2020-08-20 12:07:21',	NULL,	NULL,	NULL,	NULL),
(34,	1,	NULL,	NULL,	34,	1,	34,	0,	NULL,	'2020-08-20 12:07:21',	NULL,	NULL,	NULL,	NULL),
(35,	1,	NULL,	NULL,	35,	1,	35,	0,	NULL,	'2020-08-20 12:07:21',	NULL,	NULL,	NULL,	NULL),
(36,	1,	NULL,	NULL,	36,	1,	36,	0,	NULL,	'2020-08-20 12:07:21',	NULL,	NULL,	NULL,	NULL),
(37,	1,	NULL,	NULL,	37,	1,	37,	0,	NULL,	'2020-08-20 12:07:21',	NULL,	NULL,	NULL,	NULL),
(38,	1,	NULL,	NULL,	38,	1,	38,	0,	NULL,	'2020-08-20 12:07:21',	NULL,	NULL,	NULL,	NULL),
(39,	1,	NULL,	NULL,	39,	1,	39,	0,	NULL,	'2020-08-20 12:07:21',	NULL,	NULL,	NULL,	NULL),
(40,	1,	NULL,	NULL,	40,	1,	40,	0,	NULL,	'2020-08-20 12:07:21',	NULL,	NULL,	NULL,	NULL),
(41,	1,	NULL,	NULL,	41,	1,	41,	0,	NULL,	'2020-08-20 12:07:21',	NULL,	NULL,	NULL,	NULL),
(42,	1,	NULL,	NULL,	42,	1,	42,	0,	NULL,	'2020-08-20 12:07:21',	NULL,	NULL,	NULL,	NULL),
(43,	1,	NULL,	NULL,	43,	1,	43,	0,	NULL,	'2020-08-20 12:07:21',	NULL,	NULL,	NULL,	NULL),
(44,	1,	NULL,	NULL,	44,	1,	44,	0,	NULL,	'2020-08-20 12:07:21',	NULL,	NULL,	NULL,	NULL),
(45,	1,	NULL,	NULL,	45,	1,	45,	0,	NULL,	'2020-08-20 12:07:21',	NULL,	NULL,	NULL,	NULL),
(46,	1,	NULL,	NULL,	46,	1,	46,	0,	NULL,	'2020-08-20 12:07:21',	NULL,	NULL,	NULL,	NULL),
(47,	1,	NULL,	NULL,	47,	1,	47,	0,	NULL,	'2020-08-20 12:07:21',	NULL,	NULL,	NULL,	NULL),
(48,	1,	NULL,	NULL,	48,	1,	48,	0,	NULL,	'2020-08-20 12:07:21',	NULL,	NULL,	NULL,	NULL),
(49,	1,	NULL,	NULL,	49,	1,	49,	0,	NULL,	'2020-08-20 12:07:21',	NULL,	NULL,	NULL,	NULL),
(50,	1,	NULL,	NULL,	50,	1,	50,	0,	NULL,	'2020-08-20 12:07:21',	NULL,	NULL,	NULL,	NULL),
(51,	1,	NULL,	NULL,	51,	1,	51,	0,	NULL,	'2020-08-20 12:07:21',	NULL,	NULL,	NULL,	NULL),
(52,	1,	NULL,	NULL,	52,	1,	52,	0,	NULL,	'2020-08-20 12:07:21',	NULL,	NULL,	NULL,	NULL),
(53,	1,	NULL,	NULL,	53,	1,	53,	0,	NULL,	'2020-08-20 12:07:21',	NULL,	NULL,	NULL,	NULL),
(54,	1,	NULL,	NULL,	54,	1,	54,	0,	NULL,	'2020-08-20 12:07:21',	NULL,	NULL,	NULL,	NULL),
(55,	1,	NULL,	NULL,	55,	1,	55,	0,	NULL,	'2020-08-20 12:07:21',	NULL,	NULL,	NULL,	NULL),
(56,	1,	NULL,	NULL,	56,	1,	56,	0,	NULL,	'2020-08-20 12:07:21',	NULL,	NULL,	NULL,	NULL),
(57,	1,	NULL,	NULL,	57,	1,	57,	0,	NULL,	'2020-08-20 12:07:21',	NULL,	NULL,	NULL,	NULL),
(58,	1,	NULL,	NULL,	58,	1,	58,	0,	NULL,	'2020-08-20 12:07:21',	NULL,	NULL,	NULL,	NULL),
(59,	1,	NULL,	NULL,	59,	1,	59,	0,	NULL,	'2020-08-20 12:07:21',	NULL,	NULL,	NULL,	NULL),
(60,	1,	NULL,	NULL,	60,	1,	60,	0,	NULL,	'2020-08-20 12:07:21',	NULL,	NULL,	NULL,	NULL),
(61,	1,	NULL,	NULL,	61,	1,	61,	0,	NULL,	'2020-08-20 12:07:21',	NULL,	NULL,	NULL,	NULL),
(62,	1,	NULL,	NULL,	62,	1,	62,	0,	NULL,	'2020-08-20 12:07:21',	NULL,	NULL,	NULL,	NULL),
(63,	2,	NULL,	NULL,	1,	1,	1,	1,	NULL,	'2020-08-21 07:41:26',	NULL,	NULL,	NULL,	NULL),
(64,	2,	NULL,	NULL,	2,	1,	2,	1,	NULL,	'2020-08-21 07:41:26',	NULL,	NULL,	NULL,	NULL),
(65,	2,	NULL,	NULL,	3,	1,	3,	1,	NULL,	'2020-08-21 07:41:26',	NULL,	NULL,	NULL,	NULL),
(66,	2,	NULL,	NULL,	4,	1,	4,	1,	NULL,	'2020-08-21 07:41:26',	NULL,	NULL,	NULL,	NULL),
(67,	2,	NULL,	NULL,	5,	1,	5,	1,	NULL,	'2020-08-21 07:41:26',	NULL,	NULL,	NULL,	NULL),
(68,	2,	NULL,	NULL,	6,	1,	6,	1,	NULL,	'2020-08-21 07:41:26',	NULL,	NULL,	NULL,	NULL),
(69,	2,	NULL,	NULL,	7,	1,	7,	1,	NULL,	'2020-08-21 07:41:26',	NULL,	NULL,	NULL,	NULL),
(70,	2,	NULL,	NULL,	8,	1,	8,	1,	NULL,	'2020-08-21 07:41:26',	NULL,	NULL,	NULL,	NULL),
(71,	2,	NULL,	NULL,	9,	1,	9,	0,	NULL,	'2020-08-21 07:41:26',	NULL,	NULL,	NULL,	NULL),
(72,	2,	NULL,	NULL,	10,	1,	10,	0,	NULL,	'2020-08-21 07:41:26',	NULL,	NULL,	NULL,	NULL),
(73,	2,	NULL,	NULL,	11,	1,	11,	0,	NULL,	'2020-08-21 07:41:26',	NULL,	NULL,	NULL,	NULL),
(74,	2,	NULL,	NULL,	12,	1,	12,	0,	NULL,	'2020-08-21 07:41:26',	NULL,	NULL,	NULL,	NULL),
(75,	2,	NULL,	NULL,	13,	1,	13,	0,	NULL,	'2020-08-21 07:41:26',	NULL,	NULL,	NULL,	NULL),
(76,	2,	NULL,	NULL,	14,	1,	14,	0,	NULL,	'2020-08-21 07:41:26',	NULL,	NULL,	NULL,	NULL),
(77,	2,	NULL,	NULL,	15,	1,	15,	0,	NULL,	'2020-08-21 07:41:26',	NULL,	NULL,	NULL,	NULL),
(78,	2,	NULL,	NULL,	16,	1,	16,	0,	NULL,	'2020-08-21 07:41:26',	NULL,	NULL,	NULL,	NULL),
(79,	2,	NULL,	NULL,	17,	1,	17,	0,	NULL,	'2020-08-21 07:41:26',	NULL,	NULL,	NULL,	NULL),
(80,	2,	NULL,	NULL,	18,	1,	18,	0,	NULL,	'2020-08-21 07:41:26',	NULL,	NULL,	NULL,	NULL),
(83,	2,	NULL,	NULL,	21,	1,	21,	0,	NULL,	'2020-08-21 07:41:27',	NULL,	NULL,	NULL,	NULL),
(84,	2,	NULL,	NULL,	22,	1,	22,	0,	NULL,	'2020-08-21 07:41:27',	NULL,	NULL,	NULL,	NULL),
(85,	2,	NULL,	NULL,	23,	1,	23,	0,	NULL,	'2020-08-21 07:41:27',	NULL,	NULL,	NULL,	NULL),
(86,	2,	NULL,	NULL,	24,	1,	24,	1,	NULL,	'2020-08-21 07:41:27',	NULL,	NULL,	NULL,	NULL),
(87,	2,	NULL,	NULL,	25,	1,	25,	0,	NULL,	'2020-08-21 07:41:27',	NULL,	NULL,	NULL,	NULL),
(88,	2,	NULL,	NULL,	26,	1,	26,	0,	NULL,	'2020-08-21 07:41:27',	NULL,	NULL,	NULL,	NULL),
(89,	2,	NULL,	NULL,	27,	1,	27,	0,	NULL,	'2020-08-21 07:41:27',	NULL,	NULL,	NULL,	NULL),
(90,	2,	NULL,	NULL,	28,	1,	28,	0,	NULL,	'2020-08-21 07:41:27',	NULL,	NULL,	NULL,	NULL),
(91,	2,	NULL,	NULL,	29,	1,	29,	0,	NULL,	'2020-08-21 07:41:27',	NULL,	NULL,	NULL,	NULL),
(92,	2,	NULL,	NULL,	30,	1,	30,	0,	NULL,	'2020-08-21 07:41:27',	NULL,	NULL,	NULL,	NULL),
(93,	2,	NULL,	NULL,	31,	1,	31,	0,	NULL,	'2020-08-21 07:41:27',	NULL,	NULL,	NULL,	NULL),
(94,	2,	NULL,	NULL,	32,	1,	32,	0,	NULL,	'2020-08-21 07:41:27',	NULL,	NULL,	NULL,	NULL),
(95,	2,	NULL,	NULL,	33,	1,	33,	0,	NULL,	'2020-08-21 07:41:27',	NULL,	NULL,	NULL,	NULL),
(96,	2,	NULL,	NULL,	34,	1,	34,	0,	NULL,	'2020-08-21 07:41:27',	NULL,	NULL,	NULL,	NULL),
(97,	2,	NULL,	NULL,	35,	1,	35,	0,	NULL,	'2020-08-21 07:41:27',	NULL,	NULL,	NULL,	NULL),
(98,	2,	NULL,	NULL,	36,	1,	36,	0,	NULL,	'2020-08-21 07:41:27',	NULL,	NULL,	NULL,	NULL),
(99,	2,	NULL,	NULL,	37,	1,	37,	0,	NULL,	'2020-08-21 07:41:27',	NULL,	NULL,	NULL,	NULL),
(100,	2,	NULL,	NULL,	38,	1,	38,	0,	NULL,	'2020-08-21 07:41:27',	NULL,	NULL,	NULL,	NULL),
(101,	2,	NULL,	NULL,	39,	1,	39,	0,	NULL,	'2020-08-21 07:41:27',	NULL,	NULL,	NULL,	NULL),
(102,	2,	NULL,	NULL,	40,	1,	40,	0,	NULL,	'2020-08-21 07:41:27',	NULL,	NULL,	NULL,	NULL),
(103,	2,	NULL,	NULL,	41,	1,	41,	0,	NULL,	'2020-08-21 07:41:27',	NULL,	NULL,	NULL,	NULL),
(104,	2,	NULL,	NULL,	42,	1,	42,	0,	NULL,	'2020-08-21 07:41:27',	NULL,	NULL,	NULL,	NULL),
(105,	2,	NULL,	NULL,	43,	1,	43,	0,	NULL,	'2020-08-21 07:41:27',	NULL,	NULL,	NULL,	NULL),
(106,	2,	NULL,	NULL,	44,	1,	44,	0,	NULL,	'2020-08-21 07:41:27',	NULL,	NULL,	NULL,	NULL),
(107,	2,	NULL,	NULL,	45,	1,	45,	0,	NULL,	'2020-08-21 07:41:27',	NULL,	NULL,	NULL,	NULL),
(108,	2,	NULL,	NULL,	46,	1,	46,	0,	NULL,	'2020-08-21 07:41:27',	NULL,	NULL,	NULL,	NULL),
(109,	2,	NULL,	NULL,	47,	1,	47,	0,	NULL,	'2020-08-21 07:41:27',	NULL,	NULL,	NULL,	NULL),
(110,	2,	NULL,	NULL,	48,	1,	48,	0,	NULL,	'2020-08-21 07:41:27',	NULL,	NULL,	NULL,	NULL),
(111,	2,	NULL,	NULL,	49,	1,	49,	0,	NULL,	'2020-08-21 07:41:27',	NULL,	NULL,	NULL,	NULL),
(112,	2,	NULL,	NULL,	50,	1,	50,	0,	NULL,	'2020-08-21 07:41:27',	NULL,	NULL,	NULL,	NULL),
(113,	2,	NULL,	NULL,	51,	1,	51,	0,	NULL,	'2020-08-21 07:41:27',	NULL,	NULL,	NULL,	NULL),
(114,	2,	NULL,	NULL,	52,	1,	52,	0,	NULL,	'2020-08-21 07:41:27',	NULL,	NULL,	NULL,	NULL),
(115,	2,	NULL,	NULL,	53,	1,	53,	0,	NULL,	'2020-08-21 07:41:27',	NULL,	NULL,	NULL,	NULL),
(116,	2,	NULL,	NULL,	54,	1,	54,	0,	NULL,	'2020-08-21 07:41:28',	NULL,	NULL,	NULL,	NULL),
(117,	2,	NULL,	NULL,	55,	1,	55,	0,	NULL,	'2020-08-21 07:41:28',	NULL,	NULL,	NULL,	NULL),
(118,	2,	NULL,	NULL,	56,	1,	56,	0,	NULL,	'2020-08-21 07:41:28',	NULL,	NULL,	NULL,	NULL),
(119,	2,	NULL,	NULL,	57,	1,	57,	0,	NULL,	'2020-08-21 07:41:28',	NULL,	NULL,	NULL,	NULL),
(120,	2,	NULL,	NULL,	58,	1,	58,	0,	NULL,	'2020-08-21 07:41:28',	NULL,	NULL,	NULL,	NULL),
(121,	2,	NULL,	NULL,	59,	1,	59,	0,	NULL,	'2020-08-21 07:41:28',	NULL,	NULL,	NULL,	NULL),
(122,	2,	NULL,	NULL,	60,	1,	60,	0,	NULL,	'2020-08-21 07:41:28',	NULL,	NULL,	NULL,	NULL),
(123,	2,	NULL,	NULL,	61,	1,	61,	0,	NULL,	'2020-08-21 07:41:28',	NULL,	NULL,	NULL,	NULL),
(124,	2,	NULL,	NULL,	62,	1,	62,	0,	NULL,	'2020-08-21 07:41:28',	NULL,	NULL,	NULL,	NULL),
(125,	3,	NULL,	NULL,	1,	1,	1,	1,	NULL,	'2020-08-21 09:24:44',	NULL,	NULL,	NULL,	NULL),
(126,	3,	NULL,	NULL,	2,	1,	2,	1,	NULL,	'2020-08-21 09:24:44',	NULL,	NULL,	NULL,	NULL),
(127,	3,	NULL,	NULL,	3,	1,	3,	1,	NULL,	'2020-08-21 09:24:44',	NULL,	NULL,	NULL,	NULL),
(128,	3,	NULL,	NULL,	4,	1,	4,	1,	NULL,	'2020-08-21 09:24:44',	NULL,	NULL,	NULL,	NULL),
(129,	3,	NULL,	NULL,	5,	1,	5,	1,	NULL,	'2020-08-21 09:24:44',	NULL,	NULL,	NULL,	NULL),
(130,	3,	NULL,	NULL,	6,	1,	6,	1,	NULL,	'2020-08-21 09:24:44',	NULL,	NULL,	NULL,	NULL),
(131,	3,	NULL,	NULL,	7,	1,	7,	1,	NULL,	'2020-08-21 09:24:44',	NULL,	NULL,	NULL,	NULL),
(132,	3,	NULL,	NULL,	8,	1,	8,	1,	NULL,	'2020-08-21 09:24:44',	NULL,	NULL,	NULL,	NULL),
(133,	3,	NULL,	NULL,	9,	1,	9,	0,	NULL,	'2020-08-21 09:24:44',	NULL,	NULL,	NULL,	NULL),
(134,	3,	NULL,	NULL,	10,	1,	10,	0,	NULL,	'2020-08-21 09:24:44',	NULL,	NULL,	NULL,	NULL),
(135,	3,	NULL,	NULL,	11,	1,	11,	0,	NULL,	'2020-08-21 09:24:44',	NULL,	NULL,	NULL,	NULL),
(136,	3,	NULL,	NULL,	12,	1,	12,	0,	NULL,	'2020-08-21 09:24:44',	NULL,	NULL,	NULL,	NULL),
(137,	3,	NULL,	NULL,	13,	1,	13,	0,	NULL,	'2020-08-21 09:24:44',	NULL,	NULL,	NULL,	NULL),
(138,	3,	NULL,	NULL,	14,	1,	14,	0,	NULL,	'2020-08-21 09:24:44',	NULL,	NULL,	NULL,	NULL),
(139,	3,	NULL,	NULL,	15,	1,	15,	0,	NULL,	'2020-08-21 09:24:44',	NULL,	NULL,	NULL,	NULL),
(140,	3,	NULL,	NULL,	16,	1,	16,	0,	NULL,	'2020-08-21 09:24:44',	NULL,	NULL,	NULL,	NULL),
(141,	3,	NULL,	NULL,	17,	1,	17,	0,	NULL,	'2020-08-21 09:24:44',	NULL,	NULL,	NULL,	NULL),
(142,	3,	NULL,	NULL,	18,	1,	18,	0,	NULL,	'2020-08-21 09:24:44',	NULL,	NULL,	NULL,	NULL),
(145,	3,	NULL,	NULL,	21,	1,	21,	0,	NULL,	'2020-08-21 09:24:44',	NULL,	NULL,	NULL,	NULL),
(146,	3,	NULL,	NULL,	22,	1,	22,	0,	NULL,	'2020-08-21 09:24:44',	NULL,	NULL,	NULL,	NULL),
(147,	3,	NULL,	NULL,	23,	1,	23,	0,	NULL,	'2020-08-21 09:24:44',	NULL,	NULL,	NULL,	NULL),
(148,	3,	NULL,	NULL,	24,	1,	24,	1,	NULL,	'2020-08-21 09:24:44',	NULL,	NULL,	NULL,	NULL),
(149,	3,	NULL,	NULL,	25,	1,	25,	0,	NULL,	'2020-08-21 09:24:44',	NULL,	NULL,	NULL,	NULL),
(150,	3,	NULL,	NULL,	26,	1,	26,	0,	NULL,	'2020-08-21 09:24:44',	NULL,	NULL,	NULL,	NULL),
(151,	3,	NULL,	NULL,	27,	1,	27,	0,	NULL,	'2020-08-21 09:24:44',	NULL,	NULL,	NULL,	NULL),
(152,	3,	NULL,	NULL,	28,	1,	28,	0,	NULL,	'2020-08-21 09:24:44',	NULL,	NULL,	NULL,	NULL),
(153,	3,	NULL,	NULL,	29,	1,	29,	0,	NULL,	'2020-08-21 09:24:44',	NULL,	NULL,	NULL,	NULL),
(154,	3,	NULL,	NULL,	30,	1,	30,	0,	NULL,	'2020-08-21 09:24:44',	NULL,	NULL,	NULL,	NULL),
(155,	3,	NULL,	NULL,	31,	1,	31,	0,	NULL,	'2020-08-21 09:24:44',	NULL,	NULL,	NULL,	NULL),
(156,	3,	NULL,	NULL,	32,	1,	32,	0,	NULL,	'2020-08-21 09:24:44',	NULL,	NULL,	NULL,	NULL),
(157,	3,	NULL,	NULL,	33,	1,	33,	0,	NULL,	'2020-08-21 09:24:44',	NULL,	NULL,	NULL,	NULL),
(158,	3,	NULL,	NULL,	34,	1,	34,	0,	NULL,	'2020-08-21 09:24:44',	NULL,	NULL,	NULL,	NULL),
(159,	3,	NULL,	NULL,	35,	1,	35,	0,	NULL,	'2020-08-21 09:24:44',	NULL,	NULL,	NULL,	NULL),
(160,	3,	NULL,	NULL,	36,	1,	36,	0,	NULL,	'2020-08-21 09:24:44',	NULL,	NULL,	NULL,	NULL),
(161,	3,	NULL,	NULL,	37,	1,	37,	0,	NULL,	'2020-08-21 09:24:44',	NULL,	NULL,	NULL,	NULL),
(162,	3,	NULL,	NULL,	38,	1,	38,	0,	NULL,	'2020-08-21 09:24:44',	NULL,	NULL,	NULL,	NULL),
(163,	3,	NULL,	NULL,	39,	1,	39,	0,	NULL,	'2020-08-21 09:24:44',	NULL,	NULL,	NULL,	NULL),
(164,	3,	NULL,	NULL,	40,	1,	40,	0,	NULL,	'2020-08-21 09:24:44',	NULL,	NULL,	NULL,	NULL),
(165,	3,	NULL,	NULL,	41,	1,	41,	0,	NULL,	'2020-08-21 09:24:44',	NULL,	NULL,	NULL,	NULL),
(166,	3,	NULL,	NULL,	42,	1,	42,	0,	NULL,	'2020-08-21 09:24:44',	NULL,	NULL,	NULL,	NULL),
(167,	3,	NULL,	NULL,	43,	1,	43,	0,	NULL,	'2020-08-21 09:24:44',	NULL,	NULL,	NULL,	NULL),
(168,	3,	NULL,	NULL,	44,	1,	44,	0,	NULL,	'2020-08-21 09:24:44',	NULL,	NULL,	NULL,	NULL),
(169,	3,	NULL,	NULL,	45,	1,	45,	0,	NULL,	'2020-08-21 09:24:44',	NULL,	NULL,	NULL,	NULL),
(170,	3,	NULL,	NULL,	46,	1,	46,	0,	NULL,	'2020-08-21 09:24:44',	NULL,	NULL,	NULL,	NULL),
(171,	3,	NULL,	NULL,	47,	1,	47,	0,	NULL,	'2020-08-21 09:24:44',	NULL,	NULL,	NULL,	NULL),
(172,	3,	NULL,	NULL,	48,	1,	48,	0,	NULL,	'2020-08-21 09:24:44',	NULL,	NULL,	NULL,	NULL),
(173,	3,	NULL,	NULL,	49,	1,	49,	0,	NULL,	'2020-08-21 09:24:44',	NULL,	NULL,	NULL,	NULL),
(174,	3,	NULL,	NULL,	50,	1,	50,	0,	NULL,	'2020-08-21 09:24:44',	NULL,	NULL,	NULL,	NULL),
(175,	3,	NULL,	NULL,	51,	1,	51,	0,	NULL,	'2020-08-21 09:24:44',	NULL,	NULL,	NULL,	NULL),
(176,	3,	NULL,	NULL,	52,	1,	52,	0,	NULL,	'2020-08-21 09:24:44',	NULL,	NULL,	NULL,	NULL),
(177,	3,	NULL,	NULL,	53,	1,	53,	0,	NULL,	'2020-08-21 09:24:44',	NULL,	NULL,	NULL,	NULL),
(178,	3,	NULL,	NULL,	54,	1,	54,	0,	NULL,	'2020-08-21 09:24:44',	NULL,	NULL,	NULL,	NULL),
(179,	3,	NULL,	NULL,	55,	1,	55,	0,	NULL,	'2020-08-21 09:24:44',	NULL,	NULL,	NULL,	NULL),
(180,	3,	NULL,	NULL,	56,	1,	56,	0,	NULL,	'2020-08-21 09:24:44',	NULL,	NULL,	NULL,	NULL),
(181,	3,	NULL,	NULL,	57,	1,	57,	0,	NULL,	'2020-08-21 09:24:44',	NULL,	NULL,	NULL,	NULL),
(182,	3,	NULL,	NULL,	58,	1,	58,	0,	NULL,	'2020-08-21 09:24:44',	NULL,	NULL,	NULL,	NULL),
(183,	3,	NULL,	NULL,	59,	1,	59,	0,	NULL,	'2020-08-21 09:24:44',	NULL,	NULL,	NULL,	NULL),
(184,	3,	NULL,	NULL,	60,	1,	60,	0,	NULL,	'2020-08-21 09:24:44',	NULL,	NULL,	NULL,	NULL),
(185,	3,	NULL,	NULL,	61,	1,	61,	0,	NULL,	'2020-08-21 09:24:44',	NULL,	NULL,	NULL,	NULL),
(186,	3,	NULL,	NULL,	62,	1,	62,	0,	NULL,	'2020-08-21 09:24:44',	NULL,	NULL,	NULL,	NULL),
(187,	4,	NULL,	NULL,	1,	1,	1,	1,	NULL,	'2020-08-25 06:42:07',	NULL,	NULL,	NULL,	NULL),
(188,	4,	NULL,	NULL,	2,	1,	2,	1,	NULL,	'2020-08-25 06:42:07',	NULL,	NULL,	NULL,	NULL),
(189,	4,	NULL,	NULL,	3,	1,	3,	1,	NULL,	'2020-08-25 06:42:07',	NULL,	NULL,	NULL,	NULL),
(190,	4,	NULL,	NULL,	4,	1,	4,	1,	NULL,	'2020-08-25 06:42:07',	NULL,	NULL,	NULL,	NULL),
(191,	4,	NULL,	NULL,	5,	1,	5,	1,	NULL,	'2020-08-25 06:42:07',	NULL,	NULL,	NULL,	NULL),
(192,	4,	NULL,	NULL,	6,	1,	6,	1,	NULL,	'2020-08-25 06:42:07',	NULL,	NULL,	NULL,	NULL),
(193,	4,	NULL,	NULL,	7,	1,	7,	1,	NULL,	'2020-08-25 06:42:07',	NULL,	NULL,	NULL,	NULL),
(194,	4,	NULL,	NULL,	8,	1,	8,	1,	NULL,	'2020-08-25 06:42:07',	NULL,	NULL,	NULL,	NULL),
(195,	4,	NULL,	NULL,	9,	1,	9,	0,	NULL,	'2020-08-25 06:42:07',	NULL,	NULL,	NULL,	NULL),
(196,	4,	NULL,	NULL,	10,	1,	10,	0,	NULL,	'2020-08-25 06:42:07',	NULL,	NULL,	NULL,	NULL),
(197,	4,	NULL,	NULL,	11,	1,	11,	0,	NULL,	'2020-08-25 06:42:07',	NULL,	NULL,	NULL,	NULL),
(198,	4,	NULL,	NULL,	12,	1,	12,	0,	NULL,	'2020-08-25 06:42:07',	NULL,	NULL,	NULL,	NULL),
(199,	4,	NULL,	NULL,	13,	1,	13,	0,	NULL,	'2020-08-25 06:42:07',	NULL,	NULL,	NULL,	NULL),
(200,	4,	NULL,	NULL,	14,	1,	14,	0,	NULL,	'2020-08-25 06:42:07',	NULL,	NULL,	NULL,	NULL),
(201,	4,	NULL,	NULL,	15,	1,	15,	0,	NULL,	'2020-08-25 06:42:07',	NULL,	NULL,	NULL,	NULL),
(202,	4,	NULL,	NULL,	16,	1,	16,	0,	NULL,	'2020-08-25 06:42:07',	NULL,	NULL,	NULL,	NULL),
(203,	4,	NULL,	NULL,	17,	1,	17,	0,	NULL,	'2020-08-25 06:42:07',	NULL,	NULL,	NULL,	NULL),
(204,	4,	NULL,	NULL,	18,	1,	18,	0,	NULL,	'2020-08-25 06:42:07',	NULL,	NULL,	NULL,	NULL),
(205,	4,	NULL,	NULL,	21,	1,	19,	0,	NULL,	'2020-08-25 06:42:07',	NULL,	NULL,	NULL,	NULL),
(206,	4,	NULL,	NULL,	22,	1,	20,	0,	NULL,	'2020-08-25 06:42:07',	NULL,	NULL,	NULL,	NULL),
(207,	4,	NULL,	NULL,	23,	1,	21,	0,	NULL,	'2020-08-25 06:42:07',	NULL,	NULL,	NULL,	NULL),
(208,	4,	NULL,	NULL,	24,	1,	22,	1,	NULL,	'2020-08-25 06:42:07',	NULL,	NULL,	NULL,	NULL),
(209,	4,	NULL,	NULL,	25,	1,	23,	0,	NULL,	'2020-08-25 06:42:07',	NULL,	NULL,	NULL,	NULL),
(210,	4,	NULL,	NULL,	26,	1,	24,	0,	NULL,	'2020-08-25 06:42:07',	NULL,	NULL,	NULL,	NULL),
(211,	4,	NULL,	NULL,	27,	1,	25,	0,	NULL,	'2020-08-25 06:42:07',	NULL,	NULL,	NULL,	NULL),
(212,	4,	NULL,	NULL,	28,	1,	26,	0,	NULL,	'2020-08-25 06:42:07',	NULL,	NULL,	NULL,	NULL),
(213,	4,	NULL,	NULL,	29,	1,	27,	0,	NULL,	'2020-08-25 06:42:07',	NULL,	NULL,	NULL,	NULL),
(214,	4,	NULL,	NULL,	30,	1,	28,	0,	NULL,	'2020-08-25 06:42:07',	NULL,	NULL,	NULL,	NULL),
(215,	4,	NULL,	NULL,	31,	1,	29,	0,	NULL,	'2020-08-25 06:42:07',	NULL,	NULL,	NULL,	NULL),
(216,	4,	NULL,	NULL,	32,	1,	30,	0,	NULL,	'2020-08-25 06:42:07',	NULL,	NULL,	NULL,	NULL),
(217,	4,	NULL,	NULL,	33,	1,	31,	0,	NULL,	'2020-08-25 06:42:07',	NULL,	NULL,	NULL,	NULL),
(218,	4,	NULL,	NULL,	34,	1,	32,	0,	NULL,	'2020-08-25 06:42:07',	NULL,	NULL,	NULL,	NULL),
(219,	4,	NULL,	NULL,	35,	1,	33,	0,	NULL,	'2020-08-25 06:42:07',	NULL,	NULL,	NULL,	NULL),
(220,	4,	NULL,	NULL,	36,	1,	34,	0,	NULL,	'2020-08-25 06:42:07',	NULL,	NULL,	NULL,	NULL),
(221,	4,	NULL,	NULL,	37,	1,	35,	0,	NULL,	'2020-08-25 06:42:07',	NULL,	NULL,	NULL,	NULL),
(222,	4,	NULL,	NULL,	38,	1,	36,	0,	NULL,	'2020-08-25 06:42:07',	NULL,	NULL,	NULL,	NULL),
(223,	4,	NULL,	NULL,	39,	1,	37,	0,	NULL,	'2020-08-25 06:42:07',	NULL,	NULL,	NULL,	NULL),
(224,	4,	NULL,	NULL,	40,	1,	38,	0,	NULL,	'2020-08-25 06:42:07',	NULL,	NULL,	NULL,	NULL),
(225,	4,	NULL,	NULL,	41,	1,	39,	0,	NULL,	'2020-08-25 06:42:07',	NULL,	NULL,	NULL,	NULL),
(226,	4,	NULL,	NULL,	42,	1,	40,	0,	NULL,	'2020-08-25 06:42:07',	NULL,	NULL,	NULL,	NULL),
(227,	4,	NULL,	NULL,	43,	1,	41,	0,	NULL,	'2020-08-25 06:42:07',	NULL,	NULL,	NULL,	NULL),
(228,	4,	NULL,	NULL,	44,	1,	42,	0,	NULL,	'2020-08-25 06:42:07',	NULL,	NULL,	NULL,	NULL),
(229,	4,	NULL,	NULL,	45,	1,	43,	0,	NULL,	'2020-08-25 06:42:07',	NULL,	NULL,	NULL,	NULL),
(230,	4,	NULL,	NULL,	46,	1,	44,	0,	NULL,	'2020-08-25 06:42:07',	NULL,	NULL,	NULL,	NULL),
(231,	4,	NULL,	NULL,	47,	1,	45,	0,	NULL,	'2020-08-25 06:42:07',	NULL,	NULL,	NULL,	NULL),
(232,	4,	NULL,	NULL,	48,	1,	46,	0,	NULL,	'2020-08-25 06:42:07',	NULL,	NULL,	NULL,	NULL),
(233,	4,	NULL,	NULL,	49,	1,	47,	0,	NULL,	'2020-08-25 06:42:07',	NULL,	NULL,	NULL,	NULL),
(234,	4,	NULL,	NULL,	50,	1,	48,	0,	NULL,	'2020-08-25 06:42:07',	NULL,	NULL,	NULL,	NULL),
(235,	4,	NULL,	NULL,	51,	1,	49,	0,	NULL,	'2020-08-25 06:42:07',	NULL,	NULL,	NULL,	NULL),
(236,	4,	NULL,	NULL,	52,	1,	50,	0,	NULL,	'2020-08-25 06:42:07',	NULL,	NULL,	NULL,	NULL),
(237,	4,	NULL,	NULL,	53,	1,	51,	0,	NULL,	'2020-08-25 06:42:07',	NULL,	NULL,	NULL,	NULL),
(238,	4,	NULL,	NULL,	54,	1,	52,	0,	NULL,	'2020-08-25 06:42:07',	NULL,	NULL,	NULL,	NULL),
(239,	4,	NULL,	NULL,	55,	1,	53,	0,	NULL,	'2020-08-25 06:42:07',	NULL,	NULL,	NULL,	NULL),
(240,	4,	NULL,	NULL,	56,	1,	54,	0,	NULL,	'2020-08-25 06:42:07',	NULL,	NULL,	NULL,	NULL),
(241,	4,	NULL,	NULL,	57,	1,	55,	0,	NULL,	'2020-08-25 06:42:07',	NULL,	NULL,	NULL,	NULL),
(242,	4,	NULL,	NULL,	58,	1,	56,	0,	NULL,	'2020-08-25 06:42:07',	NULL,	NULL,	NULL,	NULL),
(243,	4,	NULL,	NULL,	59,	1,	57,	0,	NULL,	'2020-08-25 06:42:07',	NULL,	NULL,	NULL,	NULL),
(244,	4,	NULL,	NULL,	60,	1,	58,	0,	NULL,	'2020-08-25 06:42:07',	NULL,	NULL,	NULL,	NULL),
(245,	4,	NULL,	NULL,	61,	1,	59,	0,	NULL,	'2020-08-25 06:42:07',	NULL,	NULL,	NULL,	NULL),
(246,	4,	NULL,	NULL,	62,	1,	60,	0,	NULL,	'2020-08-25 06:42:07',	NULL,	NULL,	NULL,	NULL),
(249,	1,	NULL,	NULL,	66,	1,	121,	0,	NULL,	'2020-09-01 13:34:41',	NULL,	NULL,	NULL,	NULL),
(250,	1,	NULL,	NULL,	67,	1,	122,	0,	NULL,	'2020-09-01 13:34:41',	NULL,	NULL,	NULL,	NULL),
(251,	1,	NULL,	NULL,	68,	1,	123,	0,	NULL,	'2020-09-01 13:34:41',	NULL,	NULL,	NULL,	NULL),
(252,	1,	NULL,	NULL,	69,	1,	124,	0,	NULL,	'2020-09-01 13:34:41',	NULL,	NULL,	NULL,	NULL),
(253,	1,	NULL,	NULL,	70,	1,	125,	0,	NULL,	'2020-09-01 13:34:41',	NULL,	NULL,	NULL,	NULL),
(254,	1,	NULL,	NULL,	71,	1,	126,	0,	NULL,	'2020-09-01 13:34:41',	NULL,	NULL,	NULL,	NULL),
(255,	1,	NULL,	NULL,	72,	1,	127,	0,	NULL,	'2020-09-01 13:34:41',	NULL,	NULL,	NULL,	NULL),
(256,	1,	NULL,	NULL,	73,	1,	128,	0,	NULL,	'2020-09-01 13:34:41',	NULL,	NULL,	NULL,	NULL),
(257,	1,	NULL,	NULL,	74,	1,	129,	0,	NULL,	'2020-09-01 13:34:41',	NULL,	NULL,	NULL,	NULL),
(258,	1,	NULL,	NULL,	75,	1,	130,	0,	NULL,	'2020-09-01 13:34:41',	NULL,	NULL,	NULL,	NULL),
(259,	1,	NULL,	NULL,	76,	1,	131,	0,	NULL,	'2020-09-01 13:34:41',	NULL,	NULL,	NULL,	NULL),
(260,	4,	NULL,	NULL,	66,	1,	121,	0,	NULL,	'2020-09-01 13:34:59',	NULL,	NULL,	NULL,	NULL),
(261,	4,	NULL,	NULL,	67,	1,	122,	0,	NULL,	'2020-09-01 13:34:59',	NULL,	NULL,	NULL,	NULL),
(262,	4,	NULL,	NULL,	68,	1,	123,	0,	NULL,	'2020-09-01 13:34:59',	NULL,	NULL,	NULL,	NULL),
(263,	4,	NULL,	NULL,	69,	1,	124,	0,	NULL,	'2020-09-01 13:34:59',	NULL,	NULL,	NULL,	NULL),
(264,	4,	NULL,	NULL,	70,	1,	125,	0,	NULL,	'2020-09-01 13:34:59',	NULL,	NULL,	NULL,	NULL),
(265,	4,	NULL,	NULL,	71,	1,	126,	0,	NULL,	'2020-09-01 13:34:59',	NULL,	NULL,	NULL,	NULL),
(266,	4,	NULL,	NULL,	72,	1,	127,	0,	NULL,	'2020-09-01 13:34:59',	NULL,	NULL,	NULL,	NULL),
(267,	4,	NULL,	NULL,	73,	1,	128,	0,	NULL,	'2020-09-01 13:34:59',	NULL,	NULL,	NULL,	NULL),
(268,	4,	NULL,	NULL,	74,	1,	129,	0,	NULL,	'2020-09-01 13:34:59',	NULL,	NULL,	NULL,	NULL),
(269,	4,	NULL,	NULL,	75,	1,	130,	0,	NULL,	'2020-09-01 13:34:59',	NULL,	NULL,	NULL,	NULL),
(270,	4,	NULL,	NULL,	76,	1,	131,	0,	NULL,	'2020-09-01 13:34:59',	NULL,	NULL,	NULL,	NULL),
(271,	3,	NULL,	NULL,	66,	1,	121,	0,	NULL,	'2020-09-02 13:46:57',	NULL,	NULL,	NULL,	NULL),
(272,	3,	NULL,	NULL,	67,	1,	122,	0,	NULL,	'2020-09-02 13:46:57',	NULL,	NULL,	NULL,	NULL),
(273,	3,	NULL,	NULL,	68,	1,	123,	0,	NULL,	'2020-09-02 13:46:57',	NULL,	NULL,	NULL,	NULL),
(274,	3,	NULL,	NULL,	69,	1,	124,	0,	NULL,	'2020-09-02 13:46:57',	NULL,	NULL,	NULL,	NULL),
(275,	3,	NULL,	NULL,	70,	1,	125,	0,	NULL,	'2020-09-02 13:46:57',	NULL,	NULL,	NULL,	NULL),
(276,	3,	NULL,	NULL,	71,	1,	126,	0,	NULL,	'2020-09-02 13:46:57',	NULL,	NULL,	NULL,	NULL),
(277,	3,	NULL,	NULL,	72,	1,	127,	0,	NULL,	'2020-09-02 13:46:57',	NULL,	NULL,	NULL,	NULL),
(278,	3,	NULL,	NULL,	73,	1,	128,	0,	NULL,	'2020-09-02 13:46:57',	NULL,	NULL,	NULL,	NULL),
(279,	3,	NULL,	NULL,	74,	1,	129,	0,	NULL,	'2020-09-02 13:46:57',	NULL,	NULL,	NULL,	NULL),
(280,	3,	NULL,	NULL,	75,	1,	130,	0,	NULL,	'2020-09-02 13:46:57',	NULL,	NULL,	NULL,	NULL),
(281,	3,	NULL,	NULL,	76,	1,	131,	0,	NULL,	'2020-09-02 13:46:57',	NULL,	NULL,	NULL,	NULL),
(282,	1,	NULL,	NULL,	77,	1,	143,	0,	NULL,	'2020-11-03 08:32:27',	NULL,	NULL,	NULL,	NULL),
(283,	1,	NULL,	NULL,	78,	1,	144,	0,	NULL,	'2020-11-03 08:32:27',	NULL,	NULL,	NULL,	NULL),
(284,	1,	NULL,	NULL,	79,	1,	145,	0,	NULL,	'2020-11-03 08:32:27',	NULL,	NULL,	NULL,	NULL),
(285,	1,	NULL,	NULL,	80,	1,	146,	0,	NULL,	'2020-11-03 08:32:27',	NULL,	NULL,	NULL,	NULL),
(286,	1,	NULL,	NULL,	81,	1,	147,	0,	NULL,	'2020-11-03 08:32:27',	NULL,	NULL,	NULL,	NULL),
(287,	1,	NULL,	NULL,	82,	1,	148,	0,	NULL,	'2020-11-03 08:32:27',	NULL,	NULL,	NULL,	NULL),
(288,	5,	NULL,	NULL,	1,	1,	1,	1,	NULL,	'2020-11-03 09:53:47',	NULL,	NULL,	NULL,	NULL),
(289,	5,	NULL,	NULL,	2,	1,	2,	1,	NULL,	'2020-11-03 09:53:47',	NULL,	NULL,	NULL,	NULL),
(290,	5,	NULL,	NULL,	3,	1,	3,	1,	NULL,	'2020-11-03 09:53:47',	NULL,	NULL,	NULL,	NULL),
(291,	5,	NULL,	NULL,	4,	1,	4,	1,	NULL,	'2020-11-03 09:53:47',	NULL,	NULL,	NULL,	NULL),
(292,	5,	NULL,	NULL,	5,	1,	5,	1,	NULL,	'2020-11-03 09:53:47',	NULL,	NULL,	NULL,	NULL),
(293,	5,	NULL,	NULL,	6,	1,	6,	1,	NULL,	'2020-11-03 09:53:47',	NULL,	NULL,	NULL,	NULL),
(294,	5,	NULL,	NULL,	7,	1,	7,	1,	NULL,	'2020-11-03 09:53:47',	NULL,	NULL,	NULL,	NULL),
(295,	5,	NULL,	NULL,	8,	1,	8,	1,	NULL,	'2020-11-03 09:53:47',	NULL,	NULL,	NULL,	NULL),
(296,	5,	NULL,	NULL,	9,	1,	9,	0,	NULL,	'2020-11-03 09:53:47',	NULL,	NULL,	NULL,	NULL),
(297,	5,	NULL,	NULL,	10,	1,	10,	0,	NULL,	'2020-11-03 09:53:47',	NULL,	NULL,	NULL,	NULL),
(298,	5,	NULL,	NULL,	11,	1,	11,	0,	NULL,	'2020-11-03 09:53:47',	NULL,	NULL,	NULL,	NULL),
(299,	5,	NULL,	NULL,	12,	1,	12,	0,	NULL,	'2020-11-03 09:53:47',	NULL,	NULL,	NULL,	NULL),
(300,	5,	NULL,	NULL,	13,	1,	13,	0,	NULL,	'2020-11-03 09:53:47',	NULL,	NULL,	NULL,	NULL),
(301,	5,	NULL,	NULL,	14,	1,	14,	0,	NULL,	'2020-11-03 09:53:47',	NULL,	NULL,	NULL,	NULL),
(302,	5,	NULL,	NULL,	15,	1,	15,	0,	NULL,	'2020-11-03 09:53:47',	NULL,	NULL,	NULL,	NULL),
(303,	5,	NULL,	NULL,	16,	1,	16,	0,	NULL,	'2020-11-03 09:53:47',	NULL,	NULL,	NULL,	NULL),
(304,	5,	NULL,	NULL,	17,	1,	17,	0,	NULL,	'2020-11-03 09:53:47',	NULL,	NULL,	NULL,	NULL),
(305,	5,	NULL,	NULL,	18,	1,	18,	0,	NULL,	'2020-11-03 09:53:47',	NULL,	NULL,	NULL,	NULL),
(306,	5,	NULL,	NULL,	21,	1,	19,	0,	NULL,	'2020-11-03 09:53:47',	NULL,	NULL,	NULL,	NULL),
(307,	5,	NULL,	NULL,	22,	1,	20,	0,	NULL,	'2020-11-03 09:53:47',	NULL,	NULL,	NULL,	NULL),
(308,	5,	NULL,	NULL,	23,	1,	21,	0,	NULL,	'2020-11-03 09:53:48',	NULL,	NULL,	NULL,	NULL),
(309,	5,	NULL,	NULL,	24,	1,	22,	1,	NULL,	'2020-11-03 09:53:48',	NULL,	NULL,	NULL,	NULL),
(310,	5,	NULL,	NULL,	25,	1,	23,	0,	NULL,	'2020-11-03 09:53:48',	NULL,	NULL,	NULL,	NULL),
(311,	5,	NULL,	NULL,	26,	1,	24,	0,	NULL,	'2020-11-03 09:53:48',	NULL,	NULL,	NULL,	NULL),
(312,	5,	NULL,	NULL,	27,	1,	25,	0,	NULL,	'2020-11-03 09:53:48',	NULL,	NULL,	NULL,	NULL),
(313,	5,	NULL,	NULL,	28,	1,	26,	0,	NULL,	'2020-11-03 09:53:48',	NULL,	NULL,	NULL,	NULL),
(314,	5,	NULL,	NULL,	29,	1,	27,	0,	NULL,	'2020-11-03 09:53:48',	NULL,	NULL,	NULL,	NULL),
(315,	5,	NULL,	NULL,	30,	1,	28,	0,	NULL,	'2020-11-03 09:53:48',	NULL,	NULL,	NULL,	NULL),
(316,	5,	NULL,	NULL,	31,	1,	29,	0,	NULL,	'2020-11-03 09:53:48',	NULL,	NULL,	NULL,	NULL),
(317,	5,	NULL,	NULL,	32,	1,	30,	0,	NULL,	'2020-11-03 09:53:48',	NULL,	NULL,	NULL,	NULL),
(318,	5,	NULL,	NULL,	33,	1,	31,	0,	NULL,	'2020-11-03 09:53:48',	NULL,	NULL,	NULL,	NULL),
(319,	5,	NULL,	NULL,	34,	1,	32,	0,	NULL,	'2020-11-03 09:53:48',	NULL,	NULL,	NULL,	NULL),
(320,	5,	NULL,	NULL,	35,	1,	33,	0,	NULL,	'2020-11-03 09:53:48',	NULL,	NULL,	NULL,	NULL),
(321,	5,	NULL,	NULL,	36,	1,	34,	0,	NULL,	'2020-11-03 09:53:48',	NULL,	NULL,	NULL,	NULL),
(322,	5,	NULL,	NULL,	37,	1,	35,	0,	NULL,	'2020-11-03 09:53:48',	NULL,	NULL,	NULL,	NULL),
(323,	5,	NULL,	NULL,	38,	1,	36,	0,	NULL,	'2020-11-03 09:53:48',	NULL,	NULL,	NULL,	NULL),
(324,	5,	NULL,	NULL,	39,	1,	37,	0,	NULL,	'2020-11-03 09:53:48',	NULL,	NULL,	NULL,	NULL),
(325,	5,	NULL,	NULL,	40,	1,	38,	0,	NULL,	'2020-11-03 09:53:48',	NULL,	NULL,	NULL,	NULL),
(326,	5,	NULL,	NULL,	41,	1,	39,	0,	NULL,	'2020-11-03 09:53:48',	NULL,	NULL,	NULL,	NULL),
(327,	5,	NULL,	NULL,	42,	1,	40,	0,	NULL,	'2020-11-03 09:53:48',	NULL,	NULL,	NULL,	NULL),
(328,	5,	NULL,	NULL,	43,	1,	41,	0,	NULL,	'2020-11-03 09:53:48',	NULL,	NULL,	NULL,	NULL),
(329,	5,	NULL,	NULL,	44,	1,	42,	0,	NULL,	'2020-11-03 09:53:48',	NULL,	NULL,	NULL,	NULL),
(330,	5,	NULL,	NULL,	45,	1,	43,	0,	NULL,	'2020-11-03 09:53:48',	NULL,	NULL,	NULL,	NULL),
(331,	5,	NULL,	NULL,	46,	1,	44,	0,	NULL,	'2020-11-03 09:53:48',	NULL,	NULL,	NULL,	NULL),
(332,	5,	NULL,	NULL,	47,	1,	45,	0,	NULL,	'2020-11-03 09:53:48',	NULL,	NULL,	NULL,	NULL),
(333,	5,	NULL,	NULL,	48,	1,	46,	0,	NULL,	'2020-11-03 09:53:48',	NULL,	NULL,	NULL,	NULL),
(334,	5,	NULL,	NULL,	49,	1,	47,	0,	NULL,	'2020-11-03 09:53:48',	NULL,	NULL,	NULL,	NULL),
(335,	5,	NULL,	NULL,	50,	1,	48,	0,	NULL,	'2020-11-03 09:53:48',	NULL,	NULL,	NULL,	NULL),
(336,	5,	NULL,	NULL,	51,	1,	49,	0,	NULL,	'2020-11-03 09:53:48',	NULL,	NULL,	NULL,	NULL),
(337,	5,	NULL,	NULL,	52,	1,	50,	0,	NULL,	'2020-11-03 09:53:48',	NULL,	NULL,	NULL,	NULL),
(338,	5,	NULL,	NULL,	53,	1,	51,	0,	NULL,	'2020-11-03 09:53:48',	NULL,	NULL,	NULL,	NULL),
(339,	5,	NULL,	NULL,	54,	1,	52,	0,	NULL,	'2020-11-03 09:53:48',	NULL,	NULL,	NULL,	NULL),
(340,	5,	NULL,	NULL,	55,	1,	53,	0,	NULL,	'2020-11-03 09:53:48',	NULL,	NULL,	NULL,	NULL),
(341,	5,	NULL,	NULL,	56,	1,	54,	0,	NULL,	'2020-11-03 09:53:48',	NULL,	NULL,	NULL,	NULL),
(342,	5,	NULL,	NULL,	57,	1,	55,	0,	NULL,	'2020-11-03 09:53:48',	NULL,	NULL,	NULL,	NULL),
(343,	5,	NULL,	NULL,	58,	1,	56,	0,	NULL,	'2020-11-03 09:53:48',	NULL,	NULL,	NULL,	NULL),
(344,	5,	NULL,	NULL,	59,	1,	57,	0,	NULL,	'2020-11-03 09:53:48',	NULL,	NULL,	NULL,	NULL),
(345,	5,	NULL,	NULL,	60,	1,	58,	0,	NULL,	'2020-11-03 09:53:48',	NULL,	NULL,	NULL,	NULL),
(346,	5,	NULL,	NULL,	61,	1,	59,	0,	NULL,	'2020-11-03 09:53:48',	NULL,	NULL,	NULL,	NULL),
(347,	5,	NULL,	NULL,	62,	1,	60,	0,	NULL,	'2020-11-03 09:53:48',	NULL,	NULL,	NULL,	NULL),
(348,	5,	NULL,	NULL,	66,	1,	61,	0,	NULL,	'2020-11-03 09:53:48',	NULL,	NULL,	NULL,	NULL),
(349,	5,	NULL,	NULL,	67,	1,	62,	0,	NULL,	'2020-11-03 09:53:48',	NULL,	NULL,	NULL,	NULL),
(350,	5,	NULL,	NULL,	68,	1,	63,	0,	NULL,	'2020-11-03 09:53:48',	NULL,	NULL,	NULL,	NULL),
(351,	5,	NULL,	NULL,	69,	1,	64,	0,	NULL,	'2020-11-03 09:53:48',	NULL,	NULL,	NULL,	NULL),
(352,	5,	NULL,	NULL,	70,	1,	65,	0,	NULL,	'2020-11-03 09:53:48',	NULL,	NULL,	NULL,	NULL),
(353,	5,	NULL,	NULL,	71,	1,	66,	0,	NULL,	'2020-11-03 09:53:48',	NULL,	NULL,	NULL,	NULL),
(354,	5,	NULL,	NULL,	72,	1,	67,	0,	NULL,	'2020-11-03 09:53:48',	NULL,	NULL,	NULL,	NULL),
(355,	5,	NULL,	NULL,	73,	1,	68,	0,	NULL,	'2020-11-03 09:53:48',	NULL,	NULL,	NULL,	NULL),
(356,	5,	NULL,	NULL,	74,	1,	69,	0,	NULL,	'2020-11-03 09:53:48',	NULL,	NULL,	NULL,	NULL),
(357,	5,	NULL,	NULL,	75,	1,	70,	0,	NULL,	'2020-11-03 09:53:48',	NULL,	NULL,	NULL,	NULL),
(358,	5,	NULL,	NULL,	76,	1,	71,	0,	NULL,	'2020-11-03 09:53:48',	NULL,	NULL,	NULL,	NULL),
(359,	5,	NULL,	NULL,	77,	1,	72,	0,	NULL,	'2020-11-03 09:53:48',	NULL,	NULL,	NULL,	NULL),
(360,	5,	NULL,	NULL,	78,	1,	73,	0,	NULL,	'2020-11-03 09:53:48',	NULL,	NULL,	NULL,	NULL),
(361,	5,	NULL,	NULL,	79,	1,	74,	0,	NULL,	'2020-11-03 09:53:48',	NULL,	NULL,	NULL,	NULL),
(362,	5,	NULL,	NULL,	80,	1,	75,	0,	NULL,	'2020-11-03 09:53:48',	NULL,	NULL,	NULL,	NULL),
(363,	5,	NULL,	NULL,	81,	1,	76,	0,	NULL,	'2020-11-03 09:53:48',	NULL,	NULL,	NULL,	NULL),
(364,	5,	NULL,	NULL,	82,	1,	77,	0,	NULL,	'2020-11-03 09:53:48',	NULL,	NULL,	NULL,	NULL),
(365,	6,	NULL,	NULL,	1,	1,	1,	1,	NULL,	'2020-11-03 09:54:30',	NULL,	NULL,	NULL,	NULL),
(366,	6,	NULL,	NULL,	2,	1,	2,	1,	NULL,	'2020-11-03 09:54:30',	NULL,	NULL,	NULL,	NULL),
(367,	6,	NULL,	NULL,	3,	1,	3,	1,	NULL,	'2020-11-03 09:54:30',	NULL,	NULL,	NULL,	NULL),
(368,	6,	NULL,	NULL,	4,	1,	4,	1,	NULL,	'2020-11-03 09:54:30',	NULL,	NULL,	NULL,	NULL),
(369,	6,	NULL,	NULL,	5,	1,	5,	1,	NULL,	'2020-11-03 09:54:30',	NULL,	NULL,	NULL,	NULL),
(370,	6,	NULL,	NULL,	6,	1,	6,	1,	NULL,	'2020-11-03 09:54:30',	NULL,	NULL,	NULL,	NULL),
(371,	6,	NULL,	NULL,	7,	1,	7,	1,	NULL,	'2020-11-03 09:54:30',	NULL,	NULL,	NULL,	NULL),
(372,	6,	NULL,	NULL,	8,	1,	8,	1,	NULL,	'2020-11-03 09:54:30',	NULL,	NULL,	NULL,	NULL),
(373,	6,	NULL,	NULL,	9,	1,	9,	0,	NULL,	'2020-11-03 09:54:30',	NULL,	NULL,	NULL,	NULL),
(374,	6,	NULL,	NULL,	10,	1,	10,	0,	NULL,	'2020-11-03 09:54:30',	NULL,	NULL,	NULL,	NULL),
(375,	6,	NULL,	NULL,	11,	1,	11,	0,	NULL,	'2020-11-03 09:54:30',	NULL,	NULL,	NULL,	NULL),
(376,	6,	NULL,	NULL,	12,	1,	12,	0,	NULL,	'2020-11-03 09:54:30',	NULL,	NULL,	NULL,	NULL),
(377,	6,	NULL,	NULL,	13,	1,	13,	0,	NULL,	'2020-11-03 09:54:30',	NULL,	NULL,	NULL,	NULL),
(378,	6,	NULL,	NULL,	14,	1,	14,	0,	NULL,	'2020-11-03 09:54:30',	NULL,	NULL,	NULL,	NULL),
(379,	6,	NULL,	NULL,	15,	1,	15,	0,	NULL,	'2020-11-03 09:54:30',	NULL,	NULL,	NULL,	NULL),
(380,	6,	NULL,	NULL,	16,	1,	16,	0,	NULL,	'2020-11-03 09:54:30',	NULL,	NULL,	NULL,	NULL),
(381,	6,	NULL,	NULL,	17,	1,	17,	0,	NULL,	'2020-11-03 09:54:30',	NULL,	NULL,	NULL,	NULL),
(382,	6,	NULL,	NULL,	18,	1,	18,	0,	NULL,	'2020-11-03 09:54:30',	NULL,	NULL,	NULL,	NULL),
(383,	6,	NULL,	NULL,	21,	1,	19,	0,	NULL,	'2020-11-03 09:54:30',	NULL,	NULL,	NULL,	NULL),
(384,	6,	NULL,	NULL,	22,	1,	20,	0,	NULL,	'2020-11-03 09:54:30',	NULL,	NULL,	NULL,	NULL),
(385,	6,	NULL,	NULL,	23,	1,	21,	0,	NULL,	'2020-11-03 09:54:30',	NULL,	NULL,	NULL,	NULL),
(386,	6,	NULL,	NULL,	24,	1,	22,	1,	NULL,	'2020-11-03 09:54:30',	NULL,	NULL,	NULL,	NULL),
(387,	6,	NULL,	NULL,	25,	1,	23,	0,	NULL,	'2020-11-03 09:54:30',	NULL,	NULL,	NULL,	NULL),
(388,	6,	NULL,	NULL,	26,	1,	24,	0,	NULL,	'2020-11-03 09:54:30',	NULL,	NULL,	NULL,	NULL),
(389,	6,	NULL,	NULL,	27,	1,	25,	0,	NULL,	'2020-11-03 09:54:30',	NULL,	NULL,	NULL,	NULL),
(390,	6,	NULL,	NULL,	28,	1,	26,	0,	NULL,	'2020-11-03 09:54:30',	NULL,	NULL,	NULL,	NULL),
(391,	6,	NULL,	NULL,	29,	1,	27,	0,	NULL,	'2020-11-03 09:54:30',	NULL,	NULL,	NULL,	NULL),
(392,	6,	NULL,	NULL,	30,	1,	28,	0,	NULL,	'2020-11-03 09:54:30',	NULL,	NULL,	NULL,	NULL),
(393,	6,	NULL,	NULL,	31,	1,	29,	0,	NULL,	'2020-11-03 09:54:30',	NULL,	NULL,	NULL,	NULL),
(394,	6,	NULL,	NULL,	32,	1,	30,	0,	NULL,	'2020-11-03 09:54:30',	NULL,	NULL,	NULL,	NULL),
(395,	6,	NULL,	NULL,	33,	1,	31,	0,	NULL,	'2020-11-03 09:54:30',	NULL,	NULL,	NULL,	NULL),
(396,	6,	NULL,	NULL,	34,	1,	32,	0,	NULL,	'2020-11-03 09:54:30',	NULL,	NULL,	NULL,	NULL),
(397,	6,	NULL,	NULL,	35,	1,	33,	0,	NULL,	'2020-11-03 09:54:30',	NULL,	NULL,	NULL,	NULL),
(398,	6,	NULL,	NULL,	36,	1,	34,	0,	NULL,	'2020-11-03 09:54:30',	NULL,	NULL,	NULL,	NULL),
(399,	6,	NULL,	NULL,	37,	1,	35,	0,	NULL,	'2020-11-03 09:54:30',	NULL,	NULL,	NULL,	NULL),
(400,	6,	NULL,	NULL,	38,	1,	36,	0,	NULL,	'2020-11-03 09:54:30',	NULL,	NULL,	NULL,	NULL),
(401,	6,	NULL,	NULL,	39,	1,	37,	0,	NULL,	'2020-11-03 09:54:30',	NULL,	NULL,	NULL,	NULL),
(402,	6,	NULL,	NULL,	40,	1,	38,	0,	NULL,	'2020-11-03 09:54:30',	NULL,	NULL,	NULL,	NULL),
(403,	6,	NULL,	NULL,	41,	1,	39,	0,	NULL,	'2020-11-03 09:54:30',	NULL,	NULL,	NULL,	NULL),
(404,	6,	NULL,	NULL,	42,	1,	40,	0,	NULL,	'2020-11-03 09:54:30',	NULL,	NULL,	NULL,	NULL),
(405,	6,	NULL,	NULL,	43,	1,	41,	0,	NULL,	'2020-11-03 09:54:30',	NULL,	NULL,	NULL,	NULL),
(406,	6,	NULL,	NULL,	44,	1,	42,	0,	NULL,	'2020-11-03 09:54:30',	NULL,	NULL,	NULL,	NULL),
(407,	6,	NULL,	NULL,	45,	1,	43,	0,	NULL,	'2020-11-03 09:54:30',	NULL,	NULL,	NULL,	NULL),
(408,	6,	NULL,	NULL,	46,	1,	44,	0,	NULL,	'2020-11-03 09:54:30',	NULL,	NULL,	NULL,	NULL),
(409,	6,	NULL,	NULL,	47,	1,	45,	0,	NULL,	'2020-11-03 09:54:30',	NULL,	NULL,	NULL,	NULL),
(410,	6,	NULL,	NULL,	48,	1,	46,	0,	NULL,	'2020-11-03 09:54:30',	NULL,	NULL,	NULL,	NULL),
(411,	6,	NULL,	NULL,	49,	1,	47,	0,	NULL,	'2020-11-03 09:54:30',	NULL,	NULL,	NULL,	NULL),
(412,	6,	NULL,	NULL,	50,	1,	48,	0,	NULL,	'2020-11-03 09:54:30',	NULL,	NULL,	NULL,	NULL),
(413,	6,	NULL,	NULL,	51,	1,	49,	0,	NULL,	'2020-11-03 09:54:30',	NULL,	NULL,	NULL,	NULL),
(414,	6,	NULL,	NULL,	52,	1,	50,	0,	NULL,	'2020-11-03 09:54:30',	NULL,	NULL,	NULL,	NULL),
(415,	6,	NULL,	NULL,	53,	1,	51,	0,	NULL,	'2020-11-03 09:54:30',	NULL,	NULL,	NULL,	NULL),
(416,	6,	NULL,	NULL,	54,	1,	52,	0,	NULL,	'2020-11-03 09:54:30',	NULL,	NULL,	NULL,	NULL),
(417,	6,	NULL,	NULL,	55,	1,	53,	0,	NULL,	'2020-11-03 09:54:30',	NULL,	NULL,	NULL,	NULL),
(418,	6,	NULL,	NULL,	56,	1,	54,	0,	NULL,	'2020-11-03 09:54:30',	NULL,	NULL,	NULL,	NULL),
(419,	6,	NULL,	NULL,	57,	1,	55,	0,	NULL,	'2020-11-03 09:54:30',	NULL,	NULL,	NULL,	NULL),
(420,	6,	NULL,	NULL,	58,	1,	56,	0,	NULL,	'2020-11-03 09:54:30',	NULL,	NULL,	NULL,	NULL),
(421,	6,	NULL,	NULL,	59,	1,	57,	0,	NULL,	'2020-11-03 09:54:30',	NULL,	NULL,	NULL,	NULL),
(422,	6,	NULL,	NULL,	60,	1,	58,	0,	NULL,	'2020-11-03 09:54:30',	NULL,	NULL,	NULL,	NULL),
(423,	6,	NULL,	NULL,	61,	1,	59,	0,	NULL,	'2020-11-03 09:54:30',	NULL,	NULL,	NULL,	NULL),
(424,	6,	NULL,	NULL,	62,	1,	60,	0,	NULL,	'2020-11-03 09:54:30',	NULL,	NULL,	NULL,	NULL),
(425,	6,	NULL,	NULL,	66,	1,	61,	0,	NULL,	'2020-11-03 09:54:30',	NULL,	NULL,	NULL,	NULL),
(426,	6,	NULL,	NULL,	67,	1,	62,	0,	NULL,	'2020-11-03 09:54:30',	NULL,	NULL,	NULL,	NULL),
(427,	6,	NULL,	NULL,	68,	1,	63,	0,	NULL,	'2020-11-03 09:54:30',	NULL,	NULL,	NULL,	NULL),
(428,	6,	NULL,	NULL,	69,	1,	64,	0,	NULL,	'2020-11-03 09:54:30',	NULL,	NULL,	NULL,	NULL),
(429,	6,	NULL,	NULL,	70,	1,	65,	0,	NULL,	'2020-11-03 09:54:30',	NULL,	NULL,	NULL,	NULL),
(430,	6,	NULL,	NULL,	71,	1,	66,	0,	NULL,	'2020-11-03 09:54:30',	NULL,	NULL,	NULL,	NULL),
(431,	6,	NULL,	NULL,	72,	1,	67,	0,	NULL,	'2020-11-03 09:54:30',	NULL,	NULL,	NULL,	NULL),
(432,	6,	NULL,	NULL,	73,	1,	68,	0,	NULL,	'2020-11-03 09:54:30',	NULL,	NULL,	NULL,	NULL),
(433,	6,	NULL,	NULL,	74,	1,	69,	0,	NULL,	'2020-11-03 09:54:30',	NULL,	NULL,	NULL,	NULL),
(434,	6,	NULL,	NULL,	75,	1,	70,	0,	NULL,	'2020-11-03 09:54:30',	NULL,	NULL,	NULL,	NULL),
(435,	6,	NULL,	NULL,	76,	1,	71,	0,	NULL,	'2020-11-03 09:54:30',	NULL,	NULL,	NULL,	NULL),
(436,	6,	NULL,	NULL,	77,	1,	72,	0,	NULL,	'2020-11-03 09:54:30',	NULL,	NULL,	NULL,	NULL),
(437,	6,	NULL,	NULL,	78,	1,	73,	0,	NULL,	'2020-11-03 09:54:30',	NULL,	NULL,	NULL,	NULL),
(438,	6,	NULL,	NULL,	79,	1,	74,	0,	NULL,	'2020-11-03 09:54:30',	NULL,	NULL,	NULL,	NULL),
(439,	6,	NULL,	NULL,	80,	1,	75,	0,	NULL,	'2020-11-03 09:54:30',	NULL,	NULL,	NULL,	NULL),
(440,	6,	NULL,	NULL,	81,	1,	76,	0,	NULL,	'2020-11-03 09:54:30',	NULL,	NULL,	NULL,	NULL),
(441,	6,	NULL,	NULL,	82,	1,	77,	0,	NULL,	'2020-11-03 09:54:30',	NULL,	NULL,	NULL,	NULL),
(442,	7,	NULL,	NULL,	1,	1,	1,	1,	NULL,	'2020-11-03 09:56:33',	NULL,	NULL,	NULL,	NULL),
(443,	7,	NULL,	NULL,	2,	1,	2,	1,	NULL,	'2020-11-03 09:56:33',	NULL,	NULL,	NULL,	NULL),
(444,	7,	NULL,	NULL,	3,	1,	3,	1,	NULL,	'2020-11-03 09:56:33',	NULL,	NULL,	NULL,	NULL),
(445,	7,	NULL,	NULL,	4,	1,	4,	1,	NULL,	'2020-11-03 09:56:33',	NULL,	NULL,	NULL,	NULL),
(446,	7,	NULL,	NULL,	5,	1,	5,	1,	NULL,	'2020-11-03 09:56:33',	NULL,	NULL,	NULL,	NULL),
(447,	7,	NULL,	NULL,	6,	1,	6,	1,	NULL,	'2020-11-03 09:56:33',	NULL,	NULL,	NULL,	NULL),
(448,	7,	NULL,	NULL,	7,	1,	7,	1,	NULL,	'2020-11-03 09:56:33',	NULL,	NULL,	NULL,	NULL),
(449,	7,	NULL,	NULL,	8,	1,	8,	1,	NULL,	'2020-11-03 09:56:33',	NULL,	NULL,	NULL,	NULL),
(450,	7,	NULL,	NULL,	9,	1,	9,	0,	NULL,	'2020-11-03 09:56:33',	NULL,	NULL,	NULL,	NULL),
(451,	7,	NULL,	NULL,	10,	1,	10,	0,	NULL,	'2020-11-03 09:56:33',	NULL,	NULL,	NULL,	NULL),
(452,	7,	NULL,	NULL,	11,	1,	11,	0,	NULL,	'2020-11-03 09:56:33',	NULL,	NULL,	NULL,	NULL),
(453,	7,	NULL,	NULL,	12,	1,	12,	0,	NULL,	'2020-11-03 09:56:33',	NULL,	NULL,	NULL,	NULL),
(454,	7,	NULL,	NULL,	13,	1,	13,	0,	NULL,	'2020-11-03 09:56:33',	NULL,	NULL,	NULL,	NULL),
(455,	7,	NULL,	NULL,	14,	1,	14,	0,	NULL,	'2020-11-03 09:56:33',	NULL,	NULL,	NULL,	NULL),
(456,	7,	NULL,	NULL,	15,	1,	15,	0,	NULL,	'2020-11-03 09:56:33',	NULL,	NULL,	NULL,	NULL),
(457,	7,	NULL,	NULL,	16,	1,	16,	0,	NULL,	'2020-11-03 09:56:33',	NULL,	NULL,	NULL,	NULL),
(458,	7,	NULL,	NULL,	17,	1,	17,	0,	NULL,	'2020-11-03 09:56:33',	NULL,	NULL,	NULL,	NULL),
(459,	7,	NULL,	NULL,	18,	1,	18,	0,	NULL,	'2020-11-03 09:56:33',	NULL,	NULL,	NULL,	NULL),
(460,	7,	NULL,	NULL,	21,	1,	19,	0,	NULL,	'2020-11-03 09:56:33',	NULL,	NULL,	NULL,	NULL),
(461,	7,	NULL,	NULL,	22,	1,	20,	0,	NULL,	'2020-11-03 09:56:33',	NULL,	NULL,	NULL,	NULL),
(462,	7,	NULL,	NULL,	23,	1,	21,	0,	NULL,	'2020-11-03 09:56:33',	NULL,	NULL,	NULL,	NULL),
(463,	7,	NULL,	NULL,	24,	1,	22,	1,	NULL,	'2020-11-03 09:56:33',	NULL,	NULL,	NULL,	NULL),
(464,	7,	NULL,	NULL,	25,	1,	23,	0,	NULL,	'2020-11-03 09:56:33',	NULL,	NULL,	NULL,	NULL),
(465,	7,	NULL,	NULL,	26,	1,	24,	0,	NULL,	'2020-11-03 09:56:33',	NULL,	NULL,	NULL,	NULL),
(466,	7,	NULL,	NULL,	27,	1,	25,	0,	NULL,	'2020-11-03 09:56:33',	NULL,	NULL,	NULL,	NULL),
(467,	7,	NULL,	NULL,	28,	1,	26,	0,	NULL,	'2020-11-03 09:56:33',	NULL,	NULL,	NULL,	NULL),
(468,	7,	NULL,	NULL,	29,	1,	27,	0,	NULL,	'2020-11-03 09:56:33',	NULL,	NULL,	NULL,	NULL),
(469,	7,	NULL,	NULL,	30,	1,	28,	0,	NULL,	'2020-11-03 09:56:33',	NULL,	NULL,	NULL,	NULL),
(470,	7,	NULL,	NULL,	31,	1,	29,	0,	NULL,	'2020-11-03 09:56:33',	NULL,	NULL,	NULL,	NULL),
(471,	7,	NULL,	NULL,	32,	1,	30,	0,	NULL,	'2020-11-03 09:56:33',	NULL,	NULL,	NULL,	NULL),
(472,	7,	NULL,	NULL,	33,	1,	31,	0,	NULL,	'2020-11-03 09:56:33',	NULL,	NULL,	NULL,	NULL),
(473,	7,	NULL,	NULL,	34,	1,	32,	0,	NULL,	'2020-11-03 09:56:33',	NULL,	NULL,	NULL,	NULL),
(474,	7,	NULL,	NULL,	35,	1,	33,	0,	NULL,	'2020-11-03 09:56:33',	NULL,	NULL,	NULL,	NULL),
(475,	7,	NULL,	NULL,	36,	1,	34,	0,	NULL,	'2020-11-03 09:56:33',	NULL,	NULL,	NULL,	NULL),
(476,	7,	NULL,	NULL,	37,	1,	35,	0,	NULL,	'2020-11-03 09:56:33',	NULL,	NULL,	NULL,	NULL),
(477,	7,	NULL,	NULL,	38,	1,	36,	0,	NULL,	'2020-11-03 09:56:33',	NULL,	NULL,	NULL,	NULL),
(478,	7,	NULL,	NULL,	39,	1,	37,	0,	NULL,	'2020-11-03 09:56:33',	NULL,	NULL,	NULL,	NULL),
(479,	7,	NULL,	NULL,	40,	1,	38,	0,	NULL,	'2020-11-03 09:56:33',	NULL,	NULL,	NULL,	NULL),
(480,	7,	NULL,	NULL,	41,	1,	39,	0,	NULL,	'2020-11-03 09:56:33',	NULL,	NULL,	NULL,	NULL),
(481,	7,	NULL,	NULL,	42,	1,	40,	0,	NULL,	'2020-11-03 09:56:33',	NULL,	NULL,	NULL,	NULL),
(482,	7,	NULL,	NULL,	43,	1,	41,	0,	NULL,	'2020-11-03 09:56:33',	NULL,	NULL,	NULL,	NULL),
(483,	7,	NULL,	NULL,	44,	1,	42,	0,	NULL,	'2020-11-03 09:56:33',	NULL,	NULL,	NULL,	NULL),
(484,	7,	NULL,	NULL,	45,	1,	43,	0,	NULL,	'2020-11-03 09:56:33',	NULL,	NULL,	NULL,	NULL),
(485,	7,	NULL,	NULL,	46,	1,	44,	0,	NULL,	'2020-11-03 09:56:33',	NULL,	NULL,	NULL,	NULL),
(486,	7,	NULL,	NULL,	47,	1,	45,	0,	NULL,	'2020-11-03 09:56:33',	NULL,	NULL,	NULL,	NULL),
(487,	7,	NULL,	NULL,	48,	1,	46,	0,	NULL,	'2020-11-03 09:56:33',	NULL,	NULL,	NULL,	NULL),
(488,	7,	NULL,	NULL,	49,	1,	47,	0,	NULL,	'2020-11-03 09:56:33',	NULL,	NULL,	NULL,	NULL),
(489,	7,	NULL,	NULL,	50,	1,	48,	0,	NULL,	'2020-11-03 09:56:33',	NULL,	NULL,	NULL,	NULL),
(490,	7,	NULL,	NULL,	51,	1,	49,	0,	NULL,	'2020-11-03 09:56:33',	NULL,	NULL,	NULL,	NULL),
(491,	7,	NULL,	NULL,	52,	1,	50,	0,	NULL,	'2020-11-03 09:56:33',	NULL,	NULL,	NULL,	NULL),
(492,	7,	NULL,	NULL,	53,	1,	51,	0,	NULL,	'2020-11-03 09:56:33',	NULL,	NULL,	NULL,	NULL),
(493,	7,	NULL,	NULL,	54,	1,	52,	0,	NULL,	'2020-11-03 09:56:33',	NULL,	NULL,	NULL,	NULL),
(494,	7,	NULL,	NULL,	55,	1,	53,	0,	NULL,	'2020-11-03 09:56:33',	NULL,	NULL,	NULL,	NULL),
(495,	7,	NULL,	NULL,	56,	1,	54,	0,	NULL,	'2020-11-03 09:56:33',	NULL,	NULL,	NULL,	NULL),
(496,	7,	NULL,	NULL,	57,	1,	55,	0,	NULL,	'2020-11-03 09:56:33',	NULL,	NULL,	NULL,	NULL),
(497,	7,	NULL,	NULL,	58,	1,	56,	0,	NULL,	'2020-11-03 09:56:33',	NULL,	NULL,	NULL,	NULL),
(498,	7,	NULL,	NULL,	59,	1,	57,	0,	NULL,	'2020-11-03 09:56:33',	NULL,	NULL,	NULL,	NULL),
(499,	7,	NULL,	NULL,	60,	1,	58,	0,	NULL,	'2020-11-03 09:56:33',	NULL,	NULL,	NULL,	NULL),
(500,	7,	NULL,	NULL,	61,	1,	59,	0,	NULL,	'2020-11-03 09:56:33',	NULL,	NULL,	NULL,	NULL),
(501,	7,	NULL,	NULL,	62,	1,	60,	0,	NULL,	'2020-11-03 09:56:33',	NULL,	NULL,	NULL,	NULL),
(502,	7,	NULL,	NULL,	66,	1,	61,	0,	NULL,	'2020-11-03 09:56:33',	NULL,	NULL,	NULL,	NULL),
(503,	7,	NULL,	NULL,	67,	1,	62,	0,	NULL,	'2020-11-03 09:56:33',	NULL,	NULL,	NULL,	NULL),
(504,	7,	NULL,	NULL,	68,	1,	63,	0,	NULL,	'2020-11-03 09:56:33',	NULL,	NULL,	NULL,	NULL),
(505,	7,	NULL,	NULL,	69,	1,	64,	0,	NULL,	'2020-11-03 09:56:33',	NULL,	NULL,	NULL,	NULL),
(506,	7,	NULL,	NULL,	70,	1,	65,	0,	NULL,	'2020-11-03 09:56:33',	NULL,	NULL,	NULL,	NULL),
(507,	7,	NULL,	NULL,	71,	1,	66,	0,	NULL,	'2020-11-03 09:56:33',	NULL,	NULL,	NULL,	NULL),
(508,	7,	NULL,	NULL,	72,	1,	67,	0,	NULL,	'2020-11-03 09:56:33',	NULL,	NULL,	NULL,	NULL),
(509,	7,	NULL,	NULL,	73,	1,	68,	0,	NULL,	'2020-11-03 09:56:33',	NULL,	NULL,	NULL,	NULL),
(510,	7,	NULL,	NULL,	74,	1,	69,	0,	NULL,	'2020-11-03 09:56:33',	NULL,	NULL,	NULL,	NULL),
(511,	7,	NULL,	NULL,	75,	1,	70,	0,	NULL,	'2020-11-03 09:56:33',	NULL,	NULL,	NULL,	NULL),
(512,	7,	NULL,	NULL,	76,	1,	71,	0,	NULL,	'2020-11-03 09:56:33',	NULL,	NULL,	NULL,	NULL),
(513,	7,	NULL,	NULL,	77,	1,	72,	0,	NULL,	'2020-11-03 09:56:33',	NULL,	NULL,	NULL,	NULL),
(514,	7,	NULL,	NULL,	78,	1,	73,	0,	NULL,	'2020-11-03 09:56:33',	NULL,	NULL,	NULL,	NULL),
(515,	7,	NULL,	NULL,	79,	1,	74,	0,	NULL,	'2020-11-03 09:56:33',	NULL,	NULL,	NULL,	NULL),
(516,	7,	NULL,	NULL,	80,	1,	75,	0,	NULL,	'2020-11-03 09:56:33',	NULL,	NULL,	NULL,	NULL),
(517,	7,	NULL,	NULL,	81,	1,	76,	0,	NULL,	'2020-11-03 09:56:33',	NULL,	NULL,	NULL,	NULL),
(518,	7,	NULL,	NULL,	82,	1,	77,	0,	NULL,	'2020-11-03 09:56:33',	NULL,	NULL,	NULL,	NULL),
(519,	8,	NULL,	NULL,	1,	1,	1,	1,	NULL,	'2020-11-03 09:59:19',	NULL,	NULL,	NULL,	NULL),
(520,	8,	NULL,	NULL,	2,	1,	2,	1,	NULL,	'2020-11-03 09:59:19',	NULL,	NULL,	NULL,	NULL),
(521,	8,	NULL,	NULL,	3,	1,	3,	1,	NULL,	'2020-11-03 09:59:19',	NULL,	NULL,	NULL,	NULL),
(522,	8,	NULL,	NULL,	4,	1,	4,	1,	NULL,	'2020-11-03 09:59:19',	NULL,	NULL,	NULL,	NULL),
(523,	8,	NULL,	NULL,	5,	1,	5,	1,	NULL,	'2020-11-03 09:59:19',	NULL,	NULL,	NULL,	NULL),
(524,	8,	NULL,	NULL,	6,	1,	6,	1,	NULL,	'2020-11-03 09:59:19',	NULL,	NULL,	NULL,	NULL),
(525,	8,	NULL,	NULL,	7,	1,	7,	1,	NULL,	'2020-11-03 09:59:19',	NULL,	NULL,	NULL,	NULL),
(526,	8,	NULL,	NULL,	8,	1,	8,	1,	NULL,	'2020-11-03 09:59:19',	NULL,	NULL,	NULL,	NULL),
(527,	8,	NULL,	NULL,	9,	1,	9,	0,	NULL,	'2020-11-03 09:59:19',	NULL,	NULL,	NULL,	NULL),
(528,	8,	NULL,	NULL,	10,	1,	10,	0,	NULL,	'2020-11-03 09:59:19',	NULL,	NULL,	NULL,	NULL),
(529,	8,	NULL,	NULL,	11,	1,	11,	0,	NULL,	'2020-11-03 09:59:19',	NULL,	NULL,	NULL,	NULL),
(530,	8,	NULL,	NULL,	12,	1,	12,	0,	NULL,	'2020-11-03 09:59:19',	NULL,	NULL,	NULL,	NULL),
(531,	8,	NULL,	NULL,	13,	1,	13,	0,	NULL,	'2020-11-03 09:59:19',	NULL,	NULL,	NULL,	NULL),
(532,	8,	NULL,	NULL,	14,	1,	14,	0,	NULL,	'2020-11-03 09:59:19',	NULL,	NULL,	NULL,	NULL),
(533,	8,	NULL,	NULL,	15,	1,	15,	0,	NULL,	'2020-11-03 09:59:19',	NULL,	NULL,	NULL,	NULL),
(534,	8,	NULL,	NULL,	16,	1,	16,	0,	NULL,	'2020-11-03 09:59:19',	NULL,	NULL,	NULL,	NULL),
(535,	8,	NULL,	NULL,	17,	1,	17,	0,	NULL,	'2020-11-03 09:59:19',	NULL,	NULL,	NULL,	NULL),
(536,	8,	NULL,	NULL,	18,	1,	18,	0,	NULL,	'2020-11-03 09:59:19',	NULL,	NULL,	NULL,	NULL),
(537,	8,	NULL,	NULL,	21,	1,	19,	0,	NULL,	'2020-11-03 09:59:19',	NULL,	NULL,	NULL,	NULL),
(538,	8,	NULL,	NULL,	22,	1,	20,	0,	NULL,	'2020-11-03 09:59:19',	NULL,	NULL,	NULL,	NULL),
(539,	8,	NULL,	NULL,	23,	1,	21,	0,	NULL,	'2020-11-03 09:59:19',	NULL,	NULL,	NULL,	NULL),
(540,	8,	NULL,	NULL,	24,	1,	22,	1,	NULL,	'2020-11-03 09:59:19',	NULL,	NULL,	NULL,	NULL),
(541,	8,	NULL,	NULL,	25,	1,	23,	0,	NULL,	'2020-11-03 09:59:19',	NULL,	NULL,	NULL,	NULL),
(542,	8,	NULL,	NULL,	26,	1,	24,	0,	NULL,	'2020-11-03 09:59:19',	NULL,	NULL,	NULL,	NULL),
(543,	8,	NULL,	NULL,	27,	1,	25,	0,	NULL,	'2020-11-03 09:59:19',	NULL,	NULL,	NULL,	NULL),
(544,	8,	NULL,	NULL,	28,	1,	26,	0,	NULL,	'2020-11-03 09:59:19',	NULL,	NULL,	NULL,	NULL),
(545,	8,	NULL,	NULL,	29,	1,	27,	0,	NULL,	'2020-11-03 09:59:19',	NULL,	NULL,	NULL,	NULL),
(546,	8,	NULL,	NULL,	30,	1,	28,	0,	NULL,	'2020-11-03 09:59:19',	NULL,	NULL,	NULL,	NULL),
(547,	8,	NULL,	NULL,	31,	1,	29,	0,	NULL,	'2020-11-03 09:59:19',	NULL,	NULL,	NULL,	NULL),
(548,	8,	NULL,	NULL,	32,	1,	30,	0,	NULL,	'2020-11-03 09:59:19',	NULL,	NULL,	NULL,	NULL),
(549,	8,	NULL,	NULL,	33,	1,	31,	0,	NULL,	'2020-11-03 09:59:19',	NULL,	NULL,	NULL,	NULL),
(550,	8,	NULL,	NULL,	34,	1,	32,	0,	NULL,	'2020-11-03 09:59:19',	NULL,	NULL,	NULL,	NULL),
(551,	8,	NULL,	NULL,	35,	1,	33,	0,	NULL,	'2020-11-03 09:59:19',	NULL,	NULL,	NULL,	NULL),
(552,	8,	NULL,	NULL,	36,	1,	34,	0,	NULL,	'2020-11-03 09:59:19',	NULL,	NULL,	NULL,	NULL),
(553,	8,	NULL,	NULL,	37,	1,	35,	0,	NULL,	'2020-11-03 09:59:19',	NULL,	NULL,	NULL,	NULL),
(554,	8,	NULL,	NULL,	38,	1,	36,	0,	NULL,	'2020-11-03 09:59:19',	NULL,	NULL,	NULL,	NULL),
(555,	8,	NULL,	NULL,	39,	1,	37,	0,	NULL,	'2020-11-03 09:59:19',	NULL,	NULL,	NULL,	NULL),
(556,	8,	NULL,	NULL,	40,	1,	38,	0,	NULL,	'2020-11-03 09:59:19',	NULL,	NULL,	NULL,	NULL),
(557,	8,	NULL,	NULL,	41,	1,	39,	0,	NULL,	'2020-11-03 09:59:19',	NULL,	NULL,	NULL,	NULL),
(558,	8,	NULL,	NULL,	42,	1,	40,	0,	NULL,	'2020-11-03 09:59:19',	NULL,	NULL,	NULL,	NULL),
(559,	8,	NULL,	NULL,	43,	1,	41,	0,	NULL,	'2020-11-03 09:59:19',	NULL,	NULL,	NULL,	NULL),
(560,	8,	NULL,	NULL,	44,	1,	42,	0,	NULL,	'2020-11-03 09:59:19',	NULL,	NULL,	NULL,	NULL),
(561,	8,	NULL,	NULL,	45,	1,	43,	0,	NULL,	'2020-11-03 09:59:19',	NULL,	NULL,	NULL,	NULL),
(562,	8,	NULL,	NULL,	46,	1,	44,	0,	NULL,	'2020-11-03 09:59:19',	NULL,	NULL,	NULL,	NULL),
(563,	8,	NULL,	NULL,	47,	1,	45,	0,	NULL,	'2020-11-03 09:59:19',	NULL,	NULL,	NULL,	NULL),
(564,	8,	NULL,	NULL,	48,	1,	46,	0,	NULL,	'2020-11-03 09:59:19',	NULL,	NULL,	NULL,	NULL),
(565,	8,	NULL,	NULL,	49,	1,	47,	0,	NULL,	'2020-11-03 09:59:19',	NULL,	NULL,	NULL,	NULL),
(566,	8,	NULL,	NULL,	50,	1,	48,	0,	NULL,	'2020-11-03 09:59:19',	NULL,	NULL,	NULL,	NULL),
(567,	8,	NULL,	NULL,	51,	1,	49,	0,	NULL,	'2020-11-03 09:59:19',	NULL,	NULL,	NULL,	NULL),
(568,	8,	NULL,	NULL,	52,	1,	50,	0,	NULL,	'2020-11-03 09:59:19',	NULL,	NULL,	NULL,	NULL),
(569,	8,	NULL,	NULL,	53,	1,	51,	0,	NULL,	'2020-11-03 09:59:19',	NULL,	NULL,	NULL,	NULL),
(570,	8,	NULL,	NULL,	54,	1,	52,	0,	NULL,	'2020-11-03 09:59:19',	NULL,	NULL,	NULL,	NULL),
(571,	8,	NULL,	NULL,	55,	1,	53,	0,	NULL,	'2020-11-03 09:59:19',	NULL,	NULL,	NULL,	NULL),
(572,	8,	NULL,	NULL,	56,	1,	54,	0,	NULL,	'2020-11-03 09:59:19',	NULL,	NULL,	NULL,	NULL),
(573,	8,	NULL,	NULL,	57,	1,	55,	0,	NULL,	'2020-11-03 09:59:19',	NULL,	NULL,	NULL,	NULL),
(574,	8,	NULL,	NULL,	58,	1,	56,	0,	NULL,	'2020-11-03 09:59:19',	NULL,	NULL,	NULL,	NULL),
(575,	8,	NULL,	NULL,	59,	1,	57,	0,	NULL,	'2020-11-03 09:59:19',	NULL,	NULL,	NULL,	NULL),
(576,	8,	NULL,	NULL,	60,	1,	58,	0,	NULL,	'2020-11-03 09:59:19',	NULL,	NULL,	NULL,	NULL),
(577,	8,	NULL,	NULL,	61,	1,	59,	0,	NULL,	'2020-11-03 09:59:19',	NULL,	NULL,	NULL,	NULL),
(578,	8,	NULL,	NULL,	62,	1,	60,	0,	NULL,	'2020-11-03 09:59:19',	NULL,	NULL,	NULL,	NULL),
(579,	8,	NULL,	NULL,	66,	1,	61,	0,	NULL,	'2020-11-03 09:59:19',	NULL,	NULL,	NULL,	NULL),
(580,	8,	NULL,	NULL,	67,	1,	62,	0,	NULL,	'2020-11-03 09:59:19',	NULL,	NULL,	NULL,	NULL),
(581,	8,	NULL,	NULL,	68,	1,	63,	0,	NULL,	'2020-11-03 09:59:19',	NULL,	NULL,	NULL,	NULL),
(582,	8,	NULL,	NULL,	69,	1,	64,	0,	NULL,	'2020-11-03 09:59:19',	NULL,	NULL,	NULL,	NULL),
(583,	8,	NULL,	NULL,	70,	1,	65,	0,	NULL,	'2020-11-03 09:59:19',	NULL,	NULL,	NULL,	NULL),
(584,	8,	NULL,	NULL,	71,	1,	66,	0,	NULL,	'2020-11-03 09:59:19',	NULL,	NULL,	NULL,	NULL),
(585,	8,	NULL,	NULL,	72,	1,	67,	0,	NULL,	'2020-11-03 09:59:19',	NULL,	NULL,	NULL,	NULL),
(586,	8,	NULL,	NULL,	73,	1,	68,	0,	NULL,	'2020-11-03 09:59:19',	NULL,	NULL,	NULL,	NULL),
(587,	8,	NULL,	NULL,	74,	1,	69,	0,	NULL,	'2020-11-03 09:59:19',	NULL,	NULL,	NULL,	NULL),
(588,	8,	NULL,	NULL,	75,	1,	70,	0,	NULL,	'2020-11-03 09:59:19',	NULL,	NULL,	NULL,	NULL),
(589,	8,	NULL,	NULL,	76,	1,	71,	0,	NULL,	'2020-11-03 09:59:19',	NULL,	NULL,	NULL,	NULL),
(590,	8,	NULL,	NULL,	77,	1,	72,	0,	NULL,	'2020-11-03 09:59:19',	NULL,	NULL,	NULL,	NULL),
(591,	8,	NULL,	NULL,	78,	1,	73,	0,	NULL,	'2020-11-03 09:59:19',	NULL,	NULL,	NULL,	NULL),
(592,	8,	NULL,	NULL,	79,	1,	74,	0,	NULL,	'2020-11-03 09:59:19',	NULL,	NULL,	NULL,	NULL),
(593,	8,	NULL,	NULL,	80,	1,	75,	0,	NULL,	'2020-11-03 09:59:19',	NULL,	NULL,	NULL,	NULL),
(594,	8,	NULL,	NULL,	81,	1,	76,	0,	NULL,	'2020-11-03 09:59:19',	NULL,	NULL,	NULL,	NULL),
(595,	8,	NULL,	NULL,	82,	1,	77,	0,	NULL,	'2020-11-03 09:59:19',	NULL,	NULL,	NULL,	NULL),
(596,	9,	NULL,	NULL,	1,	1,	1,	1,	NULL,	'2020-11-03 12:26:52',	NULL,	NULL,	NULL,	NULL),
(597,	9,	NULL,	NULL,	2,	1,	2,	1,	NULL,	'2020-11-03 12:26:52',	NULL,	NULL,	NULL,	NULL),
(598,	9,	NULL,	NULL,	3,	1,	3,	1,	NULL,	'2020-11-03 12:26:52',	NULL,	NULL,	NULL,	NULL),
(599,	9,	NULL,	NULL,	4,	1,	4,	1,	NULL,	'2020-11-03 12:26:52',	NULL,	NULL,	NULL,	NULL),
(600,	9,	NULL,	NULL,	5,	1,	5,	1,	NULL,	'2020-11-03 12:26:52',	NULL,	NULL,	NULL,	NULL),
(601,	9,	NULL,	NULL,	6,	1,	6,	1,	NULL,	'2020-11-03 12:26:52',	NULL,	NULL,	NULL,	NULL),
(602,	9,	NULL,	NULL,	7,	1,	7,	1,	NULL,	'2020-11-03 12:26:52',	NULL,	NULL,	NULL,	NULL),
(603,	9,	NULL,	NULL,	8,	1,	8,	1,	NULL,	'2020-11-03 12:26:52',	NULL,	NULL,	NULL,	NULL),
(604,	9,	NULL,	NULL,	9,	1,	9,	0,	NULL,	'2020-11-03 12:26:52',	NULL,	NULL,	NULL,	NULL),
(605,	9,	NULL,	NULL,	10,	1,	10,	0,	NULL,	'2020-11-03 12:26:52',	NULL,	NULL,	NULL,	NULL),
(606,	9,	NULL,	NULL,	11,	1,	11,	0,	NULL,	'2020-11-03 12:26:52',	NULL,	NULL,	NULL,	NULL),
(607,	9,	NULL,	NULL,	12,	1,	12,	0,	NULL,	'2020-11-03 12:26:52',	NULL,	NULL,	NULL,	NULL),
(608,	9,	NULL,	NULL,	13,	1,	13,	0,	NULL,	'2020-11-03 12:26:52',	NULL,	NULL,	NULL,	NULL),
(609,	9,	NULL,	NULL,	14,	1,	14,	0,	NULL,	'2020-11-03 12:26:52',	NULL,	NULL,	NULL,	NULL),
(610,	9,	NULL,	NULL,	15,	1,	15,	0,	NULL,	'2020-11-03 12:26:52',	NULL,	NULL,	NULL,	NULL),
(611,	9,	NULL,	NULL,	16,	1,	16,	0,	NULL,	'2020-11-03 12:26:52',	NULL,	NULL,	NULL,	NULL),
(612,	9,	NULL,	NULL,	17,	1,	17,	0,	NULL,	'2020-11-03 12:26:52',	NULL,	NULL,	NULL,	NULL),
(613,	9,	NULL,	NULL,	18,	1,	18,	0,	NULL,	'2020-11-03 12:26:52',	NULL,	NULL,	NULL,	NULL),
(614,	9,	NULL,	NULL,	21,	1,	19,	0,	NULL,	'2020-11-03 12:26:52',	NULL,	NULL,	NULL,	NULL),
(615,	9,	NULL,	NULL,	22,	1,	20,	0,	NULL,	'2020-11-03 12:26:52',	NULL,	NULL,	NULL,	NULL),
(616,	9,	NULL,	NULL,	23,	1,	21,	0,	NULL,	'2020-11-03 12:26:52',	NULL,	NULL,	NULL,	NULL),
(617,	9,	NULL,	NULL,	24,	1,	22,	1,	NULL,	'2020-11-03 12:26:52',	NULL,	NULL,	NULL,	NULL),
(618,	9,	NULL,	NULL,	25,	1,	23,	0,	NULL,	'2020-11-03 12:26:52',	NULL,	NULL,	NULL,	NULL),
(619,	9,	NULL,	NULL,	26,	1,	24,	0,	NULL,	'2020-11-03 12:26:52',	NULL,	NULL,	NULL,	NULL),
(620,	9,	NULL,	NULL,	27,	1,	25,	0,	NULL,	'2020-11-03 12:26:52',	NULL,	NULL,	NULL,	NULL),
(621,	9,	NULL,	NULL,	28,	1,	26,	0,	NULL,	'2020-11-03 12:26:52',	NULL,	NULL,	NULL,	NULL),
(622,	9,	NULL,	NULL,	29,	1,	27,	0,	NULL,	'2020-11-03 12:26:52',	NULL,	NULL,	NULL,	NULL),
(623,	9,	NULL,	NULL,	30,	1,	28,	0,	NULL,	'2020-11-03 12:26:52',	NULL,	NULL,	NULL,	NULL),
(624,	9,	NULL,	NULL,	31,	1,	29,	0,	NULL,	'2020-11-03 12:26:52',	NULL,	NULL,	NULL,	NULL),
(625,	9,	NULL,	NULL,	32,	1,	30,	0,	NULL,	'2020-11-03 12:26:52',	NULL,	NULL,	NULL,	NULL),
(626,	9,	NULL,	NULL,	33,	1,	31,	0,	NULL,	'2020-11-03 12:26:52',	NULL,	NULL,	NULL,	NULL),
(627,	9,	NULL,	NULL,	34,	1,	32,	0,	NULL,	'2020-11-03 12:26:52',	NULL,	NULL,	NULL,	NULL),
(628,	9,	NULL,	NULL,	35,	1,	33,	0,	NULL,	'2020-11-03 12:26:52',	NULL,	NULL,	NULL,	NULL),
(629,	9,	NULL,	NULL,	36,	1,	34,	0,	NULL,	'2020-11-03 12:26:52',	NULL,	NULL,	NULL,	NULL),
(630,	9,	NULL,	NULL,	37,	1,	35,	0,	NULL,	'2020-11-03 12:26:52',	NULL,	NULL,	NULL,	NULL),
(631,	9,	NULL,	NULL,	38,	1,	36,	0,	NULL,	'2020-11-03 12:26:52',	NULL,	NULL,	NULL,	NULL),
(632,	9,	NULL,	NULL,	39,	1,	37,	0,	NULL,	'2020-11-03 12:26:52',	NULL,	NULL,	NULL,	NULL),
(633,	9,	NULL,	NULL,	40,	1,	38,	0,	NULL,	'2020-11-03 12:26:52',	NULL,	NULL,	NULL,	NULL),
(634,	9,	NULL,	NULL,	41,	1,	39,	0,	NULL,	'2020-11-03 12:26:52',	NULL,	NULL,	NULL,	NULL),
(635,	9,	NULL,	NULL,	42,	1,	40,	0,	NULL,	'2020-11-03 12:26:52',	NULL,	NULL,	NULL,	NULL),
(636,	9,	NULL,	NULL,	43,	1,	41,	0,	NULL,	'2020-11-03 12:26:52',	NULL,	NULL,	NULL,	NULL),
(637,	9,	NULL,	NULL,	44,	1,	42,	0,	NULL,	'2020-11-03 12:26:52',	NULL,	NULL,	NULL,	NULL),
(638,	9,	NULL,	NULL,	45,	1,	43,	0,	NULL,	'2020-11-03 12:26:52',	NULL,	NULL,	NULL,	NULL),
(639,	9,	NULL,	NULL,	46,	1,	44,	0,	NULL,	'2020-11-03 12:26:52',	NULL,	NULL,	NULL,	NULL),
(640,	9,	NULL,	NULL,	47,	1,	45,	0,	NULL,	'2020-11-03 12:26:52',	NULL,	NULL,	NULL,	NULL),
(641,	9,	NULL,	NULL,	48,	1,	46,	0,	NULL,	'2020-11-03 12:26:52',	NULL,	NULL,	NULL,	NULL),
(642,	9,	NULL,	NULL,	49,	1,	47,	0,	NULL,	'2020-11-03 12:26:52',	NULL,	NULL,	NULL,	NULL),
(643,	9,	NULL,	NULL,	50,	1,	48,	0,	NULL,	'2020-11-03 12:26:52',	NULL,	NULL,	NULL,	NULL),
(644,	9,	NULL,	NULL,	51,	1,	49,	0,	NULL,	'2020-11-03 12:26:52',	NULL,	NULL,	NULL,	NULL),
(645,	9,	NULL,	NULL,	52,	1,	50,	0,	NULL,	'2020-11-03 12:26:52',	NULL,	NULL,	NULL,	NULL),
(646,	9,	NULL,	NULL,	53,	1,	51,	0,	NULL,	'2020-11-03 12:26:52',	NULL,	NULL,	NULL,	NULL),
(647,	9,	NULL,	NULL,	54,	1,	52,	0,	NULL,	'2020-11-03 12:26:52',	NULL,	NULL,	NULL,	NULL),
(648,	9,	NULL,	NULL,	55,	1,	53,	0,	NULL,	'2020-11-03 12:26:52',	NULL,	NULL,	NULL,	NULL),
(649,	9,	NULL,	NULL,	56,	1,	54,	0,	NULL,	'2020-11-03 12:26:52',	NULL,	NULL,	NULL,	NULL),
(650,	9,	NULL,	NULL,	57,	1,	55,	0,	NULL,	'2020-11-03 12:26:52',	NULL,	NULL,	NULL,	NULL),
(651,	9,	NULL,	NULL,	58,	1,	56,	0,	NULL,	'2020-11-03 12:26:52',	NULL,	NULL,	NULL,	NULL),
(652,	9,	NULL,	NULL,	59,	1,	57,	0,	NULL,	'2020-11-03 12:26:52',	NULL,	NULL,	NULL,	NULL),
(653,	9,	NULL,	NULL,	60,	1,	58,	0,	NULL,	'2020-11-03 12:26:52',	NULL,	NULL,	NULL,	NULL),
(654,	9,	NULL,	NULL,	61,	1,	59,	0,	NULL,	'2020-11-03 12:26:52',	NULL,	NULL,	NULL,	NULL),
(655,	9,	NULL,	NULL,	62,	1,	60,	0,	NULL,	'2020-11-03 12:26:52',	NULL,	NULL,	NULL,	NULL),
(656,	9,	NULL,	NULL,	66,	1,	61,	0,	NULL,	'2020-11-03 12:26:52',	NULL,	NULL,	NULL,	NULL),
(657,	9,	NULL,	NULL,	67,	1,	62,	0,	NULL,	'2020-11-03 12:26:52',	NULL,	NULL,	NULL,	NULL),
(658,	9,	NULL,	NULL,	68,	1,	63,	0,	NULL,	'2020-11-03 12:26:52',	NULL,	NULL,	NULL,	NULL),
(659,	9,	NULL,	NULL,	69,	1,	64,	0,	NULL,	'2020-11-03 12:26:52',	NULL,	NULL,	NULL,	NULL),
(660,	9,	NULL,	NULL,	70,	1,	65,	0,	NULL,	'2020-11-03 12:26:52',	NULL,	NULL,	NULL,	NULL),
(661,	9,	NULL,	NULL,	71,	1,	66,	0,	NULL,	'2020-11-03 12:26:52',	NULL,	NULL,	NULL,	NULL),
(662,	9,	NULL,	NULL,	72,	1,	67,	0,	NULL,	'2020-11-03 12:26:52',	NULL,	NULL,	NULL,	NULL),
(663,	9,	NULL,	NULL,	73,	1,	68,	0,	NULL,	'2020-11-03 12:26:52',	NULL,	NULL,	NULL,	NULL),
(664,	9,	NULL,	NULL,	74,	1,	69,	0,	NULL,	'2020-11-03 12:26:52',	NULL,	NULL,	NULL,	NULL),
(665,	9,	NULL,	NULL,	75,	1,	70,	0,	NULL,	'2020-11-03 12:26:52',	NULL,	NULL,	NULL,	NULL),
(666,	9,	NULL,	NULL,	76,	1,	71,	0,	NULL,	'2020-11-03 12:26:52',	NULL,	NULL,	NULL,	NULL),
(667,	9,	NULL,	NULL,	77,	1,	72,	0,	NULL,	'2020-11-03 12:26:52',	NULL,	NULL,	NULL,	NULL),
(668,	9,	NULL,	NULL,	78,	1,	73,	0,	NULL,	'2020-11-03 12:26:52',	NULL,	NULL,	NULL,	NULL),
(669,	9,	NULL,	NULL,	79,	1,	74,	0,	NULL,	'2020-11-03 12:26:52',	NULL,	NULL,	NULL,	NULL),
(670,	9,	NULL,	NULL,	80,	1,	75,	0,	NULL,	'2020-11-03 12:26:52',	NULL,	NULL,	NULL,	NULL),
(671,	9,	NULL,	NULL,	81,	1,	76,	0,	NULL,	'2020-11-03 12:26:52',	NULL,	NULL,	NULL,	NULL),
(672,	9,	NULL,	NULL,	82,	1,	77,	0,	NULL,	'2020-11-03 12:26:52',	NULL,	NULL,	NULL,	NULL),
(673,	10,	NULL,	NULL,	1,	1,	1,	1,	NULL,	'2020-11-05 12:52:16',	NULL,	NULL,	NULL,	NULL),
(674,	10,	NULL,	NULL,	2,	1,	2,	1,	NULL,	'2020-11-05 12:52:16',	NULL,	NULL,	NULL,	NULL),
(675,	10,	NULL,	NULL,	3,	1,	3,	1,	NULL,	'2020-11-05 12:52:16',	NULL,	NULL,	NULL,	NULL),
(676,	10,	NULL,	NULL,	4,	1,	4,	1,	NULL,	'2020-11-05 12:52:16',	NULL,	NULL,	NULL,	NULL),
(677,	10,	NULL,	NULL,	5,	1,	5,	1,	NULL,	'2020-11-05 12:52:17',	NULL,	NULL,	NULL,	NULL),
(678,	10,	NULL,	NULL,	6,	1,	6,	1,	NULL,	'2020-11-05 12:52:17',	NULL,	NULL,	NULL,	NULL),
(679,	10,	NULL,	NULL,	7,	1,	7,	1,	NULL,	'2020-11-05 12:52:17',	NULL,	NULL,	NULL,	NULL),
(680,	10,	NULL,	NULL,	8,	1,	8,	1,	NULL,	'2020-11-05 12:52:17',	NULL,	NULL,	NULL,	NULL),
(681,	10,	NULL,	NULL,	9,	1,	9,	0,	NULL,	'2020-11-05 12:52:17',	NULL,	NULL,	NULL,	NULL),
(682,	10,	NULL,	NULL,	10,	1,	10,	0,	NULL,	'2020-11-05 12:52:17',	NULL,	NULL,	NULL,	NULL),
(683,	10,	NULL,	NULL,	11,	1,	11,	0,	NULL,	'2020-11-05 12:52:17',	NULL,	NULL,	NULL,	NULL),
(684,	10,	NULL,	NULL,	12,	1,	12,	0,	NULL,	'2020-11-05 12:52:17',	NULL,	NULL,	NULL,	NULL),
(685,	10,	NULL,	NULL,	13,	1,	13,	0,	NULL,	'2020-11-05 12:52:17',	NULL,	NULL,	NULL,	NULL),
(686,	10,	NULL,	NULL,	14,	1,	14,	0,	NULL,	'2020-11-05 12:52:17',	NULL,	NULL,	NULL,	NULL),
(687,	10,	NULL,	NULL,	15,	1,	15,	0,	NULL,	'2020-11-05 12:52:17',	NULL,	NULL,	NULL,	NULL),
(688,	10,	NULL,	NULL,	16,	1,	16,	0,	NULL,	'2020-11-05 12:52:17',	NULL,	NULL,	NULL,	NULL),
(689,	10,	NULL,	NULL,	17,	1,	17,	0,	NULL,	'2020-11-05 12:52:17',	NULL,	NULL,	NULL,	NULL),
(690,	10,	NULL,	NULL,	18,	1,	18,	0,	NULL,	'2020-11-05 12:52:17',	NULL,	NULL,	NULL,	NULL),
(691,	10,	NULL,	NULL,	21,	1,	19,	0,	NULL,	'2020-11-05 12:52:17',	NULL,	NULL,	NULL,	NULL),
(692,	10,	NULL,	NULL,	22,	1,	20,	0,	NULL,	'2020-11-05 12:52:17',	NULL,	NULL,	NULL,	NULL),
(693,	10,	NULL,	NULL,	23,	1,	21,	0,	NULL,	'2020-11-05 12:52:17',	NULL,	NULL,	NULL,	NULL),
(694,	10,	NULL,	NULL,	24,	1,	22,	1,	NULL,	'2020-11-05 12:52:17',	NULL,	NULL,	NULL,	NULL),
(695,	10,	NULL,	NULL,	25,	1,	23,	0,	NULL,	'2020-11-05 12:52:17',	NULL,	NULL,	NULL,	NULL),
(696,	10,	NULL,	NULL,	26,	1,	24,	0,	NULL,	'2020-11-05 12:52:17',	NULL,	NULL,	NULL,	NULL),
(697,	10,	NULL,	NULL,	27,	1,	25,	0,	NULL,	'2020-11-05 12:52:17',	NULL,	NULL,	NULL,	NULL),
(698,	10,	NULL,	NULL,	28,	1,	26,	0,	NULL,	'2020-11-05 12:52:17',	NULL,	NULL,	NULL,	NULL),
(699,	10,	NULL,	NULL,	29,	1,	27,	0,	NULL,	'2020-11-05 12:52:17',	NULL,	NULL,	NULL,	NULL),
(700,	10,	NULL,	NULL,	30,	1,	28,	0,	NULL,	'2020-11-05 12:52:17',	NULL,	NULL,	NULL,	NULL),
(701,	10,	NULL,	NULL,	31,	1,	29,	0,	NULL,	'2020-11-05 12:52:17',	NULL,	NULL,	NULL,	NULL),
(702,	10,	NULL,	NULL,	32,	1,	30,	0,	NULL,	'2020-11-05 12:52:17',	NULL,	NULL,	NULL,	NULL),
(703,	10,	NULL,	NULL,	33,	1,	31,	0,	NULL,	'2020-11-05 12:52:17',	NULL,	NULL,	NULL,	NULL),
(704,	10,	NULL,	NULL,	34,	1,	32,	0,	NULL,	'2020-11-05 12:52:17',	NULL,	NULL,	NULL,	NULL),
(705,	10,	NULL,	NULL,	35,	1,	33,	0,	NULL,	'2020-11-05 12:52:17',	NULL,	NULL,	NULL,	NULL),
(706,	10,	NULL,	NULL,	36,	1,	34,	0,	NULL,	'2020-11-05 12:52:17',	NULL,	NULL,	NULL,	NULL),
(707,	10,	NULL,	NULL,	37,	1,	35,	0,	NULL,	'2020-11-05 12:52:17',	NULL,	NULL,	NULL,	NULL),
(708,	10,	NULL,	NULL,	38,	1,	36,	0,	NULL,	'2020-11-05 12:52:17',	NULL,	NULL,	NULL,	NULL),
(709,	10,	NULL,	NULL,	39,	1,	37,	0,	NULL,	'2020-11-05 12:52:17',	NULL,	NULL,	NULL,	NULL),
(710,	10,	NULL,	NULL,	40,	1,	38,	0,	NULL,	'2020-11-05 12:52:17',	NULL,	NULL,	NULL,	NULL),
(711,	10,	NULL,	NULL,	41,	1,	39,	0,	NULL,	'2020-11-05 12:52:17',	NULL,	NULL,	NULL,	NULL),
(712,	10,	NULL,	NULL,	42,	1,	40,	0,	NULL,	'2020-11-05 12:52:17',	NULL,	NULL,	NULL,	NULL),
(713,	10,	NULL,	NULL,	43,	1,	41,	0,	NULL,	'2020-11-05 12:52:17',	NULL,	NULL,	NULL,	NULL),
(714,	10,	NULL,	NULL,	44,	1,	42,	0,	NULL,	'2020-11-05 12:52:17',	NULL,	NULL,	NULL,	NULL),
(715,	10,	NULL,	NULL,	45,	1,	43,	0,	NULL,	'2020-11-05 12:52:17',	NULL,	NULL,	NULL,	NULL),
(716,	10,	NULL,	NULL,	46,	1,	44,	0,	NULL,	'2020-11-05 12:52:17',	NULL,	NULL,	NULL,	NULL),
(717,	10,	NULL,	NULL,	47,	1,	45,	0,	NULL,	'2020-11-05 12:52:17',	NULL,	NULL,	NULL,	NULL),
(718,	10,	NULL,	NULL,	48,	1,	46,	0,	NULL,	'2020-11-05 12:52:17',	NULL,	NULL,	NULL,	NULL),
(719,	10,	NULL,	NULL,	49,	1,	47,	0,	NULL,	'2020-11-05 12:52:17',	NULL,	NULL,	NULL,	NULL),
(720,	10,	NULL,	NULL,	50,	1,	48,	0,	NULL,	'2020-11-05 12:52:17',	NULL,	NULL,	NULL,	NULL),
(721,	10,	NULL,	NULL,	51,	1,	49,	0,	NULL,	'2020-11-05 12:52:17',	NULL,	NULL,	NULL,	NULL),
(722,	10,	NULL,	NULL,	52,	1,	50,	0,	NULL,	'2020-11-05 12:52:17',	NULL,	NULL,	NULL,	NULL),
(723,	10,	NULL,	NULL,	53,	1,	51,	0,	NULL,	'2020-11-05 12:52:17',	NULL,	NULL,	NULL,	NULL),
(724,	10,	NULL,	NULL,	54,	1,	52,	0,	NULL,	'2020-11-05 12:52:17',	NULL,	NULL,	NULL,	NULL),
(725,	10,	NULL,	NULL,	55,	1,	53,	0,	NULL,	'2020-11-05 12:52:17',	NULL,	NULL,	NULL,	NULL),
(726,	10,	NULL,	NULL,	56,	1,	54,	0,	NULL,	'2020-11-05 12:52:17',	NULL,	NULL,	NULL,	NULL),
(727,	10,	NULL,	NULL,	57,	1,	55,	0,	NULL,	'2020-11-05 12:52:17',	NULL,	NULL,	NULL,	NULL),
(728,	10,	NULL,	NULL,	58,	1,	56,	0,	NULL,	'2020-11-05 12:52:17',	NULL,	NULL,	NULL,	NULL),
(729,	10,	NULL,	NULL,	59,	1,	57,	0,	NULL,	'2020-11-05 12:52:17',	NULL,	NULL,	NULL,	NULL),
(730,	10,	NULL,	NULL,	60,	1,	58,	0,	NULL,	'2020-11-05 12:52:17',	NULL,	NULL,	NULL,	NULL),
(731,	10,	NULL,	NULL,	61,	1,	59,	0,	NULL,	'2020-11-05 12:52:17',	NULL,	NULL,	NULL,	NULL),
(732,	10,	NULL,	NULL,	62,	1,	60,	0,	NULL,	'2020-11-05 12:52:17',	NULL,	NULL,	NULL,	NULL),
(733,	10,	NULL,	NULL,	66,	1,	61,	0,	NULL,	'2020-11-05 12:52:17',	NULL,	NULL,	NULL,	NULL),
(734,	10,	NULL,	NULL,	67,	1,	62,	0,	NULL,	'2020-11-05 12:52:17',	NULL,	NULL,	NULL,	NULL),
(735,	10,	NULL,	NULL,	68,	1,	63,	0,	NULL,	'2020-11-05 12:52:17',	NULL,	NULL,	NULL,	NULL),
(736,	10,	NULL,	NULL,	69,	1,	64,	0,	NULL,	'2020-11-05 12:52:17',	NULL,	NULL,	NULL,	NULL),
(737,	10,	NULL,	NULL,	70,	1,	65,	0,	NULL,	'2020-11-05 12:52:17',	NULL,	NULL,	NULL,	NULL),
(738,	10,	NULL,	NULL,	71,	1,	66,	0,	NULL,	'2020-11-05 12:52:17',	NULL,	NULL,	NULL,	NULL),
(739,	10,	NULL,	NULL,	72,	1,	67,	0,	NULL,	'2020-11-05 12:52:17',	NULL,	NULL,	NULL,	NULL),
(740,	10,	NULL,	NULL,	73,	1,	68,	0,	NULL,	'2020-11-05 12:52:17',	NULL,	NULL,	NULL,	NULL),
(741,	10,	NULL,	NULL,	74,	1,	69,	0,	NULL,	'2020-11-05 12:52:17',	NULL,	NULL,	NULL,	NULL),
(742,	10,	NULL,	NULL,	75,	1,	70,	0,	NULL,	'2020-11-05 12:52:17',	NULL,	NULL,	NULL,	NULL),
(743,	10,	NULL,	NULL,	76,	1,	71,	0,	NULL,	'2020-11-05 12:52:17',	NULL,	NULL,	NULL,	NULL),
(744,	10,	NULL,	NULL,	77,	1,	72,	0,	NULL,	'2020-11-05 12:52:17',	NULL,	NULL,	NULL,	NULL),
(745,	10,	NULL,	NULL,	78,	1,	73,	0,	NULL,	'2020-11-05 12:52:17',	NULL,	NULL,	NULL,	NULL),
(746,	10,	NULL,	NULL,	79,	1,	74,	0,	NULL,	'2020-11-05 12:52:17',	NULL,	NULL,	NULL,	NULL),
(747,	10,	NULL,	NULL,	80,	1,	75,	0,	NULL,	'2020-11-05 12:52:17',	NULL,	NULL,	NULL,	NULL),
(748,	10,	NULL,	NULL,	81,	1,	76,	0,	NULL,	'2020-11-05 12:52:17',	NULL,	NULL,	NULL,	NULL),
(749,	10,	NULL,	NULL,	82,	1,	77,	0,	NULL,	'2020-11-05 12:52:17',	NULL,	NULL,	NULL,	NULL),
(750,	1,	NULL,	NULL,	89,	1,	155,	0,	NULL,	'2020-12-09 10:13:58',	NULL,	NULL,	NULL,	NULL),
(751,	1,	NULL,	NULL,	90,	1,	156,	0,	NULL,	'2020-12-09 10:13:58',	NULL,	NULL,	NULL,	NULL),
(752,	1,	NULL,	NULL,	91,	1,	157,	0,	NULL,	'2020-12-09 10:13:58',	NULL,	NULL,	NULL,	NULL),
(753,	1,	NULL,	NULL,	92,	1,	158,	0,	NULL,	'2020-12-09 10:13:58',	NULL,	NULL,	NULL,	NULL),
(754,	1,	NULL,	NULL,	93,	1,	159,	0,	NULL,	'2020-12-09 10:13:58',	NULL,	NULL,	NULL,	NULL),
(755,	1,	NULL,	NULL,	94,	1,	160,	0,	NULL,	'2020-12-09 10:13:58',	NULL,	NULL,	NULL,	NULL),
(756,	1,	NULL,	NULL,	95,	1,	161,	0,	NULL,	'2020-12-09 10:13:58',	NULL,	NULL,	NULL,	NULL),
(757,	1,	NULL,	NULL,	96,	1,	162,	0,	NULL,	'2020-12-09 10:13:58',	NULL,	NULL,	NULL,	NULL),
(758,	11,	NULL,	NULL,	1,	1,	1,	1,	NULL,	'2020-12-09 11:23:11',	NULL,	NULL,	NULL,	NULL),
(759,	11,	NULL,	NULL,	2,	1,	2,	1,	NULL,	'2020-12-09 11:23:11',	NULL,	NULL,	NULL,	NULL),
(760,	11,	NULL,	NULL,	3,	1,	3,	1,	NULL,	'2020-12-09 11:23:11',	NULL,	NULL,	NULL,	NULL),
(761,	11,	NULL,	NULL,	4,	1,	4,	1,	NULL,	'2020-12-09 11:23:11',	NULL,	NULL,	NULL,	NULL),
(762,	11,	NULL,	NULL,	5,	1,	5,	1,	NULL,	'2020-12-09 11:23:11',	NULL,	NULL,	NULL,	NULL),
(763,	11,	NULL,	NULL,	6,	1,	6,	1,	NULL,	'2020-12-09 11:23:11',	NULL,	NULL,	NULL,	NULL),
(764,	11,	NULL,	NULL,	7,	1,	7,	1,	NULL,	'2020-12-09 11:23:11',	NULL,	NULL,	NULL,	NULL),
(765,	11,	NULL,	NULL,	8,	1,	8,	1,	NULL,	'2020-12-09 11:23:11',	NULL,	NULL,	NULL,	NULL),
(766,	11,	NULL,	NULL,	9,	1,	9,	0,	NULL,	'2020-12-09 11:23:11',	NULL,	NULL,	NULL,	NULL),
(767,	11,	NULL,	NULL,	10,	1,	10,	0,	NULL,	'2020-12-09 11:23:11',	NULL,	NULL,	NULL,	NULL),
(768,	11,	NULL,	NULL,	11,	1,	11,	0,	NULL,	'2020-12-09 11:23:11',	NULL,	NULL,	NULL,	NULL),
(769,	11,	NULL,	NULL,	12,	1,	12,	0,	NULL,	'2020-12-09 11:23:11',	NULL,	NULL,	NULL,	NULL),
(770,	11,	NULL,	NULL,	13,	1,	13,	0,	NULL,	'2020-12-09 11:23:11',	NULL,	NULL,	NULL,	NULL),
(771,	11,	NULL,	NULL,	14,	1,	14,	0,	NULL,	'2020-12-09 11:23:11',	NULL,	NULL,	NULL,	NULL),
(772,	11,	NULL,	NULL,	15,	1,	15,	0,	NULL,	'2020-12-09 11:23:11',	NULL,	NULL,	NULL,	NULL),
(773,	11,	NULL,	NULL,	16,	1,	16,	0,	NULL,	'2020-12-09 11:23:11',	NULL,	NULL,	NULL,	NULL),
(774,	11,	NULL,	NULL,	17,	1,	17,	0,	NULL,	'2020-12-09 11:23:11',	NULL,	NULL,	NULL,	NULL),
(775,	11,	NULL,	NULL,	18,	1,	18,	0,	NULL,	'2020-12-09 11:23:11',	NULL,	NULL,	NULL,	NULL),
(776,	11,	NULL,	NULL,	21,	1,	19,	0,	NULL,	'2020-12-09 11:23:11',	NULL,	NULL,	NULL,	NULL),
(777,	11,	NULL,	NULL,	22,	1,	20,	0,	NULL,	'2020-12-09 11:23:11',	NULL,	NULL,	NULL,	NULL),
(778,	11,	NULL,	NULL,	23,	1,	21,	0,	NULL,	'2020-12-09 11:23:11',	NULL,	NULL,	NULL,	NULL),
(779,	11,	NULL,	NULL,	24,	1,	22,	1,	NULL,	'2020-12-09 11:23:11',	NULL,	NULL,	NULL,	NULL),
(780,	11,	NULL,	NULL,	25,	1,	23,	0,	NULL,	'2020-12-09 11:23:11',	NULL,	NULL,	NULL,	NULL),
(781,	11,	NULL,	NULL,	26,	1,	24,	0,	NULL,	'2020-12-09 11:23:11',	NULL,	NULL,	NULL,	NULL),
(782,	11,	NULL,	NULL,	27,	1,	25,	0,	NULL,	'2020-12-09 11:23:11',	NULL,	NULL,	NULL,	NULL),
(783,	11,	NULL,	NULL,	28,	1,	26,	0,	NULL,	'2020-12-09 11:23:11',	NULL,	NULL,	NULL,	NULL),
(784,	11,	NULL,	NULL,	29,	1,	27,	0,	NULL,	'2020-12-09 11:23:11',	NULL,	NULL,	NULL,	NULL),
(785,	11,	NULL,	NULL,	30,	1,	28,	0,	NULL,	'2020-12-09 11:23:11',	NULL,	NULL,	NULL,	NULL),
(786,	11,	NULL,	NULL,	31,	1,	29,	0,	NULL,	'2020-12-09 11:23:11',	NULL,	NULL,	NULL,	NULL),
(787,	11,	NULL,	NULL,	32,	1,	30,	0,	NULL,	'2020-12-09 11:23:11',	NULL,	NULL,	NULL,	NULL),
(788,	11,	NULL,	NULL,	33,	1,	31,	0,	NULL,	'2020-12-09 11:23:11',	NULL,	NULL,	NULL,	NULL),
(789,	11,	NULL,	NULL,	34,	1,	32,	0,	NULL,	'2020-12-09 11:23:11',	NULL,	NULL,	NULL,	NULL),
(790,	11,	NULL,	NULL,	35,	1,	33,	0,	NULL,	'2020-12-09 11:23:11',	NULL,	NULL,	NULL,	NULL),
(791,	11,	NULL,	NULL,	36,	1,	34,	0,	NULL,	'2020-12-09 11:23:11',	NULL,	NULL,	NULL,	NULL),
(792,	11,	NULL,	NULL,	37,	1,	35,	0,	NULL,	'2020-12-09 11:23:11',	NULL,	NULL,	NULL,	NULL),
(793,	11,	NULL,	NULL,	38,	1,	36,	0,	NULL,	'2020-12-09 11:23:11',	NULL,	NULL,	NULL,	NULL),
(794,	11,	NULL,	NULL,	39,	1,	37,	0,	NULL,	'2020-12-09 11:23:11',	NULL,	NULL,	NULL,	NULL),
(795,	11,	NULL,	NULL,	40,	1,	38,	0,	NULL,	'2020-12-09 11:23:11',	NULL,	NULL,	NULL,	NULL),
(796,	11,	NULL,	NULL,	41,	1,	39,	0,	NULL,	'2020-12-09 11:23:11',	NULL,	NULL,	NULL,	NULL),
(797,	11,	NULL,	NULL,	42,	1,	40,	0,	NULL,	'2020-12-09 11:23:11',	NULL,	NULL,	NULL,	NULL),
(798,	11,	NULL,	NULL,	43,	1,	41,	0,	NULL,	'2020-12-09 11:23:11',	NULL,	NULL,	NULL,	NULL),
(799,	11,	NULL,	NULL,	44,	1,	42,	0,	NULL,	'2020-12-09 11:23:11',	NULL,	NULL,	NULL,	NULL),
(800,	11,	NULL,	NULL,	45,	1,	43,	0,	NULL,	'2020-12-09 11:23:11',	NULL,	NULL,	NULL,	NULL),
(801,	11,	NULL,	NULL,	46,	1,	44,	0,	NULL,	'2020-12-09 11:23:11',	NULL,	NULL,	NULL,	NULL),
(802,	11,	NULL,	NULL,	47,	1,	45,	0,	NULL,	'2020-12-09 11:23:11',	NULL,	NULL,	NULL,	NULL),
(803,	11,	NULL,	NULL,	48,	1,	46,	0,	NULL,	'2020-12-09 11:23:11',	NULL,	NULL,	NULL,	NULL),
(804,	11,	NULL,	NULL,	49,	1,	47,	0,	NULL,	'2020-12-09 11:23:11',	NULL,	NULL,	NULL,	NULL),
(805,	11,	NULL,	NULL,	50,	1,	48,	0,	NULL,	'2020-12-09 11:23:11',	NULL,	NULL,	NULL,	NULL),
(806,	11,	NULL,	NULL,	51,	1,	49,	0,	NULL,	'2020-12-09 11:23:11',	NULL,	NULL,	NULL,	NULL),
(807,	11,	NULL,	NULL,	52,	1,	50,	0,	NULL,	'2020-12-09 11:23:11',	NULL,	NULL,	NULL,	NULL),
(808,	11,	NULL,	NULL,	53,	1,	51,	0,	NULL,	'2020-12-09 11:23:11',	NULL,	NULL,	NULL,	NULL),
(809,	11,	NULL,	NULL,	54,	1,	52,	0,	NULL,	'2020-12-09 11:23:11',	NULL,	NULL,	NULL,	NULL),
(810,	11,	NULL,	NULL,	55,	1,	53,	0,	NULL,	'2020-12-09 11:23:11',	NULL,	NULL,	NULL,	NULL),
(811,	11,	NULL,	NULL,	56,	1,	54,	0,	NULL,	'2020-12-09 11:23:11',	NULL,	NULL,	NULL,	NULL),
(812,	11,	NULL,	NULL,	57,	1,	55,	0,	NULL,	'2020-12-09 11:23:11',	NULL,	NULL,	NULL,	NULL),
(813,	11,	NULL,	NULL,	58,	1,	56,	0,	NULL,	'2020-12-09 11:23:11',	NULL,	NULL,	NULL,	NULL),
(814,	11,	NULL,	NULL,	59,	1,	57,	0,	NULL,	'2020-12-09 11:23:11',	NULL,	NULL,	NULL,	NULL),
(815,	11,	NULL,	NULL,	60,	1,	58,	0,	NULL,	'2020-12-09 11:23:11',	NULL,	NULL,	NULL,	NULL),
(816,	11,	NULL,	NULL,	61,	1,	59,	0,	NULL,	'2020-12-09 11:23:11',	NULL,	NULL,	NULL,	NULL),
(817,	11,	NULL,	NULL,	62,	1,	60,	0,	NULL,	'2020-12-09 11:23:11',	NULL,	NULL,	NULL,	NULL),
(818,	11,	NULL,	NULL,	66,	1,	61,	0,	NULL,	'2020-12-09 11:23:11',	NULL,	NULL,	NULL,	NULL),
(819,	11,	NULL,	NULL,	67,	1,	62,	0,	NULL,	'2020-12-09 11:23:11',	NULL,	NULL,	NULL,	NULL),
(820,	11,	NULL,	NULL,	68,	1,	63,	0,	NULL,	'2020-12-09 11:23:11',	NULL,	NULL,	NULL,	NULL),
(821,	11,	NULL,	NULL,	69,	1,	64,	0,	NULL,	'2020-12-09 11:23:11',	NULL,	NULL,	NULL,	NULL),
(822,	11,	NULL,	NULL,	70,	1,	65,	0,	NULL,	'2020-12-09 11:23:11',	NULL,	NULL,	NULL,	NULL),
(823,	11,	NULL,	NULL,	71,	1,	66,	0,	NULL,	'2020-12-09 11:23:11',	NULL,	NULL,	NULL,	NULL),
(824,	11,	NULL,	NULL,	72,	1,	67,	0,	NULL,	'2020-12-09 11:23:11',	NULL,	NULL,	NULL,	NULL),
(825,	11,	NULL,	NULL,	73,	1,	68,	0,	NULL,	'2020-12-09 11:23:11',	NULL,	NULL,	NULL,	NULL),
(826,	11,	NULL,	NULL,	74,	1,	69,	0,	NULL,	'2020-12-09 11:23:11',	NULL,	NULL,	NULL,	NULL),
(827,	11,	NULL,	NULL,	75,	1,	70,	0,	NULL,	'2020-12-09 11:23:11',	NULL,	NULL,	NULL,	NULL),
(828,	11,	NULL,	NULL,	76,	1,	71,	0,	NULL,	'2020-12-09 11:23:11',	NULL,	NULL,	NULL,	NULL),
(829,	11,	NULL,	NULL,	77,	1,	72,	0,	NULL,	'2020-12-09 11:23:11',	NULL,	NULL,	NULL,	NULL),
(830,	11,	NULL,	NULL,	78,	1,	73,	0,	NULL,	'2020-12-09 11:23:11',	NULL,	NULL,	NULL,	NULL),
(831,	11,	NULL,	NULL,	79,	1,	74,	0,	NULL,	'2020-12-09 11:23:11',	NULL,	NULL,	NULL,	NULL),
(832,	11,	NULL,	NULL,	80,	1,	75,	0,	NULL,	'2020-12-09 11:23:11',	NULL,	NULL,	NULL,	NULL),
(833,	11,	NULL,	NULL,	81,	1,	76,	0,	NULL,	'2020-12-09 11:23:11',	NULL,	NULL,	NULL,	NULL),
(834,	11,	NULL,	NULL,	82,	1,	77,	0,	NULL,	'2020-12-09 11:23:11',	NULL,	NULL,	NULL,	NULL),
(835,	11,	NULL,	NULL,	89,	1,	78,	0,	NULL,	'2020-12-09 11:23:11',	NULL,	NULL,	NULL,	NULL),
(836,	11,	NULL,	NULL,	90,	1,	79,	0,	NULL,	'2020-12-09 11:23:11',	NULL,	NULL,	NULL,	NULL),
(837,	11,	NULL,	NULL,	91,	1,	80,	0,	NULL,	'2020-12-09 11:23:11',	NULL,	NULL,	NULL,	NULL),
(838,	11,	NULL,	NULL,	92,	1,	81,	0,	NULL,	'2020-12-09 11:23:11',	NULL,	NULL,	NULL,	NULL),
(839,	11,	NULL,	NULL,	93,	1,	82,	0,	NULL,	'2020-12-09 11:23:11',	NULL,	NULL,	NULL,	NULL),
(840,	11,	NULL,	NULL,	94,	1,	83,	0,	NULL,	'2020-12-09 11:23:11',	NULL,	NULL,	NULL,	NULL),
(841,	11,	NULL,	NULL,	95,	1,	84,	0,	NULL,	'2020-12-09 11:23:11',	NULL,	NULL,	NULL,	NULL),
(842,	11,	NULL,	NULL,	96,	1,	85,	0,	NULL,	'2020-12-09 11:23:11',	NULL,	NULL,	NULL,	NULL),
(843,	3,	NULL,	NULL,	77,	1,	143,	0,	NULL,	'2020-12-10 13:56:04',	NULL,	NULL,	NULL,	NULL),
(844,	3,	NULL,	NULL,	78,	1,	144,	0,	NULL,	'2020-12-10 13:56:04',	NULL,	NULL,	NULL,	NULL),
(845,	3,	NULL,	NULL,	79,	1,	145,	0,	NULL,	'2020-12-10 13:56:04',	NULL,	NULL,	NULL,	NULL),
(846,	3,	NULL,	NULL,	80,	1,	146,	0,	NULL,	'2020-12-10 13:56:04',	NULL,	NULL,	NULL,	NULL),
(847,	3,	NULL,	NULL,	81,	1,	147,	0,	NULL,	'2020-12-10 13:56:04',	NULL,	NULL,	NULL,	NULL),
(848,	3,	NULL,	NULL,	82,	1,	148,	0,	NULL,	'2020-12-10 13:56:04',	NULL,	NULL,	NULL,	NULL),
(849,	3,	NULL,	NULL,	89,	1,	149,	0,	NULL,	'2020-12-10 13:56:04',	NULL,	NULL,	NULL,	NULL),
(850,	3,	NULL,	NULL,	90,	1,	150,	0,	NULL,	'2020-12-10 13:56:04',	NULL,	NULL,	NULL,	NULL),
(851,	3,	NULL,	NULL,	91,	1,	151,	0,	NULL,	'2020-12-10 13:56:04',	NULL,	NULL,	NULL,	NULL),
(852,	3,	NULL,	NULL,	92,	1,	152,	0,	NULL,	'2020-12-10 13:56:04',	NULL,	NULL,	NULL,	NULL),
(853,	3,	NULL,	NULL,	93,	1,	153,	0,	NULL,	'2020-12-10 13:56:04',	NULL,	NULL,	NULL,	NULL),
(854,	3,	NULL,	NULL,	94,	1,	154,	0,	NULL,	'2020-12-10 13:56:04',	NULL,	NULL,	NULL,	NULL),
(855,	3,	NULL,	NULL,	95,	1,	155,	0,	NULL,	'2020-12-10 13:56:04',	NULL,	NULL,	NULL,	NULL),
(856,	3,	NULL,	NULL,	96,	1,	156,	0,	NULL,	'2020-12-10 13:56:04',	NULL,	NULL,	NULL,	NULL),
(857,	12,	NULL,	NULL,	1,	1,	1,	1,	NULL,	'2020-12-15 03:51:25',	NULL,	NULL,	NULL,	NULL),
(858,	12,	NULL,	NULL,	2,	1,	2,	1,	NULL,	'2020-12-15 03:51:25',	NULL,	NULL,	NULL,	NULL),
(859,	12,	NULL,	NULL,	3,	1,	3,	1,	NULL,	'2020-12-15 03:51:25',	NULL,	NULL,	NULL,	NULL),
(860,	12,	NULL,	NULL,	4,	1,	4,	1,	NULL,	'2020-12-15 03:51:25',	NULL,	NULL,	NULL,	NULL),
(861,	12,	NULL,	NULL,	5,	1,	5,	1,	NULL,	'2020-12-15 03:51:25',	NULL,	NULL,	NULL,	NULL),
(862,	12,	NULL,	NULL,	6,	1,	6,	1,	NULL,	'2020-12-15 03:51:25',	NULL,	NULL,	NULL,	NULL),
(863,	12,	NULL,	NULL,	7,	1,	7,	1,	NULL,	'2020-12-15 03:51:25',	NULL,	NULL,	NULL,	NULL),
(864,	12,	NULL,	NULL,	8,	1,	8,	1,	NULL,	'2020-12-15 03:51:25',	NULL,	NULL,	NULL,	NULL),
(865,	12,	NULL,	NULL,	9,	1,	9,	0,	NULL,	'2020-12-15 03:51:25',	NULL,	NULL,	NULL,	NULL),
(866,	12,	NULL,	NULL,	10,	1,	10,	0,	NULL,	'2020-12-15 03:51:25',	NULL,	NULL,	NULL,	NULL),
(867,	12,	NULL,	NULL,	11,	1,	11,	0,	NULL,	'2020-12-15 03:51:25',	NULL,	NULL,	NULL,	NULL),
(868,	12,	NULL,	NULL,	12,	1,	12,	0,	NULL,	'2020-12-15 03:51:25',	NULL,	NULL,	NULL,	NULL),
(869,	12,	NULL,	NULL,	13,	1,	13,	0,	NULL,	'2020-12-15 03:51:25',	NULL,	NULL,	NULL,	NULL),
(870,	12,	NULL,	NULL,	14,	1,	14,	0,	NULL,	'2020-12-15 03:51:25',	NULL,	NULL,	NULL,	NULL),
(871,	12,	NULL,	NULL,	15,	1,	15,	0,	NULL,	'2020-12-15 03:51:25',	NULL,	NULL,	NULL,	NULL),
(872,	12,	NULL,	NULL,	16,	1,	16,	0,	NULL,	'2020-12-15 03:51:25',	NULL,	NULL,	NULL,	NULL),
(873,	12,	NULL,	NULL,	17,	1,	17,	0,	NULL,	'2020-12-15 03:51:25',	NULL,	NULL,	NULL,	NULL),
(874,	12,	NULL,	NULL,	18,	1,	18,	0,	NULL,	'2020-12-15 03:51:25',	NULL,	NULL,	NULL,	NULL),
(875,	12,	NULL,	NULL,	21,	1,	19,	0,	NULL,	'2020-12-15 03:51:25',	NULL,	NULL,	NULL,	NULL),
(876,	12,	NULL,	NULL,	22,	1,	20,	0,	NULL,	'2020-12-15 03:51:25',	NULL,	NULL,	NULL,	NULL),
(877,	12,	NULL,	NULL,	23,	1,	21,	0,	NULL,	'2020-12-15 03:51:25',	NULL,	NULL,	NULL,	NULL),
(878,	12,	NULL,	NULL,	24,	1,	22,	1,	NULL,	'2020-12-15 03:51:25',	NULL,	NULL,	NULL,	NULL),
(879,	12,	NULL,	NULL,	25,	1,	23,	0,	NULL,	'2020-12-15 03:51:25',	NULL,	NULL,	NULL,	NULL),
(880,	12,	NULL,	NULL,	26,	1,	24,	0,	NULL,	'2020-12-15 03:51:25',	NULL,	NULL,	NULL,	NULL),
(881,	12,	NULL,	NULL,	27,	1,	25,	0,	NULL,	'2020-12-15 03:51:25',	NULL,	NULL,	NULL,	NULL),
(882,	12,	NULL,	NULL,	28,	1,	26,	0,	NULL,	'2020-12-15 03:51:25',	NULL,	NULL,	NULL,	NULL),
(883,	12,	NULL,	NULL,	29,	1,	27,	0,	NULL,	'2020-12-15 03:51:25',	NULL,	NULL,	NULL,	NULL),
(884,	12,	NULL,	NULL,	30,	1,	28,	0,	NULL,	'2020-12-15 03:51:25',	NULL,	NULL,	NULL,	NULL),
(885,	12,	NULL,	NULL,	31,	1,	29,	0,	NULL,	'2020-12-15 03:51:25',	NULL,	NULL,	NULL,	NULL),
(886,	12,	NULL,	NULL,	32,	1,	30,	0,	NULL,	'2020-12-15 03:51:25',	NULL,	NULL,	NULL,	NULL),
(887,	12,	NULL,	NULL,	33,	1,	31,	0,	NULL,	'2020-12-15 03:51:25',	NULL,	NULL,	NULL,	NULL),
(888,	12,	NULL,	NULL,	34,	1,	32,	0,	NULL,	'2020-12-15 03:51:25',	NULL,	NULL,	NULL,	NULL),
(889,	12,	NULL,	NULL,	35,	1,	33,	0,	NULL,	'2020-12-15 03:51:25',	NULL,	NULL,	NULL,	NULL),
(890,	12,	NULL,	NULL,	36,	1,	34,	0,	NULL,	'2020-12-15 03:51:25',	NULL,	NULL,	NULL,	NULL),
(891,	12,	NULL,	NULL,	37,	1,	35,	0,	NULL,	'2020-12-15 03:51:25',	NULL,	NULL,	NULL,	NULL),
(892,	12,	NULL,	NULL,	38,	1,	36,	0,	NULL,	'2020-12-15 03:51:25',	NULL,	NULL,	NULL,	NULL),
(893,	12,	NULL,	NULL,	39,	1,	37,	0,	NULL,	'2020-12-15 03:51:25',	NULL,	NULL,	NULL,	NULL),
(894,	12,	NULL,	NULL,	40,	1,	38,	0,	NULL,	'2020-12-15 03:51:25',	NULL,	NULL,	NULL,	NULL),
(895,	12,	NULL,	NULL,	41,	1,	39,	0,	NULL,	'2020-12-15 03:51:25',	NULL,	NULL,	NULL,	NULL),
(896,	12,	NULL,	NULL,	42,	1,	40,	0,	NULL,	'2020-12-15 03:51:25',	NULL,	NULL,	NULL,	NULL),
(897,	12,	NULL,	NULL,	43,	1,	41,	0,	NULL,	'2020-12-15 03:51:25',	NULL,	NULL,	NULL,	NULL),
(898,	12,	NULL,	NULL,	44,	1,	42,	0,	NULL,	'2020-12-15 03:51:25',	NULL,	NULL,	NULL,	NULL),
(899,	12,	NULL,	NULL,	45,	1,	43,	0,	NULL,	'2020-12-15 03:51:25',	NULL,	NULL,	NULL,	NULL),
(900,	12,	NULL,	NULL,	46,	1,	44,	0,	NULL,	'2020-12-15 03:51:25',	NULL,	NULL,	NULL,	NULL),
(901,	12,	NULL,	NULL,	47,	1,	45,	0,	NULL,	'2020-12-15 03:51:26',	NULL,	NULL,	NULL,	NULL),
(902,	12,	NULL,	NULL,	48,	1,	46,	0,	NULL,	'2020-12-15 03:51:26',	NULL,	NULL,	NULL,	NULL),
(903,	12,	NULL,	NULL,	49,	1,	47,	0,	NULL,	'2020-12-15 03:51:26',	NULL,	NULL,	NULL,	NULL),
(904,	12,	NULL,	NULL,	50,	1,	48,	0,	NULL,	'2020-12-15 03:51:26',	NULL,	NULL,	NULL,	NULL),
(905,	12,	NULL,	NULL,	51,	1,	49,	0,	NULL,	'2020-12-15 03:51:26',	NULL,	NULL,	NULL,	NULL),
(906,	12,	NULL,	NULL,	52,	1,	50,	0,	NULL,	'2020-12-15 03:51:26',	NULL,	NULL,	NULL,	NULL),
(907,	12,	NULL,	NULL,	53,	1,	51,	0,	NULL,	'2020-12-15 03:51:26',	NULL,	NULL,	NULL,	NULL),
(908,	12,	NULL,	NULL,	54,	1,	52,	0,	NULL,	'2020-12-15 03:51:26',	NULL,	NULL,	NULL,	NULL),
(909,	12,	NULL,	NULL,	55,	1,	53,	0,	NULL,	'2020-12-15 03:51:26',	NULL,	NULL,	NULL,	NULL),
(910,	12,	NULL,	NULL,	56,	1,	54,	0,	NULL,	'2020-12-15 03:51:26',	NULL,	NULL,	NULL,	NULL),
(911,	12,	NULL,	NULL,	57,	1,	55,	0,	NULL,	'2020-12-15 03:51:26',	NULL,	NULL,	NULL,	NULL),
(912,	12,	NULL,	NULL,	58,	1,	56,	0,	NULL,	'2020-12-15 03:51:26',	NULL,	NULL,	NULL,	NULL),
(913,	12,	NULL,	NULL,	59,	1,	57,	0,	NULL,	'2020-12-15 03:51:26',	NULL,	NULL,	NULL,	NULL),
(914,	12,	NULL,	NULL,	60,	1,	58,	0,	NULL,	'2020-12-15 03:51:26',	NULL,	NULL,	NULL,	NULL),
(915,	12,	NULL,	NULL,	61,	1,	59,	0,	NULL,	'2020-12-15 03:51:26',	NULL,	NULL,	NULL,	NULL),
(916,	12,	NULL,	NULL,	62,	1,	60,	0,	NULL,	'2020-12-15 03:51:26',	NULL,	NULL,	NULL,	NULL),
(917,	12,	NULL,	NULL,	66,	1,	61,	0,	NULL,	'2020-12-15 03:51:26',	NULL,	NULL,	NULL,	NULL),
(918,	12,	NULL,	NULL,	67,	1,	62,	0,	NULL,	'2020-12-15 03:51:26',	NULL,	NULL,	NULL,	NULL),
(919,	12,	NULL,	NULL,	68,	1,	63,	0,	NULL,	'2020-12-15 03:51:26',	NULL,	NULL,	NULL,	NULL),
(920,	12,	NULL,	NULL,	69,	1,	64,	0,	NULL,	'2020-12-15 03:51:26',	NULL,	NULL,	NULL,	NULL),
(921,	12,	NULL,	NULL,	70,	1,	65,	0,	NULL,	'2020-12-15 03:51:26',	NULL,	NULL,	NULL,	NULL),
(922,	12,	NULL,	NULL,	71,	1,	66,	0,	NULL,	'2020-12-15 03:51:26',	NULL,	NULL,	NULL,	NULL),
(923,	12,	NULL,	NULL,	72,	1,	67,	0,	NULL,	'2020-12-15 03:51:26',	NULL,	NULL,	NULL,	NULL),
(924,	12,	NULL,	NULL,	73,	1,	68,	0,	NULL,	'2020-12-15 03:51:26',	NULL,	NULL,	NULL,	NULL),
(925,	12,	NULL,	NULL,	74,	1,	69,	0,	NULL,	'2020-12-15 03:51:26',	NULL,	NULL,	NULL,	NULL),
(926,	12,	NULL,	NULL,	75,	1,	70,	0,	NULL,	'2020-12-15 03:51:26',	NULL,	NULL,	NULL,	NULL),
(927,	12,	NULL,	NULL,	76,	1,	71,	0,	NULL,	'2020-12-15 03:51:26',	NULL,	NULL,	NULL,	NULL),
(928,	12,	NULL,	NULL,	77,	1,	72,	0,	NULL,	'2020-12-15 03:51:26',	NULL,	NULL,	NULL,	NULL),
(929,	12,	NULL,	NULL,	78,	1,	73,	0,	NULL,	'2020-12-15 03:51:26',	NULL,	NULL,	NULL,	NULL),
(930,	12,	NULL,	NULL,	79,	1,	74,	0,	NULL,	'2020-12-15 03:51:26',	NULL,	NULL,	NULL,	NULL),
(931,	12,	NULL,	NULL,	80,	1,	75,	0,	NULL,	'2020-12-15 03:51:26',	NULL,	NULL,	NULL,	NULL),
(932,	12,	NULL,	NULL,	81,	1,	76,	0,	NULL,	'2020-12-15 03:51:26',	NULL,	NULL,	NULL,	NULL),
(933,	12,	NULL,	NULL,	82,	1,	77,	0,	NULL,	'2020-12-15 03:51:26',	NULL,	NULL,	NULL,	NULL),
(934,	12,	NULL,	NULL,	89,	1,	78,	0,	NULL,	'2020-12-15 03:51:26',	NULL,	NULL,	NULL,	NULL),
(935,	12,	NULL,	NULL,	90,	1,	79,	0,	NULL,	'2020-12-15 03:51:26',	NULL,	NULL,	NULL,	NULL),
(936,	12,	NULL,	NULL,	91,	1,	80,	0,	NULL,	'2020-12-15 03:51:26',	NULL,	NULL,	NULL,	NULL),
(937,	12,	NULL,	NULL,	92,	1,	81,	0,	NULL,	'2020-12-15 03:51:26',	NULL,	NULL,	NULL,	NULL),
(938,	12,	NULL,	NULL,	93,	1,	82,	0,	NULL,	'2020-12-15 03:51:26',	NULL,	NULL,	NULL,	NULL),
(939,	12,	NULL,	NULL,	94,	1,	83,	0,	NULL,	'2020-12-15 03:51:26',	NULL,	NULL,	NULL,	NULL),
(940,	12,	NULL,	NULL,	95,	1,	84,	0,	NULL,	'2020-12-15 03:51:26',	NULL,	NULL,	NULL,	NULL),
(941,	12,	NULL,	NULL,	96,	1,	85,	0,	NULL,	'2020-12-15 03:51:26',	NULL,	NULL,	NULL,	NULL),
(942,	12,	NULL,	NULL,	97,	1,	171,	0,	NULL,	'2020-12-15 04:10:38',	NULL,	NULL,	NULL,	NULL),
(943,	12,	NULL,	NULL,	98,	1,	172,	0,	NULL,	'2020-12-15 04:10:38',	NULL,	NULL,	NULL,	NULL),
(944,	12,	NULL,	NULL,	99,	1,	173,	0,	NULL,	'2020-12-15 04:10:38',	NULL,	NULL,	NULL,	NULL),
(945,	12,	NULL,	NULL,	100,	1,	174,	0,	NULL,	'2020-12-15 04:10:38',	NULL,	NULL,	NULL,	NULL),
(946,	11,	NULL,	NULL,	97,	1,	171,	0,	NULL,	'2020-12-15 04:12:47',	NULL,	NULL,	NULL,	NULL),
(947,	11,	NULL,	NULL,	98,	1,	172,	0,	NULL,	'2020-12-15 04:12:47',	NULL,	NULL,	NULL,	NULL),
(948,	11,	NULL,	NULL,	99,	1,	173,	0,	NULL,	'2020-12-15 04:12:47',	NULL,	NULL,	NULL,	NULL),
(949,	11,	NULL,	NULL,	100,	1,	174,	0,	NULL,	'2020-12-15 04:12:47',	NULL,	NULL,	NULL,	NULL),
(950,	1,	NULL,	NULL,	97,	1,	171,	0,	NULL,	'2020-12-15 04:13:06',	NULL,	NULL,	NULL,	NULL),
(951,	1,	NULL,	NULL,	98,	1,	172,	0,	NULL,	'2020-12-15 04:13:06',	NULL,	NULL,	NULL,	NULL),
(952,	1,	NULL,	NULL,	99,	1,	173,	0,	NULL,	'2020-12-15 04:13:06',	NULL,	NULL,	NULL,	NULL),
(953,	1,	NULL,	NULL,	100,	1,	174,	0,	NULL,	'2020-12-15 04:13:06',	NULL,	NULL,	NULL,	NULL),
(954,	45,	NULL,	NULL,	1,	1,	1,	1,	NULL,	'2020-12-15 06:47:45',	NULL,	NULL,	NULL,	NULL),
(955,	45,	NULL,	NULL,	2,	1,	2,	1,	NULL,	'2020-12-15 06:47:45',	NULL,	NULL,	NULL,	NULL),
(956,	45,	NULL,	NULL,	3,	1,	3,	1,	NULL,	'2020-12-15 06:47:45',	NULL,	NULL,	NULL,	NULL),
(957,	45,	NULL,	NULL,	4,	1,	4,	1,	NULL,	'2020-12-15 06:47:45',	NULL,	NULL,	NULL,	NULL),
(958,	45,	NULL,	NULL,	5,	1,	5,	1,	NULL,	'2020-12-15 06:47:45',	NULL,	NULL,	NULL,	NULL),
(959,	45,	NULL,	NULL,	6,	1,	6,	1,	NULL,	'2020-12-15 06:47:45',	NULL,	NULL,	NULL,	NULL),
(960,	45,	NULL,	NULL,	7,	1,	7,	1,	NULL,	'2020-12-15 06:47:45',	NULL,	NULL,	NULL,	NULL),
(961,	45,	NULL,	NULL,	8,	1,	8,	1,	NULL,	'2020-12-15 06:47:45',	NULL,	NULL,	NULL,	NULL),
(962,	45,	NULL,	NULL,	9,	1,	9,	0,	NULL,	'2020-12-15 06:47:45',	NULL,	NULL,	NULL,	NULL),
(963,	45,	NULL,	NULL,	10,	1,	10,	0,	NULL,	'2020-12-15 06:47:45',	NULL,	NULL,	NULL,	NULL),
(964,	45,	NULL,	NULL,	11,	1,	11,	0,	NULL,	'2020-12-15 06:47:45',	NULL,	NULL,	NULL,	NULL),
(965,	45,	NULL,	NULL,	12,	1,	12,	0,	NULL,	'2020-12-15 06:47:45',	NULL,	NULL,	NULL,	NULL),
(966,	45,	NULL,	NULL,	13,	1,	13,	0,	NULL,	'2020-12-15 06:47:45',	NULL,	NULL,	NULL,	NULL),
(967,	45,	NULL,	NULL,	14,	1,	14,	0,	NULL,	'2020-12-15 06:47:45',	NULL,	NULL,	NULL,	NULL),
(968,	45,	NULL,	NULL,	15,	1,	15,	0,	NULL,	'2020-12-15 06:47:45',	NULL,	NULL,	NULL,	NULL),
(969,	45,	NULL,	NULL,	16,	1,	16,	0,	NULL,	'2020-12-15 06:47:45',	NULL,	NULL,	NULL,	NULL),
(970,	45,	NULL,	NULL,	17,	1,	17,	0,	NULL,	'2020-12-15 06:47:45',	NULL,	NULL,	NULL,	NULL),
(971,	45,	NULL,	NULL,	18,	1,	18,	0,	NULL,	'2020-12-15 06:47:45',	NULL,	NULL,	NULL,	NULL),
(972,	45,	NULL,	NULL,	21,	1,	19,	0,	NULL,	'2020-12-15 06:47:45',	NULL,	NULL,	NULL,	NULL),
(973,	45,	NULL,	NULL,	22,	1,	20,	0,	NULL,	'2020-12-15 06:47:45',	NULL,	NULL,	NULL,	NULL),
(974,	45,	NULL,	NULL,	23,	1,	21,	0,	NULL,	'2020-12-15 06:47:45',	NULL,	NULL,	NULL,	NULL),
(975,	45,	NULL,	NULL,	24,	1,	22,	1,	NULL,	'2020-12-15 06:47:45',	NULL,	NULL,	NULL,	NULL),
(976,	45,	NULL,	NULL,	25,	1,	23,	0,	NULL,	'2020-12-15 06:47:45',	NULL,	NULL,	NULL,	NULL),
(977,	45,	NULL,	NULL,	26,	1,	24,	0,	NULL,	'2020-12-15 06:47:45',	NULL,	NULL,	NULL,	NULL),
(978,	45,	NULL,	NULL,	27,	1,	25,	0,	NULL,	'2020-12-15 06:47:45',	NULL,	NULL,	NULL,	NULL),
(979,	45,	NULL,	NULL,	28,	1,	26,	0,	NULL,	'2020-12-15 06:47:45',	NULL,	NULL,	NULL,	NULL),
(980,	45,	NULL,	NULL,	29,	1,	27,	0,	NULL,	'2020-12-15 06:47:45',	NULL,	NULL,	NULL,	NULL),
(981,	45,	NULL,	NULL,	30,	1,	28,	0,	NULL,	'2020-12-15 06:47:45',	NULL,	NULL,	NULL,	NULL),
(982,	45,	NULL,	NULL,	31,	1,	29,	0,	NULL,	'2020-12-15 06:47:45',	NULL,	NULL,	NULL,	NULL),
(983,	45,	NULL,	NULL,	32,	1,	30,	0,	NULL,	'2020-12-15 06:47:45',	NULL,	NULL,	NULL,	NULL),
(984,	45,	NULL,	NULL,	33,	1,	31,	0,	NULL,	'2020-12-15 06:47:45',	NULL,	NULL,	NULL,	NULL),
(985,	45,	NULL,	NULL,	34,	1,	32,	0,	NULL,	'2020-12-15 06:47:45',	NULL,	NULL,	NULL,	NULL),
(986,	45,	NULL,	NULL,	35,	1,	33,	0,	NULL,	'2020-12-15 06:47:45',	NULL,	NULL,	NULL,	NULL),
(987,	45,	NULL,	NULL,	36,	1,	34,	0,	NULL,	'2020-12-15 06:47:45',	NULL,	NULL,	NULL,	NULL),
(988,	45,	NULL,	NULL,	37,	1,	35,	0,	NULL,	'2020-12-15 06:47:45',	NULL,	NULL,	NULL,	NULL),
(989,	45,	NULL,	NULL,	38,	1,	36,	0,	NULL,	'2020-12-15 06:47:45',	NULL,	NULL,	NULL,	NULL),
(990,	45,	NULL,	NULL,	39,	1,	37,	0,	NULL,	'2020-12-15 06:47:45',	NULL,	NULL,	NULL,	NULL),
(991,	45,	NULL,	NULL,	40,	1,	38,	0,	NULL,	'2020-12-15 06:47:45',	NULL,	NULL,	NULL,	NULL),
(992,	45,	NULL,	NULL,	41,	1,	39,	0,	NULL,	'2020-12-15 06:47:45',	NULL,	NULL,	NULL,	NULL),
(993,	45,	NULL,	NULL,	42,	1,	40,	0,	NULL,	'2020-12-15 06:47:45',	NULL,	NULL,	NULL,	NULL),
(994,	45,	NULL,	NULL,	43,	1,	41,	0,	NULL,	'2020-12-15 06:47:45',	NULL,	NULL,	NULL,	NULL),
(995,	45,	NULL,	NULL,	44,	1,	42,	0,	NULL,	'2020-12-15 06:47:45',	NULL,	NULL,	NULL,	NULL),
(996,	45,	NULL,	NULL,	45,	1,	43,	0,	NULL,	'2020-12-15 06:47:45',	NULL,	NULL,	NULL,	NULL),
(997,	45,	NULL,	NULL,	46,	1,	44,	0,	NULL,	'2020-12-15 06:47:45',	NULL,	NULL,	NULL,	NULL),
(998,	45,	NULL,	NULL,	47,	1,	45,	0,	NULL,	'2020-12-15 06:47:45',	NULL,	NULL,	NULL,	NULL),
(999,	45,	NULL,	NULL,	48,	1,	46,	0,	NULL,	'2020-12-15 06:47:45',	NULL,	NULL,	NULL,	NULL),
(1000,	45,	NULL,	NULL,	49,	1,	47,	0,	NULL,	'2020-12-15 06:47:45',	NULL,	NULL,	NULL,	NULL),
(1001,	45,	NULL,	NULL,	50,	1,	48,	0,	NULL,	'2020-12-15 06:47:45',	NULL,	NULL,	NULL,	NULL),
(1002,	45,	NULL,	NULL,	51,	1,	49,	0,	NULL,	'2020-12-15 06:47:45',	NULL,	NULL,	NULL,	NULL),
(1003,	45,	NULL,	NULL,	52,	1,	50,	0,	NULL,	'2020-12-15 06:47:45',	NULL,	NULL,	NULL,	NULL),
(1004,	45,	NULL,	NULL,	53,	1,	51,	0,	NULL,	'2020-12-15 06:47:45',	NULL,	NULL,	NULL,	NULL),
(1005,	45,	NULL,	NULL,	54,	1,	52,	0,	NULL,	'2020-12-15 06:47:45',	NULL,	NULL,	NULL,	NULL),
(1006,	45,	NULL,	NULL,	55,	1,	53,	0,	NULL,	'2020-12-15 06:47:45',	NULL,	NULL,	NULL,	NULL),
(1007,	45,	NULL,	NULL,	56,	1,	54,	0,	NULL,	'2020-12-15 06:47:45',	NULL,	NULL,	NULL,	NULL),
(1008,	45,	NULL,	NULL,	57,	1,	55,	0,	NULL,	'2020-12-15 06:47:45',	NULL,	NULL,	NULL,	NULL),
(1009,	45,	NULL,	NULL,	58,	1,	56,	0,	NULL,	'2020-12-15 06:47:45',	NULL,	NULL,	NULL,	NULL),
(1010,	45,	NULL,	NULL,	59,	1,	57,	0,	NULL,	'2020-12-15 06:47:45',	NULL,	NULL,	NULL,	NULL),
(1011,	45,	NULL,	NULL,	60,	1,	58,	0,	NULL,	'2020-12-15 06:47:45',	NULL,	NULL,	NULL,	NULL),
(1012,	45,	NULL,	NULL,	61,	1,	59,	0,	NULL,	'2020-12-15 06:47:45',	NULL,	NULL,	NULL,	NULL),
(1013,	45,	NULL,	NULL,	62,	1,	60,	0,	NULL,	'2020-12-15 06:47:45',	NULL,	NULL,	NULL,	NULL),
(1014,	45,	NULL,	NULL,	66,	1,	61,	0,	NULL,	'2020-12-15 06:47:45',	NULL,	NULL,	NULL,	NULL),
(1015,	45,	NULL,	NULL,	67,	1,	62,	0,	NULL,	'2020-12-15 06:47:45',	NULL,	NULL,	NULL,	NULL),
(1016,	45,	NULL,	NULL,	68,	1,	63,	0,	NULL,	'2020-12-15 06:47:45',	NULL,	NULL,	NULL,	NULL),
(1017,	45,	NULL,	NULL,	69,	1,	64,	0,	NULL,	'2020-12-15 06:47:45',	NULL,	NULL,	NULL,	NULL),
(1018,	45,	NULL,	NULL,	70,	1,	65,	0,	NULL,	'2020-12-15 06:47:45',	NULL,	NULL,	NULL,	NULL),
(1019,	45,	NULL,	NULL,	71,	1,	66,	0,	NULL,	'2020-12-15 06:47:45',	NULL,	NULL,	NULL,	NULL),
(1020,	45,	NULL,	NULL,	72,	1,	67,	0,	NULL,	'2020-12-15 06:47:45',	NULL,	NULL,	NULL,	NULL),
(1021,	45,	NULL,	NULL,	73,	1,	68,	0,	NULL,	'2020-12-15 06:47:45',	NULL,	NULL,	NULL,	NULL),
(1022,	45,	NULL,	NULL,	74,	1,	69,	0,	NULL,	'2020-12-15 06:47:45',	NULL,	NULL,	NULL,	NULL),
(1023,	45,	NULL,	NULL,	75,	1,	70,	0,	NULL,	'2020-12-15 06:47:45',	NULL,	NULL,	NULL,	NULL),
(1024,	45,	NULL,	NULL,	76,	1,	71,	0,	NULL,	'2020-12-15 06:47:45',	NULL,	NULL,	NULL,	NULL),
(1025,	45,	NULL,	NULL,	77,	1,	72,	0,	NULL,	'2020-12-15 06:47:45',	NULL,	NULL,	NULL,	NULL),
(1026,	45,	NULL,	NULL,	78,	1,	73,	0,	NULL,	'2020-12-15 06:47:45',	NULL,	NULL,	NULL,	NULL),
(1027,	45,	NULL,	NULL,	79,	1,	74,	0,	NULL,	'2020-12-15 06:47:45',	NULL,	NULL,	NULL,	NULL),
(1028,	45,	NULL,	NULL,	80,	1,	75,	0,	NULL,	'2020-12-15 06:47:45',	NULL,	NULL,	NULL,	NULL),
(1029,	45,	NULL,	NULL,	81,	1,	76,	0,	NULL,	'2020-12-15 06:47:45',	NULL,	NULL,	NULL,	NULL),
(1030,	45,	NULL,	NULL,	82,	1,	77,	0,	NULL,	'2020-12-15 06:47:45',	NULL,	NULL,	NULL,	NULL),
(1031,	45,	NULL,	NULL,	89,	1,	78,	0,	NULL,	'2020-12-15 06:47:45',	NULL,	NULL,	NULL,	NULL),
(1032,	45,	NULL,	NULL,	90,	1,	79,	0,	NULL,	'2020-12-15 06:47:45',	NULL,	NULL,	NULL,	NULL),
(1033,	45,	NULL,	NULL,	91,	1,	80,	0,	NULL,	'2020-12-15 06:47:45',	NULL,	NULL,	NULL,	NULL),
(1034,	45,	NULL,	NULL,	92,	1,	81,	0,	NULL,	'2020-12-15 06:47:45',	NULL,	NULL,	NULL,	NULL),
(1035,	45,	NULL,	NULL,	93,	1,	82,	0,	NULL,	'2020-12-15 06:47:45',	NULL,	NULL,	NULL,	NULL),
(1036,	45,	NULL,	NULL,	94,	1,	83,	0,	NULL,	'2020-12-15 06:47:45',	NULL,	NULL,	NULL,	NULL),
(1037,	45,	NULL,	NULL,	95,	1,	84,	0,	NULL,	'2020-12-15 06:47:45',	NULL,	NULL,	NULL,	NULL),
(1038,	45,	NULL,	NULL,	96,	1,	85,	0,	NULL,	'2020-12-15 06:47:45',	NULL,	NULL,	NULL,	NULL),
(1039,	45,	NULL,	NULL,	97,	1,	86,	0,	NULL,	'2020-12-15 06:47:45',	NULL,	NULL,	NULL,	NULL),
(1040,	45,	NULL,	NULL,	98,	1,	87,	0,	NULL,	'2020-12-15 06:47:45',	NULL,	NULL,	NULL,	NULL),
(1041,	45,	NULL,	NULL,	99,	1,	88,	0,	NULL,	'2020-12-15 06:47:45',	NULL,	NULL,	NULL,	NULL),
(1042,	45,	NULL,	NULL,	100,	1,	89,	0,	NULL,	'2020-12-15 06:47:45',	NULL,	NULL,	NULL,	NULL),
(1043,	27,	NULL,	NULL,	1,	1,	1,	1,	NULL,	'2020-12-15 06:57:01',	NULL,	NULL,	NULL,	NULL),
(1044,	27,	NULL,	NULL,	2,	1,	2,	1,	NULL,	'2020-12-15 06:57:01',	NULL,	NULL,	NULL,	NULL),
(1045,	27,	NULL,	NULL,	3,	1,	3,	1,	NULL,	'2020-12-15 06:57:01',	NULL,	NULL,	NULL,	NULL),
(1046,	27,	NULL,	NULL,	4,	1,	4,	1,	NULL,	'2020-12-15 06:57:01',	NULL,	NULL,	NULL,	NULL),
(1047,	27,	NULL,	NULL,	5,	1,	5,	1,	NULL,	'2020-12-15 06:57:01',	NULL,	NULL,	NULL,	NULL),
(1048,	27,	NULL,	NULL,	6,	1,	6,	1,	NULL,	'2020-12-15 06:57:01',	NULL,	NULL,	NULL,	NULL),
(1049,	27,	NULL,	NULL,	7,	1,	7,	1,	NULL,	'2020-12-15 06:57:01',	NULL,	NULL,	NULL,	NULL),
(1050,	27,	NULL,	NULL,	8,	1,	8,	1,	NULL,	'2020-12-15 06:57:01',	NULL,	NULL,	NULL,	NULL),
(1051,	27,	NULL,	NULL,	9,	1,	9,	0,	NULL,	'2020-12-15 06:57:01',	NULL,	NULL,	NULL,	NULL),
(1052,	27,	NULL,	NULL,	10,	1,	10,	0,	NULL,	'2020-12-15 06:57:01',	NULL,	NULL,	NULL,	NULL),
(1053,	27,	NULL,	NULL,	11,	1,	11,	0,	NULL,	'2020-12-15 06:57:01',	NULL,	NULL,	NULL,	NULL),
(1054,	27,	NULL,	NULL,	12,	1,	12,	0,	NULL,	'2020-12-15 06:57:01',	NULL,	NULL,	NULL,	NULL),
(1055,	27,	NULL,	NULL,	13,	1,	13,	0,	NULL,	'2020-12-15 06:57:01',	NULL,	NULL,	NULL,	NULL),
(1056,	27,	NULL,	NULL,	14,	1,	14,	0,	NULL,	'2020-12-15 06:57:01',	NULL,	NULL,	NULL,	NULL),
(1057,	27,	NULL,	NULL,	15,	1,	15,	0,	NULL,	'2020-12-15 06:57:01',	NULL,	NULL,	NULL,	NULL),
(1058,	27,	NULL,	NULL,	16,	1,	16,	0,	NULL,	'2020-12-15 06:57:01',	NULL,	NULL,	NULL,	NULL),
(1059,	27,	NULL,	NULL,	17,	1,	17,	0,	NULL,	'2020-12-15 06:57:01',	NULL,	NULL,	NULL,	NULL),
(1060,	27,	NULL,	NULL,	18,	1,	18,	0,	NULL,	'2020-12-15 06:57:01',	NULL,	NULL,	NULL,	NULL),
(1061,	27,	NULL,	NULL,	21,	1,	19,	0,	NULL,	'2020-12-15 06:57:01',	NULL,	NULL,	NULL,	NULL),
(1062,	27,	NULL,	NULL,	22,	1,	20,	0,	NULL,	'2020-12-15 06:57:01',	NULL,	NULL,	NULL,	NULL),
(1063,	27,	NULL,	NULL,	23,	1,	21,	0,	NULL,	'2020-12-15 06:57:01',	NULL,	NULL,	NULL,	NULL),
(1064,	27,	NULL,	NULL,	24,	1,	22,	1,	NULL,	'2020-12-15 06:57:01',	NULL,	NULL,	NULL,	NULL),
(1065,	27,	NULL,	NULL,	25,	1,	23,	0,	NULL,	'2020-12-15 06:57:01',	NULL,	NULL,	NULL,	NULL),
(1066,	27,	NULL,	NULL,	26,	1,	24,	0,	NULL,	'2020-12-15 06:57:01',	NULL,	NULL,	NULL,	NULL),
(1067,	27,	NULL,	NULL,	27,	1,	25,	0,	NULL,	'2020-12-15 06:57:01',	NULL,	NULL,	NULL,	NULL),
(1068,	27,	NULL,	NULL,	28,	1,	26,	0,	NULL,	'2020-12-15 06:57:01',	NULL,	NULL,	NULL,	NULL),
(1069,	27,	NULL,	NULL,	29,	1,	27,	0,	NULL,	'2020-12-15 06:57:01',	NULL,	NULL,	NULL,	NULL),
(1070,	27,	NULL,	NULL,	30,	1,	28,	0,	NULL,	'2020-12-15 06:57:01',	NULL,	NULL,	NULL,	NULL),
(1071,	27,	NULL,	NULL,	31,	1,	29,	0,	NULL,	'2020-12-15 06:57:01',	NULL,	NULL,	NULL,	NULL),
(1072,	27,	NULL,	NULL,	32,	1,	30,	0,	NULL,	'2020-12-15 06:57:01',	NULL,	NULL,	NULL,	NULL),
(1073,	27,	NULL,	NULL,	33,	1,	31,	0,	NULL,	'2020-12-15 06:57:01',	NULL,	NULL,	NULL,	NULL),
(1074,	27,	NULL,	NULL,	34,	1,	32,	0,	NULL,	'2020-12-15 06:57:01',	NULL,	NULL,	NULL,	NULL),
(1075,	27,	NULL,	NULL,	35,	1,	33,	0,	NULL,	'2020-12-15 06:57:01',	NULL,	NULL,	NULL,	NULL),
(1076,	27,	NULL,	NULL,	36,	1,	34,	0,	NULL,	'2020-12-15 06:57:01',	NULL,	NULL,	NULL,	NULL),
(1077,	27,	NULL,	NULL,	37,	1,	35,	0,	NULL,	'2020-12-15 06:57:01',	NULL,	NULL,	NULL,	NULL),
(1078,	27,	NULL,	NULL,	38,	1,	36,	0,	NULL,	'2020-12-15 06:57:01',	NULL,	NULL,	NULL,	NULL),
(1079,	27,	NULL,	NULL,	39,	1,	37,	0,	NULL,	'2020-12-15 06:57:01',	NULL,	NULL,	NULL,	NULL),
(1080,	27,	NULL,	NULL,	40,	1,	38,	0,	NULL,	'2020-12-15 06:57:01',	NULL,	NULL,	NULL,	NULL),
(1081,	27,	NULL,	NULL,	41,	1,	39,	0,	NULL,	'2020-12-15 06:57:01',	NULL,	NULL,	NULL,	NULL),
(1082,	27,	NULL,	NULL,	42,	1,	40,	0,	NULL,	'2020-12-15 06:57:01',	NULL,	NULL,	NULL,	NULL),
(1083,	27,	NULL,	NULL,	43,	1,	41,	0,	NULL,	'2020-12-15 06:57:01',	NULL,	NULL,	NULL,	NULL),
(1084,	27,	NULL,	NULL,	44,	1,	42,	0,	NULL,	'2020-12-15 06:57:01',	NULL,	NULL,	NULL,	NULL),
(1085,	27,	NULL,	NULL,	45,	1,	43,	0,	NULL,	'2020-12-15 06:57:01',	NULL,	NULL,	NULL,	NULL),
(1086,	27,	NULL,	NULL,	46,	1,	44,	0,	NULL,	'2020-12-15 06:57:01',	NULL,	NULL,	NULL,	NULL),
(1087,	27,	NULL,	NULL,	47,	1,	45,	0,	NULL,	'2020-12-15 06:57:01',	NULL,	NULL,	NULL,	NULL),
(1088,	27,	NULL,	NULL,	48,	1,	46,	0,	NULL,	'2020-12-15 06:57:01',	NULL,	NULL,	NULL,	NULL),
(1089,	27,	NULL,	NULL,	49,	1,	47,	0,	NULL,	'2020-12-15 06:57:01',	NULL,	NULL,	NULL,	NULL),
(1090,	27,	NULL,	NULL,	50,	1,	48,	0,	NULL,	'2020-12-15 06:57:01',	NULL,	NULL,	NULL,	NULL),
(1091,	27,	NULL,	NULL,	51,	1,	49,	0,	NULL,	'2020-12-15 06:57:01',	NULL,	NULL,	NULL,	NULL),
(1092,	27,	NULL,	NULL,	52,	1,	50,	0,	NULL,	'2020-12-15 06:57:01',	NULL,	NULL,	NULL,	NULL),
(1093,	27,	NULL,	NULL,	53,	1,	51,	0,	NULL,	'2020-12-15 06:57:01',	NULL,	NULL,	NULL,	NULL),
(1094,	27,	NULL,	NULL,	54,	1,	52,	0,	NULL,	'2020-12-15 06:57:01',	NULL,	NULL,	NULL,	NULL),
(1095,	27,	NULL,	NULL,	55,	1,	53,	0,	NULL,	'2020-12-15 06:57:01',	NULL,	NULL,	NULL,	NULL),
(1096,	27,	NULL,	NULL,	56,	1,	54,	0,	NULL,	'2020-12-15 06:57:01',	NULL,	NULL,	NULL,	NULL),
(1097,	27,	NULL,	NULL,	57,	1,	55,	0,	NULL,	'2020-12-15 06:57:01',	NULL,	NULL,	NULL,	NULL),
(1098,	27,	NULL,	NULL,	58,	1,	56,	0,	NULL,	'2020-12-15 06:57:01',	NULL,	NULL,	NULL,	NULL),
(1099,	27,	NULL,	NULL,	59,	1,	57,	0,	NULL,	'2020-12-15 06:57:01',	NULL,	NULL,	NULL,	NULL),
(1100,	27,	NULL,	NULL,	60,	1,	58,	0,	NULL,	'2020-12-15 06:57:01',	NULL,	NULL,	NULL,	NULL),
(1101,	27,	NULL,	NULL,	61,	1,	59,	0,	NULL,	'2020-12-15 06:57:01',	NULL,	NULL,	NULL,	NULL),
(1102,	27,	NULL,	NULL,	62,	1,	60,	0,	NULL,	'2020-12-15 06:57:01',	NULL,	NULL,	NULL,	NULL),
(1103,	27,	NULL,	NULL,	66,	1,	61,	0,	NULL,	'2020-12-15 06:57:01',	NULL,	NULL,	NULL,	NULL),
(1104,	27,	NULL,	NULL,	67,	1,	62,	0,	NULL,	'2020-12-15 06:57:01',	NULL,	NULL,	NULL,	NULL),
(1105,	27,	NULL,	NULL,	68,	1,	63,	0,	NULL,	'2020-12-15 06:57:01',	NULL,	NULL,	NULL,	NULL),
(1106,	27,	NULL,	NULL,	69,	1,	64,	0,	NULL,	'2020-12-15 06:57:01',	NULL,	NULL,	NULL,	NULL),
(1107,	27,	NULL,	NULL,	70,	1,	65,	0,	NULL,	'2020-12-15 06:57:01',	NULL,	NULL,	NULL,	NULL),
(1108,	27,	NULL,	NULL,	71,	1,	66,	0,	NULL,	'2020-12-15 06:57:01',	NULL,	NULL,	NULL,	NULL),
(1109,	27,	NULL,	NULL,	72,	1,	67,	0,	NULL,	'2020-12-15 06:57:01',	NULL,	NULL,	NULL,	NULL),
(1110,	27,	NULL,	NULL,	73,	1,	68,	0,	NULL,	'2020-12-15 06:57:01',	NULL,	NULL,	NULL,	NULL),
(1111,	27,	NULL,	NULL,	74,	1,	69,	0,	NULL,	'2020-12-15 06:57:01',	NULL,	NULL,	NULL,	NULL),
(1112,	27,	NULL,	NULL,	75,	1,	70,	0,	NULL,	'2020-12-15 06:57:01',	NULL,	NULL,	NULL,	NULL),
(1113,	27,	NULL,	NULL,	76,	1,	71,	0,	NULL,	'2020-12-15 06:57:01',	NULL,	NULL,	NULL,	NULL),
(1114,	27,	NULL,	NULL,	77,	1,	72,	0,	NULL,	'2020-12-15 06:57:01',	NULL,	NULL,	NULL,	NULL),
(1115,	27,	NULL,	NULL,	78,	1,	73,	0,	NULL,	'2020-12-15 06:57:01',	NULL,	NULL,	NULL,	NULL),
(1116,	27,	NULL,	NULL,	79,	1,	74,	0,	NULL,	'2020-12-15 06:57:01',	NULL,	NULL,	NULL,	NULL),
(1117,	27,	NULL,	NULL,	80,	1,	75,	0,	NULL,	'2020-12-15 06:57:01',	NULL,	NULL,	NULL,	NULL),
(1118,	27,	NULL,	NULL,	81,	1,	76,	0,	NULL,	'2020-12-15 06:57:01',	NULL,	NULL,	NULL,	NULL),
(1119,	27,	NULL,	NULL,	82,	1,	77,	0,	NULL,	'2020-12-15 06:57:01',	NULL,	NULL,	NULL,	NULL),
(1120,	27,	NULL,	NULL,	89,	1,	78,	0,	NULL,	'2020-12-15 06:57:01',	NULL,	NULL,	NULL,	NULL),
(1121,	27,	NULL,	NULL,	90,	1,	79,	0,	NULL,	'2020-12-15 06:57:01',	NULL,	NULL,	NULL,	NULL),
(1122,	27,	NULL,	NULL,	91,	1,	80,	0,	NULL,	'2020-12-15 06:57:01',	NULL,	NULL,	NULL,	NULL),
(1123,	27,	NULL,	NULL,	92,	1,	81,	0,	NULL,	'2020-12-15 06:57:01',	NULL,	NULL,	NULL,	NULL),
(1124,	27,	NULL,	NULL,	93,	1,	82,	0,	NULL,	'2020-12-15 06:57:01',	NULL,	NULL,	NULL,	NULL),
(1125,	27,	NULL,	NULL,	94,	1,	83,	0,	NULL,	'2020-12-15 06:57:01',	NULL,	NULL,	NULL,	NULL),
(1126,	27,	NULL,	NULL,	95,	1,	84,	0,	NULL,	'2020-12-15 06:57:01',	NULL,	NULL,	NULL,	NULL),
(1127,	27,	NULL,	NULL,	96,	1,	85,	0,	NULL,	'2020-12-15 06:57:01',	NULL,	NULL,	NULL,	NULL),
(1128,	27,	NULL,	NULL,	97,	1,	86,	0,	NULL,	'2020-12-15 06:57:01',	NULL,	NULL,	NULL,	NULL),
(1129,	27,	NULL,	NULL,	98,	1,	87,	0,	NULL,	'2020-12-15 06:57:01',	NULL,	NULL,	NULL,	NULL),
(1130,	27,	NULL,	NULL,	99,	1,	88,	0,	NULL,	'2020-12-15 06:57:01',	NULL,	NULL,	NULL,	NULL),
(1131,	27,	NULL,	NULL,	100,	1,	89,	0,	NULL,	'2020-12-15 06:57:01',	NULL,	NULL,	NULL,	NULL),
(1132,	33,	NULL,	NULL,	1,	1,	1,	1,	NULL,	'2020-12-15 06:58:23',	NULL,	NULL,	NULL,	NULL),
(1133,	33,	NULL,	NULL,	2,	1,	2,	1,	NULL,	'2020-12-15 06:58:23',	NULL,	NULL,	NULL,	NULL),
(1134,	33,	NULL,	NULL,	3,	1,	3,	1,	NULL,	'2020-12-15 06:58:23',	NULL,	NULL,	NULL,	NULL),
(1135,	33,	NULL,	NULL,	4,	1,	4,	1,	NULL,	'2020-12-15 06:58:23',	NULL,	NULL,	NULL,	NULL),
(1136,	33,	NULL,	NULL,	5,	1,	5,	1,	NULL,	'2020-12-15 06:58:23',	NULL,	NULL,	NULL,	NULL),
(1137,	33,	NULL,	NULL,	6,	1,	6,	1,	NULL,	'2020-12-15 06:58:23',	NULL,	NULL,	NULL,	NULL),
(1138,	33,	NULL,	NULL,	7,	1,	7,	1,	NULL,	'2020-12-15 06:58:23',	NULL,	NULL,	NULL,	NULL),
(1139,	33,	NULL,	NULL,	8,	1,	8,	1,	NULL,	'2020-12-15 06:58:23',	NULL,	NULL,	NULL,	NULL),
(1140,	33,	NULL,	NULL,	9,	1,	9,	0,	NULL,	'2020-12-15 06:58:23',	NULL,	NULL,	NULL,	NULL),
(1141,	33,	NULL,	NULL,	10,	1,	10,	0,	NULL,	'2020-12-15 06:58:23',	NULL,	NULL,	NULL,	NULL),
(1142,	33,	NULL,	NULL,	11,	1,	11,	0,	NULL,	'2020-12-15 06:58:23',	NULL,	NULL,	NULL,	NULL),
(1143,	33,	NULL,	NULL,	12,	1,	12,	0,	NULL,	'2020-12-15 06:58:23',	NULL,	NULL,	NULL,	NULL),
(1144,	33,	NULL,	NULL,	13,	1,	13,	0,	NULL,	'2020-12-15 06:58:23',	NULL,	NULL,	NULL,	NULL),
(1145,	33,	NULL,	NULL,	14,	1,	14,	0,	NULL,	'2020-12-15 06:58:23',	NULL,	NULL,	NULL,	NULL),
(1146,	33,	NULL,	NULL,	15,	1,	15,	0,	NULL,	'2020-12-15 06:58:23',	NULL,	NULL,	NULL,	NULL),
(1147,	33,	NULL,	NULL,	16,	1,	16,	0,	NULL,	'2020-12-15 06:58:23',	NULL,	NULL,	NULL,	NULL),
(1148,	33,	NULL,	NULL,	17,	1,	17,	0,	NULL,	'2020-12-15 06:58:23',	NULL,	NULL,	NULL,	NULL),
(1149,	33,	NULL,	NULL,	18,	1,	18,	0,	NULL,	'2020-12-15 06:58:23',	NULL,	NULL,	NULL,	NULL),
(1150,	33,	NULL,	NULL,	21,	1,	19,	0,	NULL,	'2020-12-15 06:58:23',	NULL,	NULL,	NULL,	NULL),
(1151,	33,	NULL,	NULL,	22,	1,	20,	0,	NULL,	'2020-12-15 06:58:23',	NULL,	NULL,	NULL,	NULL),
(1152,	33,	NULL,	NULL,	23,	1,	21,	0,	NULL,	'2020-12-15 06:58:23',	NULL,	NULL,	NULL,	NULL),
(1153,	33,	NULL,	NULL,	24,	1,	22,	1,	NULL,	'2020-12-15 06:58:23',	NULL,	NULL,	NULL,	NULL),
(1154,	33,	NULL,	NULL,	25,	1,	23,	0,	NULL,	'2020-12-15 06:58:23',	NULL,	NULL,	NULL,	NULL),
(1155,	33,	NULL,	NULL,	26,	1,	24,	0,	NULL,	'2020-12-15 06:58:23',	NULL,	NULL,	NULL,	NULL),
(1156,	33,	NULL,	NULL,	27,	1,	25,	0,	NULL,	'2020-12-15 06:58:23',	NULL,	NULL,	NULL,	NULL),
(1157,	33,	NULL,	NULL,	28,	1,	26,	0,	NULL,	'2020-12-15 06:58:23',	NULL,	NULL,	NULL,	NULL),
(1158,	33,	NULL,	NULL,	29,	1,	27,	0,	NULL,	'2020-12-15 06:58:23',	NULL,	NULL,	NULL,	NULL),
(1159,	33,	NULL,	NULL,	30,	1,	28,	0,	NULL,	'2020-12-15 06:58:23',	NULL,	NULL,	NULL,	NULL),
(1160,	33,	NULL,	NULL,	31,	1,	29,	0,	NULL,	'2020-12-15 06:58:23',	NULL,	NULL,	NULL,	NULL),
(1161,	33,	NULL,	NULL,	32,	1,	30,	0,	NULL,	'2020-12-15 06:58:23',	NULL,	NULL,	NULL,	NULL),
(1162,	33,	NULL,	NULL,	33,	1,	31,	0,	NULL,	'2020-12-15 06:58:23',	NULL,	NULL,	NULL,	NULL),
(1163,	33,	NULL,	NULL,	34,	1,	32,	0,	NULL,	'2020-12-15 06:58:23',	NULL,	NULL,	NULL,	NULL),
(1164,	33,	NULL,	NULL,	35,	1,	33,	0,	NULL,	'2020-12-15 06:58:23',	NULL,	NULL,	NULL,	NULL),
(1165,	33,	NULL,	NULL,	36,	1,	34,	0,	NULL,	'2020-12-15 06:58:23',	NULL,	NULL,	NULL,	NULL),
(1166,	33,	NULL,	NULL,	37,	1,	35,	0,	NULL,	'2020-12-15 06:58:23',	NULL,	NULL,	NULL,	NULL),
(1167,	33,	NULL,	NULL,	38,	1,	36,	0,	NULL,	'2020-12-15 06:58:23',	NULL,	NULL,	NULL,	NULL),
(1168,	33,	NULL,	NULL,	39,	1,	37,	0,	NULL,	'2020-12-15 06:58:23',	NULL,	NULL,	NULL,	NULL),
(1169,	33,	NULL,	NULL,	40,	1,	38,	0,	NULL,	'2020-12-15 06:58:23',	NULL,	NULL,	NULL,	NULL),
(1170,	33,	NULL,	NULL,	41,	1,	39,	0,	NULL,	'2020-12-15 06:58:23',	NULL,	NULL,	NULL,	NULL),
(1171,	33,	NULL,	NULL,	42,	1,	40,	0,	NULL,	'2020-12-15 06:58:23',	NULL,	NULL,	NULL,	NULL),
(1172,	33,	NULL,	NULL,	43,	1,	41,	0,	NULL,	'2020-12-15 06:58:23',	NULL,	NULL,	NULL,	NULL),
(1173,	33,	NULL,	NULL,	44,	1,	42,	0,	NULL,	'2020-12-15 06:58:23',	NULL,	NULL,	NULL,	NULL),
(1174,	33,	NULL,	NULL,	45,	1,	43,	0,	NULL,	'2020-12-15 06:58:23',	NULL,	NULL,	NULL,	NULL),
(1175,	33,	NULL,	NULL,	46,	1,	44,	0,	NULL,	'2020-12-15 06:58:23',	NULL,	NULL,	NULL,	NULL),
(1176,	33,	NULL,	NULL,	47,	1,	45,	0,	NULL,	'2020-12-15 06:58:23',	NULL,	NULL,	NULL,	NULL),
(1177,	33,	NULL,	NULL,	48,	1,	46,	0,	NULL,	'2020-12-15 06:58:23',	NULL,	NULL,	NULL,	NULL),
(1178,	33,	NULL,	NULL,	49,	1,	47,	0,	NULL,	'2020-12-15 06:58:23',	NULL,	NULL,	NULL,	NULL),
(1179,	33,	NULL,	NULL,	50,	1,	48,	0,	NULL,	'2020-12-15 06:58:23',	NULL,	NULL,	NULL,	NULL),
(1180,	33,	NULL,	NULL,	51,	1,	49,	0,	NULL,	'2020-12-15 06:58:23',	NULL,	NULL,	NULL,	NULL),
(1181,	33,	NULL,	NULL,	52,	1,	50,	0,	NULL,	'2020-12-15 06:58:23',	NULL,	NULL,	NULL,	NULL),
(1182,	33,	NULL,	NULL,	53,	1,	51,	0,	NULL,	'2020-12-15 06:58:23',	NULL,	NULL,	NULL,	NULL),
(1183,	33,	NULL,	NULL,	54,	1,	52,	0,	NULL,	'2020-12-15 06:58:23',	NULL,	NULL,	NULL,	NULL),
(1184,	33,	NULL,	NULL,	55,	1,	53,	0,	NULL,	'2020-12-15 06:58:23',	NULL,	NULL,	NULL,	NULL),
(1185,	33,	NULL,	NULL,	56,	1,	54,	0,	NULL,	'2020-12-15 06:58:23',	NULL,	NULL,	NULL,	NULL),
(1186,	33,	NULL,	NULL,	57,	1,	55,	0,	NULL,	'2020-12-15 06:58:23',	NULL,	NULL,	NULL,	NULL),
(1187,	33,	NULL,	NULL,	58,	1,	56,	0,	NULL,	'2020-12-15 06:58:23',	NULL,	NULL,	NULL,	NULL),
(1188,	33,	NULL,	NULL,	59,	1,	57,	0,	NULL,	'2020-12-15 06:58:23',	NULL,	NULL,	NULL,	NULL),
(1189,	33,	NULL,	NULL,	60,	1,	58,	0,	NULL,	'2020-12-15 06:58:23',	NULL,	NULL,	NULL,	NULL),
(1190,	33,	NULL,	NULL,	61,	1,	59,	0,	NULL,	'2020-12-15 06:58:23',	NULL,	NULL,	NULL,	NULL),
(1191,	33,	NULL,	NULL,	62,	1,	60,	0,	NULL,	'2020-12-15 06:58:23',	NULL,	NULL,	NULL,	NULL),
(1192,	33,	NULL,	NULL,	66,	1,	61,	0,	NULL,	'2020-12-15 06:58:23',	NULL,	NULL,	NULL,	NULL),
(1193,	33,	NULL,	NULL,	67,	1,	62,	0,	NULL,	'2020-12-15 06:58:23',	NULL,	NULL,	NULL,	NULL),
(1194,	33,	NULL,	NULL,	68,	1,	63,	0,	NULL,	'2020-12-15 06:58:23',	NULL,	NULL,	NULL,	NULL),
(1195,	33,	NULL,	NULL,	69,	1,	64,	0,	NULL,	'2020-12-15 06:58:23',	NULL,	NULL,	NULL,	NULL),
(1196,	33,	NULL,	NULL,	70,	1,	65,	0,	NULL,	'2020-12-15 06:58:23',	NULL,	NULL,	NULL,	NULL),
(1197,	33,	NULL,	NULL,	71,	1,	66,	0,	NULL,	'2020-12-15 06:58:23',	NULL,	NULL,	NULL,	NULL),
(1198,	33,	NULL,	NULL,	72,	1,	67,	0,	NULL,	'2020-12-15 06:58:23',	NULL,	NULL,	NULL,	NULL),
(1199,	33,	NULL,	NULL,	73,	1,	68,	0,	NULL,	'2020-12-15 06:58:23',	NULL,	NULL,	NULL,	NULL),
(1200,	33,	NULL,	NULL,	74,	1,	69,	0,	NULL,	'2020-12-15 06:58:23',	NULL,	NULL,	NULL,	NULL),
(1201,	33,	NULL,	NULL,	75,	1,	70,	0,	NULL,	'2020-12-15 06:58:23',	NULL,	NULL,	NULL,	NULL),
(1202,	33,	NULL,	NULL,	76,	1,	71,	0,	NULL,	'2020-12-15 06:58:23',	NULL,	NULL,	NULL,	NULL),
(1203,	33,	NULL,	NULL,	77,	1,	72,	0,	NULL,	'2020-12-15 06:58:23',	NULL,	NULL,	NULL,	NULL),
(1204,	33,	NULL,	NULL,	78,	1,	73,	0,	NULL,	'2020-12-15 06:58:23',	NULL,	NULL,	NULL,	NULL),
(1205,	33,	NULL,	NULL,	79,	1,	74,	0,	NULL,	'2020-12-15 06:58:23',	NULL,	NULL,	NULL,	NULL),
(1206,	33,	NULL,	NULL,	80,	1,	75,	0,	NULL,	'2020-12-15 06:58:23',	NULL,	NULL,	NULL,	NULL),
(1207,	33,	NULL,	NULL,	81,	1,	76,	0,	NULL,	'2020-12-15 06:58:23',	NULL,	NULL,	NULL,	NULL),
(1208,	33,	NULL,	NULL,	82,	1,	77,	0,	NULL,	'2020-12-15 06:58:23',	NULL,	NULL,	NULL,	NULL),
(1209,	33,	NULL,	NULL,	89,	1,	78,	0,	NULL,	'2020-12-15 06:58:23',	NULL,	NULL,	NULL,	NULL),
(1210,	33,	NULL,	NULL,	90,	1,	79,	0,	NULL,	'2020-12-15 06:58:23',	NULL,	NULL,	NULL,	NULL),
(1211,	33,	NULL,	NULL,	91,	1,	80,	0,	NULL,	'2020-12-15 06:58:23',	NULL,	NULL,	NULL,	NULL),
(1212,	33,	NULL,	NULL,	92,	1,	81,	0,	NULL,	'2020-12-15 06:58:23',	NULL,	NULL,	NULL,	NULL),
(1213,	33,	NULL,	NULL,	93,	1,	82,	0,	NULL,	'2020-12-15 06:58:23',	NULL,	NULL,	NULL,	NULL),
(1214,	33,	NULL,	NULL,	94,	1,	83,	0,	NULL,	'2020-12-15 06:58:23',	NULL,	NULL,	NULL,	NULL),
(1215,	33,	NULL,	NULL,	95,	1,	84,	0,	NULL,	'2020-12-15 06:58:23',	NULL,	NULL,	NULL,	NULL),
(1216,	33,	NULL,	NULL,	96,	1,	85,	0,	NULL,	'2020-12-15 06:58:23',	NULL,	NULL,	NULL,	NULL),
(1217,	33,	NULL,	NULL,	97,	1,	86,	0,	NULL,	'2020-12-15 06:58:23',	NULL,	NULL,	NULL,	NULL),
(1218,	33,	NULL,	NULL,	98,	1,	87,	0,	NULL,	'2020-12-15 06:58:23',	NULL,	NULL,	NULL,	NULL),
(1219,	33,	NULL,	NULL,	99,	1,	88,	0,	NULL,	'2020-12-15 06:58:23',	NULL,	NULL,	NULL,	NULL),
(1220,	33,	NULL,	NULL,	100,	1,	89,	0,	NULL,	'2020-12-15 06:58:23',	NULL,	NULL,	NULL,	NULL),
(1221,	38,	NULL,	NULL,	1,	1,	1,	1,	NULL,	'2020-12-15 06:59:08',	NULL,	NULL,	NULL,	NULL),
(1222,	38,	NULL,	NULL,	2,	1,	2,	1,	NULL,	'2020-12-15 06:59:08',	NULL,	NULL,	NULL,	NULL),
(1223,	38,	NULL,	NULL,	3,	1,	3,	1,	NULL,	'2020-12-15 06:59:08',	NULL,	NULL,	NULL,	NULL),
(1224,	38,	NULL,	NULL,	4,	1,	4,	1,	NULL,	'2020-12-15 06:59:08',	NULL,	NULL,	NULL,	NULL),
(1225,	38,	NULL,	NULL,	5,	1,	5,	1,	NULL,	'2020-12-15 06:59:08',	NULL,	NULL,	NULL,	NULL),
(1226,	38,	NULL,	NULL,	6,	1,	6,	1,	NULL,	'2020-12-15 06:59:08',	NULL,	NULL,	NULL,	NULL),
(1227,	38,	NULL,	NULL,	7,	1,	7,	1,	NULL,	'2020-12-15 06:59:08',	NULL,	NULL,	NULL,	NULL),
(1228,	38,	NULL,	NULL,	8,	1,	8,	1,	NULL,	'2020-12-15 06:59:08',	NULL,	NULL,	NULL,	NULL),
(1229,	38,	NULL,	NULL,	9,	1,	9,	0,	NULL,	'2020-12-15 06:59:08',	NULL,	NULL,	NULL,	NULL),
(1230,	38,	NULL,	NULL,	10,	1,	10,	0,	NULL,	'2020-12-15 06:59:08',	NULL,	NULL,	NULL,	NULL),
(1231,	38,	NULL,	NULL,	11,	1,	11,	0,	NULL,	'2020-12-15 06:59:08',	NULL,	NULL,	NULL,	NULL),
(1232,	38,	NULL,	NULL,	12,	1,	12,	0,	NULL,	'2020-12-15 06:59:08',	NULL,	NULL,	NULL,	NULL),
(1233,	38,	NULL,	NULL,	13,	1,	13,	0,	NULL,	'2020-12-15 06:59:08',	NULL,	NULL,	NULL,	NULL),
(1234,	38,	NULL,	NULL,	14,	1,	14,	0,	NULL,	'2020-12-15 06:59:08',	NULL,	NULL,	NULL,	NULL),
(1235,	38,	NULL,	NULL,	15,	1,	15,	0,	NULL,	'2020-12-15 06:59:08',	NULL,	NULL,	NULL,	NULL),
(1236,	38,	NULL,	NULL,	16,	1,	16,	0,	NULL,	'2020-12-15 06:59:08',	NULL,	NULL,	NULL,	NULL),
(1237,	38,	NULL,	NULL,	17,	1,	17,	0,	NULL,	'2020-12-15 06:59:08',	NULL,	NULL,	NULL,	NULL),
(1238,	38,	NULL,	NULL,	18,	1,	18,	0,	NULL,	'2020-12-15 06:59:08',	NULL,	NULL,	NULL,	NULL),
(1239,	38,	NULL,	NULL,	21,	1,	19,	0,	NULL,	'2020-12-15 06:59:08',	NULL,	NULL,	NULL,	NULL),
(1240,	38,	NULL,	NULL,	22,	1,	20,	0,	NULL,	'2020-12-15 06:59:09',	NULL,	NULL,	NULL,	NULL),
(1241,	38,	NULL,	NULL,	23,	1,	21,	0,	NULL,	'2020-12-15 06:59:09',	NULL,	NULL,	NULL,	NULL),
(1242,	38,	NULL,	NULL,	24,	1,	22,	1,	NULL,	'2020-12-15 06:59:09',	NULL,	NULL,	NULL,	NULL),
(1243,	38,	NULL,	NULL,	25,	1,	23,	0,	NULL,	'2020-12-15 06:59:09',	NULL,	NULL,	NULL,	NULL),
(1244,	38,	NULL,	NULL,	26,	1,	24,	0,	NULL,	'2020-12-15 06:59:09',	NULL,	NULL,	NULL,	NULL),
(1245,	38,	NULL,	NULL,	27,	1,	25,	0,	NULL,	'2020-12-15 06:59:09',	NULL,	NULL,	NULL,	NULL),
(1246,	38,	NULL,	NULL,	28,	1,	26,	0,	NULL,	'2020-12-15 06:59:09',	NULL,	NULL,	NULL,	NULL),
(1247,	38,	NULL,	NULL,	29,	1,	27,	0,	NULL,	'2020-12-15 06:59:09',	NULL,	NULL,	NULL,	NULL),
(1248,	38,	NULL,	NULL,	30,	1,	28,	0,	NULL,	'2020-12-15 06:59:09',	NULL,	NULL,	NULL,	NULL),
(1249,	38,	NULL,	NULL,	31,	1,	29,	0,	NULL,	'2020-12-15 06:59:09',	NULL,	NULL,	NULL,	NULL),
(1250,	38,	NULL,	NULL,	32,	1,	30,	0,	NULL,	'2020-12-15 06:59:09',	NULL,	NULL,	NULL,	NULL),
(1251,	38,	NULL,	NULL,	33,	1,	31,	0,	NULL,	'2020-12-15 06:59:09',	NULL,	NULL,	NULL,	NULL),
(1252,	38,	NULL,	NULL,	34,	1,	32,	0,	NULL,	'2020-12-15 06:59:09',	NULL,	NULL,	NULL,	NULL),
(1253,	38,	NULL,	NULL,	35,	1,	33,	0,	NULL,	'2020-12-15 06:59:09',	NULL,	NULL,	NULL,	NULL),
(1254,	38,	NULL,	NULL,	36,	1,	34,	0,	NULL,	'2020-12-15 06:59:09',	NULL,	NULL,	NULL,	NULL),
(1255,	38,	NULL,	NULL,	37,	1,	35,	0,	NULL,	'2020-12-15 06:59:09',	NULL,	NULL,	NULL,	NULL),
(1256,	38,	NULL,	NULL,	38,	1,	36,	0,	NULL,	'2020-12-15 06:59:09',	NULL,	NULL,	NULL,	NULL),
(1257,	38,	NULL,	NULL,	39,	1,	37,	0,	NULL,	'2020-12-15 06:59:09',	NULL,	NULL,	NULL,	NULL),
(1258,	38,	NULL,	NULL,	40,	1,	38,	0,	NULL,	'2020-12-15 06:59:09',	NULL,	NULL,	NULL,	NULL),
(1259,	38,	NULL,	NULL,	41,	1,	39,	0,	NULL,	'2020-12-15 06:59:09',	NULL,	NULL,	NULL,	NULL),
(1260,	38,	NULL,	NULL,	42,	1,	40,	0,	NULL,	'2020-12-15 06:59:09',	NULL,	NULL,	NULL,	NULL),
(1261,	38,	NULL,	NULL,	43,	1,	41,	0,	NULL,	'2020-12-15 06:59:09',	NULL,	NULL,	NULL,	NULL),
(1262,	38,	NULL,	NULL,	44,	1,	42,	0,	NULL,	'2020-12-15 06:59:09',	NULL,	NULL,	NULL,	NULL),
(1263,	38,	NULL,	NULL,	45,	1,	43,	0,	NULL,	'2020-12-15 06:59:09',	NULL,	NULL,	NULL,	NULL),
(1264,	38,	NULL,	NULL,	46,	1,	44,	0,	NULL,	'2020-12-15 06:59:09',	NULL,	NULL,	NULL,	NULL),
(1265,	38,	NULL,	NULL,	47,	1,	45,	0,	NULL,	'2020-12-15 06:59:09',	NULL,	NULL,	NULL,	NULL),
(1266,	38,	NULL,	NULL,	48,	1,	46,	0,	NULL,	'2020-12-15 06:59:09',	NULL,	NULL,	NULL,	NULL),
(1267,	38,	NULL,	NULL,	49,	1,	47,	0,	NULL,	'2020-12-15 06:59:09',	NULL,	NULL,	NULL,	NULL),
(1268,	38,	NULL,	NULL,	50,	1,	48,	0,	NULL,	'2020-12-15 06:59:09',	NULL,	NULL,	NULL,	NULL),
(1269,	38,	NULL,	NULL,	51,	1,	49,	0,	NULL,	'2020-12-15 06:59:09',	NULL,	NULL,	NULL,	NULL),
(1270,	38,	NULL,	NULL,	52,	1,	50,	0,	NULL,	'2020-12-15 06:59:09',	NULL,	NULL,	NULL,	NULL),
(1271,	38,	NULL,	NULL,	53,	1,	51,	0,	NULL,	'2020-12-15 06:59:09',	NULL,	NULL,	NULL,	NULL),
(1272,	38,	NULL,	NULL,	54,	1,	52,	0,	NULL,	'2020-12-15 06:59:09',	NULL,	NULL,	NULL,	NULL),
(1273,	38,	NULL,	NULL,	55,	1,	53,	0,	NULL,	'2020-12-15 06:59:09',	NULL,	NULL,	NULL,	NULL),
(1274,	38,	NULL,	NULL,	56,	1,	54,	0,	NULL,	'2020-12-15 06:59:09',	NULL,	NULL,	NULL,	NULL),
(1275,	38,	NULL,	NULL,	57,	1,	55,	0,	NULL,	'2020-12-15 06:59:09',	NULL,	NULL,	NULL,	NULL),
(1276,	38,	NULL,	NULL,	58,	1,	56,	0,	NULL,	'2020-12-15 06:59:09',	NULL,	NULL,	NULL,	NULL),
(1277,	38,	NULL,	NULL,	59,	1,	57,	0,	NULL,	'2020-12-15 06:59:09',	NULL,	NULL,	NULL,	NULL),
(1278,	38,	NULL,	NULL,	60,	1,	58,	0,	NULL,	'2020-12-15 06:59:09',	NULL,	NULL,	NULL,	NULL),
(1279,	38,	NULL,	NULL,	61,	1,	59,	0,	NULL,	'2020-12-15 06:59:09',	NULL,	NULL,	NULL,	NULL),
(1280,	38,	NULL,	NULL,	62,	1,	60,	0,	NULL,	'2020-12-15 06:59:09',	NULL,	NULL,	NULL,	NULL),
(1281,	38,	NULL,	NULL,	66,	1,	61,	0,	NULL,	'2020-12-15 06:59:09',	NULL,	NULL,	NULL,	NULL),
(1282,	38,	NULL,	NULL,	67,	1,	62,	0,	NULL,	'2020-12-15 06:59:09',	NULL,	NULL,	NULL,	NULL),
(1283,	38,	NULL,	NULL,	68,	1,	63,	0,	NULL,	'2020-12-15 06:59:09',	NULL,	NULL,	NULL,	NULL),
(1284,	38,	NULL,	NULL,	69,	1,	64,	0,	NULL,	'2020-12-15 06:59:09',	NULL,	NULL,	NULL,	NULL),
(1285,	38,	NULL,	NULL,	70,	1,	65,	0,	NULL,	'2020-12-15 06:59:09',	NULL,	NULL,	NULL,	NULL),
(1286,	38,	NULL,	NULL,	71,	1,	66,	0,	NULL,	'2020-12-15 06:59:09',	NULL,	NULL,	NULL,	NULL),
(1287,	38,	NULL,	NULL,	72,	1,	67,	0,	NULL,	'2020-12-15 06:59:09',	NULL,	NULL,	NULL,	NULL),
(1288,	38,	NULL,	NULL,	73,	1,	68,	0,	NULL,	'2020-12-15 06:59:09',	NULL,	NULL,	NULL,	NULL),
(1289,	38,	NULL,	NULL,	74,	1,	69,	0,	NULL,	'2020-12-15 06:59:09',	NULL,	NULL,	NULL,	NULL),
(1290,	38,	NULL,	NULL,	75,	1,	70,	0,	NULL,	'2020-12-15 06:59:09',	NULL,	NULL,	NULL,	NULL),
(1291,	38,	NULL,	NULL,	76,	1,	71,	0,	NULL,	'2020-12-15 06:59:09',	NULL,	NULL,	NULL,	NULL),
(1292,	38,	NULL,	NULL,	77,	1,	72,	0,	NULL,	'2020-12-15 06:59:09',	NULL,	NULL,	NULL,	NULL),
(1293,	38,	NULL,	NULL,	78,	1,	73,	0,	NULL,	'2020-12-15 06:59:09',	NULL,	NULL,	NULL,	NULL),
(1294,	38,	NULL,	NULL,	79,	1,	74,	0,	NULL,	'2020-12-15 06:59:09',	NULL,	NULL,	NULL,	NULL),
(1295,	38,	NULL,	NULL,	80,	1,	75,	0,	NULL,	'2020-12-15 06:59:09',	NULL,	NULL,	NULL,	NULL),
(1296,	38,	NULL,	NULL,	81,	1,	76,	0,	NULL,	'2020-12-15 06:59:09',	NULL,	NULL,	NULL,	NULL),
(1297,	38,	NULL,	NULL,	82,	1,	77,	0,	NULL,	'2020-12-15 06:59:09',	NULL,	NULL,	NULL,	NULL),
(1298,	38,	NULL,	NULL,	89,	1,	78,	0,	NULL,	'2020-12-15 06:59:09',	NULL,	NULL,	NULL,	NULL),
(1299,	38,	NULL,	NULL,	90,	1,	79,	0,	NULL,	'2020-12-15 06:59:09',	NULL,	NULL,	NULL,	NULL),
(1300,	38,	NULL,	NULL,	91,	1,	80,	0,	NULL,	'2020-12-15 06:59:09',	NULL,	NULL,	NULL,	NULL),
(1301,	38,	NULL,	NULL,	92,	1,	81,	0,	NULL,	'2020-12-15 06:59:09',	NULL,	NULL,	NULL,	NULL),
(1302,	38,	NULL,	NULL,	93,	1,	82,	0,	NULL,	'2020-12-15 06:59:09',	NULL,	NULL,	NULL,	NULL),
(1303,	38,	NULL,	NULL,	94,	1,	83,	0,	NULL,	'2020-12-15 06:59:09',	NULL,	NULL,	NULL,	NULL),
(1304,	38,	NULL,	NULL,	95,	1,	84,	0,	NULL,	'2020-12-15 06:59:09',	NULL,	NULL,	NULL,	NULL),
(1305,	38,	NULL,	NULL,	96,	1,	85,	0,	NULL,	'2020-12-15 06:59:09',	NULL,	NULL,	NULL,	NULL),
(1306,	38,	NULL,	NULL,	97,	1,	86,	0,	NULL,	'2020-12-15 06:59:09',	NULL,	NULL,	NULL,	NULL),
(1307,	38,	NULL,	NULL,	98,	1,	87,	0,	NULL,	'2020-12-15 06:59:09',	NULL,	NULL,	NULL,	NULL),
(1308,	38,	NULL,	NULL,	99,	1,	88,	0,	NULL,	'2020-12-15 06:59:09',	NULL,	NULL,	NULL,	NULL),
(1309,	38,	NULL,	NULL,	100,	1,	89,	0,	NULL,	'2020-12-15 06:59:09',	NULL,	NULL,	NULL,	NULL),
(1310,	16,	NULL,	NULL,	1,	1,	1,	1,	NULL,	'2020-12-15 07:01:16',	NULL,	NULL,	NULL,	NULL),
(1311,	16,	NULL,	NULL,	2,	1,	2,	1,	NULL,	'2020-12-15 07:01:16',	NULL,	NULL,	NULL,	NULL),
(1312,	16,	NULL,	NULL,	3,	1,	3,	1,	NULL,	'2020-12-15 07:01:16',	NULL,	NULL,	NULL,	NULL),
(1313,	16,	NULL,	NULL,	4,	1,	4,	1,	NULL,	'2020-12-15 07:01:16',	NULL,	NULL,	NULL,	NULL),
(1314,	16,	NULL,	NULL,	5,	1,	5,	1,	NULL,	'2020-12-15 07:01:16',	NULL,	NULL,	NULL,	NULL),
(1315,	16,	NULL,	NULL,	6,	1,	6,	1,	NULL,	'2020-12-15 07:01:16',	NULL,	NULL,	NULL,	NULL),
(1316,	16,	NULL,	NULL,	7,	1,	7,	1,	NULL,	'2020-12-15 07:01:16',	NULL,	NULL,	NULL,	NULL),
(1317,	16,	NULL,	NULL,	8,	1,	8,	1,	NULL,	'2020-12-15 07:01:16',	NULL,	NULL,	NULL,	NULL),
(1318,	16,	NULL,	NULL,	9,	1,	9,	0,	NULL,	'2020-12-15 07:01:16',	NULL,	NULL,	NULL,	NULL),
(1319,	16,	NULL,	NULL,	10,	1,	10,	0,	NULL,	'2020-12-15 07:01:16',	NULL,	NULL,	NULL,	NULL),
(1320,	16,	NULL,	NULL,	11,	1,	11,	0,	NULL,	'2020-12-15 07:01:16',	NULL,	NULL,	NULL,	NULL),
(1321,	16,	NULL,	NULL,	12,	1,	12,	0,	NULL,	'2020-12-15 07:01:16',	NULL,	NULL,	NULL,	NULL),
(1322,	16,	NULL,	NULL,	13,	1,	13,	0,	NULL,	'2020-12-15 07:01:16',	NULL,	NULL,	NULL,	NULL),
(1323,	16,	NULL,	NULL,	14,	1,	14,	0,	NULL,	'2020-12-15 07:01:16',	NULL,	NULL,	NULL,	NULL),
(1324,	16,	NULL,	NULL,	15,	1,	15,	0,	NULL,	'2020-12-15 07:01:16',	NULL,	NULL,	NULL,	NULL),
(1325,	16,	NULL,	NULL,	16,	1,	16,	0,	NULL,	'2020-12-15 07:01:16',	NULL,	NULL,	NULL,	NULL),
(1326,	16,	NULL,	NULL,	17,	1,	17,	0,	NULL,	'2020-12-15 07:01:16',	NULL,	NULL,	NULL,	NULL),
(1327,	16,	NULL,	NULL,	18,	1,	18,	0,	NULL,	'2020-12-15 07:01:16',	NULL,	NULL,	NULL,	NULL),
(1328,	16,	NULL,	NULL,	21,	1,	19,	0,	NULL,	'2020-12-15 07:01:16',	NULL,	NULL,	NULL,	NULL),
(1329,	16,	NULL,	NULL,	22,	1,	20,	0,	NULL,	'2020-12-15 07:01:16',	NULL,	NULL,	NULL,	NULL),
(1330,	16,	NULL,	NULL,	23,	1,	21,	0,	NULL,	'2020-12-15 07:01:16',	NULL,	NULL,	NULL,	NULL),
(1331,	16,	NULL,	NULL,	24,	1,	22,	1,	NULL,	'2020-12-15 07:01:16',	NULL,	NULL,	NULL,	NULL),
(1332,	16,	NULL,	NULL,	25,	1,	23,	0,	NULL,	'2020-12-15 07:01:16',	NULL,	NULL,	NULL,	NULL),
(1333,	16,	NULL,	NULL,	26,	1,	24,	0,	NULL,	'2020-12-15 07:01:16',	NULL,	NULL,	NULL,	NULL),
(1334,	16,	NULL,	NULL,	27,	1,	25,	0,	NULL,	'2020-12-15 07:01:16',	NULL,	NULL,	NULL,	NULL),
(1335,	16,	NULL,	NULL,	28,	1,	26,	0,	NULL,	'2020-12-15 07:01:16',	NULL,	NULL,	NULL,	NULL),
(1336,	16,	NULL,	NULL,	29,	1,	27,	0,	NULL,	'2020-12-15 07:01:17',	NULL,	NULL,	NULL,	NULL),
(1337,	16,	NULL,	NULL,	30,	1,	28,	0,	NULL,	'2020-12-15 07:01:17',	NULL,	NULL,	NULL,	NULL),
(1338,	16,	NULL,	NULL,	31,	1,	29,	0,	NULL,	'2020-12-15 07:01:17',	NULL,	NULL,	NULL,	NULL),
(1339,	16,	NULL,	NULL,	32,	1,	30,	0,	NULL,	'2020-12-15 07:01:17',	NULL,	NULL,	NULL,	NULL),
(1340,	16,	NULL,	NULL,	33,	1,	31,	0,	NULL,	'2020-12-15 07:01:17',	NULL,	NULL,	NULL,	NULL),
(1341,	16,	NULL,	NULL,	34,	1,	32,	0,	NULL,	'2020-12-15 07:01:17',	NULL,	NULL,	NULL,	NULL),
(1342,	16,	NULL,	NULL,	35,	1,	33,	0,	NULL,	'2020-12-15 07:01:17',	NULL,	NULL,	NULL,	NULL),
(1343,	16,	NULL,	NULL,	36,	1,	34,	0,	NULL,	'2020-12-15 07:01:17',	NULL,	NULL,	NULL,	NULL),
(1344,	16,	NULL,	NULL,	37,	1,	35,	0,	NULL,	'2020-12-15 07:01:17',	NULL,	NULL,	NULL,	NULL),
(1345,	16,	NULL,	NULL,	38,	1,	36,	0,	NULL,	'2020-12-15 07:01:17',	NULL,	NULL,	NULL,	NULL),
(1346,	16,	NULL,	NULL,	39,	1,	37,	0,	NULL,	'2020-12-15 07:01:17',	NULL,	NULL,	NULL,	NULL),
(1347,	16,	NULL,	NULL,	40,	1,	38,	0,	NULL,	'2020-12-15 07:01:17',	NULL,	NULL,	NULL,	NULL),
(1348,	16,	NULL,	NULL,	41,	1,	39,	0,	NULL,	'2020-12-15 07:01:17',	NULL,	NULL,	NULL,	NULL),
(1349,	16,	NULL,	NULL,	42,	1,	40,	0,	NULL,	'2020-12-15 07:01:17',	NULL,	NULL,	NULL,	NULL),
(1350,	16,	NULL,	NULL,	43,	1,	41,	0,	NULL,	'2020-12-15 07:01:17',	NULL,	NULL,	NULL,	NULL),
(1351,	16,	NULL,	NULL,	44,	1,	42,	0,	NULL,	'2020-12-15 07:01:17',	NULL,	NULL,	NULL,	NULL),
(1352,	16,	NULL,	NULL,	45,	1,	43,	0,	NULL,	'2020-12-15 07:01:17',	NULL,	NULL,	NULL,	NULL),
(1353,	16,	NULL,	NULL,	46,	1,	44,	0,	NULL,	'2020-12-15 07:01:17',	NULL,	NULL,	NULL,	NULL),
(1354,	16,	NULL,	NULL,	47,	1,	45,	0,	NULL,	'2020-12-15 07:01:17',	NULL,	NULL,	NULL,	NULL),
(1355,	16,	NULL,	NULL,	48,	1,	46,	0,	NULL,	'2020-12-15 07:01:17',	NULL,	NULL,	NULL,	NULL),
(1356,	16,	NULL,	NULL,	49,	1,	47,	0,	NULL,	'2020-12-15 07:01:17',	NULL,	NULL,	NULL,	NULL),
(1357,	16,	NULL,	NULL,	50,	1,	48,	0,	NULL,	'2020-12-15 07:01:17',	NULL,	NULL,	NULL,	NULL),
(1358,	16,	NULL,	NULL,	51,	1,	49,	0,	NULL,	'2020-12-15 07:01:17',	NULL,	NULL,	NULL,	NULL),
(1359,	16,	NULL,	NULL,	52,	1,	50,	0,	NULL,	'2020-12-15 07:01:17',	NULL,	NULL,	NULL,	NULL),
(1360,	16,	NULL,	NULL,	53,	1,	51,	0,	NULL,	'2020-12-15 07:01:17',	NULL,	NULL,	NULL,	NULL),
(1361,	16,	NULL,	NULL,	54,	1,	52,	0,	NULL,	'2020-12-15 07:01:17',	NULL,	NULL,	NULL,	NULL),
(1362,	16,	NULL,	NULL,	55,	1,	53,	0,	NULL,	'2020-12-15 07:01:17',	NULL,	NULL,	NULL,	NULL),
(1363,	16,	NULL,	NULL,	56,	1,	54,	0,	NULL,	'2020-12-15 07:01:17',	NULL,	NULL,	NULL,	NULL),
(1364,	16,	NULL,	NULL,	57,	1,	55,	0,	NULL,	'2020-12-15 07:01:17',	NULL,	NULL,	NULL,	NULL),
(1365,	16,	NULL,	NULL,	58,	1,	56,	0,	NULL,	'2020-12-15 07:01:17',	NULL,	NULL,	NULL,	NULL),
(1366,	16,	NULL,	NULL,	59,	1,	57,	0,	NULL,	'2020-12-15 07:01:17',	NULL,	NULL,	NULL,	NULL),
(1367,	16,	NULL,	NULL,	60,	1,	58,	0,	NULL,	'2020-12-15 07:01:17',	NULL,	NULL,	NULL,	NULL),
(1368,	16,	NULL,	NULL,	61,	1,	59,	0,	NULL,	'2020-12-15 07:01:17',	NULL,	NULL,	NULL,	NULL),
(1369,	16,	NULL,	NULL,	62,	1,	60,	0,	NULL,	'2020-12-15 07:01:17',	NULL,	NULL,	NULL,	NULL),
(1370,	16,	NULL,	NULL,	66,	1,	61,	0,	NULL,	'2020-12-15 07:01:17',	NULL,	NULL,	NULL,	NULL),
(1371,	16,	NULL,	NULL,	67,	1,	62,	0,	NULL,	'2020-12-15 07:01:17',	NULL,	NULL,	NULL,	NULL),
(1372,	16,	NULL,	NULL,	68,	1,	63,	0,	NULL,	'2020-12-15 07:01:17',	NULL,	NULL,	NULL,	NULL),
(1373,	16,	NULL,	NULL,	69,	1,	64,	0,	NULL,	'2020-12-15 07:01:17',	NULL,	NULL,	NULL,	NULL),
(1374,	16,	NULL,	NULL,	70,	1,	65,	0,	NULL,	'2020-12-15 07:01:17',	NULL,	NULL,	NULL,	NULL),
(1375,	16,	NULL,	NULL,	71,	1,	66,	0,	NULL,	'2020-12-15 07:01:17',	NULL,	NULL,	NULL,	NULL),
(1376,	16,	NULL,	NULL,	72,	1,	67,	0,	NULL,	'2020-12-15 07:01:17',	NULL,	NULL,	NULL,	NULL),
(1377,	16,	NULL,	NULL,	73,	1,	68,	0,	NULL,	'2020-12-15 07:01:17',	NULL,	NULL,	NULL,	NULL),
(1378,	16,	NULL,	NULL,	74,	1,	69,	0,	NULL,	'2020-12-15 07:01:17',	NULL,	NULL,	NULL,	NULL),
(1379,	16,	NULL,	NULL,	75,	1,	70,	0,	NULL,	'2020-12-15 07:01:17',	NULL,	NULL,	NULL,	NULL),
(1380,	16,	NULL,	NULL,	76,	1,	71,	0,	NULL,	'2020-12-15 07:01:17',	NULL,	NULL,	NULL,	NULL),
(1381,	16,	NULL,	NULL,	77,	1,	72,	0,	NULL,	'2020-12-15 07:01:17',	NULL,	NULL,	NULL,	NULL),
(1382,	16,	NULL,	NULL,	78,	1,	73,	0,	NULL,	'2020-12-15 07:01:17',	NULL,	NULL,	NULL,	NULL),
(1383,	16,	NULL,	NULL,	79,	1,	74,	0,	NULL,	'2020-12-15 07:01:17',	NULL,	NULL,	NULL,	NULL),
(1384,	16,	NULL,	NULL,	80,	1,	75,	0,	NULL,	'2020-12-15 07:01:17',	NULL,	NULL,	NULL,	NULL),
(1385,	16,	NULL,	NULL,	81,	1,	76,	0,	NULL,	'2020-12-15 07:01:17',	NULL,	NULL,	NULL,	NULL),
(1386,	16,	NULL,	NULL,	82,	1,	77,	0,	NULL,	'2020-12-15 07:01:17',	NULL,	NULL,	NULL,	NULL),
(1387,	16,	NULL,	NULL,	89,	1,	78,	0,	NULL,	'2020-12-15 07:01:17',	NULL,	NULL,	NULL,	NULL),
(1388,	16,	NULL,	NULL,	90,	1,	79,	0,	NULL,	'2020-12-15 07:01:17',	NULL,	NULL,	NULL,	NULL),
(1389,	16,	NULL,	NULL,	91,	1,	80,	0,	NULL,	'2020-12-15 07:01:17',	NULL,	NULL,	NULL,	NULL),
(1390,	16,	NULL,	NULL,	92,	1,	81,	0,	NULL,	'2020-12-15 07:01:17',	NULL,	NULL,	NULL,	NULL),
(1391,	16,	NULL,	NULL,	93,	1,	82,	0,	NULL,	'2020-12-15 07:01:17',	NULL,	NULL,	NULL,	NULL),
(1392,	16,	NULL,	NULL,	94,	1,	83,	0,	NULL,	'2020-12-15 07:01:17',	NULL,	NULL,	NULL,	NULL),
(1393,	16,	NULL,	NULL,	95,	1,	84,	0,	NULL,	'2020-12-15 07:01:17',	NULL,	NULL,	NULL,	NULL),
(1394,	16,	NULL,	NULL,	96,	1,	85,	0,	NULL,	'2020-12-15 07:01:17',	NULL,	NULL,	NULL,	NULL),
(1395,	16,	NULL,	NULL,	97,	1,	86,	0,	NULL,	'2020-12-15 07:01:17',	NULL,	NULL,	NULL,	NULL),
(1396,	16,	NULL,	NULL,	98,	1,	87,	0,	NULL,	'2020-12-15 07:01:17',	NULL,	NULL,	NULL,	NULL),
(1397,	16,	NULL,	NULL,	99,	1,	88,	0,	NULL,	'2020-12-15 07:01:17',	NULL,	NULL,	NULL,	NULL),
(1398,	16,	NULL,	NULL,	100,	1,	89,	0,	NULL,	'2020-12-15 07:01:17',	NULL,	NULL,	NULL,	NULL),
(1399,	24,	NULL,	NULL,	1,	1,	1,	1,	NULL,	'2020-12-15 07:02:01',	NULL,	NULL,	NULL,	NULL),
(1400,	24,	NULL,	NULL,	2,	1,	2,	1,	NULL,	'2020-12-15 07:02:01',	NULL,	NULL,	NULL,	NULL),
(1401,	24,	NULL,	NULL,	3,	1,	3,	1,	NULL,	'2020-12-15 07:02:01',	NULL,	NULL,	NULL,	NULL),
(1402,	24,	NULL,	NULL,	4,	1,	4,	1,	NULL,	'2020-12-15 07:02:01',	NULL,	NULL,	NULL,	NULL),
(1403,	24,	NULL,	NULL,	5,	1,	5,	1,	NULL,	'2020-12-15 07:02:01',	NULL,	NULL,	NULL,	NULL),
(1404,	24,	NULL,	NULL,	6,	1,	6,	1,	NULL,	'2020-12-15 07:02:01',	NULL,	NULL,	NULL,	NULL),
(1405,	24,	NULL,	NULL,	7,	1,	7,	1,	NULL,	'2020-12-15 07:02:01',	NULL,	NULL,	NULL,	NULL),
(1406,	24,	NULL,	NULL,	8,	1,	8,	1,	NULL,	'2020-12-15 07:02:01',	NULL,	NULL,	NULL,	NULL),
(1407,	24,	NULL,	NULL,	9,	1,	9,	0,	NULL,	'2020-12-15 07:02:01',	NULL,	NULL,	NULL,	NULL),
(1408,	24,	NULL,	NULL,	10,	1,	10,	0,	NULL,	'2020-12-15 07:02:01',	NULL,	NULL,	NULL,	NULL),
(1409,	24,	NULL,	NULL,	11,	1,	11,	0,	NULL,	'2020-12-15 07:02:01',	NULL,	NULL,	NULL,	NULL),
(1410,	24,	NULL,	NULL,	12,	1,	12,	0,	NULL,	'2020-12-15 07:02:01',	NULL,	NULL,	NULL,	NULL),
(1411,	24,	NULL,	NULL,	13,	1,	13,	0,	NULL,	'2020-12-15 07:02:01',	NULL,	NULL,	NULL,	NULL),
(1412,	24,	NULL,	NULL,	14,	1,	14,	0,	NULL,	'2020-12-15 07:02:01',	NULL,	NULL,	NULL,	NULL),
(1413,	24,	NULL,	NULL,	15,	1,	15,	0,	NULL,	'2020-12-15 07:02:01',	NULL,	NULL,	NULL,	NULL),
(1414,	24,	NULL,	NULL,	16,	1,	16,	0,	NULL,	'2020-12-15 07:02:01',	NULL,	NULL,	NULL,	NULL),
(1415,	24,	NULL,	NULL,	17,	1,	17,	0,	NULL,	'2020-12-15 07:02:01',	NULL,	NULL,	NULL,	NULL),
(1416,	24,	NULL,	NULL,	18,	1,	18,	0,	NULL,	'2020-12-15 07:02:01',	NULL,	NULL,	NULL,	NULL),
(1417,	24,	NULL,	NULL,	21,	1,	19,	0,	NULL,	'2020-12-15 07:02:01',	NULL,	NULL,	NULL,	NULL),
(1418,	24,	NULL,	NULL,	22,	1,	20,	0,	NULL,	'2020-12-15 07:02:01',	NULL,	NULL,	NULL,	NULL),
(1419,	24,	NULL,	NULL,	23,	1,	21,	0,	NULL,	'2020-12-15 07:02:01',	NULL,	NULL,	NULL,	NULL),
(1420,	24,	NULL,	NULL,	24,	1,	22,	1,	NULL,	'2020-12-15 07:02:01',	NULL,	NULL,	NULL,	NULL),
(1421,	24,	NULL,	NULL,	25,	1,	23,	0,	NULL,	'2020-12-15 07:02:01',	NULL,	NULL,	NULL,	NULL),
(1422,	24,	NULL,	NULL,	26,	1,	24,	0,	NULL,	'2020-12-15 07:02:01',	NULL,	NULL,	NULL,	NULL),
(1423,	24,	NULL,	NULL,	27,	1,	25,	0,	NULL,	'2020-12-15 07:02:01',	NULL,	NULL,	NULL,	NULL),
(1424,	24,	NULL,	NULL,	28,	1,	26,	0,	NULL,	'2020-12-15 07:02:01',	NULL,	NULL,	NULL,	NULL),
(1425,	24,	NULL,	NULL,	29,	1,	27,	0,	NULL,	'2020-12-15 07:02:01',	NULL,	NULL,	NULL,	NULL),
(1426,	24,	NULL,	NULL,	30,	1,	28,	0,	NULL,	'2020-12-15 07:02:01',	NULL,	NULL,	NULL,	NULL),
(1427,	24,	NULL,	NULL,	31,	1,	29,	0,	NULL,	'2020-12-15 07:02:01',	NULL,	NULL,	NULL,	NULL),
(1428,	24,	NULL,	NULL,	32,	1,	30,	0,	NULL,	'2020-12-15 07:02:01',	NULL,	NULL,	NULL,	NULL),
(1429,	24,	NULL,	NULL,	33,	1,	31,	0,	NULL,	'2020-12-15 07:02:01',	NULL,	NULL,	NULL,	NULL),
(1430,	24,	NULL,	NULL,	34,	1,	32,	0,	NULL,	'2020-12-15 07:02:01',	NULL,	NULL,	NULL,	NULL),
(1431,	24,	NULL,	NULL,	35,	1,	33,	0,	NULL,	'2020-12-15 07:02:01',	NULL,	NULL,	NULL,	NULL),
(1432,	24,	NULL,	NULL,	36,	1,	34,	0,	NULL,	'2020-12-15 07:02:01',	NULL,	NULL,	NULL,	NULL),
(1433,	24,	NULL,	NULL,	37,	1,	35,	0,	NULL,	'2020-12-15 07:02:01',	NULL,	NULL,	NULL,	NULL),
(1434,	24,	NULL,	NULL,	38,	1,	36,	0,	NULL,	'2020-12-15 07:02:01',	NULL,	NULL,	NULL,	NULL),
(1435,	24,	NULL,	NULL,	39,	1,	37,	0,	NULL,	'2020-12-15 07:02:01',	NULL,	NULL,	NULL,	NULL),
(1436,	24,	NULL,	NULL,	40,	1,	38,	0,	NULL,	'2020-12-15 07:02:01',	NULL,	NULL,	NULL,	NULL),
(1437,	24,	NULL,	NULL,	41,	1,	39,	0,	NULL,	'2020-12-15 07:02:01',	NULL,	NULL,	NULL,	NULL),
(1438,	24,	NULL,	NULL,	42,	1,	40,	0,	NULL,	'2020-12-15 07:02:01',	NULL,	NULL,	NULL,	NULL),
(1439,	24,	NULL,	NULL,	43,	1,	41,	0,	NULL,	'2020-12-15 07:02:01',	NULL,	NULL,	NULL,	NULL),
(1440,	24,	NULL,	NULL,	44,	1,	42,	0,	NULL,	'2020-12-15 07:02:01',	NULL,	NULL,	NULL,	NULL),
(1441,	24,	NULL,	NULL,	45,	1,	43,	0,	NULL,	'2020-12-15 07:02:01',	NULL,	NULL,	NULL,	NULL),
(1442,	24,	NULL,	NULL,	46,	1,	44,	0,	NULL,	'2020-12-15 07:02:01',	NULL,	NULL,	NULL,	NULL),
(1443,	24,	NULL,	NULL,	47,	1,	45,	0,	NULL,	'2020-12-15 07:02:01',	NULL,	NULL,	NULL,	NULL),
(1444,	24,	NULL,	NULL,	48,	1,	46,	0,	NULL,	'2020-12-15 07:02:01',	NULL,	NULL,	NULL,	NULL),
(1445,	24,	NULL,	NULL,	49,	1,	47,	0,	NULL,	'2020-12-15 07:02:01',	NULL,	NULL,	NULL,	NULL),
(1446,	24,	NULL,	NULL,	50,	1,	48,	0,	NULL,	'2020-12-15 07:02:01',	NULL,	NULL,	NULL,	NULL),
(1447,	24,	NULL,	NULL,	51,	1,	49,	0,	NULL,	'2020-12-15 07:02:01',	NULL,	NULL,	NULL,	NULL),
(1448,	24,	NULL,	NULL,	52,	1,	50,	0,	NULL,	'2020-12-15 07:02:01',	NULL,	NULL,	NULL,	NULL),
(1449,	24,	NULL,	NULL,	53,	1,	51,	0,	NULL,	'2020-12-15 07:02:01',	NULL,	NULL,	NULL,	NULL),
(1450,	24,	NULL,	NULL,	54,	1,	52,	0,	NULL,	'2020-12-15 07:02:01',	NULL,	NULL,	NULL,	NULL),
(1451,	24,	NULL,	NULL,	55,	1,	53,	0,	NULL,	'2020-12-15 07:02:01',	NULL,	NULL,	NULL,	NULL),
(1452,	24,	NULL,	NULL,	56,	1,	54,	0,	NULL,	'2020-12-15 07:02:01',	NULL,	NULL,	NULL,	NULL),
(1453,	24,	NULL,	NULL,	57,	1,	55,	0,	NULL,	'2020-12-15 07:02:01',	NULL,	NULL,	NULL,	NULL),
(1454,	24,	NULL,	NULL,	58,	1,	56,	0,	NULL,	'2020-12-15 07:02:01',	NULL,	NULL,	NULL,	NULL),
(1455,	24,	NULL,	NULL,	59,	1,	57,	0,	NULL,	'2020-12-15 07:02:01',	NULL,	NULL,	NULL,	NULL),
(1456,	24,	NULL,	NULL,	60,	1,	58,	0,	NULL,	'2020-12-15 07:02:01',	NULL,	NULL,	NULL,	NULL),
(1457,	24,	NULL,	NULL,	61,	1,	59,	0,	NULL,	'2020-12-15 07:02:01',	NULL,	NULL,	NULL,	NULL),
(1458,	24,	NULL,	NULL,	62,	1,	60,	0,	NULL,	'2020-12-15 07:02:01',	NULL,	NULL,	NULL,	NULL),
(1459,	24,	NULL,	NULL,	66,	1,	61,	0,	NULL,	'2020-12-15 07:02:01',	NULL,	NULL,	NULL,	NULL),
(1460,	24,	NULL,	NULL,	67,	1,	62,	0,	NULL,	'2020-12-15 07:02:01',	NULL,	NULL,	NULL,	NULL),
(1461,	24,	NULL,	NULL,	68,	1,	63,	0,	NULL,	'2020-12-15 07:02:01',	NULL,	NULL,	NULL,	NULL),
(1462,	24,	NULL,	NULL,	69,	1,	64,	0,	NULL,	'2020-12-15 07:02:01',	NULL,	NULL,	NULL,	NULL),
(1463,	24,	NULL,	NULL,	70,	1,	65,	0,	NULL,	'2020-12-15 07:02:01',	NULL,	NULL,	NULL,	NULL),
(1464,	24,	NULL,	NULL,	71,	1,	66,	0,	NULL,	'2020-12-15 07:02:01',	NULL,	NULL,	NULL,	NULL),
(1465,	24,	NULL,	NULL,	72,	1,	67,	0,	NULL,	'2020-12-15 07:02:01',	NULL,	NULL,	NULL,	NULL),
(1466,	24,	NULL,	NULL,	73,	1,	68,	0,	NULL,	'2020-12-15 07:02:01',	NULL,	NULL,	NULL,	NULL),
(1467,	24,	NULL,	NULL,	74,	1,	69,	0,	NULL,	'2020-12-15 07:02:01',	NULL,	NULL,	NULL,	NULL),
(1468,	24,	NULL,	NULL,	75,	1,	70,	0,	NULL,	'2020-12-15 07:02:01',	NULL,	NULL,	NULL,	NULL),
(1469,	24,	NULL,	NULL,	76,	1,	71,	0,	NULL,	'2020-12-15 07:02:01',	NULL,	NULL,	NULL,	NULL),
(1470,	24,	NULL,	NULL,	77,	1,	72,	0,	NULL,	'2020-12-15 07:02:01',	NULL,	NULL,	NULL,	NULL),
(1471,	24,	NULL,	NULL,	78,	1,	73,	0,	NULL,	'2020-12-15 07:02:01',	NULL,	NULL,	NULL,	NULL),
(1472,	24,	NULL,	NULL,	79,	1,	74,	0,	NULL,	'2020-12-15 07:02:01',	NULL,	NULL,	NULL,	NULL),
(1473,	24,	NULL,	NULL,	80,	1,	75,	0,	NULL,	'2020-12-15 07:02:01',	NULL,	NULL,	NULL,	NULL),
(1474,	24,	NULL,	NULL,	81,	1,	76,	0,	NULL,	'2020-12-15 07:02:01',	NULL,	NULL,	NULL,	NULL),
(1475,	24,	NULL,	NULL,	82,	1,	77,	0,	NULL,	'2020-12-15 07:02:01',	NULL,	NULL,	NULL,	NULL),
(1476,	24,	NULL,	NULL,	89,	1,	78,	0,	NULL,	'2020-12-15 07:02:01',	NULL,	NULL,	NULL,	NULL),
(1477,	24,	NULL,	NULL,	90,	1,	79,	0,	NULL,	'2020-12-15 07:02:01',	NULL,	NULL,	NULL,	NULL),
(1478,	24,	NULL,	NULL,	91,	1,	80,	0,	NULL,	'2020-12-15 07:02:01',	NULL,	NULL,	NULL,	NULL),
(1479,	24,	NULL,	NULL,	92,	1,	81,	0,	NULL,	'2020-12-15 07:02:01',	NULL,	NULL,	NULL,	NULL),
(1480,	24,	NULL,	NULL,	93,	1,	82,	0,	NULL,	'2020-12-15 07:02:01',	NULL,	NULL,	NULL,	NULL),
(1481,	24,	NULL,	NULL,	94,	1,	83,	0,	NULL,	'2020-12-15 07:02:01',	NULL,	NULL,	NULL,	NULL),
(1482,	24,	NULL,	NULL,	95,	1,	84,	0,	NULL,	'2020-12-15 07:02:01',	NULL,	NULL,	NULL,	NULL),
(1483,	24,	NULL,	NULL,	96,	1,	85,	0,	NULL,	'2020-12-15 07:02:01',	NULL,	NULL,	NULL,	NULL),
(1484,	24,	NULL,	NULL,	97,	1,	86,	0,	NULL,	'2020-12-15 07:02:01',	NULL,	NULL,	NULL,	NULL),
(1485,	24,	NULL,	NULL,	98,	1,	87,	0,	NULL,	'2020-12-15 07:02:01',	NULL,	NULL,	NULL,	NULL),
(1486,	24,	NULL,	NULL,	99,	1,	88,	0,	NULL,	'2020-12-15 07:02:01',	NULL,	NULL,	NULL,	NULL),
(1487,	24,	NULL,	NULL,	100,	1,	89,	0,	NULL,	'2020-12-15 07:02:01',	NULL,	NULL,	NULL,	NULL),
(1488,	37,	NULL,	NULL,	1,	1,	1,	1,	NULL,	'2020-12-15 07:02:15',	NULL,	NULL,	NULL,	NULL),
(1489,	37,	NULL,	NULL,	2,	1,	2,	1,	NULL,	'2020-12-15 07:02:15',	NULL,	NULL,	NULL,	NULL),
(1490,	37,	NULL,	NULL,	3,	1,	3,	1,	NULL,	'2020-12-15 07:02:15',	NULL,	NULL,	NULL,	NULL),
(1491,	37,	NULL,	NULL,	4,	1,	4,	1,	NULL,	'2020-12-15 07:02:15',	NULL,	NULL,	NULL,	NULL),
(1492,	37,	NULL,	NULL,	5,	1,	5,	1,	NULL,	'2020-12-15 07:02:15',	NULL,	NULL,	NULL,	NULL),
(1493,	37,	NULL,	NULL,	6,	1,	6,	1,	NULL,	'2020-12-15 07:02:15',	NULL,	NULL,	NULL,	NULL),
(1494,	37,	NULL,	NULL,	7,	1,	7,	1,	NULL,	'2020-12-15 07:02:15',	NULL,	NULL,	NULL,	NULL),
(1495,	37,	NULL,	NULL,	8,	1,	8,	1,	NULL,	'2020-12-15 07:02:15',	NULL,	NULL,	NULL,	NULL),
(1496,	37,	NULL,	NULL,	9,	1,	9,	0,	NULL,	'2020-12-15 07:02:15',	NULL,	NULL,	NULL,	NULL),
(1497,	37,	NULL,	NULL,	10,	1,	10,	0,	NULL,	'2020-12-15 07:02:15',	NULL,	NULL,	NULL,	NULL),
(1498,	37,	NULL,	NULL,	11,	1,	11,	0,	NULL,	'2020-12-15 07:02:15',	NULL,	NULL,	NULL,	NULL),
(1499,	37,	NULL,	NULL,	12,	1,	12,	0,	NULL,	'2020-12-15 07:02:15',	NULL,	NULL,	NULL,	NULL),
(1500,	37,	NULL,	NULL,	13,	1,	13,	0,	NULL,	'2020-12-15 07:02:15',	NULL,	NULL,	NULL,	NULL),
(1501,	37,	NULL,	NULL,	14,	1,	14,	0,	NULL,	'2020-12-15 07:02:15',	NULL,	NULL,	NULL,	NULL),
(1502,	37,	NULL,	NULL,	15,	1,	15,	0,	NULL,	'2020-12-15 07:02:15',	NULL,	NULL,	NULL,	NULL),
(1503,	37,	NULL,	NULL,	16,	1,	16,	0,	NULL,	'2020-12-15 07:02:15',	NULL,	NULL,	NULL,	NULL),
(1504,	37,	NULL,	NULL,	17,	1,	17,	0,	NULL,	'2020-12-15 07:02:15',	NULL,	NULL,	NULL,	NULL),
(1505,	37,	NULL,	NULL,	18,	1,	18,	0,	NULL,	'2020-12-15 07:02:15',	NULL,	NULL,	NULL,	NULL),
(1506,	37,	NULL,	NULL,	21,	1,	19,	0,	NULL,	'2020-12-15 07:02:15',	NULL,	NULL,	NULL,	NULL),
(1507,	37,	NULL,	NULL,	22,	1,	20,	0,	NULL,	'2020-12-15 07:02:15',	NULL,	NULL,	NULL,	NULL),
(1508,	37,	NULL,	NULL,	23,	1,	21,	0,	NULL,	'2020-12-15 07:02:15',	NULL,	NULL,	NULL,	NULL),
(1509,	37,	NULL,	NULL,	24,	1,	22,	1,	NULL,	'2020-12-15 07:02:15',	NULL,	NULL,	NULL,	NULL),
(1510,	37,	NULL,	NULL,	25,	1,	23,	0,	NULL,	'2020-12-15 07:02:15',	NULL,	NULL,	NULL,	NULL),
(1511,	37,	NULL,	NULL,	26,	1,	24,	0,	NULL,	'2020-12-15 07:02:15',	NULL,	NULL,	NULL,	NULL),
(1512,	37,	NULL,	NULL,	27,	1,	25,	0,	NULL,	'2020-12-15 07:02:15',	NULL,	NULL,	NULL,	NULL),
(1513,	37,	NULL,	NULL,	28,	1,	26,	0,	NULL,	'2020-12-15 07:02:15',	NULL,	NULL,	NULL,	NULL),
(1514,	37,	NULL,	NULL,	29,	1,	27,	0,	NULL,	'2020-12-15 07:02:15',	NULL,	NULL,	NULL,	NULL),
(1515,	37,	NULL,	NULL,	30,	1,	28,	0,	NULL,	'2020-12-15 07:02:15',	NULL,	NULL,	NULL,	NULL),
(1516,	37,	NULL,	NULL,	31,	1,	29,	0,	NULL,	'2020-12-15 07:02:15',	NULL,	NULL,	NULL,	NULL),
(1517,	37,	NULL,	NULL,	32,	1,	30,	0,	NULL,	'2020-12-15 07:02:15',	NULL,	NULL,	NULL,	NULL),
(1518,	37,	NULL,	NULL,	33,	1,	31,	0,	NULL,	'2020-12-15 07:02:15',	NULL,	NULL,	NULL,	NULL),
(1519,	37,	NULL,	NULL,	34,	1,	32,	0,	NULL,	'2020-12-15 07:02:15',	NULL,	NULL,	NULL,	NULL),
(1520,	37,	NULL,	NULL,	35,	1,	33,	0,	NULL,	'2020-12-15 07:02:15',	NULL,	NULL,	NULL,	NULL),
(1521,	37,	NULL,	NULL,	36,	1,	34,	0,	NULL,	'2020-12-15 07:02:15',	NULL,	NULL,	NULL,	NULL),
(1522,	37,	NULL,	NULL,	37,	1,	35,	0,	NULL,	'2020-12-15 07:02:15',	NULL,	NULL,	NULL,	NULL),
(1523,	37,	NULL,	NULL,	38,	1,	36,	0,	NULL,	'2020-12-15 07:02:15',	NULL,	NULL,	NULL,	NULL),
(1524,	37,	NULL,	NULL,	39,	1,	37,	0,	NULL,	'2020-12-15 07:02:15',	NULL,	NULL,	NULL,	NULL),
(1525,	37,	NULL,	NULL,	40,	1,	38,	0,	NULL,	'2020-12-15 07:02:15',	NULL,	NULL,	NULL,	NULL),
(1526,	37,	NULL,	NULL,	41,	1,	39,	0,	NULL,	'2020-12-15 07:02:15',	NULL,	NULL,	NULL,	NULL),
(1527,	37,	NULL,	NULL,	42,	1,	40,	0,	NULL,	'2020-12-15 07:02:15',	NULL,	NULL,	NULL,	NULL),
(1528,	37,	NULL,	NULL,	43,	1,	41,	0,	NULL,	'2020-12-15 07:02:15',	NULL,	NULL,	NULL,	NULL),
(1529,	37,	NULL,	NULL,	44,	1,	42,	0,	NULL,	'2020-12-15 07:02:15',	NULL,	NULL,	NULL,	NULL),
(1530,	37,	NULL,	NULL,	45,	1,	43,	0,	NULL,	'2020-12-15 07:02:15',	NULL,	NULL,	NULL,	NULL),
(1531,	37,	NULL,	NULL,	46,	1,	44,	0,	NULL,	'2020-12-15 07:02:15',	NULL,	NULL,	NULL,	NULL),
(1532,	37,	NULL,	NULL,	47,	1,	45,	0,	NULL,	'2020-12-15 07:02:15',	NULL,	NULL,	NULL,	NULL),
(1533,	37,	NULL,	NULL,	48,	1,	46,	0,	NULL,	'2020-12-15 07:02:15',	NULL,	NULL,	NULL,	NULL),
(1534,	37,	NULL,	NULL,	49,	1,	47,	0,	NULL,	'2020-12-15 07:02:15',	NULL,	NULL,	NULL,	NULL),
(1535,	37,	NULL,	NULL,	50,	1,	48,	0,	NULL,	'2020-12-15 07:02:15',	NULL,	NULL,	NULL,	NULL),
(1536,	37,	NULL,	NULL,	51,	1,	49,	0,	NULL,	'2020-12-15 07:02:15',	NULL,	NULL,	NULL,	NULL),
(1537,	37,	NULL,	NULL,	52,	1,	50,	0,	NULL,	'2020-12-15 07:02:15',	NULL,	NULL,	NULL,	NULL),
(1538,	37,	NULL,	NULL,	53,	1,	51,	0,	NULL,	'2020-12-15 07:02:15',	NULL,	NULL,	NULL,	NULL),
(1539,	37,	NULL,	NULL,	54,	1,	52,	0,	NULL,	'2020-12-15 07:02:15',	NULL,	NULL,	NULL,	NULL),
(1540,	37,	NULL,	NULL,	55,	1,	53,	0,	NULL,	'2020-12-15 07:02:15',	NULL,	NULL,	NULL,	NULL),
(1541,	37,	NULL,	NULL,	56,	1,	54,	0,	NULL,	'2020-12-15 07:02:15',	NULL,	NULL,	NULL,	NULL),
(1542,	37,	NULL,	NULL,	57,	1,	55,	0,	NULL,	'2020-12-15 07:02:15',	NULL,	NULL,	NULL,	NULL),
(1543,	37,	NULL,	NULL,	58,	1,	56,	0,	NULL,	'2020-12-15 07:02:15',	NULL,	NULL,	NULL,	NULL),
(1544,	37,	NULL,	NULL,	59,	1,	57,	0,	NULL,	'2020-12-15 07:02:15',	NULL,	NULL,	NULL,	NULL),
(1545,	37,	NULL,	NULL,	60,	1,	58,	0,	NULL,	'2020-12-15 07:02:15',	NULL,	NULL,	NULL,	NULL),
(1546,	37,	NULL,	NULL,	61,	1,	59,	0,	NULL,	'2020-12-15 07:02:15',	NULL,	NULL,	NULL,	NULL),
(1547,	37,	NULL,	NULL,	62,	1,	60,	0,	NULL,	'2020-12-15 07:02:15',	NULL,	NULL,	NULL,	NULL),
(1548,	37,	NULL,	NULL,	66,	1,	61,	0,	NULL,	'2020-12-15 07:02:15',	NULL,	NULL,	NULL,	NULL),
(1549,	37,	NULL,	NULL,	67,	1,	62,	0,	NULL,	'2020-12-15 07:02:15',	NULL,	NULL,	NULL,	NULL),
(1550,	37,	NULL,	NULL,	68,	1,	63,	0,	NULL,	'2020-12-15 07:02:15',	NULL,	NULL,	NULL,	NULL),
(1551,	37,	NULL,	NULL,	69,	1,	64,	0,	NULL,	'2020-12-15 07:02:15',	NULL,	NULL,	NULL,	NULL),
(1552,	37,	NULL,	NULL,	70,	1,	65,	0,	NULL,	'2020-12-15 07:02:15',	NULL,	NULL,	NULL,	NULL),
(1553,	37,	NULL,	NULL,	71,	1,	66,	0,	NULL,	'2020-12-15 07:02:15',	NULL,	NULL,	NULL,	NULL),
(1554,	37,	NULL,	NULL,	72,	1,	67,	0,	NULL,	'2020-12-15 07:02:15',	NULL,	NULL,	NULL,	NULL),
(1555,	37,	NULL,	NULL,	73,	1,	68,	0,	NULL,	'2020-12-15 07:02:15',	NULL,	NULL,	NULL,	NULL),
(1556,	37,	NULL,	NULL,	74,	1,	69,	0,	NULL,	'2020-12-15 07:02:15',	NULL,	NULL,	NULL,	NULL),
(1557,	37,	NULL,	NULL,	75,	1,	70,	0,	NULL,	'2020-12-15 07:02:15',	NULL,	NULL,	NULL,	NULL),
(1558,	37,	NULL,	NULL,	76,	1,	71,	0,	NULL,	'2020-12-15 07:02:15',	NULL,	NULL,	NULL,	NULL),
(1559,	37,	NULL,	NULL,	77,	1,	72,	0,	NULL,	'2020-12-15 07:02:15',	NULL,	NULL,	NULL,	NULL),
(1560,	37,	NULL,	NULL,	78,	1,	73,	0,	NULL,	'2020-12-15 07:02:15',	NULL,	NULL,	NULL,	NULL),
(1561,	37,	NULL,	NULL,	79,	1,	74,	0,	NULL,	'2020-12-15 07:02:15',	NULL,	NULL,	NULL,	NULL),
(1562,	37,	NULL,	NULL,	80,	1,	75,	0,	NULL,	'2020-12-15 07:02:15',	NULL,	NULL,	NULL,	NULL),
(1563,	37,	NULL,	NULL,	81,	1,	76,	0,	NULL,	'2020-12-15 07:02:15',	NULL,	NULL,	NULL,	NULL),
(1564,	37,	NULL,	NULL,	82,	1,	77,	0,	NULL,	'2020-12-15 07:02:15',	NULL,	NULL,	NULL,	NULL),
(1565,	37,	NULL,	NULL,	89,	1,	78,	0,	NULL,	'2020-12-15 07:02:15',	NULL,	NULL,	NULL,	NULL),
(1566,	37,	NULL,	NULL,	90,	1,	79,	0,	NULL,	'2020-12-15 07:02:15',	NULL,	NULL,	NULL,	NULL),
(1567,	37,	NULL,	NULL,	91,	1,	80,	0,	NULL,	'2020-12-15 07:02:15',	NULL,	NULL,	NULL,	NULL),
(1568,	37,	NULL,	NULL,	92,	1,	81,	0,	NULL,	'2020-12-15 07:02:15',	NULL,	NULL,	NULL,	NULL),
(1569,	37,	NULL,	NULL,	93,	1,	82,	0,	NULL,	'2020-12-15 07:02:15',	NULL,	NULL,	NULL,	NULL),
(1570,	37,	NULL,	NULL,	94,	1,	83,	0,	NULL,	'2020-12-15 07:02:15',	NULL,	NULL,	NULL,	NULL),
(1571,	37,	NULL,	NULL,	95,	1,	84,	0,	NULL,	'2020-12-15 07:02:15',	NULL,	NULL,	NULL,	NULL),
(1572,	37,	NULL,	NULL,	96,	1,	85,	0,	NULL,	'2020-12-15 07:02:15',	NULL,	NULL,	NULL,	NULL),
(1573,	37,	NULL,	NULL,	97,	1,	86,	0,	NULL,	'2020-12-15 07:02:15',	NULL,	NULL,	NULL,	NULL),
(1574,	37,	NULL,	NULL,	98,	1,	87,	0,	NULL,	'2020-12-15 07:02:15',	NULL,	NULL,	NULL,	NULL),
(1575,	37,	NULL,	NULL,	99,	1,	88,	0,	NULL,	'2020-12-15 07:02:15',	NULL,	NULL,	NULL,	NULL),
(1576,	37,	NULL,	NULL,	100,	1,	89,	0,	NULL,	'2020-12-15 07:02:15',	NULL,	NULL,	NULL,	NULL),
(1577,	35,	NULL,	NULL,	1,	1,	1,	1,	NULL,	'2020-12-15 07:02:27',	NULL,	NULL,	NULL,	NULL),
(1578,	35,	NULL,	NULL,	2,	1,	2,	1,	NULL,	'2020-12-15 07:02:27',	NULL,	NULL,	NULL,	NULL),
(1579,	35,	NULL,	NULL,	3,	1,	3,	1,	NULL,	'2020-12-15 07:02:27',	NULL,	NULL,	NULL,	NULL),
(1580,	35,	NULL,	NULL,	4,	1,	4,	1,	NULL,	'2020-12-15 07:02:27',	NULL,	NULL,	NULL,	NULL),
(1581,	35,	NULL,	NULL,	5,	1,	5,	1,	NULL,	'2020-12-15 07:02:27',	NULL,	NULL,	NULL,	NULL),
(1582,	35,	NULL,	NULL,	6,	1,	6,	1,	NULL,	'2020-12-15 07:02:27',	NULL,	NULL,	NULL,	NULL),
(1583,	35,	NULL,	NULL,	7,	1,	7,	1,	NULL,	'2020-12-15 07:02:27',	NULL,	NULL,	NULL,	NULL),
(1584,	35,	NULL,	NULL,	8,	1,	8,	1,	NULL,	'2020-12-15 07:02:27',	NULL,	NULL,	NULL,	NULL),
(1585,	35,	NULL,	NULL,	9,	1,	9,	0,	NULL,	'2020-12-15 07:02:27',	NULL,	NULL,	NULL,	NULL),
(1586,	35,	NULL,	NULL,	10,	1,	10,	0,	NULL,	'2020-12-15 07:02:27',	NULL,	NULL,	NULL,	NULL),
(1587,	35,	NULL,	NULL,	11,	1,	11,	0,	NULL,	'2020-12-15 07:02:27',	NULL,	NULL,	NULL,	NULL),
(1588,	35,	NULL,	NULL,	12,	1,	12,	0,	NULL,	'2020-12-15 07:02:27',	NULL,	NULL,	NULL,	NULL),
(1589,	35,	NULL,	NULL,	13,	1,	13,	0,	NULL,	'2020-12-15 07:02:27',	NULL,	NULL,	NULL,	NULL),
(1590,	35,	NULL,	NULL,	14,	1,	14,	0,	NULL,	'2020-12-15 07:02:27',	NULL,	NULL,	NULL,	NULL),
(1591,	35,	NULL,	NULL,	15,	1,	15,	0,	NULL,	'2020-12-15 07:02:27',	NULL,	NULL,	NULL,	NULL),
(1592,	35,	NULL,	NULL,	16,	1,	16,	0,	NULL,	'2020-12-15 07:02:27',	NULL,	NULL,	NULL,	NULL),
(1593,	35,	NULL,	NULL,	17,	1,	17,	0,	NULL,	'2020-12-15 07:02:27',	NULL,	NULL,	NULL,	NULL),
(1594,	35,	NULL,	NULL,	18,	1,	18,	0,	NULL,	'2020-12-15 07:02:27',	NULL,	NULL,	NULL,	NULL),
(1595,	35,	NULL,	NULL,	21,	1,	19,	0,	NULL,	'2020-12-15 07:02:27',	NULL,	NULL,	NULL,	NULL),
(1596,	35,	NULL,	NULL,	22,	1,	20,	0,	NULL,	'2020-12-15 07:02:27',	NULL,	NULL,	NULL,	NULL),
(1597,	35,	NULL,	NULL,	23,	1,	21,	0,	NULL,	'2020-12-15 07:02:27',	NULL,	NULL,	NULL,	NULL),
(1598,	35,	NULL,	NULL,	24,	1,	22,	1,	NULL,	'2020-12-15 07:02:27',	NULL,	NULL,	NULL,	NULL),
(1599,	35,	NULL,	NULL,	25,	1,	23,	0,	NULL,	'2020-12-15 07:02:27',	NULL,	NULL,	NULL,	NULL),
(1600,	35,	NULL,	NULL,	26,	1,	24,	0,	NULL,	'2020-12-15 07:02:27',	NULL,	NULL,	NULL,	NULL),
(1601,	35,	NULL,	NULL,	27,	1,	25,	0,	NULL,	'2020-12-15 07:02:27',	NULL,	NULL,	NULL,	NULL),
(1602,	35,	NULL,	NULL,	28,	1,	26,	0,	NULL,	'2020-12-15 07:02:27',	NULL,	NULL,	NULL,	NULL),
(1603,	35,	NULL,	NULL,	29,	1,	27,	0,	NULL,	'2020-12-15 07:02:27',	NULL,	NULL,	NULL,	NULL),
(1604,	35,	NULL,	NULL,	30,	1,	28,	0,	NULL,	'2020-12-15 07:02:27',	NULL,	NULL,	NULL,	NULL),
(1605,	35,	NULL,	NULL,	31,	1,	29,	0,	NULL,	'2020-12-15 07:02:27',	NULL,	NULL,	NULL,	NULL),
(1606,	35,	NULL,	NULL,	32,	1,	30,	0,	NULL,	'2020-12-15 07:02:27',	NULL,	NULL,	NULL,	NULL),
(1607,	35,	NULL,	NULL,	33,	1,	31,	0,	NULL,	'2020-12-15 07:02:27',	NULL,	NULL,	NULL,	NULL),
(1608,	35,	NULL,	NULL,	34,	1,	32,	0,	NULL,	'2020-12-15 07:02:27',	NULL,	NULL,	NULL,	NULL),
(1609,	35,	NULL,	NULL,	35,	1,	33,	0,	NULL,	'2020-12-15 07:02:27',	NULL,	NULL,	NULL,	NULL),
(1610,	35,	NULL,	NULL,	36,	1,	34,	0,	NULL,	'2020-12-15 07:02:27',	NULL,	NULL,	NULL,	NULL),
(1611,	35,	NULL,	NULL,	37,	1,	35,	0,	NULL,	'2020-12-15 07:02:27',	NULL,	NULL,	NULL,	NULL),
(1612,	35,	NULL,	NULL,	38,	1,	36,	0,	NULL,	'2020-12-15 07:02:27',	NULL,	NULL,	NULL,	NULL),
(1613,	35,	NULL,	NULL,	39,	1,	37,	0,	NULL,	'2020-12-15 07:02:27',	NULL,	NULL,	NULL,	NULL),
(1614,	35,	NULL,	NULL,	40,	1,	38,	0,	NULL,	'2020-12-15 07:02:27',	NULL,	NULL,	NULL,	NULL),
(1615,	35,	NULL,	NULL,	41,	1,	39,	0,	NULL,	'2020-12-15 07:02:27',	NULL,	NULL,	NULL,	NULL),
(1616,	35,	NULL,	NULL,	42,	1,	40,	0,	NULL,	'2020-12-15 07:02:27',	NULL,	NULL,	NULL,	NULL),
(1617,	35,	NULL,	NULL,	43,	1,	41,	0,	NULL,	'2020-12-15 07:02:27',	NULL,	NULL,	NULL,	NULL),
(1618,	35,	NULL,	NULL,	44,	1,	42,	0,	NULL,	'2020-12-15 07:02:27',	NULL,	NULL,	NULL,	NULL),
(1619,	35,	NULL,	NULL,	45,	1,	43,	0,	NULL,	'2020-12-15 07:02:27',	NULL,	NULL,	NULL,	NULL),
(1620,	35,	NULL,	NULL,	46,	1,	44,	0,	NULL,	'2020-12-15 07:02:27',	NULL,	NULL,	NULL,	NULL),
(1621,	35,	NULL,	NULL,	47,	1,	45,	0,	NULL,	'2020-12-15 07:02:27',	NULL,	NULL,	NULL,	NULL),
(1622,	35,	NULL,	NULL,	48,	1,	46,	0,	NULL,	'2020-12-15 07:02:27',	NULL,	NULL,	NULL,	NULL),
(1623,	35,	NULL,	NULL,	49,	1,	47,	0,	NULL,	'2020-12-15 07:02:27',	NULL,	NULL,	NULL,	NULL),
(1624,	35,	NULL,	NULL,	50,	1,	48,	0,	NULL,	'2020-12-15 07:02:27',	NULL,	NULL,	NULL,	NULL),
(1625,	35,	NULL,	NULL,	51,	1,	49,	0,	NULL,	'2020-12-15 07:02:27',	NULL,	NULL,	NULL,	NULL),
(1626,	35,	NULL,	NULL,	52,	1,	50,	0,	NULL,	'2020-12-15 07:02:27',	NULL,	NULL,	NULL,	NULL),
(1627,	35,	NULL,	NULL,	53,	1,	51,	0,	NULL,	'2020-12-15 07:02:27',	NULL,	NULL,	NULL,	NULL),
(1628,	35,	NULL,	NULL,	54,	1,	52,	0,	NULL,	'2020-12-15 07:02:27',	NULL,	NULL,	NULL,	NULL),
(1629,	35,	NULL,	NULL,	55,	1,	53,	0,	NULL,	'2020-12-15 07:02:27',	NULL,	NULL,	NULL,	NULL),
(1630,	35,	NULL,	NULL,	56,	1,	54,	0,	NULL,	'2020-12-15 07:02:27',	NULL,	NULL,	NULL,	NULL),
(1631,	35,	NULL,	NULL,	57,	1,	55,	0,	NULL,	'2020-12-15 07:02:27',	NULL,	NULL,	NULL,	NULL),
(1632,	35,	NULL,	NULL,	58,	1,	56,	0,	NULL,	'2020-12-15 07:02:27',	NULL,	NULL,	NULL,	NULL),
(1633,	35,	NULL,	NULL,	59,	1,	57,	0,	NULL,	'2020-12-15 07:02:27',	NULL,	NULL,	NULL,	NULL),
(1634,	35,	NULL,	NULL,	60,	1,	58,	0,	NULL,	'2020-12-15 07:02:27',	NULL,	NULL,	NULL,	NULL),
(1635,	35,	NULL,	NULL,	61,	1,	59,	0,	NULL,	'2020-12-15 07:02:27',	NULL,	NULL,	NULL,	NULL),
(1636,	35,	NULL,	NULL,	62,	1,	60,	0,	NULL,	'2020-12-15 07:02:27',	NULL,	NULL,	NULL,	NULL),
(1637,	35,	NULL,	NULL,	66,	1,	61,	0,	NULL,	'2020-12-15 07:02:27',	NULL,	NULL,	NULL,	NULL),
(1638,	35,	NULL,	NULL,	67,	1,	62,	0,	NULL,	'2020-12-15 07:02:27',	NULL,	NULL,	NULL,	NULL),
(1639,	35,	NULL,	NULL,	68,	1,	63,	0,	NULL,	'2020-12-15 07:02:27',	NULL,	NULL,	NULL,	NULL),
(1640,	35,	NULL,	NULL,	69,	1,	64,	0,	NULL,	'2020-12-15 07:02:27',	NULL,	NULL,	NULL,	NULL),
(1641,	35,	NULL,	NULL,	70,	1,	65,	0,	NULL,	'2020-12-15 07:02:27',	NULL,	NULL,	NULL,	NULL),
(1642,	35,	NULL,	NULL,	71,	1,	66,	0,	NULL,	'2020-12-15 07:02:27',	NULL,	NULL,	NULL,	NULL),
(1643,	35,	NULL,	NULL,	72,	1,	67,	0,	NULL,	'2020-12-15 07:02:27',	NULL,	NULL,	NULL,	NULL),
(1644,	35,	NULL,	NULL,	73,	1,	68,	0,	NULL,	'2020-12-15 07:02:27',	NULL,	NULL,	NULL,	NULL),
(1645,	35,	NULL,	NULL,	74,	1,	69,	0,	NULL,	'2020-12-15 07:02:27',	NULL,	NULL,	NULL,	NULL),
(1646,	35,	NULL,	NULL,	75,	1,	70,	0,	NULL,	'2020-12-15 07:02:27',	NULL,	NULL,	NULL,	NULL),
(1647,	35,	NULL,	NULL,	76,	1,	71,	0,	NULL,	'2020-12-15 07:02:27',	NULL,	NULL,	NULL,	NULL),
(1648,	35,	NULL,	NULL,	77,	1,	72,	0,	NULL,	'2020-12-15 07:02:27',	NULL,	NULL,	NULL,	NULL),
(1649,	35,	NULL,	NULL,	78,	1,	73,	0,	NULL,	'2020-12-15 07:02:27',	NULL,	NULL,	NULL,	NULL),
(1650,	35,	NULL,	NULL,	79,	1,	74,	0,	NULL,	'2020-12-15 07:02:27',	NULL,	NULL,	NULL,	NULL),
(1651,	35,	NULL,	NULL,	80,	1,	75,	0,	NULL,	'2020-12-15 07:02:27',	NULL,	NULL,	NULL,	NULL),
(1652,	35,	NULL,	NULL,	81,	1,	76,	0,	NULL,	'2020-12-15 07:02:27',	NULL,	NULL,	NULL,	NULL),
(1653,	35,	NULL,	NULL,	82,	1,	77,	0,	NULL,	'2020-12-15 07:02:27',	NULL,	NULL,	NULL,	NULL),
(1654,	35,	NULL,	NULL,	89,	1,	78,	0,	NULL,	'2020-12-15 07:02:27',	NULL,	NULL,	NULL,	NULL),
(1655,	35,	NULL,	NULL,	90,	1,	79,	0,	NULL,	'2020-12-15 07:02:27',	NULL,	NULL,	NULL,	NULL),
(1656,	35,	NULL,	NULL,	91,	1,	80,	0,	NULL,	'2020-12-15 07:02:27',	NULL,	NULL,	NULL,	NULL),
(1657,	35,	NULL,	NULL,	92,	1,	81,	0,	NULL,	'2020-12-15 07:02:27',	NULL,	NULL,	NULL,	NULL),
(1658,	35,	NULL,	NULL,	93,	1,	82,	0,	NULL,	'2020-12-15 07:02:27',	NULL,	NULL,	NULL,	NULL),
(1659,	35,	NULL,	NULL,	94,	1,	83,	0,	NULL,	'2020-12-15 07:02:27',	NULL,	NULL,	NULL,	NULL),
(1660,	35,	NULL,	NULL,	95,	1,	84,	0,	NULL,	'2020-12-15 07:02:27',	NULL,	NULL,	NULL,	NULL),
(1661,	35,	NULL,	NULL,	96,	1,	85,	0,	NULL,	'2020-12-15 07:02:27',	NULL,	NULL,	NULL,	NULL),
(1662,	35,	NULL,	NULL,	97,	1,	86,	0,	NULL,	'2020-12-15 07:02:27',	NULL,	NULL,	NULL,	NULL),
(1663,	35,	NULL,	NULL,	98,	1,	87,	0,	NULL,	'2020-12-15 07:02:27',	NULL,	NULL,	NULL,	NULL),
(1664,	35,	NULL,	NULL,	99,	1,	88,	0,	NULL,	'2020-12-15 07:02:27',	NULL,	NULL,	NULL,	NULL),
(1665,	35,	NULL,	NULL,	100,	1,	89,	0,	NULL,	'2020-12-15 07:02:27',	NULL,	NULL,	NULL,	NULL),
(1666,	22,	NULL,	NULL,	1,	1,	1,	1,	NULL,	'2020-12-15 07:02:32',	NULL,	NULL,	NULL,	NULL),
(1667,	22,	NULL,	NULL,	2,	1,	2,	1,	NULL,	'2020-12-15 07:02:32',	NULL,	NULL,	NULL,	NULL),
(1668,	22,	NULL,	NULL,	3,	1,	3,	1,	NULL,	'2020-12-15 07:02:32',	NULL,	NULL,	NULL,	NULL),
(1669,	22,	NULL,	NULL,	4,	1,	4,	1,	NULL,	'2020-12-15 07:02:32',	NULL,	NULL,	NULL,	NULL),
(1670,	22,	NULL,	NULL,	5,	1,	5,	1,	NULL,	'2020-12-15 07:02:32',	NULL,	NULL,	NULL,	NULL),
(1671,	22,	NULL,	NULL,	6,	1,	6,	1,	NULL,	'2020-12-15 07:02:32',	NULL,	NULL,	NULL,	NULL),
(1672,	22,	NULL,	NULL,	7,	1,	7,	1,	NULL,	'2020-12-15 07:02:32',	NULL,	NULL,	NULL,	NULL),
(1673,	22,	NULL,	NULL,	8,	1,	8,	1,	NULL,	'2020-12-15 07:02:32',	NULL,	NULL,	NULL,	NULL),
(1674,	22,	NULL,	NULL,	9,	1,	9,	0,	NULL,	'2020-12-15 07:02:32',	NULL,	NULL,	NULL,	NULL),
(1675,	22,	NULL,	NULL,	10,	1,	10,	0,	NULL,	'2020-12-15 07:02:32',	NULL,	NULL,	NULL,	NULL),
(1676,	22,	NULL,	NULL,	11,	1,	11,	0,	NULL,	'2020-12-15 07:02:32',	NULL,	NULL,	NULL,	NULL),
(1677,	22,	NULL,	NULL,	12,	1,	12,	0,	NULL,	'2020-12-15 07:02:32',	NULL,	NULL,	NULL,	NULL),
(1678,	22,	NULL,	NULL,	13,	1,	13,	0,	NULL,	'2020-12-15 07:02:32',	NULL,	NULL,	NULL,	NULL),
(1679,	22,	NULL,	NULL,	14,	1,	14,	0,	NULL,	'2020-12-15 07:02:32',	NULL,	NULL,	NULL,	NULL),
(1680,	22,	NULL,	NULL,	15,	1,	15,	0,	NULL,	'2020-12-15 07:02:32',	NULL,	NULL,	NULL,	NULL),
(1681,	22,	NULL,	NULL,	16,	1,	16,	0,	NULL,	'2020-12-15 07:02:32',	NULL,	NULL,	NULL,	NULL),
(1682,	22,	NULL,	NULL,	17,	1,	17,	0,	NULL,	'2020-12-15 07:02:32',	NULL,	NULL,	NULL,	NULL),
(1683,	22,	NULL,	NULL,	18,	1,	18,	0,	NULL,	'2020-12-15 07:02:32',	NULL,	NULL,	NULL,	NULL),
(1684,	22,	NULL,	NULL,	21,	1,	19,	0,	NULL,	'2020-12-15 07:02:32',	NULL,	NULL,	NULL,	NULL),
(1685,	22,	NULL,	NULL,	22,	1,	20,	0,	NULL,	'2020-12-15 07:02:32',	NULL,	NULL,	NULL,	NULL),
(1686,	22,	NULL,	NULL,	23,	1,	21,	0,	NULL,	'2020-12-15 07:02:32',	NULL,	NULL,	NULL,	NULL),
(1687,	22,	NULL,	NULL,	24,	1,	22,	1,	NULL,	'2020-12-15 07:02:32',	NULL,	NULL,	NULL,	NULL),
(1688,	22,	NULL,	NULL,	25,	1,	23,	0,	NULL,	'2020-12-15 07:02:32',	NULL,	NULL,	NULL,	NULL),
(1689,	22,	NULL,	NULL,	26,	1,	24,	0,	NULL,	'2020-12-15 07:02:32',	NULL,	NULL,	NULL,	NULL),
(1690,	22,	NULL,	NULL,	27,	1,	25,	0,	NULL,	'2020-12-15 07:02:32',	NULL,	NULL,	NULL,	NULL),
(1691,	22,	NULL,	NULL,	28,	1,	26,	0,	NULL,	'2020-12-15 07:02:32',	NULL,	NULL,	NULL,	NULL),
(1692,	22,	NULL,	NULL,	29,	1,	27,	0,	NULL,	'2020-12-15 07:02:32',	NULL,	NULL,	NULL,	NULL),
(1693,	22,	NULL,	NULL,	30,	1,	28,	0,	NULL,	'2020-12-15 07:02:32',	NULL,	NULL,	NULL,	NULL),
(1694,	22,	NULL,	NULL,	31,	1,	29,	0,	NULL,	'2020-12-15 07:02:32',	NULL,	NULL,	NULL,	NULL),
(1695,	22,	NULL,	NULL,	32,	1,	30,	0,	NULL,	'2020-12-15 07:02:32',	NULL,	NULL,	NULL,	NULL),
(1696,	22,	NULL,	NULL,	33,	1,	31,	0,	NULL,	'2020-12-15 07:02:32',	NULL,	NULL,	NULL,	NULL),
(1697,	22,	NULL,	NULL,	34,	1,	32,	0,	NULL,	'2020-12-15 07:02:32',	NULL,	NULL,	NULL,	NULL),
(1698,	22,	NULL,	NULL,	35,	1,	33,	0,	NULL,	'2020-12-15 07:02:32',	NULL,	NULL,	NULL,	NULL),
(1699,	22,	NULL,	NULL,	36,	1,	34,	0,	NULL,	'2020-12-15 07:02:32',	NULL,	NULL,	NULL,	NULL),
(1700,	22,	NULL,	NULL,	37,	1,	35,	0,	NULL,	'2020-12-15 07:02:32',	NULL,	NULL,	NULL,	NULL),
(1701,	22,	NULL,	NULL,	38,	1,	36,	0,	NULL,	'2020-12-15 07:02:32',	NULL,	NULL,	NULL,	NULL),
(1702,	22,	NULL,	NULL,	39,	1,	37,	0,	NULL,	'2020-12-15 07:02:32',	NULL,	NULL,	NULL,	NULL),
(1703,	22,	NULL,	NULL,	40,	1,	38,	0,	NULL,	'2020-12-15 07:02:32',	NULL,	NULL,	NULL,	NULL),
(1704,	22,	NULL,	NULL,	41,	1,	39,	0,	NULL,	'2020-12-15 07:02:32',	NULL,	NULL,	NULL,	NULL),
(1705,	22,	NULL,	NULL,	42,	1,	40,	0,	NULL,	'2020-12-15 07:02:32',	NULL,	NULL,	NULL,	NULL),
(1706,	22,	NULL,	NULL,	43,	1,	41,	0,	NULL,	'2020-12-15 07:02:32',	NULL,	NULL,	NULL,	NULL),
(1707,	22,	NULL,	NULL,	44,	1,	42,	0,	NULL,	'2020-12-15 07:02:32',	NULL,	NULL,	NULL,	NULL),
(1708,	22,	NULL,	NULL,	45,	1,	43,	0,	NULL,	'2020-12-15 07:02:32',	NULL,	NULL,	NULL,	NULL),
(1709,	22,	NULL,	NULL,	46,	1,	44,	0,	NULL,	'2020-12-15 07:02:32',	NULL,	NULL,	NULL,	NULL),
(1710,	22,	NULL,	NULL,	47,	1,	45,	0,	NULL,	'2020-12-15 07:02:32',	NULL,	NULL,	NULL,	NULL),
(1711,	22,	NULL,	NULL,	48,	1,	46,	0,	NULL,	'2020-12-15 07:02:32',	NULL,	NULL,	NULL,	NULL),
(1712,	22,	NULL,	NULL,	49,	1,	47,	0,	NULL,	'2020-12-15 07:02:32',	NULL,	NULL,	NULL,	NULL),
(1713,	22,	NULL,	NULL,	50,	1,	48,	0,	NULL,	'2020-12-15 07:02:32',	NULL,	NULL,	NULL,	NULL),
(1714,	22,	NULL,	NULL,	51,	1,	49,	0,	NULL,	'2020-12-15 07:02:32',	NULL,	NULL,	NULL,	NULL),
(1715,	22,	NULL,	NULL,	52,	1,	50,	0,	NULL,	'2020-12-15 07:02:32',	NULL,	NULL,	NULL,	NULL),
(1716,	22,	NULL,	NULL,	53,	1,	51,	0,	NULL,	'2020-12-15 07:02:32',	NULL,	NULL,	NULL,	NULL),
(1717,	22,	NULL,	NULL,	54,	1,	52,	0,	NULL,	'2020-12-15 07:02:32',	NULL,	NULL,	NULL,	NULL),
(1718,	22,	NULL,	NULL,	55,	1,	53,	0,	NULL,	'2020-12-15 07:02:32',	NULL,	NULL,	NULL,	NULL),
(1719,	22,	NULL,	NULL,	56,	1,	54,	0,	NULL,	'2020-12-15 07:02:32',	NULL,	NULL,	NULL,	NULL),
(1720,	22,	NULL,	NULL,	57,	1,	55,	0,	NULL,	'2020-12-15 07:02:32',	NULL,	NULL,	NULL,	NULL),
(1721,	22,	NULL,	NULL,	58,	1,	56,	0,	NULL,	'2020-12-15 07:02:32',	NULL,	NULL,	NULL,	NULL),
(1722,	22,	NULL,	NULL,	59,	1,	57,	0,	NULL,	'2020-12-15 07:02:32',	NULL,	NULL,	NULL,	NULL),
(1723,	22,	NULL,	NULL,	60,	1,	58,	0,	NULL,	'2020-12-15 07:02:32',	NULL,	NULL,	NULL,	NULL),
(1724,	22,	NULL,	NULL,	61,	1,	59,	0,	NULL,	'2020-12-15 07:02:32',	NULL,	NULL,	NULL,	NULL),
(1725,	22,	NULL,	NULL,	62,	1,	60,	0,	NULL,	'2020-12-15 07:02:32',	NULL,	NULL,	NULL,	NULL),
(1726,	22,	NULL,	NULL,	66,	1,	61,	0,	NULL,	'2020-12-15 07:02:32',	NULL,	NULL,	NULL,	NULL),
(1727,	22,	NULL,	NULL,	67,	1,	62,	0,	NULL,	'2020-12-15 07:02:32',	NULL,	NULL,	NULL,	NULL),
(1728,	22,	NULL,	NULL,	68,	1,	63,	0,	NULL,	'2020-12-15 07:02:32',	NULL,	NULL,	NULL,	NULL),
(1729,	22,	NULL,	NULL,	69,	1,	64,	0,	NULL,	'2020-12-15 07:02:32',	NULL,	NULL,	NULL,	NULL),
(1730,	22,	NULL,	NULL,	70,	1,	65,	0,	NULL,	'2020-12-15 07:02:32',	NULL,	NULL,	NULL,	NULL),
(1731,	22,	NULL,	NULL,	71,	1,	66,	0,	NULL,	'2020-12-15 07:02:32',	NULL,	NULL,	NULL,	NULL),
(1732,	22,	NULL,	NULL,	72,	1,	67,	0,	NULL,	'2020-12-15 07:02:32',	NULL,	NULL,	NULL,	NULL),
(1733,	22,	NULL,	NULL,	73,	1,	68,	0,	NULL,	'2020-12-15 07:02:32',	NULL,	NULL,	NULL,	NULL),
(1734,	22,	NULL,	NULL,	74,	1,	69,	0,	NULL,	'2020-12-15 07:02:32',	NULL,	NULL,	NULL,	NULL),
(1735,	22,	NULL,	NULL,	75,	1,	70,	0,	NULL,	'2020-12-15 07:02:32',	NULL,	NULL,	NULL,	NULL),
(1736,	22,	NULL,	NULL,	76,	1,	71,	0,	NULL,	'2020-12-15 07:02:32',	NULL,	NULL,	NULL,	NULL),
(1737,	22,	NULL,	NULL,	77,	1,	72,	0,	NULL,	'2020-12-15 07:02:32',	NULL,	NULL,	NULL,	NULL),
(1738,	22,	NULL,	NULL,	78,	1,	73,	0,	NULL,	'2020-12-15 07:02:32',	NULL,	NULL,	NULL,	NULL),
(1739,	22,	NULL,	NULL,	79,	1,	74,	0,	NULL,	'2020-12-15 07:02:32',	NULL,	NULL,	NULL,	NULL),
(1740,	22,	NULL,	NULL,	80,	1,	75,	0,	NULL,	'2020-12-15 07:02:32',	NULL,	NULL,	NULL,	NULL),
(1741,	22,	NULL,	NULL,	81,	1,	76,	0,	NULL,	'2020-12-15 07:02:32',	NULL,	NULL,	NULL,	NULL),
(1742,	22,	NULL,	NULL,	82,	1,	77,	0,	NULL,	'2020-12-15 07:02:32',	NULL,	NULL,	NULL,	NULL),
(1743,	22,	NULL,	NULL,	89,	1,	78,	0,	NULL,	'2020-12-15 07:02:32',	NULL,	NULL,	NULL,	NULL),
(1744,	22,	NULL,	NULL,	90,	1,	79,	0,	NULL,	'2020-12-15 07:02:32',	NULL,	NULL,	NULL,	NULL),
(1745,	22,	NULL,	NULL,	91,	1,	80,	0,	NULL,	'2020-12-15 07:02:32',	NULL,	NULL,	NULL,	NULL),
(1746,	22,	NULL,	NULL,	92,	1,	81,	0,	NULL,	'2020-12-15 07:02:32',	NULL,	NULL,	NULL,	NULL),
(1747,	22,	NULL,	NULL,	93,	1,	82,	0,	NULL,	'2020-12-15 07:02:32',	NULL,	NULL,	NULL,	NULL),
(1748,	22,	NULL,	NULL,	94,	1,	83,	0,	NULL,	'2020-12-15 07:02:32',	NULL,	NULL,	NULL,	NULL),
(1749,	22,	NULL,	NULL,	95,	1,	84,	0,	NULL,	'2020-12-15 07:02:32',	NULL,	NULL,	NULL,	NULL),
(1750,	22,	NULL,	NULL,	96,	1,	85,	0,	NULL,	'2020-12-15 07:02:32',	NULL,	NULL,	NULL,	NULL),
(1751,	22,	NULL,	NULL,	97,	1,	86,	0,	NULL,	'2020-12-15 07:02:32',	NULL,	NULL,	NULL,	NULL),
(1752,	22,	NULL,	NULL,	98,	1,	87,	0,	NULL,	'2020-12-15 07:02:32',	NULL,	NULL,	NULL,	NULL),
(1753,	22,	NULL,	NULL,	99,	1,	88,	0,	NULL,	'2020-12-15 07:02:32',	NULL,	NULL,	NULL,	NULL),
(1754,	22,	NULL,	NULL,	100,	1,	89,	0,	NULL,	'2020-12-15 07:02:32',	NULL,	NULL,	NULL,	NULL),
(1755,	23,	NULL,	NULL,	1,	1,	1,	1,	NULL,	'2020-12-15 07:02:39',	NULL,	NULL,	NULL,	NULL),
(1756,	23,	NULL,	NULL,	2,	1,	2,	1,	NULL,	'2020-12-15 07:02:39',	NULL,	NULL,	NULL,	NULL),
(1757,	23,	NULL,	NULL,	3,	1,	3,	1,	NULL,	'2020-12-15 07:02:39',	NULL,	NULL,	NULL,	NULL),
(1758,	23,	NULL,	NULL,	4,	1,	4,	1,	NULL,	'2020-12-15 07:02:39',	NULL,	NULL,	NULL,	NULL),
(1759,	23,	NULL,	NULL,	5,	1,	5,	1,	NULL,	'2020-12-15 07:02:39',	NULL,	NULL,	NULL,	NULL),
(1760,	23,	NULL,	NULL,	6,	1,	6,	1,	NULL,	'2020-12-15 07:02:39',	NULL,	NULL,	NULL,	NULL),
(1761,	23,	NULL,	NULL,	7,	1,	7,	1,	NULL,	'2020-12-15 07:02:39',	NULL,	NULL,	NULL,	NULL),
(1762,	23,	NULL,	NULL,	8,	1,	8,	1,	NULL,	'2020-12-15 07:02:39',	NULL,	NULL,	NULL,	NULL),
(1763,	23,	NULL,	NULL,	9,	1,	9,	0,	NULL,	'2020-12-15 07:02:39',	NULL,	NULL,	NULL,	NULL),
(1764,	23,	NULL,	NULL,	10,	1,	10,	0,	NULL,	'2020-12-15 07:02:39',	NULL,	NULL,	NULL,	NULL),
(1765,	23,	NULL,	NULL,	11,	1,	11,	0,	NULL,	'2020-12-15 07:02:39',	NULL,	NULL,	NULL,	NULL),
(1766,	23,	NULL,	NULL,	12,	1,	12,	0,	NULL,	'2020-12-15 07:02:39',	NULL,	NULL,	NULL,	NULL),
(1767,	23,	NULL,	NULL,	13,	1,	13,	0,	NULL,	'2020-12-15 07:02:39',	NULL,	NULL,	NULL,	NULL),
(1768,	23,	NULL,	NULL,	14,	1,	14,	0,	NULL,	'2020-12-15 07:02:39',	NULL,	NULL,	NULL,	NULL),
(1769,	23,	NULL,	NULL,	15,	1,	15,	0,	NULL,	'2020-12-15 07:02:39',	NULL,	NULL,	NULL,	NULL),
(1770,	23,	NULL,	NULL,	16,	1,	16,	0,	NULL,	'2020-12-15 07:02:39',	NULL,	NULL,	NULL,	NULL),
(1771,	23,	NULL,	NULL,	17,	1,	17,	0,	NULL,	'2020-12-15 07:02:39',	NULL,	NULL,	NULL,	NULL),
(1772,	23,	NULL,	NULL,	18,	1,	18,	0,	NULL,	'2020-12-15 07:02:39',	NULL,	NULL,	NULL,	NULL),
(1773,	23,	NULL,	NULL,	21,	1,	19,	0,	NULL,	'2020-12-15 07:02:39',	NULL,	NULL,	NULL,	NULL),
(1774,	23,	NULL,	NULL,	22,	1,	20,	0,	NULL,	'2020-12-15 07:02:39',	NULL,	NULL,	NULL,	NULL),
(1775,	23,	NULL,	NULL,	23,	1,	21,	0,	NULL,	'2020-12-15 07:02:39',	NULL,	NULL,	NULL,	NULL),
(1776,	23,	NULL,	NULL,	24,	1,	22,	1,	NULL,	'2020-12-15 07:02:39',	NULL,	NULL,	NULL,	NULL),
(1777,	23,	NULL,	NULL,	25,	1,	23,	0,	NULL,	'2020-12-15 07:02:39',	NULL,	NULL,	NULL,	NULL),
(1778,	23,	NULL,	NULL,	26,	1,	24,	0,	NULL,	'2020-12-15 07:02:39',	NULL,	NULL,	NULL,	NULL),
(1779,	23,	NULL,	NULL,	27,	1,	25,	0,	NULL,	'2020-12-15 07:02:39',	NULL,	NULL,	NULL,	NULL),
(1780,	23,	NULL,	NULL,	28,	1,	26,	0,	NULL,	'2020-12-15 07:02:39',	NULL,	NULL,	NULL,	NULL),
(1781,	23,	NULL,	NULL,	29,	1,	27,	0,	NULL,	'2020-12-15 07:02:39',	NULL,	NULL,	NULL,	NULL),
(1782,	23,	NULL,	NULL,	30,	1,	28,	0,	NULL,	'2020-12-15 07:02:39',	NULL,	NULL,	NULL,	NULL),
(1783,	23,	NULL,	NULL,	31,	1,	29,	0,	NULL,	'2020-12-15 07:02:39',	NULL,	NULL,	NULL,	NULL),
(1784,	23,	NULL,	NULL,	32,	1,	30,	0,	NULL,	'2020-12-15 07:02:39',	NULL,	NULL,	NULL,	NULL),
(1785,	23,	NULL,	NULL,	33,	1,	31,	0,	NULL,	'2020-12-15 07:02:39',	NULL,	NULL,	NULL,	NULL),
(1786,	23,	NULL,	NULL,	34,	1,	32,	0,	NULL,	'2020-12-15 07:02:39',	NULL,	NULL,	NULL,	NULL),
(1787,	23,	NULL,	NULL,	35,	1,	33,	0,	NULL,	'2020-12-15 07:02:39',	NULL,	NULL,	NULL,	NULL),
(1788,	23,	NULL,	NULL,	36,	1,	34,	0,	NULL,	'2020-12-15 07:02:39',	NULL,	NULL,	NULL,	NULL),
(1789,	23,	NULL,	NULL,	37,	1,	35,	0,	NULL,	'2020-12-15 07:02:39',	NULL,	NULL,	NULL,	NULL),
(1790,	23,	NULL,	NULL,	38,	1,	36,	0,	NULL,	'2020-12-15 07:02:39',	NULL,	NULL,	NULL,	NULL),
(1791,	23,	NULL,	NULL,	39,	1,	37,	0,	NULL,	'2020-12-15 07:02:39',	NULL,	NULL,	NULL,	NULL),
(1792,	23,	NULL,	NULL,	40,	1,	38,	0,	NULL,	'2020-12-15 07:02:39',	NULL,	NULL,	NULL,	NULL),
(1793,	23,	NULL,	NULL,	41,	1,	39,	0,	NULL,	'2020-12-15 07:02:39',	NULL,	NULL,	NULL,	NULL),
(1794,	23,	NULL,	NULL,	42,	1,	40,	0,	NULL,	'2020-12-15 07:02:39',	NULL,	NULL,	NULL,	NULL),
(1795,	23,	NULL,	NULL,	43,	1,	41,	0,	NULL,	'2020-12-15 07:02:39',	NULL,	NULL,	NULL,	NULL),
(1796,	23,	NULL,	NULL,	44,	1,	42,	0,	NULL,	'2020-12-15 07:02:39',	NULL,	NULL,	NULL,	NULL),
(1797,	23,	NULL,	NULL,	45,	1,	43,	0,	NULL,	'2020-12-15 07:02:39',	NULL,	NULL,	NULL,	NULL),
(1798,	23,	NULL,	NULL,	46,	1,	44,	0,	NULL,	'2020-12-15 07:02:39',	NULL,	NULL,	NULL,	NULL),
(1799,	23,	NULL,	NULL,	47,	1,	45,	0,	NULL,	'2020-12-15 07:02:39',	NULL,	NULL,	NULL,	NULL),
(1800,	23,	NULL,	NULL,	48,	1,	46,	0,	NULL,	'2020-12-15 07:02:39',	NULL,	NULL,	NULL,	NULL),
(1801,	23,	NULL,	NULL,	49,	1,	47,	0,	NULL,	'2020-12-15 07:02:39',	NULL,	NULL,	NULL,	NULL),
(1802,	23,	NULL,	NULL,	50,	1,	48,	0,	NULL,	'2020-12-15 07:02:39',	NULL,	NULL,	NULL,	NULL),
(1803,	23,	NULL,	NULL,	51,	1,	49,	0,	NULL,	'2020-12-15 07:02:39',	NULL,	NULL,	NULL,	NULL),
(1804,	23,	NULL,	NULL,	52,	1,	50,	0,	NULL,	'2020-12-15 07:02:39',	NULL,	NULL,	NULL,	NULL),
(1805,	23,	NULL,	NULL,	53,	1,	51,	0,	NULL,	'2020-12-15 07:02:39',	NULL,	NULL,	NULL,	NULL),
(1806,	23,	NULL,	NULL,	54,	1,	52,	0,	NULL,	'2020-12-15 07:02:39',	NULL,	NULL,	NULL,	NULL),
(1807,	23,	NULL,	NULL,	55,	1,	53,	0,	NULL,	'2020-12-15 07:02:39',	NULL,	NULL,	NULL,	NULL),
(1808,	23,	NULL,	NULL,	56,	1,	54,	0,	NULL,	'2020-12-15 07:02:39',	NULL,	NULL,	NULL,	NULL),
(1809,	23,	NULL,	NULL,	57,	1,	55,	0,	NULL,	'2020-12-15 07:02:39',	NULL,	NULL,	NULL,	NULL),
(1810,	23,	NULL,	NULL,	58,	1,	56,	0,	NULL,	'2020-12-15 07:02:39',	NULL,	NULL,	NULL,	NULL),
(1811,	23,	NULL,	NULL,	59,	1,	57,	0,	NULL,	'2020-12-15 07:02:39',	NULL,	NULL,	NULL,	NULL),
(1812,	23,	NULL,	NULL,	60,	1,	58,	0,	NULL,	'2020-12-15 07:02:39',	NULL,	NULL,	NULL,	NULL),
(1813,	23,	NULL,	NULL,	61,	1,	59,	0,	NULL,	'2020-12-15 07:02:39',	NULL,	NULL,	NULL,	NULL),
(1814,	23,	NULL,	NULL,	62,	1,	60,	0,	NULL,	'2020-12-15 07:02:39',	NULL,	NULL,	NULL,	NULL),
(1815,	23,	NULL,	NULL,	66,	1,	61,	0,	NULL,	'2020-12-15 07:02:39',	NULL,	NULL,	NULL,	NULL),
(1816,	23,	NULL,	NULL,	67,	1,	62,	0,	NULL,	'2020-12-15 07:02:39',	NULL,	NULL,	NULL,	NULL),
(1817,	23,	NULL,	NULL,	68,	1,	63,	0,	NULL,	'2020-12-15 07:02:39',	NULL,	NULL,	NULL,	NULL),
(1818,	23,	NULL,	NULL,	69,	1,	64,	0,	NULL,	'2020-12-15 07:02:39',	NULL,	NULL,	NULL,	NULL),
(1819,	23,	NULL,	NULL,	70,	1,	65,	0,	NULL,	'2020-12-15 07:02:39',	NULL,	NULL,	NULL,	NULL),
(1820,	23,	NULL,	NULL,	71,	1,	66,	0,	NULL,	'2020-12-15 07:02:39',	NULL,	NULL,	NULL,	NULL),
(1821,	23,	NULL,	NULL,	72,	1,	67,	0,	NULL,	'2020-12-15 07:02:39',	NULL,	NULL,	NULL,	NULL),
(1822,	23,	NULL,	NULL,	73,	1,	68,	0,	NULL,	'2020-12-15 07:02:39',	NULL,	NULL,	NULL,	NULL),
(1823,	23,	NULL,	NULL,	74,	1,	69,	0,	NULL,	'2020-12-15 07:02:39',	NULL,	NULL,	NULL,	NULL),
(1824,	23,	NULL,	NULL,	75,	1,	70,	0,	NULL,	'2020-12-15 07:02:39',	NULL,	NULL,	NULL,	NULL),
(1825,	23,	NULL,	NULL,	76,	1,	71,	0,	NULL,	'2020-12-15 07:02:39',	NULL,	NULL,	NULL,	NULL),
(1826,	23,	NULL,	NULL,	77,	1,	72,	0,	NULL,	'2020-12-15 07:02:39',	NULL,	NULL,	NULL,	NULL),
(1827,	23,	NULL,	NULL,	78,	1,	73,	0,	NULL,	'2020-12-15 07:02:39',	NULL,	NULL,	NULL,	NULL),
(1828,	23,	NULL,	NULL,	79,	1,	74,	0,	NULL,	'2020-12-15 07:02:39',	NULL,	NULL,	NULL,	NULL),
(1829,	23,	NULL,	NULL,	80,	1,	75,	0,	NULL,	'2020-12-15 07:02:39',	NULL,	NULL,	NULL,	NULL),
(1830,	23,	NULL,	NULL,	81,	1,	76,	0,	NULL,	'2020-12-15 07:02:39',	NULL,	NULL,	NULL,	NULL),
(1831,	23,	NULL,	NULL,	82,	1,	77,	0,	NULL,	'2020-12-15 07:02:39',	NULL,	NULL,	NULL,	NULL),
(1832,	23,	NULL,	NULL,	89,	1,	78,	0,	NULL,	'2020-12-15 07:02:39',	NULL,	NULL,	NULL,	NULL),
(1833,	23,	NULL,	NULL,	90,	1,	79,	0,	NULL,	'2020-12-15 07:02:39',	NULL,	NULL,	NULL,	NULL),
(1834,	23,	NULL,	NULL,	91,	1,	80,	0,	NULL,	'2020-12-15 07:02:39',	NULL,	NULL,	NULL,	NULL),
(1835,	23,	NULL,	NULL,	92,	1,	81,	0,	NULL,	'2020-12-15 07:02:39',	NULL,	NULL,	NULL,	NULL),
(1836,	23,	NULL,	NULL,	93,	1,	82,	0,	NULL,	'2020-12-15 07:02:39',	NULL,	NULL,	NULL,	NULL),
(1837,	23,	NULL,	NULL,	94,	1,	83,	0,	NULL,	'2020-12-15 07:02:39',	NULL,	NULL,	NULL,	NULL),
(1838,	23,	NULL,	NULL,	95,	1,	84,	0,	NULL,	'2020-12-15 07:02:39',	NULL,	NULL,	NULL,	NULL),
(1839,	23,	NULL,	NULL,	96,	1,	85,	0,	NULL,	'2020-12-15 07:02:39',	NULL,	NULL,	NULL,	NULL),
(1840,	23,	NULL,	NULL,	97,	1,	86,	0,	NULL,	'2020-12-15 07:02:39',	NULL,	NULL,	NULL,	NULL),
(1841,	23,	NULL,	NULL,	98,	1,	87,	0,	NULL,	'2020-12-15 07:02:39',	NULL,	NULL,	NULL,	NULL),
(1842,	23,	NULL,	NULL,	99,	1,	88,	0,	NULL,	'2020-12-15 07:02:39',	NULL,	NULL,	NULL,	NULL),
(1843,	23,	NULL,	NULL,	100,	1,	89,	0,	NULL,	'2020-12-15 07:02:39',	NULL,	NULL,	NULL,	NULL),
(1844,	17,	NULL,	NULL,	1,	1,	1,	1,	NULL,	'2020-12-15 07:02:55',	NULL,	NULL,	NULL,	NULL),
(1845,	17,	NULL,	NULL,	2,	1,	2,	1,	NULL,	'2020-12-15 07:02:55',	NULL,	NULL,	NULL,	NULL),
(1846,	17,	NULL,	NULL,	3,	1,	3,	1,	NULL,	'2020-12-15 07:02:55',	NULL,	NULL,	NULL,	NULL),
(1847,	17,	NULL,	NULL,	4,	1,	4,	1,	NULL,	'2020-12-15 07:02:55',	NULL,	NULL,	NULL,	NULL),
(1848,	17,	NULL,	NULL,	5,	1,	5,	1,	NULL,	'2020-12-15 07:02:55',	NULL,	NULL,	NULL,	NULL),
(1849,	17,	NULL,	NULL,	6,	1,	6,	1,	NULL,	'2020-12-15 07:02:55',	NULL,	NULL,	NULL,	NULL),
(1850,	17,	NULL,	NULL,	7,	1,	7,	1,	NULL,	'2020-12-15 07:02:55',	NULL,	NULL,	NULL,	NULL),
(1851,	17,	NULL,	NULL,	8,	1,	8,	1,	NULL,	'2020-12-15 07:02:55',	NULL,	NULL,	NULL,	NULL),
(1852,	17,	NULL,	NULL,	9,	1,	9,	0,	NULL,	'2020-12-15 07:02:55',	NULL,	NULL,	NULL,	NULL),
(1853,	17,	NULL,	NULL,	10,	1,	10,	0,	NULL,	'2020-12-15 07:02:55',	NULL,	NULL,	NULL,	NULL),
(1854,	17,	NULL,	NULL,	11,	1,	11,	0,	NULL,	'2020-12-15 07:02:55',	NULL,	NULL,	NULL,	NULL),
(1855,	17,	NULL,	NULL,	12,	1,	12,	0,	NULL,	'2020-12-15 07:02:55',	NULL,	NULL,	NULL,	NULL),
(1856,	17,	NULL,	NULL,	13,	1,	13,	0,	NULL,	'2020-12-15 07:02:55',	NULL,	NULL,	NULL,	NULL),
(1857,	17,	NULL,	NULL,	14,	1,	14,	0,	NULL,	'2020-12-15 07:02:55',	NULL,	NULL,	NULL,	NULL),
(1858,	17,	NULL,	NULL,	15,	1,	15,	0,	NULL,	'2020-12-15 07:02:55',	NULL,	NULL,	NULL,	NULL),
(1859,	17,	NULL,	NULL,	16,	1,	16,	0,	NULL,	'2020-12-15 07:02:55',	NULL,	NULL,	NULL,	NULL),
(1860,	17,	NULL,	NULL,	17,	1,	17,	0,	NULL,	'2020-12-15 07:02:55',	NULL,	NULL,	NULL,	NULL),
(1861,	17,	NULL,	NULL,	18,	1,	18,	0,	NULL,	'2020-12-15 07:02:55',	NULL,	NULL,	NULL,	NULL),
(1862,	17,	NULL,	NULL,	21,	1,	19,	0,	NULL,	'2020-12-15 07:02:55',	NULL,	NULL,	NULL,	NULL),
(1863,	17,	NULL,	NULL,	22,	1,	20,	0,	NULL,	'2020-12-15 07:02:55',	NULL,	NULL,	NULL,	NULL),
(1864,	17,	NULL,	NULL,	23,	1,	21,	0,	NULL,	'2020-12-15 07:02:55',	NULL,	NULL,	NULL,	NULL),
(1865,	17,	NULL,	NULL,	24,	1,	22,	1,	NULL,	'2020-12-15 07:02:55',	NULL,	NULL,	NULL,	NULL),
(1866,	17,	NULL,	NULL,	25,	1,	23,	0,	NULL,	'2020-12-15 07:02:55',	NULL,	NULL,	NULL,	NULL),
(1867,	17,	NULL,	NULL,	26,	1,	24,	0,	NULL,	'2020-12-15 07:02:56',	NULL,	NULL,	NULL,	NULL),
(1868,	17,	NULL,	NULL,	27,	1,	25,	0,	NULL,	'2020-12-15 07:02:56',	NULL,	NULL,	NULL,	NULL),
(1869,	17,	NULL,	NULL,	28,	1,	26,	0,	NULL,	'2020-12-15 07:02:56',	NULL,	NULL,	NULL,	NULL),
(1870,	17,	NULL,	NULL,	29,	1,	27,	0,	NULL,	'2020-12-15 07:02:56',	NULL,	NULL,	NULL,	NULL),
(1871,	17,	NULL,	NULL,	30,	1,	28,	0,	NULL,	'2020-12-15 07:02:56',	NULL,	NULL,	NULL,	NULL),
(1872,	17,	NULL,	NULL,	31,	1,	29,	0,	NULL,	'2020-12-15 07:02:56',	NULL,	NULL,	NULL,	NULL),
(1873,	17,	NULL,	NULL,	32,	1,	30,	0,	NULL,	'2020-12-15 07:02:56',	NULL,	NULL,	NULL,	NULL),
(1874,	17,	NULL,	NULL,	33,	1,	31,	0,	NULL,	'2020-12-15 07:02:56',	NULL,	NULL,	NULL,	NULL),
(1875,	17,	NULL,	NULL,	34,	1,	32,	0,	NULL,	'2020-12-15 07:02:56',	NULL,	NULL,	NULL,	NULL),
(1876,	17,	NULL,	NULL,	35,	1,	33,	0,	NULL,	'2020-12-15 07:02:56',	NULL,	NULL,	NULL,	NULL),
(1877,	17,	NULL,	NULL,	36,	1,	34,	0,	NULL,	'2020-12-15 07:02:56',	NULL,	NULL,	NULL,	NULL),
(1878,	17,	NULL,	NULL,	37,	1,	35,	0,	NULL,	'2020-12-15 07:02:56',	NULL,	NULL,	NULL,	NULL),
(1879,	17,	NULL,	NULL,	38,	1,	36,	0,	NULL,	'2020-12-15 07:02:56',	NULL,	NULL,	NULL,	NULL),
(1880,	17,	NULL,	NULL,	39,	1,	37,	0,	NULL,	'2020-12-15 07:02:56',	NULL,	NULL,	NULL,	NULL),
(1881,	17,	NULL,	NULL,	40,	1,	38,	0,	NULL,	'2020-12-15 07:02:56',	NULL,	NULL,	NULL,	NULL),
(1882,	17,	NULL,	NULL,	41,	1,	39,	0,	NULL,	'2020-12-15 07:02:56',	NULL,	NULL,	NULL,	NULL),
(1883,	17,	NULL,	NULL,	42,	1,	40,	0,	NULL,	'2020-12-15 07:02:56',	NULL,	NULL,	NULL,	NULL),
(1884,	17,	NULL,	NULL,	43,	1,	41,	0,	NULL,	'2020-12-15 07:02:56',	NULL,	NULL,	NULL,	NULL),
(1885,	17,	NULL,	NULL,	44,	1,	42,	0,	NULL,	'2020-12-15 07:02:56',	NULL,	NULL,	NULL,	NULL),
(1886,	17,	NULL,	NULL,	45,	1,	43,	0,	NULL,	'2020-12-15 07:02:56',	NULL,	NULL,	NULL,	NULL),
(1887,	17,	NULL,	NULL,	46,	1,	44,	0,	NULL,	'2020-12-15 07:02:56',	NULL,	NULL,	NULL,	NULL),
(1888,	17,	NULL,	NULL,	47,	1,	45,	0,	NULL,	'2020-12-15 07:02:56',	NULL,	NULL,	NULL,	NULL),
(1889,	17,	NULL,	NULL,	48,	1,	46,	0,	NULL,	'2020-12-15 07:02:56',	NULL,	NULL,	NULL,	NULL),
(1890,	17,	NULL,	NULL,	49,	1,	47,	0,	NULL,	'2020-12-15 07:02:56',	NULL,	NULL,	NULL,	NULL),
(1891,	17,	NULL,	NULL,	50,	1,	48,	0,	NULL,	'2020-12-15 07:02:56',	NULL,	NULL,	NULL,	NULL),
(1892,	17,	NULL,	NULL,	51,	1,	49,	0,	NULL,	'2020-12-15 07:02:56',	NULL,	NULL,	NULL,	NULL),
(1893,	17,	NULL,	NULL,	52,	1,	50,	0,	NULL,	'2020-12-15 07:02:56',	NULL,	NULL,	NULL,	NULL),
(1894,	17,	NULL,	NULL,	53,	1,	51,	0,	NULL,	'2020-12-15 07:02:56',	NULL,	NULL,	NULL,	NULL),
(1895,	17,	NULL,	NULL,	54,	1,	52,	0,	NULL,	'2020-12-15 07:02:56',	NULL,	NULL,	NULL,	NULL),
(1896,	17,	NULL,	NULL,	55,	1,	53,	0,	NULL,	'2020-12-15 07:02:56',	NULL,	NULL,	NULL,	NULL),
(1897,	17,	NULL,	NULL,	56,	1,	54,	0,	NULL,	'2020-12-15 07:02:56',	NULL,	NULL,	NULL,	NULL),
(1898,	17,	NULL,	NULL,	57,	1,	55,	0,	NULL,	'2020-12-15 07:02:56',	NULL,	NULL,	NULL,	NULL),
(1899,	17,	NULL,	NULL,	58,	1,	56,	0,	NULL,	'2020-12-15 07:02:56',	NULL,	NULL,	NULL,	NULL),
(1900,	17,	NULL,	NULL,	59,	1,	57,	0,	NULL,	'2020-12-15 07:02:56',	NULL,	NULL,	NULL,	NULL),
(1901,	17,	NULL,	NULL,	60,	1,	58,	0,	NULL,	'2020-12-15 07:02:56',	NULL,	NULL,	NULL,	NULL),
(1902,	17,	NULL,	NULL,	61,	1,	59,	0,	NULL,	'2020-12-15 07:02:56',	NULL,	NULL,	NULL,	NULL),
(1903,	17,	NULL,	NULL,	62,	1,	60,	0,	NULL,	'2020-12-15 07:02:56',	NULL,	NULL,	NULL,	NULL),
(1904,	17,	NULL,	NULL,	66,	1,	61,	0,	NULL,	'2020-12-15 07:02:56',	NULL,	NULL,	NULL,	NULL),
(1905,	17,	NULL,	NULL,	67,	1,	62,	0,	NULL,	'2020-12-15 07:02:56',	NULL,	NULL,	NULL,	NULL),
(1906,	17,	NULL,	NULL,	68,	1,	63,	0,	NULL,	'2020-12-15 07:02:56',	NULL,	NULL,	NULL,	NULL),
(1907,	17,	NULL,	NULL,	69,	1,	64,	0,	NULL,	'2020-12-15 07:02:56',	NULL,	NULL,	NULL,	NULL),
(1908,	17,	NULL,	NULL,	70,	1,	65,	0,	NULL,	'2020-12-15 07:02:56',	NULL,	NULL,	NULL,	NULL),
(1909,	17,	NULL,	NULL,	71,	1,	66,	0,	NULL,	'2020-12-15 07:02:56',	NULL,	NULL,	NULL,	NULL),
(1910,	17,	NULL,	NULL,	72,	1,	67,	0,	NULL,	'2020-12-15 07:02:56',	NULL,	NULL,	NULL,	NULL),
(1911,	17,	NULL,	NULL,	73,	1,	68,	0,	NULL,	'2020-12-15 07:02:56',	NULL,	NULL,	NULL,	NULL),
(1912,	17,	NULL,	NULL,	74,	1,	69,	0,	NULL,	'2020-12-15 07:02:56',	NULL,	NULL,	NULL,	NULL),
(1913,	17,	NULL,	NULL,	75,	1,	70,	0,	NULL,	'2020-12-15 07:02:56',	NULL,	NULL,	NULL,	NULL),
(1914,	17,	NULL,	NULL,	76,	1,	71,	0,	NULL,	'2020-12-15 07:02:56',	NULL,	NULL,	NULL,	NULL),
(1915,	17,	NULL,	NULL,	77,	1,	72,	0,	NULL,	'2020-12-15 07:02:56',	NULL,	NULL,	NULL,	NULL),
(1916,	17,	NULL,	NULL,	78,	1,	73,	0,	NULL,	'2020-12-15 07:02:56',	NULL,	NULL,	NULL,	NULL),
(1917,	17,	NULL,	NULL,	79,	1,	74,	0,	NULL,	'2020-12-15 07:02:56',	NULL,	NULL,	NULL,	NULL),
(1918,	17,	NULL,	NULL,	80,	1,	75,	0,	NULL,	'2020-12-15 07:02:56',	NULL,	NULL,	NULL,	NULL),
(1919,	17,	NULL,	NULL,	81,	1,	76,	0,	NULL,	'2020-12-15 07:02:56',	NULL,	NULL,	NULL,	NULL),
(1920,	17,	NULL,	NULL,	82,	1,	77,	0,	NULL,	'2020-12-15 07:02:56',	NULL,	NULL,	NULL,	NULL),
(1921,	17,	NULL,	NULL,	89,	1,	78,	0,	NULL,	'2020-12-15 07:02:56',	NULL,	NULL,	NULL,	NULL),
(1922,	17,	NULL,	NULL,	90,	1,	79,	0,	NULL,	'2020-12-15 07:02:56',	NULL,	NULL,	NULL,	NULL),
(1923,	17,	NULL,	NULL,	91,	1,	80,	0,	NULL,	'2020-12-15 07:02:56',	NULL,	NULL,	NULL,	NULL),
(1924,	17,	NULL,	NULL,	92,	1,	81,	0,	NULL,	'2020-12-15 07:02:56',	NULL,	NULL,	NULL,	NULL),
(1925,	17,	NULL,	NULL,	93,	1,	82,	0,	NULL,	'2020-12-15 07:02:56',	NULL,	NULL,	NULL,	NULL),
(1926,	17,	NULL,	NULL,	94,	1,	83,	0,	NULL,	'2020-12-15 07:02:56',	NULL,	NULL,	NULL,	NULL),
(1927,	17,	NULL,	NULL,	95,	1,	84,	0,	NULL,	'2020-12-15 07:02:56',	NULL,	NULL,	NULL,	NULL),
(1928,	17,	NULL,	NULL,	96,	1,	85,	0,	NULL,	'2020-12-15 07:02:56',	NULL,	NULL,	NULL,	NULL),
(1929,	17,	NULL,	NULL,	97,	1,	86,	0,	NULL,	'2020-12-15 07:02:56',	NULL,	NULL,	NULL,	NULL),
(1930,	17,	NULL,	NULL,	98,	1,	87,	0,	NULL,	'2020-12-15 07:02:56',	NULL,	NULL,	NULL,	NULL),
(1931,	17,	NULL,	NULL,	99,	1,	88,	0,	NULL,	'2020-12-15 07:02:56',	NULL,	NULL,	NULL,	NULL),
(1932,	17,	NULL,	NULL,	100,	1,	89,	0,	NULL,	'2020-12-15 07:02:56',	NULL,	NULL,	NULL,	NULL),
(1933,	25,	NULL,	NULL,	1,	1,	1,	1,	NULL,	'2020-12-15 07:03:44',	NULL,	NULL,	NULL,	NULL),
(1934,	25,	NULL,	NULL,	2,	1,	2,	1,	NULL,	'2020-12-15 07:03:44',	NULL,	NULL,	NULL,	NULL),
(1935,	25,	NULL,	NULL,	3,	1,	3,	1,	NULL,	'2020-12-15 07:03:44',	NULL,	NULL,	NULL,	NULL),
(1936,	25,	NULL,	NULL,	4,	1,	4,	1,	NULL,	'2020-12-15 07:03:44',	NULL,	NULL,	NULL,	NULL),
(1937,	25,	NULL,	NULL,	5,	1,	5,	1,	NULL,	'2020-12-15 07:03:44',	NULL,	NULL,	NULL,	NULL),
(1938,	25,	NULL,	NULL,	6,	1,	6,	1,	NULL,	'2020-12-15 07:03:44',	NULL,	NULL,	NULL,	NULL),
(1939,	25,	NULL,	NULL,	7,	1,	7,	1,	NULL,	'2020-12-15 07:03:44',	NULL,	NULL,	NULL,	NULL),
(1940,	25,	NULL,	NULL,	8,	1,	8,	1,	NULL,	'2020-12-15 07:03:44',	NULL,	NULL,	NULL,	NULL),
(1941,	25,	NULL,	NULL,	9,	1,	9,	0,	NULL,	'2020-12-15 07:03:44',	NULL,	NULL,	NULL,	NULL),
(1942,	25,	NULL,	NULL,	10,	1,	10,	0,	NULL,	'2020-12-15 07:03:44',	NULL,	NULL,	NULL,	NULL),
(1943,	25,	NULL,	NULL,	11,	1,	11,	0,	NULL,	'2020-12-15 07:03:44',	NULL,	NULL,	NULL,	NULL),
(1944,	25,	NULL,	NULL,	12,	1,	12,	0,	NULL,	'2020-12-15 07:03:44',	NULL,	NULL,	NULL,	NULL),
(1945,	25,	NULL,	NULL,	13,	1,	13,	0,	NULL,	'2020-12-15 07:03:44',	NULL,	NULL,	NULL,	NULL),
(1946,	25,	NULL,	NULL,	14,	1,	14,	0,	NULL,	'2020-12-15 07:03:44',	NULL,	NULL,	NULL,	NULL),
(1947,	25,	NULL,	NULL,	15,	1,	15,	0,	NULL,	'2020-12-15 07:03:44',	NULL,	NULL,	NULL,	NULL),
(1948,	25,	NULL,	NULL,	16,	1,	16,	0,	NULL,	'2020-12-15 07:03:44',	NULL,	NULL,	NULL,	NULL),
(1949,	25,	NULL,	NULL,	17,	1,	17,	0,	NULL,	'2020-12-15 07:03:44',	NULL,	NULL,	NULL,	NULL),
(1950,	25,	NULL,	NULL,	18,	1,	18,	0,	NULL,	'2020-12-15 07:03:44',	NULL,	NULL,	NULL,	NULL),
(1951,	25,	NULL,	NULL,	21,	1,	19,	0,	NULL,	'2020-12-15 07:03:44',	NULL,	NULL,	NULL,	NULL),
(1952,	25,	NULL,	NULL,	22,	1,	20,	0,	NULL,	'2020-12-15 07:03:44',	NULL,	NULL,	NULL,	NULL),
(1953,	25,	NULL,	NULL,	23,	1,	21,	0,	NULL,	'2020-12-15 07:03:44',	NULL,	NULL,	NULL,	NULL),
(1954,	25,	NULL,	NULL,	24,	1,	22,	1,	NULL,	'2020-12-15 07:03:44',	NULL,	NULL,	NULL,	NULL),
(1955,	25,	NULL,	NULL,	25,	1,	23,	0,	NULL,	'2020-12-15 07:03:44',	NULL,	NULL,	NULL,	NULL),
(1956,	25,	NULL,	NULL,	26,	1,	24,	0,	NULL,	'2020-12-15 07:03:44',	NULL,	NULL,	NULL,	NULL),
(1957,	25,	NULL,	NULL,	27,	1,	25,	0,	NULL,	'2020-12-15 07:03:44',	NULL,	NULL,	NULL,	NULL),
(1958,	25,	NULL,	NULL,	28,	1,	26,	0,	NULL,	'2020-12-15 07:03:44',	NULL,	NULL,	NULL,	NULL),
(1959,	25,	NULL,	NULL,	29,	1,	27,	0,	NULL,	'2020-12-15 07:03:44',	NULL,	NULL,	NULL,	NULL),
(1960,	25,	NULL,	NULL,	30,	1,	28,	0,	NULL,	'2020-12-15 07:03:44',	NULL,	NULL,	NULL,	NULL),
(1961,	25,	NULL,	NULL,	31,	1,	29,	0,	NULL,	'2020-12-15 07:03:44',	NULL,	NULL,	NULL,	NULL),
(1962,	25,	NULL,	NULL,	32,	1,	30,	0,	NULL,	'2020-12-15 07:03:44',	NULL,	NULL,	NULL,	NULL),
(1963,	25,	NULL,	NULL,	33,	1,	31,	0,	NULL,	'2020-12-15 07:03:44',	NULL,	NULL,	NULL,	NULL),
(1964,	25,	NULL,	NULL,	34,	1,	32,	0,	NULL,	'2020-12-15 07:03:44',	NULL,	NULL,	NULL,	NULL),
(1965,	25,	NULL,	NULL,	35,	1,	33,	0,	NULL,	'2020-12-15 07:03:44',	NULL,	NULL,	NULL,	NULL),
(1966,	25,	NULL,	NULL,	36,	1,	34,	0,	NULL,	'2020-12-15 07:03:44',	NULL,	NULL,	NULL,	NULL),
(1967,	25,	NULL,	NULL,	37,	1,	35,	0,	NULL,	'2020-12-15 07:03:44',	NULL,	NULL,	NULL,	NULL),
(1968,	25,	NULL,	NULL,	38,	1,	36,	0,	NULL,	'2020-12-15 07:03:44',	NULL,	NULL,	NULL,	NULL),
(1969,	25,	NULL,	NULL,	39,	1,	37,	0,	NULL,	'2020-12-15 07:03:44',	NULL,	NULL,	NULL,	NULL),
(1970,	25,	NULL,	NULL,	40,	1,	38,	0,	NULL,	'2020-12-15 07:03:44',	NULL,	NULL,	NULL,	NULL),
(1971,	25,	NULL,	NULL,	41,	1,	39,	0,	NULL,	'2020-12-15 07:03:44',	NULL,	NULL,	NULL,	NULL),
(1972,	25,	NULL,	NULL,	42,	1,	40,	0,	NULL,	'2020-12-15 07:03:44',	NULL,	NULL,	NULL,	NULL),
(1973,	25,	NULL,	NULL,	43,	1,	41,	0,	NULL,	'2020-12-15 07:03:44',	NULL,	NULL,	NULL,	NULL),
(1974,	25,	NULL,	NULL,	44,	1,	42,	0,	NULL,	'2020-12-15 07:03:44',	NULL,	NULL,	NULL,	NULL),
(1975,	25,	NULL,	NULL,	45,	1,	43,	0,	NULL,	'2020-12-15 07:03:44',	NULL,	NULL,	NULL,	NULL),
(1976,	25,	NULL,	NULL,	46,	1,	44,	0,	NULL,	'2020-12-15 07:03:44',	NULL,	NULL,	NULL,	NULL),
(1977,	25,	NULL,	NULL,	47,	1,	45,	0,	NULL,	'2020-12-15 07:03:44',	NULL,	NULL,	NULL,	NULL),
(1978,	25,	NULL,	NULL,	48,	1,	46,	0,	NULL,	'2020-12-15 07:03:44',	NULL,	NULL,	NULL,	NULL),
(1979,	25,	NULL,	NULL,	49,	1,	47,	0,	NULL,	'2020-12-15 07:03:44',	NULL,	NULL,	NULL,	NULL),
(1980,	25,	NULL,	NULL,	50,	1,	48,	0,	NULL,	'2020-12-15 07:03:44',	NULL,	NULL,	NULL,	NULL),
(1981,	25,	NULL,	NULL,	51,	1,	49,	0,	NULL,	'2020-12-15 07:03:44',	NULL,	NULL,	NULL,	NULL),
(1982,	25,	NULL,	NULL,	52,	1,	50,	0,	NULL,	'2020-12-15 07:03:44',	NULL,	NULL,	NULL,	NULL),
(1983,	25,	NULL,	NULL,	53,	1,	51,	0,	NULL,	'2020-12-15 07:03:44',	NULL,	NULL,	NULL,	NULL),
(1984,	25,	NULL,	NULL,	54,	1,	52,	0,	NULL,	'2020-12-15 07:03:44',	NULL,	NULL,	NULL,	NULL),
(1985,	25,	NULL,	NULL,	55,	1,	53,	0,	NULL,	'2020-12-15 07:03:44',	NULL,	NULL,	NULL,	NULL),
(1986,	25,	NULL,	NULL,	56,	1,	54,	0,	NULL,	'2020-12-15 07:03:44',	NULL,	NULL,	NULL,	NULL),
(1987,	25,	NULL,	NULL,	57,	1,	55,	0,	NULL,	'2020-12-15 07:03:44',	NULL,	NULL,	NULL,	NULL),
(1988,	25,	NULL,	NULL,	58,	1,	56,	0,	NULL,	'2020-12-15 07:03:44',	NULL,	NULL,	NULL,	NULL),
(1989,	25,	NULL,	NULL,	59,	1,	57,	0,	NULL,	'2020-12-15 07:03:44',	NULL,	NULL,	NULL,	NULL),
(1990,	25,	NULL,	NULL,	60,	1,	58,	0,	NULL,	'2020-12-15 07:03:44',	NULL,	NULL,	NULL,	NULL),
(1991,	25,	NULL,	NULL,	61,	1,	59,	0,	NULL,	'2020-12-15 07:03:44',	NULL,	NULL,	NULL,	NULL),
(1992,	25,	NULL,	NULL,	62,	1,	60,	0,	NULL,	'2020-12-15 07:03:44',	NULL,	NULL,	NULL,	NULL),
(1993,	25,	NULL,	NULL,	66,	1,	61,	0,	NULL,	'2020-12-15 07:03:44',	NULL,	NULL,	NULL,	NULL),
(1994,	25,	NULL,	NULL,	67,	1,	62,	0,	NULL,	'2020-12-15 07:03:44',	NULL,	NULL,	NULL,	NULL),
(1995,	25,	NULL,	NULL,	68,	1,	63,	0,	NULL,	'2020-12-15 07:03:44',	NULL,	NULL,	NULL,	NULL),
(1996,	25,	NULL,	NULL,	69,	1,	64,	0,	NULL,	'2020-12-15 07:03:44',	NULL,	NULL,	NULL,	NULL),
(1997,	25,	NULL,	NULL,	70,	1,	65,	0,	NULL,	'2020-12-15 07:03:44',	NULL,	NULL,	NULL,	NULL),
(1998,	25,	NULL,	NULL,	71,	1,	66,	0,	NULL,	'2020-12-15 07:03:44',	NULL,	NULL,	NULL,	NULL),
(1999,	25,	NULL,	NULL,	72,	1,	67,	0,	NULL,	'2020-12-15 07:03:44',	NULL,	NULL,	NULL,	NULL),
(2000,	25,	NULL,	NULL,	73,	1,	68,	0,	NULL,	'2020-12-15 07:03:44',	NULL,	NULL,	NULL,	NULL),
(2001,	25,	NULL,	NULL,	74,	1,	69,	0,	NULL,	'2020-12-15 07:03:44',	NULL,	NULL,	NULL,	NULL),
(2002,	25,	NULL,	NULL,	75,	1,	70,	0,	NULL,	'2020-12-15 07:03:44',	NULL,	NULL,	NULL,	NULL),
(2003,	25,	NULL,	NULL,	76,	1,	71,	0,	NULL,	'2020-12-15 07:03:44',	NULL,	NULL,	NULL,	NULL),
(2004,	25,	NULL,	NULL,	77,	1,	72,	0,	NULL,	'2020-12-15 07:03:44',	NULL,	NULL,	NULL,	NULL),
(2005,	25,	NULL,	NULL,	78,	1,	73,	0,	NULL,	'2020-12-15 07:03:44',	NULL,	NULL,	NULL,	NULL),
(2006,	25,	NULL,	NULL,	79,	1,	74,	0,	NULL,	'2020-12-15 07:03:44',	NULL,	NULL,	NULL,	NULL),
(2007,	25,	NULL,	NULL,	80,	1,	75,	0,	NULL,	'2020-12-15 07:03:44',	NULL,	NULL,	NULL,	NULL),
(2008,	25,	NULL,	NULL,	81,	1,	76,	0,	NULL,	'2020-12-15 07:03:44',	NULL,	NULL,	NULL,	NULL),
(2009,	25,	NULL,	NULL,	82,	1,	77,	0,	NULL,	'2020-12-15 07:03:44',	NULL,	NULL,	NULL,	NULL),
(2010,	25,	NULL,	NULL,	89,	1,	78,	0,	NULL,	'2020-12-15 07:03:44',	NULL,	NULL,	NULL,	NULL),
(2011,	25,	NULL,	NULL,	90,	1,	79,	0,	NULL,	'2020-12-15 07:03:44',	NULL,	NULL,	NULL,	NULL),
(2012,	25,	NULL,	NULL,	91,	1,	80,	0,	NULL,	'2020-12-15 07:03:44',	NULL,	NULL,	NULL,	NULL),
(2013,	25,	NULL,	NULL,	92,	1,	81,	0,	NULL,	'2020-12-15 07:03:44',	NULL,	NULL,	NULL,	NULL),
(2014,	25,	NULL,	NULL,	93,	1,	82,	0,	NULL,	'2020-12-15 07:03:44',	NULL,	NULL,	NULL,	NULL),
(2015,	25,	NULL,	NULL,	94,	1,	83,	0,	NULL,	'2020-12-15 07:03:44',	NULL,	NULL,	NULL,	NULL),
(2016,	25,	NULL,	NULL,	95,	1,	84,	0,	NULL,	'2020-12-15 07:03:44',	NULL,	NULL,	NULL,	NULL),
(2017,	25,	NULL,	NULL,	96,	1,	85,	0,	NULL,	'2020-12-15 07:03:44',	NULL,	NULL,	NULL,	NULL),
(2018,	25,	NULL,	NULL,	97,	1,	86,	0,	NULL,	'2020-12-15 07:03:44',	NULL,	NULL,	NULL,	NULL),
(2019,	25,	NULL,	NULL,	98,	1,	87,	0,	NULL,	'2020-12-15 07:03:44',	NULL,	NULL,	NULL,	NULL),
(2020,	25,	NULL,	NULL,	99,	1,	88,	0,	NULL,	'2020-12-15 07:03:44',	NULL,	NULL,	NULL,	NULL),
(2021,	25,	NULL,	NULL,	100,	1,	89,	0,	NULL,	'2020-12-15 07:03:44',	NULL,	NULL,	NULL,	NULL),
(2022,	26,	NULL,	NULL,	1,	1,	1,	1,	NULL,	'2020-12-15 07:04:06',	NULL,	NULL,	NULL,	NULL),
(2023,	26,	NULL,	NULL,	2,	1,	2,	1,	NULL,	'2020-12-15 07:04:06',	NULL,	NULL,	NULL,	NULL),
(2024,	26,	NULL,	NULL,	3,	1,	3,	1,	NULL,	'2020-12-15 07:04:06',	NULL,	NULL,	NULL,	NULL),
(2025,	26,	NULL,	NULL,	4,	1,	4,	1,	NULL,	'2020-12-15 07:04:06',	NULL,	NULL,	NULL,	NULL),
(2026,	26,	NULL,	NULL,	5,	1,	5,	1,	NULL,	'2020-12-15 07:04:06',	NULL,	NULL,	NULL,	NULL),
(2027,	26,	NULL,	NULL,	6,	1,	6,	1,	NULL,	'2020-12-15 07:04:06',	NULL,	NULL,	NULL,	NULL),
(2028,	26,	NULL,	NULL,	7,	1,	7,	1,	NULL,	'2020-12-15 07:04:07',	NULL,	NULL,	NULL,	NULL),
(2029,	26,	NULL,	NULL,	8,	1,	8,	1,	NULL,	'2020-12-15 07:04:07',	NULL,	NULL,	NULL,	NULL),
(2030,	26,	NULL,	NULL,	9,	1,	9,	0,	NULL,	'2020-12-15 07:04:07',	NULL,	NULL,	NULL,	NULL),
(2031,	26,	NULL,	NULL,	10,	1,	10,	0,	NULL,	'2020-12-15 07:04:07',	NULL,	NULL,	NULL,	NULL),
(2032,	26,	NULL,	NULL,	11,	1,	11,	0,	NULL,	'2020-12-15 07:04:07',	NULL,	NULL,	NULL,	NULL),
(2033,	26,	NULL,	NULL,	12,	1,	12,	0,	NULL,	'2020-12-15 07:04:07',	NULL,	NULL,	NULL,	NULL),
(2034,	26,	NULL,	NULL,	13,	1,	13,	0,	NULL,	'2020-12-15 07:04:07',	NULL,	NULL,	NULL,	NULL),
(2035,	26,	NULL,	NULL,	14,	1,	14,	0,	NULL,	'2020-12-15 07:04:07',	NULL,	NULL,	NULL,	NULL),
(2036,	26,	NULL,	NULL,	15,	1,	15,	0,	NULL,	'2020-12-15 07:04:07',	NULL,	NULL,	NULL,	NULL),
(2037,	26,	NULL,	NULL,	16,	1,	16,	0,	NULL,	'2020-12-15 07:04:07',	NULL,	NULL,	NULL,	NULL),
(2038,	26,	NULL,	NULL,	17,	1,	17,	0,	NULL,	'2020-12-15 07:04:07',	NULL,	NULL,	NULL,	NULL),
(2039,	26,	NULL,	NULL,	18,	1,	18,	0,	NULL,	'2020-12-15 07:04:07',	NULL,	NULL,	NULL,	NULL),
(2040,	26,	NULL,	NULL,	21,	1,	19,	0,	NULL,	'2020-12-15 07:04:07',	NULL,	NULL,	NULL,	NULL),
(2041,	26,	NULL,	NULL,	22,	1,	20,	0,	NULL,	'2020-12-15 07:04:07',	NULL,	NULL,	NULL,	NULL),
(2042,	26,	NULL,	NULL,	23,	1,	21,	0,	NULL,	'2020-12-15 07:04:07',	NULL,	NULL,	NULL,	NULL),
(2043,	26,	NULL,	NULL,	24,	1,	22,	1,	NULL,	'2020-12-15 07:04:07',	NULL,	NULL,	NULL,	NULL),
(2044,	26,	NULL,	NULL,	25,	1,	23,	0,	NULL,	'2020-12-15 07:04:07',	NULL,	NULL,	NULL,	NULL),
(2045,	26,	NULL,	NULL,	26,	1,	24,	0,	NULL,	'2020-12-15 07:04:07',	NULL,	NULL,	NULL,	NULL),
(2046,	26,	NULL,	NULL,	27,	1,	25,	0,	NULL,	'2020-12-15 07:04:07',	NULL,	NULL,	NULL,	NULL),
(2047,	26,	NULL,	NULL,	28,	1,	26,	0,	NULL,	'2020-12-15 07:04:07',	NULL,	NULL,	NULL,	NULL),
(2048,	26,	NULL,	NULL,	29,	1,	27,	0,	NULL,	'2020-12-15 07:04:07',	NULL,	NULL,	NULL,	NULL),
(2049,	26,	NULL,	NULL,	30,	1,	28,	0,	NULL,	'2020-12-15 07:04:07',	NULL,	NULL,	NULL,	NULL),
(2050,	26,	NULL,	NULL,	31,	1,	29,	0,	NULL,	'2020-12-15 07:04:07',	NULL,	NULL,	NULL,	NULL),
(2051,	26,	NULL,	NULL,	32,	1,	30,	0,	NULL,	'2020-12-15 07:04:07',	NULL,	NULL,	NULL,	NULL),
(2052,	26,	NULL,	NULL,	33,	1,	31,	0,	NULL,	'2020-12-15 07:04:07',	NULL,	NULL,	NULL,	NULL),
(2053,	26,	NULL,	NULL,	34,	1,	32,	0,	NULL,	'2020-12-15 07:04:07',	NULL,	NULL,	NULL,	NULL),
(2054,	26,	NULL,	NULL,	35,	1,	33,	0,	NULL,	'2020-12-15 07:04:07',	NULL,	NULL,	NULL,	NULL),
(2055,	26,	NULL,	NULL,	36,	1,	34,	0,	NULL,	'2020-12-15 07:04:07',	NULL,	NULL,	NULL,	NULL),
(2056,	26,	NULL,	NULL,	37,	1,	35,	0,	NULL,	'2020-12-15 07:04:07',	NULL,	NULL,	NULL,	NULL),
(2057,	26,	NULL,	NULL,	38,	1,	36,	0,	NULL,	'2020-12-15 07:04:07',	NULL,	NULL,	NULL,	NULL),
(2058,	26,	NULL,	NULL,	39,	1,	37,	0,	NULL,	'2020-12-15 07:04:07',	NULL,	NULL,	NULL,	NULL),
(2059,	26,	NULL,	NULL,	40,	1,	38,	0,	NULL,	'2020-12-15 07:04:07',	NULL,	NULL,	NULL,	NULL),
(2060,	26,	NULL,	NULL,	41,	1,	39,	0,	NULL,	'2020-12-15 07:04:07',	NULL,	NULL,	NULL,	NULL),
(2061,	26,	NULL,	NULL,	42,	1,	40,	0,	NULL,	'2020-12-15 07:04:07',	NULL,	NULL,	NULL,	NULL),
(2062,	26,	NULL,	NULL,	43,	1,	41,	0,	NULL,	'2020-12-15 07:04:07',	NULL,	NULL,	NULL,	NULL),
(2063,	26,	NULL,	NULL,	44,	1,	42,	0,	NULL,	'2020-12-15 07:04:07',	NULL,	NULL,	NULL,	NULL),
(2064,	26,	NULL,	NULL,	45,	1,	43,	0,	NULL,	'2020-12-15 07:04:07',	NULL,	NULL,	NULL,	NULL),
(2065,	26,	NULL,	NULL,	46,	1,	44,	0,	NULL,	'2020-12-15 07:04:07',	NULL,	NULL,	NULL,	NULL),
(2066,	26,	NULL,	NULL,	47,	1,	45,	0,	NULL,	'2020-12-15 07:04:07',	NULL,	NULL,	NULL,	NULL),
(2067,	26,	NULL,	NULL,	48,	1,	46,	0,	NULL,	'2020-12-15 07:04:07',	NULL,	NULL,	NULL,	NULL),
(2068,	26,	NULL,	NULL,	49,	1,	47,	0,	NULL,	'2020-12-15 07:04:07',	NULL,	NULL,	NULL,	NULL),
(2069,	26,	NULL,	NULL,	50,	1,	48,	0,	NULL,	'2020-12-15 07:04:07',	NULL,	NULL,	NULL,	NULL),
(2070,	26,	NULL,	NULL,	51,	1,	49,	0,	NULL,	'2020-12-15 07:04:07',	NULL,	NULL,	NULL,	NULL),
(2071,	26,	NULL,	NULL,	52,	1,	50,	0,	NULL,	'2020-12-15 07:04:07',	NULL,	NULL,	NULL,	NULL),
(2072,	26,	NULL,	NULL,	53,	1,	51,	0,	NULL,	'2020-12-15 07:04:07',	NULL,	NULL,	NULL,	NULL),
(2073,	26,	NULL,	NULL,	54,	1,	52,	0,	NULL,	'2020-12-15 07:04:07',	NULL,	NULL,	NULL,	NULL),
(2074,	26,	NULL,	NULL,	55,	1,	53,	0,	NULL,	'2020-12-15 07:04:07',	NULL,	NULL,	NULL,	NULL),
(2075,	26,	NULL,	NULL,	56,	1,	54,	0,	NULL,	'2020-12-15 07:04:07',	NULL,	NULL,	NULL,	NULL),
(2076,	26,	NULL,	NULL,	57,	1,	55,	0,	NULL,	'2020-12-15 07:04:07',	NULL,	NULL,	NULL,	NULL),
(2077,	26,	NULL,	NULL,	58,	1,	56,	0,	NULL,	'2020-12-15 07:04:07',	NULL,	NULL,	NULL,	NULL),
(2078,	26,	NULL,	NULL,	59,	1,	57,	0,	NULL,	'2020-12-15 07:04:07',	NULL,	NULL,	NULL,	NULL),
(2079,	26,	NULL,	NULL,	60,	1,	58,	0,	NULL,	'2020-12-15 07:04:07',	NULL,	NULL,	NULL,	NULL),
(2080,	26,	NULL,	NULL,	61,	1,	59,	0,	NULL,	'2020-12-15 07:04:07',	NULL,	NULL,	NULL,	NULL),
(2081,	26,	NULL,	NULL,	62,	1,	60,	0,	NULL,	'2020-12-15 07:04:07',	NULL,	NULL,	NULL,	NULL),
(2082,	26,	NULL,	NULL,	66,	1,	61,	0,	NULL,	'2020-12-15 07:04:07',	NULL,	NULL,	NULL,	NULL),
(2083,	26,	NULL,	NULL,	67,	1,	62,	0,	NULL,	'2020-12-15 07:04:07',	NULL,	NULL,	NULL,	NULL),
(2084,	26,	NULL,	NULL,	68,	1,	63,	0,	NULL,	'2020-12-15 07:04:07',	NULL,	NULL,	NULL,	NULL),
(2085,	26,	NULL,	NULL,	69,	1,	64,	0,	NULL,	'2020-12-15 07:04:07',	NULL,	NULL,	NULL,	NULL),
(2086,	26,	NULL,	NULL,	70,	1,	65,	0,	NULL,	'2020-12-15 07:04:07',	NULL,	NULL,	NULL,	NULL),
(2087,	26,	NULL,	NULL,	71,	1,	66,	0,	NULL,	'2020-12-15 07:04:07',	NULL,	NULL,	NULL,	NULL),
(2088,	26,	NULL,	NULL,	72,	1,	67,	0,	NULL,	'2020-12-15 07:04:07',	NULL,	NULL,	NULL,	NULL),
(2089,	26,	NULL,	NULL,	73,	1,	68,	0,	NULL,	'2020-12-15 07:04:07',	NULL,	NULL,	NULL,	NULL),
(2090,	26,	NULL,	NULL,	74,	1,	69,	0,	NULL,	'2020-12-15 07:04:07',	NULL,	NULL,	NULL,	NULL),
(2091,	26,	NULL,	NULL,	75,	1,	70,	0,	NULL,	'2020-12-15 07:04:07',	NULL,	NULL,	NULL,	NULL),
(2092,	26,	NULL,	NULL,	76,	1,	71,	0,	NULL,	'2020-12-15 07:04:07',	NULL,	NULL,	NULL,	NULL),
(2093,	26,	NULL,	NULL,	77,	1,	72,	0,	NULL,	'2020-12-15 07:04:07',	NULL,	NULL,	NULL,	NULL),
(2094,	26,	NULL,	NULL,	78,	1,	73,	0,	NULL,	'2020-12-15 07:04:07',	NULL,	NULL,	NULL,	NULL),
(2095,	26,	NULL,	NULL,	79,	1,	74,	0,	NULL,	'2020-12-15 07:04:07',	NULL,	NULL,	NULL,	NULL),
(2096,	26,	NULL,	NULL,	80,	1,	75,	0,	NULL,	'2020-12-15 07:04:07',	NULL,	NULL,	NULL,	NULL),
(2097,	26,	NULL,	NULL,	81,	1,	76,	0,	NULL,	'2020-12-15 07:04:07',	NULL,	NULL,	NULL,	NULL),
(2098,	26,	NULL,	NULL,	82,	1,	77,	0,	NULL,	'2020-12-15 07:04:07',	NULL,	NULL,	NULL,	NULL),
(2099,	26,	NULL,	NULL,	89,	1,	78,	0,	NULL,	'2020-12-15 07:04:07',	NULL,	NULL,	NULL,	NULL),
(2100,	26,	NULL,	NULL,	90,	1,	79,	0,	NULL,	'2020-12-15 07:04:07',	NULL,	NULL,	NULL,	NULL),
(2101,	26,	NULL,	NULL,	91,	1,	80,	0,	NULL,	'2020-12-15 07:04:07',	NULL,	NULL,	NULL,	NULL),
(2102,	26,	NULL,	NULL,	92,	1,	81,	0,	NULL,	'2020-12-15 07:04:07',	NULL,	NULL,	NULL,	NULL),
(2103,	26,	NULL,	NULL,	93,	1,	82,	0,	NULL,	'2020-12-15 07:04:07',	NULL,	NULL,	NULL,	NULL),
(2104,	26,	NULL,	NULL,	94,	1,	83,	0,	NULL,	'2020-12-15 07:04:07',	NULL,	NULL,	NULL,	NULL),
(2105,	26,	NULL,	NULL,	95,	1,	84,	0,	NULL,	'2020-12-15 07:04:07',	NULL,	NULL,	NULL,	NULL),
(2106,	26,	NULL,	NULL,	96,	1,	85,	0,	NULL,	'2020-12-15 07:04:07',	NULL,	NULL,	NULL,	NULL),
(2107,	26,	NULL,	NULL,	97,	1,	86,	0,	NULL,	'2020-12-15 07:04:07',	NULL,	NULL,	NULL,	NULL),
(2108,	26,	NULL,	NULL,	98,	1,	87,	0,	NULL,	'2020-12-15 07:04:07',	NULL,	NULL,	NULL,	NULL),
(2109,	26,	NULL,	NULL,	99,	1,	88,	0,	NULL,	'2020-12-15 07:04:07',	NULL,	NULL,	NULL,	NULL),
(2110,	26,	NULL,	NULL,	100,	1,	89,	0,	NULL,	'2020-12-15 07:04:07',	NULL,	NULL,	NULL,	NULL),
(2111,	34,	NULL,	NULL,	1,	1,	1,	1,	NULL,	'2020-12-15 07:07:10',	NULL,	NULL,	NULL,	NULL),
(2112,	34,	NULL,	NULL,	2,	1,	2,	1,	NULL,	'2020-12-15 07:07:10',	NULL,	NULL,	NULL,	NULL),
(2113,	34,	NULL,	NULL,	3,	1,	3,	1,	NULL,	'2020-12-15 07:07:10',	NULL,	NULL,	NULL,	NULL),
(2114,	34,	NULL,	NULL,	4,	1,	4,	1,	NULL,	'2020-12-15 07:07:10',	NULL,	NULL,	NULL,	NULL),
(2115,	34,	NULL,	NULL,	5,	1,	5,	1,	NULL,	'2020-12-15 07:07:10',	NULL,	NULL,	NULL,	NULL),
(2116,	34,	NULL,	NULL,	6,	1,	6,	1,	NULL,	'2020-12-15 07:07:10',	NULL,	NULL,	NULL,	NULL),
(2117,	34,	NULL,	NULL,	7,	1,	7,	1,	NULL,	'2020-12-15 07:07:10',	NULL,	NULL,	NULL,	NULL),
(2118,	34,	NULL,	NULL,	8,	1,	8,	1,	NULL,	'2020-12-15 07:07:10',	NULL,	NULL,	NULL,	NULL),
(2119,	34,	NULL,	NULL,	9,	1,	9,	0,	NULL,	'2020-12-15 07:07:10',	NULL,	NULL,	NULL,	NULL),
(2120,	34,	NULL,	NULL,	10,	1,	10,	0,	NULL,	'2020-12-15 07:07:10',	NULL,	NULL,	NULL,	NULL),
(2121,	34,	NULL,	NULL,	11,	1,	11,	0,	NULL,	'2020-12-15 07:07:10',	NULL,	NULL,	NULL,	NULL),
(2122,	34,	NULL,	NULL,	12,	1,	12,	0,	NULL,	'2020-12-15 07:07:10',	NULL,	NULL,	NULL,	NULL),
(2123,	34,	NULL,	NULL,	13,	1,	13,	0,	NULL,	'2020-12-15 07:07:10',	NULL,	NULL,	NULL,	NULL),
(2124,	34,	NULL,	NULL,	14,	1,	14,	0,	NULL,	'2020-12-15 07:07:10',	NULL,	NULL,	NULL,	NULL),
(2125,	34,	NULL,	NULL,	15,	1,	15,	0,	NULL,	'2020-12-15 07:07:10',	NULL,	NULL,	NULL,	NULL),
(2126,	34,	NULL,	NULL,	16,	1,	16,	0,	NULL,	'2020-12-15 07:07:10',	NULL,	NULL,	NULL,	NULL),
(2127,	34,	NULL,	NULL,	17,	1,	17,	0,	NULL,	'2020-12-15 07:07:10',	NULL,	NULL,	NULL,	NULL),
(2128,	34,	NULL,	NULL,	18,	1,	18,	0,	NULL,	'2020-12-15 07:07:10',	NULL,	NULL,	NULL,	NULL),
(2129,	34,	NULL,	NULL,	21,	1,	19,	0,	NULL,	'2020-12-15 07:07:10',	NULL,	NULL,	NULL,	NULL),
(2130,	34,	NULL,	NULL,	22,	1,	20,	0,	NULL,	'2020-12-15 07:07:10',	NULL,	NULL,	NULL,	NULL),
(2131,	34,	NULL,	NULL,	23,	1,	21,	0,	NULL,	'2020-12-15 07:07:10',	NULL,	NULL,	NULL,	NULL),
(2132,	34,	NULL,	NULL,	24,	1,	22,	1,	NULL,	'2020-12-15 07:07:10',	NULL,	NULL,	NULL,	NULL),
(2133,	34,	NULL,	NULL,	25,	1,	23,	0,	NULL,	'2020-12-15 07:07:10',	NULL,	NULL,	NULL,	NULL),
(2134,	34,	NULL,	NULL,	26,	1,	24,	0,	NULL,	'2020-12-15 07:07:10',	NULL,	NULL,	NULL,	NULL),
(2135,	34,	NULL,	NULL,	27,	1,	25,	0,	NULL,	'2020-12-15 07:07:10',	NULL,	NULL,	NULL,	NULL),
(2136,	34,	NULL,	NULL,	28,	1,	26,	0,	NULL,	'2020-12-15 07:07:10',	NULL,	NULL,	NULL,	NULL),
(2137,	34,	NULL,	NULL,	29,	1,	27,	0,	NULL,	'2020-12-15 07:07:10',	NULL,	NULL,	NULL,	NULL),
(2138,	34,	NULL,	NULL,	30,	1,	28,	0,	NULL,	'2020-12-15 07:07:10',	NULL,	NULL,	NULL,	NULL),
(2139,	34,	NULL,	NULL,	31,	1,	29,	0,	NULL,	'2020-12-15 07:07:10',	NULL,	NULL,	NULL,	NULL),
(2140,	34,	NULL,	NULL,	32,	1,	30,	0,	NULL,	'2020-12-15 07:07:10',	NULL,	NULL,	NULL,	NULL),
(2141,	34,	NULL,	NULL,	33,	1,	31,	0,	NULL,	'2020-12-15 07:07:10',	NULL,	NULL,	NULL,	NULL),
(2142,	34,	NULL,	NULL,	34,	1,	32,	0,	NULL,	'2020-12-15 07:07:10',	NULL,	NULL,	NULL,	NULL),
(2143,	34,	NULL,	NULL,	35,	1,	33,	0,	NULL,	'2020-12-15 07:07:10',	NULL,	NULL,	NULL,	NULL),
(2144,	34,	NULL,	NULL,	36,	1,	34,	0,	NULL,	'2020-12-15 07:07:10',	NULL,	NULL,	NULL,	NULL),
(2145,	34,	NULL,	NULL,	37,	1,	35,	0,	NULL,	'2020-12-15 07:07:10',	NULL,	NULL,	NULL,	NULL),
(2146,	34,	NULL,	NULL,	38,	1,	36,	0,	NULL,	'2020-12-15 07:07:10',	NULL,	NULL,	NULL,	NULL),
(2147,	34,	NULL,	NULL,	39,	1,	37,	0,	NULL,	'2020-12-15 07:07:10',	NULL,	NULL,	NULL,	NULL),
(2148,	34,	NULL,	NULL,	40,	1,	38,	0,	NULL,	'2020-12-15 07:07:10',	NULL,	NULL,	NULL,	NULL),
(2149,	34,	NULL,	NULL,	41,	1,	39,	0,	NULL,	'2020-12-15 07:07:10',	NULL,	NULL,	NULL,	NULL),
(2150,	34,	NULL,	NULL,	42,	1,	40,	0,	NULL,	'2020-12-15 07:07:10',	NULL,	NULL,	NULL,	NULL),
(2151,	34,	NULL,	NULL,	43,	1,	41,	0,	NULL,	'2020-12-15 07:07:10',	NULL,	NULL,	NULL,	NULL),
(2152,	34,	NULL,	NULL,	44,	1,	42,	0,	NULL,	'2020-12-15 07:07:10',	NULL,	NULL,	NULL,	NULL),
(2153,	34,	NULL,	NULL,	45,	1,	43,	0,	NULL,	'2020-12-15 07:07:10',	NULL,	NULL,	NULL,	NULL),
(2154,	34,	NULL,	NULL,	46,	1,	44,	0,	NULL,	'2020-12-15 07:07:10',	NULL,	NULL,	NULL,	NULL),
(2155,	34,	NULL,	NULL,	47,	1,	45,	0,	NULL,	'2020-12-15 07:07:10',	NULL,	NULL,	NULL,	NULL),
(2156,	34,	NULL,	NULL,	48,	1,	46,	0,	NULL,	'2020-12-15 07:07:10',	NULL,	NULL,	NULL,	NULL),
(2157,	34,	NULL,	NULL,	49,	1,	47,	0,	NULL,	'2020-12-15 07:07:10',	NULL,	NULL,	NULL,	NULL),
(2158,	34,	NULL,	NULL,	50,	1,	48,	0,	NULL,	'2020-12-15 07:07:10',	NULL,	NULL,	NULL,	NULL),
(2159,	34,	NULL,	NULL,	51,	1,	49,	0,	NULL,	'2020-12-15 07:07:10',	NULL,	NULL,	NULL,	NULL),
(2160,	34,	NULL,	NULL,	52,	1,	50,	0,	NULL,	'2020-12-15 07:07:10',	NULL,	NULL,	NULL,	NULL),
(2161,	34,	NULL,	NULL,	53,	1,	51,	0,	NULL,	'2020-12-15 07:07:10',	NULL,	NULL,	NULL,	NULL),
(2162,	34,	NULL,	NULL,	54,	1,	52,	0,	NULL,	'2020-12-15 07:07:10',	NULL,	NULL,	NULL,	NULL),
(2163,	34,	NULL,	NULL,	55,	1,	53,	0,	NULL,	'2020-12-15 07:07:10',	NULL,	NULL,	NULL,	NULL),
(2164,	34,	NULL,	NULL,	56,	1,	54,	0,	NULL,	'2020-12-15 07:07:10',	NULL,	NULL,	NULL,	NULL),
(2165,	34,	NULL,	NULL,	57,	1,	55,	0,	NULL,	'2020-12-15 07:07:10',	NULL,	NULL,	NULL,	NULL),
(2166,	34,	NULL,	NULL,	58,	1,	56,	0,	NULL,	'2020-12-15 07:07:10',	NULL,	NULL,	NULL,	NULL),
(2167,	34,	NULL,	NULL,	59,	1,	57,	0,	NULL,	'2020-12-15 07:07:10',	NULL,	NULL,	NULL,	NULL),
(2168,	34,	NULL,	NULL,	60,	1,	58,	0,	NULL,	'2020-12-15 07:07:10',	NULL,	NULL,	NULL,	NULL),
(2169,	34,	NULL,	NULL,	61,	1,	59,	0,	NULL,	'2020-12-15 07:07:10',	NULL,	NULL,	NULL,	NULL),
(2170,	34,	NULL,	NULL,	62,	1,	60,	0,	NULL,	'2020-12-15 07:07:10',	NULL,	NULL,	NULL,	NULL),
(2171,	34,	NULL,	NULL,	66,	1,	61,	0,	NULL,	'2020-12-15 07:07:10',	NULL,	NULL,	NULL,	NULL),
(2172,	34,	NULL,	NULL,	67,	1,	62,	0,	NULL,	'2020-12-15 07:07:10',	NULL,	NULL,	NULL,	NULL),
(2173,	34,	NULL,	NULL,	68,	1,	63,	0,	NULL,	'2020-12-15 07:07:10',	NULL,	NULL,	NULL,	NULL),
(2174,	34,	NULL,	NULL,	69,	1,	64,	0,	NULL,	'2020-12-15 07:07:10',	NULL,	NULL,	NULL,	NULL),
(2175,	34,	NULL,	NULL,	70,	1,	65,	0,	NULL,	'2020-12-15 07:07:10',	NULL,	NULL,	NULL,	NULL),
(2176,	34,	NULL,	NULL,	71,	1,	66,	0,	NULL,	'2020-12-15 07:07:10',	NULL,	NULL,	NULL,	NULL),
(2177,	34,	NULL,	NULL,	72,	1,	67,	0,	NULL,	'2020-12-15 07:07:10',	NULL,	NULL,	NULL,	NULL),
(2178,	34,	NULL,	NULL,	73,	1,	68,	0,	NULL,	'2020-12-15 07:07:10',	NULL,	NULL,	NULL,	NULL),
(2179,	34,	NULL,	NULL,	74,	1,	69,	0,	NULL,	'2020-12-15 07:07:10',	NULL,	NULL,	NULL,	NULL),
(2180,	34,	NULL,	NULL,	75,	1,	70,	0,	NULL,	'2020-12-15 07:07:10',	NULL,	NULL,	NULL,	NULL),
(2181,	34,	NULL,	NULL,	76,	1,	71,	0,	NULL,	'2020-12-15 07:07:10',	NULL,	NULL,	NULL,	NULL),
(2182,	34,	NULL,	NULL,	77,	1,	72,	0,	NULL,	'2020-12-15 07:07:10',	NULL,	NULL,	NULL,	NULL),
(2183,	34,	NULL,	NULL,	78,	1,	73,	0,	NULL,	'2020-12-15 07:07:10',	NULL,	NULL,	NULL,	NULL),
(2184,	34,	NULL,	NULL,	79,	1,	74,	0,	NULL,	'2020-12-15 07:07:10',	NULL,	NULL,	NULL,	NULL),
(2185,	34,	NULL,	NULL,	80,	1,	75,	0,	NULL,	'2020-12-15 07:07:10',	NULL,	NULL,	NULL,	NULL),
(2186,	34,	NULL,	NULL,	81,	1,	76,	0,	NULL,	'2020-12-15 07:07:10',	NULL,	NULL,	NULL,	NULL),
(2187,	34,	NULL,	NULL,	82,	1,	77,	0,	NULL,	'2020-12-15 07:07:10',	NULL,	NULL,	NULL,	NULL),
(2188,	34,	NULL,	NULL,	89,	1,	78,	0,	NULL,	'2020-12-15 07:07:10',	NULL,	NULL,	NULL,	NULL),
(2189,	34,	NULL,	NULL,	90,	1,	79,	0,	NULL,	'2020-12-15 07:07:10',	NULL,	NULL,	NULL,	NULL),
(2190,	34,	NULL,	NULL,	91,	1,	80,	0,	NULL,	'2020-12-15 07:07:10',	NULL,	NULL,	NULL,	NULL),
(2191,	34,	NULL,	NULL,	92,	1,	81,	0,	NULL,	'2020-12-15 07:07:10',	NULL,	NULL,	NULL,	NULL),
(2192,	34,	NULL,	NULL,	93,	1,	82,	0,	NULL,	'2020-12-15 07:07:10',	NULL,	NULL,	NULL,	NULL),
(2193,	34,	NULL,	NULL,	94,	1,	83,	0,	NULL,	'2020-12-15 07:07:10',	NULL,	NULL,	NULL,	NULL),
(2194,	34,	NULL,	NULL,	95,	1,	84,	0,	NULL,	'2020-12-15 07:07:10',	NULL,	NULL,	NULL,	NULL),
(2195,	34,	NULL,	NULL,	96,	1,	85,	0,	NULL,	'2020-12-15 07:07:10',	NULL,	NULL,	NULL,	NULL),
(2196,	34,	NULL,	NULL,	97,	1,	86,	0,	NULL,	'2020-12-15 07:07:10',	NULL,	NULL,	NULL,	NULL),
(2197,	34,	NULL,	NULL,	98,	1,	87,	0,	NULL,	'2020-12-15 07:07:10',	NULL,	NULL,	NULL,	NULL),
(2198,	34,	NULL,	NULL,	99,	1,	88,	0,	NULL,	'2020-12-15 07:07:10',	NULL,	NULL,	NULL,	NULL),
(2199,	34,	NULL,	NULL,	100,	1,	89,	0,	NULL,	'2020-12-15 07:07:10',	NULL,	NULL,	NULL,	NULL),
(2200,	21,	NULL,	NULL,	1,	1,	1,	1,	NULL,	'2020-12-15 07:08:09',	NULL,	NULL,	NULL,	NULL),
(2201,	21,	NULL,	NULL,	2,	1,	2,	1,	NULL,	'2020-12-15 07:08:09',	NULL,	NULL,	NULL,	NULL),
(2202,	21,	NULL,	NULL,	3,	1,	3,	1,	NULL,	'2020-12-15 07:08:09',	NULL,	NULL,	NULL,	NULL),
(2203,	21,	NULL,	NULL,	4,	1,	4,	1,	NULL,	'2020-12-15 07:08:09',	NULL,	NULL,	NULL,	NULL),
(2204,	21,	NULL,	NULL,	5,	1,	5,	1,	NULL,	'2020-12-15 07:08:09',	NULL,	NULL,	NULL,	NULL),
(2205,	21,	NULL,	NULL,	6,	1,	6,	1,	NULL,	'2020-12-15 07:08:09',	NULL,	NULL,	NULL,	NULL),
(2206,	21,	NULL,	NULL,	7,	1,	7,	1,	NULL,	'2020-12-15 07:08:09',	NULL,	NULL,	NULL,	NULL),
(2207,	21,	NULL,	NULL,	8,	1,	8,	1,	NULL,	'2020-12-15 07:08:09',	NULL,	NULL,	NULL,	NULL),
(2208,	21,	NULL,	NULL,	9,	1,	9,	0,	NULL,	'2020-12-15 07:08:09',	NULL,	NULL,	NULL,	NULL),
(2209,	21,	NULL,	NULL,	10,	1,	10,	0,	NULL,	'2020-12-15 07:08:09',	NULL,	NULL,	NULL,	NULL),
(2210,	21,	NULL,	NULL,	11,	1,	11,	0,	NULL,	'2020-12-15 07:08:09',	NULL,	NULL,	NULL,	NULL),
(2211,	21,	NULL,	NULL,	12,	1,	12,	0,	NULL,	'2020-12-15 07:08:09',	NULL,	NULL,	NULL,	NULL),
(2212,	21,	NULL,	NULL,	13,	1,	13,	0,	NULL,	'2020-12-15 07:08:09',	NULL,	NULL,	NULL,	NULL),
(2213,	21,	NULL,	NULL,	14,	1,	14,	0,	NULL,	'2020-12-15 07:08:09',	NULL,	NULL,	NULL,	NULL),
(2214,	21,	NULL,	NULL,	15,	1,	15,	0,	NULL,	'2020-12-15 07:08:09',	NULL,	NULL,	NULL,	NULL),
(2215,	21,	NULL,	NULL,	16,	1,	16,	0,	NULL,	'2020-12-15 07:08:09',	NULL,	NULL,	NULL,	NULL),
(2216,	21,	NULL,	NULL,	17,	1,	17,	0,	NULL,	'2020-12-15 07:08:09',	NULL,	NULL,	NULL,	NULL),
(2217,	21,	NULL,	NULL,	18,	1,	18,	0,	NULL,	'2020-12-15 07:08:09',	NULL,	NULL,	NULL,	NULL),
(2218,	21,	NULL,	NULL,	21,	1,	19,	0,	NULL,	'2020-12-15 07:08:09',	NULL,	NULL,	NULL,	NULL),
(2219,	21,	NULL,	NULL,	22,	1,	20,	0,	NULL,	'2020-12-15 07:08:09',	NULL,	NULL,	NULL,	NULL),
(2220,	21,	NULL,	NULL,	23,	1,	21,	0,	NULL,	'2020-12-15 07:08:09',	NULL,	NULL,	NULL,	NULL),
(2221,	21,	NULL,	NULL,	24,	1,	22,	1,	NULL,	'2020-12-15 07:08:09',	NULL,	NULL,	NULL,	NULL),
(2222,	21,	NULL,	NULL,	25,	1,	23,	0,	NULL,	'2020-12-15 07:08:09',	NULL,	NULL,	NULL,	NULL),
(2223,	21,	NULL,	NULL,	26,	1,	24,	0,	NULL,	'2020-12-15 07:08:09',	NULL,	NULL,	NULL,	NULL),
(2224,	21,	NULL,	NULL,	27,	1,	25,	0,	NULL,	'2020-12-15 07:08:09',	NULL,	NULL,	NULL,	NULL),
(2225,	21,	NULL,	NULL,	28,	1,	26,	0,	NULL,	'2020-12-15 07:08:09',	NULL,	NULL,	NULL,	NULL),
(2226,	21,	NULL,	NULL,	29,	1,	27,	0,	NULL,	'2020-12-15 07:08:09',	NULL,	NULL,	NULL,	NULL),
(2227,	21,	NULL,	NULL,	30,	1,	28,	0,	NULL,	'2020-12-15 07:08:09',	NULL,	NULL,	NULL,	NULL),
(2228,	21,	NULL,	NULL,	31,	1,	29,	0,	NULL,	'2020-12-15 07:08:09',	NULL,	NULL,	NULL,	NULL),
(2229,	21,	NULL,	NULL,	32,	1,	30,	0,	NULL,	'2020-12-15 07:08:09',	NULL,	NULL,	NULL,	NULL),
(2230,	21,	NULL,	NULL,	33,	1,	31,	0,	NULL,	'2020-12-15 07:08:09',	NULL,	NULL,	NULL,	NULL),
(2231,	21,	NULL,	NULL,	34,	1,	32,	0,	NULL,	'2020-12-15 07:08:09',	NULL,	NULL,	NULL,	NULL),
(2232,	21,	NULL,	NULL,	35,	1,	33,	0,	NULL,	'2020-12-15 07:08:09',	NULL,	NULL,	NULL,	NULL),
(2233,	21,	NULL,	NULL,	36,	1,	34,	0,	NULL,	'2020-12-15 07:08:09',	NULL,	NULL,	NULL,	NULL),
(2234,	21,	NULL,	NULL,	37,	1,	35,	0,	NULL,	'2020-12-15 07:08:09',	NULL,	NULL,	NULL,	NULL),
(2235,	21,	NULL,	NULL,	38,	1,	36,	0,	NULL,	'2020-12-15 07:08:09',	NULL,	NULL,	NULL,	NULL),
(2236,	21,	NULL,	NULL,	39,	1,	37,	0,	NULL,	'2020-12-15 07:08:09',	NULL,	NULL,	NULL,	NULL),
(2237,	21,	NULL,	NULL,	40,	1,	38,	0,	NULL,	'2020-12-15 07:08:09',	NULL,	NULL,	NULL,	NULL),
(2238,	21,	NULL,	NULL,	41,	1,	39,	0,	NULL,	'2020-12-15 07:08:09',	NULL,	NULL,	NULL,	NULL),
(2239,	21,	NULL,	NULL,	42,	1,	40,	0,	NULL,	'2020-12-15 07:08:09',	NULL,	NULL,	NULL,	NULL),
(2240,	21,	NULL,	NULL,	43,	1,	41,	0,	NULL,	'2020-12-15 07:08:09',	NULL,	NULL,	NULL,	NULL),
(2241,	21,	NULL,	NULL,	44,	1,	42,	0,	NULL,	'2020-12-15 07:08:09',	NULL,	NULL,	NULL,	NULL),
(2242,	21,	NULL,	NULL,	45,	1,	43,	0,	NULL,	'2020-12-15 07:08:09',	NULL,	NULL,	NULL,	NULL),
(2243,	21,	NULL,	NULL,	46,	1,	44,	0,	NULL,	'2020-12-15 07:08:09',	NULL,	NULL,	NULL,	NULL),
(2244,	21,	NULL,	NULL,	47,	1,	45,	0,	NULL,	'2020-12-15 07:08:09',	NULL,	NULL,	NULL,	NULL),
(2245,	21,	NULL,	NULL,	48,	1,	46,	0,	NULL,	'2020-12-15 07:08:09',	NULL,	NULL,	NULL,	NULL),
(2246,	21,	NULL,	NULL,	49,	1,	47,	0,	NULL,	'2020-12-15 07:08:09',	NULL,	NULL,	NULL,	NULL),
(2247,	21,	NULL,	NULL,	50,	1,	48,	0,	NULL,	'2020-12-15 07:08:09',	NULL,	NULL,	NULL,	NULL),
(2248,	21,	NULL,	NULL,	51,	1,	49,	0,	NULL,	'2020-12-15 07:08:09',	NULL,	NULL,	NULL,	NULL),
(2249,	21,	NULL,	NULL,	52,	1,	50,	0,	NULL,	'2020-12-15 07:08:09',	NULL,	NULL,	NULL,	NULL),
(2250,	21,	NULL,	NULL,	53,	1,	51,	0,	NULL,	'2020-12-15 07:08:09',	NULL,	NULL,	NULL,	NULL),
(2251,	21,	NULL,	NULL,	54,	1,	52,	0,	NULL,	'2020-12-15 07:08:09',	NULL,	NULL,	NULL,	NULL),
(2252,	21,	NULL,	NULL,	55,	1,	53,	0,	NULL,	'2020-12-15 07:08:09',	NULL,	NULL,	NULL,	NULL),
(2253,	21,	NULL,	NULL,	56,	1,	54,	0,	NULL,	'2020-12-15 07:08:09',	NULL,	NULL,	NULL,	NULL),
(2254,	21,	NULL,	NULL,	57,	1,	55,	0,	NULL,	'2020-12-15 07:08:09',	NULL,	NULL,	NULL,	NULL),
(2255,	21,	NULL,	NULL,	58,	1,	56,	0,	NULL,	'2020-12-15 07:08:09',	NULL,	NULL,	NULL,	NULL),
(2256,	21,	NULL,	NULL,	59,	1,	57,	0,	NULL,	'2020-12-15 07:08:09',	NULL,	NULL,	NULL,	NULL),
(2257,	21,	NULL,	NULL,	60,	1,	58,	0,	NULL,	'2020-12-15 07:08:09',	NULL,	NULL,	NULL,	NULL),
(2258,	21,	NULL,	NULL,	61,	1,	59,	0,	NULL,	'2020-12-15 07:08:09',	NULL,	NULL,	NULL,	NULL),
(2259,	21,	NULL,	NULL,	62,	1,	60,	0,	NULL,	'2020-12-15 07:08:10',	NULL,	NULL,	NULL,	NULL),
(2260,	21,	NULL,	NULL,	66,	1,	61,	0,	NULL,	'2020-12-15 07:08:10',	NULL,	NULL,	NULL,	NULL),
(2261,	21,	NULL,	NULL,	67,	1,	62,	0,	NULL,	'2020-12-15 07:08:10',	NULL,	NULL,	NULL,	NULL),
(2262,	21,	NULL,	NULL,	68,	1,	63,	0,	NULL,	'2020-12-15 07:08:10',	NULL,	NULL,	NULL,	NULL),
(2263,	21,	NULL,	NULL,	69,	1,	64,	0,	NULL,	'2020-12-15 07:08:10',	NULL,	NULL,	NULL,	NULL),
(2264,	21,	NULL,	NULL,	70,	1,	65,	0,	NULL,	'2020-12-15 07:08:10',	NULL,	NULL,	NULL,	NULL),
(2265,	21,	NULL,	NULL,	71,	1,	66,	0,	NULL,	'2020-12-15 07:08:10',	NULL,	NULL,	NULL,	NULL),
(2266,	21,	NULL,	NULL,	72,	1,	67,	0,	NULL,	'2020-12-15 07:08:10',	NULL,	NULL,	NULL,	NULL),
(2267,	21,	NULL,	NULL,	73,	1,	68,	0,	NULL,	'2020-12-15 07:08:10',	NULL,	NULL,	NULL,	NULL),
(2268,	21,	NULL,	NULL,	74,	1,	69,	0,	NULL,	'2020-12-15 07:08:10',	NULL,	NULL,	NULL,	NULL),
(2269,	21,	NULL,	NULL,	75,	1,	70,	0,	NULL,	'2020-12-15 07:08:10',	NULL,	NULL,	NULL,	NULL),
(2270,	21,	NULL,	NULL,	76,	1,	71,	0,	NULL,	'2020-12-15 07:08:10',	NULL,	NULL,	NULL,	NULL),
(2271,	21,	NULL,	NULL,	77,	1,	72,	0,	NULL,	'2020-12-15 07:08:10',	NULL,	NULL,	NULL,	NULL),
(2272,	21,	NULL,	NULL,	78,	1,	73,	0,	NULL,	'2020-12-15 07:08:10',	NULL,	NULL,	NULL,	NULL),
(2273,	21,	NULL,	NULL,	79,	1,	74,	0,	NULL,	'2020-12-15 07:08:10',	NULL,	NULL,	NULL,	NULL),
(2274,	21,	NULL,	NULL,	80,	1,	75,	0,	NULL,	'2020-12-15 07:08:10',	NULL,	NULL,	NULL,	NULL),
(2275,	21,	NULL,	NULL,	81,	1,	76,	0,	NULL,	'2020-12-15 07:08:10',	NULL,	NULL,	NULL,	NULL),
(2276,	21,	NULL,	NULL,	82,	1,	77,	0,	NULL,	'2020-12-15 07:08:10',	NULL,	NULL,	NULL,	NULL),
(2277,	21,	NULL,	NULL,	89,	1,	78,	0,	NULL,	'2020-12-15 07:08:10',	NULL,	NULL,	NULL,	NULL),
(2278,	21,	NULL,	NULL,	90,	1,	79,	0,	NULL,	'2020-12-15 07:08:10',	NULL,	NULL,	NULL,	NULL),
(2279,	21,	NULL,	NULL,	91,	1,	80,	0,	NULL,	'2020-12-15 07:08:10',	NULL,	NULL,	NULL,	NULL),
(2280,	21,	NULL,	NULL,	92,	1,	81,	0,	NULL,	'2020-12-15 07:08:10',	NULL,	NULL,	NULL,	NULL),
(2281,	21,	NULL,	NULL,	93,	1,	82,	0,	NULL,	'2020-12-15 07:08:10',	NULL,	NULL,	NULL,	NULL),
(2282,	21,	NULL,	NULL,	94,	1,	83,	0,	NULL,	'2020-12-15 07:08:10',	NULL,	NULL,	NULL,	NULL),
(2283,	21,	NULL,	NULL,	95,	1,	84,	0,	NULL,	'2020-12-15 07:08:10',	NULL,	NULL,	NULL,	NULL),
(2284,	21,	NULL,	NULL,	96,	1,	85,	0,	NULL,	'2020-12-15 07:08:10',	NULL,	NULL,	NULL,	NULL),
(2285,	21,	NULL,	NULL,	97,	1,	86,	0,	NULL,	'2020-12-15 07:08:10',	NULL,	NULL,	NULL,	NULL),
(2286,	21,	NULL,	NULL,	98,	1,	87,	0,	NULL,	'2020-12-15 07:08:10',	NULL,	NULL,	NULL,	NULL),
(2287,	21,	NULL,	NULL,	99,	1,	88,	0,	NULL,	'2020-12-15 07:08:10',	NULL,	NULL,	NULL,	NULL),
(2288,	21,	NULL,	NULL,	100,	1,	89,	0,	NULL,	'2020-12-15 07:08:10',	NULL,	NULL,	NULL,	NULL),
(2289,	47,	NULL,	NULL,	1,	1,	1,	1,	NULL,	'2020-12-15 07:13:14',	NULL,	NULL,	NULL,	NULL),
(2290,	47,	NULL,	NULL,	2,	1,	2,	1,	NULL,	'2020-12-15 07:13:14',	NULL,	NULL,	NULL,	NULL),
(2291,	47,	NULL,	NULL,	3,	1,	3,	1,	NULL,	'2020-12-15 07:13:14',	NULL,	NULL,	NULL,	NULL),
(2292,	47,	NULL,	NULL,	4,	1,	4,	1,	NULL,	'2020-12-15 07:13:14',	NULL,	NULL,	NULL,	NULL),
(2293,	47,	NULL,	NULL,	5,	1,	5,	1,	NULL,	'2020-12-15 07:13:14',	NULL,	NULL,	NULL,	NULL),
(2294,	47,	NULL,	NULL,	6,	1,	6,	1,	NULL,	'2020-12-15 07:13:14',	NULL,	NULL,	NULL,	NULL),
(2295,	47,	NULL,	NULL,	7,	1,	7,	1,	NULL,	'2020-12-15 07:13:14',	NULL,	NULL,	NULL,	NULL),
(2296,	47,	NULL,	NULL,	8,	1,	8,	1,	NULL,	'2020-12-15 07:13:14',	NULL,	NULL,	NULL,	NULL),
(2297,	47,	NULL,	NULL,	9,	1,	9,	0,	NULL,	'2020-12-15 07:13:14',	NULL,	NULL,	NULL,	NULL),
(2298,	47,	NULL,	NULL,	10,	1,	10,	0,	NULL,	'2020-12-15 07:13:14',	NULL,	NULL,	NULL,	NULL),
(2299,	47,	NULL,	NULL,	11,	1,	11,	0,	NULL,	'2020-12-15 07:13:14',	NULL,	NULL,	NULL,	NULL),
(2300,	47,	NULL,	NULL,	12,	1,	12,	0,	NULL,	'2020-12-15 07:13:14',	NULL,	NULL,	NULL,	NULL),
(2301,	47,	NULL,	NULL,	13,	1,	13,	0,	NULL,	'2020-12-15 07:13:14',	NULL,	NULL,	NULL,	NULL),
(2302,	47,	NULL,	NULL,	14,	1,	14,	0,	NULL,	'2020-12-15 07:13:15',	NULL,	NULL,	NULL,	NULL),
(2303,	47,	NULL,	NULL,	15,	1,	15,	0,	NULL,	'2020-12-15 07:13:15',	NULL,	NULL,	NULL,	NULL),
(2304,	47,	NULL,	NULL,	16,	1,	16,	0,	NULL,	'2020-12-15 07:13:15',	NULL,	NULL,	NULL,	NULL),
(2305,	47,	NULL,	NULL,	17,	1,	17,	0,	NULL,	'2020-12-15 07:13:15',	NULL,	NULL,	NULL,	NULL),
(2306,	47,	NULL,	NULL,	18,	1,	18,	0,	NULL,	'2020-12-15 07:13:15',	NULL,	NULL,	NULL,	NULL),
(2307,	47,	NULL,	NULL,	21,	1,	19,	0,	NULL,	'2020-12-15 07:13:15',	NULL,	NULL,	NULL,	NULL),
(2308,	47,	NULL,	NULL,	22,	1,	20,	0,	NULL,	'2020-12-15 07:13:15',	NULL,	NULL,	NULL,	NULL),
(2309,	47,	NULL,	NULL,	23,	1,	21,	0,	NULL,	'2020-12-15 07:13:15',	NULL,	NULL,	NULL,	NULL),
(2310,	47,	NULL,	NULL,	24,	1,	22,	1,	NULL,	'2020-12-15 07:13:15',	NULL,	NULL,	NULL,	NULL),
(2311,	47,	NULL,	NULL,	25,	1,	23,	0,	NULL,	'2020-12-15 07:13:15',	NULL,	NULL,	NULL,	NULL),
(2312,	47,	NULL,	NULL,	26,	1,	24,	0,	NULL,	'2020-12-15 07:13:15',	NULL,	NULL,	NULL,	NULL),
(2313,	47,	NULL,	NULL,	27,	1,	25,	0,	NULL,	'2020-12-15 07:13:15',	NULL,	NULL,	NULL,	NULL),
(2314,	47,	NULL,	NULL,	28,	1,	26,	0,	NULL,	'2020-12-15 07:13:15',	NULL,	NULL,	NULL,	NULL),
(2315,	47,	NULL,	NULL,	29,	1,	27,	0,	NULL,	'2020-12-15 07:13:15',	NULL,	NULL,	NULL,	NULL),
(2316,	47,	NULL,	NULL,	30,	1,	28,	0,	NULL,	'2020-12-15 07:13:15',	NULL,	NULL,	NULL,	NULL),
(2317,	47,	NULL,	NULL,	31,	1,	29,	0,	NULL,	'2020-12-15 07:13:15',	NULL,	NULL,	NULL,	NULL),
(2318,	47,	NULL,	NULL,	32,	1,	30,	0,	NULL,	'2020-12-15 07:13:15',	NULL,	NULL,	NULL,	NULL),
(2319,	47,	NULL,	NULL,	33,	1,	31,	0,	NULL,	'2020-12-15 07:13:15',	NULL,	NULL,	NULL,	NULL),
(2320,	47,	NULL,	NULL,	34,	1,	32,	0,	NULL,	'2020-12-15 07:13:15',	NULL,	NULL,	NULL,	NULL),
(2321,	47,	NULL,	NULL,	35,	1,	33,	0,	NULL,	'2020-12-15 07:13:15',	NULL,	NULL,	NULL,	NULL),
(2322,	47,	NULL,	NULL,	36,	1,	34,	0,	NULL,	'2020-12-15 07:13:15',	NULL,	NULL,	NULL,	NULL),
(2323,	47,	NULL,	NULL,	37,	1,	35,	0,	NULL,	'2020-12-15 07:13:15',	NULL,	NULL,	NULL,	NULL),
(2324,	47,	NULL,	NULL,	38,	1,	36,	0,	NULL,	'2020-12-15 07:13:15',	NULL,	NULL,	NULL,	NULL),
(2325,	47,	NULL,	NULL,	39,	1,	37,	0,	NULL,	'2020-12-15 07:13:15',	NULL,	NULL,	NULL,	NULL),
(2326,	47,	NULL,	NULL,	40,	1,	38,	0,	NULL,	'2020-12-15 07:13:15',	NULL,	NULL,	NULL,	NULL),
(2327,	47,	NULL,	NULL,	41,	1,	39,	0,	NULL,	'2020-12-15 07:13:15',	NULL,	NULL,	NULL,	NULL),
(2328,	47,	NULL,	NULL,	42,	1,	40,	0,	NULL,	'2020-12-15 07:13:15',	NULL,	NULL,	NULL,	NULL),
(2329,	47,	NULL,	NULL,	43,	1,	41,	0,	NULL,	'2020-12-15 07:13:15',	NULL,	NULL,	NULL,	NULL),
(2330,	47,	NULL,	NULL,	44,	1,	42,	0,	NULL,	'2020-12-15 07:13:15',	NULL,	NULL,	NULL,	NULL),
(2331,	47,	NULL,	NULL,	45,	1,	43,	0,	NULL,	'2020-12-15 07:13:15',	NULL,	NULL,	NULL,	NULL),
(2332,	47,	NULL,	NULL,	46,	1,	44,	0,	NULL,	'2020-12-15 07:13:15',	NULL,	NULL,	NULL,	NULL),
(2333,	47,	NULL,	NULL,	47,	1,	45,	0,	NULL,	'2020-12-15 07:13:15',	NULL,	NULL,	NULL,	NULL),
(2334,	47,	NULL,	NULL,	48,	1,	46,	0,	NULL,	'2020-12-15 07:13:15',	NULL,	NULL,	NULL,	NULL),
(2335,	47,	NULL,	NULL,	49,	1,	47,	0,	NULL,	'2020-12-15 07:13:15',	NULL,	NULL,	NULL,	NULL),
(2336,	47,	NULL,	NULL,	50,	1,	48,	0,	NULL,	'2020-12-15 07:13:15',	NULL,	NULL,	NULL,	NULL),
(2337,	47,	NULL,	NULL,	51,	1,	49,	0,	NULL,	'2020-12-15 07:13:15',	NULL,	NULL,	NULL,	NULL),
(2338,	47,	NULL,	NULL,	52,	1,	50,	0,	NULL,	'2020-12-15 07:13:15',	NULL,	NULL,	NULL,	NULL),
(2339,	47,	NULL,	NULL,	53,	1,	51,	0,	NULL,	'2020-12-15 07:13:15',	NULL,	NULL,	NULL,	NULL),
(2340,	47,	NULL,	NULL,	54,	1,	52,	0,	NULL,	'2020-12-15 07:13:15',	NULL,	NULL,	NULL,	NULL),
(2341,	47,	NULL,	NULL,	55,	1,	53,	0,	NULL,	'2020-12-15 07:13:15',	NULL,	NULL,	NULL,	NULL),
(2342,	47,	NULL,	NULL,	56,	1,	54,	0,	NULL,	'2020-12-15 07:13:15',	NULL,	NULL,	NULL,	NULL),
(2343,	47,	NULL,	NULL,	57,	1,	55,	0,	NULL,	'2020-12-15 07:13:15',	NULL,	NULL,	NULL,	NULL),
(2344,	47,	NULL,	NULL,	58,	1,	56,	0,	NULL,	'2020-12-15 07:13:15',	NULL,	NULL,	NULL,	NULL),
(2345,	47,	NULL,	NULL,	59,	1,	57,	0,	NULL,	'2020-12-15 07:13:15',	NULL,	NULL,	NULL,	NULL),
(2346,	47,	NULL,	NULL,	60,	1,	58,	0,	NULL,	'2020-12-15 07:13:15',	NULL,	NULL,	NULL,	NULL),
(2347,	47,	NULL,	NULL,	61,	1,	59,	0,	NULL,	'2020-12-15 07:13:15',	NULL,	NULL,	NULL,	NULL),
(2348,	47,	NULL,	NULL,	62,	1,	60,	0,	NULL,	'2020-12-15 07:13:15',	NULL,	NULL,	NULL,	NULL),
(2349,	47,	NULL,	NULL,	66,	1,	61,	0,	NULL,	'2020-12-15 07:13:15',	NULL,	NULL,	NULL,	NULL),
(2350,	47,	NULL,	NULL,	67,	1,	62,	0,	NULL,	'2020-12-15 07:13:15',	NULL,	NULL,	NULL,	NULL),
(2351,	47,	NULL,	NULL,	68,	1,	63,	0,	NULL,	'2020-12-15 07:13:15',	NULL,	NULL,	NULL,	NULL),
(2352,	47,	NULL,	NULL,	69,	1,	64,	0,	NULL,	'2020-12-15 07:13:15',	NULL,	NULL,	NULL,	NULL),
(2353,	47,	NULL,	NULL,	70,	1,	65,	0,	NULL,	'2020-12-15 07:13:15',	NULL,	NULL,	NULL,	NULL),
(2354,	47,	NULL,	NULL,	71,	1,	66,	0,	NULL,	'2020-12-15 07:13:15',	NULL,	NULL,	NULL,	NULL),
(2355,	47,	NULL,	NULL,	72,	1,	67,	0,	NULL,	'2020-12-15 07:13:15',	NULL,	NULL,	NULL,	NULL),
(2356,	47,	NULL,	NULL,	73,	1,	68,	0,	NULL,	'2020-12-15 07:13:15',	NULL,	NULL,	NULL,	NULL),
(2357,	47,	NULL,	NULL,	74,	1,	69,	0,	NULL,	'2020-12-15 07:13:15',	NULL,	NULL,	NULL,	NULL),
(2358,	47,	NULL,	NULL,	75,	1,	70,	0,	NULL,	'2020-12-15 07:13:15',	NULL,	NULL,	NULL,	NULL),
(2359,	47,	NULL,	NULL,	76,	1,	71,	0,	NULL,	'2020-12-15 07:13:15',	NULL,	NULL,	NULL,	NULL),
(2360,	47,	NULL,	NULL,	77,	1,	72,	0,	NULL,	'2020-12-15 07:13:15',	NULL,	NULL,	NULL,	NULL),
(2361,	47,	NULL,	NULL,	78,	1,	73,	0,	NULL,	'2020-12-15 07:13:15',	NULL,	NULL,	NULL,	NULL),
(2362,	47,	NULL,	NULL,	79,	1,	74,	0,	NULL,	'2020-12-15 07:13:15',	NULL,	NULL,	NULL,	NULL),
(2363,	47,	NULL,	NULL,	80,	1,	75,	0,	NULL,	'2020-12-15 07:13:15',	NULL,	NULL,	NULL,	NULL),
(2364,	47,	NULL,	NULL,	81,	1,	76,	0,	NULL,	'2020-12-15 07:13:15',	NULL,	NULL,	NULL,	NULL),
(2365,	47,	NULL,	NULL,	82,	1,	77,	0,	NULL,	'2020-12-15 07:13:15',	NULL,	NULL,	NULL,	NULL),
(2366,	47,	NULL,	NULL,	89,	1,	78,	0,	NULL,	'2020-12-15 07:13:15',	NULL,	NULL,	NULL,	NULL),
(2367,	47,	NULL,	NULL,	90,	1,	79,	0,	NULL,	'2020-12-15 07:13:15',	NULL,	NULL,	NULL,	NULL),
(2368,	47,	NULL,	NULL,	91,	1,	80,	0,	NULL,	'2020-12-15 07:13:15',	NULL,	NULL,	NULL,	NULL),
(2369,	47,	NULL,	NULL,	92,	1,	81,	0,	NULL,	'2020-12-15 07:13:15',	NULL,	NULL,	NULL,	NULL),
(2370,	47,	NULL,	NULL,	93,	1,	82,	0,	NULL,	'2020-12-15 07:13:15',	NULL,	NULL,	NULL,	NULL),
(2371,	47,	NULL,	NULL,	94,	1,	83,	0,	NULL,	'2020-12-15 07:13:15',	NULL,	NULL,	NULL,	NULL),
(2372,	47,	NULL,	NULL,	95,	1,	84,	0,	NULL,	'2020-12-15 07:13:15',	NULL,	NULL,	NULL,	NULL),
(2373,	47,	NULL,	NULL,	96,	1,	85,	0,	NULL,	'2020-12-15 07:13:15',	NULL,	NULL,	NULL,	NULL),
(2374,	47,	NULL,	NULL,	97,	1,	86,	0,	NULL,	'2020-12-15 07:13:15',	NULL,	NULL,	NULL,	NULL),
(2375,	47,	NULL,	NULL,	98,	1,	87,	0,	NULL,	'2020-12-15 07:13:15',	NULL,	NULL,	NULL,	NULL),
(2376,	47,	NULL,	NULL,	99,	1,	88,	0,	NULL,	'2020-12-15 07:13:15',	NULL,	NULL,	NULL,	NULL),
(2377,	47,	NULL,	NULL,	100,	1,	89,	0,	NULL,	'2020-12-15 07:13:15',	NULL,	NULL,	NULL,	NULL),
(2378,	46,	NULL,	NULL,	1,	1,	1,	1,	NULL,	'2020-12-15 07:14:26',	NULL,	NULL,	NULL,	NULL),
(2379,	46,	NULL,	NULL,	2,	1,	2,	1,	NULL,	'2020-12-15 07:14:26',	NULL,	NULL,	NULL,	NULL),
(2380,	46,	NULL,	NULL,	3,	1,	3,	1,	NULL,	'2020-12-15 07:14:26',	NULL,	NULL,	NULL,	NULL),
(2381,	46,	NULL,	NULL,	4,	1,	4,	1,	NULL,	'2020-12-15 07:14:26',	NULL,	NULL,	NULL,	NULL),
(2382,	46,	NULL,	NULL,	5,	1,	5,	1,	NULL,	'2020-12-15 07:14:26',	NULL,	NULL,	NULL,	NULL),
(2383,	46,	NULL,	NULL,	6,	1,	6,	1,	NULL,	'2020-12-15 07:14:26',	NULL,	NULL,	NULL,	NULL),
(2384,	46,	NULL,	NULL,	7,	1,	7,	1,	NULL,	'2020-12-15 07:14:26',	NULL,	NULL,	NULL,	NULL),
(2385,	46,	NULL,	NULL,	8,	1,	8,	1,	NULL,	'2020-12-15 07:14:26',	NULL,	NULL,	NULL,	NULL),
(2386,	46,	NULL,	NULL,	9,	1,	9,	0,	NULL,	'2020-12-15 07:14:26',	NULL,	NULL,	NULL,	NULL),
(2387,	46,	NULL,	NULL,	10,	1,	10,	0,	NULL,	'2020-12-15 07:14:26',	NULL,	NULL,	NULL,	NULL),
(2388,	46,	NULL,	NULL,	11,	1,	11,	0,	NULL,	'2020-12-15 07:14:26',	NULL,	NULL,	NULL,	NULL),
(2389,	46,	NULL,	NULL,	12,	1,	12,	0,	NULL,	'2020-12-15 07:14:26',	NULL,	NULL,	NULL,	NULL),
(2390,	46,	NULL,	NULL,	13,	1,	13,	0,	NULL,	'2020-12-15 07:14:26',	NULL,	NULL,	NULL,	NULL),
(2391,	46,	NULL,	NULL,	14,	1,	14,	0,	NULL,	'2020-12-15 07:14:26',	NULL,	NULL,	NULL,	NULL),
(2392,	46,	NULL,	NULL,	15,	1,	15,	0,	NULL,	'2020-12-15 07:14:26',	NULL,	NULL,	NULL,	NULL),
(2393,	46,	NULL,	NULL,	16,	1,	16,	0,	NULL,	'2020-12-15 07:14:26',	NULL,	NULL,	NULL,	NULL),
(2394,	46,	NULL,	NULL,	17,	1,	17,	0,	NULL,	'2020-12-15 07:14:26',	NULL,	NULL,	NULL,	NULL),
(2395,	46,	NULL,	NULL,	18,	1,	18,	0,	NULL,	'2020-12-15 07:14:26',	NULL,	NULL,	NULL,	NULL),
(2396,	46,	NULL,	NULL,	21,	1,	19,	0,	NULL,	'2020-12-15 07:14:26',	NULL,	NULL,	NULL,	NULL),
(2397,	46,	NULL,	NULL,	22,	1,	20,	0,	NULL,	'2020-12-15 07:14:26',	NULL,	NULL,	NULL,	NULL),
(2398,	46,	NULL,	NULL,	23,	1,	21,	0,	NULL,	'2020-12-15 07:14:26',	NULL,	NULL,	NULL,	NULL),
(2399,	46,	NULL,	NULL,	24,	1,	22,	1,	NULL,	'2020-12-15 07:14:26',	NULL,	NULL,	NULL,	NULL),
(2400,	46,	NULL,	NULL,	25,	1,	23,	0,	NULL,	'2020-12-15 07:14:26',	NULL,	NULL,	NULL,	NULL),
(2401,	46,	NULL,	NULL,	26,	1,	24,	0,	NULL,	'2020-12-15 07:14:26',	NULL,	NULL,	NULL,	NULL),
(2402,	46,	NULL,	NULL,	27,	1,	25,	0,	NULL,	'2020-12-15 07:14:26',	NULL,	NULL,	NULL,	NULL),
(2403,	46,	NULL,	NULL,	28,	1,	26,	0,	NULL,	'2020-12-15 07:14:26',	NULL,	NULL,	NULL,	NULL),
(2404,	46,	NULL,	NULL,	29,	1,	27,	0,	NULL,	'2020-12-15 07:14:26',	NULL,	NULL,	NULL,	NULL),
(2405,	46,	NULL,	NULL,	30,	1,	28,	0,	NULL,	'2020-12-15 07:14:26',	NULL,	NULL,	NULL,	NULL),
(2406,	46,	NULL,	NULL,	31,	1,	29,	0,	NULL,	'2020-12-15 07:14:26',	NULL,	NULL,	NULL,	NULL),
(2407,	46,	NULL,	NULL,	32,	1,	30,	0,	NULL,	'2020-12-15 07:14:26',	NULL,	NULL,	NULL,	NULL),
(2408,	46,	NULL,	NULL,	33,	1,	31,	0,	NULL,	'2020-12-15 07:14:26',	NULL,	NULL,	NULL,	NULL),
(2409,	46,	NULL,	NULL,	34,	1,	32,	0,	NULL,	'2020-12-15 07:14:26',	NULL,	NULL,	NULL,	NULL),
(2410,	46,	NULL,	NULL,	35,	1,	33,	0,	NULL,	'2020-12-15 07:14:26',	NULL,	NULL,	NULL,	NULL),
(2411,	46,	NULL,	NULL,	36,	1,	34,	0,	NULL,	'2020-12-15 07:14:26',	NULL,	NULL,	NULL,	NULL),
(2412,	46,	NULL,	NULL,	37,	1,	35,	0,	NULL,	'2020-12-15 07:14:26',	NULL,	NULL,	NULL,	NULL),
(2413,	46,	NULL,	NULL,	38,	1,	36,	0,	NULL,	'2020-12-15 07:14:26',	NULL,	NULL,	NULL,	NULL),
(2414,	46,	NULL,	NULL,	39,	1,	37,	0,	NULL,	'2020-12-15 07:14:26',	NULL,	NULL,	NULL,	NULL),
(2415,	46,	NULL,	NULL,	40,	1,	38,	0,	NULL,	'2020-12-15 07:14:26',	NULL,	NULL,	NULL,	NULL),
(2416,	46,	NULL,	NULL,	41,	1,	39,	0,	NULL,	'2020-12-15 07:14:26',	NULL,	NULL,	NULL,	NULL),
(2417,	46,	NULL,	NULL,	42,	1,	40,	0,	NULL,	'2020-12-15 07:14:26',	NULL,	NULL,	NULL,	NULL),
(2418,	46,	NULL,	NULL,	43,	1,	41,	0,	NULL,	'2020-12-15 07:14:26',	NULL,	NULL,	NULL,	NULL),
(2419,	46,	NULL,	NULL,	44,	1,	42,	0,	NULL,	'2020-12-15 07:14:26',	NULL,	NULL,	NULL,	NULL),
(2420,	46,	NULL,	NULL,	45,	1,	43,	0,	NULL,	'2020-12-15 07:14:26',	NULL,	NULL,	NULL,	NULL),
(2421,	46,	NULL,	NULL,	46,	1,	44,	0,	NULL,	'2020-12-15 07:14:26',	NULL,	NULL,	NULL,	NULL),
(2422,	46,	NULL,	NULL,	47,	1,	45,	0,	NULL,	'2020-12-15 07:14:26',	NULL,	NULL,	NULL,	NULL),
(2423,	46,	NULL,	NULL,	48,	1,	46,	0,	NULL,	'2020-12-15 07:14:26',	NULL,	NULL,	NULL,	NULL),
(2424,	46,	NULL,	NULL,	49,	1,	47,	0,	NULL,	'2020-12-15 07:14:26',	NULL,	NULL,	NULL,	NULL),
(2425,	46,	NULL,	NULL,	50,	1,	48,	0,	NULL,	'2020-12-15 07:14:26',	NULL,	NULL,	NULL,	NULL),
(2426,	46,	NULL,	NULL,	51,	1,	49,	0,	NULL,	'2020-12-15 07:14:26',	NULL,	NULL,	NULL,	NULL),
(2427,	46,	NULL,	NULL,	52,	1,	50,	0,	NULL,	'2020-12-15 07:14:26',	NULL,	NULL,	NULL,	NULL),
(2428,	46,	NULL,	NULL,	53,	1,	51,	0,	NULL,	'2020-12-15 07:14:26',	NULL,	NULL,	NULL,	NULL),
(2429,	46,	NULL,	NULL,	54,	1,	52,	0,	NULL,	'2020-12-15 07:14:26',	NULL,	NULL,	NULL,	NULL),
(2430,	46,	NULL,	NULL,	55,	1,	53,	0,	NULL,	'2020-12-15 07:14:26',	NULL,	NULL,	NULL,	NULL),
(2431,	46,	NULL,	NULL,	56,	1,	54,	0,	NULL,	'2020-12-15 07:14:26',	NULL,	NULL,	NULL,	NULL),
(2432,	46,	NULL,	NULL,	57,	1,	55,	0,	NULL,	'2020-12-15 07:14:26',	NULL,	NULL,	NULL,	NULL),
(2433,	46,	NULL,	NULL,	58,	1,	56,	0,	NULL,	'2020-12-15 07:14:26',	NULL,	NULL,	NULL,	NULL),
(2434,	46,	NULL,	NULL,	59,	1,	57,	0,	NULL,	'2020-12-15 07:14:26',	NULL,	NULL,	NULL,	NULL),
(2435,	46,	NULL,	NULL,	60,	1,	58,	0,	NULL,	'2020-12-15 07:14:26',	NULL,	NULL,	NULL,	NULL),
(2436,	46,	NULL,	NULL,	61,	1,	59,	0,	NULL,	'2020-12-15 07:14:26',	NULL,	NULL,	NULL,	NULL),
(2437,	46,	NULL,	NULL,	62,	1,	60,	0,	NULL,	'2020-12-15 07:14:26',	NULL,	NULL,	NULL,	NULL),
(2438,	46,	NULL,	NULL,	66,	1,	61,	0,	NULL,	'2020-12-15 07:14:26',	NULL,	NULL,	NULL,	NULL),
(2439,	46,	NULL,	NULL,	67,	1,	62,	0,	NULL,	'2020-12-15 07:14:26',	NULL,	NULL,	NULL,	NULL),
(2440,	46,	NULL,	NULL,	68,	1,	63,	0,	NULL,	'2020-12-15 07:14:26',	NULL,	NULL,	NULL,	NULL),
(2441,	46,	NULL,	NULL,	69,	1,	64,	0,	NULL,	'2020-12-15 07:14:26',	NULL,	NULL,	NULL,	NULL),
(2442,	46,	NULL,	NULL,	70,	1,	65,	0,	NULL,	'2020-12-15 07:14:26',	NULL,	NULL,	NULL,	NULL),
(2443,	46,	NULL,	NULL,	71,	1,	66,	0,	NULL,	'2020-12-15 07:14:26',	NULL,	NULL,	NULL,	NULL),
(2444,	46,	NULL,	NULL,	72,	1,	67,	0,	NULL,	'2020-12-15 07:14:26',	NULL,	NULL,	NULL,	NULL),
(2445,	46,	NULL,	NULL,	73,	1,	68,	0,	NULL,	'2020-12-15 07:14:26',	NULL,	NULL,	NULL,	NULL),
(2446,	46,	NULL,	NULL,	74,	1,	69,	0,	NULL,	'2020-12-15 07:14:26',	NULL,	NULL,	NULL,	NULL),
(2447,	46,	NULL,	NULL,	75,	1,	70,	0,	NULL,	'2020-12-15 07:14:26',	NULL,	NULL,	NULL,	NULL),
(2448,	46,	NULL,	NULL,	76,	1,	71,	0,	NULL,	'2020-12-15 07:14:26',	NULL,	NULL,	NULL,	NULL),
(2449,	46,	NULL,	NULL,	77,	1,	72,	0,	NULL,	'2020-12-15 07:14:26',	NULL,	NULL,	NULL,	NULL),
(2450,	46,	NULL,	NULL,	78,	1,	73,	0,	NULL,	'2020-12-15 07:14:26',	NULL,	NULL,	NULL,	NULL),
(2451,	46,	NULL,	NULL,	79,	1,	74,	0,	NULL,	'2020-12-15 07:14:26',	NULL,	NULL,	NULL,	NULL),
(2452,	46,	NULL,	NULL,	80,	1,	75,	0,	NULL,	'2020-12-15 07:14:26',	NULL,	NULL,	NULL,	NULL),
(2453,	46,	NULL,	NULL,	81,	1,	76,	0,	NULL,	'2020-12-15 07:14:26',	NULL,	NULL,	NULL,	NULL),
(2454,	46,	NULL,	NULL,	82,	1,	77,	0,	NULL,	'2020-12-15 07:14:26',	NULL,	NULL,	NULL,	NULL),
(2455,	46,	NULL,	NULL,	89,	1,	78,	0,	NULL,	'2020-12-15 07:14:26',	NULL,	NULL,	NULL,	NULL),
(2456,	46,	NULL,	NULL,	90,	1,	79,	0,	NULL,	'2020-12-15 07:14:26',	NULL,	NULL,	NULL,	NULL),
(2457,	46,	NULL,	NULL,	91,	1,	80,	0,	NULL,	'2020-12-15 07:14:26',	NULL,	NULL,	NULL,	NULL),
(2458,	46,	NULL,	NULL,	92,	1,	81,	0,	NULL,	'2020-12-15 07:14:26',	NULL,	NULL,	NULL,	NULL),
(2459,	46,	NULL,	NULL,	93,	1,	82,	0,	NULL,	'2020-12-15 07:14:26',	NULL,	NULL,	NULL,	NULL),
(2460,	46,	NULL,	NULL,	94,	1,	83,	0,	NULL,	'2020-12-15 07:14:26',	NULL,	NULL,	NULL,	NULL),
(2461,	46,	NULL,	NULL,	95,	1,	84,	0,	NULL,	'2020-12-15 07:14:26',	NULL,	NULL,	NULL,	NULL),
(2462,	46,	NULL,	NULL,	96,	1,	85,	0,	NULL,	'2020-12-15 07:14:26',	NULL,	NULL,	NULL,	NULL),
(2463,	46,	NULL,	NULL,	97,	1,	86,	0,	NULL,	'2020-12-15 07:14:26',	NULL,	NULL,	NULL,	NULL),
(2464,	46,	NULL,	NULL,	98,	1,	87,	0,	NULL,	'2020-12-15 07:14:26',	NULL,	NULL,	NULL,	NULL),
(2465,	46,	NULL,	NULL,	99,	1,	88,	0,	NULL,	'2020-12-15 07:14:26',	NULL,	NULL,	NULL,	NULL),
(2466,	46,	NULL,	NULL,	100,	1,	89,	0,	NULL,	'2020-12-15 07:14:26',	NULL,	NULL,	NULL,	NULL),
(2467,	18,	NULL,	NULL,	1,	1,	1,	1,	NULL,	'2020-12-15 07:15:07',	NULL,	NULL,	NULL,	NULL),
(2468,	18,	NULL,	NULL,	2,	1,	2,	1,	NULL,	'2020-12-15 07:15:07',	NULL,	NULL,	NULL,	NULL),
(2469,	18,	NULL,	NULL,	3,	1,	3,	1,	NULL,	'2020-12-15 07:15:07',	NULL,	NULL,	NULL,	NULL),
(2470,	18,	NULL,	NULL,	4,	1,	4,	1,	NULL,	'2020-12-15 07:15:07',	NULL,	NULL,	NULL,	NULL),
(2471,	18,	NULL,	NULL,	5,	1,	5,	1,	NULL,	'2020-12-15 07:15:07',	NULL,	NULL,	NULL,	NULL),
(2472,	18,	NULL,	NULL,	6,	1,	6,	1,	NULL,	'2020-12-15 07:15:07',	NULL,	NULL,	NULL,	NULL),
(2473,	18,	NULL,	NULL,	7,	1,	7,	1,	NULL,	'2020-12-15 07:15:07',	NULL,	NULL,	NULL,	NULL),
(2474,	18,	NULL,	NULL,	8,	1,	8,	1,	NULL,	'2020-12-15 07:15:07',	NULL,	NULL,	NULL,	NULL),
(2475,	18,	NULL,	NULL,	9,	1,	9,	0,	NULL,	'2020-12-15 07:15:07',	NULL,	NULL,	NULL,	NULL),
(2476,	18,	NULL,	NULL,	10,	1,	10,	0,	NULL,	'2020-12-15 07:15:07',	NULL,	NULL,	NULL,	NULL),
(2477,	18,	NULL,	NULL,	11,	1,	11,	0,	NULL,	'2020-12-15 07:15:07',	NULL,	NULL,	NULL,	NULL),
(2478,	18,	NULL,	NULL,	12,	1,	12,	0,	NULL,	'2020-12-15 07:15:07',	NULL,	NULL,	NULL,	NULL),
(2479,	18,	NULL,	NULL,	13,	1,	13,	0,	NULL,	'2020-12-15 07:15:07',	NULL,	NULL,	NULL,	NULL),
(2480,	18,	NULL,	NULL,	14,	1,	14,	0,	NULL,	'2020-12-15 07:15:07',	NULL,	NULL,	NULL,	NULL),
(2481,	18,	NULL,	NULL,	15,	1,	15,	0,	NULL,	'2020-12-15 07:15:07',	NULL,	NULL,	NULL,	NULL),
(2482,	18,	NULL,	NULL,	16,	1,	16,	0,	NULL,	'2020-12-15 07:15:07',	NULL,	NULL,	NULL,	NULL),
(2483,	18,	NULL,	NULL,	17,	1,	17,	0,	NULL,	'2020-12-15 07:15:07',	NULL,	NULL,	NULL,	NULL),
(2484,	18,	NULL,	NULL,	18,	1,	18,	0,	NULL,	'2020-12-15 07:15:07',	NULL,	NULL,	NULL,	NULL),
(2485,	18,	NULL,	NULL,	21,	1,	19,	0,	NULL,	'2020-12-15 07:15:07',	NULL,	NULL,	NULL,	NULL),
(2486,	18,	NULL,	NULL,	22,	1,	20,	0,	NULL,	'2020-12-15 07:15:07',	NULL,	NULL,	NULL,	NULL),
(2487,	18,	NULL,	NULL,	23,	1,	21,	0,	NULL,	'2020-12-15 07:15:07',	NULL,	NULL,	NULL,	NULL),
(2488,	18,	NULL,	NULL,	24,	1,	22,	1,	NULL,	'2020-12-15 07:15:07',	NULL,	NULL,	NULL,	NULL),
(2489,	18,	NULL,	NULL,	25,	1,	23,	0,	NULL,	'2020-12-15 07:15:07',	NULL,	NULL,	NULL,	NULL),
(2490,	18,	NULL,	NULL,	26,	1,	24,	0,	NULL,	'2020-12-15 07:15:07',	NULL,	NULL,	NULL,	NULL),
(2491,	18,	NULL,	NULL,	27,	1,	25,	0,	NULL,	'2020-12-15 07:15:07',	NULL,	NULL,	NULL,	NULL),
(2492,	18,	NULL,	NULL,	28,	1,	26,	0,	NULL,	'2020-12-15 07:15:07',	NULL,	NULL,	NULL,	NULL),
(2493,	18,	NULL,	NULL,	29,	1,	27,	0,	NULL,	'2020-12-15 07:15:07',	NULL,	NULL,	NULL,	NULL),
(2494,	18,	NULL,	NULL,	30,	1,	28,	0,	NULL,	'2020-12-15 07:15:07',	NULL,	NULL,	NULL,	NULL),
(2495,	18,	NULL,	NULL,	31,	1,	29,	0,	NULL,	'2020-12-15 07:15:07',	NULL,	NULL,	NULL,	NULL),
(2496,	18,	NULL,	NULL,	32,	1,	30,	0,	NULL,	'2020-12-15 07:15:07',	NULL,	NULL,	NULL,	NULL),
(2497,	18,	NULL,	NULL,	33,	1,	31,	0,	NULL,	'2020-12-15 07:15:07',	NULL,	NULL,	NULL,	NULL),
(2498,	18,	NULL,	NULL,	34,	1,	32,	0,	NULL,	'2020-12-15 07:15:07',	NULL,	NULL,	NULL,	NULL),
(2499,	18,	NULL,	NULL,	35,	1,	33,	0,	NULL,	'2020-12-15 07:15:07',	NULL,	NULL,	NULL,	NULL),
(2500,	18,	NULL,	NULL,	36,	1,	34,	0,	NULL,	'2020-12-15 07:15:07',	NULL,	NULL,	NULL,	NULL),
(2501,	18,	NULL,	NULL,	37,	1,	35,	0,	NULL,	'2020-12-15 07:15:07',	NULL,	NULL,	NULL,	NULL),
(2502,	18,	NULL,	NULL,	38,	1,	36,	0,	NULL,	'2020-12-15 07:15:07',	NULL,	NULL,	NULL,	NULL),
(2503,	18,	NULL,	NULL,	39,	1,	37,	0,	NULL,	'2020-12-15 07:15:07',	NULL,	NULL,	NULL,	NULL),
(2504,	18,	NULL,	NULL,	40,	1,	38,	0,	NULL,	'2020-12-15 07:15:07',	NULL,	NULL,	NULL,	NULL),
(2505,	18,	NULL,	NULL,	41,	1,	39,	0,	NULL,	'2020-12-15 07:15:07',	NULL,	NULL,	NULL,	NULL),
(2506,	18,	NULL,	NULL,	42,	1,	40,	0,	NULL,	'2020-12-15 07:15:07',	NULL,	NULL,	NULL,	NULL),
(2507,	18,	NULL,	NULL,	43,	1,	41,	0,	NULL,	'2020-12-15 07:15:07',	NULL,	NULL,	NULL,	NULL),
(2508,	18,	NULL,	NULL,	44,	1,	42,	0,	NULL,	'2020-12-15 07:15:07',	NULL,	NULL,	NULL,	NULL),
(2509,	18,	NULL,	NULL,	45,	1,	43,	0,	NULL,	'2020-12-15 07:15:07',	NULL,	NULL,	NULL,	NULL),
(2510,	18,	NULL,	NULL,	46,	1,	44,	0,	NULL,	'2020-12-15 07:15:07',	NULL,	NULL,	NULL,	NULL),
(2511,	18,	NULL,	NULL,	47,	1,	45,	0,	NULL,	'2020-12-15 07:15:07',	NULL,	NULL,	NULL,	NULL),
(2512,	18,	NULL,	NULL,	48,	1,	46,	0,	NULL,	'2020-12-15 07:15:07',	NULL,	NULL,	NULL,	NULL),
(2513,	18,	NULL,	NULL,	49,	1,	47,	0,	NULL,	'2020-12-15 07:15:07',	NULL,	NULL,	NULL,	NULL),
(2514,	18,	NULL,	NULL,	50,	1,	48,	0,	NULL,	'2020-12-15 07:15:07',	NULL,	NULL,	NULL,	NULL),
(2515,	18,	NULL,	NULL,	51,	1,	49,	0,	NULL,	'2020-12-15 07:15:07',	NULL,	NULL,	NULL,	NULL),
(2516,	18,	NULL,	NULL,	52,	1,	50,	0,	NULL,	'2020-12-15 07:15:07',	NULL,	NULL,	NULL,	NULL),
(2517,	18,	NULL,	NULL,	53,	1,	51,	0,	NULL,	'2020-12-15 07:15:07',	NULL,	NULL,	NULL,	NULL),
(2518,	18,	NULL,	NULL,	54,	1,	52,	0,	NULL,	'2020-12-15 07:15:07',	NULL,	NULL,	NULL,	NULL),
(2519,	18,	NULL,	NULL,	55,	1,	53,	0,	NULL,	'2020-12-15 07:15:07',	NULL,	NULL,	NULL,	NULL),
(2520,	18,	NULL,	NULL,	56,	1,	54,	0,	NULL,	'2020-12-15 07:15:07',	NULL,	NULL,	NULL,	NULL),
(2521,	18,	NULL,	NULL,	57,	1,	55,	0,	NULL,	'2020-12-15 07:15:07',	NULL,	NULL,	NULL,	NULL),
(2522,	18,	NULL,	NULL,	58,	1,	56,	0,	NULL,	'2020-12-15 07:15:07',	NULL,	NULL,	NULL,	NULL),
(2523,	18,	NULL,	NULL,	59,	1,	57,	0,	NULL,	'2020-12-15 07:15:07',	NULL,	NULL,	NULL,	NULL),
(2524,	18,	NULL,	NULL,	60,	1,	58,	0,	NULL,	'2020-12-15 07:15:07',	NULL,	NULL,	NULL,	NULL),
(2525,	18,	NULL,	NULL,	61,	1,	59,	0,	NULL,	'2020-12-15 07:15:07',	NULL,	NULL,	NULL,	NULL),
(2526,	18,	NULL,	NULL,	62,	1,	60,	0,	NULL,	'2020-12-15 07:15:07',	NULL,	NULL,	NULL,	NULL),
(2527,	18,	NULL,	NULL,	66,	1,	61,	0,	NULL,	'2020-12-15 07:15:07',	NULL,	NULL,	NULL,	NULL),
(2528,	18,	NULL,	NULL,	67,	1,	62,	0,	NULL,	'2020-12-15 07:15:07',	NULL,	NULL,	NULL,	NULL),
(2529,	18,	NULL,	NULL,	68,	1,	63,	0,	NULL,	'2020-12-15 07:15:07',	NULL,	NULL,	NULL,	NULL),
(2530,	18,	NULL,	NULL,	69,	1,	64,	0,	NULL,	'2020-12-15 07:15:07',	NULL,	NULL,	NULL,	NULL),
(2531,	18,	NULL,	NULL,	70,	1,	65,	0,	NULL,	'2020-12-15 07:15:07',	NULL,	NULL,	NULL,	NULL),
(2532,	18,	NULL,	NULL,	71,	1,	66,	0,	NULL,	'2020-12-15 07:15:07',	NULL,	NULL,	NULL,	NULL),
(2533,	18,	NULL,	NULL,	72,	1,	67,	0,	NULL,	'2020-12-15 07:15:07',	NULL,	NULL,	NULL,	NULL),
(2534,	18,	NULL,	NULL,	73,	1,	68,	0,	NULL,	'2020-12-15 07:15:07',	NULL,	NULL,	NULL,	NULL),
(2535,	18,	NULL,	NULL,	74,	1,	69,	0,	NULL,	'2020-12-15 07:15:07',	NULL,	NULL,	NULL,	NULL),
(2536,	18,	NULL,	NULL,	75,	1,	70,	0,	NULL,	'2020-12-15 07:15:07',	NULL,	NULL,	NULL,	NULL),
(2537,	18,	NULL,	NULL,	76,	1,	71,	0,	NULL,	'2020-12-15 07:15:07',	NULL,	NULL,	NULL,	NULL),
(2538,	18,	NULL,	NULL,	77,	1,	72,	0,	NULL,	'2020-12-15 07:15:07',	NULL,	NULL,	NULL,	NULL),
(2539,	18,	NULL,	NULL,	78,	1,	73,	0,	NULL,	'2020-12-15 07:15:07',	NULL,	NULL,	NULL,	NULL),
(2540,	18,	NULL,	NULL,	79,	1,	74,	0,	NULL,	'2020-12-15 07:15:07',	NULL,	NULL,	NULL,	NULL),
(2541,	18,	NULL,	NULL,	80,	1,	75,	0,	NULL,	'2020-12-15 07:15:07',	NULL,	NULL,	NULL,	NULL),
(2542,	18,	NULL,	NULL,	81,	1,	76,	0,	NULL,	'2020-12-15 07:15:07',	NULL,	NULL,	NULL,	NULL),
(2543,	18,	NULL,	NULL,	82,	1,	77,	0,	NULL,	'2020-12-15 07:15:07',	NULL,	NULL,	NULL,	NULL),
(2544,	18,	NULL,	NULL,	89,	1,	78,	0,	NULL,	'2020-12-15 07:15:07',	NULL,	NULL,	NULL,	NULL),
(2545,	18,	NULL,	NULL,	90,	1,	79,	0,	NULL,	'2020-12-15 07:15:07',	NULL,	NULL,	NULL,	NULL),
(2546,	18,	NULL,	NULL,	91,	1,	80,	0,	NULL,	'2020-12-15 07:15:07',	NULL,	NULL,	NULL,	NULL),
(2547,	18,	NULL,	NULL,	92,	1,	81,	0,	NULL,	'2020-12-15 07:15:07',	NULL,	NULL,	NULL,	NULL),
(2548,	18,	NULL,	NULL,	93,	1,	82,	0,	NULL,	'2020-12-15 07:15:07',	NULL,	NULL,	NULL,	NULL),
(2549,	18,	NULL,	NULL,	94,	1,	83,	0,	NULL,	'2020-12-15 07:15:07',	NULL,	NULL,	NULL,	NULL),
(2550,	18,	NULL,	NULL,	95,	1,	84,	0,	NULL,	'2020-12-15 07:15:07',	NULL,	NULL,	NULL,	NULL),
(2551,	18,	NULL,	NULL,	96,	1,	85,	0,	NULL,	'2020-12-15 07:15:07',	NULL,	NULL,	NULL,	NULL),
(2552,	18,	NULL,	NULL,	97,	1,	86,	0,	NULL,	'2020-12-15 07:15:07',	NULL,	NULL,	NULL,	NULL),
(2553,	18,	NULL,	NULL,	98,	1,	87,	0,	NULL,	'2020-12-15 07:15:07',	NULL,	NULL,	NULL,	NULL),
(2554,	18,	NULL,	NULL,	99,	1,	88,	0,	NULL,	'2020-12-15 07:15:07',	NULL,	NULL,	NULL,	NULL),
(2555,	18,	NULL,	NULL,	100,	1,	89,	0,	NULL,	'2020-12-15 07:15:07',	NULL,	NULL,	NULL,	NULL),
(2556,	40,	NULL,	NULL,	1,	1,	1,	1,	NULL,	'2020-12-15 07:39:15',	NULL,	NULL,	NULL,	NULL),
(2557,	40,	NULL,	NULL,	2,	1,	2,	1,	NULL,	'2020-12-15 07:39:15',	NULL,	NULL,	NULL,	NULL),
(2558,	40,	NULL,	NULL,	3,	1,	3,	1,	NULL,	'2020-12-15 07:39:15',	NULL,	NULL,	NULL,	NULL),
(2559,	40,	NULL,	NULL,	4,	1,	4,	1,	NULL,	'2020-12-15 07:39:15',	NULL,	NULL,	NULL,	NULL),
(2560,	40,	NULL,	NULL,	5,	1,	5,	1,	NULL,	'2020-12-15 07:39:15',	NULL,	NULL,	NULL,	NULL),
(2561,	40,	NULL,	NULL,	6,	1,	6,	1,	NULL,	'2020-12-15 07:39:15',	NULL,	NULL,	NULL,	NULL),
(2562,	40,	NULL,	NULL,	7,	1,	7,	1,	NULL,	'2020-12-15 07:39:15',	NULL,	NULL,	NULL,	NULL),
(2563,	40,	NULL,	NULL,	8,	1,	8,	1,	NULL,	'2020-12-15 07:39:15',	NULL,	NULL,	NULL,	NULL),
(2564,	40,	NULL,	NULL,	9,	1,	9,	0,	NULL,	'2020-12-15 07:39:15',	NULL,	NULL,	NULL,	NULL),
(2565,	40,	NULL,	NULL,	10,	1,	10,	0,	NULL,	'2020-12-15 07:39:15',	NULL,	NULL,	NULL,	NULL),
(2566,	40,	NULL,	NULL,	11,	1,	11,	0,	NULL,	'2020-12-15 07:39:15',	NULL,	NULL,	NULL,	NULL),
(2567,	40,	NULL,	NULL,	12,	1,	12,	0,	NULL,	'2020-12-15 07:39:15',	NULL,	NULL,	NULL,	NULL),
(2568,	40,	NULL,	NULL,	13,	1,	13,	0,	NULL,	'2020-12-15 07:39:15',	NULL,	NULL,	NULL,	NULL),
(2569,	40,	NULL,	NULL,	14,	1,	14,	0,	NULL,	'2020-12-15 07:39:15',	NULL,	NULL,	NULL,	NULL),
(2570,	40,	NULL,	NULL,	15,	1,	15,	0,	NULL,	'2020-12-15 07:39:15',	NULL,	NULL,	NULL,	NULL),
(2571,	40,	NULL,	NULL,	16,	1,	16,	0,	NULL,	'2020-12-15 07:39:15',	NULL,	NULL,	NULL,	NULL),
(2572,	40,	NULL,	NULL,	17,	1,	17,	0,	NULL,	'2020-12-15 07:39:15',	NULL,	NULL,	NULL,	NULL),
(2573,	40,	NULL,	NULL,	18,	1,	18,	0,	NULL,	'2020-12-15 07:39:15',	NULL,	NULL,	NULL,	NULL),
(2574,	40,	NULL,	NULL,	21,	1,	19,	0,	NULL,	'2020-12-15 07:39:15',	NULL,	NULL,	NULL,	NULL),
(2575,	40,	NULL,	NULL,	22,	1,	20,	0,	NULL,	'2020-12-15 07:39:15',	NULL,	NULL,	NULL,	NULL),
(2576,	40,	NULL,	NULL,	23,	1,	21,	0,	NULL,	'2020-12-15 07:39:15',	NULL,	NULL,	NULL,	NULL),
(2577,	40,	NULL,	NULL,	24,	1,	22,	1,	NULL,	'2020-12-15 07:39:15',	NULL,	NULL,	NULL,	NULL),
(2578,	40,	NULL,	NULL,	25,	1,	23,	0,	NULL,	'2020-12-15 07:39:15',	NULL,	NULL,	NULL,	NULL),
(2579,	40,	NULL,	NULL,	26,	1,	24,	0,	NULL,	'2020-12-15 07:39:15',	NULL,	NULL,	NULL,	NULL),
(2580,	40,	NULL,	NULL,	27,	1,	25,	0,	NULL,	'2020-12-15 07:39:15',	NULL,	NULL,	NULL,	NULL),
(2581,	40,	NULL,	NULL,	28,	1,	26,	0,	NULL,	'2020-12-15 07:39:15',	NULL,	NULL,	NULL,	NULL),
(2582,	40,	NULL,	NULL,	29,	1,	27,	0,	NULL,	'2020-12-15 07:39:15',	NULL,	NULL,	NULL,	NULL),
(2583,	40,	NULL,	NULL,	30,	1,	28,	0,	NULL,	'2020-12-15 07:39:15',	NULL,	NULL,	NULL,	NULL),
(2584,	40,	NULL,	NULL,	31,	1,	29,	0,	NULL,	'2020-12-15 07:39:15',	NULL,	NULL,	NULL,	NULL),
(2585,	40,	NULL,	NULL,	32,	1,	30,	0,	NULL,	'2020-12-15 07:39:15',	NULL,	NULL,	NULL,	NULL),
(2586,	40,	NULL,	NULL,	33,	1,	31,	0,	NULL,	'2020-12-15 07:39:15',	NULL,	NULL,	NULL,	NULL),
(2587,	40,	NULL,	NULL,	34,	1,	32,	0,	NULL,	'2020-12-15 07:39:15',	NULL,	NULL,	NULL,	NULL),
(2588,	40,	NULL,	NULL,	35,	1,	33,	0,	NULL,	'2020-12-15 07:39:15',	NULL,	NULL,	NULL,	NULL),
(2589,	40,	NULL,	NULL,	36,	1,	34,	0,	NULL,	'2020-12-15 07:39:15',	NULL,	NULL,	NULL,	NULL),
(2590,	40,	NULL,	NULL,	37,	1,	35,	0,	NULL,	'2020-12-15 07:39:15',	NULL,	NULL,	NULL,	NULL),
(2591,	40,	NULL,	NULL,	38,	1,	36,	0,	NULL,	'2020-12-15 07:39:15',	NULL,	NULL,	NULL,	NULL),
(2592,	40,	NULL,	NULL,	39,	1,	37,	0,	NULL,	'2020-12-15 07:39:15',	NULL,	NULL,	NULL,	NULL),
(2593,	40,	NULL,	NULL,	40,	1,	38,	0,	NULL,	'2020-12-15 07:39:15',	NULL,	NULL,	NULL,	NULL),
(2594,	40,	NULL,	NULL,	41,	1,	39,	0,	NULL,	'2020-12-15 07:39:15',	NULL,	NULL,	NULL,	NULL),
(2595,	40,	NULL,	NULL,	42,	1,	40,	0,	NULL,	'2020-12-15 07:39:15',	NULL,	NULL,	NULL,	NULL),
(2596,	40,	NULL,	NULL,	43,	1,	41,	0,	NULL,	'2020-12-15 07:39:15',	NULL,	NULL,	NULL,	NULL),
(2597,	40,	NULL,	NULL,	44,	1,	42,	0,	NULL,	'2020-12-15 07:39:15',	NULL,	NULL,	NULL,	NULL),
(2598,	40,	NULL,	NULL,	45,	1,	43,	0,	NULL,	'2020-12-15 07:39:15',	NULL,	NULL,	NULL,	NULL),
(2599,	40,	NULL,	NULL,	46,	1,	44,	0,	NULL,	'2020-12-15 07:39:15',	NULL,	NULL,	NULL,	NULL),
(2600,	40,	NULL,	NULL,	47,	1,	45,	0,	NULL,	'2020-12-15 07:39:15',	NULL,	NULL,	NULL,	NULL),
(2601,	40,	NULL,	NULL,	48,	1,	46,	0,	NULL,	'2020-12-15 07:39:15',	NULL,	NULL,	NULL,	NULL),
(2602,	40,	NULL,	NULL,	49,	1,	47,	0,	NULL,	'2020-12-15 07:39:15',	NULL,	NULL,	NULL,	NULL),
(2603,	40,	NULL,	NULL,	50,	1,	48,	0,	NULL,	'2020-12-15 07:39:15',	NULL,	NULL,	NULL,	NULL),
(2604,	40,	NULL,	NULL,	51,	1,	49,	0,	NULL,	'2020-12-15 07:39:15',	NULL,	NULL,	NULL,	NULL),
(2605,	40,	NULL,	NULL,	52,	1,	50,	0,	NULL,	'2020-12-15 07:39:15',	NULL,	NULL,	NULL,	NULL),
(2606,	40,	NULL,	NULL,	53,	1,	51,	0,	NULL,	'2020-12-15 07:39:15',	NULL,	NULL,	NULL,	NULL),
(2607,	40,	NULL,	NULL,	54,	1,	52,	0,	NULL,	'2020-12-15 07:39:15',	NULL,	NULL,	NULL,	NULL),
(2608,	40,	NULL,	NULL,	55,	1,	53,	0,	NULL,	'2020-12-15 07:39:15',	NULL,	NULL,	NULL,	NULL),
(2609,	40,	NULL,	NULL,	56,	1,	54,	0,	NULL,	'2020-12-15 07:39:15',	NULL,	NULL,	NULL,	NULL),
(2610,	40,	NULL,	NULL,	57,	1,	55,	0,	NULL,	'2020-12-15 07:39:15',	NULL,	NULL,	NULL,	NULL),
(2611,	40,	NULL,	NULL,	58,	1,	56,	0,	NULL,	'2020-12-15 07:39:15',	NULL,	NULL,	NULL,	NULL),
(2612,	40,	NULL,	NULL,	59,	1,	57,	0,	NULL,	'2020-12-15 07:39:15',	NULL,	NULL,	NULL,	NULL),
(2613,	40,	NULL,	NULL,	60,	1,	58,	0,	NULL,	'2020-12-15 07:39:15',	NULL,	NULL,	NULL,	NULL),
(2614,	40,	NULL,	NULL,	61,	1,	59,	0,	NULL,	'2020-12-15 07:39:15',	NULL,	NULL,	NULL,	NULL),
(2615,	40,	NULL,	NULL,	62,	1,	60,	0,	NULL,	'2020-12-15 07:39:15',	NULL,	NULL,	NULL,	NULL),
(2616,	40,	NULL,	NULL,	66,	1,	61,	0,	NULL,	'2020-12-15 07:39:15',	NULL,	NULL,	NULL,	NULL),
(2617,	40,	NULL,	NULL,	67,	1,	62,	0,	NULL,	'2020-12-15 07:39:15',	NULL,	NULL,	NULL,	NULL),
(2618,	40,	NULL,	NULL,	68,	1,	63,	0,	NULL,	'2020-12-15 07:39:15',	NULL,	NULL,	NULL,	NULL),
(2619,	40,	NULL,	NULL,	69,	1,	64,	0,	NULL,	'2020-12-15 07:39:15',	NULL,	NULL,	NULL,	NULL),
(2620,	40,	NULL,	NULL,	70,	1,	65,	0,	NULL,	'2020-12-15 07:39:15',	NULL,	NULL,	NULL,	NULL),
(2621,	40,	NULL,	NULL,	71,	1,	66,	0,	NULL,	'2020-12-15 07:39:15',	NULL,	NULL,	NULL,	NULL),
(2622,	40,	NULL,	NULL,	72,	1,	67,	0,	NULL,	'2020-12-15 07:39:15',	NULL,	NULL,	NULL,	NULL),
(2623,	40,	NULL,	NULL,	73,	1,	68,	0,	NULL,	'2020-12-15 07:39:15',	NULL,	NULL,	NULL,	NULL),
(2624,	40,	NULL,	NULL,	74,	1,	69,	0,	NULL,	'2020-12-15 07:39:15',	NULL,	NULL,	NULL,	NULL),
(2625,	40,	NULL,	NULL,	75,	1,	70,	0,	NULL,	'2020-12-15 07:39:15',	NULL,	NULL,	NULL,	NULL),
(2626,	40,	NULL,	NULL,	76,	1,	71,	0,	NULL,	'2020-12-15 07:39:15',	NULL,	NULL,	NULL,	NULL),
(2627,	40,	NULL,	NULL,	77,	1,	72,	0,	NULL,	'2020-12-15 07:39:15',	NULL,	NULL,	NULL,	NULL),
(2628,	40,	NULL,	NULL,	78,	1,	73,	0,	NULL,	'2020-12-15 07:39:15',	NULL,	NULL,	NULL,	NULL),
(2629,	40,	NULL,	NULL,	79,	1,	74,	0,	NULL,	'2020-12-15 07:39:15',	NULL,	NULL,	NULL,	NULL),
(2630,	40,	NULL,	NULL,	80,	1,	75,	0,	NULL,	'2020-12-15 07:39:15',	NULL,	NULL,	NULL,	NULL),
(2631,	40,	NULL,	NULL,	81,	1,	76,	0,	NULL,	'2020-12-15 07:39:15',	NULL,	NULL,	NULL,	NULL),
(2632,	40,	NULL,	NULL,	82,	1,	77,	0,	NULL,	'2020-12-15 07:39:15',	NULL,	NULL,	NULL,	NULL),
(2633,	40,	NULL,	NULL,	89,	1,	78,	0,	NULL,	'2020-12-15 07:39:15',	NULL,	NULL,	NULL,	NULL),
(2634,	40,	NULL,	NULL,	90,	1,	79,	0,	NULL,	'2020-12-15 07:39:15',	NULL,	NULL,	NULL,	NULL),
(2635,	40,	NULL,	NULL,	91,	1,	80,	0,	NULL,	'2020-12-15 07:39:15',	NULL,	NULL,	NULL,	NULL),
(2636,	40,	NULL,	NULL,	92,	1,	81,	0,	NULL,	'2020-12-15 07:39:15',	NULL,	NULL,	NULL,	NULL),
(2637,	40,	NULL,	NULL,	93,	1,	82,	0,	NULL,	'2020-12-15 07:39:15',	NULL,	NULL,	NULL,	NULL),
(2638,	40,	NULL,	NULL,	94,	1,	83,	0,	NULL,	'2020-12-15 07:39:15',	NULL,	NULL,	NULL,	NULL),
(2639,	40,	NULL,	NULL,	95,	1,	84,	0,	NULL,	'2020-12-15 07:39:15',	NULL,	NULL,	NULL,	NULL),
(2640,	40,	NULL,	NULL,	96,	1,	85,	0,	NULL,	'2020-12-15 07:39:15',	NULL,	NULL,	NULL,	NULL),
(2641,	40,	NULL,	NULL,	97,	1,	86,	0,	NULL,	'2020-12-15 07:39:15',	NULL,	NULL,	NULL,	NULL),
(2642,	40,	NULL,	NULL,	98,	1,	87,	0,	NULL,	'2020-12-15 07:39:15',	NULL,	NULL,	NULL,	NULL),
(2643,	40,	NULL,	NULL,	99,	1,	88,	0,	NULL,	'2020-12-15 07:39:15',	NULL,	NULL,	NULL,	NULL),
(2644,	40,	NULL,	NULL,	100,	1,	89,	0,	NULL,	'2020-12-15 07:39:15',	NULL,	NULL,	NULL,	NULL),
(2645,	15,	NULL,	NULL,	1,	1,	1,	1,	NULL,	'2020-12-15 07:40:34',	NULL,	NULL,	NULL,	NULL),
(2646,	15,	NULL,	NULL,	2,	1,	2,	1,	NULL,	'2020-12-15 07:40:34',	NULL,	NULL,	NULL,	NULL),
(2647,	15,	NULL,	NULL,	3,	1,	3,	1,	NULL,	'2020-12-15 07:40:34',	NULL,	NULL,	NULL,	NULL),
(2648,	15,	NULL,	NULL,	4,	1,	4,	1,	NULL,	'2020-12-15 07:40:34',	NULL,	NULL,	NULL,	NULL),
(2649,	15,	NULL,	NULL,	5,	1,	5,	1,	NULL,	'2020-12-15 07:40:34',	NULL,	NULL,	NULL,	NULL),
(2650,	15,	NULL,	NULL,	6,	1,	6,	1,	NULL,	'2020-12-15 07:40:34',	NULL,	NULL,	NULL,	NULL),
(2651,	15,	NULL,	NULL,	7,	1,	7,	1,	NULL,	'2020-12-15 07:40:34',	NULL,	NULL,	NULL,	NULL),
(2652,	15,	NULL,	NULL,	8,	1,	8,	1,	NULL,	'2020-12-15 07:40:34',	NULL,	NULL,	NULL,	NULL),
(2653,	15,	NULL,	NULL,	9,	1,	9,	0,	NULL,	'2020-12-15 07:40:34',	NULL,	NULL,	NULL,	NULL),
(2654,	15,	NULL,	NULL,	10,	1,	10,	0,	NULL,	'2020-12-15 07:40:34',	NULL,	NULL,	NULL,	NULL),
(2655,	15,	NULL,	NULL,	11,	1,	11,	0,	NULL,	'2020-12-15 07:40:34',	NULL,	NULL,	NULL,	NULL),
(2656,	15,	NULL,	NULL,	12,	1,	12,	0,	NULL,	'2020-12-15 07:40:34',	NULL,	NULL,	NULL,	NULL),
(2657,	15,	NULL,	NULL,	13,	1,	13,	0,	NULL,	'2020-12-15 07:40:34',	NULL,	NULL,	NULL,	NULL),
(2658,	15,	NULL,	NULL,	14,	1,	14,	0,	NULL,	'2020-12-15 07:40:34',	NULL,	NULL,	NULL,	NULL),
(2659,	15,	NULL,	NULL,	15,	1,	15,	0,	NULL,	'2020-12-15 07:40:34',	NULL,	NULL,	NULL,	NULL),
(2660,	15,	NULL,	NULL,	16,	1,	16,	0,	NULL,	'2020-12-15 07:40:34',	NULL,	NULL,	NULL,	NULL),
(2661,	15,	NULL,	NULL,	17,	1,	17,	0,	NULL,	'2020-12-15 07:40:34',	NULL,	NULL,	NULL,	NULL),
(2662,	15,	NULL,	NULL,	18,	1,	18,	0,	NULL,	'2020-12-15 07:40:34',	NULL,	NULL,	NULL,	NULL),
(2663,	15,	NULL,	NULL,	21,	1,	19,	0,	NULL,	'2020-12-15 07:40:34',	NULL,	NULL,	NULL,	NULL),
(2664,	15,	NULL,	NULL,	22,	1,	20,	0,	NULL,	'2020-12-15 07:40:34',	NULL,	NULL,	NULL,	NULL),
(2665,	15,	NULL,	NULL,	23,	1,	21,	0,	NULL,	'2020-12-15 07:40:34',	NULL,	NULL,	NULL,	NULL),
(2666,	15,	NULL,	NULL,	24,	1,	22,	1,	NULL,	'2020-12-15 07:40:34',	NULL,	NULL,	NULL,	NULL),
(2667,	15,	NULL,	NULL,	25,	1,	23,	0,	NULL,	'2020-12-15 07:40:34',	NULL,	NULL,	NULL,	NULL),
(2668,	15,	NULL,	NULL,	26,	1,	24,	0,	NULL,	'2020-12-15 07:40:34',	NULL,	NULL,	NULL,	NULL),
(2669,	15,	NULL,	NULL,	27,	1,	25,	0,	NULL,	'2020-12-15 07:40:34',	NULL,	NULL,	NULL,	NULL),
(2670,	15,	NULL,	NULL,	28,	1,	26,	0,	NULL,	'2020-12-15 07:40:34',	NULL,	NULL,	NULL,	NULL),
(2671,	15,	NULL,	NULL,	29,	1,	27,	0,	NULL,	'2020-12-15 07:40:34',	NULL,	NULL,	NULL,	NULL),
(2672,	15,	NULL,	NULL,	30,	1,	28,	0,	NULL,	'2020-12-15 07:40:34',	NULL,	NULL,	NULL,	NULL),
(2673,	15,	NULL,	NULL,	31,	1,	29,	0,	NULL,	'2020-12-15 07:40:34',	NULL,	NULL,	NULL,	NULL),
(2674,	15,	NULL,	NULL,	32,	1,	30,	0,	NULL,	'2020-12-15 07:40:34',	NULL,	NULL,	NULL,	NULL),
(2675,	15,	NULL,	NULL,	33,	1,	31,	0,	NULL,	'2020-12-15 07:40:34',	NULL,	NULL,	NULL,	NULL),
(2676,	15,	NULL,	NULL,	34,	1,	32,	0,	NULL,	'2020-12-15 07:40:34',	NULL,	NULL,	NULL,	NULL),
(2677,	15,	NULL,	NULL,	35,	1,	33,	0,	NULL,	'2020-12-15 07:40:34',	NULL,	NULL,	NULL,	NULL),
(2678,	15,	NULL,	NULL,	36,	1,	34,	0,	NULL,	'2020-12-15 07:40:34',	NULL,	NULL,	NULL,	NULL),
(2679,	15,	NULL,	NULL,	37,	1,	35,	0,	NULL,	'2020-12-15 07:40:34',	NULL,	NULL,	NULL,	NULL),
(2680,	15,	NULL,	NULL,	38,	1,	36,	0,	NULL,	'2020-12-15 07:40:34',	NULL,	NULL,	NULL,	NULL),
(2681,	15,	NULL,	NULL,	39,	1,	37,	0,	NULL,	'2020-12-15 07:40:34',	NULL,	NULL,	NULL,	NULL),
(2682,	15,	NULL,	NULL,	40,	1,	38,	0,	NULL,	'2020-12-15 07:40:34',	NULL,	NULL,	NULL,	NULL),
(2683,	15,	NULL,	NULL,	41,	1,	39,	0,	NULL,	'2020-12-15 07:40:34',	NULL,	NULL,	NULL,	NULL),
(2684,	15,	NULL,	NULL,	42,	1,	40,	0,	NULL,	'2020-12-15 07:40:34',	NULL,	NULL,	NULL,	NULL),
(2685,	15,	NULL,	NULL,	43,	1,	41,	0,	NULL,	'2020-12-15 07:40:34',	NULL,	NULL,	NULL,	NULL),
(2686,	15,	NULL,	NULL,	44,	1,	42,	0,	NULL,	'2020-12-15 07:40:34',	NULL,	NULL,	NULL,	NULL),
(2687,	15,	NULL,	NULL,	45,	1,	43,	0,	NULL,	'2020-12-15 07:40:34',	NULL,	NULL,	NULL,	NULL),
(2688,	15,	NULL,	NULL,	46,	1,	44,	0,	NULL,	'2020-12-15 07:40:34',	NULL,	NULL,	NULL,	NULL),
(2689,	15,	NULL,	NULL,	47,	1,	45,	0,	NULL,	'2020-12-15 07:40:34',	NULL,	NULL,	NULL,	NULL),
(2690,	15,	NULL,	NULL,	48,	1,	46,	0,	NULL,	'2020-12-15 07:40:34',	NULL,	NULL,	NULL,	NULL),
(2691,	15,	NULL,	NULL,	49,	1,	47,	0,	NULL,	'2020-12-15 07:40:34',	NULL,	NULL,	NULL,	NULL),
(2692,	15,	NULL,	NULL,	50,	1,	48,	0,	NULL,	'2020-12-15 07:40:34',	NULL,	NULL,	NULL,	NULL),
(2693,	15,	NULL,	NULL,	51,	1,	49,	0,	NULL,	'2020-12-15 07:40:35',	NULL,	NULL,	NULL,	NULL),
(2694,	15,	NULL,	NULL,	52,	1,	50,	0,	NULL,	'2020-12-15 07:40:35',	NULL,	NULL,	NULL,	NULL),
(2695,	15,	NULL,	NULL,	53,	1,	51,	0,	NULL,	'2020-12-15 07:40:35',	NULL,	NULL,	NULL,	NULL),
(2696,	15,	NULL,	NULL,	54,	1,	52,	0,	NULL,	'2020-12-15 07:40:35',	NULL,	NULL,	NULL,	NULL),
(2697,	15,	NULL,	NULL,	55,	1,	53,	0,	NULL,	'2020-12-15 07:40:35',	NULL,	NULL,	NULL,	NULL),
(2698,	15,	NULL,	NULL,	56,	1,	54,	0,	NULL,	'2020-12-15 07:40:35',	NULL,	NULL,	NULL,	NULL),
(2699,	15,	NULL,	NULL,	57,	1,	55,	0,	NULL,	'2020-12-15 07:40:35',	NULL,	NULL,	NULL,	NULL),
(2700,	15,	NULL,	NULL,	58,	1,	56,	0,	NULL,	'2020-12-15 07:40:35',	NULL,	NULL,	NULL,	NULL),
(2701,	15,	NULL,	NULL,	59,	1,	57,	0,	NULL,	'2020-12-15 07:40:35',	NULL,	NULL,	NULL,	NULL),
(2702,	15,	NULL,	NULL,	60,	1,	58,	0,	NULL,	'2020-12-15 07:40:35',	NULL,	NULL,	NULL,	NULL),
(2703,	15,	NULL,	NULL,	61,	1,	59,	0,	NULL,	'2020-12-15 07:40:35',	NULL,	NULL,	NULL,	NULL),
(2704,	15,	NULL,	NULL,	62,	1,	60,	0,	NULL,	'2020-12-15 07:40:35',	NULL,	NULL,	NULL,	NULL),
(2705,	15,	NULL,	NULL,	66,	1,	61,	0,	NULL,	'2020-12-15 07:40:35',	NULL,	NULL,	NULL,	NULL),
(2706,	15,	NULL,	NULL,	67,	1,	62,	0,	NULL,	'2020-12-15 07:40:35',	NULL,	NULL,	NULL,	NULL),
(2707,	15,	NULL,	NULL,	68,	1,	63,	0,	NULL,	'2020-12-15 07:40:35',	NULL,	NULL,	NULL,	NULL),
(2708,	15,	NULL,	NULL,	69,	1,	64,	0,	NULL,	'2020-12-15 07:40:35',	NULL,	NULL,	NULL,	NULL),
(2709,	15,	NULL,	NULL,	70,	1,	65,	0,	NULL,	'2020-12-15 07:40:35',	NULL,	NULL,	NULL,	NULL),
(2710,	15,	NULL,	NULL,	71,	1,	66,	0,	NULL,	'2020-12-15 07:40:35',	NULL,	NULL,	NULL,	NULL),
(2711,	15,	NULL,	NULL,	72,	1,	67,	0,	NULL,	'2020-12-15 07:40:35',	NULL,	NULL,	NULL,	NULL),
(2712,	15,	NULL,	NULL,	73,	1,	68,	0,	NULL,	'2020-12-15 07:40:35',	NULL,	NULL,	NULL,	NULL),
(2713,	15,	NULL,	NULL,	74,	1,	69,	0,	NULL,	'2020-12-15 07:40:35',	NULL,	NULL,	NULL,	NULL),
(2714,	15,	NULL,	NULL,	75,	1,	70,	0,	NULL,	'2020-12-15 07:40:35',	NULL,	NULL,	NULL,	NULL),
(2715,	15,	NULL,	NULL,	76,	1,	71,	0,	NULL,	'2020-12-15 07:40:35',	NULL,	NULL,	NULL,	NULL),
(2716,	15,	NULL,	NULL,	77,	1,	72,	0,	NULL,	'2020-12-15 07:40:35',	NULL,	NULL,	NULL,	NULL),
(2717,	15,	NULL,	NULL,	78,	1,	73,	0,	NULL,	'2020-12-15 07:40:35',	NULL,	NULL,	NULL,	NULL),
(2718,	15,	NULL,	NULL,	79,	1,	74,	0,	NULL,	'2020-12-15 07:40:35',	NULL,	NULL,	NULL,	NULL),
(2719,	15,	NULL,	NULL,	80,	1,	75,	0,	NULL,	'2020-12-15 07:40:35',	NULL,	NULL,	NULL,	NULL),
(2720,	15,	NULL,	NULL,	81,	1,	76,	0,	NULL,	'2020-12-15 07:40:35',	NULL,	NULL,	NULL,	NULL),
(2721,	15,	NULL,	NULL,	82,	1,	77,	0,	NULL,	'2020-12-15 07:40:35',	NULL,	NULL,	NULL,	NULL),
(2722,	15,	NULL,	NULL,	89,	1,	78,	0,	NULL,	'2020-12-15 07:40:35',	NULL,	NULL,	NULL,	NULL),
(2723,	15,	NULL,	NULL,	90,	1,	79,	0,	NULL,	'2020-12-15 07:40:35',	NULL,	NULL,	NULL,	NULL),
(2724,	15,	NULL,	NULL,	91,	1,	80,	0,	NULL,	'2020-12-15 07:40:35',	NULL,	NULL,	NULL,	NULL),
(2725,	15,	NULL,	NULL,	92,	1,	81,	0,	NULL,	'2020-12-15 07:40:35',	NULL,	NULL,	NULL,	NULL),
(2726,	15,	NULL,	NULL,	93,	1,	82,	0,	NULL,	'2020-12-15 07:40:35',	NULL,	NULL,	NULL,	NULL),
(2727,	15,	NULL,	NULL,	94,	1,	83,	0,	NULL,	'2020-12-15 07:40:35',	NULL,	NULL,	NULL,	NULL),
(2728,	15,	NULL,	NULL,	95,	1,	84,	0,	NULL,	'2020-12-15 07:40:35',	NULL,	NULL,	NULL,	NULL),
(2729,	15,	NULL,	NULL,	96,	1,	85,	0,	NULL,	'2020-12-15 07:40:35',	NULL,	NULL,	NULL,	NULL),
(2730,	15,	NULL,	NULL,	97,	1,	86,	0,	NULL,	'2020-12-15 07:40:35',	NULL,	NULL,	NULL,	NULL),
(2731,	15,	NULL,	NULL,	98,	1,	87,	0,	NULL,	'2020-12-15 07:40:35',	NULL,	NULL,	NULL,	NULL),
(2732,	15,	NULL,	NULL,	99,	1,	88,	0,	NULL,	'2020-12-15 07:40:35',	NULL,	NULL,	NULL,	NULL),
(2733,	15,	NULL,	NULL,	100,	1,	89,	0,	NULL,	'2020-12-15 07:40:35',	NULL,	NULL,	NULL,	NULL),
(2734,	19,	NULL,	NULL,	1,	1,	1,	1,	NULL,	'2020-12-15 07:43:43',	NULL,	NULL,	NULL,	NULL),
(2735,	19,	NULL,	NULL,	2,	1,	2,	1,	NULL,	'2020-12-15 07:43:43',	NULL,	NULL,	NULL,	NULL),
(2736,	19,	NULL,	NULL,	3,	1,	3,	1,	NULL,	'2020-12-15 07:43:43',	NULL,	NULL,	NULL,	NULL),
(2737,	19,	NULL,	NULL,	4,	1,	4,	1,	NULL,	'2020-12-15 07:43:43',	NULL,	NULL,	NULL,	NULL),
(2738,	19,	NULL,	NULL,	5,	1,	5,	1,	NULL,	'2020-12-15 07:43:43',	NULL,	NULL,	NULL,	NULL),
(2739,	19,	NULL,	NULL,	6,	1,	6,	1,	NULL,	'2020-12-15 07:43:43',	NULL,	NULL,	NULL,	NULL),
(2740,	19,	NULL,	NULL,	7,	1,	7,	1,	NULL,	'2020-12-15 07:43:43',	NULL,	NULL,	NULL,	NULL),
(2741,	19,	NULL,	NULL,	8,	1,	8,	1,	NULL,	'2020-12-15 07:43:43',	NULL,	NULL,	NULL,	NULL),
(2742,	19,	NULL,	NULL,	9,	1,	9,	0,	NULL,	'2020-12-15 07:43:43',	NULL,	NULL,	NULL,	NULL),
(2743,	19,	NULL,	NULL,	10,	1,	10,	0,	NULL,	'2020-12-15 07:43:43',	NULL,	NULL,	NULL,	NULL),
(2744,	19,	NULL,	NULL,	11,	1,	11,	0,	NULL,	'2020-12-15 07:43:43',	NULL,	NULL,	NULL,	NULL),
(2745,	19,	NULL,	NULL,	12,	1,	12,	0,	NULL,	'2020-12-15 07:43:43',	NULL,	NULL,	NULL,	NULL),
(2746,	19,	NULL,	NULL,	13,	1,	13,	0,	NULL,	'2020-12-15 07:43:43',	NULL,	NULL,	NULL,	NULL),
(2747,	19,	NULL,	NULL,	14,	1,	14,	0,	NULL,	'2020-12-15 07:43:43',	NULL,	NULL,	NULL,	NULL),
(2748,	19,	NULL,	NULL,	15,	1,	15,	0,	NULL,	'2020-12-15 07:43:43',	NULL,	NULL,	NULL,	NULL),
(2749,	19,	NULL,	NULL,	16,	1,	16,	0,	NULL,	'2020-12-15 07:43:43',	NULL,	NULL,	NULL,	NULL),
(2750,	19,	NULL,	NULL,	17,	1,	17,	0,	NULL,	'2020-12-15 07:43:43',	NULL,	NULL,	NULL,	NULL),
(2751,	19,	NULL,	NULL,	18,	1,	18,	0,	NULL,	'2020-12-15 07:43:43',	NULL,	NULL,	NULL,	NULL),
(2752,	19,	NULL,	NULL,	21,	1,	19,	0,	NULL,	'2020-12-15 07:43:43',	NULL,	NULL,	NULL,	NULL),
(2753,	19,	NULL,	NULL,	22,	1,	20,	0,	NULL,	'2020-12-15 07:43:43',	NULL,	NULL,	NULL,	NULL),
(2754,	19,	NULL,	NULL,	23,	1,	21,	0,	NULL,	'2020-12-15 07:43:43',	NULL,	NULL,	NULL,	NULL),
(2755,	19,	NULL,	NULL,	24,	1,	22,	1,	NULL,	'2020-12-15 07:43:43',	NULL,	NULL,	NULL,	NULL),
(2756,	19,	NULL,	NULL,	25,	1,	23,	0,	NULL,	'2020-12-15 07:43:43',	NULL,	NULL,	NULL,	NULL),
(2757,	19,	NULL,	NULL,	26,	1,	24,	0,	NULL,	'2020-12-15 07:43:43',	NULL,	NULL,	NULL,	NULL),
(2758,	19,	NULL,	NULL,	27,	1,	25,	0,	NULL,	'2020-12-15 07:43:43',	NULL,	NULL,	NULL,	NULL),
(2759,	19,	NULL,	NULL,	28,	1,	26,	0,	NULL,	'2020-12-15 07:43:43',	NULL,	NULL,	NULL,	NULL),
(2760,	19,	NULL,	NULL,	29,	1,	27,	0,	NULL,	'2020-12-15 07:43:43',	NULL,	NULL,	NULL,	NULL),
(2761,	19,	NULL,	NULL,	30,	1,	28,	0,	NULL,	'2020-12-15 07:43:43',	NULL,	NULL,	NULL,	NULL),
(2762,	19,	NULL,	NULL,	31,	1,	29,	0,	NULL,	'2020-12-15 07:43:43',	NULL,	NULL,	NULL,	NULL),
(2763,	19,	NULL,	NULL,	32,	1,	30,	0,	NULL,	'2020-12-15 07:43:43',	NULL,	NULL,	NULL,	NULL),
(2764,	19,	NULL,	NULL,	33,	1,	31,	0,	NULL,	'2020-12-15 07:43:43',	NULL,	NULL,	NULL,	NULL),
(2765,	19,	NULL,	NULL,	34,	1,	32,	0,	NULL,	'2020-12-15 07:43:43',	NULL,	NULL,	NULL,	NULL),
(2766,	19,	NULL,	NULL,	35,	1,	33,	0,	NULL,	'2020-12-15 07:43:43',	NULL,	NULL,	NULL,	NULL),
(2767,	19,	NULL,	NULL,	36,	1,	34,	0,	NULL,	'2020-12-15 07:43:43',	NULL,	NULL,	NULL,	NULL),
(2768,	19,	NULL,	NULL,	37,	1,	35,	0,	NULL,	'2020-12-15 07:43:43',	NULL,	NULL,	NULL,	NULL),
(2769,	19,	NULL,	NULL,	38,	1,	36,	0,	NULL,	'2020-12-15 07:43:43',	NULL,	NULL,	NULL,	NULL),
(2770,	19,	NULL,	NULL,	39,	1,	37,	0,	NULL,	'2020-12-15 07:43:43',	NULL,	NULL,	NULL,	NULL),
(2771,	19,	NULL,	NULL,	40,	1,	38,	0,	NULL,	'2020-12-15 07:43:43',	NULL,	NULL,	NULL,	NULL),
(2772,	19,	NULL,	NULL,	41,	1,	39,	0,	NULL,	'2020-12-15 07:43:43',	NULL,	NULL,	NULL,	NULL),
(2773,	19,	NULL,	NULL,	42,	1,	40,	0,	NULL,	'2020-12-15 07:43:43',	NULL,	NULL,	NULL,	NULL),
(2774,	19,	NULL,	NULL,	43,	1,	41,	0,	NULL,	'2020-12-15 07:43:43',	NULL,	NULL,	NULL,	NULL),
(2775,	19,	NULL,	NULL,	44,	1,	42,	0,	NULL,	'2020-12-15 07:43:43',	NULL,	NULL,	NULL,	NULL),
(2776,	19,	NULL,	NULL,	45,	1,	43,	0,	NULL,	'2020-12-15 07:43:43',	NULL,	NULL,	NULL,	NULL),
(2777,	19,	NULL,	NULL,	46,	1,	44,	0,	NULL,	'2020-12-15 07:43:43',	NULL,	NULL,	NULL,	NULL),
(2778,	19,	NULL,	NULL,	47,	1,	45,	0,	NULL,	'2020-12-15 07:43:43',	NULL,	NULL,	NULL,	NULL),
(2779,	19,	NULL,	NULL,	48,	1,	46,	0,	NULL,	'2020-12-15 07:43:43',	NULL,	NULL,	NULL,	NULL),
(2780,	19,	NULL,	NULL,	49,	1,	47,	0,	NULL,	'2020-12-15 07:43:43',	NULL,	NULL,	NULL,	NULL),
(2781,	19,	NULL,	NULL,	50,	1,	48,	0,	NULL,	'2020-12-15 07:43:43',	NULL,	NULL,	NULL,	NULL),
(2782,	19,	NULL,	NULL,	51,	1,	49,	0,	NULL,	'2020-12-15 07:43:43',	NULL,	NULL,	NULL,	NULL),
(2783,	19,	NULL,	NULL,	52,	1,	50,	0,	NULL,	'2020-12-15 07:43:43',	NULL,	NULL,	NULL,	NULL),
(2784,	19,	NULL,	NULL,	53,	1,	51,	0,	NULL,	'2020-12-15 07:43:43',	NULL,	NULL,	NULL,	NULL),
(2785,	19,	NULL,	NULL,	54,	1,	52,	0,	NULL,	'2020-12-15 07:43:43',	NULL,	NULL,	NULL,	NULL),
(2786,	19,	NULL,	NULL,	55,	1,	53,	0,	NULL,	'2020-12-15 07:43:43',	NULL,	NULL,	NULL,	NULL),
(2787,	19,	NULL,	NULL,	56,	1,	54,	0,	NULL,	'2020-12-15 07:43:43',	NULL,	NULL,	NULL,	NULL),
(2788,	19,	NULL,	NULL,	57,	1,	55,	0,	NULL,	'2020-12-15 07:43:43',	NULL,	NULL,	NULL,	NULL),
(2789,	19,	NULL,	NULL,	58,	1,	56,	0,	NULL,	'2020-12-15 07:43:43',	NULL,	NULL,	NULL,	NULL),
(2790,	19,	NULL,	NULL,	59,	1,	57,	0,	NULL,	'2020-12-15 07:43:43',	NULL,	NULL,	NULL,	NULL),
(2791,	19,	NULL,	NULL,	60,	1,	58,	0,	NULL,	'2020-12-15 07:43:43',	NULL,	NULL,	NULL,	NULL),
(2792,	19,	NULL,	NULL,	61,	1,	59,	0,	NULL,	'2020-12-15 07:43:43',	NULL,	NULL,	NULL,	NULL),
(2793,	19,	NULL,	NULL,	62,	1,	60,	0,	NULL,	'2020-12-15 07:43:43',	NULL,	NULL,	NULL,	NULL),
(2794,	19,	NULL,	NULL,	66,	1,	61,	0,	NULL,	'2020-12-15 07:43:43',	NULL,	NULL,	NULL,	NULL),
(2795,	19,	NULL,	NULL,	67,	1,	62,	0,	NULL,	'2020-12-15 07:43:43',	NULL,	NULL,	NULL,	NULL),
(2796,	19,	NULL,	NULL,	68,	1,	63,	0,	NULL,	'2020-12-15 07:43:43',	NULL,	NULL,	NULL,	NULL),
(2797,	19,	NULL,	NULL,	69,	1,	64,	0,	NULL,	'2020-12-15 07:43:43',	NULL,	NULL,	NULL,	NULL),
(2798,	19,	NULL,	NULL,	70,	1,	65,	0,	NULL,	'2020-12-15 07:43:43',	NULL,	NULL,	NULL,	NULL),
(2799,	19,	NULL,	NULL,	71,	1,	66,	0,	NULL,	'2020-12-15 07:43:43',	NULL,	NULL,	NULL,	NULL),
(2800,	19,	NULL,	NULL,	72,	1,	67,	0,	NULL,	'2020-12-15 07:43:43',	NULL,	NULL,	NULL,	NULL),
(2801,	19,	NULL,	NULL,	73,	1,	68,	0,	NULL,	'2020-12-15 07:43:43',	NULL,	NULL,	NULL,	NULL),
(2802,	19,	NULL,	NULL,	74,	1,	69,	0,	NULL,	'2020-12-15 07:43:43',	NULL,	NULL,	NULL,	NULL),
(2803,	19,	NULL,	NULL,	75,	1,	70,	0,	NULL,	'2020-12-15 07:43:43',	NULL,	NULL,	NULL,	NULL),
(2804,	19,	NULL,	NULL,	76,	1,	71,	0,	NULL,	'2020-12-15 07:43:43',	NULL,	NULL,	NULL,	NULL),
(2805,	19,	NULL,	NULL,	77,	1,	72,	0,	NULL,	'2020-12-15 07:43:43',	NULL,	NULL,	NULL,	NULL),
(2806,	19,	NULL,	NULL,	78,	1,	73,	0,	NULL,	'2020-12-15 07:43:43',	NULL,	NULL,	NULL,	NULL),
(2807,	19,	NULL,	NULL,	79,	1,	74,	0,	NULL,	'2020-12-15 07:43:43',	NULL,	NULL,	NULL,	NULL),
(2808,	19,	NULL,	NULL,	80,	1,	75,	0,	NULL,	'2020-12-15 07:43:43',	NULL,	NULL,	NULL,	NULL),
(2809,	19,	NULL,	NULL,	81,	1,	76,	0,	NULL,	'2020-12-15 07:43:43',	NULL,	NULL,	NULL,	NULL),
(2810,	19,	NULL,	NULL,	82,	1,	77,	0,	NULL,	'2020-12-15 07:43:43',	NULL,	NULL,	NULL,	NULL),
(2811,	19,	NULL,	NULL,	89,	1,	78,	0,	NULL,	'2020-12-15 07:43:43',	NULL,	NULL,	NULL,	NULL),
(2812,	19,	NULL,	NULL,	90,	1,	79,	0,	NULL,	'2020-12-15 07:43:43',	NULL,	NULL,	NULL,	NULL),
(2813,	19,	NULL,	NULL,	91,	1,	80,	0,	NULL,	'2020-12-15 07:43:43',	NULL,	NULL,	NULL,	NULL),
(2814,	19,	NULL,	NULL,	92,	1,	81,	0,	NULL,	'2020-12-15 07:43:43',	NULL,	NULL,	NULL,	NULL),
(2815,	19,	NULL,	NULL,	93,	1,	82,	0,	NULL,	'2020-12-15 07:43:43',	NULL,	NULL,	NULL,	NULL),
(2816,	19,	NULL,	NULL,	94,	1,	83,	0,	NULL,	'2020-12-15 07:43:43',	NULL,	NULL,	NULL,	NULL),
(2817,	19,	NULL,	NULL,	95,	1,	84,	0,	NULL,	'2020-12-15 07:43:43',	NULL,	NULL,	NULL,	NULL),
(2818,	19,	NULL,	NULL,	96,	1,	85,	0,	NULL,	'2020-12-15 07:43:43',	NULL,	NULL,	NULL,	NULL),
(2819,	19,	NULL,	NULL,	97,	1,	86,	0,	NULL,	'2020-12-15 07:43:43',	NULL,	NULL,	NULL,	NULL),
(2820,	19,	NULL,	NULL,	98,	1,	87,	0,	NULL,	'2020-12-15 07:43:43',	NULL,	NULL,	NULL,	NULL),
(2821,	19,	NULL,	NULL,	99,	1,	88,	0,	NULL,	'2020-12-15 07:43:43',	NULL,	NULL,	NULL,	NULL),
(2822,	19,	NULL,	NULL,	100,	1,	89,	0,	NULL,	'2020-12-15 07:43:43',	NULL,	NULL,	NULL,	NULL),
(2823,	48,	NULL,	NULL,	1,	1,	1,	1,	NULL,	'2020-12-15 07:44:00',	NULL,	NULL,	NULL,	NULL),
(2824,	48,	NULL,	NULL,	2,	1,	2,	1,	NULL,	'2020-12-15 07:44:00',	NULL,	NULL,	NULL,	NULL),
(2825,	48,	NULL,	NULL,	3,	1,	3,	1,	NULL,	'2020-12-15 07:44:00',	NULL,	NULL,	NULL,	NULL),
(2826,	48,	NULL,	NULL,	4,	1,	4,	1,	NULL,	'2020-12-15 07:44:00',	NULL,	NULL,	NULL,	NULL),
(2827,	48,	NULL,	NULL,	5,	1,	5,	1,	NULL,	'2020-12-15 07:44:00',	NULL,	NULL,	NULL,	NULL),
(2828,	48,	NULL,	NULL,	6,	1,	6,	1,	NULL,	'2020-12-15 07:44:00',	NULL,	NULL,	NULL,	NULL),
(2829,	48,	NULL,	NULL,	7,	1,	7,	1,	NULL,	'2020-12-15 07:44:00',	NULL,	NULL,	NULL,	NULL),
(2830,	48,	NULL,	NULL,	8,	1,	8,	1,	NULL,	'2020-12-15 07:44:00',	NULL,	NULL,	NULL,	NULL),
(2831,	48,	NULL,	NULL,	9,	1,	9,	0,	NULL,	'2020-12-15 07:44:00',	NULL,	NULL,	NULL,	NULL),
(2832,	48,	NULL,	NULL,	10,	1,	10,	0,	NULL,	'2020-12-15 07:44:00',	NULL,	NULL,	NULL,	NULL),
(2833,	48,	NULL,	NULL,	11,	1,	11,	0,	NULL,	'2020-12-15 07:44:00',	NULL,	NULL,	NULL,	NULL),
(2834,	48,	NULL,	NULL,	12,	1,	12,	0,	NULL,	'2020-12-15 07:44:00',	NULL,	NULL,	NULL,	NULL),
(2835,	48,	NULL,	NULL,	13,	1,	13,	0,	NULL,	'2020-12-15 07:44:00',	NULL,	NULL,	NULL,	NULL),
(2836,	48,	NULL,	NULL,	14,	1,	14,	0,	NULL,	'2020-12-15 07:44:00',	NULL,	NULL,	NULL,	NULL),
(2837,	48,	NULL,	NULL,	15,	1,	15,	0,	NULL,	'2020-12-15 07:44:00',	NULL,	NULL,	NULL,	NULL),
(2838,	48,	NULL,	NULL,	16,	1,	16,	0,	NULL,	'2020-12-15 07:44:00',	NULL,	NULL,	NULL,	NULL),
(2839,	48,	NULL,	NULL,	17,	1,	17,	0,	NULL,	'2020-12-15 07:44:00',	NULL,	NULL,	NULL,	NULL),
(2840,	48,	NULL,	NULL,	18,	1,	18,	0,	NULL,	'2020-12-15 07:44:00',	NULL,	NULL,	NULL,	NULL),
(2841,	48,	NULL,	NULL,	21,	1,	19,	0,	NULL,	'2020-12-15 07:44:00',	NULL,	NULL,	NULL,	NULL),
(2842,	48,	NULL,	NULL,	22,	1,	20,	0,	NULL,	'2020-12-15 07:44:00',	NULL,	NULL,	NULL,	NULL),
(2843,	48,	NULL,	NULL,	23,	1,	21,	0,	NULL,	'2020-12-15 07:44:00',	NULL,	NULL,	NULL,	NULL),
(2844,	48,	NULL,	NULL,	24,	1,	22,	1,	NULL,	'2020-12-15 07:44:00',	NULL,	NULL,	NULL,	NULL),
(2845,	48,	NULL,	NULL,	25,	1,	23,	0,	NULL,	'2020-12-15 07:44:00',	NULL,	NULL,	NULL,	NULL),
(2846,	48,	NULL,	NULL,	26,	1,	24,	0,	NULL,	'2020-12-15 07:44:00',	NULL,	NULL,	NULL,	NULL),
(2847,	48,	NULL,	NULL,	27,	1,	25,	0,	NULL,	'2020-12-15 07:44:00',	NULL,	NULL,	NULL,	NULL),
(2848,	48,	NULL,	NULL,	28,	1,	26,	0,	NULL,	'2020-12-15 07:44:00',	NULL,	NULL,	NULL,	NULL),
(2849,	48,	NULL,	NULL,	29,	1,	27,	0,	NULL,	'2020-12-15 07:44:00',	NULL,	NULL,	NULL,	NULL),
(2850,	48,	NULL,	NULL,	30,	1,	28,	0,	NULL,	'2020-12-15 07:44:00',	NULL,	NULL,	NULL,	NULL),
(2851,	48,	NULL,	NULL,	31,	1,	29,	0,	NULL,	'2020-12-15 07:44:00',	NULL,	NULL,	NULL,	NULL),
(2852,	48,	NULL,	NULL,	32,	1,	30,	0,	NULL,	'2020-12-15 07:44:00',	NULL,	NULL,	NULL,	NULL),
(2853,	48,	NULL,	NULL,	33,	1,	31,	0,	NULL,	'2020-12-15 07:44:00',	NULL,	NULL,	NULL,	NULL),
(2854,	48,	NULL,	NULL,	34,	1,	32,	0,	NULL,	'2020-12-15 07:44:00',	NULL,	NULL,	NULL,	NULL),
(2855,	48,	NULL,	NULL,	35,	1,	33,	0,	NULL,	'2020-12-15 07:44:00',	NULL,	NULL,	NULL,	NULL),
(2856,	48,	NULL,	NULL,	36,	1,	34,	0,	NULL,	'2020-12-15 07:44:00',	NULL,	NULL,	NULL,	NULL),
(2857,	48,	NULL,	NULL,	37,	1,	35,	0,	NULL,	'2020-12-15 07:44:00',	NULL,	NULL,	NULL,	NULL),
(2858,	48,	NULL,	NULL,	38,	1,	36,	0,	NULL,	'2020-12-15 07:44:00',	NULL,	NULL,	NULL,	NULL),
(2859,	48,	NULL,	NULL,	39,	1,	37,	0,	NULL,	'2020-12-15 07:44:00',	NULL,	NULL,	NULL,	NULL),
(2860,	48,	NULL,	NULL,	40,	1,	38,	0,	NULL,	'2020-12-15 07:44:00',	NULL,	NULL,	NULL,	NULL),
(2861,	48,	NULL,	NULL,	41,	1,	39,	0,	NULL,	'2020-12-15 07:44:00',	NULL,	NULL,	NULL,	NULL),
(2862,	48,	NULL,	NULL,	42,	1,	40,	0,	NULL,	'2020-12-15 07:44:00',	NULL,	NULL,	NULL,	NULL),
(2863,	48,	NULL,	NULL,	43,	1,	41,	0,	NULL,	'2020-12-15 07:44:00',	NULL,	NULL,	NULL,	NULL),
(2864,	48,	NULL,	NULL,	44,	1,	42,	0,	NULL,	'2020-12-15 07:44:00',	NULL,	NULL,	NULL,	NULL),
(2865,	48,	NULL,	NULL,	45,	1,	43,	0,	NULL,	'2020-12-15 07:44:00',	NULL,	NULL,	NULL,	NULL),
(2866,	48,	NULL,	NULL,	46,	1,	44,	0,	NULL,	'2020-12-15 07:44:00',	NULL,	NULL,	NULL,	NULL),
(2867,	48,	NULL,	NULL,	47,	1,	45,	0,	NULL,	'2020-12-15 07:44:00',	NULL,	NULL,	NULL,	NULL),
(2868,	48,	NULL,	NULL,	48,	1,	46,	0,	NULL,	'2020-12-15 07:44:00',	NULL,	NULL,	NULL,	NULL),
(2869,	48,	NULL,	NULL,	49,	1,	47,	0,	NULL,	'2020-12-15 07:44:00',	NULL,	NULL,	NULL,	NULL),
(2870,	48,	NULL,	NULL,	50,	1,	48,	0,	NULL,	'2020-12-15 07:44:00',	NULL,	NULL,	NULL,	NULL),
(2871,	48,	NULL,	NULL,	51,	1,	49,	0,	NULL,	'2020-12-15 07:44:00',	NULL,	NULL,	NULL,	NULL),
(2872,	48,	NULL,	NULL,	52,	1,	50,	0,	NULL,	'2020-12-15 07:44:00',	NULL,	NULL,	NULL,	NULL),
(2873,	48,	NULL,	NULL,	53,	1,	51,	0,	NULL,	'2020-12-15 07:44:00',	NULL,	NULL,	NULL,	NULL),
(2874,	48,	NULL,	NULL,	54,	1,	52,	0,	NULL,	'2020-12-15 07:44:00',	NULL,	NULL,	NULL,	NULL),
(2875,	48,	NULL,	NULL,	55,	1,	53,	0,	NULL,	'2020-12-15 07:44:00',	NULL,	NULL,	NULL,	NULL),
(2876,	48,	NULL,	NULL,	56,	1,	54,	0,	NULL,	'2020-12-15 07:44:00',	NULL,	NULL,	NULL,	NULL),
(2877,	48,	NULL,	NULL,	57,	1,	55,	0,	NULL,	'2020-12-15 07:44:00',	NULL,	NULL,	NULL,	NULL),
(2878,	48,	NULL,	NULL,	58,	1,	56,	0,	NULL,	'2020-12-15 07:44:00',	NULL,	NULL,	NULL,	NULL),
(2879,	48,	NULL,	NULL,	59,	1,	57,	0,	NULL,	'2020-12-15 07:44:00',	NULL,	NULL,	NULL,	NULL),
(2880,	48,	NULL,	NULL,	60,	1,	58,	0,	NULL,	'2020-12-15 07:44:00',	NULL,	NULL,	NULL,	NULL),
(2881,	48,	NULL,	NULL,	61,	1,	59,	0,	NULL,	'2020-12-15 07:44:00',	NULL,	NULL,	NULL,	NULL),
(2882,	48,	NULL,	NULL,	62,	1,	60,	0,	NULL,	'2020-12-15 07:44:00',	NULL,	NULL,	NULL,	NULL),
(2883,	48,	NULL,	NULL,	66,	1,	61,	0,	NULL,	'2020-12-15 07:44:00',	NULL,	NULL,	NULL,	NULL),
(2884,	48,	NULL,	NULL,	67,	1,	62,	0,	NULL,	'2020-12-15 07:44:00',	NULL,	NULL,	NULL,	NULL),
(2885,	48,	NULL,	NULL,	68,	1,	63,	0,	NULL,	'2020-12-15 07:44:00',	NULL,	NULL,	NULL,	NULL),
(2886,	48,	NULL,	NULL,	69,	1,	64,	0,	NULL,	'2020-12-15 07:44:00',	NULL,	NULL,	NULL,	NULL),
(2887,	48,	NULL,	NULL,	70,	1,	65,	0,	NULL,	'2020-12-15 07:44:00',	NULL,	NULL,	NULL,	NULL),
(2888,	48,	NULL,	NULL,	71,	1,	66,	0,	NULL,	'2020-12-15 07:44:00',	NULL,	NULL,	NULL,	NULL),
(2889,	48,	NULL,	NULL,	72,	1,	67,	0,	NULL,	'2020-12-15 07:44:00',	NULL,	NULL,	NULL,	NULL),
(2890,	48,	NULL,	NULL,	73,	1,	68,	0,	NULL,	'2020-12-15 07:44:00',	NULL,	NULL,	NULL,	NULL),
(2891,	48,	NULL,	NULL,	74,	1,	69,	0,	NULL,	'2020-12-15 07:44:00',	NULL,	NULL,	NULL,	NULL),
(2892,	48,	NULL,	NULL,	75,	1,	70,	0,	NULL,	'2020-12-15 07:44:00',	NULL,	NULL,	NULL,	NULL),
(2893,	48,	NULL,	NULL,	76,	1,	71,	0,	NULL,	'2020-12-15 07:44:00',	NULL,	NULL,	NULL,	NULL),
(2894,	48,	NULL,	NULL,	77,	1,	72,	0,	NULL,	'2020-12-15 07:44:00',	NULL,	NULL,	NULL,	NULL),
(2895,	48,	NULL,	NULL,	78,	1,	73,	0,	NULL,	'2020-12-15 07:44:00',	NULL,	NULL,	NULL,	NULL),
(2896,	48,	NULL,	NULL,	79,	1,	74,	0,	NULL,	'2020-12-15 07:44:00',	NULL,	NULL,	NULL,	NULL),
(2897,	48,	NULL,	NULL,	80,	1,	75,	0,	NULL,	'2020-12-15 07:44:00',	NULL,	NULL,	NULL,	NULL),
(2898,	48,	NULL,	NULL,	81,	1,	76,	0,	NULL,	'2020-12-15 07:44:00',	NULL,	NULL,	NULL,	NULL),
(2899,	48,	NULL,	NULL,	82,	1,	77,	0,	NULL,	'2020-12-15 07:44:00',	NULL,	NULL,	NULL,	NULL),
(2900,	48,	NULL,	NULL,	89,	1,	78,	0,	NULL,	'2020-12-15 07:44:00',	NULL,	NULL,	NULL,	NULL),
(2901,	48,	NULL,	NULL,	90,	1,	79,	0,	NULL,	'2020-12-15 07:44:00',	NULL,	NULL,	NULL,	NULL),
(2902,	48,	NULL,	NULL,	91,	1,	80,	0,	NULL,	'2020-12-15 07:44:00',	NULL,	NULL,	NULL,	NULL),
(2903,	48,	NULL,	NULL,	92,	1,	81,	0,	NULL,	'2020-12-15 07:44:00',	NULL,	NULL,	NULL,	NULL),
(2904,	48,	NULL,	NULL,	93,	1,	82,	0,	NULL,	'2020-12-15 07:44:00',	NULL,	NULL,	NULL,	NULL),
(2905,	48,	NULL,	NULL,	94,	1,	83,	0,	NULL,	'2020-12-15 07:44:00',	NULL,	NULL,	NULL,	NULL),
(2906,	48,	NULL,	NULL,	95,	1,	84,	0,	NULL,	'2020-12-15 07:44:00',	NULL,	NULL,	NULL,	NULL),
(2907,	48,	NULL,	NULL,	96,	1,	85,	0,	NULL,	'2020-12-15 07:44:00',	NULL,	NULL,	NULL,	NULL),
(2908,	48,	NULL,	NULL,	97,	1,	86,	0,	NULL,	'2020-12-15 07:44:00',	NULL,	NULL,	NULL,	NULL),
(2909,	48,	NULL,	NULL,	98,	1,	87,	0,	NULL,	'2020-12-15 07:44:00',	NULL,	NULL,	NULL,	NULL),
(2910,	48,	NULL,	NULL,	99,	1,	88,	0,	NULL,	'2020-12-15 07:44:00',	NULL,	NULL,	NULL,	NULL),
(2911,	48,	NULL,	NULL,	100,	1,	89,	0,	NULL,	'2020-12-15 07:44:00',	NULL,	NULL,	NULL,	NULL),
(2912,	39,	NULL,	NULL,	1,	1,	1,	1,	NULL,	'2020-12-15 07:46:18',	NULL,	NULL,	NULL,	NULL),
(2913,	39,	NULL,	NULL,	2,	1,	2,	1,	NULL,	'2020-12-15 07:46:18',	NULL,	NULL,	NULL,	NULL),
(2914,	39,	NULL,	NULL,	3,	1,	3,	1,	NULL,	'2020-12-15 07:46:18',	NULL,	NULL,	NULL,	NULL),
(2915,	39,	NULL,	NULL,	4,	1,	4,	1,	NULL,	'2020-12-15 07:46:18',	NULL,	NULL,	NULL,	NULL),
(2916,	39,	NULL,	NULL,	5,	1,	5,	1,	NULL,	'2020-12-15 07:46:18',	NULL,	NULL,	NULL,	NULL),
(2917,	39,	NULL,	NULL,	6,	1,	6,	1,	NULL,	'2020-12-15 07:46:18',	NULL,	NULL,	NULL,	NULL),
(2918,	39,	NULL,	NULL,	7,	1,	7,	1,	NULL,	'2020-12-15 07:46:18',	NULL,	NULL,	NULL,	NULL),
(2919,	39,	NULL,	NULL,	8,	1,	8,	1,	NULL,	'2020-12-15 07:46:18',	NULL,	NULL,	NULL,	NULL),
(2920,	39,	NULL,	NULL,	9,	1,	9,	0,	NULL,	'2020-12-15 07:46:18',	NULL,	NULL,	NULL,	NULL),
(2921,	39,	NULL,	NULL,	10,	1,	10,	0,	NULL,	'2020-12-15 07:46:18',	NULL,	NULL,	NULL,	NULL),
(2922,	39,	NULL,	NULL,	11,	1,	11,	0,	NULL,	'2020-12-15 07:46:18',	NULL,	NULL,	NULL,	NULL),
(2923,	39,	NULL,	NULL,	12,	1,	12,	0,	NULL,	'2020-12-15 07:46:18',	NULL,	NULL,	NULL,	NULL),
(2924,	39,	NULL,	NULL,	13,	1,	13,	0,	NULL,	'2020-12-15 07:46:18',	NULL,	NULL,	NULL,	NULL),
(2925,	39,	NULL,	NULL,	14,	1,	14,	0,	NULL,	'2020-12-15 07:46:18',	NULL,	NULL,	NULL,	NULL),
(2926,	39,	NULL,	NULL,	15,	1,	15,	0,	NULL,	'2020-12-15 07:46:18',	NULL,	NULL,	NULL,	NULL),
(2927,	39,	NULL,	NULL,	16,	1,	16,	0,	NULL,	'2020-12-15 07:46:18',	NULL,	NULL,	NULL,	NULL),
(2928,	39,	NULL,	NULL,	17,	1,	17,	0,	NULL,	'2020-12-15 07:46:18',	NULL,	NULL,	NULL,	NULL),
(2929,	39,	NULL,	NULL,	18,	1,	18,	0,	NULL,	'2020-12-15 07:46:18',	NULL,	NULL,	NULL,	NULL),
(2930,	39,	NULL,	NULL,	21,	1,	19,	0,	NULL,	'2020-12-15 07:46:18',	NULL,	NULL,	NULL,	NULL),
(2931,	39,	NULL,	NULL,	22,	1,	20,	0,	NULL,	'2020-12-15 07:46:18',	NULL,	NULL,	NULL,	NULL),
(2932,	39,	NULL,	NULL,	23,	1,	21,	0,	NULL,	'2020-12-15 07:46:18',	NULL,	NULL,	NULL,	NULL),
(2933,	39,	NULL,	NULL,	24,	1,	22,	1,	NULL,	'2020-12-15 07:46:18',	NULL,	NULL,	NULL,	NULL),
(2934,	39,	NULL,	NULL,	25,	1,	23,	0,	NULL,	'2020-12-15 07:46:18',	NULL,	NULL,	NULL,	NULL),
(2935,	39,	NULL,	NULL,	26,	1,	24,	0,	NULL,	'2020-12-15 07:46:18',	NULL,	NULL,	NULL,	NULL),
(2936,	39,	NULL,	NULL,	27,	1,	25,	0,	NULL,	'2020-12-15 07:46:18',	NULL,	NULL,	NULL,	NULL),
(2937,	39,	NULL,	NULL,	28,	1,	26,	0,	NULL,	'2020-12-15 07:46:18',	NULL,	NULL,	NULL,	NULL),
(2938,	39,	NULL,	NULL,	29,	1,	27,	0,	NULL,	'2020-12-15 07:46:18',	NULL,	NULL,	NULL,	NULL),
(2939,	39,	NULL,	NULL,	30,	1,	28,	0,	NULL,	'2020-12-15 07:46:18',	NULL,	NULL,	NULL,	NULL),
(2940,	39,	NULL,	NULL,	31,	1,	29,	0,	NULL,	'2020-12-15 07:46:18',	NULL,	NULL,	NULL,	NULL),
(2941,	39,	NULL,	NULL,	32,	1,	30,	0,	NULL,	'2020-12-15 07:46:18',	NULL,	NULL,	NULL,	NULL),
(2942,	39,	NULL,	NULL,	33,	1,	31,	0,	NULL,	'2020-12-15 07:46:18',	NULL,	NULL,	NULL,	NULL),
(2943,	39,	NULL,	NULL,	34,	1,	32,	0,	NULL,	'2020-12-15 07:46:18',	NULL,	NULL,	NULL,	NULL),
(2944,	39,	NULL,	NULL,	35,	1,	33,	0,	NULL,	'2020-12-15 07:46:18',	NULL,	NULL,	NULL,	NULL),
(2945,	39,	NULL,	NULL,	36,	1,	34,	0,	NULL,	'2020-12-15 07:46:18',	NULL,	NULL,	NULL,	NULL),
(2946,	39,	NULL,	NULL,	37,	1,	35,	0,	NULL,	'2020-12-15 07:46:18',	NULL,	NULL,	NULL,	NULL),
(2947,	39,	NULL,	NULL,	38,	1,	36,	0,	NULL,	'2020-12-15 07:46:18',	NULL,	NULL,	NULL,	NULL),
(2948,	39,	NULL,	NULL,	39,	1,	37,	0,	NULL,	'2020-12-15 07:46:18',	NULL,	NULL,	NULL,	NULL),
(2949,	39,	NULL,	NULL,	40,	1,	38,	0,	NULL,	'2020-12-15 07:46:18',	NULL,	NULL,	NULL,	NULL),
(2950,	39,	NULL,	NULL,	41,	1,	39,	0,	NULL,	'2020-12-15 07:46:18',	NULL,	NULL,	NULL,	NULL),
(2951,	39,	NULL,	NULL,	42,	1,	40,	0,	NULL,	'2020-12-15 07:46:18',	NULL,	NULL,	NULL,	NULL),
(2952,	39,	NULL,	NULL,	43,	1,	41,	0,	NULL,	'2020-12-15 07:46:18',	NULL,	NULL,	NULL,	NULL),
(2953,	39,	NULL,	NULL,	44,	1,	42,	0,	NULL,	'2020-12-15 07:46:18',	NULL,	NULL,	NULL,	NULL),
(2954,	39,	NULL,	NULL,	45,	1,	43,	0,	NULL,	'2020-12-15 07:46:18',	NULL,	NULL,	NULL,	NULL),
(2955,	39,	NULL,	NULL,	46,	1,	44,	0,	NULL,	'2020-12-15 07:46:18',	NULL,	NULL,	NULL,	NULL),
(2956,	39,	NULL,	NULL,	47,	1,	45,	0,	NULL,	'2020-12-15 07:46:18',	NULL,	NULL,	NULL,	NULL),
(2957,	39,	NULL,	NULL,	48,	1,	46,	0,	NULL,	'2020-12-15 07:46:18',	NULL,	NULL,	NULL,	NULL),
(2958,	39,	NULL,	NULL,	49,	1,	47,	0,	NULL,	'2020-12-15 07:46:18',	NULL,	NULL,	NULL,	NULL),
(2959,	39,	NULL,	NULL,	50,	1,	48,	0,	NULL,	'2020-12-15 07:46:18',	NULL,	NULL,	NULL,	NULL),
(2960,	39,	NULL,	NULL,	51,	1,	49,	0,	NULL,	'2020-12-15 07:46:18',	NULL,	NULL,	NULL,	NULL),
(2961,	39,	NULL,	NULL,	52,	1,	50,	0,	NULL,	'2020-12-15 07:46:18',	NULL,	NULL,	NULL,	NULL),
(2962,	39,	NULL,	NULL,	53,	1,	51,	0,	NULL,	'2020-12-15 07:46:18',	NULL,	NULL,	NULL,	NULL),
(2963,	39,	NULL,	NULL,	54,	1,	52,	0,	NULL,	'2020-12-15 07:46:18',	NULL,	NULL,	NULL,	NULL),
(2964,	39,	NULL,	NULL,	55,	1,	53,	0,	NULL,	'2020-12-15 07:46:18',	NULL,	NULL,	NULL,	NULL),
(2965,	39,	NULL,	NULL,	56,	1,	54,	0,	NULL,	'2020-12-15 07:46:18',	NULL,	NULL,	NULL,	NULL),
(2966,	39,	NULL,	NULL,	57,	1,	55,	0,	NULL,	'2020-12-15 07:46:18',	NULL,	NULL,	NULL,	NULL),
(2967,	39,	NULL,	NULL,	58,	1,	56,	0,	NULL,	'2020-12-15 07:46:18',	NULL,	NULL,	NULL,	NULL),
(2968,	39,	NULL,	NULL,	59,	1,	57,	0,	NULL,	'2020-12-15 07:46:18',	NULL,	NULL,	NULL,	NULL),
(2969,	39,	NULL,	NULL,	60,	1,	58,	0,	NULL,	'2020-12-15 07:46:18',	NULL,	NULL,	NULL,	NULL),
(2970,	39,	NULL,	NULL,	61,	1,	59,	0,	NULL,	'2020-12-15 07:46:18',	NULL,	NULL,	NULL,	NULL),
(2971,	39,	NULL,	NULL,	62,	1,	60,	0,	NULL,	'2020-12-15 07:46:18',	NULL,	NULL,	NULL,	NULL),
(2972,	39,	NULL,	NULL,	66,	1,	61,	0,	NULL,	'2020-12-15 07:46:18',	NULL,	NULL,	NULL,	NULL),
(2973,	39,	NULL,	NULL,	67,	1,	62,	0,	NULL,	'2020-12-15 07:46:18',	NULL,	NULL,	NULL,	NULL),
(2974,	39,	NULL,	NULL,	68,	1,	63,	0,	NULL,	'2020-12-15 07:46:18',	NULL,	NULL,	NULL,	NULL),
(2975,	39,	NULL,	NULL,	69,	1,	64,	0,	NULL,	'2020-12-15 07:46:18',	NULL,	NULL,	NULL,	NULL),
(2976,	39,	NULL,	NULL,	70,	1,	65,	0,	NULL,	'2020-12-15 07:46:18',	NULL,	NULL,	NULL,	NULL),
(2977,	39,	NULL,	NULL,	71,	1,	66,	0,	NULL,	'2020-12-15 07:46:18',	NULL,	NULL,	NULL,	NULL),
(2978,	39,	NULL,	NULL,	72,	1,	67,	0,	NULL,	'2020-12-15 07:46:18',	NULL,	NULL,	NULL,	NULL),
(2979,	39,	NULL,	NULL,	73,	1,	68,	0,	NULL,	'2020-12-15 07:46:18',	NULL,	NULL,	NULL,	NULL),
(2980,	39,	NULL,	NULL,	74,	1,	69,	0,	NULL,	'2020-12-15 07:46:18',	NULL,	NULL,	NULL,	NULL),
(2981,	39,	NULL,	NULL,	75,	1,	70,	0,	NULL,	'2020-12-15 07:46:18',	NULL,	NULL,	NULL,	NULL),
(2982,	39,	NULL,	NULL,	76,	1,	71,	0,	NULL,	'2020-12-15 07:46:18',	NULL,	NULL,	NULL,	NULL),
(2983,	39,	NULL,	NULL,	77,	1,	72,	0,	NULL,	'2020-12-15 07:46:18',	NULL,	NULL,	NULL,	NULL),
(2984,	39,	NULL,	NULL,	78,	1,	73,	0,	NULL,	'2020-12-15 07:46:18',	NULL,	NULL,	NULL,	NULL),
(2985,	39,	NULL,	NULL,	79,	1,	74,	0,	NULL,	'2020-12-15 07:46:18',	NULL,	NULL,	NULL,	NULL),
(2986,	39,	NULL,	NULL,	80,	1,	75,	0,	NULL,	'2020-12-15 07:46:18',	NULL,	NULL,	NULL,	NULL),
(2987,	39,	NULL,	NULL,	81,	1,	76,	0,	NULL,	'2020-12-15 07:46:18',	NULL,	NULL,	NULL,	NULL),
(2988,	39,	NULL,	NULL,	82,	1,	77,	0,	NULL,	'2020-12-15 07:46:18',	NULL,	NULL,	NULL,	NULL),
(2989,	39,	NULL,	NULL,	89,	1,	78,	0,	NULL,	'2020-12-15 07:46:18',	NULL,	NULL,	NULL,	NULL),
(2990,	39,	NULL,	NULL,	90,	1,	79,	0,	NULL,	'2020-12-15 07:46:18',	NULL,	NULL,	NULL,	NULL),
(2991,	39,	NULL,	NULL,	91,	1,	80,	0,	NULL,	'2020-12-15 07:46:18',	NULL,	NULL,	NULL,	NULL),
(2992,	39,	NULL,	NULL,	92,	1,	81,	0,	NULL,	'2020-12-15 07:46:18',	NULL,	NULL,	NULL,	NULL),
(2993,	39,	NULL,	NULL,	93,	1,	82,	0,	NULL,	'2020-12-15 07:46:18',	NULL,	NULL,	NULL,	NULL),
(2994,	39,	NULL,	NULL,	94,	1,	83,	0,	NULL,	'2020-12-15 07:46:18',	NULL,	NULL,	NULL,	NULL),
(2995,	39,	NULL,	NULL,	95,	1,	84,	0,	NULL,	'2020-12-15 07:46:18',	NULL,	NULL,	NULL,	NULL),
(2996,	39,	NULL,	NULL,	96,	1,	85,	0,	NULL,	'2020-12-15 07:46:18',	NULL,	NULL,	NULL,	NULL),
(2997,	39,	NULL,	NULL,	97,	1,	86,	0,	NULL,	'2020-12-15 07:46:18',	NULL,	NULL,	NULL,	NULL),
(2998,	39,	NULL,	NULL,	98,	1,	87,	0,	NULL,	'2020-12-15 07:46:18',	NULL,	NULL,	NULL,	NULL),
(2999,	39,	NULL,	NULL,	99,	1,	88,	0,	NULL,	'2020-12-15 07:46:18',	NULL,	NULL,	NULL,	NULL),
(3000,	39,	NULL,	NULL,	100,	1,	89,	0,	NULL,	'2020-12-15 07:46:18',	NULL,	NULL,	NULL,	NULL),
(3001,	30,	NULL,	NULL,	1,	1,	1,	1,	NULL,	'2020-12-15 07:49:29',	NULL,	NULL,	NULL,	NULL),
(3002,	30,	NULL,	NULL,	2,	1,	2,	1,	NULL,	'2020-12-15 07:49:29',	NULL,	NULL,	NULL,	NULL),
(3003,	30,	NULL,	NULL,	3,	1,	3,	1,	NULL,	'2020-12-15 07:49:29',	NULL,	NULL,	NULL,	NULL),
(3004,	30,	NULL,	NULL,	4,	1,	4,	1,	NULL,	'2020-12-15 07:49:29',	NULL,	NULL,	NULL,	NULL),
(3005,	30,	NULL,	NULL,	5,	1,	5,	1,	NULL,	'2020-12-15 07:49:29',	NULL,	NULL,	NULL,	NULL),
(3006,	30,	NULL,	NULL,	6,	1,	6,	1,	NULL,	'2020-12-15 07:49:29',	NULL,	NULL,	NULL,	NULL),
(3007,	30,	NULL,	NULL,	7,	1,	7,	1,	NULL,	'2020-12-15 07:49:29',	NULL,	NULL,	NULL,	NULL),
(3008,	30,	NULL,	NULL,	8,	1,	8,	1,	NULL,	'2020-12-15 07:49:29',	NULL,	NULL,	NULL,	NULL),
(3009,	30,	NULL,	NULL,	9,	1,	9,	0,	NULL,	'2020-12-15 07:49:29',	NULL,	NULL,	NULL,	NULL),
(3010,	30,	NULL,	NULL,	10,	1,	10,	0,	NULL,	'2020-12-15 07:49:29',	NULL,	NULL,	NULL,	NULL),
(3011,	30,	NULL,	NULL,	11,	1,	11,	0,	NULL,	'2020-12-15 07:49:29',	NULL,	NULL,	NULL,	NULL),
(3012,	30,	NULL,	NULL,	12,	1,	12,	0,	NULL,	'2020-12-15 07:49:29',	NULL,	NULL,	NULL,	NULL),
(3013,	30,	NULL,	NULL,	13,	1,	13,	0,	NULL,	'2020-12-15 07:49:29',	NULL,	NULL,	NULL,	NULL),
(3014,	30,	NULL,	NULL,	14,	1,	14,	0,	NULL,	'2020-12-15 07:49:29',	NULL,	NULL,	NULL,	NULL),
(3015,	30,	NULL,	NULL,	15,	1,	15,	0,	NULL,	'2020-12-15 07:49:29',	NULL,	NULL,	NULL,	NULL),
(3016,	30,	NULL,	NULL,	16,	1,	16,	0,	NULL,	'2020-12-15 07:49:29',	NULL,	NULL,	NULL,	NULL),
(3017,	30,	NULL,	NULL,	17,	1,	17,	0,	NULL,	'2020-12-15 07:49:29',	NULL,	NULL,	NULL,	NULL),
(3018,	30,	NULL,	NULL,	18,	1,	18,	0,	NULL,	'2020-12-15 07:49:29',	NULL,	NULL,	NULL,	NULL),
(3019,	30,	NULL,	NULL,	21,	1,	19,	0,	NULL,	'2020-12-15 07:49:29',	NULL,	NULL,	NULL,	NULL),
(3020,	30,	NULL,	NULL,	22,	1,	20,	0,	NULL,	'2020-12-15 07:49:29',	NULL,	NULL,	NULL,	NULL),
(3021,	30,	NULL,	NULL,	23,	1,	21,	0,	NULL,	'2020-12-15 07:49:29',	NULL,	NULL,	NULL,	NULL),
(3022,	30,	NULL,	NULL,	24,	1,	22,	1,	NULL,	'2020-12-15 07:49:29',	NULL,	NULL,	NULL,	NULL),
(3023,	30,	NULL,	NULL,	25,	1,	23,	0,	NULL,	'2020-12-15 07:49:29',	NULL,	NULL,	NULL,	NULL),
(3024,	30,	NULL,	NULL,	26,	1,	24,	0,	NULL,	'2020-12-15 07:49:29',	NULL,	NULL,	NULL,	NULL),
(3025,	30,	NULL,	NULL,	27,	1,	25,	0,	NULL,	'2020-12-15 07:49:29',	NULL,	NULL,	NULL,	NULL),
(3026,	30,	NULL,	NULL,	28,	1,	26,	0,	NULL,	'2020-12-15 07:49:29',	NULL,	NULL,	NULL,	NULL),
(3027,	30,	NULL,	NULL,	29,	1,	27,	0,	NULL,	'2020-12-15 07:49:29',	NULL,	NULL,	NULL,	NULL),
(3028,	30,	NULL,	NULL,	30,	1,	28,	0,	NULL,	'2020-12-15 07:49:29',	NULL,	NULL,	NULL,	NULL),
(3029,	30,	NULL,	NULL,	31,	1,	29,	0,	NULL,	'2020-12-15 07:49:29',	NULL,	NULL,	NULL,	NULL),
(3030,	30,	NULL,	NULL,	32,	1,	30,	0,	NULL,	'2020-12-15 07:49:29',	NULL,	NULL,	NULL,	NULL),
(3031,	30,	NULL,	NULL,	33,	1,	31,	0,	NULL,	'2020-12-15 07:49:29',	NULL,	NULL,	NULL,	NULL),
(3032,	30,	NULL,	NULL,	34,	1,	32,	0,	NULL,	'2020-12-15 07:49:29',	NULL,	NULL,	NULL,	NULL),
(3033,	30,	NULL,	NULL,	35,	1,	33,	0,	NULL,	'2020-12-15 07:49:29',	NULL,	NULL,	NULL,	NULL),
(3034,	30,	NULL,	NULL,	36,	1,	34,	0,	NULL,	'2020-12-15 07:49:29',	NULL,	NULL,	NULL,	NULL),
(3035,	30,	NULL,	NULL,	37,	1,	35,	0,	NULL,	'2020-12-15 07:49:29',	NULL,	NULL,	NULL,	NULL),
(3036,	30,	NULL,	NULL,	38,	1,	36,	0,	NULL,	'2020-12-15 07:49:29',	NULL,	NULL,	NULL,	NULL),
(3037,	30,	NULL,	NULL,	39,	1,	37,	0,	NULL,	'2020-12-15 07:49:29',	NULL,	NULL,	NULL,	NULL),
(3038,	30,	NULL,	NULL,	40,	1,	38,	0,	NULL,	'2020-12-15 07:49:29',	NULL,	NULL,	NULL,	NULL),
(3039,	30,	NULL,	NULL,	41,	1,	39,	0,	NULL,	'2020-12-15 07:49:29',	NULL,	NULL,	NULL,	NULL),
(3040,	30,	NULL,	NULL,	42,	1,	40,	0,	NULL,	'2020-12-15 07:49:29',	NULL,	NULL,	NULL,	NULL),
(3041,	30,	NULL,	NULL,	43,	1,	41,	0,	NULL,	'2020-12-15 07:49:29',	NULL,	NULL,	NULL,	NULL),
(3042,	30,	NULL,	NULL,	44,	1,	42,	0,	NULL,	'2020-12-15 07:49:29',	NULL,	NULL,	NULL,	NULL),
(3043,	30,	NULL,	NULL,	45,	1,	43,	0,	NULL,	'2020-12-15 07:49:29',	NULL,	NULL,	NULL,	NULL),
(3044,	30,	NULL,	NULL,	46,	1,	44,	0,	NULL,	'2020-12-15 07:49:29',	NULL,	NULL,	NULL,	NULL),
(3045,	30,	NULL,	NULL,	47,	1,	45,	0,	NULL,	'2020-12-15 07:49:29',	NULL,	NULL,	NULL,	NULL),
(3046,	30,	NULL,	NULL,	48,	1,	46,	0,	NULL,	'2020-12-15 07:49:29',	NULL,	NULL,	NULL,	NULL),
(3047,	30,	NULL,	NULL,	49,	1,	47,	0,	NULL,	'2020-12-15 07:49:29',	NULL,	NULL,	NULL,	NULL),
(3048,	30,	NULL,	NULL,	50,	1,	48,	0,	NULL,	'2020-12-15 07:49:29',	NULL,	NULL,	NULL,	NULL),
(3049,	30,	NULL,	NULL,	51,	1,	49,	0,	NULL,	'2020-12-15 07:49:29',	NULL,	NULL,	NULL,	NULL),
(3050,	30,	NULL,	NULL,	52,	1,	50,	0,	NULL,	'2020-12-15 07:49:29',	NULL,	NULL,	NULL,	NULL),
(3051,	30,	NULL,	NULL,	53,	1,	51,	0,	NULL,	'2020-12-15 07:49:29',	NULL,	NULL,	NULL,	NULL),
(3052,	30,	NULL,	NULL,	54,	1,	52,	0,	NULL,	'2020-12-15 07:49:29',	NULL,	NULL,	NULL,	NULL),
(3053,	30,	NULL,	NULL,	55,	1,	53,	0,	NULL,	'2020-12-15 07:49:29',	NULL,	NULL,	NULL,	NULL),
(3054,	30,	NULL,	NULL,	56,	1,	54,	0,	NULL,	'2020-12-15 07:49:29',	NULL,	NULL,	NULL,	NULL),
(3055,	30,	NULL,	NULL,	57,	1,	55,	0,	NULL,	'2020-12-15 07:49:29',	NULL,	NULL,	NULL,	NULL),
(3056,	30,	NULL,	NULL,	58,	1,	56,	0,	NULL,	'2020-12-15 07:49:29',	NULL,	NULL,	NULL,	NULL),
(3057,	30,	NULL,	NULL,	59,	1,	57,	0,	NULL,	'2020-12-15 07:49:29',	NULL,	NULL,	NULL,	NULL),
(3058,	30,	NULL,	NULL,	60,	1,	58,	0,	NULL,	'2020-12-15 07:49:29',	NULL,	NULL,	NULL,	NULL),
(3059,	30,	NULL,	NULL,	61,	1,	59,	0,	NULL,	'2020-12-15 07:49:29',	NULL,	NULL,	NULL,	NULL),
(3060,	30,	NULL,	NULL,	62,	1,	60,	0,	NULL,	'2020-12-15 07:49:29',	NULL,	NULL,	NULL,	NULL),
(3061,	30,	NULL,	NULL,	66,	1,	61,	0,	NULL,	'2020-12-15 07:49:29',	NULL,	NULL,	NULL,	NULL),
(3062,	30,	NULL,	NULL,	67,	1,	62,	0,	NULL,	'2020-12-15 07:49:29',	NULL,	NULL,	NULL,	NULL),
(3063,	30,	NULL,	NULL,	68,	1,	63,	0,	NULL,	'2020-12-15 07:49:29',	NULL,	NULL,	NULL,	NULL),
(3064,	30,	NULL,	NULL,	69,	1,	64,	0,	NULL,	'2020-12-15 07:49:29',	NULL,	NULL,	NULL,	NULL),
(3065,	30,	NULL,	NULL,	70,	1,	65,	0,	NULL,	'2020-12-15 07:49:29',	NULL,	NULL,	NULL,	NULL),
(3066,	30,	NULL,	NULL,	71,	1,	66,	0,	NULL,	'2020-12-15 07:49:29',	NULL,	NULL,	NULL,	NULL),
(3067,	30,	NULL,	NULL,	72,	1,	67,	0,	NULL,	'2020-12-15 07:49:29',	NULL,	NULL,	NULL,	NULL),
(3068,	30,	NULL,	NULL,	73,	1,	68,	0,	NULL,	'2020-12-15 07:49:29',	NULL,	NULL,	NULL,	NULL),
(3069,	30,	NULL,	NULL,	74,	1,	69,	0,	NULL,	'2020-12-15 07:49:29',	NULL,	NULL,	NULL,	NULL),
(3070,	30,	NULL,	NULL,	75,	1,	70,	0,	NULL,	'2020-12-15 07:49:29',	NULL,	NULL,	NULL,	NULL),
(3071,	30,	NULL,	NULL,	76,	1,	71,	0,	NULL,	'2020-12-15 07:49:29',	NULL,	NULL,	NULL,	NULL),
(3072,	30,	NULL,	NULL,	77,	1,	72,	0,	NULL,	'2020-12-15 07:49:29',	NULL,	NULL,	NULL,	NULL),
(3073,	30,	NULL,	NULL,	78,	1,	73,	0,	NULL,	'2020-12-15 07:49:29',	NULL,	NULL,	NULL,	NULL),
(3074,	30,	NULL,	NULL,	79,	1,	74,	0,	NULL,	'2020-12-15 07:49:29',	NULL,	NULL,	NULL,	NULL),
(3075,	30,	NULL,	NULL,	80,	1,	75,	0,	NULL,	'2020-12-15 07:49:29',	NULL,	NULL,	NULL,	NULL),
(3076,	30,	NULL,	NULL,	81,	1,	76,	0,	NULL,	'2020-12-15 07:49:29',	NULL,	NULL,	NULL,	NULL),
(3077,	30,	NULL,	NULL,	82,	1,	77,	0,	NULL,	'2020-12-15 07:49:29',	NULL,	NULL,	NULL,	NULL),
(3078,	30,	NULL,	NULL,	89,	1,	78,	0,	NULL,	'2020-12-15 07:49:29',	NULL,	NULL,	NULL,	NULL),
(3079,	30,	NULL,	NULL,	90,	1,	79,	0,	NULL,	'2020-12-15 07:49:29',	NULL,	NULL,	NULL,	NULL),
(3080,	30,	NULL,	NULL,	91,	1,	80,	0,	NULL,	'2020-12-15 07:49:29',	NULL,	NULL,	NULL,	NULL),
(3081,	30,	NULL,	NULL,	92,	1,	81,	0,	NULL,	'2020-12-15 07:49:29',	NULL,	NULL,	NULL,	NULL),
(3082,	30,	NULL,	NULL,	93,	1,	82,	0,	NULL,	'2020-12-15 07:49:29',	NULL,	NULL,	NULL,	NULL),
(3083,	30,	NULL,	NULL,	94,	1,	83,	0,	NULL,	'2020-12-15 07:49:29',	NULL,	NULL,	NULL,	NULL),
(3084,	30,	NULL,	NULL,	95,	1,	84,	0,	NULL,	'2020-12-15 07:49:29',	NULL,	NULL,	NULL,	NULL),
(3085,	30,	NULL,	NULL,	96,	1,	85,	0,	NULL,	'2020-12-15 07:49:29',	NULL,	NULL,	NULL,	NULL),
(3086,	30,	NULL,	NULL,	97,	1,	86,	0,	NULL,	'2020-12-15 07:49:29',	NULL,	NULL,	NULL,	NULL),
(3087,	30,	NULL,	NULL,	98,	1,	87,	0,	NULL,	'2020-12-15 07:49:29',	NULL,	NULL,	NULL,	NULL),
(3088,	30,	NULL,	NULL,	99,	1,	88,	0,	NULL,	'2020-12-15 07:49:29',	NULL,	NULL,	NULL,	NULL),
(3089,	30,	NULL,	NULL,	100,	1,	89,	0,	NULL,	'2020-12-15 07:49:29',	NULL,	NULL,	NULL,	NULL),
(3090,	31,	NULL,	NULL,	1,	1,	1,	1,	NULL,	'2020-12-15 08:03:15',	NULL,	NULL,	NULL,	NULL),
(3091,	31,	NULL,	NULL,	2,	1,	2,	1,	NULL,	'2020-12-15 08:03:15',	NULL,	NULL,	NULL,	NULL),
(3092,	31,	NULL,	NULL,	3,	1,	3,	1,	NULL,	'2020-12-15 08:03:15',	NULL,	NULL,	NULL,	NULL),
(3093,	31,	NULL,	NULL,	4,	1,	4,	1,	NULL,	'2020-12-15 08:03:15',	NULL,	NULL,	NULL,	NULL),
(3094,	31,	NULL,	NULL,	5,	1,	5,	1,	NULL,	'2020-12-15 08:03:15',	NULL,	NULL,	NULL,	NULL),
(3095,	31,	NULL,	NULL,	6,	1,	6,	1,	NULL,	'2020-12-15 08:03:15',	NULL,	NULL,	NULL,	NULL),
(3096,	31,	NULL,	NULL,	7,	1,	7,	1,	NULL,	'2020-12-15 08:03:15',	NULL,	NULL,	NULL,	NULL),
(3097,	31,	NULL,	NULL,	8,	1,	8,	1,	NULL,	'2020-12-15 08:03:15',	NULL,	NULL,	NULL,	NULL),
(3098,	31,	NULL,	NULL,	9,	1,	9,	0,	NULL,	'2020-12-15 08:03:15',	NULL,	NULL,	NULL,	NULL),
(3099,	31,	NULL,	NULL,	10,	1,	10,	0,	NULL,	'2020-12-15 08:03:15',	NULL,	NULL,	NULL,	NULL),
(3100,	31,	NULL,	NULL,	11,	1,	11,	0,	NULL,	'2020-12-15 08:03:15',	NULL,	NULL,	NULL,	NULL),
(3101,	31,	NULL,	NULL,	12,	1,	12,	0,	NULL,	'2020-12-15 08:03:15',	NULL,	NULL,	NULL,	NULL),
(3102,	31,	NULL,	NULL,	13,	1,	13,	0,	NULL,	'2020-12-15 08:03:15',	NULL,	NULL,	NULL,	NULL),
(3103,	31,	NULL,	NULL,	14,	1,	14,	0,	NULL,	'2020-12-15 08:03:15',	NULL,	NULL,	NULL,	NULL),
(3104,	31,	NULL,	NULL,	15,	1,	15,	0,	NULL,	'2020-12-15 08:03:15',	NULL,	NULL,	NULL,	NULL),
(3105,	31,	NULL,	NULL,	16,	1,	16,	0,	NULL,	'2020-12-15 08:03:15',	NULL,	NULL,	NULL,	NULL),
(3106,	31,	NULL,	NULL,	17,	1,	17,	0,	NULL,	'2020-12-15 08:03:15',	NULL,	NULL,	NULL,	NULL),
(3107,	31,	NULL,	NULL,	18,	1,	18,	0,	NULL,	'2020-12-15 08:03:15',	NULL,	NULL,	NULL,	NULL),
(3108,	31,	NULL,	NULL,	21,	1,	19,	0,	NULL,	'2020-12-15 08:03:15',	NULL,	NULL,	NULL,	NULL),
(3109,	31,	NULL,	NULL,	22,	1,	20,	0,	NULL,	'2020-12-15 08:03:15',	NULL,	NULL,	NULL,	NULL),
(3110,	31,	NULL,	NULL,	23,	1,	21,	0,	NULL,	'2020-12-15 08:03:15',	NULL,	NULL,	NULL,	NULL),
(3111,	31,	NULL,	NULL,	24,	1,	22,	1,	NULL,	'2020-12-15 08:03:15',	NULL,	NULL,	NULL,	NULL),
(3112,	31,	NULL,	NULL,	25,	1,	23,	0,	NULL,	'2020-12-15 08:03:15',	NULL,	NULL,	NULL,	NULL),
(3113,	31,	NULL,	NULL,	26,	1,	24,	0,	NULL,	'2020-12-15 08:03:15',	NULL,	NULL,	NULL,	NULL),
(3114,	31,	NULL,	NULL,	27,	1,	25,	0,	NULL,	'2020-12-15 08:03:15',	NULL,	NULL,	NULL,	NULL),
(3115,	31,	NULL,	NULL,	28,	1,	26,	0,	NULL,	'2020-12-15 08:03:15',	NULL,	NULL,	NULL,	NULL),
(3116,	31,	NULL,	NULL,	29,	1,	27,	0,	NULL,	'2020-12-15 08:03:15',	NULL,	NULL,	NULL,	NULL),
(3117,	31,	NULL,	NULL,	30,	1,	28,	0,	NULL,	'2020-12-15 08:03:15',	NULL,	NULL,	NULL,	NULL),
(3118,	31,	NULL,	NULL,	31,	1,	29,	0,	NULL,	'2020-12-15 08:03:15',	NULL,	NULL,	NULL,	NULL),
(3119,	31,	NULL,	NULL,	32,	1,	30,	0,	NULL,	'2020-12-15 08:03:15',	NULL,	NULL,	NULL,	NULL),
(3120,	31,	NULL,	NULL,	33,	1,	31,	0,	NULL,	'2020-12-15 08:03:15',	NULL,	NULL,	NULL,	NULL),
(3121,	31,	NULL,	NULL,	34,	1,	32,	0,	NULL,	'2020-12-15 08:03:15',	NULL,	NULL,	NULL,	NULL),
(3122,	31,	NULL,	NULL,	35,	1,	33,	0,	NULL,	'2020-12-15 08:03:15',	NULL,	NULL,	NULL,	NULL),
(3123,	31,	NULL,	NULL,	36,	1,	34,	0,	NULL,	'2020-12-15 08:03:15',	NULL,	NULL,	NULL,	NULL),
(3124,	31,	NULL,	NULL,	37,	1,	35,	0,	NULL,	'2020-12-15 08:03:15',	NULL,	NULL,	NULL,	NULL),
(3125,	31,	NULL,	NULL,	38,	1,	36,	0,	NULL,	'2020-12-15 08:03:15',	NULL,	NULL,	NULL,	NULL),
(3126,	31,	NULL,	NULL,	39,	1,	37,	0,	NULL,	'2020-12-15 08:03:15',	NULL,	NULL,	NULL,	NULL),
(3127,	31,	NULL,	NULL,	40,	1,	38,	0,	NULL,	'2020-12-15 08:03:15',	NULL,	NULL,	NULL,	NULL),
(3128,	31,	NULL,	NULL,	41,	1,	39,	0,	NULL,	'2020-12-15 08:03:15',	NULL,	NULL,	NULL,	NULL),
(3129,	31,	NULL,	NULL,	42,	1,	40,	0,	NULL,	'2020-12-15 08:03:15',	NULL,	NULL,	NULL,	NULL),
(3130,	31,	NULL,	NULL,	43,	1,	41,	0,	NULL,	'2020-12-15 08:03:15',	NULL,	NULL,	NULL,	NULL),
(3131,	31,	NULL,	NULL,	44,	1,	42,	0,	NULL,	'2020-12-15 08:03:15',	NULL,	NULL,	NULL,	NULL),
(3132,	31,	NULL,	NULL,	45,	1,	43,	0,	NULL,	'2020-12-15 08:03:15',	NULL,	NULL,	NULL,	NULL),
(3133,	31,	NULL,	NULL,	46,	1,	44,	0,	NULL,	'2020-12-15 08:03:15',	NULL,	NULL,	NULL,	NULL),
(3134,	31,	NULL,	NULL,	47,	1,	45,	0,	NULL,	'2020-12-15 08:03:15',	NULL,	NULL,	NULL,	NULL),
(3135,	31,	NULL,	NULL,	48,	1,	46,	0,	NULL,	'2020-12-15 08:03:15',	NULL,	NULL,	NULL,	NULL),
(3136,	31,	NULL,	NULL,	49,	1,	47,	0,	NULL,	'2020-12-15 08:03:15',	NULL,	NULL,	NULL,	NULL),
(3137,	31,	NULL,	NULL,	50,	1,	48,	0,	NULL,	'2020-12-15 08:03:15',	NULL,	NULL,	NULL,	NULL),
(3138,	31,	NULL,	NULL,	51,	1,	49,	0,	NULL,	'2020-12-15 08:03:15',	NULL,	NULL,	NULL,	NULL),
(3139,	31,	NULL,	NULL,	52,	1,	50,	0,	NULL,	'2020-12-15 08:03:15',	NULL,	NULL,	NULL,	NULL),
(3140,	31,	NULL,	NULL,	53,	1,	51,	0,	NULL,	'2020-12-15 08:03:15',	NULL,	NULL,	NULL,	NULL),
(3141,	31,	NULL,	NULL,	54,	1,	52,	0,	NULL,	'2020-12-15 08:03:15',	NULL,	NULL,	NULL,	NULL),
(3142,	31,	NULL,	NULL,	55,	1,	53,	0,	NULL,	'2020-12-15 08:03:15',	NULL,	NULL,	NULL,	NULL),
(3143,	31,	NULL,	NULL,	56,	1,	54,	0,	NULL,	'2020-12-15 08:03:15',	NULL,	NULL,	NULL,	NULL),
(3144,	31,	NULL,	NULL,	57,	1,	55,	0,	NULL,	'2020-12-15 08:03:15',	NULL,	NULL,	NULL,	NULL),
(3145,	31,	NULL,	NULL,	58,	1,	56,	0,	NULL,	'2020-12-15 08:03:15',	NULL,	NULL,	NULL,	NULL),
(3146,	31,	NULL,	NULL,	59,	1,	57,	0,	NULL,	'2020-12-15 08:03:15',	NULL,	NULL,	NULL,	NULL),
(3147,	31,	NULL,	NULL,	60,	1,	58,	0,	NULL,	'2020-12-15 08:03:15',	NULL,	NULL,	NULL,	NULL),
(3148,	31,	NULL,	NULL,	61,	1,	59,	0,	NULL,	'2020-12-15 08:03:15',	NULL,	NULL,	NULL,	NULL),
(3149,	31,	NULL,	NULL,	62,	1,	60,	0,	NULL,	'2020-12-15 08:03:15',	NULL,	NULL,	NULL,	NULL),
(3150,	31,	NULL,	NULL,	66,	1,	61,	0,	NULL,	'2020-12-15 08:03:15',	NULL,	NULL,	NULL,	NULL),
(3151,	31,	NULL,	NULL,	67,	1,	62,	0,	NULL,	'2020-12-15 08:03:15',	NULL,	NULL,	NULL,	NULL),
(3152,	31,	NULL,	NULL,	68,	1,	63,	0,	NULL,	'2020-12-15 08:03:15',	NULL,	NULL,	NULL,	NULL),
(3153,	31,	NULL,	NULL,	69,	1,	64,	0,	NULL,	'2020-12-15 08:03:15',	NULL,	NULL,	NULL,	NULL),
(3154,	31,	NULL,	NULL,	70,	1,	65,	0,	NULL,	'2020-12-15 08:03:15',	NULL,	NULL,	NULL,	NULL),
(3155,	31,	NULL,	NULL,	71,	1,	66,	0,	NULL,	'2020-12-15 08:03:15',	NULL,	NULL,	NULL,	NULL),
(3156,	31,	NULL,	NULL,	72,	1,	67,	0,	NULL,	'2020-12-15 08:03:15',	NULL,	NULL,	NULL,	NULL),
(3157,	31,	NULL,	NULL,	73,	1,	68,	0,	NULL,	'2020-12-15 08:03:15',	NULL,	NULL,	NULL,	NULL),
(3158,	31,	NULL,	NULL,	74,	1,	69,	0,	NULL,	'2020-12-15 08:03:15',	NULL,	NULL,	NULL,	NULL),
(3159,	31,	NULL,	NULL,	75,	1,	70,	0,	NULL,	'2020-12-15 08:03:15',	NULL,	NULL,	NULL,	NULL),
(3160,	31,	NULL,	NULL,	76,	1,	71,	0,	NULL,	'2020-12-15 08:03:15',	NULL,	NULL,	NULL,	NULL),
(3161,	31,	NULL,	NULL,	77,	1,	72,	0,	NULL,	'2020-12-15 08:03:15',	NULL,	NULL,	NULL,	NULL),
(3162,	31,	NULL,	NULL,	78,	1,	73,	0,	NULL,	'2020-12-15 08:03:15',	NULL,	NULL,	NULL,	NULL),
(3163,	31,	NULL,	NULL,	79,	1,	74,	0,	NULL,	'2020-12-15 08:03:15',	NULL,	NULL,	NULL,	NULL),
(3164,	31,	NULL,	NULL,	80,	1,	75,	0,	NULL,	'2020-12-15 08:03:15',	NULL,	NULL,	NULL,	NULL),
(3165,	31,	NULL,	NULL,	81,	1,	76,	0,	NULL,	'2020-12-15 08:03:15',	NULL,	NULL,	NULL,	NULL),
(3166,	31,	NULL,	NULL,	82,	1,	77,	0,	NULL,	'2020-12-15 08:03:15',	NULL,	NULL,	NULL,	NULL),
(3167,	31,	NULL,	NULL,	89,	1,	78,	0,	NULL,	'2020-12-15 08:03:15',	NULL,	NULL,	NULL,	NULL),
(3168,	31,	NULL,	NULL,	90,	1,	79,	0,	NULL,	'2020-12-15 08:03:15',	NULL,	NULL,	NULL,	NULL),
(3169,	31,	NULL,	NULL,	91,	1,	80,	0,	NULL,	'2020-12-15 08:03:15',	NULL,	NULL,	NULL,	NULL),
(3170,	31,	NULL,	NULL,	92,	1,	81,	0,	NULL,	'2020-12-15 08:03:15',	NULL,	NULL,	NULL,	NULL),
(3171,	31,	NULL,	NULL,	93,	1,	82,	0,	NULL,	'2020-12-15 08:03:15',	NULL,	NULL,	NULL,	NULL),
(3172,	31,	NULL,	NULL,	94,	1,	83,	0,	NULL,	'2020-12-15 08:03:15',	NULL,	NULL,	NULL,	NULL),
(3173,	31,	NULL,	NULL,	95,	1,	84,	0,	NULL,	'2020-12-15 08:03:15',	NULL,	NULL,	NULL,	NULL),
(3174,	31,	NULL,	NULL,	96,	1,	85,	0,	NULL,	'2020-12-15 08:03:15',	NULL,	NULL,	NULL,	NULL),
(3175,	31,	NULL,	NULL,	97,	1,	86,	0,	NULL,	'2020-12-15 08:03:15',	NULL,	NULL,	NULL,	NULL),
(3176,	31,	NULL,	NULL,	98,	1,	87,	0,	NULL,	'2020-12-15 08:03:15',	NULL,	NULL,	NULL,	NULL),
(3177,	31,	NULL,	NULL,	99,	1,	88,	0,	NULL,	'2020-12-15 08:03:15',	NULL,	NULL,	NULL,	NULL),
(3178,	31,	NULL,	NULL,	100,	1,	89,	0,	NULL,	'2020-12-15 08:03:15',	NULL,	NULL,	NULL,	NULL),
(3179,	32,	NULL,	NULL,	1,	1,	1,	1,	NULL,	'2020-12-15 09:36:41',	NULL,	NULL,	NULL,	NULL),
(3180,	32,	NULL,	NULL,	2,	1,	2,	1,	NULL,	'2020-12-15 09:36:41',	NULL,	NULL,	NULL,	NULL),
(3181,	32,	NULL,	NULL,	3,	1,	3,	1,	NULL,	'2020-12-15 09:36:41',	NULL,	NULL,	NULL,	NULL),
(3182,	32,	NULL,	NULL,	4,	1,	4,	1,	NULL,	'2020-12-15 09:36:41',	NULL,	NULL,	NULL,	NULL),
(3183,	32,	NULL,	NULL,	5,	1,	5,	1,	NULL,	'2020-12-15 09:36:41',	NULL,	NULL,	NULL,	NULL),
(3184,	32,	NULL,	NULL,	6,	1,	6,	1,	NULL,	'2020-12-15 09:36:41',	NULL,	NULL,	NULL,	NULL),
(3185,	32,	NULL,	NULL,	7,	1,	7,	1,	NULL,	'2020-12-15 09:36:41',	NULL,	NULL,	NULL,	NULL),
(3186,	32,	NULL,	NULL,	8,	1,	8,	1,	NULL,	'2020-12-15 09:36:41',	NULL,	NULL,	NULL,	NULL),
(3187,	32,	NULL,	NULL,	9,	1,	9,	0,	NULL,	'2020-12-15 09:36:41',	NULL,	NULL,	NULL,	NULL),
(3188,	32,	NULL,	NULL,	10,	1,	10,	0,	NULL,	'2020-12-15 09:36:41',	NULL,	NULL,	NULL,	NULL),
(3189,	32,	NULL,	NULL,	11,	1,	11,	0,	NULL,	'2020-12-15 09:36:41',	NULL,	NULL,	NULL,	NULL),
(3190,	32,	NULL,	NULL,	12,	1,	12,	0,	NULL,	'2020-12-15 09:36:41',	NULL,	NULL,	NULL,	NULL),
(3191,	32,	NULL,	NULL,	13,	1,	13,	0,	NULL,	'2020-12-15 09:36:41',	NULL,	NULL,	NULL,	NULL),
(3192,	32,	NULL,	NULL,	14,	1,	14,	0,	NULL,	'2020-12-15 09:36:41',	NULL,	NULL,	NULL,	NULL),
(3193,	32,	NULL,	NULL,	15,	1,	15,	0,	NULL,	'2020-12-15 09:36:41',	NULL,	NULL,	NULL,	NULL),
(3194,	32,	NULL,	NULL,	16,	1,	16,	0,	NULL,	'2020-12-15 09:36:41',	NULL,	NULL,	NULL,	NULL),
(3195,	32,	NULL,	NULL,	17,	1,	17,	0,	NULL,	'2020-12-15 09:36:41',	NULL,	NULL,	NULL,	NULL),
(3196,	32,	NULL,	NULL,	18,	1,	18,	0,	NULL,	'2020-12-15 09:36:41',	NULL,	NULL,	NULL,	NULL),
(3197,	32,	NULL,	NULL,	21,	1,	19,	0,	NULL,	'2020-12-15 09:36:41',	NULL,	NULL,	NULL,	NULL),
(3198,	32,	NULL,	NULL,	22,	1,	20,	0,	NULL,	'2020-12-15 09:36:41',	NULL,	NULL,	NULL,	NULL),
(3199,	32,	NULL,	NULL,	23,	1,	21,	0,	NULL,	'2020-12-15 09:36:41',	NULL,	NULL,	NULL,	NULL),
(3200,	32,	NULL,	NULL,	24,	1,	22,	1,	NULL,	'2020-12-15 09:36:41',	NULL,	NULL,	NULL,	NULL),
(3201,	32,	NULL,	NULL,	25,	1,	23,	0,	NULL,	'2020-12-15 09:36:41',	NULL,	NULL,	NULL,	NULL),
(3202,	32,	NULL,	NULL,	26,	1,	24,	0,	NULL,	'2020-12-15 09:36:41',	NULL,	NULL,	NULL,	NULL),
(3203,	32,	NULL,	NULL,	27,	1,	25,	0,	NULL,	'2020-12-15 09:36:41',	NULL,	NULL,	NULL,	NULL),
(3204,	32,	NULL,	NULL,	28,	1,	26,	0,	NULL,	'2020-12-15 09:36:41',	NULL,	NULL,	NULL,	NULL),
(3205,	32,	NULL,	NULL,	29,	1,	27,	0,	NULL,	'2020-12-15 09:36:41',	NULL,	NULL,	NULL,	NULL),
(3206,	32,	NULL,	NULL,	30,	1,	28,	0,	NULL,	'2020-12-15 09:36:41',	NULL,	NULL,	NULL,	NULL),
(3207,	32,	NULL,	NULL,	31,	1,	29,	0,	NULL,	'2020-12-15 09:36:41',	NULL,	NULL,	NULL,	NULL),
(3208,	32,	NULL,	NULL,	32,	1,	30,	0,	NULL,	'2020-12-15 09:36:41',	NULL,	NULL,	NULL,	NULL),
(3209,	32,	NULL,	NULL,	33,	1,	31,	0,	NULL,	'2020-12-15 09:36:41',	NULL,	NULL,	NULL,	NULL),
(3210,	32,	NULL,	NULL,	34,	1,	32,	0,	NULL,	'2020-12-15 09:36:41',	NULL,	NULL,	NULL,	NULL),
(3211,	32,	NULL,	NULL,	35,	1,	33,	0,	NULL,	'2020-12-15 09:36:41',	NULL,	NULL,	NULL,	NULL),
(3212,	32,	NULL,	NULL,	36,	1,	34,	0,	NULL,	'2020-12-15 09:36:41',	NULL,	NULL,	NULL,	NULL),
(3213,	32,	NULL,	NULL,	37,	1,	35,	0,	NULL,	'2020-12-15 09:36:41',	NULL,	NULL,	NULL,	NULL),
(3214,	32,	NULL,	NULL,	38,	1,	36,	0,	NULL,	'2020-12-15 09:36:41',	NULL,	NULL,	NULL,	NULL),
(3215,	32,	NULL,	NULL,	39,	1,	37,	0,	NULL,	'2020-12-15 09:36:41',	NULL,	NULL,	NULL,	NULL),
(3216,	32,	NULL,	NULL,	40,	1,	38,	0,	NULL,	'2020-12-15 09:36:41',	NULL,	NULL,	NULL,	NULL),
(3217,	32,	NULL,	NULL,	41,	1,	39,	0,	NULL,	'2020-12-15 09:36:41',	NULL,	NULL,	NULL,	NULL),
(3218,	32,	NULL,	NULL,	42,	1,	40,	0,	NULL,	'2020-12-15 09:36:42',	NULL,	NULL,	NULL,	NULL),
(3219,	32,	NULL,	NULL,	43,	1,	41,	0,	NULL,	'2020-12-15 09:36:42',	NULL,	NULL,	NULL,	NULL),
(3220,	32,	NULL,	NULL,	44,	1,	42,	0,	NULL,	'2020-12-15 09:36:42',	NULL,	NULL,	NULL,	NULL),
(3221,	32,	NULL,	NULL,	45,	1,	43,	0,	NULL,	'2020-12-15 09:36:42',	NULL,	NULL,	NULL,	NULL),
(3222,	32,	NULL,	NULL,	46,	1,	44,	0,	NULL,	'2020-12-15 09:36:42',	NULL,	NULL,	NULL,	NULL),
(3223,	32,	NULL,	NULL,	47,	1,	45,	0,	NULL,	'2020-12-15 09:36:42',	NULL,	NULL,	NULL,	NULL),
(3224,	32,	NULL,	NULL,	48,	1,	46,	0,	NULL,	'2020-12-15 09:36:42',	NULL,	NULL,	NULL,	NULL),
(3225,	32,	NULL,	NULL,	49,	1,	47,	0,	NULL,	'2020-12-15 09:36:42',	NULL,	NULL,	NULL,	NULL),
(3226,	32,	NULL,	NULL,	50,	1,	48,	0,	NULL,	'2020-12-15 09:36:42',	NULL,	NULL,	NULL,	NULL),
(3227,	32,	NULL,	NULL,	51,	1,	49,	0,	NULL,	'2020-12-15 09:36:42',	NULL,	NULL,	NULL,	NULL),
(3228,	32,	NULL,	NULL,	52,	1,	50,	0,	NULL,	'2020-12-15 09:36:42',	NULL,	NULL,	NULL,	NULL),
(3229,	32,	NULL,	NULL,	53,	1,	51,	0,	NULL,	'2020-12-15 09:36:42',	NULL,	NULL,	NULL,	NULL),
(3230,	32,	NULL,	NULL,	54,	1,	52,	0,	NULL,	'2020-12-15 09:36:42',	NULL,	NULL,	NULL,	NULL),
(3231,	32,	NULL,	NULL,	55,	1,	53,	0,	NULL,	'2020-12-15 09:36:42',	NULL,	NULL,	NULL,	NULL),
(3232,	32,	NULL,	NULL,	56,	1,	54,	0,	NULL,	'2020-12-15 09:36:42',	NULL,	NULL,	NULL,	NULL),
(3233,	32,	NULL,	NULL,	57,	1,	55,	0,	NULL,	'2020-12-15 09:36:42',	NULL,	NULL,	NULL,	NULL),
(3234,	32,	NULL,	NULL,	58,	1,	56,	0,	NULL,	'2020-12-15 09:36:42',	NULL,	NULL,	NULL,	NULL),
(3235,	32,	NULL,	NULL,	59,	1,	57,	0,	NULL,	'2020-12-15 09:36:42',	NULL,	NULL,	NULL,	NULL),
(3236,	32,	NULL,	NULL,	60,	1,	58,	0,	NULL,	'2020-12-15 09:36:42',	NULL,	NULL,	NULL,	NULL),
(3237,	32,	NULL,	NULL,	61,	1,	59,	0,	NULL,	'2020-12-15 09:36:42',	NULL,	NULL,	NULL,	NULL),
(3238,	32,	NULL,	NULL,	62,	1,	60,	0,	NULL,	'2020-12-15 09:36:42',	NULL,	NULL,	NULL,	NULL),
(3239,	32,	NULL,	NULL,	66,	1,	61,	0,	NULL,	'2020-12-15 09:36:42',	NULL,	NULL,	NULL,	NULL),
(3240,	32,	NULL,	NULL,	67,	1,	62,	0,	NULL,	'2020-12-15 09:36:42',	NULL,	NULL,	NULL,	NULL),
(3241,	32,	NULL,	NULL,	68,	1,	63,	0,	NULL,	'2020-12-15 09:36:42',	NULL,	NULL,	NULL,	NULL),
(3242,	32,	NULL,	NULL,	69,	1,	64,	0,	NULL,	'2020-12-15 09:36:42',	NULL,	NULL,	NULL,	NULL),
(3243,	32,	NULL,	NULL,	70,	1,	65,	0,	NULL,	'2020-12-15 09:36:42',	NULL,	NULL,	NULL,	NULL),
(3244,	32,	NULL,	NULL,	71,	1,	66,	0,	NULL,	'2020-12-15 09:36:42',	NULL,	NULL,	NULL,	NULL),
(3245,	32,	NULL,	NULL,	72,	1,	67,	0,	NULL,	'2020-12-15 09:36:42',	NULL,	NULL,	NULL,	NULL),
(3246,	32,	NULL,	NULL,	73,	1,	68,	0,	NULL,	'2020-12-15 09:36:42',	NULL,	NULL,	NULL,	NULL),
(3247,	32,	NULL,	NULL,	74,	1,	69,	0,	NULL,	'2020-12-15 09:36:42',	NULL,	NULL,	NULL,	NULL),
(3248,	32,	NULL,	NULL,	75,	1,	70,	0,	NULL,	'2020-12-15 09:36:42',	NULL,	NULL,	NULL,	NULL),
(3249,	32,	NULL,	NULL,	76,	1,	71,	0,	NULL,	'2020-12-15 09:36:42',	NULL,	NULL,	NULL,	NULL),
(3250,	32,	NULL,	NULL,	77,	1,	72,	0,	NULL,	'2020-12-15 09:36:42',	NULL,	NULL,	NULL,	NULL),
(3251,	32,	NULL,	NULL,	78,	1,	73,	0,	NULL,	'2020-12-15 09:36:42',	NULL,	NULL,	NULL,	NULL),
(3252,	32,	NULL,	NULL,	79,	1,	74,	0,	NULL,	'2020-12-15 09:36:42',	NULL,	NULL,	NULL,	NULL),
(3253,	32,	NULL,	NULL,	80,	1,	75,	0,	NULL,	'2020-12-15 09:36:42',	NULL,	NULL,	NULL,	NULL),
(3254,	32,	NULL,	NULL,	81,	1,	76,	0,	NULL,	'2020-12-15 09:36:42',	NULL,	NULL,	NULL,	NULL),
(3255,	32,	NULL,	NULL,	82,	1,	77,	0,	NULL,	'2020-12-15 09:36:42',	NULL,	NULL,	NULL,	NULL),
(3256,	32,	NULL,	NULL,	89,	1,	78,	0,	NULL,	'2020-12-15 09:36:42',	NULL,	NULL,	NULL,	NULL),
(3257,	32,	NULL,	NULL,	90,	1,	79,	0,	NULL,	'2020-12-15 09:36:42',	NULL,	NULL,	NULL,	NULL),
(3258,	32,	NULL,	NULL,	91,	1,	80,	0,	NULL,	'2020-12-15 09:36:42',	NULL,	NULL,	NULL,	NULL),
(3259,	32,	NULL,	NULL,	92,	1,	81,	0,	NULL,	'2020-12-15 09:36:42',	NULL,	NULL,	NULL,	NULL),
(3260,	32,	NULL,	NULL,	93,	1,	82,	0,	NULL,	'2020-12-15 09:36:42',	NULL,	NULL,	NULL,	NULL),
(3261,	32,	NULL,	NULL,	94,	1,	83,	0,	NULL,	'2020-12-15 09:36:42',	NULL,	NULL,	NULL,	NULL),
(3262,	32,	NULL,	NULL,	95,	1,	84,	0,	NULL,	'2020-12-15 09:36:42',	NULL,	NULL,	NULL,	NULL),
(3263,	32,	NULL,	NULL,	96,	1,	85,	0,	NULL,	'2020-12-15 09:36:42',	NULL,	NULL,	NULL,	NULL),
(3264,	32,	NULL,	NULL,	97,	1,	86,	0,	NULL,	'2020-12-15 09:36:42',	NULL,	NULL,	NULL,	NULL),
(3265,	32,	NULL,	NULL,	98,	1,	87,	0,	NULL,	'2020-12-15 09:36:42',	NULL,	NULL,	NULL,	NULL),
(3266,	32,	NULL,	NULL,	99,	1,	88,	0,	NULL,	'2020-12-15 09:36:42',	NULL,	NULL,	NULL,	NULL),
(3267,	32,	NULL,	NULL,	100,	1,	89,	0,	NULL,	'2020-12-15 09:36:42',	NULL,	NULL,	NULL,	NULL),
(3268,	44,	NULL,	NULL,	1,	1,	1,	1,	NULL,	'2020-12-15 09:53:10',	NULL,	NULL,	NULL,	NULL),
(3269,	44,	NULL,	NULL,	2,	1,	2,	1,	NULL,	'2020-12-15 09:53:10',	NULL,	NULL,	NULL,	NULL),
(3270,	44,	NULL,	NULL,	3,	1,	3,	1,	NULL,	'2020-12-15 09:53:10',	NULL,	NULL,	NULL,	NULL),
(3271,	44,	NULL,	NULL,	4,	1,	4,	1,	NULL,	'2020-12-15 09:53:10',	NULL,	NULL,	NULL,	NULL),
(3272,	44,	NULL,	NULL,	5,	1,	5,	1,	NULL,	'2020-12-15 09:53:10',	NULL,	NULL,	NULL,	NULL),
(3273,	44,	NULL,	NULL,	6,	1,	6,	1,	NULL,	'2020-12-15 09:53:10',	NULL,	NULL,	NULL,	NULL),
(3274,	44,	NULL,	NULL,	7,	1,	7,	1,	NULL,	'2020-12-15 09:53:10',	NULL,	NULL,	NULL,	NULL),
(3275,	44,	NULL,	NULL,	8,	1,	8,	1,	NULL,	'2020-12-15 09:53:10',	NULL,	NULL,	NULL,	NULL),
(3276,	44,	NULL,	NULL,	9,	1,	9,	0,	NULL,	'2020-12-15 09:53:10',	NULL,	NULL,	NULL,	NULL),
(3277,	44,	NULL,	NULL,	10,	1,	10,	0,	NULL,	'2020-12-15 09:53:10',	NULL,	NULL,	NULL,	NULL),
(3278,	44,	NULL,	NULL,	11,	1,	11,	0,	NULL,	'2020-12-15 09:53:10',	NULL,	NULL,	NULL,	NULL),
(3279,	44,	NULL,	NULL,	12,	1,	12,	0,	NULL,	'2020-12-15 09:53:10',	NULL,	NULL,	NULL,	NULL),
(3280,	44,	NULL,	NULL,	13,	1,	13,	0,	NULL,	'2020-12-15 09:53:10',	NULL,	NULL,	NULL,	NULL),
(3281,	44,	NULL,	NULL,	14,	1,	14,	0,	NULL,	'2020-12-15 09:53:10',	NULL,	NULL,	NULL,	NULL),
(3282,	44,	NULL,	NULL,	15,	1,	15,	0,	NULL,	'2020-12-15 09:53:10',	NULL,	NULL,	NULL,	NULL),
(3283,	44,	NULL,	NULL,	16,	1,	16,	0,	NULL,	'2020-12-15 09:53:10',	NULL,	NULL,	NULL,	NULL),
(3284,	44,	NULL,	NULL,	17,	1,	17,	0,	NULL,	'2020-12-15 09:53:10',	NULL,	NULL,	NULL,	NULL),
(3285,	44,	NULL,	NULL,	18,	1,	18,	0,	NULL,	'2020-12-15 09:53:10',	NULL,	NULL,	NULL,	NULL),
(3286,	44,	NULL,	NULL,	21,	1,	19,	0,	NULL,	'2020-12-15 09:53:10',	NULL,	NULL,	NULL,	NULL),
(3287,	44,	NULL,	NULL,	22,	1,	20,	0,	NULL,	'2020-12-15 09:53:10',	NULL,	NULL,	NULL,	NULL),
(3288,	44,	NULL,	NULL,	23,	1,	21,	0,	NULL,	'2020-12-15 09:53:10',	NULL,	NULL,	NULL,	NULL),
(3289,	44,	NULL,	NULL,	24,	1,	22,	1,	NULL,	'2020-12-15 09:53:10',	NULL,	NULL,	NULL,	NULL),
(3290,	44,	NULL,	NULL,	25,	1,	23,	0,	NULL,	'2020-12-15 09:53:10',	NULL,	NULL,	NULL,	NULL),
(3291,	44,	NULL,	NULL,	26,	1,	24,	0,	NULL,	'2020-12-15 09:53:10',	NULL,	NULL,	NULL,	NULL),
(3292,	44,	NULL,	NULL,	27,	1,	25,	0,	NULL,	'2020-12-15 09:53:10',	NULL,	NULL,	NULL,	NULL),
(3293,	44,	NULL,	NULL,	28,	1,	26,	0,	NULL,	'2020-12-15 09:53:10',	NULL,	NULL,	NULL,	NULL),
(3294,	44,	NULL,	NULL,	29,	1,	27,	0,	NULL,	'2020-12-15 09:53:10',	NULL,	NULL,	NULL,	NULL),
(3295,	44,	NULL,	NULL,	30,	1,	28,	0,	NULL,	'2020-12-15 09:53:10',	NULL,	NULL,	NULL,	NULL),
(3296,	44,	NULL,	NULL,	31,	1,	29,	0,	NULL,	'2020-12-15 09:53:10',	NULL,	NULL,	NULL,	NULL),
(3297,	44,	NULL,	NULL,	32,	1,	30,	0,	NULL,	'2020-12-15 09:53:10',	NULL,	NULL,	NULL,	NULL),
(3298,	44,	NULL,	NULL,	33,	1,	31,	0,	NULL,	'2020-12-15 09:53:10',	NULL,	NULL,	NULL,	NULL),
(3299,	44,	NULL,	NULL,	34,	1,	32,	0,	NULL,	'2020-12-15 09:53:10',	NULL,	NULL,	NULL,	NULL),
(3300,	44,	NULL,	NULL,	35,	1,	33,	0,	NULL,	'2020-12-15 09:53:10',	NULL,	NULL,	NULL,	NULL),
(3301,	44,	NULL,	NULL,	36,	1,	34,	0,	NULL,	'2020-12-15 09:53:10',	NULL,	NULL,	NULL,	NULL),
(3302,	44,	NULL,	NULL,	37,	1,	35,	0,	NULL,	'2020-12-15 09:53:10',	NULL,	NULL,	NULL,	NULL),
(3303,	44,	NULL,	NULL,	38,	1,	36,	0,	NULL,	'2020-12-15 09:53:10',	NULL,	NULL,	NULL,	NULL),
(3304,	44,	NULL,	NULL,	39,	1,	37,	0,	NULL,	'2020-12-15 09:53:10',	NULL,	NULL,	NULL,	NULL),
(3305,	44,	NULL,	NULL,	40,	1,	38,	0,	NULL,	'2020-12-15 09:53:10',	NULL,	NULL,	NULL,	NULL),
(3306,	44,	NULL,	NULL,	41,	1,	39,	0,	NULL,	'2020-12-15 09:53:10',	NULL,	NULL,	NULL,	NULL),
(3307,	44,	NULL,	NULL,	42,	1,	40,	0,	NULL,	'2020-12-15 09:53:10',	NULL,	NULL,	NULL,	NULL),
(3308,	44,	NULL,	NULL,	43,	1,	41,	0,	NULL,	'2020-12-15 09:53:10',	NULL,	NULL,	NULL,	NULL),
(3309,	44,	NULL,	NULL,	44,	1,	42,	0,	NULL,	'2020-12-15 09:53:10',	NULL,	NULL,	NULL,	NULL),
(3310,	44,	NULL,	NULL,	45,	1,	43,	0,	NULL,	'2020-12-15 09:53:10',	NULL,	NULL,	NULL,	NULL),
(3311,	44,	NULL,	NULL,	46,	1,	44,	0,	NULL,	'2020-12-15 09:53:10',	NULL,	NULL,	NULL,	NULL),
(3312,	44,	NULL,	NULL,	47,	1,	45,	0,	NULL,	'2020-12-15 09:53:10',	NULL,	NULL,	NULL,	NULL),
(3313,	44,	NULL,	NULL,	48,	1,	46,	0,	NULL,	'2020-12-15 09:53:10',	NULL,	NULL,	NULL,	NULL),
(3314,	44,	NULL,	NULL,	49,	1,	47,	0,	NULL,	'2020-12-15 09:53:10',	NULL,	NULL,	NULL,	NULL),
(3315,	44,	NULL,	NULL,	50,	1,	48,	0,	NULL,	'2020-12-15 09:53:10',	NULL,	NULL,	NULL,	NULL),
(3316,	44,	NULL,	NULL,	51,	1,	49,	0,	NULL,	'2020-12-15 09:53:10',	NULL,	NULL,	NULL,	NULL),
(3317,	44,	NULL,	NULL,	52,	1,	50,	0,	NULL,	'2020-12-15 09:53:10',	NULL,	NULL,	NULL,	NULL),
(3318,	44,	NULL,	NULL,	53,	1,	51,	0,	NULL,	'2020-12-15 09:53:10',	NULL,	NULL,	NULL,	NULL),
(3319,	44,	NULL,	NULL,	54,	1,	52,	0,	NULL,	'2020-12-15 09:53:10',	NULL,	NULL,	NULL,	NULL),
(3320,	44,	NULL,	NULL,	55,	1,	53,	0,	NULL,	'2020-12-15 09:53:10',	NULL,	NULL,	NULL,	NULL),
(3321,	44,	NULL,	NULL,	56,	1,	54,	0,	NULL,	'2020-12-15 09:53:10',	NULL,	NULL,	NULL,	NULL),
(3322,	44,	NULL,	NULL,	57,	1,	55,	0,	NULL,	'2020-12-15 09:53:10',	NULL,	NULL,	NULL,	NULL),
(3323,	44,	NULL,	NULL,	58,	1,	56,	0,	NULL,	'2020-12-15 09:53:10',	NULL,	NULL,	NULL,	NULL),
(3324,	44,	NULL,	NULL,	59,	1,	57,	0,	NULL,	'2020-12-15 09:53:10',	NULL,	NULL,	NULL,	NULL),
(3325,	44,	NULL,	NULL,	60,	1,	58,	0,	NULL,	'2020-12-15 09:53:10',	NULL,	NULL,	NULL,	NULL),
(3326,	44,	NULL,	NULL,	61,	1,	59,	0,	NULL,	'2020-12-15 09:53:10',	NULL,	NULL,	NULL,	NULL),
(3327,	44,	NULL,	NULL,	62,	1,	60,	0,	NULL,	'2020-12-15 09:53:10',	NULL,	NULL,	NULL,	NULL),
(3328,	44,	NULL,	NULL,	66,	1,	61,	0,	NULL,	'2020-12-15 09:53:10',	NULL,	NULL,	NULL,	NULL),
(3329,	44,	NULL,	NULL,	67,	1,	62,	0,	NULL,	'2020-12-15 09:53:10',	NULL,	NULL,	NULL,	NULL),
(3330,	44,	NULL,	NULL,	68,	1,	63,	0,	NULL,	'2020-12-15 09:53:10',	NULL,	NULL,	NULL,	NULL),
(3331,	44,	NULL,	NULL,	69,	1,	64,	0,	NULL,	'2020-12-15 09:53:10',	NULL,	NULL,	NULL,	NULL),
(3332,	44,	NULL,	NULL,	70,	1,	65,	0,	NULL,	'2020-12-15 09:53:10',	NULL,	NULL,	NULL,	NULL),
(3333,	44,	NULL,	NULL,	71,	1,	66,	0,	NULL,	'2020-12-15 09:53:10',	NULL,	NULL,	NULL,	NULL),
(3334,	44,	NULL,	NULL,	72,	1,	67,	0,	NULL,	'2020-12-15 09:53:10',	NULL,	NULL,	NULL,	NULL),
(3335,	44,	NULL,	NULL,	73,	1,	68,	0,	NULL,	'2020-12-15 09:53:10',	NULL,	NULL,	NULL,	NULL),
(3336,	44,	NULL,	NULL,	74,	1,	69,	0,	NULL,	'2020-12-15 09:53:10',	NULL,	NULL,	NULL,	NULL),
(3337,	44,	NULL,	NULL,	75,	1,	70,	0,	NULL,	'2020-12-15 09:53:10',	NULL,	NULL,	NULL,	NULL),
(3338,	44,	NULL,	NULL,	76,	1,	71,	0,	NULL,	'2020-12-15 09:53:10',	NULL,	NULL,	NULL,	NULL),
(3339,	44,	NULL,	NULL,	77,	1,	72,	0,	NULL,	'2020-12-15 09:53:10',	NULL,	NULL,	NULL,	NULL),
(3340,	44,	NULL,	NULL,	78,	1,	73,	0,	NULL,	'2020-12-15 09:53:10',	NULL,	NULL,	NULL,	NULL),
(3341,	44,	NULL,	NULL,	79,	1,	74,	0,	NULL,	'2020-12-15 09:53:10',	NULL,	NULL,	NULL,	NULL),
(3342,	44,	NULL,	NULL,	80,	1,	75,	0,	NULL,	'2020-12-15 09:53:10',	NULL,	NULL,	NULL,	NULL),
(3343,	44,	NULL,	NULL,	81,	1,	76,	0,	NULL,	'2020-12-15 09:53:10',	NULL,	NULL,	NULL,	NULL),
(3344,	44,	NULL,	NULL,	82,	1,	77,	0,	NULL,	'2020-12-15 09:53:10',	NULL,	NULL,	NULL,	NULL),
(3345,	44,	NULL,	NULL,	89,	1,	78,	0,	NULL,	'2020-12-15 09:53:10',	NULL,	NULL,	NULL,	NULL),
(3346,	44,	NULL,	NULL,	90,	1,	79,	0,	NULL,	'2020-12-15 09:53:10',	NULL,	NULL,	NULL,	NULL),
(3347,	44,	NULL,	NULL,	91,	1,	80,	0,	NULL,	'2020-12-15 09:53:10',	NULL,	NULL,	NULL,	NULL),
(3348,	44,	NULL,	NULL,	92,	1,	81,	0,	NULL,	'2020-12-15 09:53:10',	NULL,	NULL,	NULL,	NULL),
(3349,	44,	NULL,	NULL,	93,	1,	82,	0,	NULL,	'2020-12-15 09:53:10',	NULL,	NULL,	NULL,	NULL),
(3350,	44,	NULL,	NULL,	94,	1,	83,	0,	NULL,	'2020-12-15 09:53:10',	NULL,	NULL,	NULL,	NULL),
(3351,	44,	NULL,	NULL,	95,	1,	84,	0,	NULL,	'2020-12-15 09:53:10',	NULL,	NULL,	NULL,	NULL),
(3352,	44,	NULL,	NULL,	96,	1,	85,	0,	NULL,	'2020-12-15 09:53:10',	NULL,	NULL,	NULL,	NULL),
(3353,	44,	NULL,	NULL,	97,	1,	86,	0,	NULL,	'2020-12-15 09:53:10',	NULL,	NULL,	NULL,	NULL),
(3354,	44,	NULL,	NULL,	98,	1,	87,	0,	NULL,	'2020-12-15 09:53:10',	NULL,	NULL,	NULL,	NULL),
(3355,	44,	NULL,	NULL,	99,	1,	88,	0,	NULL,	'2020-12-15 09:53:10',	NULL,	NULL,	NULL,	NULL),
(3356,	44,	NULL,	NULL,	100,	1,	89,	0,	NULL,	'2020-12-15 09:53:10',	NULL,	NULL,	NULL,	NULL),
(3357,	41,	NULL,	NULL,	1,	1,	1,	1,	NULL,	'2020-12-15 13:42:28',	NULL,	NULL,	NULL,	NULL),
(3358,	41,	NULL,	NULL,	2,	1,	2,	1,	NULL,	'2020-12-15 13:42:28',	NULL,	NULL,	NULL,	NULL),
(3359,	41,	NULL,	NULL,	3,	1,	3,	1,	NULL,	'2020-12-15 13:42:28',	NULL,	NULL,	NULL,	NULL),
(3360,	41,	NULL,	NULL,	4,	1,	4,	1,	NULL,	'2020-12-15 13:42:28',	NULL,	NULL,	NULL,	NULL),
(3361,	41,	NULL,	NULL,	5,	1,	5,	1,	NULL,	'2020-12-15 13:42:28',	NULL,	NULL,	NULL,	NULL),
(3362,	41,	NULL,	NULL,	6,	1,	6,	1,	NULL,	'2020-12-15 13:42:28',	NULL,	NULL,	NULL,	NULL),
(3363,	41,	NULL,	NULL,	7,	1,	7,	1,	NULL,	'2020-12-15 13:42:28',	NULL,	NULL,	NULL,	NULL),
(3364,	41,	NULL,	NULL,	8,	1,	8,	1,	NULL,	'2020-12-15 13:42:28',	NULL,	NULL,	NULL,	NULL),
(3365,	41,	NULL,	NULL,	9,	1,	9,	0,	NULL,	'2020-12-15 13:42:28',	NULL,	NULL,	NULL,	NULL),
(3366,	41,	NULL,	NULL,	10,	1,	10,	0,	NULL,	'2020-12-15 13:42:28',	NULL,	NULL,	NULL,	NULL),
(3367,	41,	NULL,	NULL,	11,	1,	11,	0,	NULL,	'2020-12-15 13:42:28',	NULL,	NULL,	NULL,	NULL),
(3368,	41,	NULL,	NULL,	12,	1,	12,	0,	NULL,	'2020-12-15 13:42:28',	NULL,	NULL,	NULL,	NULL),
(3369,	41,	NULL,	NULL,	13,	1,	13,	0,	NULL,	'2020-12-15 13:42:28',	NULL,	NULL,	NULL,	NULL),
(3370,	41,	NULL,	NULL,	14,	1,	14,	0,	NULL,	'2020-12-15 13:42:28',	NULL,	NULL,	NULL,	NULL),
(3371,	41,	NULL,	NULL,	15,	1,	15,	0,	NULL,	'2020-12-15 13:42:28',	NULL,	NULL,	NULL,	NULL),
(3372,	41,	NULL,	NULL,	16,	1,	16,	0,	NULL,	'2020-12-15 13:42:28',	NULL,	NULL,	NULL,	NULL),
(3373,	41,	NULL,	NULL,	17,	1,	17,	0,	NULL,	'2020-12-15 13:42:28',	NULL,	NULL,	NULL,	NULL),
(3374,	41,	NULL,	NULL,	18,	1,	18,	0,	NULL,	'2020-12-15 13:42:28',	NULL,	NULL,	NULL,	NULL),
(3375,	41,	NULL,	NULL,	21,	1,	19,	0,	NULL,	'2020-12-15 13:42:28',	NULL,	NULL,	NULL,	NULL),
(3376,	41,	NULL,	NULL,	22,	1,	20,	0,	NULL,	'2020-12-15 13:42:28',	NULL,	NULL,	NULL,	NULL),
(3377,	41,	NULL,	NULL,	23,	1,	21,	0,	NULL,	'2020-12-15 13:42:28',	NULL,	NULL,	NULL,	NULL),
(3378,	41,	NULL,	NULL,	24,	1,	22,	1,	NULL,	'2020-12-15 13:42:28',	NULL,	NULL,	NULL,	NULL),
(3379,	41,	NULL,	NULL,	25,	1,	23,	0,	NULL,	'2020-12-15 13:42:28',	NULL,	NULL,	NULL,	NULL),
(3380,	41,	NULL,	NULL,	26,	1,	24,	0,	NULL,	'2020-12-15 13:42:28',	NULL,	NULL,	NULL,	NULL),
(3381,	41,	NULL,	NULL,	27,	1,	25,	0,	NULL,	'2020-12-15 13:42:28',	NULL,	NULL,	NULL,	NULL),
(3382,	41,	NULL,	NULL,	28,	1,	26,	0,	NULL,	'2020-12-15 13:42:28',	NULL,	NULL,	NULL,	NULL),
(3383,	41,	NULL,	NULL,	29,	1,	27,	0,	NULL,	'2020-12-15 13:42:28',	NULL,	NULL,	NULL,	NULL),
(3384,	41,	NULL,	NULL,	30,	1,	28,	0,	NULL,	'2020-12-15 13:42:28',	NULL,	NULL,	NULL,	NULL),
(3385,	41,	NULL,	NULL,	31,	1,	29,	0,	NULL,	'2020-12-15 13:42:28',	NULL,	NULL,	NULL,	NULL),
(3386,	41,	NULL,	NULL,	32,	1,	30,	0,	NULL,	'2020-12-15 13:42:28',	NULL,	NULL,	NULL,	NULL),
(3387,	41,	NULL,	NULL,	33,	1,	31,	0,	NULL,	'2020-12-15 13:42:28',	NULL,	NULL,	NULL,	NULL),
(3388,	41,	NULL,	NULL,	34,	1,	32,	0,	NULL,	'2020-12-15 13:42:28',	NULL,	NULL,	NULL,	NULL),
(3389,	41,	NULL,	NULL,	35,	1,	33,	0,	NULL,	'2020-12-15 13:42:28',	NULL,	NULL,	NULL,	NULL),
(3390,	41,	NULL,	NULL,	36,	1,	34,	0,	NULL,	'2020-12-15 13:42:28',	NULL,	NULL,	NULL,	NULL),
(3391,	41,	NULL,	NULL,	37,	1,	35,	0,	NULL,	'2020-12-15 13:42:28',	NULL,	NULL,	NULL,	NULL),
(3392,	41,	NULL,	NULL,	38,	1,	36,	0,	NULL,	'2020-12-15 13:42:28',	NULL,	NULL,	NULL,	NULL),
(3393,	41,	NULL,	NULL,	39,	1,	37,	0,	NULL,	'2020-12-15 13:42:28',	NULL,	NULL,	NULL,	NULL),
(3394,	41,	NULL,	NULL,	40,	1,	38,	0,	NULL,	'2020-12-15 13:42:28',	NULL,	NULL,	NULL,	NULL),
(3395,	41,	NULL,	NULL,	41,	1,	39,	0,	NULL,	'2020-12-15 13:42:28',	NULL,	NULL,	NULL,	NULL),
(3396,	41,	NULL,	NULL,	42,	1,	40,	0,	NULL,	'2020-12-15 13:42:28',	NULL,	NULL,	NULL,	NULL),
(3397,	41,	NULL,	NULL,	43,	1,	41,	0,	NULL,	'2020-12-15 13:42:28',	NULL,	NULL,	NULL,	NULL),
(3398,	41,	NULL,	NULL,	44,	1,	42,	0,	NULL,	'2020-12-15 13:42:28',	NULL,	NULL,	NULL,	NULL),
(3399,	41,	NULL,	NULL,	45,	1,	43,	0,	NULL,	'2020-12-15 13:42:28',	NULL,	NULL,	NULL,	NULL),
(3400,	41,	NULL,	NULL,	46,	1,	44,	0,	NULL,	'2020-12-15 13:42:28',	NULL,	NULL,	NULL,	NULL),
(3401,	41,	NULL,	NULL,	47,	1,	45,	0,	NULL,	'2020-12-15 13:42:28',	NULL,	NULL,	NULL,	NULL),
(3402,	41,	NULL,	NULL,	48,	1,	46,	0,	NULL,	'2020-12-15 13:42:28',	NULL,	NULL,	NULL,	NULL),
(3403,	41,	NULL,	NULL,	49,	1,	47,	0,	NULL,	'2020-12-15 13:42:28',	NULL,	NULL,	NULL,	NULL),
(3404,	41,	NULL,	NULL,	50,	1,	48,	0,	NULL,	'2020-12-15 13:42:28',	NULL,	NULL,	NULL,	NULL),
(3405,	41,	NULL,	NULL,	51,	1,	49,	0,	NULL,	'2020-12-15 13:42:28',	NULL,	NULL,	NULL,	NULL),
(3406,	41,	NULL,	NULL,	52,	1,	50,	0,	NULL,	'2020-12-15 13:42:28',	NULL,	NULL,	NULL,	NULL),
(3407,	41,	NULL,	NULL,	53,	1,	51,	0,	NULL,	'2020-12-15 13:42:28',	NULL,	NULL,	NULL,	NULL),
(3408,	41,	NULL,	NULL,	54,	1,	52,	0,	NULL,	'2020-12-15 13:42:28',	NULL,	NULL,	NULL,	NULL),
(3409,	41,	NULL,	NULL,	55,	1,	53,	0,	NULL,	'2020-12-15 13:42:28',	NULL,	NULL,	NULL,	NULL),
(3410,	41,	NULL,	NULL,	56,	1,	54,	0,	NULL,	'2020-12-15 13:42:28',	NULL,	NULL,	NULL,	NULL),
(3411,	41,	NULL,	NULL,	57,	1,	55,	0,	NULL,	'2020-12-15 13:42:28',	NULL,	NULL,	NULL,	NULL),
(3412,	41,	NULL,	NULL,	58,	1,	56,	0,	NULL,	'2020-12-15 13:42:28',	NULL,	NULL,	NULL,	NULL),
(3413,	41,	NULL,	NULL,	59,	1,	57,	0,	NULL,	'2020-12-15 13:42:28',	NULL,	NULL,	NULL,	NULL),
(3414,	41,	NULL,	NULL,	60,	1,	58,	0,	NULL,	'2020-12-15 13:42:28',	NULL,	NULL,	NULL,	NULL),
(3415,	41,	NULL,	NULL,	61,	1,	59,	0,	NULL,	'2020-12-15 13:42:28',	NULL,	NULL,	NULL,	NULL),
(3416,	41,	NULL,	NULL,	62,	1,	60,	0,	NULL,	'2020-12-15 13:42:28',	NULL,	NULL,	NULL,	NULL),
(3417,	41,	NULL,	NULL,	66,	1,	61,	0,	NULL,	'2020-12-15 13:42:28',	NULL,	NULL,	NULL,	NULL),
(3418,	41,	NULL,	NULL,	67,	1,	62,	0,	NULL,	'2020-12-15 13:42:28',	NULL,	NULL,	NULL,	NULL),
(3419,	41,	NULL,	NULL,	68,	1,	63,	0,	NULL,	'2020-12-15 13:42:28',	NULL,	NULL,	NULL,	NULL),
(3420,	41,	NULL,	NULL,	69,	1,	64,	0,	NULL,	'2020-12-15 13:42:28',	NULL,	NULL,	NULL,	NULL),
(3421,	41,	NULL,	NULL,	70,	1,	65,	0,	NULL,	'2020-12-15 13:42:28',	NULL,	NULL,	NULL,	NULL),
(3422,	41,	NULL,	NULL,	71,	1,	66,	0,	NULL,	'2020-12-15 13:42:28',	NULL,	NULL,	NULL,	NULL),
(3423,	41,	NULL,	NULL,	72,	1,	67,	0,	NULL,	'2020-12-15 13:42:28',	NULL,	NULL,	NULL,	NULL),
(3424,	41,	NULL,	NULL,	73,	1,	68,	0,	NULL,	'2020-12-15 13:42:28',	NULL,	NULL,	NULL,	NULL),
(3425,	41,	NULL,	NULL,	74,	1,	69,	0,	NULL,	'2020-12-15 13:42:28',	NULL,	NULL,	NULL,	NULL),
(3426,	41,	NULL,	NULL,	75,	1,	70,	0,	NULL,	'2020-12-15 13:42:28',	NULL,	NULL,	NULL,	NULL),
(3427,	41,	NULL,	NULL,	76,	1,	71,	0,	NULL,	'2020-12-15 13:42:28',	NULL,	NULL,	NULL,	NULL),
(3428,	41,	NULL,	NULL,	77,	1,	72,	0,	NULL,	'2020-12-15 13:42:28',	NULL,	NULL,	NULL,	NULL),
(3429,	41,	NULL,	NULL,	78,	1,	73,	0,	NULL,	'2020-12-15 13:42:28',	NULL,	NULL,	NULL,	NULL),
(3430,	41,	NULL,	NULL,	79,	1,	74,	0,	NULL,	'2020-12-15 13:42:28',	NULL,	NULL,	NULL,	NULL),
(3431,	41,	NULL,	NULL,	80,	1,	75,	0,	NULL,	'2020-12-15 13:42:28',	NULL,	NULL,	NULL,	NULL),
(3432,	41,	NULL,	NULL,	81,	1,	76,	0,	NULL,	'2020-12-15 13:42:28',	NULL,	NULL,	NULL,	NULL),
(3433,	41,	NULL,	NULL,	82,	1,	77,	0,	NULL,	'2020-12-15 13:42:28',	NULL,	NULL,	NULL,	NULL),
(3434,	41,	NULL,	NULL,	89,	1,	78,	0,	NULL,	'2020-12-15 13:42:28',	NULL,	NULL,	NULL,	NULL),
(3435,	41,	NULL,	NULL,	90,	1,	79,	0,	NULL,	'2020-12-15 13:42:28',	NULL,	NULL,	NULL,	NULL),
(3436,	41,	NULL,	NULL,	91,	1,	80,	0,	NULL,	'2020-12-15 13:42:28',	NULL,	NULL,	NULL,	NULL),
(3437,	41,	NULL,	NULL,	92,	1,	81,	0,	NULL,	'2020-12-15 13:42:28',	NULL,	NULL,	NULL,	NULL),
(3438,	41,	NULL,	NULL,	93,	1,	82,	0,	NULL,	'2020-12-15 13:42:28',	NULL,	NULL,	NULL,	NULL),
(3439,	41,	NULL,	NULL,	94,	1,	83,	0,	NULL,	'2020-12-15 13:42:28',	NULL,	NULL,	NULL,	NULL),
(3440,	41,	NULL,	NULL,	95,	1,	84,	0,	NULL,	'2020-12-15 13:42:28',	NULL,	NULL,	NULL,	NULL),
(3441,	41,	NULL,	NULL,	96,	1,	85,	0,	NULL,	'2020-12-15 13:42:28',	NULL,	NULL,	NULL,	NULL),
(3442,	41,	NULL,	NULL,	97,	1,	86,	0,	NULL,	'2020-12-15 13:42:28',	NULL,	NULL,	NULL,	NULL),
(3443,	41,	NULL,	NULL,	98,	1,	87,	0,	NULL,	'2020-12-15 13:42:28',	NULL,	NULL,	NULL,	NULL),
(3444,	41,	NULL,	NULL,	99,	1,	88,	0,	NULL,	'2020-12-15 13:42:28',	NULL,	NULL,	NULL,	NULL),
(3445,	41,	NULL,	NULL,	100,	1,	89,	0,	NULL,	'2020-12-15 13:42:28',	NULL,	NULL,	NULL,	NULL),
(3446,	13,	NULL,	NULL,	1,	1,	1,	1,	NULL,	'2020-12-16 06:37:13',	NULL,	NULL,	NULL,	NULL),
(3447,	13,	NULL,	NULL,	2,	1,	2,	1,	NULL,	'2020-12-16 06:37:13',	NULL,	NULL,	NULL,	NULL),
(3448,	13,	NULL,	NULL,	3,	1,	3,	1,	NULL,	'2020-12-16 06:37:13',	NULL,	NULL,	NULL,	NULL),
(3449,	13,	NULL,	NULL,	4,	1,	4,	1,	NULL,	'2020-12-16 06:37:13',	NULL,	NULL,	NULL,	NULL),
(3450,	13,	NULL,	NULL,	5,	1,	5,	1,	NULL,	'2020-12-16 06:37:13',	NULL,	NULL,	NULL,	NULL),
(3451,	13,	NULL,	NULL,	6,	1,	6,	1,	NULL,	'2020-12-16 06:37:13',	NULL,	NULL,	NULL,	NULL),
(3452,	13,	NULL,	NULL,	7,	1,	7,	1,	NULL,	'2020-12-16 06:37:13',	NULL,	NULL,	NULL,	NULL),
(3453,	13,	NULL,	NULL,	8,	1,	8,	1,	NULL,	'2020-12-16 06:37:13',	NULL,	NULL,	NULL,	NULL),
(3454,	13,	NULL,	NULL,	9,	1,	9,	0,	NULL,	'2020-12-16 06:37:13',	NULL,	NULL,	NULL,	NULL),
(3455,	13,	NULL,	NULL,	10,	1,	10,	0,	NULL,	'2020-12-16 06:37:13',	NULL,	NULL,	NULL,	NULL),
(3456,	13,	NULL,	NULL,	11,	1,	11,	0,	NULL,	'2020-12-16 06:37:13',	NULL,	NULL,	NULL,	NULL),
(3457,	13,	NULL,	NULL,	12,	1,	12,	0,	NULL,	'2020-12-16 06:37:13',	NULL,	NULL,	NULL,	NULL),
(3458,	13,	NULL,	NULL,	13,	1,	13,	0,	NULL,	'2020-12-16 06:37:13',	NULL,	NULL,	NULL,	NULL),
(3459,	13,	NULL,	NULL,	14,	1,	14,	0,	NULL,	'2020-12-16 06:37:13',	NULL,	NULL,	NULL,	NULL),
(3460,	13,	NULL,	NULL,	15,	1,	15,	0,	NULL,	'2020-12-16 06:37:13',	NULL,	NULL,	NULL,	NULL),
(3461,	13,	NULL,	NULL,	16,	1,	16,	0,	NULL,	'2020-12-16 06:37:13',	NULL,	NULL,	NULL,	NULL),
(3462,	13,	NULL,	NULL,	17,	1,	17,	0,	NULL,	'2020-12-16 06:37:13',	NULL,	NULL,	NULL,	NULL),
(3463,	13,	NULL,	NULL,	18,	1,	18,	0,	NULL,	'2020-12-16 06:37:13',	NULL,	NULL,	NULL,	NULL),
(3464,	13,	NULL,	NULL,	21,	1,	19,	0,	NULL,	'2020-12-16 06:37:13',	NULL,	NULL,	NULL,	NULL),
(3465,	13,	NULL,	NULL,	22,	1,	20,	0,	NULL,	'2020-12-16 06:37:13',	NULL,	NULL,	NULL,	NULL),
(3466,	13,	NULL,	NULL,	23,	1,	21,	0,	NULL,	'2020-12-16 06:37:13',	NULL,	NULL,	NULL,	NULL),
(3467,	13,	NULL,	NULL,	24,	1,	22,	1,	NULL,	'2020-12-16 06:37:13',	NULL,	NULL,	NULL,	NULL),
(3468,	13,	NULL,	NULL,	25,	1,	23,	0,	NULL,	'2020-12-16 06:37:13',	NULL,	NULL,	NULL,	NULL),
(3469,	13,	NULL,	NULL,	26,	1,	24,	0,	NULL,	'2020-12-16 06:37:13',	NULL,	NULL,	NULL,	NULL),
(3470,	13,	NULL,	NULL,	27,	1,	25,	0,	NULL,	'2020-12-16 06:37:13',	NULL,	NULL,	NULL,	NULL),
(3471,	13,	NULL,	NULL,	28,	1,	26,	0,	NULL,	'2020-12-16 06:37:13',	NULL,	NULL,	NULL,	NULL),
(3472,	13,	NULL,	NULL,	29,	1,	27,	0,	NULL,	'2020-12-16 06:37:13',	NULL,	NULL,	NULL,	NULL),
(3473,	13,	NULL,	NULL,	30,	1,	28,	0,	NULL,	'2020-12-16 06:37:13',	NULL,	NULL,	NULL,	NULL),
(3474,	13,	NULL,	NULL,	31,	1,	29,	0,	NULL,	'2020-12-16 06:37:13',	NULL,	NULL,	NULL,	NULL),
(3475,	13,	NULL,	NULL,	32,	1,	30,	0,	NULL,	'2020-12-16 06:37:13',	NULL,	NULL,	NULL,	NULL),
(3476,	13,	NULL,	NULL,	33,	1,	31,	0,	NULL,	'2020-12-16 06:37:13',	NULL,	NULL,	NULL,	NULL),
(3477,	13,	NULL,	NULL,	34,	1,	32,	0,	NULL,	'2020-12-16 06:37:13',	NULL,	NULL,	NULL,	NULL),
(3478,	13,	NULL,	NULL,	35,	1,	33,	0,	NULL,	'2020-12-16 06:37:13',	NULL,	NULL,	NULL,	NULL),
(3479,	13,	NULL,	NULL,	36,	1,	34,	0,	NULL,	'2020-12-16 06:37:13',	NULL,	NULL,	NULL,	NULL),
(3480,	13,	NULL,	NULL,	37,	1,	35,	0,	NULL,	'2020-12-16 06:37:13',	NULL,	NULL,	NULL,	NULL),
(3481,	13,	NULL,	NULL,	38,	1,	36,	0,	NULL,	'2020-12-16 06:37:13',	NULL,	NULL,	NULL,	NULL),
(3482,	13,	NULL,	NULL,	39,	1,	37,	0,	NULL,	'2020-12-16 06:37:13',	NULL,	NULL,	NULL,	NULL),
(3483,	13,	NULL,	NULL,	40,	1,	38,	0,	NULL,	'2020-12-16 06:37:13',	NULL,	NULL,	NULL,	NULL),
(3484,	13,	NULL,	NULL,	41,	1,	39,	0,	NULL,	'2020-12-16 06:37:13',	NULL,	NULL,	NULL,	NULL),
(3485,	13,	NULL,	NULL,	42,	1,	40,	0,	NULL,	'2020-12-16 06:37:13',	NULL,	NULL,	NULL,	NULL),
(3486,	13,	NULL,	NULL,	43,	1,	41,	0,	NULL,	'2020-12-16 06:37:13',	NULL,	NULL,	NULL,	NULL),
(3487,	13,	NULL,	NULL,	44,	1,	42,	0,	NULL,	'2020-12-16 06:37:13',	NULL,	NULL,	NULL,	NULL),
(3488,	13,	NULL,	NULL,	45,	1,	43,	0,	NULL,	'2020-12-16 06:37:13',	NULL,	NULL,	NULL,	NULL),
(3489,	13,	NULL,	NULL,	46,	1,	44,	0,	NULL,	'2020-12-16 06:37:13',	NULL,	NULL,	NULL,	NULL),
(3490,	13,	NULL,	NULL,	47,	1,	45,	0,	NULL,	'2020-12-16 06:37:13',	NULL,	NULL,	NULL,	NULL),
(3491,	13,	NULL,	NULL,	48,	1,	46,	0,	NULL,	'2020-12-16 06:37:13',	NULL,	NULL,	NULL,	NULL),
(3492,	13,	NULL,	NULL,	49,	1,	47,	0,	NULL,	'2020-12-16 06:37:13',	NULL,	NULL,	NULL,	NULL),
(3493,	13,	NULL,	NULL,	50,	1,	48,	0,	NULL,	'2020-12-16 06:37:13',	NULL,	NULL,	NULL,	NULL),
(3494,	13,	NULL,	NULL,	51,	1,	49,	0,	NULL,	'2020-12-16 06:37:13',	NULL,	NULL,	NULL,	NULL),
(3495,	13,	NULL,	NULL,	52,	1,	50,	0,	NULL,	'2020-12-16 06:37:13',	NULL,	NULL,	NULL,	NULL),
(3496,	13,	NULL,	NULL,	53,	1,	51,	0,	NULL,	'2020-12-16 06:37:13',	NULL,	NULL,	NULL,	NULL),
(3497,	13,	NULL,	NULL,	54,	1,	52,	0,	NULL,	'2020-12-16 06:37:13',	NULL,	NULL,	NULL,	NULL),
(3498,	13,	NULL,	NULL,	55,	1,	53,	0,	NULL,	'2020-12-16 06:37:13',	NULL,	NULL,	NULL,	NULL),
(3499,	13,	NULL,	NULL,	56,	1,	54,	0,	NULL,	'2020-12-16 06:37:13',	NULL,	NULL,	NULL,	NULL),
(3500,	13,	NULL,	NULL,	57,	1,	55,	0,	NULL,	'2020-12-16 06:37:13',	NULL,	NULL,	NULL,	NULL),
(3501,	13,	NULL,	NULL,	58,	1,	56,	0,	NULL,	'2020-12-16 06:37:13',	NULL,	NULL,	NULL,	NULL),
(3502,	13,	NULL,	NULL,	59,	1,	57,	0,	NULL,	'2020-12-16 06:37:13',	NULL,	NULL,	NULL,	NULL),
(3503,	13,	NULL,	NULL,	60,	1,	58,	0,	NULL,	'2020-12-16 06:37:13',	NULL,	NULL,	NULL,	NULL),
(3504,	13,	NULL,	NULL,	61,	1,	59,	0,	NULL,	'2020-12-16 06:37:13',	NULL,	NULL,	NULL,	NULL),
(3505,	13,	NULL,	NULL,	62,	1,	60,	0,	NULL,	'2020-12-16 06:37:13',	NULL,	NULL,	NULL,	NULL),
(3506,	13,	NULL,	NULL,	66,	1,	61,	0,	NULL,	'2020-12-16 06:37:13',	NULL,	NULL,	NULL,	NULL),
(3507,	13,	NULL,	NULL,	67,	1,	62,	0,	NULL,	'2020-12-16 06:37:13',	NULL,	NULL,	NULL,	NULL),
(3508,	13,	NULL,	NULL,	68,	1,	63,	0,	NULL,	'2020-12-16 06:37:13',	NULL,	NULL,	NULL,	NULL),
(3509,	13,	NULL,	NULL,	69,	1,	64,	0,	NULL,	'2020-12-16 06:37:13',	NULL,	NULL,	NULL,	NULL),
(3510,	13,	NULL,	NULL,	70,	1,	65,	0,	NULL,	'2020-12-16 06:37:13',	NULL,	NULL,	NULL,	NULL),
(3511,	13,	NULL,	NULL,	71,	1,	66,	0,	NULL,	'2020-12-16 06:37:13',	NULL,	NULL,	NULL,	NULL),
(3512,	13,	NULL,	NULL,	72,	1,	67,	0,	NULL,	'2020-12-16 06:37:13',	NULL,	NULL,	NULL,	NULL),
(3513,	13,	NULL,	NULL,	73,	1,	68,	0,	NULL,	'2020-12-16 06:37:13',	NULL,	NULL,	NULL,	NULL),
(3514,	13,	NULL,	NULL,	74,	1,	69,	0,	NULL,	'2020-12-16 06:37:13',	NULL,	NULL,	NULL,	NULL),
(3515,	13,	NULL,	NULL,	75,	1,	70,	0,	NULL,	'2020-12-16 06:37:13',	NULL,	NULL,	NULL,	NULL),
(3516,	13,	NULL,	NULL,	76,	1,	71,	0,	NULL,	'2020-12-16 06:37:13',	NULL,	NULL,	NULL,	NULL),
(3517,	13,	NULL,	NULL,	77,	1,	72,	0,	NULL,	'2020-12-16 06:37:13',	NULL,	NULL,	NULL,	NULL),
(3518,	13,	NULL,	NULL,	78,	1,	73,	0,	NULL,	'2020-12-16 06:37:13',	NULL,	NULL,	NULL,	NULL),
(3519,	13,	NULL,	NULL,	79,	1,	74,	0,	NULL,	'2020-12-16 06:37:13',	NULL,	NULL,	NULL,	NULL),
(3520,	13,	NULL,	NULL,	80,	1,	75,	0,	NULL,	'2020-12-16 06:37:13',	NULL,	NULL,	NULL,	NULL),
(3521,	13,	NULL,	NULL,	81,	1,	76,	0,	NULL,	'2020-12-16 06:37:13',	NULL,	NULL,	NULL,	NULL),
(3522,	13,	NULL,	NULL,	82,	1,	77,	0,	NULL,	'2020-12-16 06:37:13',	NULL,	NULL,	NULL,	NULL),
(3523,	13,	NULL,	NULL,	89,	1,	78,	0,	NULL,	'2020-12-16 06:37:13',	NULL,	NULL,	NULL,	NULL),
(3524,	13,	NULL,	NULL,	90,	1,	79,	0,	NULL,	'2020-12-16 06:37:13',	NULL,	NULL,	NULL,	NULL),
(3525,	13,	NULL,	NULL,	91,	1,	80,	0,	NULL,	'2020-12-16 06:37:13',	NULL,	NULL,	NULL,	NULL),
(3526,	13,	NULL,	NULL,	92,	1,	81,	0,	NULL,	'2020-12-16 06:37:13',	NULL,	NULL,	NULL,	NULL),
(3527,	13,	NULL,	NULL,	93,	1,	82,	0,	NULL,	'2020-12-16 06:37:13',	NULL,	NULL,	NULL,	NULL),
(3528,	13,	NULL,	NULL,	94,	1,	83,	0,	NULL,	'2020-12-16 06:37:13',	NULL,	NULL,	NULL,	NULL),
(3529,	13,	NULL,	NULL,	95,	1,	84,	0,	NULL,	'2020-12-16 06:37:13',	NULL,	NULL,	NULL,	NULL),
(3530,	13,	NULL,	NULL,	96,	1,	85,	0,	NULL,	'2020-12-16 06:37:13',	NULL,	NULL,	NULL,	NULL),
(3531,	13,	NULL,	NULL,	97,	1,	86,	0,	NULL,	'2020-12-16 06:37:13',	NULL,	NULL,	NULL,	NULL),
(3532,	13,	NULL,	NULL,	98,	1,	87,	0,	NULL,	'2020-12-16 06:37:13',	NULL,	NULL,	NULL,	NULL),
(3533,	13,	NULL,	NULL,	99,	1,	88,	0,	NULL,	'2020-12-16 06:37:13',	NULL,	NULL,	NULL,	NULL),
(3534,	13,	NULL,	NULL,	100,	1,	89,	0,	NULL,	'2020-12-16 06:37:13',	NULL,	NULL,	NULL,	NULL),
(3535,	42,	NULL,	NULL,	1,	1,	1,	1,	NULL,	'2020-12-17 08:08:10',	NULL,	NULL,	NULL,	NULL),
(3536,	42,	NULL,	NULL,	2,	1,	2,	1,	NULL,	'2020-12-17 08:08:10',	NULL,	NULL,	NULL,	NULL),
(3537,	42,	NULL,	NULL,	3,	1,	3,	1,	NULL,	'2020-12-17 08:08:10',	NULL,	NULL,	NULL,	NULL),
(3538,	42,	NULL,	NULL,	4,	1,	4,	1,	NULL,	'2020-12-17 08:08:10',	NULL,	NULL,	NULL,	NULL),
(3539,	42,	NULL,	NULL,	5,	1,	5,	1,	NULL,	'2020-12-17 08:08:10',	NULL,	NULL,	NULL,	NULL),
(3540,	42,	NULL,	NULL,	6,	1,	6,	1,	NULL,	'2020-12-17 08:08:10',	NULL,	NULL,	NULL,	NULL),
(3541,	42,	NULL,	NULL,	7,	1,	7,	1,	NULL,	'2020-12-17 08:08:10',	NULL,	NULL,	NULL,	NULL),
(3542,	42,	NULL,	NULL,	8,	1,	8,	1,	NULL,	'2020-12-17 08:08:10',	NULL,	NULL,	NULL,	NULL),
(3543,	42,	NULL,	NULL,	9,	1,	9,	0,	NULL,	'2020-12-17 08:08:10',	NULL,	NULL,	NULL,	NULL),
(3544,	42,	NULL,	NULL,	10,	1,	10,	0,	NULL,	'2020-12-17 08:08:10',	NULL,	NULL,	NULL,	NULL),
(3545,	42,	NULL,	NULL,	11,	1,	11,	0,	NULL,	'2020-12-17 08:08:10',	NULL,	NULL,	NULL,	NULL),
(3546,	42,	NULL,	NULL,	12,	1,	12,	0,	NULL,	'2020-12-17 08:08:10',	NULL,	NULL,	NULL,	NULL),
(3547,	42,	NULL,	NULL,	13,	1,	13,	0,	NULL,	'2020-12-17 08:08:10',	NULL,	NULL,	NULL,	NULL),
(3548,	42,	NULL,	NULL,	14,	1,	14,	0,	NULL,	'2020-12-17 08:08:10',	NULL,	NULL,	NULL,	NULL),
(3549,	42,	NULL,	NULL,	15,	1,	15,	0,	NULL,	'2020-12-17 08:08:10',	NULL,	NULL,	NULL,	NULL),
(3550,	42,	NULL,	NULL,	16,	1,	16,	0,	NULL,	'2020-12-17 08:08:10',	NULL,	NULL,	NULL,	NULL),
(3551,	42,	NULL,	NULL,	17,	1,	17,	0,	NULL,	'2020-12-17 08:08:10',	NULL,	NULL,	NULL,	NULL),
(3552,	42,	NULL,	NULL,	18,	1,	18,	0,	NULL,	'2020-12-17 08:08:10',	NULL,	NULL,	NULL,	NULL),
(3553,	42,	NULL,	NULL,	21,	1,	19,	0,	NULL,	'2020-12-17 08:08:10',	NULL,	NULL,	NULL,	NULL),
(3554,	42,	NULL,	NULL,	22,	1,	20,	0,	NULL,	'2020-12-17 08:08:10',	NULL,	NULL,	NULL,	NULL),
(3555,	42,	NULL,	NULL,	23,	1,	21,	0,	NULL,	'2020-12-17 08:08:10',	NULL,	NULL,	NULL,	NULL),
(3556,	42,	NULL,	NULL,	24,	1,	22,	1,	NULL,	'2020-12-17 08:08:10',	NULL,	NULL,	NULL,	NULL),
(3557,	42,	NULL,	NULL,	25,	1,	23,	0,	NULL,	'2020-12-17 08:08:10',	NULL,	NULL,	NULL,	NULL),
(3558,	42,	NULL,	NULL,	26,	1,	24,	0,	NULL,	'2020-12-17 08:08:10',	NULL,	NULL,	NULL,	NULL),
(3559,	42,	NULL,	NULL,	27,	1,	25,	0,	NULL,	'2020-12-17 08:08:10',	NULL,	NULL,	NULL,	NULL),
(3560,	42,	NULL,	NULL,	28,	1,	26,	0,	NULL,	'2020-12-17 08:08:10',	NULL,	NULL,	NULL,	NULL),
(3561,	42,	NULL,	NULL,	29,	1,	27,	0,	NULL,	'2020-12-17 08:08:10',	NULL,	NULL,	NULL,	NULL),
(3562,	42,	NULL,	NULL,	30,	1,	28,	0,	NULL,	'2020-12-17 08:08:10',	NULL,	NULL,	NULL,	NULL),
(3563,	42,	NULL,	NULL,	31,	1,	29,	0,	NULL,	'2020-12-17 08:08:10',	NULL,	NULL,	NULL,	NULL),
(3564,	42,	NULL,	NULL,	32,	1,	30,	0,	NULL,	'2020-12-17 08:08:10',	NULL,	NULL,	NULL,	NULL),
(3565,	42,	NULL,	NULL,	33,	1,	31,	0,	NULL,	'2020-12-17 08:08:10',	NULL,	NULL,	NULL,	NULL),
(3566,	42,	NULL,	NULL,	34,	1,	32,	0,	NULL,	'2020-12-17 08:08:10',	NULL,	NULL,	NULL,	NULL),
(3567,	42,	NULL,	NULL,	35,	1,	33,	0,	NULL,	'2020-12-17 08:08:10',	NULL,	NULL,	NULL,	NULL),
(3568,	42,	NULL,	NULL,	36,	1,	34,	0,	NULL,	'2020-12-17 08:08:10',	NULL,	NULL,	NULL,	NULL),
(3569,	42,	NULL,	NULL,	37,	1,	35,	0,	NULL,	'2020-12-17 08:08:10',	NULL,	NULL,	NULL,	NULL),
(3570,	42,	NULL,	NULL,	38,	1,	36,	0,	NULL,	'2020-12-17 08:08:10',	NULL,	NULL,	NULL,	NULL),
(3571,	42,	NULL,	NULL,	39,	1,	37,	0,	NULL,	'2020-12-17 08:08:10',	NULL,	NULL,	NULL,	NULL),
(3572,	42,	NULL,	NULL,	40,	1,	38,	0,	NULL,	'2020-12-17 08:08:10',	NULL,	NULL,	NULL,	NULL),
(3573,	42,	NULL,	NULL,	41,	1,	39,	0,	NULL,	'2020-12-17 08:08:10',	NULL,	NULL,	NULL,	NULL),
(3574,	42,	NULL,	NULL,	42,	1,	40,	0,	NULL,	'2020-12-17 08:08:10',	NULL,	NULL,	NULL,	NULL),
(3575,	42,	NULL,	NULL,	43,	1,	41,	0,	NULL,	'2020-12-17 08:08:10',	NULL,	NULL,	NULL,	NULL),
(3576,	42,	NULL,	NULL,	44,	1,	42,	0,	NULL,	'2020-12-17 08:08:10',	NULL,	NULL,	NULL,	NULL),
(3577,	42,	NULL,	NULL,	45,	1,	43,	0,	NULL,	'2020-12-17 08:08:10',	NULL,	NULL,	NULL,	NULL),
(3578,	42,	NULL,	NULL,	46,	1,	44,	0,	NULL,	'2020-12-17 08:08:10',	NULL,	NULL,	NULL,	NULL),
(3579,	42,	NULL,	NULL,	47,	1,	45,	0,	NULL,	'2020-12-17 08:08:10',	NULL,	NULL,	NULL,	NULL),
(3580,	42,	NULL,	NULL,	48,	1,	46,	0,	NULL,	'2020-12-17 08:08:10',	NULL,	NULL,	NULL,	NULL),
(3581,	42,	NULL,	NULL,	49,	1,	47,	0,	NULL,	'2020-12-17 08:08:10',	NULL,	NULL,	NULL,	NULL),
(3582,	42,	NULL,	NULL,	50,	1,	48,	0,	NULL,	'2020-12-17 08:08:10',	NULL,	NULL,	NULL,	NULL),
(3583,	42,	NULL,	NULL,	51,	1,	49,	0,	NULL,	'2020-12-17 08:08:10',	NULL,	NULL,	NULL,	NULL),
(3584,	42,	NULL,	NULL,	52,	1,	50,	0,	NULL,	'2020-12-17 08:08:10',	NULL,	NULL,	NULL,	NULL),
(3585,	42,	NULL,	NULL,	53,	1,	51,	0,	NULL,	'2020-12-17 08:08:10',	NULL,	NULL,	NULL,	NULL),
(3586,	42,	NULL,	NULL,	54,	1,	52,	0,	NULL,	'2020-12-17 08:08:10',	NULL,	NULL,	NULL,	NULL),
(3587,	42,	NULL,	NULL,	55,	1,	53,	0,	NULL,	'2020-12-17 08:08:10',	NULL,	NULL,	NULL,	NULL),
(3588,	42,	NULL,	NULL,	56,	1,	54,	0,	NULL,	'2020-12-17 08:08:10',	NULL,	NULL,	NULL,	NULL),
(3589,	42,	NULL,	NULL,	57,	1,	55,	0,	NULL,	'2020-12-17 08:08:10',	NULL,	NULL,	NULL,	NULL),
(3590,	42,	NULL,	NULL,	58,	1,	56,	0,	NULL,	'2020-12-17 08:08:10',	NULL,	NULL,	NULL,	NULL),
(3591,	42,	NULL,	NULL,	59,	1,	57,	0,	NULL,	'2020-12-17 08:08:10',	NULL,	NULL,	NULL,	NULL),
(3592,	42,	NULL,	NULL,	60,	1,	58,	0,	NULL,	'2020-12-17 08:08:10',	NULL,	NULL,	NULL,	NULL),
(3593,	42,	NULL,	NULL,	61,	1,	59,	0,	NULL,	'2020-12-17 08:08:10',	NULL,	NULL,	NULL,	NULL),
(3594,	42,	NULL,	NULL,	62,	1,	60,	0,	NULL,	'2020-12-17 08:08:10',	NULL,	NULL,	NULL,	NULL),
(3595,	42,	NULL,	NULL,	66,	1,	61,	0,	NULL,	'2020-12-17 08:08:10',	NULL,	NULL,	NULL,	NULL),
(3596,	42,	NULL,	NULL,	67,	1,	62,	0,	NULL,	'2020-12-17 08:08:10',	NULL,	NULL,	NULL,	NULL),
(3597,	42,	NULL,	NULL,	68,	1,	63,	0,	NULL,	'2020-12-17 08:08:10',	NULL,	NULL,	NULL,	NULL),
(3598,	42,	NULL,	NULL,	69,	1,	64,	0,	NULL,	'2020-12-17 08:08:10',	NULL,	NULL,	NULL,	NULL),
(3599,	42,	NULL,	NULL,	70,	1,	65,	0,	NULL,	'2020-12-17 08:08:10',	NULL,	NULL,	NULL,	NULL),
(3600,	42,	NULL,	NULL,	71,	1,	66,	0,	NULL,	'2020-12-17 08:08:10',	NULL,	NULL,	NULL,	NULL),
(3601,	42,	NULL,	NULL,	72,	1,	67,	0,	NULL,	'2020-12-17 08:08:10',	NULL,	NULL,	NULL,	NULL),
(3602,	42,	NULL,	NULL,	73,	1,	68,	0,	NULL,	'2020-12-17 08:08:10',	NULL,	NULL,	NULL,	NULL),
(3603,	42,	NULL,	NULL,	74,	1,	69,	0,	NULL,	'2020-12-17 08:08:10',	NULL,	NULL,	NULL,	NULL),
(3604,	42,	NULL,	NULL,	75,	1,	70,	0,	NULL,	'2020-12-17 08:08:10',	NULL,	NULL,	NULL,	NULL),
(3605,	42,	NULL,	NULL,	76,	1,	71,	0,	NULL,	'2020-12-17 08:08:10',	NULL,	NULL,	NULL,	NULL),
(3606,	42,	NULL,	NULL,	77,	1,	72,	0,	NULL,	'2020-12-17 08:08:10',	NULL,	NULL,	NULL,	NULL),
(3607,	42,	NULL,	NULL,	78,	1,	73,	0,	NULL,	'2020-12-17 08:08:10',	NULL,	NULL,	NULL,	NULL),
(3608,	42,	NULL,	NULL,	79,	1,	74,	0,	NULL,	'2020-12-17 08:08:10',	NULL,	NULL,	NULL,	NULL),
(3609,	42,	NULL,	NULL,	80,	1,	75,	0,	NULL,	'2020-12-17 08:08:10',	NULL,	NULL,	NULL,	NULL),
(3610,	42,	NULL,	NULL,	81,	1,	76,	0,	NULL,	'2020-12-17 08:08:10',	NULL,	NULL,	NULL,	NULL),
(3611,	42,	NULL,	NULL,	82,	1,	77,	0,	NULL,	'2020-12-17 08:08:10',	NULL,	NULL,	NULL,	NULL),
(3612,	42,	NULL,	NULL,	89,	1,	78,	0,	NULL,	'2020-12-17 08:08:10',	NULL,	NULL,	NULL,	NULL),
(3613,	42,	NULL,	NULL,	90,	1,	79,	0,	NULL,	'2020-12-17 08:08:10',	NULL,	NULL,	NULL,	NULL),
(3614,	42,	NULL,	NULL,	91,	1,	80,	0,	NULL,	'2020-12-17 08:08:10',	NULL,	NULL,	NULL,	NULL),
(3615,	42,	NULL,	NULL,	92,	1,	81,	0,	NULL,	'2020-12-17 08:08:10',	NULL,	NULL,	NULL,	NULL),
(3616,	42,	NULL,	NULL,	93,	1,	82,	0,	NULL,	'2020-12-17 08:08:10',	NULL,	NULL,	NULL,	NULL),
(3617,	42,	NULL,	NULL,	94,	1,	83,	0,	NULL,	'2020-12-17 08:08:10',	NULL,	NULL,	NULL,	NULL),
(3618,	42,	NULL,	NULL,	95,	1,	84,	0,	NULL,	'2020-12-17 08:08:10',	NULL,	NULL,	NULL,	NULL),
(3619,	42,	NULL,	NULL,	96,	1,	85,	0,	NULL,	'2020-12-17 08:08:10',	NULL,	NULL,	NULL,	NULL),
(3620,	42,	NULL,	NULL,	97,	1,	86,	0,	NULL,	'2020-12-17 08:08:10',	NULL,	NULL,	NULL,	NULL),
(3621,	42,	NULL,	NULL,	98,	1,	87,	0,	NULL,	'2020-12-17 08:08:10',	NULL,	NULL,	NULL,	NULL),
(3622,	42,	NULL,	NULL,	99,	1,	88,	0,	NULL,	'2020-12-17 08:08:10',	NULL,	NULL,	NULL,	NULL),
(3623,	42,	NULL,	NULL,	100,	1,	89,	0,	NULL,	'2020-12-17 08:08:10',	NULL,	NULL,	NULL,	NULL),
(3624,	1,	NULL,	NULL,	101,	1,	179,	0,	NULL,	'2021-01-25 07:17:19',	NULL,	NULL,	NULL,	NULL),
(3625,	1,	NULL,	NULL,	102,	1,	180,	0,	NULL,	'2021-01-25 07:17:19',	NULL,	NULL,	NULL,	NULL),
(3626,	1,	NULL,	NULL,	103,	1,	181,	0,	NULL,	'2021-01-25 07:17:19',	NULL,	NULL,	NULL,	NULL),
(3627,	8,	NULL,	NULL,	89,	1,	155,	0,	NULL,	'2021-01-25 07:17:39',	NULL,	NULL,	NULL,	NULL),
(3628,	8,	NULL,	NULL,	90,	1,	156,	0,	NULL,	'2021-01-25 07:17:39',	NULL,	NULL,	NULL,	NULL),
(3629,	8,	NULL,	NULL,	91,	1,	157,	0,	NULL,	'2021-01-25 07:17:39',	NULL,	NULL,	NULL,	NULL),
(3630,	8,	NULL,	NULL,	92,	1,	158,	0,	NULL,	'2021-01-25 07:17:39',	NULL,	NULL,	NULL,	NULL),
(3631,	8,	NULL,	NULL,	93,	1,	159,	0,	NULL,	'2021-01-25 07:17:39',	NULL,	NULL,	NULL,	NULL),
(3632,	8,	NULL,	NULL,	94,	1,	160,	0,	NULL,	'2021-01-25 07:17:39',	NULL,	NULL,	NULL,	NULL),
(3633,	8,	NULL,	NULL,	95,	1,	161,	0,	NULL,	'2021-01-25 07:17:39',	NULL,	NULL,	NULL,	NULL),
(3634,	8,	NULL,	NULL,	96,	1,	162,	0,	NULL,	'2021-01-25 07:17:39',	NULL,	NULL,	NULL,	NULL),
(3635,	8,	NULL,	NULL,	97,	1,	163,	0,	NULL,	'2021-01-25 07:17:39',	NULL,	NULL,	NULL,	NULL),
(3636,	8,	NULL,	NULL,	98,	1,	164,	0,	NULL,	'2021-01-25 07:17:39',	NULL,	NULL,	NULL,	NULL),
(3637,	8,	NULL,	NULL,	99,	1,	165,	0,	NULL,	'2021-01-25 07:17:39',	NULL,	NULL,	NULL,	NULL),
(3638,	8,	NULL,	NULL,	100,	1,	166,	0,	NULL,	'2021-01-25 07:17:39',	NULL,	NULL,	NULL,	NULL),
(3639,	8,	NULL,	NULL,	101,	1,	167,	0,	NULL,	'2021-01-25 07:17:39',	NULL,	NULL,	NULL,	NULL),
(3640,	8,	NULL,	NULL,	102,	1,	168,	0,	NULL,	'2021-01-25 07:17:39',	NULL,	NULL,	NULL,	NULL),
(3641,	8,	NULL,	NULL,	103,	1,	169,	0,	NULL,	'2021-01-25 07:17:39',	NULL,	NULL,	NULL,	NULL),
(3642,	10,	NULL,	NULL,	89,	1,	155,	0,	NULL,	'2021-01-25 07:39:27',	NULL,	NULL,	NULL,	NULL),
(3643,	10,	NULL,	NULL,	90,	1,	156,	0,	NULL,	'2021-01-25 07:39:27',	NULL,	NULL,	NULL,	NULL),
(3644,	10,	NULL,	NULL,	91,	1,	157,	0,	NULL,	'2021-01-25 07:39:27',	NULL,	NULL,	NULL,	NULL),
(3645,	10,	NULL,	NULL,	92,	1,	158,	0,	NULL,	'2021-01-25 07:39:27',	NULL,	NULL,	NULL,	NULL),
(3646,	10,	NULL,	NULL,	93,	1,	159,	0,	NULL,	'2021-01-25 07:39:27',	NULL,	NULL,	NULL,	NULL),
(3647,	10,	NULL,	NULL,	94,	1,	160,	0,	NULL,	'2021-01-25 07:39:27',	NULL,	NULL,	NULL,	NULL),
(3648,	10,	NULL,	NULL,	95,	1,	161,	0,	NULL,	'2021-01-25 07:39:27',	NULL,	NULL,	NULL,	NULL),
(3649,	10,	NULL,	NULL,	96,	1,	162,	0,	NULL,	'2021-01-25 07:39:27',	NULL,	NULL,	NULL,	NULL),
(3650,	10,	NULL,	NULL,	97,	1,	163,	0,	NULL,	'2021-01-25 07:39:27',	NULL,	NULL,	NULL,	NULL),
(3651,	10,	NULL,	NULL,	98,	1,	164,	0,	NULL,	'2021-01-25 07:39:27',	NULL,	NULL,	NULL,	NULL),
(3652,	10,	NULL,	NULL,	99,	1,	165,	0,	NULL,	'2021-01-25 07:39:27',	NULL,	NULL,	NULL,	NULL),
(3653,	10,	NULL,	NULL,	100,	1,	166,	0,	NULL,	'2021-01-25 07:39:27',	NULL,	NULL,	NULL,	NULL),
(3654,	10,	NULL,	NULL,	101,	1,	167,	0,	NULL,	'2021-01-25 07:39:27',	NULL,	NULL,	NULL,	NULL),
(3655,	10,	NULL,	NULL,	102,	1,	168,	0,	NULL,	'2021-01-25 07:39:27',	NULL,	NULL,	NULL,	NULL),
(3656,	10,	NULL,	NULL,	103,	1,	169,	0,	NULL,	'2021-01-25 07:39:27',	NULL,	NULL,	NULL,	NULL),
(3657,	50,	NULL,	NULL,	1,	1,	1,	1,	NULL,	'2021-01-25 08:06:40',	NULL,	NULL,	NULL,	NULL),
(3658,	50,	NULL,	NULL,	2,	1,	2,	1,	NULL,	'2021-01-25 08:06:40',	NULL,	NULL,	NULL,	NULL),
(3659,	50,	NULL,	NULL,	3,	1,	3,	1,	NULL,	'2021-01-25 08:06:40',	NULL,	NULL,	NULL,	NULL),
(3660,	50,	NULL,	NULL,	4,	1,	4,	1,	NULL,	'2021-01-25 08:06:40',	NULL,	NULL,	NULL,	NULL),
(3661,	50,	NULL,	NULL,	5,	1,	5,	1,	NULL,	'2021-01-25 08:06:40',	NULL,	NULL,	NULL,	NULL),
(3662,	50,	NULL,	NULL,	6,	1,	6,	1,	NULL,	'2021-01-25 08:06:40',	NULL,	NULL,	NULL,	NULL),
(3663,	50,	NULL,	NULL,	7,	1,	7,	1,	NULL,	'2021-01-25 08:06:40',	NULL,	NULL,	NULL,	NULL),
(3664,	50,	NULL,	NULL,	8,	1,	8,	1,	NULL,	'2021-01-25 08:06:40',	NULL,	NULL,	NULL,	NULL),
(3665,	50,	NULL,	NULL,	9,	1,	9,	0,	NULL,	'2021-01-25 08:06:40',	NULL,	NULL,	NULL,	NULL),
(3666,	50,	NULL,	NULL,	10,	1,	10,	0,	NULL,	'2021-01-25 08:06:40',	NULL,	NULL,	NULL,	NULL),
(3667,	50,	NULL,	NULL,	11,	1,	11,	0,	NULL,	'2021-01-25 08:06:40',	NULL,	NULL,	NULL,	NULL),
(3668,	50,	NULL,	NULL,	12,	1,	12,	0,	NULL,	'2021-01-25 08:06:40',	NULL,	NULL,	NULL,	NULL),
(3669,	50,	NULL,	NULL,	13,	1,	13,	0,	NULL,	'2021-01-25 08:06:40',	NULL,	NULL,	NULL,	NULL),
(3670,	50,	NULL,	NULL,	14,	1,	14,	0,	NULL,	'2021-01-25 08:06:40',	NULL,	NULL,	NULL,	NULL),
(3671,	50,	NULL,	NULL,	15,	1,	15,	0,	NULL,	'2021-01-25 08:06:40',	NULL,	NULL,	NULL,	NULL),
(3672,	50,	NULL,	NULL,	16,	1,	16,	0,	NULL,	'2021-01-25 08:06:40',	NULL,	NULL,	NULL,	NULL),
(3673,	50,	NULL,	NULL,	17,	1,	17,	0,	NULL,	'2021-01-25 08:06:40',	NULL,	NULL,	NULL,	NULL),
(3674,	50,	NULL,	NULL,	18,	1,	18,	0,	NULL,	'2021-01-25 08:06:40',	NULL,	NULL,	NULL,	NULL),
(3675,	50,	NULL,	NULL,	21,	1,	19,	0,	NULL,	'2021-01-25 08:06:40',	NULL,	NULL,	NULL,	NULL),
(3676,	50,	NULL,	NULL,	22,	1,	20,	0,	NULL,	'2021-01-25 08:06:40',	NULL,	NULL,	NULL,	NULL),
(3677,	50,	NULL,	NULL,	23,	1,	21,	0,	NULL,	'2021-01-25 08:06:40',	NULL,	NULL,	NULL,	NULL),
(3678,	50,	NULL,	NULL,	24,	1,	22,	1,	NULL,	'2021-01-25 08:06:40',	NULL,	NULL,	NULL,	NULL),
(3679,	50,	NULL,	NULL,	25,	1,	23,	0,	NULL,	'2021-01-25 08:06:40',	NULL,	NULL,	NULL,	NULL),
(3680,	50,	NULL,	NULL,	26,	1,	24,	0,	NULL,	'2021-01-25 08:06:40',	NULL,	NULL,	NULL,	NULL),
(3681,	50,	NULL,	NULL,	27,	1,	25,	0,	NULL,	'2021-01-25 08:06:40',	NULL,	NULL,	NULL,	NULL),
(3682,	50,	NULL,	NULL,	28,	1,	26,	0,	NULL,	'2021-01-25 08:06:40',	NULL,	NULL,	NULL,	NULL),
(3683,	50,	NULL,	NULL,	29,	1,	27,	0,	NULL,	'2021-01-25 08:06:40',	NULL,	NULL,	NULL,	NULL),
(3684,	50,	NULL,	NULL,	30,	1,	28,	0,	NULL,	'2021-01-25 08:06:40',	NULL,	NULL,	NULL,	NULL),
(3685,	50,	NULL,	NULL,	31,	1,	29,	0,	NULL,	'2021-01-25 08:06:40',	NULL,	NULL,	NULL,	NULL),
(3686,	50,	NULL,	NULL,	32,	1,	30,	0,	NULL,	'2021-01-25 08:06:40',	NULL,	NULL,	NULL,	NULL),
(3687,	50,	NULL,	NULL,	33,	1,	31,	0,	NULL,	'2021-01-25 08:06:40',	NULL,	NULL,	NULL,	NULL),
(3688,	50,	NULL,	NULL,	34,	1,	32,	0,	NULL,	'2021-01-25 08:06:40',	NULL,	NULL,	NULL,	NULL),
(3689,	50,	NULL,	NULL,	35,	1,	33,	0,	NULL,	'2021-01-25 08:06:40',	NULL,	NULL,	NULL,	NULL),
(3690,	50,	NULL,	NULL,	36,	1,	34,	0,	NULL,	'2021-01-25 08:06:40',	NULL,	NULL,	NULL,	NULL),
(3691,	50,	NULL,	NULL,	37,	1,	35,	0,	NULL,	'2021-01-25 08:06:40',	NULL,	NULL,	NULL,	NULL),
(3692,	50,	NULL,	NULL,	38,	1,	36,	0,	NULL,	'2021-01-25 08:06:40',	NULL,	NULL,	NULL,	NULL),
(3693,	50,	NULL,	NULL,	39,	1,	37,	0,	NULL,	'2021-01-25 08:06:40',	NULL,	NULL,	NULL,	NULL),
(3694,	50,	NULL,	NULL,	40,	1,	38,	0,	NULL,	'2021-01-25 08:06:40',	NULL,	NULL,	NULL,	NULL),
(3695,	50,	NULL,	NULL,	41,	1,	39,	0,	NULL,	'2021-01-25 08:06:40',	NULL,	NULL,	NULL,	NULL),
(3696,	50,	NULL,	NULL,	42,	1,	40,	0,	NULL,	'2021-01-25 08:06:40',	NULL,	NULL,	NULL,	NULL),
(3697,	50,	NULL,	NULL,	43,	1,	41,	0,	NULL,	'2021-01-25 08:06:40',	NULL,	NULL,	NULL,	NULL),
(3698,	50,	NULL,	NULL,	44,	1,	42,	0,	NULL,	'2021-01-25 08:06:40',	NULL,	NULL,	NULL,	NULL),
(3699,	50,	NULL,	NULL,	45,	1,	43,	0,	NULL,	'2021-01-25 08:06:40',	NULL,	NULL,	NULL,	NULL),
(3700,	50,	NULL,	NULL,	46,	1,	44,	0,	NULL,	'2021-01-25 08:06:40',	NULL,	NULL,	NULL,	NULL),
(3701,	50,	NULL,	NULL,	47,	1,	45,	0,	NULL,	'2021-01-25 08:06:40',	NULL,	NULL,	NULL,	NULL),
(3702,	50,	NULL,	NULL,	48,	1,	46,	0,	NULL,	'2021-01-25 08:06:40',	NULL,	NULL,	NULL,	NULL),
(3703,	50,	NULL,	NULL,	49,	1,	47,	0,	NULL,	'2021-01-25 08:06:40',	NULL,	NULL,	NULL,	NULL),
(3704,	50,	NULL,	NULL,	50,	1,	48,	0,	NULL,	'2021-01-25 08:06:40',	NULL,	NULL,	NULL,	NULL),
(3705,	50,	NULL,	NULL,	51,	1,	49,	0,	NULL,	'2021-01-25 08:06:40',	NULL,	NULL,	NULL,	NULL),
(3706,	50,	NULL,	NULL,	52,	1,	50,	0,	NULL,	'2021-01-25 08:06:40',	NULL,	NULL,	NULL,	NULL),
(3707,	50,	NULL,	NULL,	53,	1,	51,	0,	NULL,	'2021-01-25 08:06:40',	NULL,	NULL,	NULL,	NULL),
(3708,	50,	NULL,	NULL,	54,	1,	52,	0,	NULL,	'2021-01-25 08:06:40',	NULL,	NULL,	NULL,	NULL),
(3709,	50,	NULL,	NULL,	55,	1,	53,	0,	NULL,	'2021-01-25 08:06:40',	NULL,	NULL,	NULL,	NULL),
(3710,	50,	NULL,	NULL,	56,	1,	54,	0,	NULL,	'2021-01-25 08:06:40',	NULL,	NULL,	NULL,	NULL),
(3711,	50,	NULL,	NULL,	57,	1,	55,	0,	NULL,	'2021-01-25 08:06:40',	NULL,	NULL,	NULL,	NULL),
(3712,	50,	NULL,	NULL,	58,	1,	56,	0,	NULL,	'2021-01-25 08:06:40',	NULL,	NULL,	NULL,	NULL),
(3713,	50,	NULL,	NULL,	59,	1,	57,	0,	NULL,	'2021-01-25 08:06:40',	NULL,	NULL,	NULL,	NULL),
(3714,	50,	NULL,	NULL,	60,	1,	58,	0,	NULL,	'2021-01-25 08:06:40',	NULL,	NULL,	NULL,	NULL),
(3715,	50,	NULL,	NULL,	61,	1,	59,	0,	NULL,	'2021-01-25 08:06:40',	NULL,	NULL,	NULL,	NULL),
(3716,	50,	NULL,	NULL,	62,	1,	60,	0,	NULL,	'2021-01-25 08:06:40',	NULL,	NULL,	NULL,	NULL),
(3717,	50,	NULL,	NULL,	66,	1,	61,	0,	NULL,	'2021-01-25 08:06:40',	NULL,	NULL,	NULL,	NULL),
(3718,	50,	NULL,	NULL,	67,	1,	62,	0,	NULL,	'2021-01-25 08:06:40',	NULL,	NULL,	NULL,	NULL),
(3719,	50,	NULL,	NULL,	68,	1,	63,	0,	NULL,	'2021-01-25 08:06:40',	NULL,	NULL,	NULL,	NULL),
(3720,	50,	NULL,	NULL,	69,	1,	64,	0,	NULL,	'2021-01-25 08:06:40',	NULL,	NULL,	NULL,	NULL),
(3721,	50,	NULL,	NULL,	70,	1,	65,	0,	NULL,	'2021-01-25 08:06:40',	NULL,	NULL,	NULL,	NULL),
(3722,	50,	NULL,	NULL,	71,	1,	66,	0,	NULL,	'2021-01-25 08:06:40',	NULL,	NULL,	NULL,	NULL),
(3723,	50,	NULL,	NULL,	72,	1,	67,	0,	NULL,	'2021-01-25 08:06:40',	NULL,	NULL,	NULL,	NULL),
(3724,	50,	NULL,	NULL,	73,	1,	68,	0,	NULL,	'2021-01-25 08:06:40',	NULL,	NULL,	NULL,	NULL),
(3725,	50,	NULL,	NULL,	74,	1,	69,	0,	NULL,	'2021-01-25 08:06:40',	NULL,	NULL,	NULL,	NULL),
(3726,	50,	NULL,	NULL,	75,	1,	70,	0,	NULL,	'2021-01-25 08:06:40',	NULL,	NULL,	NULL,	NULL),
(3727,	50,	NULL,	NULL,	76,	1,	71,	0,	NULL,	'2021-01-25 08:06:40',	NULL,	NULL,	NULL,	NULL),
(3728,	50,	NULL,	NULL,	77,	1,	72,	0,	NULL,	'2021-01-25 08:06:40',	NULL,	NULL,	NULL,	NULL),
(3729,	50,	NULL,	NULL,	78,	1,	73,	0,	NULL,	'2021-01-25 08:06:40',	NULL,	NULL,	NULL,	NULL),
(3730,	50,	NULL,	NULL,	79,	1,	74,	0,	NULL,	'2021-01-25 08:06:40',	NULL,	NULL,	NULL,	NULL),
(3731,	50,	NULL,	NULL,	80,	1,	75,	0,	NULL,	'2021-01-25 08:06:40',	NULL,	NULL,	NULL,	NULL),
(3732,	50,	NULL,	NULL,	81,	1,	76,	0,	NULL,	'2021-01-25 08:06:40',	NULL,	NULL,	NULL,	NULL),
(3733,	50,	NULL,	NULL,	82,	1,	77,	0,	NULL,	'2021-01-25 08:06:40',	NULL,	NULL,	NULL,	NULL),
(3734,	50,	NULL,	NULL,	89,	1,	78,	0,	NULL,	'2021-01-25 08:06:40',	NULL,	NULL,	NULL,	NULL),
(3735,	50,	NULL,	NULL,	90,	1,	79,	0,	NULL,	'2021-01-25 08:06:40',	NULL,	NULL,	NULL,	NULL),
(3736,	50,	NULL,	NULL,	91,	1,	80,	0,	NULL,	'2021-01-25 08:06:40',	NULL,	NULL,	NULL,	NULL),
(3737,	50,	NULL,	NULL,	92,	1,	81,	0,	NULL,	'2021-01-25 08:06:40',	NULL,	NULL,	NULL,	NULL),
(3738,	50,	NULL,	NULL,	93,	1,	82,	0,	NULL,	'2021-01-25 08:06:40',	NULL,	NULL,	NULL,	NULL),
(3739,	50,	NULL,	NULL,	94,	1,	83,	0,	NULL,	'2021-01-25 08:06:40',	NULL,	NULL,	NULL,	NULL),
(3740,	50,	NULL,	NULL,	95,	1,	84,	0,	NULL,	'2021-01-25 08:06:40',	NULL,	NULL,	NULL,	NULL),
(3741,	50,	NULL,	NULL,	96,	1,	85,	0,	NULL,	'2021-01-25 08:06:40',	NULL,	NULL,	NULL,	NULL),
(3742,	50,	NULL,	NULL,	97,	1,	86,	0,	NULL,	'2021-01-25 08:06:40',	NULL,	NULL,	NULL,	NULL),
(3743,	50,	NULL,	NULL,	98,	1,	87,	0,	NULL,	'2021-01-25 08:06:40',	NULL,	NULL,	NULL,	NULL),
(3744,	50,	NULL,	NULL,	99,	1,	88,	0,	NULL,	'2021-01-25 08:06:40',	NULL,	NULL,	NULL,	NULL),
(3745,	50,	NULL,	NULL,	100,	1,	89,	0,	NULL,	'2021-01-25 08:06:40',	NULL,	NULL,	NULL,	NULL),
(3746,	50,	NULL,	NULL,	101,	1,	90,	0,	NULL,	'2021-01-25 08:06:40',	NULL,	NULL,	NULL,	NULL),
(3747,	50,	NULL,	NULL,	102,	1,	91,	0,	NULL,	'2021-01-25 08:06:40',	NULL,	NULL,	NULL,	NULL),
(3748,	50,	NULL,	NULL,	103,	1,	92,	0,	NULL,	'2021-01-25 08:06:40',	NULL,	NULL,	NULL,	NULL),
(3749,	1,	NULL,	NULL,	104,	1,	185,	0,	NULL,	'2021-01-25 10:27:28',	NULL,	NULL,	NULL,	NULL),
(3750,	10,	NULL,	NULL,	104,	1,	185,	0,	NULL,	'2021-01-25 10:30:31',	NULL,	NULL,	NULL,	NULL),
(3751,	24,	NULL,	NULL,	101,	1,	179,	0,	NULL,	'2021-01-25 10:40:18',	NULL,	NULL,	NULL,	NULL),
(3752,	24,	NULL,	NULL,	102,	1,	180,	0,	NULL,	'2021-01-25 10:40:18',	NULL,	NULL,	NULL,	NULL),
(3753,	24,	NULL,	NULL,	103,	1,	181,	0,	NULL,	'2021-01-25 10:40:18',	NULL,	NULL,	NULL,	NULL),
(3754,	24,	NULL,	NULL,	104,	1,	182,	0,	NULL,	'2021-01-25 10:40:18',	NULL,	NULL,	NULL,	NULL),
(3755,	50,	NULL,	NULL,	104,	1,	185,	0,	NULL,	'2021-01-25 11:13:56',	NULL,	NULL,	NULL,	NULL),
(3756,	5,	NULL,	NULL,	89,	1,	155,	0,	NULL,	'2021-01-25 12:42:49',	NULL,	NULL,	NULL,	NULL),
(3757,	5,	NULL,	NULL,	90,	1,	156,	0,	NULL,	'2021-01-25 12:42:49',	NULL,	NULL,	NULL,	NULL),
(3758,	5,	NULL,	NULL,	91,	1,	157,	0,	NULL,	'2021-01-25 12:42:49',	NULL,	NULL,	NULL,	NULL),
(3759,	5,	NULL,	NULL,	92,	1,	158,	0,	NULL,	'2021-01-25 12:42:49',	NULL,	NULL,	NULL,	NULL),
(3760,	5,	NULL,	NULL,	93,	1,	159,	0,	NULL,	'2021-01-25 12:42:49',	NULL,	NULL,	NULL,	NULL),
(3761,	5,	NULL,	NULL,	94,	1,	160,	0,	NULL,	'2021-01-25 12:42:49',	NULL,	NULL,	NULL,	NULL),
(3762,	5,	NULL,	NULL,	95,	1,	161,	0,	NULL,	'2021-01-25 12:42:49',	NULL,	NULL,	NULL,	NULL),
(3763,	5,	NULL,	NULL,	96,	1,	162,	0,	NULL,	'2021-01-25 12:42:49',	NULL,	NULL,	NULL,	NULL),
(3764,	5,	NULL,	NULL,	97,	1,	163,	0,	NULL,	'2021-01-25 12:42:49',	NULL,	NULL,	NULL,	NULL),
(3765,	5,	NULL,	NULL,	98,	1,	164,	0,	NULL,	'2021-01-25 12:42:49',	NULL,	NULL,	NULL,	NULL),
(3766,	5,	NULL,	NULL,	99,	1,	165,	0,	NULL,	'2021-01-25 12:42:49',	NULL,	NULL,	NULL,	NULL),
(3767,	5,	NULL,	NULL,	100,	1,	166,	0,	NULL,	'2021-01-25 12:42:49',	NULL,	NULL,	NULL,	NULL),
(3768,	5,	NULL,	NULL,	101,	1,	167,	0,	NULL,	'2021-01-25 12:42:49',	NULL,	NULL,	NULL,	NULL),
(3769,	5,	NULL,	NULL,	102,	1,	168,	0,	NULL,	'2021-01-25 12:42:49',	NULL,	NULL,	NULL,	NULL),
(3770,	5,	NULL,	NULL,	103,	1,	169,	0,	NULL,	'2021-01-25 12:42:49',	NULL,	NULL,	NULL,	NULL),
(3771,	5,	NULL,	NULL,	104,	1,	170,	0,	NULL,	'2021-01-25 12:42:49',	NULL,	NULL,	NULL,	NULL),
(3772,	35,	NULL,	NULL,	101,	1,	179,	0,	NULL,	'2021-01-26 07:27:29',	NULL,	NULL,	NULL,	NULL),
(3773,	35,	NULL,	NULL,	102,	1,	180,	0,	NULL,	'2021-01-26 07:27:29',	NULL,	NULL,	NULL,	NULL),
(3774,	35,	NULL,	NULL,	103,	1,	181,	0,	NULL,	'2021-01-26 07:27:29',	NULL,	NULL,	NULL,	NULL),
(3775,	35,	NULL,	NULL,	104,	1,	182,	0,	NULL,	'2021-01-26 07:27:29',	NULL,	NULL,	NULL,	NULL),
(3776,	1,	NULL,	NULL,	105,	1,	187,	0,	NULL,	'2021-01-26 08:27:47',	NULL,	NULL,	NULL,	NULL),
(3777,	11,	NULL,	NULL,	101,	1,	179,	0,	NULL,	'2021-01-28 09:58:55',	NULL,	NULL,	NULL,	NULL),
(3778,	11,	NULL,	NULL,	102,	1,	180,	0,	NULL,	'2021-01-28 09:58:55',	NULL,	NULL,	NULL,	NULL),
(3779,	11,	NULL,	NULL,	103,	1,	181,	0,	NULL,	'2021-01-28 09:58:55',	NULL,	NULL,	NULL,	NULL),
(3780,	11,	NULL,	NULL,	104,	1,	182,	0,	NULL,	'2021-01-28 09:58:55',	NULL,	NULL,	NULL,	NULL),
(3781,	11,	NULL,	NULL,	105,	1,	183,	0,	NULL,	'2021-01-28 09:58:55',	NULL,	NULL,	NULL,	NULL),
(3782,	35,	NULL,	NULL,	105,	1,	187,	0,	NULL,	'2021-01-28 10:02:00',	NULL,	NULL,	NULL,	NULL),
(3783,	5,	NULL,	NULL,	105,	1,	187,	0,	NULL,	'2021-01-28 10:38:16',	NULL,	NULL,	NULL,	NULL),
(3784,	1,	NULL,	NULL,	106,	1,	189,	0,	NULL,	'2021-01-29 06:18:59',	NULL,	NULL,	NULL,	NULL),
(3785,	11,	NULL,	NULL,	106,	1,	189,	0,	NULL,	'2021-01-29 06:43:52',	NULL,	NULL,	NULL,	NULL),
(3786,	35,	NULL,	NULL,	106,	1,	189,	0,	NULL,	'2021-01-29 11:56:41',	NULL,	NULL,	NULL,	NULL);

DROP TABLE IF EXISTS `message`;
CREATE TABLE `message` (
  `message_id` int(100) NOT NULL AUTO_INCREMENT,
  `message_track_number` varchar(100) DEFAULT NULL,
  `message_name` varchar(100) DEFAULT NULL,
  `fk_approve_item_id` int(100) DEFAULT NULL,
  `message_record_key` int(100) DEFAULT NULL,
  `message_created_by` int(100) DEFAULT NULL,
  `message_last_modified_by` int(100) DEFAULT NULL,
  `message_created_date` date DEFAULT NULL,
  `message_last_modified_date` timestamp NULL DEFAULT CURRENT_TIMESTAMP,
  `message_deleted_date` date DEFAULT NULL,
  `message_is_thread_open` int(5) DEFAULT '1',
  `fk_status_id` int(100) DEFAULT NULL,
  `fk_approval_id` int(100) DEFAULT NULL,
  PRIMARY KEY (`message_id`),
  KEY `fk_approve_item_id` (`fk_approve_item_id`),
  CONSTRAINT `message_ibfk_1` FOREIGN KEY (`fk_approve_item_id`) REFERENCES `approve_item` (`approve_item_id`)
) ENGINE=InnoDB DEFAULT CHARSET=latin1;

INSERT INTO `message` (`message_id`, `message_track_number`, `message_name`, `fk_approve_item_id`, `message_record_key`, `message_created_by`, `message_last_modified_by`, `message_created_date`, `message_last_modified_date`, `message_deleted_date`, `message_is_thread_open`, `fk_status_id`, `fk_approval_id`) VALUES
(1,	'',	'',	80,	1,	44,	44,	'2020-12-16',	'2020-12-16 05:17:12',	NULL,	1,	NULL,	NULL),
(2,	'',	'',	80,	11,	44,	44,	'2020-12-16',	'2020-12-16 10:34:45',	NULL,	1,	NULL,	NULL),
(3,	'',	'',	38,	5,	13,	13,	'2020-12-16',	'2020-12-16 11:22:36',	NULL,	1,	NULL,	NULL),
(4,	'',	'',	38,	5,	13,	13,	'2020-12-16',	'2020-12-16 11:22:38',	NULL,	1,	NULL,	NULL);

DROP TABLE IF EXISTS `message_detail`;
CREATE TABLE `message_detail` (
  `message_detail_id` int(100) NOT NULL AUTO_INCREMENT,
  `message_detail_track_number` varchar(100) NOT NULL,
  `message_detail_name` varchar(100) NOT NULL,
  `fk_user_id` int(100) DEFAULT NULL,
  `message_detail_content` longtext,
  `fk_message_id` int(100) DEFAULT NULL,
  `message_detail_created_date` datetime DEFAULT NULL,
  `message_detail_last_modified_date` date DEFAULT NULL,
  `message_detail_deleted_date` date DEFAULT NULL,
  `message_detail_created_by` int(100) DEFAULT NULL,
  `message_detail_last_modified_by` timestamp NULL DEFAULT CURRENT_TIMESTAMP,
  `message_detail_is_reply` int(5) DEFAULT '0',
  `message_detail_replied_message_key` int(100) DEFAULT NULL,
  `fk_status_id` int(100) DEFAULT NULL,
  `fk_approval_id` int(100) DEFAULT NULL,
  PRIMARY KEY (`message_detail_id`),
  KEY `fk_message_detail_message1_idx` (`fk_message_id`),
  CONSTRAINT `fk_message_detail_message1` FOREIGN KEY (`fk_message_id`) REFERENCES `message` (`message_id`) ON DELETE NO ACTION ON UPDATE NO ACTION
) ENGINE=InnoDB DEFAULT CHARSET=latin1;

INSERT INTO `message_detail` (`message_detail_id`, `message_detail_track_number`, `message_detail_name`, `fk_user_id`, `message_detail_content`, `fk_message_id`, `message_detail_created_date`, `message_detail_last_modified_date`, `message_detail_deleted_date`, `message_detail_created_by`, `message_detail_last_modified_by`, `message_detail_is_reply`, `message_detail_replied_message_key`, `fk_status_id`, `fk_approval_id`) VALUES
(1,	'',	'',	44,	'',	1,	'2020-12-16 05:18:15',	NULL,	NULL,	44,	'0000-00-00 00:00:00',	0,	0,	NULL,	NULL),
(2,	'',	'',	44,	'The Lord is good',	1,	'2020-12-16 05:18:36',	NULL,	NULL,	44,	'0000-00-00 00:00:00',	0,	0,	NULL,	NULL),
(3,	'',	'',	44,	'This voucher has been cancelled due to expiration as per bank requirement',	2,	'2020-12-16 10:35:48',	NULL,	NULL,	44,	'0000-00-00 00:00:00',	0,	0,	NULL,	NULL),
(4,	'',	'',	13,	'Some transaction has no  voucher number mostly these are petty cash',	3,	'2020-12-16 11:23:38',	NULL,	NULL,	13,	'0000-00-00 00:00:00',	0,	0,	NULL,	NULL),
(5,	'',	'',	13,	'',	4,	'2020-12-16 11:23:40',	NULL,	NULL,	13,	'0000-00-00 00:00:00',	0,	0,	NULL,	NULL);

DROP TABLE IF EXISTS `month`;
CREATE TABLE `month` (
  `month_id` int(11) NOT NULL AUTO_INCREMENT,
  `month_track_number` varchar(100) NOT NULL,
  `month_number` int(5) NOT NULL,
  `month_name` varchar(50) NOT NULL,
  `month_order` int(5) NOT NULL DEFAULT '0',
  `fk_status_id` int(100) NOT NULL,
  `month_created_by` int(100) NOT NULL,
  `month_last_modified_by` int(100) NOT NULL,
  `month_created_date` date NOT NULL,
  `month_last_modified_date` date NOT NULL,
  `fk_approval_id` int(100) DEFAULT NULL,
  PRIMARY KEY (`month_id`),
  UNIQUE KEY `month_number` (`month_number`),
  UNIQUE KEY `month_order` (`month_order`)
) ENGINE=InnoDB DEFAULT CHARSET=latin1;

INSERT INTO `month` (`month_id`, `month_track_number`, `month_number`, `month_name`, `month_order`, `fk_status_id`, `month_created_by`, `month_last_modified_by`, `month_created_date`, `month_last_modified_date`, `fk_approval_id`) VALUES
(1,	'MOTH-1375',	1,	'January',	7,	0,	1,	1,	'2020-08-20',	'0000-00-00',	21),
(2,	'MOTH-2590',	2,	'February',	8,	0,	1,	1,	'2020-08-20',	'0000-00-00',	22),
(3,	'MOTH-78171',	3,	'March',	9,	0,	1,	1,	'2020-08-20',	'0000-00-00',	23),
(4,	'MOTH-48550',	4,	'April',	10,	0,	1,	1,	'2020-08-20',	'0000-00-00',	24),
(5,	'MOTH-45398',	5,	'May',	11,	0,	1,	1,	'2020-08-20',	'0000-00-00',	25),
(6,	'MOTH-27703',	6,	'June',	12,	0,	1,	1,	'2020-08-20',	'0000-00-00',	26),
(7,	'MOTH-78602',	7,	'July',	1,	0,	1,	1,	'2020-08-20',	'0000-00-00',	27),
(8,	'MOTH-87313',	8,	'August',	2,	0,	1,	1,	'2020-08-20',	'0000-00-00',	28),
(9,	'MOTH-5546',	9,	'September',	3,	0,	1,	1,	'2020-08-20',	'0000-00-00',	29),
(10,	'MOTH-14644',	10,	'October',	4,	0,	1,	1,	'2020-08-20',	'0000-00-00',	30),
(11,	'MOTH-10413',	11,	'November',	5,	0,	1,	1,	'2020-08-20',	'0000-00-00',	31),
(12,	'MOTH-21433',	12,	'December',	6,	0,	1,	1,	'2020-08-20',	'0000-00-00',	32);

DROP TABLE IF EXISTS `office`;
CREATE TABLE `office` (
  `office_id` int(100) NOT NULL AUTO_INCREMENT,
  `office_track_number` varchar(100) DEFAULT NULL,
  `office_name` varchar(45) NOT NULL,
  `office_description` longtext NOT NULL,
  `office_code` varchar(45) NOT NULL,
  `fk_context_definition_id` int(100) NOT NULL,
  `office_start_date` date NOT NULL,
  `office_end_date` date DEFAULT '0000-00-00',
  `office_is_active` int(5) NOT NULL DEFAULT '1',
  `office_is_readonly` int(5) NOT NULL DEFAULT '0',
  `fk_account_system_id` int(100) NOT NULL DEFAULT '1',
  `fk_country_currency_id` int(100) NOT NULL,
  `office_created_by` int(100) NOT NULL,
  `office_created_date` date NOT NULL,
  `office_last_modified_date` date NOT NULL,
  `office_last_modified_by` int(100) NOT NULL,
  `fk_approval_id` int(11) DEFAULT NULL,
  `fk_status_id` int(11) DEFAULT NULL,
  PRIMARY KEY (`office_id`),
  UNIQUE KEY `office_code` (`office_code`),
  KEY `fk_context_definition_id` (`fk_context_definition_id`),
  KEY `fk_account_system_id` (`fk_account_system_id`),
  KEY `fk_country_currency_id` (`fk_country_currency_id`),
  CONSTRAINT `office_ibfk_1` FOREIGN KEY (`fk_context_definition_id`) REFERENCES `context_definition` (`context_definition_id`),
  CONSTRAINT `office_ibfk_2` FOREIGN KEY (`fk_account_system_id`) REFERENCES `account_system` (`account_system_id`),
  CONSTRAINT `office_ibfk_3` FOREIGN KEY (`fk_country_currency_id`) REFERENCES `country_currency` (`country_currency_id`)
) ENGINE=InnoDB DEFAULT CHARSET=latin1 COMMENT='This table list all the remote sites for the organization';

INSERT INTO `office` (`office_id`, `office_track_number`, `office_name`, `office_description`, `office_code`, `fk_context_definition_id`, `office_start_date`, `office_end_date`, `office_is_active`, `office_is_readonly`, `fk_account_system_id`, `fk_country_currency_id`, `office_created_by`, `office_created_date`, `office_last_modified_date`, `office_last_modified_by`, `fk_approval_id`, `fk_status_id`) VALUES
(1,	'OFCE-41617',	'Head Office',	'Head Office',	'G001',	6,	'2020-08-01',	'0000-00-00',	1,	1,	1,	1,	1,	'2020-08-20',	'0000-00-00',	1,	8,	0),
(2,	'OFCE-61121',	'Africa Region Office',	'Africa Region Office',	'AFR',	5,	'2020-08-01',	'0000-00-00',	1,	1,	2,	1,	1,	'2020-08-21',	'0000-00-00',	1,	287,	43),
(3,	'OFCE-71982',	'Tanzania National Office',	'Tanzania National Office',	'TZ',	4,	'2020-08-01',	'0000-00-00',	1,	1,	4,	2,	1,	'2020-08-21',	'0000-00-00',	1,	303,	43),
(4,	'OFCE-66923',	'Kenya National Office',	'Kenya National Office',	'KE',	4,	'2020-08-01',	'0000-00-00',	1,	1,	3,	3,	1,	'2020-08-21',	'0000-00-00',	1,	306,	43),
(5,	'OFCE-60840',	'Coast Region',	'Coast Region',	'CR',	3,	'2020-08-01',	'0000-00-00',	1,	1,	3,	3,	1,	'2020-08-21',	'0000-00-00',	1,	309,	43),
(6,	'OFCE-47881',	'Central Base',	'Central Base',	'CB',	3,	'2020-08-01',	'0000-00-00',	1,	1,	4,	2,	1,	'2020-08-21',	'0000-00-00',	1,	312,	43),
(7,	'OFCE-38127',	'Bamburi Cluster',	'Bamburi Cluster',	'BC',	2,	'2020-08-01',	'0000-00-00',	1,	1,	3,	3,	1,	'2020-08-21',	'0000-00-00',	1,	315,	43),
(8,	'OFCE-24315',	'Kondoa',	'Kondoa',	'Kondoa',	2,	'2020-08-01',	'0000-00-00',	1,	0,	4,	2,	1,	'2020-08-21',	'0000-00-00',	1,	318,	43),
(9,	'OFCE-9030',	'Mamba CDC',	'Mamba CDC',	'KE0550',	1,	'2020-08-01',	'0000-00-00',	1,	0,	3,	3,	1,	'2020-08-21',	'0000-00-00',	1,	321,	43),
(10,	'OFCE-84327',	'ACT Kondoa Student Center',	'ACT Kondoa Student Center',	'TZ0341',	1,	'2020-08-01',	'0000-00-00',	1,	0,	4,	2,	4,	'2020-08-25',	'0000-00-00',	4,	367,	43),
(12,	'OFCE-2582',	'Central Rift and Upper Eastern',	'Central Rift and Upper Eastern',	'CRUE',	3,	'2020-12-01',	'0000-00-00',	1,	1,	3,	3,	1,	'2020-11-03',	'0000-00-00',	1,	495,	43),
(13,	'OFCE-78096',	'Marsabit Cluster',	'Marsabit Cluster',	'marsabit',	2,	'2020-12-01',	'0000-00-00',	1,	1,	3,	3,	1,	'2020-11-03',	'0000-00-00',	1,	498,	43),
(14,	'OFCE-42106',	'Citam Missions Goro-Rukesa Church',	'Citam Missions Goro-Rukesa Church',	'citamgoro',	1,	'2020-12-01',	'0000-00-00',	1,	0,	3,	3,	1,	'2020-11-03',	'0000-00-00',	1,	501,	43),
(15,	'OFCE-11032',	'Mount Kilimanjaro Base',	'Mount Kilimanjaro Base',	'TZ-Region-A',	3,	'2020-12-01',	'0000-00-00',	1,	1,	4,	2,	1,	'2020-12-09',	'0000-00-00',	1,	680,	266),
(16,	'OFCE-41291',	'Ngorongoro Base',	'Ngorongoro Base',	'TZ-Region-B',	3,	'2020-12-01',	'0000-00-00',	1,	1,	4,	2,	1,	'2020-12-09',	'0000-00-00',	1,	683,	266),
(17,	'OFCE-60149',	'Arusha Eastern',	'Arusha Eastern',	'Arusha-Eastern',	2,	'2020-12-01',	'0000-00-00',	1,	1,	4,	3,	1,	'2020-12-09',	'0000-00-00',	1,	686,	266),
(18,	'OFCE-70640',	'Arusha Western',	'Arusha Western',	'Arusha-Western',	2,	'2020-12-01',	'0000-00-00',	1,	1,	4,	2,	1,	'2020-12-09',	'0000-00-00',	1,	689,	266),
(19,	'OFCE-35311',	'TZ0303 - Anglican St. Andrews',	'TZ0303 - Anglican St. Andrews',	'TZ0303',	1,	'2020-12-01',	'0000-00-00',	1,	0,	4,	2,	1,	'2020-12-09',	'0000-00-00',	1,	692,	266),
(20,	'OFCE-10139',	'TZ0206 - Kimandolu Lutheran',	'TZ0206 - Kimandolu Lutheran',	'TZ0206',	1,	'2020-12-01',	'0000-00-00',	1,	0,	4,	2,	1,	'2020-12-09',	'0000-00-00',	1,	695,	266),
(21,	'OFCE-58637',	'TZ0600 - Pentecost Assemblies of God Church',	'TZ0600 - Pentecost Assemblies of God Church',	'TZ0600',	1,	'2020-12-01',	'0000-00-00',	1,	0,	4,	2,	1,	'2020-12-09',	'0000-00-00',	1,	701,	266),
(22,	'OFCE-68845',	'TZ0100 - TAG Bethel Student Center',	'TZ0100 - TAG Bethel Student Center',	'TZ0100',	1,	'2020-12-01',	'0000-00-00',	1,	0,	4,	2,	1,	'2020-12-09',	'0000-00-00',	1,	704,	266),
(23,	'OFCE-77804',	'TZ0201 - Kijenge Lutheran Church',	'TZ0201 - Kijenge Lutheran Church',	'TZ0201',	1,	'2020-12-01',	'0000-00-00',	1,	0,	4,	2,	1,	'2020-12-09',	'0000-00-00',	1,	707,	266),
(24,	'OFCE-54504',	'TZ0551 - Moravian Church Arusha',	'TZ0551 - Moravian Church Arusha',	'TZ0551',	1,	'2020-12-01',	'0000-00-00',	1,	0,	4,	2,	1,	'2020-12-09',	'0000-00-00',	1,	710,	266),
(25,	'OFCE-2854',	'TZ0450 - PEFA Olmatejo Church',	'TZ0450 - PEFA Olmatejo Church',	'TZ0450',	1,	'2020-12-01',	'0000-00-00',	1,	0,	4,	2,	1,	'2020-12-09',	'0000-00-00',	1,	713,	266),
(26,	'OFCE-32734',	'TZ0500 - Ngarenaro Baptist Church',	'TZ0500 - Ngarenaro Baptist Church',	'TZ0500',	1,	'2020-12-01',	'0000-00-00',	1,	0,	4,	2,	1,	'2020-12-09',	'0000-00-00',	1,	716,	266),
(27,	'OFCE-18118',	'TZ0102 - TAG Azimio Student Center',	'TZ0102 - TAG Azimio Student Center',	'TZ0102',	1,	'2020-12-01',	'0000-00-00',	1,	0,	4,	2,	1,	'2020-12-09',	'0000-00-00',	1,	719,	266),
(28,	'OFCE-33995',	'TZ0200 - ELCT Engarenarok',	'TZ0200 - ELCT Engarenarok',	'TZ0200',	1,	'2020-12-01',	'0000-00-00',	1,	0,	4,	2,	1,	'2020-12-09',	'0000-00-00',	1,	722,	266),
(29,	'OFCE-10839',	'TZ-Test-Region',	'TZ National Office Testing Cohort',	'CITZ',	3,	'2020-12-01',	'0000-00-00',	1,	1,	4,	2,	1,	'2020-12-15',	'0000-00-00',	1,	1140,	266),
(30,	'OFCE-27351',	'TZ-Test-Cluster',	'TZ National Office Testing Cluster',	'CITZ-Cluster',	2,	'2020-12-01',	'0000-00-00',	1,	1,	4,	2,	1,	'2020-12-15',	'0000-00-00',	1,	1143,	266),
(31,	'OFCE-73900',	'TZ001 - TZ National Office Testing Center',	'TZ National Office Testing Center',	'TZ001',	1,	'2020-12-01',	'0000-00-00',	1,	0,	4,	2,	1,	'2020-12-15',	'0000-00-00',	1,	1146,	266),
(32,	'OFCE-49157',	'KE-Test-Cohort',	'KE National Office Test Cohort',	'KE-Cohort',	3,	'2020-12-01',	'0000-00-00',	1,	1,	3,	3,	1,	'2020-12-15',	'0000-00-00',	1,	1168,	266),
(33,	'OFCE-1678',	'KE-Test-Cluster',	'KE National Office Testing Cluster',	'KE-Cluster',	2,	'2020-12-01',	'0000-00-00',	1,	1,	3,	3,	1,	'2020-12-15',	'0000-00-00',	1,	1171,	266),
(34,	'OFCE-77659',	'KE001 - KE Testing Center',	'KE001 - KE Testing Center',	'KE001',	1,	'2020-12-01',	'0000-00-00',	1,	0,	3,	3,	1,	'2020-12-15',	'0000-00-00',	1,	1174,	266),
(35,	'OFCE-5344',	'KE002 - KE Testing Center 2',	'KE002 - KE Testing Center 2',	'KE002',	1,	'2020-08-01',	'0000-00-00',	1,	0,	3,	3,	1,	'2020-12-15',	'0000-00-00',	1,	1199,	266),
(36,	'OFCE-22623',	'CITAM HQ',	'CITAM HQ',	'CITAM-HQ',	3,	'2021-01-01',	'0000-00-00',	1,	0,	3,	3,	1,	'2021-01-25',	'0000-00-00',	1,	3661,	266);

DROP TABLE IF EXISTS `office_bank`;
CREATE TABLE `office_bank` (
  `office_bank_id` int(100) NOT NULL AUTO_INCREMENT,
  `office_bank_track_number` varchar(100) DEFAULT NULL,
  `office_bank_name` varchar(100) DEFAULT NULL,
  `office_bank_account_number` varchar(100) DEFAULT NULL,
  `fk_office_id` int(100) DEFAULT NULL,
  `fk_bank_id` int(100) DEFAULT NULL,
  `office_bank_is_active` int(5) DEFAULT '1',
  `office_bank_is_default` int(5) DEFAULT '0',
  `office_bank_created_date` date DEFAULT NULL,
  `office_bank_created_by` int(100) DEFAULT NULL,
  `office_bank_last_modified_date` timestamp NULL DEFAULT NULL,
  `office_bank_last_modified_by` int(100) DEFAULT NULL,
  `fk_approval_id` int(100) DEFAULT NULL,
  `fk_status_id` int(100) DEFAULT NULL,
  PRIMARY KEY (`office_bank_id`),
  KEY `fk_office_id` (`fk_office_id`),
  KEY `fk_bank_id` (`fk_bank_id`),
  CONSTRAINT `office_bank_ibfk_1` FOREIGN KEY (`fk_office_id`) REFERENCES `office` (`office_id`),
  CONSTRAINT `office_bank_ibfk_2` FOREIGN KEY (`fk_bank_id`) REFERENCES `bank` (`bank_id`)
) ENGINE=InnoDB DEFAULT CHARSET=latin1;

INSERT INTO `office_bank` (`office_bank_id`, `office_bank_track_number`, `office_bank_name`, `office_bank_account_number`, `fk_office_id`, `fk_bank_id`, `office_bank_is_active`, `office_bank_is_default`, `office_bank_created_date`, `office_bank_created_by`, `office_bank_last_modified_date`, `office_bank_last_modified_by`, `fk_approval_id`, `fk_status_id`) VALUES
(1,	'OFNK-7782',	'Kondoa bank account',	'20393848',	10,	2,	1,	0,	'2020-09-01',	4,	NULL,	4,	443,	44),
(2,	'OFNK-17986',	'Citam Goro Rukesa Bank Account',	'01128061763900',	14,	5,	1,	1,	'2020-11-04',	8,	NULL,	8,	590,	44),
(3,	'OFNK-27578',	'TZ0100 - TAG Bethel Student Center CRDB PLC Bank Account',	'14103014212',	22,	2,	1,	1,	'2020-12-10',	11,	NULL,	11,	372,	304),
(4,	'OFNK-6650',	'TZ0200 - ELCT Engarenarok CRDB PLC Bank Account',	'01J1033702200',	28,	2,	1,	1,	'2020-12-10',	11,	NULL,	11,	372,	304),
(5,	'OFNK-65188',	'TZ0201 - Kijenge Lutheran Church CRDB PLC Bank Account',	'150301083700',	23,	2,	1,	1,	'2020-12-10',	11,	NULL,	11,	372,	304),
(6,	'OFNK-6690',	'TZ0450 - PEFA Olmatejo Church CRDB PLC Bank Account',	'01J1033868100',	25,	2,	1,	1,	'2020-12-10',	11,	NULL,	11,	372,	304),
(7,	'OFNK-9289',	'TZ0500 - Ngarenaro Baptist Church CRDB PLC Bank Account',	'150268428700',	26,	2,	1,	1,	'2020-12-10',	11,	NULL,	11,	372,	304),
(8,	'OFNK-51506',	'TZ0551 - Moravian Church Arusha CRDB PLC Bank Account',	'01J1034217300',	24,	2,	1,	1,	'2020-12-10',	11,	NULL,	11,	372,	304),
(9,	'OFNK-14608',	'TZ0600 - Pentecost Assemblies Of God Church CRDB PLC Bank Account',	'01J1033730800',	21,	2,	1,	1,	'2020-12-10',	11,	NULL,	11,	372,	304),
(10,	'OFNK-41796',	'TZ0102 - TAG Azimio Student Center EXIM Bank Account',	'110017610',	27,	6,	1,	1,	'2020-12-10',	11,	NULL,	11,	857,	304),
(11,	'OFNK-34626',	'TZ0206 - Kimandolu Lutheran Standard Chartered Bank Account',	'102014123800',	20,	7,	1,	1,	'2020-12-10',	11,	NULL,	11,	858,	304),
(12,	'OFNK-38990',	'TZ0303  - Anglican St. Andrews Standard Chartered Bank Account',	'102014145800',	19,	7,	1,	1,	'2020-12-10',	11,	NULL,	11,	858,	304),
(13,	'OFNK-39417',	'KE001 Test Center COOP Bank Account',	'06643434323',	34,	5,	1,	1,	'2020-12-15',	1,	NULL,	1,	376,	301),
(14,	'OFNK-16815',	'TZ001 Test Center EXIM Bank Account',	'07527838465',	31,	6,	1,	1,	'2020-12-15',	11,	NULL,	11,	857,	304),
(15,	'OFNK-58466',	'CITAM HQ Bank Account',	'098777655533',	36,	7,	1,	1,	'2021-01-25',	1,	NULL,	1,	858,	301),
(16,	'OFNK-81290',	'Goro-Rukesa CITAM Mission NCBA Bank Account',	'18273783946',	14,	8,	1,	0,	'2021-01-25',	1,	NULL,	1,	981,	301);

DROP TABLE IF EXISTS `office_bank_project_allocation`;
CREATE TABLE `office_bank_project_allocation` (
  `office_bank_project_allocation_id` int(100) NOT NULL AUTO_INCREMENT,
  `office_bank_project_allocation_name` varchar(100) NOT NULL,
  `office_bank_project_allocation_track_number` varchar(100) NOT NULL,
  `fk_office_bank_id` int(100) NOT NULL,
  `fk_project_allocation_id` int(100) NOT NULL,
  `office_bank_project_allocation_created_date` date NOT NULL,
  `office_bank_project_allocation_created_by` int(100) NOT NULL,
  `office_bank_project_allocation_last_modified_date` timestamp NOT NULL DEFAULT CURRENT_TIMESTAMP,
  `office_bank_project_allocation_last_modified_by` int(100) NOT NULL,
  `fk_approval_id` int(100) DEFAULT NULL,
  `fk_status_id` int(100) DEFAULT NULL,
  PRIMARY KEY (`office_bank_project_allocation_id`),
  KEY `fk_office_bank_id` (`fk_office_bank_id`),
  KEY `fk_project_allocation_id` (`fk_project_allocation_id`),
  CONSTRAINT `office_bank_project_allocation_ibfk_1` FOREIGN KEY (`fk_office_bank_id`) REFERENCES `office_bank` (`office_bank_id`),
  CONSTRAINT `office_bank_project_allocation_ibfk_2` FOREIGN KEY (`fk_project_allocation_id`) REFERENCES `project_allocation` (`project_allocation_id`)
) ENGINE=InnoDB DEFAULT CHARSET=latin1;

INSERT INTO `office_bank_project_allocation` (`office_bank_project_allocation_id`, `office_bank_project_allocation_name`, `office_bank_project_allocation_track_number`, `fk_office_bank_id`, `fk_project_allocation_id`, `office_bank_project_allocation_created_date`, `office_bank_project_allocation_created_by`, `office_bank_project_allocation_last_modified_date`, `office_bank_project_allocation_last_modified_by`, `fk_approval_id`, `fk_status_id`) VALUES
(2,	'Office_bank_project_allocation # OFON-86810',	'OFON-23459',	2,	3,	'2020-11-04',	8,	'2020-11-04 11:48:08',	8,	594,	45),
(3,	'Office_bank_project_allocation # OFON-21041',	'OFON-55059',	2,	4,	'2020-11-04',	8,	'2020-11-04 11:55:56',	8,	596,	45),
(4,	'Office_bank_project_allocation # OFON-39655',	'OFON-83937',	2,	5,	'2020-11-04',	8,	'2020-11-04 11:57:04',	8,	598,	45),
(5,	'Office_bank_project_allocation # OFON-23815',	'OFON-30552',	2,	6,	'2020-11-04',	8,	'2020-11-04 12:18:25',	8,	607,	45),
(6,	'Office_bank_project_allocation # OFON-36038',	'OFON-64989',	3,	7,	'2020-12-10',	11,	'2020-12-10 10:58:53',	11,	863,	0),
(7,	'Office_bank_project_allocation # OFON-18558',	'OFON-54674',	4,	8,	'2020-12-10',	11,	'2020-12-10 11:00:44',	11,	868,	0),
(8,	'Office_bank_project_allocation # OFON-57849',	'OFON-21155',	5,	9,	'2020-12-10',	11,	'2020-12-10 11:02:03',	11,	873,	0),
(9,	'Office_bank_project_allocation # OFON-86535',	'OFON-27767',	6,	10,	'2020-12-10',	11,	'2020-12-10 11:03:05',	11,	878,	0),
(10,	'Office_bank_project_allocation # OFON-37914',	'OFON-52424',	7,	11,	'2020-12-10',	11,	'2020-12-10 11:04:30',	11,	883,	0),
(11,	'Office_bank_project_allocation # OFON-63876',	'OFON-38689',	8,	12,	'2020-12-10',	11,	'2020-12-10 11:05:40',	11,	888,	0),
(12,	'Office_bank_project_allocation # OFON-66761',	'OFON-78304',	9,	13,	'2020-12-10',	11,	'2020-12-10 11:07:19',	11,	893,	0),
(13,	'Office_bank_project_allocation # OFON-59332',	'OFON-39784',	10,	14,	'2020-12-10',	11,	'2020-12-10 11:08:48',	11,	898,	0),
(14,	'Office_bank_project_allocation # OFON-50987',	'OFON-76390',	11,	15,	'2020-12-10',	11,	'2020-12-10 11:10:26',	11,	903,	0),
(15,	'Office_bank_project_allocation # OFON-36796',	'OFON-79923',	12,	16,	'2020-12-10',	11,	'2020-12-10 11:14:17',	11,	908,	0),
(16,	'Office_bank_project_allocation # OFON-72038',	'OFON-36138',	3,	17,	'2020-12-10',	11,	'2020-12-10 12:44:50',	11,	910,	0),
(17,	'Office_bank_project_allocation # OFON-67667',	'OFON-16646',	10,	18,	'2020-12-10',	11,	'2020-12-10 12:44:50',	11,	912,	0),
(18,	'Office_bank_project_allocation # OFON-57341',	'OFON-33948',	4,	19,	'2020-12-10',	11,	'2020-12-10 12:44:50',	11,	914,	0),
(19,	'Office_bank_project_allocation # OFON-71515',	'OFON-73381',	5,	20,	'2020-12-10',	11,	'2020-12-10 12:44:50',	11,	916,	0),
(20,	'Office_bank_project_allocation # OFON-3889',	'OFON-64220',	11,	21,	'2020-12-10',	11,	'2020-12-10 12:44:50',	11,	918,	0),
(21,	'Office_bank_project_allocation # OFON-87497',	'OFON-13619',	12,	22,	'2020-12-10',	11,	'2020-12-10 12:44:50',	11,	920,	0),
(22,	'Office_bank_project_allocation # OFON-65268',	'OFON-26416',	6,	23,	'2020-12-10',	11,	'2020-12-10 12:44:50',	11,	922,	0),
(23,	'Office_bank_project_allocation # OFON-13548',	'OFON-77950',	7,	24,	'2020-12-10',	11,	'2020-12-10 12:44:50',	11,	924,	0),
(24,	'Office_bank_project_allocation # OFON-33234',	'OFON-62338',	8,	25,	'2020-12-10',	11,	'2020-12-10 12:44:50',	11,	926,	0),
(25,	'Office_bank_project_allocation # OFON-65776',	'OFON-84270',	9,	26,	'2020-12-10',	11,	'2020-12-10 12:44:50',	11,	928,	0),
(26,	'Office_bank_project_allocation # OFON-29893',	'OFON-52364',	3,	27,	'2020-12-10',	11,	'2020-12-10 12:48:36',	11,	932,	0),
(27,	'Office_bank_project_allocation # OFON-19460',	'OFON-89659',	10,	28,	'2020-12-10',	11,	'2020-12-10 12:48:36',	11,	934,	0),
(28,	'Office_bank_project_allocation # OFON-9634',	'OFON-21639',	4,	29,	'2020-12-10',	11,	'2020-12-10 12:48:36',	11,	936,	0),
(29,	'Office_bank_project_allocation # OFON-19653',	'OFON-25918',	5,	30,	'2020-12-10',	11,	'2020-12-10 12:48:36',	11,	938,	0),
(30,	'Office_bank_project_allocation # OFON-20287',	'OFON-80669',	11,	31,	'2020-12-10',	11,	'2020-12-10 12:48:36',	11,	940,	0),
(31,	'Office_bank_project_allocation # OFON-35836',	'OFON-44905',	12,	32,	'2020-12-10',	11,	'2020-12-10 12:48:36',	11,	942,	0),
(32,	'Office_bank_project_allocation # OFON-41479',	'OFON-27226',	6,	33,	'2020-12-10',	11,	'2020-12-10 12:48:36',	11,	944,	0),
(33,	'Office_bank_project_allocation # OFON-7626',	'OFON-69609',	7,	34,	'2020-12-10',	11,	'2020-12-10 12:48:36',	11,	946,	0),
(34,	'Office_bank_project_allocation # OFON-33365',	'OFON-23101',	8,	35,	'2020-12-10',	11,	'2020-12-10 12:48:36',	11,	948,	0),
(35,	'Office_bank_project_allocation # OFON-68379',	'OFON-55090',	9,	36,	'2020-12-10',	11,	'2020-12-10 12:48:36',	11,	950,	0),
(36,	'Office_bank_project_allocation # OFON-57810',	'OFON-42334',	3,	37,	'2020-12-10',	11,	'2020-12-10 12:54:44',	11,	952,	0),
(37,	'Office_bank_project_allocation # OFON-3868',	'OFON-56938',	10,	38,	'2020-12-10',	11,	'2020-12-10 12:54:44',	11,	954,	0),
(38,	'Office_bank_project_allocation # OFON-86788',	'OFON-75677',	4,	39,	'2020-12-10',	11,	'2020-12-10 12:54:44',	11,	956,	0),
(39,	'Office_bank_project_allocation # OFON-35287',	'OFON-52454',	5,	40,	'2020-12-10',	11,	'2020-12-10 12:54:44',	11,	958,	0),
(40,	'Office_bank_project_allocation # OFON-70059',	'OFON-47027',	11,	41,	'2020-12-10',	11,	'2020-12-10 12:54:44',	11,	960,	0),
(41,	'Office_bank_project_allocation # OFON-20792',	'OFON-17320',	12,	42,	'2020-12-10',	11,	'2020-12-10 12:54:44',	11,	962,	0),
(42,	'Office_bank_project_allocation # OFON-69749',	'OFON-73037',	6,	43,	'2020-12-10',	11,	'2020-12-10 12:54:44',	11,	964,	0),
(43,	'Office_bank_project_allocation # OFON-38325',	'OFON-45871',	7,	44,	'2020-12-10',	11,	'2020-12-10 12:54:44',	11,	966,	0),
(44,	'Office_bank_project_allocation # OFON-79199',	'OFON-14252',	8,	45,	'2020-12-10',	11,	'2020-12-10 12:54:44',	11,	968,	0),
(45,	'Office_bank_project_allocation # OFON-75731',	'OFON-86140',	9,	46,	'2020-12-10',	11,	'2020-12-10 12:54:44',	11,	970,	0),
(46,	'Office_bank_project_allocation # OFON-85400',	'OFON-36458',	13,	47,	'2020-12-15',	1,	'2020-12-15 08:13:35',	1,	1211,	0),
(47,	'Office_bank_project_allocation # OFON-36211',	'OFON-77650',	14,	48,	'2020-12-15',	11,	'2020-12-15 13:05:22',	11,	2663,	0),
(48,	'Office_bank_project_allocation # OFON-45097',	'OFON-55819',	14,	49,	'2020-12-15',	11,	'2020-12-15 13:06:59',	11,	2665,	0),
(49,	'Office_bank_project_allocation # OFON-88814',	'OFON-21176',	14,	50,	'2020-12-15',	11,	'2020-12-15 13:07:30',	11,	2667,	0),
(50,	'Office_bank_project_allocation # OFON-81801',	'OFON-71983',	14,	51,	'2020-12-15',	11,	'2020-12-15 13:08:12',	11,	2669,	0),
(51,	'Office_bank_project_allocation # OFON-46451',	'OFON-33224',	14,	53,	'2020-12-17',	11,	'2020-12-17 06:49:09',	11,	3177,	0),
(52,	'Office_bank_project_allocation # OFON-75032',	'OFON-49327',	3,	54,	'2020-12-17',	11,	'2020-12-17 06:49:09',	11,	3179,	0),
(53,	'Office_bank_project_allocation # OFON-26367',	'OFON-43659',	10,	55,	'2020-12-17',	11,	'2020-12-17 06:49:09',	11,	3181,	0),
(54,	'Office_bank_project_allocation # OFON-51307',	'OFON-79380',	4,	56,	'2020-12-17',	11,	'2020-12-17 06:49:09',	11,	3183,	0),
(55,	'Office_bank_project_allocation # OFON-17178',	'OFON-76234',	5,	57,	'2020-12-17',	11,	'2020-12-17 06:49:09',	11,	3185,	0),
(56,	'Office_bank_project_allocation # OFON-25568',	'OFON-52333',	11,	58,	'2020-12-17',	11,	'2020-12-17 06:49:09',	11,	3187,	0),
(57,	'Office_bank_project_allocation # OFON-74625',	'OFON-43527',	12,	59,	'2020-12-17',	11,	'2020-12-17 06:49:09',	11,	3189,	0),
(58,	'Office_bank_project_allocation # OFON-49126',	'OFON-66966',	6,	60,	'2020-12-17',	11,	'2020-12-17 06:49:09',	11,	3191,	0),
(59,	'Office_bank_project_allocation # OFON-50266',	'OFON-61595',	7,	61,	'2020-12-17',	11,	'2020-12-17 06:49:09',	11,	3193,	0),
(60,	'Office_bank_project_allocation # OFON-85659',	'OFON-22665',	8,	62,	'2020-12-17',	11,	'2020-12-17 06:49:09',	11,	3195,	0),
(61,	'Office_bank_project_allocation # OFON-52165',	'OFON-39565',	9,	63,	'2020-12-17',	11,	'2020-12-17 06:49:09',	11,	3197,	0),
(62,	'Office_bank_project_allocation # OFON-16488',	'OFON-29428',	15,	64,	'2021-01-25',	1,	'2021-01-25 11:37:21',	1,	3697,	0),
(63,	'Office_bank_project_allocation # OFON-70910',	'OFON-70910',	16,	3,	'2021-01-25',	1,	'2021-01-25 12:15:27',	1,	981,	552),
(64,	'Office_bank_project_allocation # OFON-25176',	'OFON-25176',	16,	4,	'2021-01-25',	1,	'2021-01-25 12:15:27',	1,	981,	552),
(65,	'Office_bank_project_allocation # OFON-13539',	'OFON-13539',	16,	5,	'2021-01-25',	1,	'2021-01-25 12:15:27',	1,	981,	552),
(66,	'Office_bank_project_allocation # OFON-64136',	'OFON-64136',	16,	6,	'2021-01-25',	1,	'2021-01-25 12:15:27',	1,	981,	552);

DROP TABLE IF EXISTS `office_cash`;
CREATE TABLE `office_cash` (
  `office_cash_id` int(100) NOT NULL AUTO_INCREMENT,
  `office_cash_name` varchar(100) NOT NULL,
  `office_cash_track_number` varchar(100) NOT NULL,
  `fk_account_system_id` int(100) NOT NULL,
  `office_cash_is_active` int(5) NOT NULL DEFAULT '1',
  `office_cash_created_by` int(100) NOT NULL,
  `office_cash_created_date` date NOT NULL,
  `office_cash_last_modified_by` int(100) NOT NULL,
  `office_cash_last_modified_date` timestamp NOT NULL DEFAULT CURRENT_TIMESTAMP,
  `fk_approval_id` int(100) DEFAULT NULL,
  `fk_status_id` int(100) DEFAULT NULL,
  PRIMARY KEY (`office_cash_id`)
) ENGINE=InnoDB DEFAULT CHARSET=latin1;

INSERT INTO `office_cash` (`office_cash_id`, `office_cash_name`, `office_cash_track_number`, `fk_account_system_id`, `office_cash_is_active`, `office_cash_created_by`, `office_cash_created_date`, `office_cash_last_modified_by`, `office_cash_last_modified_date`, `fk_approval_id`, `fk_status_id`) VALUES
(1,	'Petty Cash Box',	'OFSH-66150',	3,	1,	3,	'2020-08-21',	3,	'2020-08-21 09:39:45',	345,	46),
(2,	'M-Pesa',	'OFSH-39990',	3,	1,	3,	'2020-08-21',	3,	'2020-08-21 09:40:02',	346,	46),
(3,	'Airtel Money',	'OFSH-7172',	3,	1,	3,	'2020-08-21',	3,	'2020-08-21 09:40:19',	347,	46),
(4,	'Petty Cash Box',	'OFSH-73952',	4,	1,	4,	'2020-08-26',	4,	'2020-08-26 14:16:40',	373,	46);

DROP TABLE IF EXISTS `office_group`;
CREATE TABLE `office_group` (
  `office_group_id` int(100) NOT NULL AUTO_INCREMENT,
  `office_group_track_number` varchar(100) NOT NULL,
  `office_group_name` varchar(100) NOT NULL,
  `fk_account_system_id` int(100) NOT NULL,
  `office_group_created_by` int(100) NOT NULL,
  `office_group_created_date` date NOT NULL,
  `office_group_last_modified_by` int(100) NOT NULL,
  `office_group_last_modified_date` timestamp NOT NULL DEFAULT CURRENT_TIMESTAMP,
  `fk_approval_id` int(11) NOT NULL,
  `fk_status_id` int(11) NOT NULL,
  PRIMARY KEY (`office_group_id`),
  KEY `fk_account_system_id` (`fk_account_system_id`),
  KEY `fk_approval_id` (`fk_approval_id`),
  KEY `fk_status_id` (`fk_status_id`),
  CONSTRAINT `office_group_ibfk_1` FOREIGN KEY (`fk_account_system_id`) REFERENCES `account_system` (`account_system_id`),
  CONSTRAINT `office_group_ibfk_2` FOREIGN KEY (`fk_approval_id`) REFERENCES `approval` (`approval_id`),
  CONSTRAINT `office_group_ibfk_3` FOREIGN KEY (`fk_status_id`) REFERENCES `status` (`status_id`)
) ENGINE=InnoDB DEFAULT CHARSET=latin1;

INSERT INTO `office_group` (`office_group_id`, `office_group_track_number`, `office_group_name`, `fk_account_system_id`, `office_group_created_by`, `office_group_created_date`, `office_group_last_modified_by`, `office_group_last_modified_date`, `fk_approval_id`, `fk_status_id`) VALUES
(1,	'OFUP-15863',	'Citam Church -Mission Centers.',	3,	8,	'2021-01-25',	8,	'2021-01-25 07:25:29',	3660,	375);

DROP TABLE IF EXISTS `office_group_association`;
CREATE TABLE `office_group_association` (
  `office_group_association_id` int(11) NOT NULL AUTO_INCREMENT,
  `office_group_association_name` varchar(100) NOT NULL,
  `office_group_association_track_number` varchar(100) NOT NULL,
  `fk_office_group_id` int(100) NOT NULL,
  `fk_office_id` int(100) NOT NULL,
  `office_group_association_is_lead` int(5) NOT NULL DEFAULT '0',
  `office_group_association_created_by` int(100) NOT NULL,
  `office_group_association_created_date` date NOT NULL,
  `office_group_association_last_modified_by` int(100) NOT NULL,
  `office_group_association_last_modified_date` timestamp NOT NULL DEFAULT CURRENT_TIMESTAMP,
  `fk_approval_id` int(11) NOT NULL,
  `fk_status_id` int(11) NOT NULL,
  PRIMARY KEY (`office_group_association_id`),
  KEY `fk_office_id` (`fk_office_id`),
  KEY `fk_approval_id` (`fk_approval_id`),
  KEY `fk_status_id` (`fk_status_id`),
  KEY `fk_office_group_id` (`fk_office_group_id`),
  CONSTRAINT `office_group_association_ibfk_1` FOREIGN KEY (`fk_office_id`) REFERENCES `office` (`office_id`),
  CONSTRAINT `office_group_association_ibfk_2` FOREIGN KEY (`fk_approval_id`) REFERENCES `approval` (`approval_id`),
  CONSTRAINT `office_group_association_ibfk_3` FOREIGN KEY (`fk_status_id`) REFERENCES `status` (`status_id`),
  CONSTRAINT `office_group_association_ibfk_4` FOREIGN KEY (`fk_office_group_id`) REFERENCES `office_group` (`office_group_id`)
) ENGINE=InnoDB DEFAULT CHARSET=latin1;

INSERT INTO `office_group_association` (`office_group_association_id`, `office_group_association_name`, `office_group_association_track_number`, `fk_office_group_id`, `fk_office_id`, `office_group_association_is_lead`, `office_group_association_created_by`, `office_group_association_created_date`, `office_group_association_last_modified_by`, `office_group_association_last_modified_date`, `fk_approval_id`, `fk_status_id`) VALUES
(1,	'Office_group_association # OFON-22298',	'OFON-22298',	1,	14,	0,	8,	'2021-01-25',	8,	'2021-01-25 07:28:32',	3660,	383),
(2,	'Office_group_association # OFON-16480',	'OFON-16480',	1,	36,	1,	8,	'2021-01-25',	8,	'2021-01-25 07:34:10',	3660,	383);

DROP TABLE IF EXISTS `opening_allocation_balance`;
CREATE TABLE `opening_allocation_balance` (
  `opening_allocation_balance_id` int(100) NOT NULL AUTO_INCREMENT,
  `fk_system_opening_balance_id` int(100) NOT NULL,
  `opening_allocation_balance_track_number` varchar(100) NOT NULL,
  `opening_allocation_balance_name` varchar(100) NOT NULL,
  `fk_project_allocation_id` int(100) NOT NULL,
  `opening_allocation_balance_amount` decimal(10,2) NOT NULL,
  `opening_allocation_balance_created_date` date DEFAULT NULL,
  `opening_allocation_balance_created_by` int(100) DEFAULT NULL,
  `opening_allocation_balance_last_modified_by` int(100) DEFAULT NULL,
  `opening_allocation_balance_last_modified_date` date DEFAULT NULL,
  `fk_approval_id` int(100) DEFAULT NULL,
  `fk_status_id` int(100) DEFAULT NULL,
  PRIMARY KEY (`opening_allocation_balance_id`),
  KEY `system_opening_balance_id` (`fk_system_opening_balance_id`),
  KEY `fk_project_allocation_id` (`fk_project_allocation_id`),
  CONSTRAINT `opening_allocation_balance_ibfk_1` FOREIGN KEY (`fk_system_opening_balance_id`) REFERENCES `system_opening_balance` (`system_opening_balance_id`),
  CONSTRAINT `opening_allocation_balance_ibfk_2` FOREIGN KEY (`fk_project_allocation_id`) REFERENCES `project_allocation` (`project_allocation_id`)
) ENGINE=InnoDB DEFAULT CHARSET=latin1;

INSERT INTO `opening_allocation_balance` (`opening_allocation_balance_id`, `fk_system_opening_balance_id`, `opening_allocation_balance_track_number`, `opening_allocation_balance_name`, `fk_project_allocation_id`, `opening_allocation_balance_amount`, `opening_allocation_balance_created_date`, `opening_allocation_balance_created_by`, `opening_allocation_balance_last_modified_by`, `opening_allocation_balance_last_modified_date`, `fk_approval_id`, `fk_status_id`) VALUES
(2,	13,	'OPCE-22100',	'Goro- Rukesa Opening Balance ',	3,	0.00,	'2020-11-05',	9,	9,	NULL,	614,	47),
(3,	13,	'OPCE-16769',	'Goro- Rukesa Opening Balance GIFT',	4,	0.00,	'2020-11-05',	9,	9,	NULL,	615,	47),
(4,	13,	'OPCE-44765',	'Goro- Rukesa Opening Balance - Ongoing CIV',	5,	0.00,	'2020-11-05',	9,	9,	NULL,	616,	47),
(5,	13,	'OPCE-49928',	'Goro- Rukesa Opening Balance - Non Compassion Fund',	6,	0.00,	'2020-11-05',	9,	9,	NULL,	617,	47),
(6,	31,	'OPCE-54429',	'DRF001 - TZ001 - COVID 19 Opening Balance',	53,	879010.39,	'2020-12-17',	11,	11,	NULL,	1148,	438),
(7,	18,	'OPCE-29072',	'TZ0303 - DRF001',	59,	879010.39,	'2020-12-17',	11,	11,	NULL,	694,	438),
(8,	19,	'OPCE-86290',	'TZ0206 - DRF001',	58,	879010.39,	'2020-12-17',	11,	11,	NULL,	697,	438),
(9,	21,	'OPCE-20644',	'TZ0600 - DRF001',	63,	879010.39,	'2020-12-17',	11,	11,	NULL,	703,	438),
(10,	22,	'OPCE-46262',	'TZ0100 - DRF001',	54,	879010.39,	'2020-12-17',	11,	11,	NULL,	706,	438),
(11,	23,	'OPCE-77782',	'TZ0201 - DRF001',	57,	879010.39,	'2020-12-17',	11,	11,	NULL,	709,	438),
(12,	24,	'OPCE-33150',	'TZ0551 - DRF001',	62,	879010.39,	'2020-12-17',	11,	11,	NULL,	712,	438),
(13,	25,	'OPCE-28706',	'TZ0450 - DRF001',	60,	879010.39,	'2020-12-17',	11,	11,	NULL,	715,	438),
(14,	26,	'OPCE-14447',	'TZ0500 - DRF001',	61,	879010.39,	'2020-12-17',	11,	11,	NULL,	718,	438),
(15,	27,	'OPCE-86243',	'TZ0102 - DRF001',	55,	879010.39,	'2020-12-17',	11,	11,	NULL,	721,	438),
(16,	28,	'OPCE-86229',	'TZ0200 - DRF001',	56,	879010.39,	'2020-12-17',	11,	11,	NULL,	724,	438);

DROP TABLE IF EXISTS `opening_bank_balance`;
CREATE TABLE `opening_bank_balance` (
  `opening_bank_balance_id` int(100) NOT NULL AUTO_INCREMENT,
  `fk_system_opening_balance_id` int(100) NOT NULL,
  `opening_bank_balance_track_number` varchar(100) NOT NULL,
  `opening_bank_balance_name` varchar(100) NOT NULL,
  `opening_bank_balance_amount` decimal(10,2) NOT NULL,
  `fk_office_bank_id` int(100) NOT NULL,
  `opening_bank_balance_created_date` date NOT NULL,
  `opening_bank_balance_created_by` int(100) NOT NULL,
  `opening_bank_balance_last_modified_date` timestamp NOT NULL DEFAULT CURRENT_TIMESTAMP,
  `opening_bank_balance_last_modified_by` int(100) NOT NULL,
  `fk_status_id` int(100) NOT NULL,
  `fk_approval_id` int(100) NOT NULL,
  PRIMARY KEY (`opening_bank_balance_id`)
) ENGINE=InnoDB DEFAULT CHARSET=latin1;

INSERT INTO `opening_bank_balance` (`opening_bank_balance_id`, `fk_system_opening_balance_id`, `opening_bank_balance_track_number`, `opening_bank_balance_name`, `opening_bank_balance_amount`, `fk_office_bank_id`, `opening_bank_balance_created_date`, `opening_bank_balance_created_by`, `opening_bank_balance_last_modified_date`, `opening_bank_balance_last_modified_by`, `fk_status_id`, `fk_approval_id`) VALUES
(1,	9,	'OPCE-57353',	'Kondoa Opening Bank Balance',	1000000.00,	1,	'2020-09-01',	4,	'2020-09-01 13:57:48',	4,	48,	450),
(3,	13,	'OPCE-3843',	'Goro Rukesa Coop Bank opening bank balance',	0.00,	2,	'2020-11-09',	7,	'2020-11-09 12:37:21',	7,	48,	647),
(4,	22,	'OPCE-55301',	'TZ0100-CRDB PLC Bank Opening Balance',	22939127.57,	3,	'2020-12-15',	11,	'2020-12-15 13:32:49',	11,	426,	706),
(5,	26,	'OPCE-57172',	'TZ0500-CRDB PLC Bank Opening Balance',	22939127.57,	7,	'2020-12-15',	11,	'2020-12-15 19:41:41',	11,	426,	718),
(6,	23,	'OPCE-38669',	'TZ0201-Kijenge Lutheran Bank Opening Balance',	22939127.57,	5,	'2020-12-15',	11,	'2020-12-15 20:33:48',	11,	426,	709),
(7,	19,	'OPCE-20132',	'TZ0206-Standard Chartered Bank Opening Balance',	22939127.57,	11,	'2020-12-15',	11,	'2020-12-15 21:11:38',	11,	426,	697),
(8,	25,	'OPCE-40888',	'TZ0450-CRDB PLC Bank Opening Balance',	22939127.57,	6,	'2020-12-16',	11,	'2020-12-16 05:49:47',	11,	426,	715),
(9,	18,	'OPCE-54240',	'TZ0303-Standard Chartered Bank Opening Balance',	22939127.57,	12,	'2020-12-16',	11,	'2020-12-16 05:51:08',	11,	426,	694),
(10,	28,	'OPCE-33380',	'TZ0200-CRDB PLC Bank Opening Balance',	22939127.57,	4,	'2020-12-16',	11,	'2020-12-16 05:52:31',	11,	426,	724),
(11,	21,	'OPCE-72423',	'TZ0600-CRDB PLC Bank Opening Balance',	22939127.57,	9,	'2020-12-16',	11,	'2020-12-16 05:56:56',	11,	426,	703),
(12,	24,	'OPCE-20132',	'TZ0551 - Moravian Church Arusha CRDB PLC Bank Opening Balance',	22939127.57,	8,	'2020-12-15',	11,	'2020-12-15 21:11:38',	11,	426,	697),
(13,	27,	'OPCE-20132',	'TZ0102 - TAG Azimio Student Center EXIM Bank Opening Balance',	22939127.57,	10,	'2020-12-15',	11,	'2020-12-15 21:11:38',	11,	426,	697),
(14,	31,	'OPCE-20132',	'TZ001 - TZ National Office Testing Center',	22939127.57,	14,	'2020-12-15',	11,	'2020-12-15 21:11:38',	11,	426,	697);

DROP TABLE IF EXISTS `opening_cash_balance`;
CREATE TABLE `opening_cash_balance` (
  `opening_cash_balance_id` int(100) NOT NULL AUTO_INCREMENT,
  `opening_cash_balance_track_number` varchar(100) NOT NULL,
  `opening_cash_balance_name` varchar(100) NOT NULL,
  `fk_system_opening_balance_id` int(100) NOT NULL,
  `fk_office_bank_id` int(100) NOT NULL,
  `fk_office_cash_id` int(100) NOT NULL,
  `opening_cash_balance_amount` decimal(10,2) NOT NULL,
  `opening_cash_balance_created_date` date DEFAULT NULL,
  `opening_cash_balance_created_by` int(100) DEFAULT NULL,
  `opening_cash_balance_last_modified_by` int(100) DEFAULT NULL,
  `opening_cash_balance_last_modified_date` date DEFAULT NULL,
  `fk_approval_id` int(100) DEFAULT NULL,
  `fk_status_id` int(100) DEFAULT NULL,
  PRIMARY KEY (`opening_cash_balance_id`),
  KEY `fk_system_opening_balance_id` (`fk_system_opening_balance_id`),
  KEY `fk_office_bank_id` (`fk_office_bank_id`),
  KEY `fk_office_cash_id` (`fk_office_cash_id`),
  CONSTRAINT `opening_cash_balance_ibfk_1` FOREIGN KEY (`fk_system_opening_balance_id`) REFERENCES `system_opening_balance` (`system_opening_balance_id`),
  CONSTRAINT `opening_cash_balance_ibfk_2` FOREIGN KEY (`fk_office_bank_id`) REFERENCES `office_bank` (`office_bank_id`),
  CONSTRAINT `opening_cash_balance_ibfk_3` FOREIGN KEY (`fk_office_cash_id`) REFERENCES `office_cash` (`office_cash_id`)
) ENGINE=InnoDB DEFAULT CHARSET=latin1;

INSERT INTO `opening_cash_balance` (`opening_cash_balance_id`, `opening_cash_balance_track_number`, `opening_cash_balance_name`, `fk_system_opening_balance_id`, `fk_office_bank_id`, `fk_office_cash_id`, `opening_cash_balance_amount`, `opening_cash_balance_created_date`, `opening_cash_balance_created_by`, `opening_cash_balance_last_modified_by`, `opening_cash_balance_last_modified_date`, `fk_approval_id`, `fk_status_id`) VALUES
(1,	'OPCE-53272',	'Kondoa Opening cash balance',	9,	1,	4,	3000.00,	'2020-09-01',	4,	4,	NULL,	449,	49),
(2,	'OPCE-22931',	'Goro - Rukesa Opening Cash Balance - Petty Cash',	13,	2,	1,	0.00,	'2020-11-05',	9,	9,	NULL,	618,	49),
(3,	'OPCE-19955',	'TZ0100-CRDB PLC Cash Opening Balance',	22,	3,	4,	10000.00,	'2020-12-15',	11,	11,	NULL,	706,	422),
(4,	'OPCE-10384',	'TZ0500-CRDB PLC CASH  Opening Balance',	26,	7,	4,	10000.00,	'2020-12-15',	11,	11,	NULL,	718,	422),
(5,	'OPCE-40803',	'TZ0206- Standard Chartered Bank CASH Opening Balance',	19,	11,	4,	10000.00,	'2020-12-15',	11,	11,	NULL,	697,	422),
(6,	'OPCE-78172',	'TZ0450-CRDB PLC Bank Cash Opening Balance',	25,	6,	4,	10000.00,	'2020-12-16',	11,	11,	NULL,	715,	422),
(7,	'OPCE-5889',	'TZ0303-Standard Chartered Cash Opening Balance',	18,	12,	4,	10000.00,	'2020-12-16',	11,	11,	NULL,	694,	422),
(8,	'OPCE-10148',	'TZ0200-CDRB PLC Bank Cash Opening Balance',	28,	4,	4,	10000.00,	'2020-12-16',	11,	11,	NULL,	724,	422),
(9,	'OPCE-15813',	'TZ0600-CRDB PLC Bank Cash Opening Balance',	21,	9,	4,	10000.00,	'2020-12-16',	11,	11,	NULL,	703,	422),
(10,	'OPCE-40803',	'TZ0102 - TAG Azimio Student Center EXIM Bank CASH Opening Balance',	27,	10,	4,	10000.00,	'2020-12-15',	11,	11,	NULL,	697,	422),
(11,	'OPCE-40803',	'TZ0551 - Moravian Church Arusha CRDB PLC Bank CASH Opening Balance',	24,	8,	4,	10000.00,	'2020-12-15',	11,	11,	NULL,	697,	422),
(12,	'OPCE-40803',	'TZ0201 - Kijenge Lutheran Church CRDB PLC Bank CASH Opening Balance',	23,	5,	4,	10000.00,	'2020-12-15',	11,	11,	NULL,	697,	422),
(13,	'OPCE-40803',	'TZ001 - TZ National Office Testing Center	',	31,	14,	4,	10000.00,	'2020-12-15',	11,	11,	NULL,	697,	422);

DROP TABLE IF EXISTS `opening_deposit_transit`;
CREATE TABLE `opening_deposit_transit` (
  `opening_deposit_transit_id` int(100) NOT NULL AUTO_INCREMENT,
  `opening_deposit_transit_track_number` varchar(100) NOT NULL,
  `opening_deposit_transit_name` varchar(100) NOT NULL,
  `fk_system_opening_balance_id` int(100) NOT NULL,
  `fk_office_bank_id` int(100) NOT NULL,
  `opening_deposit_transit_date` date NOT NULL,
  `opening_deposit_transit_description` longtext NOT NULL,
  `opening_deposit_transit_amount` decimal(10,2) NOT NULL,
  `opening_deposit_transit_is_cleared` int(5) NOT NULL DEFAULT '0',
  `opening_deposit_transit_cleared_date` date NOT NULL DEFAULT '0000-00-00',
  `opening_deposit_transit_created_date` date DEFAULT NULL,
  `opening_deposit_transit_created_by` int(100) DEFAULT NULL,
  `opening_deposit_transit_last_modified_by` int(100) DEFAULT NULL,
  `opening_deposit_transit_last_modified_date` date DEFAULT NULL,
  `fk_approval_id` int(100) DEFAULT NULL,
  `fk_status_id` int(100) DEFAULT NULL,
  PRIMARY KEY (`opening_deposit_transit_id`),
  KEY `fk_system_opening_balance_id` (`fk_system_opening_balance_id`),
  CONSTRAINT `opening_deposit_transit_ibfk_1` FOREIGN KEY (`fk_system_opening_balance_id`) REFERENCES `system_opening_balance` (`system_opening_balance_id`)
) ENGINE=InnoDB DEFAULT CHARSET=latin1;

INSERT INTO `opening_deposit_transit` (`opening_deposit_transit_id`, `opening_deposit_transit_track_number`, `opening_deposit_transit_name`, `fk_system_opening_balance_id`, `fk_office_bank_id`, `opening_deposit_transit_date`, `opening_deposit_transit_description`, `opening_deposit_transit_amount`, `opening_deposit_transit_is_cleared`, `opening_deposit_transit_cleared_date`, `opening_deposit_transit_created_date`, `opening_deposit_transit_created_by`, `opening_deposit_transit_last_modified_by`, `opening_deposit_transit_last_modified_date`, `fk_approval_id`, `fk_status_id`) VALUES
(1,	'OPIT-44990',	'Deposit of project farm sales',	9,	0,	'2020-08-12',	'Deposit of project farm sales',	345000.00,	0,	'2020-09-30',	'2020-09-01',	4,	4,	NULL,	454,	50),
(2,	'OPIT-24871',	'Deposit of project farm sales',	9,	1,	'2020-09-01',	'Deposit of project farm sales',	656878.00,	0,	'2020-09-30',	'2020-09-01',	4,	4,	NULL,	455,	50),
(3,	'OPIT-1316',	'Goro - Rukesa Opening Bank balance - Co-op Bank 1',	13,	2,	'2020-12-01',	'Goro - Rukesa Opening Bank balance - Co-op Bank 1',	0.00,	0,	'0000-00-00',	'2020-11-05',	9,	9,	NULL,	619,	50);

DROP TABLE IF EXISTS `opening_fund_balance`;
CREATE TABLE `opening_fund_balance` (
  `opening_fund_balance_id` int(100) NOT NULL AUTO_INCREMENT,
  `fk_system_opening_balance_id` int(100) NOT NULL,
  `opening_fund_balance_track_number` varchar(100) NOT NULL,
  `opening_fund_balance_name` varchar(100) NOT NULL,
  `fk_income_account_id` int(11) NOT NULL,
  `fk_office_bank_id` int(11) NOT NULL,
  `opening_fund_balance_amount` decimal(10,2) NOT NULL,
  `opening_fund_balance_created_date` date DEFAULT NULL,
  `opening_fund_balance_created_by` int(100) DEFAULT NULL,
  `opening_fund_balance_last_modified_by` int(100) DEFAULT NULL,
  `opening_fund_balance_last_modified_date` date DEFAULT NULL,
  `fk_approval_id` int(100) DEFAULT NULL,
  `fk_status_id` int(100) DEFAULT NULL,
  PRIMARY KEY (`opening_fund_balance_id`),
  KEY `fk_system_opening_balance_id` (`fk_system_opening_balance_id`),
  KEY `fk_income_account_id` (`fk_income_account_id`),
  CONSTRAINT `opening_fund_balance_ibfk_1` FOREIGN KEY (`fk_system_opening_balance_id`) REFERENCES `system_opening_balance` (`system_opening_balance_id`),
  CONSTRAINT `opening_fund_balance_ibfk_2` FOREIGN KEY (`fk_income_account_id`) REFERENCES `income_account` (`income_account_id`)
) ENGINE=InnoDB DEFAULT CHARSET=latin1;

INSERT INTO `opening_fund_balance` (`opening_fund_balance_id`, `fk_system_opening_balance_id`, `opening_fund_balance_track_number`, `opening_fund_balance_name`, `fk_income_account_id`, `fk_office_bank_id`, `opening_fund_balance_amount`, `opening_fund_balance_created_date`, `opening_fund_balance_created_by`, `opening_fund_balance_last_modified_by`, `opening_fund_balance_last_modified_date`, `fk_approval_id`, `fk_status_id`) VALUES
(1,	9,	'OPCE-87685',	'Kondoa Opening Support Fund Balance',	3,	0,	10000.00,	'2020-09-01',	4,	4,	NULL,	448,	51),
(2,	13,	'OPCE-70366',	'Goro - Rukesa  Fund Balance - Child Support ',	1,	2,	0.00,	'2020-11-05',	9,	9,	NULL,	621,	51),
(3,	13,	'OPCE-9055',	'Goro - Rukesa  Fund Balance - Gift  ',	2,	2,	0.00,	'2020-11-05',	9,	9,	NULL,	622,	51),
(4,	13,	'OPCE-10948',	'Goro - Rukesa  Fund Balance - HVC',	4,	2,	0.00,	'2020-11-05',	9,	9,	NULL,	623,	51),
(5,	13,	'OPCE-75271',	'Goro - Rukesa  Fund Balance - Survival Intervention ',	5,	2,	0.00,	'2020-11-05',	9,	9,	NULL,	624,	51),
(6,	13,	'OPCE-25488',	'Goro - Rukesa  Fund Balance - HIVAIDS ARV support',	6,	2,	0.00,	'2020-11-05',	9,	9,	NULL,	625,	51),
(7,	13,	'OPCE-44137',	'Goro - Rukesa  Fund Balance - CGS',	7,	2,	0.00,	'2020-11-05',	9,	9,	NULL,	626,	51),
(8,	13,	'OPCE-74117',	'Goro - Rukesa  Fund Balance - Parents Contribution ',	9,	2,	0.00,	'2020-11-05',	9,	9,	NULL,	627,	51),
(9,	13,	'OPCE-32833',	'Goro - Rukesa  Fund Balance - CDC IGA ',	10,	2,	0.00,	'2020-11-05',	9,	9,	NULL,	628,	51),
(10,	13,	'OPCE-65402',	'Goro - Rukesa  Fund Balance - Local Donations & Church Contribution ',	11,	2,	0.00,	'2020-11-05',	9,	9,	NULL,	629,	51),
(11,	13,	'OPCE-66690',	'Goro - Rukesa  Fund Balance - Medical refund and grant ',	12,	2,	0.00,	'2020-11-05',	9,	9,	NULL,	630,	51),
(12,	13,	'OPCE-72881',	'Goro - Rukesa  Fund Balance - Survival Launch Funds',	13,	2,	0.00,	'2020-11-05',	9,	9,	NULL,	631,	51),
(13,	13,	'OPCE-89636',	'Goro - Rukesa  Fund Balance - Sponsorship launch fund ',	14,	2,	0.00,	'2020-11-05',	9,	9,	NULL,	632,	51),
(14,	13,	'OPCE-40646',	'Goro - Rukesa  Fund Balance - Inter partner Fund transfer ',	15,	2,	0.00,	'2020-11-05',	9,	9,	NULL,	633,	51),
(33,	19,	'OPCE-66947',	'TZ0206-R010-CDSP Support-Standard Chartered Bank Fund Opening Balance',	3,	11,	27025966.20,	'2020-12-15',	11,	11,	NULL,	697,	411),
(34,	19,	'OPCE-33996',	'TZ0206-R031-CDSP Beneficiary Gift-Standard Chartered Bank Fund Opening Balance',	18,	11,	-831864.06,	'2020-12-15',	11,	11,	NULL,	697,	411),
(35,	19,	'OPCE-50279',	'TZ0206-R0101-AIDS Medical(HIV MED)-Standard Chartered Bank Fund Opening Balance',	21,	11,	354591.29,	'2020-12-15',	11,	11,	NULL,	697,	411),
(36,	19,	'OPCE-23965',	'TZ0206-R070-HVC-Standard Chartered Bank Fund Opening Balance',	22,	11,	665434.14,	'2020-12-15',	11,	11,	NULL,	697,	411),
(37,	19,	'OPCE-25677',	'TZ0206-R080-Medical- Standard Chartered Bank Fund Opening Balance',	23,	11,	-4265000.00,	'2020-12-15',	11,	11,	NULL,	697,	411),
(38,	22,	'OPCE-66947',	'TZ0100-R010-CDSP Support-CRDB PLC Bank Fund Opening Balance',	3,	3,	27025966.20,	'2020-12-15',	11,	11,	NULL,	697,	411),
(39,	22,	'OPCE-33996',	'TZ0100-R010-CDSP Support-CRDB PLC Bank Fund Opening Balance',	18,	3,	-831864.06,	'2020-12-15',	11,	11,	NULL,	697,	411),
(40,	22,	'OPCE-50279',	'TZ0100-R010-CDSP Support-CRDB PLC Bank Fund Opening Balance',	21,	3,	354591.29,	'2020-12-15',	11,	11,	NULL,	697,	411),
(41,	22,	'OPCE-23965',	'TZ0100-R010-CDSP Support-CRDB PLC Bank Fund Opening Balance',	22,	3,	665434.14,	'2020-12-15',	11,	11,	NULL,	697,	411),
(42,	22,	'OPCE-25677',	'TZ0100-R010-CDSP Support-CRDB PLC Bank Fund Opening Balance',	23,	3,	-4265000.00,	'2020-12-15',	11,	11,	NULL,	697,	411),
(45,	26,	'OPCE-66947',	'TZ0500-R010-CDSP Support-CRDB PLC Bank Fund Opening Balance',	3,	7,	27025966.20,	'2020-12-15',	11,	11,	NULL,	697,	411),
(46,	26,	'OPCE-33996',	'TZ0500-R010-CDSP Support-CRDB PLC Bank Fund Opening Balance',	18,	7,	-831864.06,	'2020-12-15',	11,	11,	NULL,	697,	411),
(47,	26,	'OPCE-50279',	'TZ0500-R010-CDSP Support-CRDB PLC Bank Fund Opening Balance',	21,	7,	354591.29,	'2020-12-15',	11,	11,	NULL,	697,	411),
(48,	26,	'OPCE-23965',	'TZ0500-R010-CDSP Support-CRDB PLC Bank Fund Opening Balance',	22,	7,	665434.14,	'2020-12-15',	11,	11,	NULL,	697,	411),
(49,	26,	'OPCE-25677',	'TZ0500-R010-CDSP Support-CRDB PLC Bank Fund Opening Balance',	23,	7,	-4265000.00,	'2020-12-15',	11,	11,	NULL,	697,	411),
(53,	23,	'OPCE-66947',	'TZ0201-R010-CDSP Support-Kijenge Lutheran Church Bank Fund Opening Balance',	3,	5,	27025966.20,	'2020-12-15',	11,	11,	NULL,	697,	411),
(54,	23,	'OPCE-33996',	'TZ0201-R010-CDSP Support-Kijenge Lutheran Church Bank Fund Opening Balance',	18,	5,	-831864.06,	'2020-12-15',	11,	11,	NULL,	697,	411),
(55,	23,	'OPCE-50279',	'TZ0201-R010-CDSP Support-Kijenge Lutheran Church Bank Fund Opening Balance',	21,	5,	354591.29,	'2020-12-15',	11,	11,	NULL,	697,	411),
(56,	23,	'OPCE-23965',	'TZ0201-R010-CDSP Support-Kijenge Lutheran Church Bank Fund Opening Balance',	22,	5,	665434.14,	'2020-12-15',	11,	11,	NULL,	697,	411),
(57,	23,	'OPCE-25677',	'TZ0201-R010-CDSP Support-Kijenge Lutheran Church Bank Fund Opening Balance',	23,	5,	-4265000.00,	'2020-12-15',	11,	11,	NULL,	697,	411),
(60,	18,	'OPCE-66947',	'TZ303-R010-CDSP Support-Kijenge Lutheran Church Bank Fund Opening Balance',	3,	12,	27025966.20,	'2020-12-15',	11,	11,	NULL,	697,	411),
(61,	18,	'OPCE-33996',	'TZ303-R010-CDSP Support-Kijenge Lutheran Church Bank Fund Opening Balance',	18,	12,	-831864.06,	'2020-12-15',	11,	11,	NULL,	697,	411),
(62,	18,	'OPCE-50279',	'TZ303-R010-CDSP Support-Kijenge Lutheran Church Bank Fund Opening Balance',	21,	12,	354591.29,	'2020-12-15',	11,	11,	NULL,	697,	411),
(63,	18,	'OPCE-23965',	'TZ303-R010-CDSP Support-Kijenge Lutheran Church Bank Fund Opening Balance',	22,	12,	665434.14,	'2020-12-15',	11,	11,	NULL,	697,	411),
(64,	18,	'OPCE-25677',	'TZ303-R010-CDSP Support-Kijenge Lutheran Church Bank Fund Opening Balance',	23,	12,	-4265000.00,	'2020-12-15',	11,	11,	NULL,	697,	411),
(67,	21,	'OPCE-66947',	'TZ0600-R010-CDSP Support-Kijenge Lutheran Church Bank Fund Opening Balance',	3,	9,	27025966.20,	'2020-12-15',	11,	11,	NULL,	697,	411),
(68,	21,	'OPCE-33996',	'TZ0600-R010-CDSP Support-Kijenge Lutheran Church Bank Fund Opening Balance',	18,	9,	-831864.06,	'2020-12-15',	11,	11,	NULL,	697,	411),
(69,	21,	'OPCE-50279',	'TZ0600-R010-CDSP Support-Kijenge Lutheran Church Bank Fund Opening Balance',	21,	9,	354591.29,	'2020-12-15',	11,	11,	NULL,	697,	411),
(70,	21,	'OPCE-23965',	'TZ0600-R010-CDSP Support-Kijenge Lutheran Church Bank Fund Opening Balance',	22,	9,	665434.14,	'2020-12-15',	11,	11,	NULL,	697,	411),
(71,	21,	'OPCE-25677',	'TZ0600-R010-CDSP Support-Kijenge Lutheran Church Bank Fund Opening Balance',	23,	9,	-4265000.00,	'2020-12-15',	11,	11,	NULL,	697,	411),
(74,	24,	'OPCE-66947',	'TZ0551-R010-CDSP Support-Kijenge Lutheran Church Bank Fund Opening Balance',	3,	8,	27025966.20,	'2020-12-15',	11,	11,	NULL,	697,	411),
(75,	24,	'OPCE-33996',	'TZ0551-R010-CDSP Support-Kijenge Lutheran Church Bank Fund Opening Balance',	18,	8,	-831864.06,	'2020-12-15',	11,	11,	NULL,	697,	411),
(76,	24,	'OPCE-50279',	'TZ0551-R010-CDSP Support-Kijenge Lutheran Church Bank Fund Opening Balance',	21,	8,	354591.29,	'2020-12-15',	11,	11,	NULL,	697,	411),
(77,	24,	'OPCE-23965',	'TZ0551-R010-CDSP Support-Kijenge Lutheran Church Bank Fund Opening Balance',	22,	8,	665434.14,	'2020-12-15',	11,	11,	NULL,	697,	411),
(78,	24,	'OPCE-25677',	'TZ0551-R010-CDSP Support-Kijenge Lutheran Church Bank Fund Opening Balance',	23,	8,	-4265000.00,	'2020-12-15',	11,	11,	NULL,	697,	411),
(81,	25,	'OPCE-66947',	'TZ0450-R010-CDSP Support-Kijenge Lutheran Church Bank Fund Opening Balance',	3,	6,	27025966.20,	'2020-12-15',	11,	11,	NULL,	697,	411),
(82,	25,	'OPCE-33996',	'TZ0450-R010-CDSP Support-Kijenge Lutheran Church Bank Fund Opening Balance',	18,	6,	-831864.06,	'2020-12-15',	11,	11,	NULL,	697,	411),
(83,	25,	'OPCE-50279',	'TZ0450-R010-CDSP Support-Kijenge Lutheran Church Bank Fund Opening Balance',	21,	6,	354591.29,	'2020-12-15',	11,	11,	NULL,	697,	411),
(84,	25,	'OPCE-23965',	'TZ0450-R010-CDSP Support-Kijenge Lutheran Church Bank Fund Opening Balance',	22,	6,	665434.14,	'2020-12-15',	11,	11,	NULL,	697,	411),
(85,	25,	'OPCE-25677',	'TZ0450-R010-CDSP Support-Kijenge Lutheran Church Bank Fund Opening Balance',	23,	6,	-4265000.00,	'2020-12-15',	11,	11,	NULL,	697,	411),
(88,	27,	'OPCE-66947',	'TZ0102-R010-CDSP Support-Kijenge Lutheran Church Bank Fund Opening Balance',	3,	10,	27025966.20,	'2020-12-15',	11,	11,	NULL,	697,	411),
(89,	27,	'OPCE-33996',	'TZ0102-R010-CDSP Support-Kijenge Lutheran Church Bank Fund Opening Balance',	18,	10,	-831864.06,	'2020-12-15',	11,	11,	NULL,	697,	411),
(90,	27,	'OPCE-50279',	'TZ0102-R010-CDSP Support-Kijenge Lutheran Church Bank Fund Opening Balance',	21,	10,	354591.29,	'2020-12-15',	11,	11,	NULL,	697,	411),
(91,	27,	'OPCE-23965',	'TZ0102-R010-CDSP Support-Kijenge Lutheran Church Bank Fund Opening Balance',	22,	10,	665434.14,	'2020-12-15',	11,	11,	NULL,	697,	411),
(92,	27,	'OPCE-25677',	'TZ0102-R010-CDSP Support-Kijenge Lutheran Church Bank Fund Opening Balance',	23,	10,	-4265000.00,	'2020-12-15',	11,	11,	NULL,	697,	411),
(95,	28,	'OPCE-66947',	'TZ0200-R010-CDSP Support-Kijenge Lutheran Church Bank Fund Opening Balance',	3,	4,	27025966.20,	'2020-12-15',	11,	11,	NULL,	697,	411),
(96,	28,	'OPCE-33996',	'TZ0200-R010-CDSP Support-Kijenge Lutheran Church Bank Fund Opening Balance',	18,	4,	-831864.06,	'2020-12-15',	11,	11,	NULL,	697,	411),
(97,	28,	'OPCE-50279',	'TZ0200-R010-CDSP Support-Kijenge Lutheran Church Bank Fund Opening Balance',	21,	4,	354591.29,	'2020-12-15',	11,	11,	NULL,	697,	411),
(98,	28,	'OPCE-23965',	'TZ0200-R010-CDSP Support-Kijenge Lutheran Church Bank Fund Opening Balance',	22,	4,	665434.14,	'2020-12-15',	11,	11,	NULL,	697,	411),
(99,	28,	'OPCE-25677',	'TZ0200-R010-CDSP Support-Kijenge Lutheran Church Bank Fund Opening Balance',	23,	4,	-4265000.00,	'2020-12-15',	11,	11,	NULL,	697,	411),
(101,	31,	'OPCE-66947',	'TZ001 - TZ National Office Testing Center',	3,	14,	27025966.20,	'2020-12-15',	11,	11,	NULL,	697,	411),
(102,	31,	'OPCE-33996',	'TZ001 - TZ National Office Testing Center',	18,	14,	-831864.06,	'2020-12-15',	11,	11,	NULL,	697,	411),
(103,	31,	'OPCE-50279',	'TZ001 - TZ National Office Testing Center',	21,	14,	354591.29,	'2020-12-15',	11,	11,	NULL,	697,	411),
(104,	31,	'OPCE-23965',	'TZ001 - TZ National Office Testing Center',	22,	14,	665434.14,	'2020-12-15',	11,	11,	NULL,	697,	411),
(105,	31,	'OPCE-25677',	'TZ001 - TZ National Office Testing Center',	23,	14,	-4265000.00,	'2020-12-15',	11,	11,	NULL,	697,	411);

DROP TABLE IF EXISTS `opening_outstanding_cheque`;
CREATE TABLE `opening_outstanding_cheque` (
  `opening_outstanding_cheque_id` int(100) NOT NULL AUTO_INCREMENT,
  `opening_outstanding_cheque_name` varchar(100) NOT NULL,
  `opening_outstanding_cheque_track_number` varchar(100) NOT NULL,
  `opening_outstanding_cheque_description` longtext NOT NULL,
  `opening_outstanding_cheque_date` date NOT NULL,
  `fk_system_opening_balance_id` int(100) NOT NULL,
  `fk_office_bank_id` int(100) NOT NULL,
  `opening_outstanding_cheque_number` int(50) NOT NULL,
  `opening_outstanding_cheque_amount` decimal(10,2) NOT NULL,
  `opening_outstanding_cheque_is_cleared` int(5) NOT NULL DEFAULT '0',
  `opening_outstanding_cheque_cleared_date` date NOT NULL DEFAULT '0000-00-00',
  `opening_outstanding_cheque_created_date` date DEFAULT NULL,
  `opening_outstanding_cheque_created_by` int(100) DEFAULT NULL,
  `opening_outstanding_cheque_last_modified_by` int(100) DEFAULT NULL,
  `opening_outstanding_cheque_last_modified_date` date DEFAULT NULL,
  `fk_approval_id` int(100) DEFAULT NULL,
  `fk_status_id` int(100) DEFAULT NULL,
  PRIMARY KEY (`opening_outstanding_cheque_id`),
  KEY `fk_system_opening_balance_id` (`fk_system_opening_balance_id`),
  CONSTRAINT `opening_outstanding_cheque_ibfk_1` FOREIGN KEY (`fk_system_opening_balance_id`) REFERENCES `system_opening_balance` (`system_opening_balance_id`),
  CONSTRAINT `opening_outstanding_cheque_ibfk_2` FOREIGN KEY (`fk_system_opening_balance_id`) REFERENCES `system_opening_balance` (`system_opening_balance_id`)
) ENGINE=InnoDB DEFAULT CHARSET=latin1;

INSERT INTO `opening_outstanding_cheque` (`opening_outstanding_cheque_id`, `opening_outstanding_cheque_name`, `opening_outstanding_cheque_track_number`, `opening_outstanding_cheque_description`, `opening_outstanding_cheque_date`, `fk_system_opening_balance_id`, `fk_office_bank_id`, `opening_outstanding_cheque_number`, `opening_outstanding_cheque_amount`, `opening_outstanding_cheque_is_cleared`, `opening_outstanding_cheque_cleared_date`, `opening_outstanding_cheque_created_date`, `opening_outstanding_cheque_created_by`, `opening_outstanding_cheque_last_modified_by`, `opening_outstanding_cheque_last_modified_date`, `fk_approval_id`, `fk_status_id`) VALUES
(1,	'ABC Traders',	'OPUE-60919',	'ABC Traders',	'2020-06-09',	9,	1,	2345,	456000.00,	0,	'2020-09-30',	'2020-09-01',	4,	4,	NULL,	452,	52),
(2,	'Goro - Rukesa Outstanding Cheques -Coop Bank 1',	'OPUE-49745',	'Goro - Rukesa outstanding Cheque - Co-op Bank 1',	'2020-12-01',	13,	2,	1,	0.00,	0,	'0000-00-00',	'2020-11-05',	9,	9,	NULL,	620,	52),
(4,	'TZ0100-CRDB PLC Outstanding Cheque Opening Balance -KIMASEKI SECONDARY SCHOOL',	'OPUE-82239',	'TZ0100-CRDB PLC Outstanding Cheque Opening Balance -KIMASEKI SECONDARY SCHOOL',	'2020-11-25',	22,	3,	7318,	300000.00,	0,	'0000-00-00',	'2020-12-15',	11,	11,	NULL,	706,	434),
(5,	'TZ0100-CRDB PLC Outstanding Cheque Opening Balance -COMMISSIONER FOR DOMESTIC REVENUE',	'OPUE-75982',	'TZ0100-CRDB PLC Outstanding Cheque Opening Balance -COMMISSIONER FOR DOMESTIC REVENUE',	'2020-11-23',	22,	3,	7311,	466200.00,	0,	'0000-00-00',	'2020-12-15',	11,	11,	NULL,	706,	434),
(6,	'TZ0100-CRDB PLC Outstanding Cheque Opening Balance -SUYE HEALTH INSTITUTE',	'OPUE-40196',	'TZ0100-CRDB PLC Outstanding Cheque Opening Balance -SUYE HEALTH INSTITUTE',	'2020-11-23',	22,	3,	7305,	780000.00,	0,	'0000-00-00',	'2020-12-15',	11,	11,	NULL,	706,	434),
(7,	'TZ0100-CRDB PLC Outstanding Cheque Opening Balance -KIJENGE PRIMARY SCHOOL',	'OPUE-73184',	'TZ0100-CRDB PLC Outstanding Cheque Opening Balance -KIJENGE PRIMARY SCHOOL',	'2020-10-16',	22,	3,	7277,	564600.00,	0,	'0000-00-00',	'2020-12-15',	11,	11,	NULL,	706,	434),
(8,	'TZ0500- Outstanding Cheque Opening Balance-MFUKO WA AFYA ARUSHA',	'OPUE-86173',	'TZ0500- Outstanding Cheque Opening Balance-MFUKO WA AFYA ARUSHA',	'2020-10-16',	26,	7,	970,	1440000.00,	0,	'0000-00-00',	'2020-12-15',	11,	11,	NULL,	718,	434),
(9,	'TZ0500- Outstanding Cheque Opening Balance-SUYE SECONDARY SCH',	'OPUE-14439',	'TZ0500- Outstanding Cheque Opening Balance-SUYE SECONDARY SCH',	'2020-08-21',	26,	7,	917,	65000.00,	0,	'0000-00-00',	'2020-12-15',	11,	11,	NULL,	718,	434),
(10,	'TZ0500- Outstanding Cheque Opening Balance-MARIAM JOELY  SWAI',	'OPUE-44383',	'TZ0500- Outstanding Cheque Opening Balance-MARIAM JOELY  SWAI',	'2020-11-23',	26,	7,	1005,	372600.00,	0,	'0000-00-00',	'2020-12-15',	11,	11,	NULL,	718,	434),
(11,	'TZ0500- Outstanding Cheque Opening Balance-TRA',	'OPUE-75933',	'TZ0500- Outstanding Cheque Opening Balance-TRA',	'2020-11-27',	26,	7,	1010,	100728.62,	0,	'0000-00-00',	'2020-12-15',	11,	11,	NULL,	718,	434),
(12,	'TZ0500- Outstanding Cheque Opening Balance-KALOLENI HEALTH CENTRE',	'OPUE-86255',	'TZ0500- Outstanding Cheque Opening Balance-KALOLENI HEALTH CENTRE',	'2020-11-30',	26,	7,	1017,	325000.00,	0,	'0000-00-00',	'2020-12-15',	11,	11,	NULL,	718,	434),
(13,	'TZ0201- Outstanding Cheque Opening Balance-CRDB-1232',	'OPUE-13167',	'TZ0201- Outstanding Cheque Opening Balance-CRDB-1232',	'2020-11-23',	23,	5,	1232,	672543.00,	0,	'0000-00-00',	'2020-12-15',	11,	11,	NULL,	709,	434),
(14,	'TZ0201- Outstanding Cheque Opening Balance-CRDB-595',	'OPUE-23365',	'TZ0201- Outstanding Cheque Opening Balance-CRDB-595',	'2020-10-21',	23,	5,	595,	150000.00,	0,	'0000-00-00',	'2020-12-15',	11,	11,	NULL,	709,	434),
(15,	'TZ0201- Outstanding Cheque Opening Balance-CRDB-576',	'OPUE-66023',	'TZ0201- Outstanding Cheque Opening Balance-CRDB-576',	'2020-09-10',	23,	5,	576,	158000.00,	0,	'0000-00-00',	'2020-12-15',	11,	11,	NULL,	709,	434),
(16,	'TZ0206- Outstanding Cheque Opening Balance-Abraham Joseph',	'OPUE-55934',	'TZ0206- Outstanding Cheque Opening Balance-Abraham Joseph',	'2020-11-28',	19,	11,	5091,	521288.24,	0,	'0000-00-00',	'2020-12-15',	11,	11,	NULL,	697,	434),
(17,	'TZ0206- Outstanding Cheque Opening Balance-Respick B Tesha',	'OPUE-12303',	'TZ0206- Outstanding Cheque Opening Balance-Respick B Tesha',	'2020-11-23',	19,	11,	5089,	175000.00,	0,	'0000-00-00',	'2020-12-15',	11,	11,	NULL,	697,	434),
(18,	'TZ0206- Outstanding Cheque Opening Balance-Kikatiti Happy Watoto Home',	'OPUE-72082',	'TZ0206- Outstanding Cheque Opening Balance-Kikatiti Happy Watoto Home',	'2020-11-02',	19,	11,	5082,	250000.00,	0,	'0000-00-00',	'2020-12-15',	11,	11,	NULL,	697,	434);

DROP TABLE IF EXISTS `page_view`;
CREATE TABLE `page_view` (
  `page_view_id` int(100) NOT NULL AUTO_INCREMENT,
  `page_view_track_number` varchar(100) NOT NULL,
  `page_view_name` varchar(100) NOT NULL,
  `page_view_description` longtext NOT NULL,
  `fk_menu_id` int(100) NOT NULL,
  `page_view_is_default` int(5) NOT NULL DEFAULT '0' COMMENT 'System Admin default ',
  `page_view_created_date` date NOT NULL,
  `page_view_last_modified_date` timestamp NOT NULL DEFAULT CURRENT_TIMESTAMP,
  `page_view_created_by` int(100) NOT NULL,
  `page_view_last_modified_by` int(100) NOT NULL,
  `fk_approval_id` int(11) NOT NULL,
  `fk_status_id` int(11) NOT NULL,
  PRIMARY KEY (`page_view_id`),
  KEY `fk_approval_id` (`fk_approval_id`),
  KEY `fk_status_id` (`fk_status_id`),
  KEY `fk_menu_id` (`fk_menu_id`),
  CONSTRAINT `page_view_ibfk_1` FOREIGN KEY (`fk_approval_id`) REFERENCES `approval` (`approval_id`),
  CONSTRAINT `page_view_ibfk_2` FOREIGN KEY (`fk_status_id`) REFERENCES `status` (`status_id`),
  CONSTRAINT `page_view_ibfk_3` FOREIGN KEY (`fk_menu_id`) REFERENCES `menu` (`menu_id`)
) ENGINE=InnoDB DEFAULT CHARSET=latin1;


DROP TABLE IF EXISTS `page_view_condition`;
CREATE TABLE `page_view_condition` (
  `page_view_condition_id` int(100) NOT NULL AUTO_INCREMENT,
  `page_view_condition_track_number` varchar(100) NOT NULL,
  `page_view_condition_name` varchar(100) DEFAULT NULL,
  `page_view_condition_field` varchar(100) NOT NULL,
  `page_view_condition_operator` varchar(50) NOT NULL,
  `page_view_condition_value` varchar(100) NOT NULL,
  `fk_page_view_id` int(100) NOT NULL,
  `page_view_condition_created_date` date NOT NULL,
  `page_view_condition_last_modified_date` timestamp NOT NULL DEFAULT CURRENT_TIMESTAMP,
  `page_view_condition_created_by` int(100) NOT NULL,
  `page_view_condition_last_modified_by` int(100) NOT NULL,
  `fk_approval_id` int(11) DEFAULT NULL,
  `fk_status_id` int(11) DEFAULT NULL,
  PRIMARY KEY (`page_view_condition_id`),
  KEY `fk_approval_id` (`fk_approval_id`),
  KEY `fk_status_id` (`fk_status_id`),
  KEY `fk_page_view_id` (`fk_page_view_id`),
  CONSTRAINT `page_view_condition_ibfk_3` FOREIGN KEY (`fk_page_view_id`) REFERENCES `page_view` (`page_view_id`)
) ENGINE=InnoDB DEFAULT CHARSET=latin1;


DROP TABLE IF EXISTS `page_view_role`;
CREATE TABLE `page_view_role` (
  `page_view_role_id` int(100) NOT NULL AUTO_INCREMENT,
  `page_view_role_track_number` varchar(100) NOT NULL,
  `page_view_role_name` varchar(100) DEFAULT NULL,
  `page_view_role_is_default` int(5) DEFAULT '0',
  `fk_page_view_id` int(100) DEFAULT NULL,
  `fk_role_id` int(100) DEFAULT NULL,
  `page_view_role_created_date` date NOT NULL,
  `page_view_role_last_modified_date` timestamp NOT NULL DEFAULT CURRENT_TIMESTAMP,
  `page_view_role_created_by` int(100) NOT NULL,
  `page_view_role_last_modified_by` int(100) NOT NULL,
  `fk_approval_id` int(11) NOT NULL,
  `fk_status_id` int(11) NOT NULL,
  PRIMARY KEY (`page_view_role_id`),
  KEY `fk_page_view_id` (`fk_page_view_id`),
  KEY `fk_role_id` (`fk_role_id`),
  KEY `fk_approval_id` (`fk_approval_id`),
  KEY `fk_status_id` (`fk_status_id`),
  CONSTRAINT `page_view_role_ibfk_1` FOREIGN KEY (`fk_page_view_id`) REFERENCES `page_view` (`page_view_id`),
  CONSTRAINT `page_view_role_ibfk_2` FOREIGN KEY (`fk_role_id`) REFERENCES `role` (`role_id`),
  CONSTRAINT `page_view_role_ibfk_3` FOREIGN KEY (`fk_approval_id`) REFERENCES `approval` (`approval_id`),
  CONSTRAINT `page_view_role_ibfk_4` FOREIGN KEY (`fk_status_id`) REFERENCES `status` (`status_id`)
) ENGINE=InnoDB DEFAULT CHARSET=latin1;


DROP TABLE IF EXISTS `permission`;
CREATE TABLE `permission` (
  `permission_id` int(11) NOT NULL AUTO_INCREMENT,
  `permission_track_number` varchar(100) NOT NULL,
  `permission_name` varchar(100) NOT NULL,
  `permission_description` longtext NOT NULL,
  `permission_is_active` int(5) NOT NULL,
  `fk_permission_label_id` int(100) NOT NULL,
  `permission_type` int(5) NOT NULL DEFAULT '1' COMMENT 'Type 1 = Page Access, 2 = Field Access',
  `permission_field` varchar(100) NOT NULL,
  `permission_is_global` int(5) NOT NULL DEFAULT '1',
  `fk_menu_id` int(100) DEFAULT NULL,
  `fk_approval_id` int(11) DEFAULT NULL,
  `fk_status_id` int(11) DEFAULT NULL,
  `permission_created_date` date DEFAULT NULL,
  `permission_created_by` int(100) DEFAULT NULL,
  `permission_deleted_at` date DEFAULT NULL,
  `permission_last_modified_date` timestamp NULL DEFAULT CURRENT_TIMESTAMP,
  `permission_last_modified_by` int(100) DEFAULT NULL,
  PRIMARY KEY (`permission_id`)
) ENGINE=InnoDB DEFAULT CHARSET=latin1;

INSERT INTO `permission` (`permission_id`, `permission_track_number`, `permission_name`, `permission_description`, `permission_is_active`, `fk_permission_label_id`, `permission_type`, `permission_field`, `permission_is_global`, `fk_menu_id`, `fk_approval_id`, `fk_status_id`, `permission_created_date`, `permission_created_by`, `permission_deleted_at`, `permission_last_modified_date`, `permission_last_modified_by`) VALUES
(1,	'PEON-76240',	'Create Account system',	'Create Account system',	1,	1,	1,	'',	1,	1,	36,	56,	'2020-08-20',	1,	NULL,	'2020-08-20 12:07:18',	1),
(2,	'PEON-74578',	'Read Account system',	'Read Account system',	1,	2,	1,	'',	1,	1,	37,	56,	'2020-08-20',	1,	NULL,	'2020-08-20 12:07:18',	1),
(3,	'PEON-86146',	'Update Account system',	'Update Account system',	1,	3,	1,	'',	1,	1,	38,	56,	'2020-08-20',	1,	NULL,	'2020-08-20 12:07:18',	1),
(4,	'PEON-5991',	'Delete Account system',	'Delete Account system',	1,	4,	1,	'',	1,	1,	39,	56,	'2020-08-20',	1,	NULL,	'2020-08-20 12:07:18',	1),
(5,	'PEON-53868',	'Create Approval',	'Create Approval',	1,	1,	1,	'',	1,	2,	40,	56,	'2020-08-20',	1,	NULL,	'2020-08-20 12:07:18',	1),
(6,	'PEON-63910',	'Read Approval',	'Read Approval',	1,	2,	1,	'',	1,	2,	41,	56,	'2020-08-20',	1,	NULL,	'2020-08-20 12:07:18',	1),
(7,	'PEON-85335',	'Update Approval',	'Update Approval',	1,	3,	1,	'',	1,	2,	42,	56,	'2020-08-20',	1,	NULL,	'2020-08-20 12:07:18',	1),
(8,	'PEON-50055',	'Delete Approval',	'Delete Approval',	1,	4,	1,	'',	1,	2,	43,	56,	'2020-08-20',	1,	NULL,	'2020-08-20 12:07:18',	1),
(9,	'PEON-86182',	'Create Approval flow',	'Create Approval flow',	1,	1,	1,	'',	1,	3,	44,	56,	'2020-08-20',	1,	NULL,	'2020-08-20 12:07:18',	1),
(10,	'PEON-33063',	'Read Approval flow',	'Read Approval flow',	1,	2,	1,	'',	1,	3,	45,	56,	'2020-08-20',	1,	NULL,	'2020-08-20 12:07:19',	1),
(11,	'PEON-27426',	'Update Approval flow',	'Update Approval flow',	1,	3,	1,	'',	1,	3,	46,	56,	'2020-08-20',	1,	NULL,	'2020-08-20 12:07:19',	1),
(12,	'PEON-5369',	'Delete Approval flow',	'Delete Approval flow',	1,	4,	1,	'',	1,	3,	47,	56,	'2020-08-20',	1,	NULL,	'2020-08-20 12:07:19',	1),
(13,	'PEON-20655',	'Create Approve item',	'Create Approve item',	1,	1,	1,	'',	1,	4,	48,	56,	'2020-08-20',	1,	NULL,	'2020-08-20 12:07:19',	1),
(14,	'PEON-46544',	'Read Approve item',	'Read Approve item',	1,	2,	1,	'',	1,	4,	49,	56,	'2020-08-20',	1,	NULL,	'2020-08-20 12:07:19',	1),
(15,	'PEON-25761',	'Update Approve item',	'Update Approve item',	1,	3,	1,	'',	1,	4,	50,	56,	'2020-08-20',	1,	NULL,	'2020-08-20 12:07:19',	1),
(16,	'PEON-3343',	'Delete Approve item',	'Delete Approve item',	1,	4,	1,	'',	1,	4,	51,	56,	'2020-08-20',	1,	NULL,	'2020-08-20 12:07:19',	1),
(17,	'PEON-56165',	'Create Bank',	'Create Bank',	1,	1,	1,	'',	1,	5,	52,	56,	'2020-08-20',	1,	NULL,	'2020-08-20 12:07:19',	1),
(18,	'PEON-80903',	'Read Bank',	'Read Bank',	1,	2,	1,	'',	1,	5,	53,	56,	'2020-08-20',	1,	NULL,	'2020-08-20 12:07:19',	1),
(19,	'PEON-43893',	'Update Bank',	'Update Bank',	1,	3,	1,	'',	1,	5,	54,	56,	'2020-08-20',	1,	NULL,	'2020-08-20 12:07:19',	1),
(20,	'PEON-46842',	'Delete Bank',	'Delete Bank',	1,	4,	1,	'',	1,	5,	55,	56,	'2020-08-20',	1,	NULL,	'2020-08-20 12:07:19',	1),
(21,	'PEON-20595',	'Create Budget',	'Create Budget',	1,	1,	1,	'',	0,	6,	56,	56,	'2020-08-20',	1,	NULL,	'2020-08-20 12:07:19',	1),
(22,	'PEON-65753',	'Read Budget',	'Read Budget',	1,	2,	1,	'',	0,	6,	57,	56,	'2020-08-20',	1,	NULL,	'2020-08-20 12:07:19',	1),
(23,	'PEON-88008',	'Update Budget',	'Update Budget',	1,	3,	1,	'',	0,	6,	58,	56,	'2020-08-20',	1,	NULL,	'2020-08-20 12:07:19',	1),
(24,	'PEON-16074',	'Delete Budget',	'Delete Budget',	1,	4,	1,	'',	1,	6,	59,	56,	'2020-08-20',	1,	NULL,	'2020-08-20 12:07:19',	1),
(25,	'PEON-56412',	'Create Budget item',	'Create Budget item',	1,	1,	1,	'',	0,	7,	60,	56,	'2020-08-20',	1,	NULL,	'2020-08-20 12:07:19',	1),
(26,	'PEON-50860',	'Read Budget item',	'Read Budget item',	1,	2,	1,	'',	0,	7,	61,	56,	'2020-08-20',	1,	NULL,	'2020-08-20 12:07:19',	1),
(27,	'PEON-26799',	'Update Budget item',	'Update Budget item',	1,	3,	1,	'',	0,	7,	62,	56,	'2020-08-20',	1,	NULL,	'2020-08-20 12:07:19',	1),
(28,	'PEON-13829',	'Delete Budget item',	'Delete Budget item',	1,	4,	1,	'',	1,	7,	63,	56,	'2020-08-20',	1,	NULL,	'2020-08-20 12:07:19',	1),
(29,	'PEON-78753',	'Create Context center',	'Create Context center',	1,	1,	1,	'',	1,	8,	64,	56,	'2020-08-20',	1,	NULL,	'2020-08-20 12:07:19',	1),
(30,	'PEON-7136',	'Read Context center',	'Read Context center',	1,	2,	1,	'',	1,	8,	65,	56,	'2020-08-20',	1,	NULL,	'2020-08-20 12:07:19',	1),
(31,	'PEON-68599',	'Update Context center',	'Update Context center',	1,	3,	1,	'',	1,	8,	66,	56,	'2020-08-20',	1,	NULL,	'2020-08-20 12:07:19',	1),
(32,	'PEON-30339',	'Delete Context center',	'Delete Context center',	1,	4,	1,	'',	1,	8,	67,	56,	'2020-08-20',	1,	NULL,	'2020-08-20 12:07:19',	1),
(33,	'PEON-12248',	'Create Context center user',	'Create Context center user',	1,	1,	1,	'',	1,	9,	68,	56,	'2020-08-20',	1,	NULL,	'2020-08-20 12:07:19',	1),
(34,	'PEON-88325',	'Read Context center user',	'Read Context center user',	1,	2,	1,	'',	1,	9,	69,	56,	'2020-08-20',	1,	NULL,	'2020-08-20 12:07:19',	1),
(35,	'PEON-13564',	'Update Context center user',	'Update Context center user',	1,	3,	1,	'',	1,	9,	70,	56,	'2020-08-20',	1,	NULL,	'2020-08-20 12:07:19',	1),
(36,	'PEON-85551',	'Delete Context center user',	'Delete Context center user',	1,	4,	1,	'',	1,	9,	71,	56,	'2020-08-20',	1,	NULL,	'2020-08-20 12:07:19',	1),
(37,	'PEON-86805',	'Create Context cluster',	'Create Context cluster',	1,	1,	1,	'',	1,	10,	72,	56,	'2020-08-20',	1,	NULL,	'2020-08-20 12:07:19',	1),
(38,	'PEON-75275',	'Read Context cluster',	'Read Context cluster',	1,	2,	1,	'',	1,	10,	73,	56,	'2020-08-20',	1,	NULL,	'2020-08-20 12:07:19',	1),
(39,	'PEON-43948',	'Update Context cluster',	'Update Context cluster',	1,	3,	1,	'',	1,	10,	74,	56,	'2020-08-20',	1,	NULL,	'2020-08-20 12:07:19',	1),
(40,	'PEON-14378',	'Delete Context cluster',	'Delete Context cluster',	1,	4,	1,	'',	1,	10,	75,	56,	'2020-08-20',	1,	NULL,	'2020-08-20 12:07:19',	1),
(41,	'PEON-72399',	'Create Context cluster user',	'Create Context cluster user',	1,	1,	1,	'',	1,	11,	76,	56,	'2020-08-20',	1,	NULL,	'2020-08-20 12:07:19',	1),
(42,	'PEON-82889',	'Read Context cluster user',	'Read Context cluster user',	1,	2,	1,	'',	1,	11,	77,	56,	'2020-08-20',	1,	NULL,	'2020-08-20 12:07:19',	1),
(43,	'PEON-75397',	'Update Context cluster user',	'Update Context cluster user',	1,	3,	1,	'',	1,	11,	78,	56,	'2020-08-20',	1,	NULL,	'2020-08-20 12:07:19',	1),
(44,	'PEON-37444',	'Delete Context cluster user',	'Delete Context cluster user',	1,	4,	1,	'',	1,	11,	79,	56,	'2020-08-20',	1,	NULL,	'2020-08-20 12:07:19',	1),
(45,	'PEON-5723',	'Create Context cohort',	'Create Context cohort',	1,	1,	1,	'',	1,	12,	80,	56,	'2020-08-20',	1,	NULL,	'2020-08-20 12:07:19',	1),
(46,	'PEON-88152',	'Read Context cohort',	'Read Context cohort',	1,	2,	1,	'',	1,	12,	81,	56,	'2020-08-20',	1,	NULL,	'2020-08-20 12:07:19',	1),
(47,	'PEON-22650',	'Update Context cohort',	'Update Context cohort',	1,	3,	1,	'',	1,	12,	82,	56,	'2020-08-20',	1,	NULL,	'2020-08-20 12:07:19',	1),
(48,	'PEON-31630',	'Delete Context cohort',	'Delete Context cohort',	1,	4,	1,	'',	1,	12,	83,	56,	'2020-08-20',	1,	NULL,	'2020-08-20 12:07:19',	1),
(49,	'PEON-67994',	'Create Context cohort user',	'Create Context cohort user',	1,	1,	1,	'',	1,	13,	84,	56,	'2020-08-20',	1,	NULL,	'2020-08-20 12:07:19',	1),
(50,	'PEON-23447',	'Read Context cohort user',	'Read Context cohort user',	1,	2,	1,	'',	1,	13,	85,	56,	'2020-08-20',	1,	NULL,	'2020-08-20 12:07:19',	1),
(51,	'PEON-27506',	'Update Context cohort user',	'Update Context cohort user',	1,	3,	1,	'',	1,	13,	86,	56,	'2020-08-20',	1,	NULL,	'2020-08-20 12:07:19',	1),
(52,	'PEON-24247',	'Delete Context cohort user',	'Delete Context cohort user',	1,	4,	1,	'',	1,	13,	87,	56,	'2020-08-20',	1,	NULL,	'2020-08-20 12:07:19',	1),
(53,	'PEON-85514',	'Create Context country',	'Create Context country',	1,	1,	1,	'',	1,	14,	88,	56,	'2020-08-20',	1,	NULL,	'2020-08-20 12:07:19',	1),
(54,	'PEON-75434',	'Read Context country',	'Read Context country',	1,	2,	1,	'',	1,	14,	89,	56,	'2020-08-20',	1,	NULL,	'2020-08-20 12:07:19',	1),
(55,	'PEON-86544',	'Update Context country',	'Update Context country',	1,	3,	1,	'',	1,	14,	90,	56,	'2020-08-20',	1,	NULL,	'2020-08-20 12:07:19',	1),
(56,	'PEON-76484',	'Delete Context country',	'Delete Context country',	1,	4,	1,	'',	1,	14,	91,	56,	'2020-08-20',	1,	NULL,	'2020-08-20 12:07:19',	1),
(57,	'PEON-86446',	'Create Context country user',	'Create Context country user',	1,	1,	1,	'',	1,	15,	92,	56,	'2020-08-20',	1,	NULL,	'2020-08-20 12:07:19',	1),
(58,	'PEON-56953',	'Read Context country user',	'Read Context country user',	1,	2,	1,	'',	1,	15,	93,	56,	'2020-08-20',	1,	NULL,	'2020-08-20 12:07:19',	1),
(59,	'PEON-9077',	'Update Context country user',	'Update Context country user',	1,	3,	1,	'',	1,	15,	94,	56,	'2020-08-20',	1,	NULL,	'2020-08-20 12:07:19',	1),
(60,	'PEON-71716',	'Delete Context country user',	'Delete Context country user',	1,	4,	1,	'',	1,	15,	95,	56,	'2020-08-20',	1,	NULL,	'2020-08-20 12:07:19',	1),
(61,	'PEON-60523',	'Create Context definition',	'Create Context definition',	1,	1,	1,	'',	1,	16,	96,	56,	'2020-08-20',	1,	NULL,	'2020-08-20 12:07:19',	1),
(62,	'PEON-12261',	'Read Context definition',	'Read Context definition',	1,	2,	1,	'',	1,	16,	97,	56,	'2020-08-20',	1,	NULL,	'2020-08-20 12:07:19',	1),
(63,	'PEON-76555',	'Update Context definition',	'Update Context definition',	1,	3,	1,	'',	1,	16,	98,	56,	'2020-08-20',	1,	NULL,	'2020-08-20 12:07:19',	1),
(64,	'PEON-30740',	'Delete Context definition',	'Delete Context definition',	1,	4,	1,	'',	1,	16,	99,	56,	'2020-08-20',	1,	NULL,	'2020-08-20 12:07:19',	1),
(65,	'PEON-13697',	'Create Context global',	'Create Context global',	1,	1,	1,	'',	1,	17,	100,	56,	'2020-08-20',	1,	NULL,	'2020-08-20 12:07:19',	1),
(66,	'PEON-78861',	'Read Context global',	'Read Context global',	1,	2,	1,	'',	1,	17,	101,	56,	'2020-08-20',	1,	NULL,	'2020-08-20 12:07:19',	1),
(67,	'PEON-46361',	'Update Context global',	'Update Context global',	1,	3,	1,	'',	1,	17,	102,	56,	'2020-08-20',	1,	NULL,	'2020-08-20 12:07:19',	1),
(68,	'PEON-76837',	'Delete Context global',	'Delete Context global',	1,	4,	1,	'',	1,	17,	103,	56,	'2020-08-20',	1,	NULL,	'2020-08-20 12:07:19',	1),
(69,	'PEON-4305',	'Create Context global user',	'Create Context global user',	1,	1,	1,	'',	1,	18,	104,	56,	'2020-08-20',	1,	NULL,	'2020-08-20 12:07:19',	1),
(70,	'PEON-43749',	'Read Context global user',	'Read Context global user',	1,	2,	1,	'',	1,	18,	105,	56,	'2020-08-20',	1,	NULL,	'2020-08-20 12:07:19',	1),
(71,	'PEON-33632',	'Update Context global user',	'Update Context global user',	1,	3,	1,	'',	1,	18,	106,	56,	'2020-08-20',	1,	NULL,	'2020-08-20 12:07:19',	1),
(72,	'PEON-39064',	'Delete Context global user',	'Delete Context global user',	1,	4,	1,	'',	1,	18,	107,	56,	'2020-08-20',	1,	NULL,	'2020-08-20 12:07:19',	1),
(73,	'PEON-57492',	'Create Context region',	'Create Context region',	1,	1,	1,	'',	1,	19,	108,	56,	'2020-08-20',	1,	NULL,	'2020-08-20 12:07:19',	1),
(74,	'PEON-42563',	'Read Context region',	'Read Context region',	1,	2,	1,	'',	1,	19,	109,	56,	'2020-08-20',	1,	NULL,	'2020-08-20 12:07:19',	1),
(75,	'PEON-73496',	'Update Context region',	'Update Context region',	1,	3,	1,	'',	1,	19,	110,	56,	'2020-08-20',	1,	NULL,	'2020-08-20 12:07:19',	1),
(76,	'PEON-49364',	'Delete Context region',	'Delete Context region',	1,	4,	1,	'',	1,	19,	111,	56,	'2020-08-20',	1,	NULL,	'2020-08-20 12:07:19',	1),
(77,	'PEON-9079',	'Create Context region user',	'Create Context region user',	1,	1,	1,	'',	1,	20,	112,	56,	'2020-08-20',	1,	NULL,	'2020-08-20 12:07:19',	1),
(78,	'PEON-33650',	'Read Context region user',	'Read Context region user',	1,	2,	1,	'',	1,	20,	113,	56,	'2020-08-20',	1,	NULL,	'2020-08-20 12:07:19',	1),
(79,	'PEON-21213',	'Update Context region user',	'Update Context region user',	1,	3,	1,	'',	1,	20,	114,	56,	'2020-08-20',	1,	NULL,	'2020-08-20 12:07:19',	1),
(80,	'PEON-84180',	'Delete Context region user',	'Delete Context region user',	1,	4,	1,	'',	1,	20,	115,	56,	'2020-08-20',	1,	NULL,	'2020-08-20 12:07:19',	1),
(81,	'PEON-3185',	'Create Contra account',	'Create Contra account',	1,	1,	1,	'',	1,	21,	116,	56,	'2020-08-20',	1,	NULL,	'2020-08-20 12:07:19',	1),
(82,	'PEON-66658',	'Read Contra account',	'Read Contra account',	1,	2,	1,	'',	1,	21,	117,	56,	'2020-08-20',	1,	NULL,	'2020-08-20 12:07:19',	1),
(83,	'PEON-48339',	'Update Contra account',	'Update Contra account',	1,	3,	1,	'',	1,	21,	118,	56,	'2020-08-20',	1,	NULL,	'2020-08-20 12:07:19',	1),
(84,	'PEON-76970',	'Delete Contra account',	'Delete Contra account',	1,	4,	1,	'',	1,	21,	119,	56,	'2020-08-20',	1,	NULL,	'2020-08-20 12:07:19',	1),
(85,	'PEON-12906',	'Create Country currency',	'Create Country currency',	1,	1,	1,	'',	1,	22,	120,	56,	'2020-08-20',	1,	NULL,	'2020-08-20 12:07:19',	1),
(86,	'PEON-23399',	'Read Country currency',	'Read Country currency',	1,	2,	1,	'',	1,	22,	121,	56,	'2020-08-20',	1,	NULL,	'2020-08-20 12:07:19',	1),
(87,	'PEON-41256',	'Update Country currency',	'Update Country currency',	1,	3,	1,	'',	1,	22,	122,	56,	'2020-08-20',	1,	NULL,	'2020-08-20 12:07:19',	1),
(88,	'PEON-66211',	'Delete Country currency',	'Delete Country currency',	1,	4,	1,	'',	1,	22,	123,	56,	'2020-08-20',	1,	NULL,	'2020-08-20 12:07:19',	1),
(89,	'PEON-8230',	'Create Currency conversion',	'Create Currency conversion',	1,	1,	1,	'',	1,	23,	124,	56,	'2020-08-20',	1,	NULL,	'2020-08-20 12:07:19',	1),
(90,	'PEON-38568',	'Read Currency conversion',	'Read Currency conversion',	1,	2,	1,	'',	1,	23,	125,	56,	'2020-08-20',	1,	NULL,	'2020-08-20 12:07:19',	1),
(91,	'PEON-9845',	'Update Currency conversion',	'Update Currency conversion',	1,	3,	1,	'',	1,	23,	126,	56,	'2020-08-20',	1,	NULL,	'2020-08-20 12:07:19',	1),
(92,	'PEON-49825',	'Delete Currency conversion',	'Delete Currency conversion',	1,	4,	1,	'',	1,	23,	127,	56,	'2020-08-20',	1,	NULL,	'2020-08-20 12:07:19',	1),
(93,	'PEON-5517',	'Create Dashboard',	'Create Dashboard',	1,	1,	1,	'',	1,	24,	128,	56,	'2020-08-20',	1,	NULL,	'2020-08-20 12:07:19',	1),
(94,	'PEON-43609',	'Read Dashboard',	'Read Dashboard',	1,	2,	1,	'',	1,	24,	129,	56,	'2020-08-20',	1,	NULL,	'2020-08-20 12:07:19',	1),
(95,	'PEON-8561',	'Update Dashboard',	'Update Dashboard',	1,	3,	1,	'',	1,	24,	130,	56,	'2020-08-20',	1,	NULL,	'2020-08-20 12:07:19',	1),
(96,	'PEON-58653',	'Delete Dashboard',	'Delete Dashboard',	1,	4,	1,	'',	1,	24,	131,	56,	'2020-08-20',	1,	NULL,	'2020-08-20 12:07:19',	1),
(97,	'PEON-59262',	'Create Department',	'Create Department',	1,	1,	1,	'',	1,	25,	132,	56,	'2020-08-20',	1,	NULL,	'2020-08-20 12:07:20',	1),
(98,	'PEON-35310',	'Read Department',	'Read Department',	1,	2,	1,	'',	1,	25,	133,	56,	'2020-08-20',	1,	NULL,	'2020-08-20 12:07:20',	1),
(99,	'PEON-62697',	'Update Department',	'Update Department',	1,	3,	1,	'',	1,	25,	134,	56,	'2020-08-20',	1,	NULL,	'2020-08-20 12:07:20',	1),
(100,	'PEON-16100',	'Delete Department',	'Delete Department',	1,	4,	1,	'',	1,	25,	135,	56,	'2020-08-20',	1,	NULL,	'2020-08-20 12:07:20',	1),
(101,	'PEON-19580',	'Create Designation',	'Create Designation',	1,	1,	1,	'',	1,	26,	136,	56,	'2020-08-20',	1,	NULL,	'2020-08-20 12:07:20',	1),
(102,	'PEON-42115',	'Read Designation',	'Read Designation',	1,	2,	1,	'',	1,	26,	137,	56,	'2020-08-20',	1,	NULL,	'2020-08-20 12:07:20',	1),
(103,	'PEON-34985',	'Update Designation',	'Update Designation',	1,	3,	1,	'',	1,	26,	138,	56,	'2020-08-20',	1,	NULL,	'2020-08-20 12:07:20',	1),
(104,	'PEON-11490',	'Delete Designation',	'Delete Designation',	1,	4,	1,	'',	1,	26,	139,	56,	'2020-08-20',	1,	NULL,	'2020-08-20 12:07:20',	1),
(105,	'PEON-74542',	'Create Expense account',	'Create Expense account',	1,	1,	1,	'',	1,	27,	140,	56,	'2020-08-20',	1,	NULL,	'2020-08-20 12:07:20',	1),
(106,	'PEON-8686',	'Read Expense account',	'Read Expense account',	1,	2,	1,	'',	1,	27,	141,	56,	'2020-08-20',	1,	NULL,	'2020-08-20 12:07:20',	1),
(107,	'PEON-86077',	'Update Expense account',	'Update Expense account',	1,	3,	1,	'',	1,	27,	142,	56,	'2020-08-20',	1,	NULL,	'2020-08-20 12:07:20',	1),
(108,	'PEON-58073',	'Delete Expense account',	'Delete Expense account',	1,	4,	1,	'',	1,	27,	143,	56,	'2020-08-20',	1,	NULL,	'2020-08-20 12:07:20',	1),
(109,	'PEON-1140',	'Create Financial report',	'Create Financial report',	1,	1,	1,	'',	1,	28,	144,	56,	'2020-08-20',	1,	NULL,	'2020-08-20 12:07:20',	1),
(110,	'PEON-75371',	'Read Financial report',	'Read Financial report',	1,	2,	1,	'',	1,	28,	145,	56,	'2020-08-20',	1,	NULL,	'2020-08-20 12:07:20',	1),
(111,	'PEON-63823',	'Update Financial report',	'Update Financial report',	1,	3,	1,	'',	1,	28,	146,	56,	'2020-08-20',	1,	NULL,	'2020-08-20 12:07:20',	1),
(112,	'PEON-63347',	'Delete Financial report',	'Delete Financial report',	1,	4,	1,	'',	1,	28,	147,	56,	'2020-08-20',	1,	NULL,	'2020-08-20 12:07:20',	1),
(113,	'PEON-3832',	'Create Funder',	'Create Funder',	1,	1,	1,	'',	1,	29,	148,	56,	'2020-08-20',	1,	NULL,	'2020-08-20 12:07:20',	1),
(114,	'PEON-76069',	'Read Funder',	'Read Funder',	1,	2,	1,	'',	1,	29,	149,	56,	'2020-08-20',	1,	NULL,	'2020-08-20 12:07:20',	1),
(115,	'PEON-56804',	'Update Funder',	'Update Funder',	1,	3,	1,	'',	1,	29,	150,	56,	'2020-08-20',	1,	NULL,	'2020-08-20 12:07:20',	1),
(116,	'PEON-11175',	'Delete Funder',	'Delete Funder',	1,	4,	1,	'',	1,	29,	151,	56,	'2020-08-20',	1,	NULL,	'2020-08-20 12:07:20',	1),
(117,	'PEON-9918',	'Create Funding status',	'Create Funding status',	1,	1,	1,	'',	1,	30,	152,	56,	'2020-08-20',	1,	NULL,	'2020-08-20 12:07:20',	1),
(118,	'PEON-11998',	'Read Funding status',	'Read Funding status',	1,	2,	1,	'',	1,	30,	153,	56,	'2020-08-20',	1,	NULL,	'2020-08-20 12:07:20',	1),
(119,	'PEON-60859',	'Update Funding status',	'Update Funding status',	1,	3,	1,	'',	1,	30,	154,	56,	'2020-08-20',	1,	NULL,	'2020-08-20 12:07:20',	1),
(120,	'PEON-11625',	'Delete Funding status',	'Delete Funding status',	1,	4,	1,	'',	1,	30,	155,	56,	'2020-08-20',	1,	NULL,	'2020-08-20 12:07:20',	1),
(121,	'PEON-81484',	'Create History',	'Create History',	1,	1,	1,	'',	1,	31,	156,	56,	'2020-08-20',	1,	NULL,	'2020-08-20 12:07:20',	1),
(122,	'PEON-50550',	'Read History',	'Read History',	1,	2,	1,	'',	1,	31,	157,	56,	'2020-08-20',	1,	NULL,	'2020-08-20 12:07:20',	1),
(123,	'PEON-12139',	'Update History',	'Update History',	1,	3,	1,	'',	1,	31,	158,	56,	'2020-08-20',	1,	NULL,	'2020-08-20 12:07:20',	1),
(124,	'PEON-37357',	'Delete History',	'Delete History',	1,	4,	1,	'',	1,	31,	159,	56,	'2020-08-20',	1,	NULL,	'2020-08-20 12:07:20',	1),
(125,	'PEON-11513',	'Create Income account',	'Create Income account',	1,	1,	1,	'',	1,	32,	160,	56,	'2020-08-20',	1,	NULL,	'2020-08-20 12:07:20',	1),
(126,	'PEON-67933',	'Read Income account',	'Read Income account',	1,	2,	1,	'',	1,	32,	161,	56,	'2020-08-20',	1,	NULL,	'2020-08-20 12:07:20',	1),
(127,	'PEON-51757',	'Update Income account',	'Update Income account',	1,	3,	1,	'',	1,	32,	162,	56,	'2020-08-20',	1,	NULL,	'2020-08-20 12:07:20',	1),
(128,	'PEON-66282',	'Delete Income account',	'Delete Income account',	1,	4,	1,	'',	1,	32,	163,	56,	'2020-08-20',	1,	NULL,	'2020-08-20 12:07:20',	1),
(129,	'PEON-82227',	'Create Journal',	'Create Journal',	1,	1,	1,	'',	1,	33,	164,	56,	'2020-08-20',	1,	NULL,	'2020-08-20 12:07:20',	1),
(130,	'PEON-54385',	'Read Journal',	'Read Journal',	1,	2,	1,	'',	1,	33,	165,	56,	'2020-08-20',	1,	NULL,	'2020-08-20 12:07:20',	1),
(131,	'PEON-66400',	'Update Journal',	'Update Journal',	1,	3,	1,	'',	1,	33,	166,	56,	'2020-08-20',	1,	NULL,	'2020-08-20 12:07:20',	1),
(132,	'PEON-54206',	'Delete Journal',	'Delete Journal',	1,	4,	1,	'',	1,	33,	167,	56,	'2020-08-20',	1,	NULL,	'2020-08-20 12:07:20',	1),
(133,	'PEON-40943',	'Create Language',	'Create Language',	1,	1,	1,	'',	1,	34,	168,	56,	'2020-08-20',	1,	NULL,	'2020-08-20 12:07:20',	1),
(134,	'PEON-10483',	'Read Language',	'Read Language',	1,	2,	1,	'',	1,	34,	169,	56,	'2020-08-20',	1,	NULL,	'2020-08-20 12:07:20',	1),
(135,	'PEON-34112',	'Update Language',	'Update Language',	1,	3,	1,	'',	1,	34,	170,	56,	'2020-08-20',	1,	NULL,	'2020-08-20 12:07:20',	1),
(136,	'PEON-38641',	'Delete Language',	'Delete Language',	1,	4,	1,	'',	1,	34,	171,	56,	'2020-08-20',	1,	NULL,	'2020-08-20 12:07:20',	1),
(137,	'PEON-8313',	'Create Language phrase',	'Create Language phrase',	1,	1,	1,	'',	1,	35,	172,	56,	'2020-08-20',	1,	NULL,	'2020-08-20 12:07:20',	1),
(138,	'PEON-14068',	'Read Language phrase',	'Read Language phrase',	1,	2,	1,	'',	1,	35,	173,	56,	'2020-08-20',	1,	NULL,	'2020-08-20 12:07:20',	1),
(139,	'PEON-16574',	'Update Language phrase',	'Update Language phrase',	1,	3,	1,	'',	1,	35,	174,	56,	'2020-08-20',	1,	NULL,	'2020-08-20 12:07:20',	1),
(140,	'PEON-56866',	'Delete Language phrase',	'Delete Language phrase',	1,	4,	1,	'',	1,	35,	175,	56,	'2020-08-20',	1,	NULL,	'2020-08-20 12:07:20',	1),
(141,	'PEON-88049',	'Create Menu user order',	'Create Menu user order',	1,	1,	1,	'',	1,	36,	176,	56,	'2020-08-20',	1,	NULL,	'2020-08-20 12:07:20',	1),
(142,	'PEON-1462',	'Read Menu user order',	'Read Menu user order',	1,	2,	1,	'',	1,	36,	177,	56,	'2020-08-20',	1,	NULL,	'2020-08-20 12:07:20',	1),
(143,	'PEON-63600',	'Update Menu user order',	'Update Menu user order',	1,	3,	1,	'',	1,	36,	178,	56,	'2020-08-20',	1,	NULL,	'2020-08-20 12:07:20',	1),
(144,	'PEON-36924',	'Delete Menu user order',	'Delete Menu user order',	1,	4,	1,	'',	1,	36,	179,	56,	'2020-08-20',	1,	NULL,	'2020-08-20 12:07:20',	1),
(145,	'PEON-7657',	'Create Month',	'Create Month',	1,	1,	1,	'',	1,	37,	180,	56,	'2020-08-20',	1,	NULL,	'2020-08-20 12:07:20',	1),
(146,	'PEON-28030',	'Read Month',	'Read Month',	1,	2,	1,	'',	1,	37,	181,	56,	'2020-08-20',	1,	NULL,	'2020-08-20 12:07:20',	1),
(147,	'PEON-36025',	'Update Month',	'Update Month',	1,	3,	1,	'',	1,	37,	182,	56,	'2020-08-20',	1,	NULL,	'2020-08-20 12:07:20',	1),
(148,	'PEON-84970',	'Delete Month',	'Delete Month',	1,	4,	1,	'',	1,	37,	183,	56,	'2020-08-20',	1,	NULL,	'2020-08-20 12:07:20',	1),
(149,	'PEON-84547',	'Create Office',	'Create Office',	1,	1,	1,	'',	1,	38,	184,	56,	'2020-08-20',	1,	NULL,	'2020-08-20 12:07:20',	1),
(150,	'PEON-74582',	'Read Office',	'Read Office',	1,	2,	1,	'',	1,	38,	185,	56,	'2020-08-20',	1,	NULL,	'2020-08-20 12:07:20',	1),
(151,	'PEON-34348',	'Update Office',	'Update Office',	1,	3,	1,	'',	1,	38,	186,	56,	'2020-08-20',	1,	NULL,	'2020-08-20 12:07:20',	1),
(152,	'PEON-55438',	'Delete Office',	'Delete Office',	1,	4,	1,	'',	1,	38,	187,	56,	'2020-08-20',	1,	NULL,	'2020-08-20 12:07:20',	1),
(153,	'PEON-88420',	'Create Office bank',	'Create Office bank',	1,	1,	1,	'',	1,	39,	188,	56,	'2020-08-20',	1,	NULL,	'2020-08-20 12:07:20',	1),
(154,	'PEON-33066',	'Read Office bank',	'Read Office bank',	1,	2,	1,	'',	1,	39,	189,	56,	'2020-08-20',	1,	NULL,	'2020-08-20 12:07:20',	1),
(155,	'PEON-51169',	'Update Office bank',	'Update Office bank',	1,	3,	1,	'',	1,	39,	190,	56,	'2020-08-20',	1,	NULL,	'2020-08-20 12:07:20',	1),
(156,	'PEON-77705',	'Delete Office bank',	'Delete Office bank',	1,	4,	1,	'',	1,	39,	191,	56,	'2020-08-20',	1,	NULL,	'2020-08-20 12:07:20',	1),
(157,	'PEON-69861',	'Create Office bank project allocation',	'Create Office bank project allocation',	1,	1,	1,	'',	1,	40,	192,	56,	'2020-08-20',	1,	NULL,	'2020-08-20 12:07:20',	1),
(158,	'PEON-76066',	'Read Office bank project allocation',	'Read Office bank project allocation',	1,	2,	1,	'',	1,	40,	193,	56,	'2020-08-20',	1,	NULL,	'2020-08-20 12:07:20',	1),
(159,	'PEON-6796',	'Update Office bank project allocation',	'Update Office bank project allocation',	1,	3,	1,	'',	1,	40,	194,	56,	'2020-08-20',	1,	NULL,	'2020-08-20 12:07:20',	1),
(160,	'PEON-56643',	'Delete Office bank project allocation',	'Delete Office bank project allocation',	1,	4,	1,	'',	1,	40,	195,	56,	'2020-08-20',	1,	NULL,	'2020-08-20 12:07:20',	1),
(161,	'PEON-1255',	'Create Office cash',	'Create Office cash',	1,	1,	1,	'',	1,	41,	196,	56,	'2020-08-20',	1,	NULL,	'2020-08-20 12:07:20',	1),
(162,	'PEON-17016',	'Read Office cash',	'Read Office cash',	1,	2,	1,	'',	1,	41,	197,	56,	'2020-08-20',	1,	NULL,	'2020-08-20 12:07:20',	1),
(163,	'PEON-44060',	'Update Office cash',	'Update Office cash',	1,	3,	1,	'',	1,	41,	198,	56,	'2020-08-20',	1,	NULL,	'2020-08-20 12:07:20',	1),
(164,	'PEON-19787',	'Delete Office cash',	'Delete Office cash',	1,	4,	1,	'',	1,	41,	199,	56,	'2020-08-20',	1,	NULL,	'2020-08-20 12:07:20',	1),
(165,	'PEON-28148',	'Create Opening bank balance',	'Create Opening bank balance',	1,	1,	1,	'',	1,	42,	200,	56,	'2020-08-20',	1,	NULL,	'2020-08-20 12:07:20',	1),
(166,	'PEON-85925',	'Read Opening bank balance',	'Read Opening bank balance',	1,	2,	1,	'',	1,	42,	201,	56,	'2020-08-20',	1,	NULL,	'2020-08-20 12:07:20',	1),
(167,	'PEON-60464',	'Update Opening bank balance',	'Update Opening bank balance',	1,	3,	1,	'',	1,	42,	202,	56,	'2020-08-20',	1,	NULL,	'2020-08-20 12:07:20',	1),
(168,	'PEON-29696',	'Delete Opening bank balance',	'Delete Opening bank balance',	1,	4,	1,	'',	1,	42,	203,	56,	'2020-08-20',	1,	NULL,	'2020-08-20 12:07:20',	1),
(169,	'PEON-51618',	'Create Page view',	'Create Page view',	1,	1,	1,	'',	1,	43,	204,	56,	'2020-08-20',	1,	NULL,	'2020-08-20 12:07:20',	1),
(170,	'PEON-18922',	'Read Page view',	'Read Page view',	1,	2,	1,	'',	1,	43,	205,	56,	'2020-08-20',	1,	NULL,	'2020-08-20 12:07:20',	1),
(171,	'PEON-63160',	'Update Page view',	'Update Page view',	1,	3,	1,	'',	1,	43,	206,	56,	'2020-08-20',	1,	NULL,	'2020-08-20 12:07:20',	1),
(172,	'PEON-67247',	'Delete Page view',	'Delete Page view',	1,	4,	1,	'',	1,	43,	207,	56,	'2020-08-20',	1,	NULL,	'2020-08-20 12:07:20',	1),
(173,	'PEON-41714',	'Create Permission label',	'Create Permission label',	1,	1,	1,	'',	1,	44,	208,	56,	'2020-08-20',	1,	NULL,	'2020-08-20 12:07:20',	1),
(174,	'PEON-10290',	'Read Permission label',	'Read Permission label',	1,	2,	1,	'',	1,	44,	209,	56,	'2020-08-20',	1,	NULL,	'2020-08-20 12:07:20',	1),
(175,	'PEON-38796',	'Update Permission label',	'Update Permission label',	1,	3,	1,	'',	1,	44,	210,	56,	'2020-08-20',	1,	NULL,	'2020-08-20 12:07:20',	1),
(176,	'PEON-32883',	'Delete Permission label',	'Delete Permission label',	1,	4,	1,	'',	1,	44,	211,	56,	'2020-08-20',	1,	NULL,	'2020-08-20 12:07:20',	1),
(177,	'PEON-65968',	'Create Project',	'Create Project',	1,	1,	1,	'',	1,	45,	212,	56,	'2020-08-20',	1,	NULL,	'2020-08-20 12:07:20',	1),
(178,	'PEON-46270',	'Read Project',	'Read Project',	1,	2,	1,	'',	1,	45,	213,	56,	'2020-08-20',	1,	NULL,	'2020-08-20 12:07:20',	1),
(179,	'PEON-86682',	'Update Project',	'Update Project',	1,	3,	1,	'',	1,	45,	214,	56,	'2020-08-20',	1,	NULL,	'2020-08-20 12:07:20',	1),
(180,	'PEON-12066',	'Delete Project',	'Delete Project',	1,	4,	1,	'',	1,	45,	215,	56,	'2020-08-20',	1,	NULL,	'2020-08-20 12:07:20',	1),
(181,	'PEON-63355',	'Create Project allocation',	'Create Project allocation',	1,	1,	1,	'',	1,	46,	216,	56,	'2020-08-20',	1,	NULL,	'2020-08-20 12:07:20',	1),
(182,	'PEON-42751',	'Read Project allocation',	'Read Project allocation',	1,	2,	1,	'',	1,	46,	217,	56,	'2020-08-20',	1,	NULL,	'2020-08-20 12:07:20',	1),
(183,	'PEON-4919',	'Update Project allocation',	'Update Project allocation',	1,	3,	1,	'',	1,	46,	218,	56,	'2020-08-20',	1,	NULL,	'2020-08-20 12:07:20',	1),
(184,	'PEON-38329',	'Delete Project allocation',	'Delete Project allocation',	1,	4,	1,	'',	1,	46,	219,	56,	'2020-08-20',	1,	NULL,	'2020-08-20 12:07:20',	1),
(185,	'PEON-63323',	'Create Project cost proportion',	'Create Project cost proportion',	1,	1,	1,	'',	1,	47,	220,	56,	'2020-08-20',	1,	NULL,	'2020-08-20 12:07:20',	1),
(186,	'PEON-11022',	'Read Project cost proportion',	'Read Project cost proportion',	1,	2,	1,	'',	1,	47,	221,	56,	'2020-08-20',	1,	NULL,	'2020-08-20 12:07:20',	1),
(187,	'PEON-26333',	'Update Project cost proportion',	'Update Project cost proportion',	1,	3,	1,	'',	1,	47,	222,	56,	'2020-08-20',	1,	NULL,	'2020-08-20 12:07:20',	1),
(188,	'PEON-11041',	'Delete Project cost proportion',	'Delete Project cost proportion',	1,	4,	1,	'',	1,	47,	223,	56,	'2020-08-20',	1,	NULL,	'2020-08-20 12:07:20',	1),
(189,	'PEON-86654',	'Create Project income account',	'Create Project income account',	1,	1,	1,	'',	1,	48,	224,	56,	'2020-08-20',	1,	NULL,	'2020-08-20 12:07:20',	1),
(190,	'PEON-21777',	'Read Project income account',	'Read Project income account',	1,	2,	1,	'',	1,	48,	225,	56,	'2020-08-20',	1,	NULL,	'2020-08-20 12:07:20',	1),
(191,	'PEON-31338',	'Update Project income account',	'Update Project income account',	1,	3,	1,	'',	1,	48,	226,	56,	'2020-08-20',	1,	NULL,	'2020-08-20 12:07:20',	1),
(192,	'PEON-20031',	'Delete Project income account',	'Delete Project income account',	1,	4,	1,	'',	1,	48,	227,	56,	'2020-08-20',	1,	NULL,	'2020-08-20 12:07:20',	1),
(193,	'PEON-31958',	'Create Request',	'Create Request',	1,	1,	1,	'',	1,	49,	228,	56,	'2020-08-20',	1,	NULL,	'2020-08-20 12:07:20',	1),
(194,	'PEON-40351',	'Read Request',	'Read Request',	1,	2,	1,	'',	1,	49,	229,	56,	'2020-08-20',	1,	NULL,	'2020-08-20 12:07:20',	1),
(195,	'PEON-10865',	'Update Request',	'Update Request',	1,	3,	1,	'',	1,	49,	230,	56,	'2020-08-20',	1,	NULL,	'2020-08-20 12:07:20',	1),
(196,	'PEON-16577',	'Delete Request',	'Delete Request',	1,	4,	1,	'',	1,	49,	231,	56,	'2020-08-20',	1,	NULL,	'2020-08-20 12:07:20',	1),
(197,	'PEON-23928',	'Create Request conversion',	'Create Request conversion',	1,	1,	1,	'',	1,	50,	232,	56,	'2020-08-20',	1,	NULL,	'2020-08-20 12:07:21',	1),
(198,	'PEON-6052',	'Read Request conversion',	'Read Request conversion',	1,	2,	1,	'',	1,	50,	233,	56,	'2020-08-20',	1,	NULL,	'2020-08-20 12:07:21',	1),
(199,	'PEON-61154',	'Update Request conversion',	'Update Request conversion',	1,	3,	1,	'',	1,	50,	234,	56,	'2020-08-20',	1,	NULL,	'2020-08-20 12:07:21',	1),
(200,	'PEON-17472',	'Delete Request conversion',	'Delete Request conversion',	1,	4,	1,	'',	1,	50,	235,	56,	'2020-08-20',	1,	NULL,	'2020-08-20 12:07:21',	1),
(201,	'PEON-61590',	'Create Request type',	'Create Request type',	1,	1,	1,	'',	1,	51,	236,	56,	'2020-08-20',	1,	NULL,	'2020-08-20 12:07:21',	1),
(202,	'PEON-60408',	'Read Request type',	'Read Request type',	1,	2,	1,	'',	1,	51,	237,	56,	'2020-08-20',	1,	NULL,	'2020-08-20 12:07:21',	1),
(203,	'PEON-86422',	'Update Request type',	'Update Request type',	1,	3,	1,	'',	1,	51,	238,	56,	'2020-08-20',	1,	NULL,	'2020-08-20 12:07:21',	1),
(204,	'PEON-59301',	'Delete Request type',	'Delete Request type',	1,	4,	1,	'',	1,	51,	239,	56,	'2020-08-20',	1,	NULL,	'2020-08-20 12:07:21',	1),
(205,	'PEON-54098',	'Create Role',	'Create Role',	1,	1,	1,	'',	1,	52,	240,	56,	'2020-08-20',	1,	NULL,	'2020-08-20 12:07:21',	1),
(206,	'PEON-46615',	'Read Role',	'Read Role',	1,	2,	1,	'',	1,	52,	241,	56,	'2020-08-20',	1,	NULL,	'2020-08-20 12:07:21',	1),
(207,	'PEON-26675',	'Update Role',	'Update Role',	1,	3,	1,	'',	1,	52,	242,	56,	'2020-08-20',	1,	NULL,	'2020-08-20 12:07:21',	1),
(208,	'PEON-77609',	'Delete Role',	'Delete Role',	1,	4,	1,	'',	1,	52,	243,	56,	'2020-08-20',	1,	NULL,	'2020-08-20 12:07:21',	1),
(209,	'PEON-62298',	'Create Setting',	'Create Setting',	1,	1,	1,	'',	1,	53,	244,	56,	'2020-08-20',	1,	NULL,	'2020-08-20 12:07:21',	1),
(210,	'PEON-8940',	'Read Setting',	'Read Setting',	1,	2,	1,	'',	1,	53,	245,	56,	'2020-08-20',	1,	NULL,	'2020-08-20 12:07:21',	1),
(211,	'PEON-45242',	'Update Setting',	'Update Setting',	1,	3,	1,	'',	1,	53,	246,	56,	'2020-08-20',	1,	NULL,	'2020-08-20 12:07:21',	1),
(212,	'PEON-13521',	'Delete Setting',	'Delete Setting',	1,	4,	1,	'',	1,	53,	247,	56,	'2020-08-20',	1,	NULL,	'2020-08-20 12:07:21',	1),
(213,	'PEON-67281',	'Create System opening balance',	'Create System opening balance',	1,	1,	1,	'',	1,	54,	248,	56,	'2020-08-20',	1,	NULL,	'2020-08-20 12:07:21',	1),
(214,	'PEON-42603',	'Read System opening balance',	'Read System opening balance',	1,	2,	1,	'',	1,	54,	249,	56,	'2020-08-20',	1,	NULL,	'2020-08-20 12:07:21',	1),
(215,	'PEON-32490',	'Update System opening balance',	'Update System opening balance',	1,	3,	1,	'',	1,	54,	250,	56,	'2020-08-20',	1,	NULL,	'2020-08-20 12:07:21',	1),
(216,	'PEON-1666',	'Delete System opening balance',	'Delete System opening balance',	1,	4,	1,	'',	1,	54,	251,	56,	'2020-08-20',	1,	NULL,	'2020-08-20 12:07:21',	1),
(217,	'PEON-14752',	'Create Translation',	'Create Translation',	1,	1,	1,	'',	1,	55,	252,	56,	'2020-08-20',	1,	NULL,	'2020-08-20 12:07:21',	1),
(218,	'PEON-37252',	'Read Translation',	'Read Translation',	1,	2,	1,	'',	1,	55,	253,	56,	'2020-08-20',	1,	NULL,	'2020-08-20 12:07:21',	1),
(219,	'PEON-14364',	'Update Translation',	'Update Translation',	1,	3,	1,	'',	1,	55,	254,	56,	'2020-08-20',	1,	NULL,	'2020-08-20 12:07:21',	1),
(220,	'PEON-5708',	'Delete Translation',	'Delete Translation',	1,	4,	1,	'',	1,	55,	255,	56,	'2020-08-20',	1,	NULL,	'2020-08-20 12:07:21',	1),
(221,	'PEON-89150',	'Create User',	'Create User',	1,	1,	1,	'',	1,	56,	256,	56,	'2020-08-20',	1,	NULL,	'2020-08-20 12:07:21',	1),
(222,	'PEON-20122',	'Read User',	'Read User',	1,	2,	1,	'',	1,	56,	257,	56,	'2020-08-20',	1,	NULL,	'2020-08-20 12:07:21',	1),
(223,	'PEON-50606',	'Update User',	'Update User',	1,	3,	1,	'',	1,	56,	258,	56,	'2020-08-20',	1,	NULL,	'2020-08-20 12:07:21',	1),
(224,	'PEON-82444',	'Delete User',	'Delete User',	1,	4,	1,	'',	1,	56,	259,	56,	'2020-08-20',	1,	NULL,	'2020-08-20 12:07:21',	1),
(225,	'PEON-36220',	'Create Variance note',	'Create Variance note',	1,	1,	1,	'',	1,	57,	260,	56,	'2020-08-20',	1,	NULL,	'2020-08-20 12:07:21',	1),
(226,	'PEON-47997',	'Read Variance note',	'Read Variance note',	1,	2,	1,	'',	1,	57,	261,	56,	'2020-08-20',	1,	NULL,	'2020-08-20 12:07:21',	1),
(227,	'PEON-52131',	'Update Variance note',	'Update Variance note',	1,	3,	1,	'',	1,	57,	262,	56,	'2020-08-20',	1,	NULL,	'2020-08-20 12:07:21',	1),
(228,	'PEON-46148',	'Delete Variance note',	'Delete Variance note',	1,	4,	1,	'',	1,	57,	263,	56,	'2020-08-20',	1,	NULL,	'2020-08-20 12:07:21',	1),
(229,	'PEON-63756',	'Create Voucher',	'Create Voucher',	1,	1,	1,	'',	0,	58,	264,	56,	'2020-08-20',	1,	NULL,	'2020-08-20 12:07:21',	1),
(230,	'PEON-37595',	'Read Voucher',	'Read Voucher',	1,	2,	1,	'',	0,	58,	265,	56,	'2020-08-20',	1,	NULL,	'2020-08-20 12:07:21',	1),
(231,	'PEON-12554',	'Update Voucher',	'Update Voucher',	1,	3,	1,	'',	0,	58,	266,	56,	'2020-08-20',	1,	NULL,	'2020-08-20 12:07:21',	1),
(232,	'PEON-61940',	'Delete Voucher',	'Delete Voucher',	1,	4,	1,	'',	1,	58,	267,	56,	'2020-08-20',	1,	NULL,	'2020-08-20 12:07:21',	1),
(233,	'PEON-3111',	'Create Voucher type',	'Create Voucher type',	1,	1,	1,	'',	1,	59,	268,	56,	'2020-08-20',	1,	NULL,	'2020-08-20 12:07:21',	1),
(234,	'PEON-46857',	'Read Voucher type',	'Read Voucher type',	1,	2,	1,	'',	1,	59,	269,	56,	'2020-08-20',	1,	NULL,	'2020-08-20 12:07:21',	1),
(235,	'PEON-75018',	'Update Voucher type',	'Update Voucher type',	1,	3,	1,	'',	1,	59,	270,	56,	'2020-08-20',	1,	NULL,	'2020-08-20 12:07:21',	1),
(236,	'PEON-70725',	'Delete Voucher type',	'Delete Voucher type',	1,	4,	1,	'',	1,	59,	271,	56,	'2020-08-20',	1,	NULL,	'2020-08-20 12:07:21',	1),
(237,	'PEON-60878',	'Create Voucher type account',	'Create Voucher type account',	1,	1,	1,	'',	1,	60,	272,	56,	'2020-08-20',	1,	NULL,	'2020-08-20 12:07:21',	1),
(238,	'PEON-20929',	'Read Voucher type account',	'Read Voucher type account',	1,	2,	1,	'',	1,	60,	273,	56,	'2020-08-20',	1,	NULL,	'2020-08-20 12:07:21',	1),
(239,	'PEON-71826',	'Update Voucher type account',	'Update Voucher type account',	1,	3,	1,	'',	1,	60,	274,	56,	'2020-08-20',	1,	NULL,	'2020-08-20 12:07:21',	1),
(240,	'PEON-26866',	'Delete Voucher type account',	'Delete Voucher type account',	1,	4,	1,	'',	1,	60,	275,	56,	'2020-08-20',	1,	NULL,	'2020-08-20 12:07:21',	1),
(241,	'PEON-85928',	'Create Voucher type effect',	'Create Voucher type effect',	1,	1,	1,	'',	1,	61,	276,	56,	'2020-08-20',	1,	NULL,	'2020-08-20 12:07:21',	1),
(242,	'PEON-54168',	'Read Voucher type effect',	'Read Voucher type effect',	1,	2,	1,	'',	1,	61,	277,	56,	'2020-08-20',	1,	NULL,	'2020-08-20 12:07:21',	1),
(243,	'PEON-24920',	'Update Voucher type effect',	'Update Voucher type effect',	1,	3,	1,	'',	1,	61,	278,	56,	'2020-08-20',	1,	NULL,	'2020-08-20 12:07:21',	1),
(244,	'PEON-75936',	'Delete Voucher type effect',	'Delete Voucher type effect',	1,	4,	1,	'',	1,	61,	279,	56,	'2020-08-20',	1,	NULL,	'2020-08-20 12:07:21',	1),
(245,	'PEON-32374',	'Create Workplan',	'Create Workplan',	1,	1,	1,	'',	1,	62,	280,	56,	'2020-08-20',	1,	NULL,	'2020-08-20 12:07:21',	1),
(246,	'PEON-11975',	'Read Workplan',	'Read Workplan',	1,	2,	1,	'',	1,	62,	281,	56,	'2020-08-20',	1,	NULL,	'2020-08-20 12:07:21',	1),
(247,	'PEON-66342',	'Update Workplan',	'Update Workplan',	1,	3,	1,	'',	1,	62,	282,	56,	'2020-08-20',	1,	NULL,	'2020-08-20 12:07:21',	1),
(248,	'PEON-65332',	'Delete Workplan',	'Delete Workplan',	1,	4,	1,	'',	1,	62,	283,	56,	'2020-08-20',	1,	NULL,	'2020-08-20 12:07:21',	1),
(249,	'PEON-46359',	'Create Context region',	'Create Context region',	1,	1,	1,	'',	1,	0,	335,	56,	'2020-08-21',	1,	NULL,	'2020-08-21 09:28:43',	1),
(250,	'PEON-82154',	'Read Context region',	'Read Context region',	1,	2,	1,	'',	1,	0,	336,	56,	'2020-08-21',	1,	NULL,	'2020-08-21 09:28:43',	1),
(251,	'PEON-9279',	'Update Context region',	'Update Context region',	1,	3,	1,	'',	1,	0,	337,	56,	'2020-08-21',	1,	NULL,	'2020-08-21 09:28:43',	1),
(252,	'PEON-4954',	'Delete Context region',	'Delete Context region',	1,	4,	1,	'',	1,	0,	338,	56,	'2020-08-21',	1,	NULL,	'2020-08-21 09:28:43',	1),
(261,	'PEON-88092',	'Create Cheque book',	'Create Cheque book',	1,	1,	1,	'',	1,	65,	386,	56,	'2020-08-27',	1,	NULL,	'2020-08-27 14:52:13',	1),
(262,	'PEON-63846',	'Read Cheque book',	'Read Cheque book',	1,	2,	1,	'',	1,	65,	387,	56,	'2020-08-27',	1,	NULL,	'2020-08-27 14:52:13',	1),
(263,	'PEON-34592',	'Update Cheque book',	'Update Cheque book',	1,	3,	1,	'',	1,	65,	388,	56,	'2020-08-27',	1,	NULL,	'2020-08-27 14:52:13',	1),
(264,	'PEON-11847',	'Delete Cheque book',	'Delete Cheque book',	1,	4,	1,	'',	1,	65,	389,	56,	'2020-08-27',	1,	NULL,	'2020-08-27 14:52:13',	1),
(265,	'PEON-6520',	'Create Budget item detail',	'Create Budget item detail',	1,	1,	1,	'',	1,	66,	390,	56,	'2020-09-01',	1,	NULL,	'2020-09-01 13:34:40',	1),
(266,	'PEON-25043',	'Read Budget item detail',	'Read Budget item detail',	1,	2,	1,	'',	1,	66,	391,	56,	'2020-09-01',	1,	NULL,	'2020-09-01 13:34:40',	1),
(267,	'PEON-17038',	'Update Budget item detail',	'Update Budget item detail',	1,	3,	1,	'',	1,	66,	392,	56,	'2020-09-01',	1,	NULL,	'2020-09-01 13:34:40',	1),
(268,	'PEON-83158',	'Delete Budget item detail',	'Delete Budget item detail',	1,	4,	1,	'',	1,	66,	393,	56,	'2020-09-01',	1,	NULL,	'2020-09-01 13:34:40',	1),
(269,	'PEON-60673',	'Create Cheque book',	'Create Cheque book',	1,	1,	1,	'',	1,	67,	394,	56,	'2020-09-01',	1,	NULL,	'2020-09-01 13:34:40',	1),
(270,	'PEON-68269',	'Read Cheque book',	'Read Cheque book',	1,	2,	1,	'',	1,	67,	395,	56,	'2020-09-01',	1,	NULL,	'2020-09-01 13:34:40',	1),
(271,	'PEON-2867',	'Update Cheque book',	'Update Cheque book',	1,	3,	1,	'',	1,	67,	396,	56,	'2020-09-01',	1,	NULL,	'2020-09-01 13:34:40',	1),
(272,	'PEON-12413',	'Delete Cheque book',	'Delete Cheque book',	1,	4,	1,	'',	1,	67,	397,	56,	'2020-09-01',	1,	NULL,	'2020-09-01 13:34:40',	1),
(273,	'PEON-8621',	'Create Opening allocation balance',	'Create Opening allocation balance',	1,	1,	1,	'',	1,	68,	398,	56,	'2020-09-01',	1,	NULL,	'2020-09-01 13:34:41',	1),
(274,	'PEON-23839',	'Read Opening allocation balance',	'Read Opening allocation balance',	1,	2,	1,	'',	1,	68,	399,	56,	'2020-09-01',	1,	NULL,	'2020-09-01 13:34:41',	1),
(275,	'PEON-53244',	'Update Opening allocation balance',	'Update Opening allocation balance',	1,	3,	1,	'',	1,	68,	400,	56,	'2020-09-01',	1,	NULL,	'2020-09-01 13:34:41',	1),
(276,	'PEON-78653',	'Delete Opening allocation balance',	'Delete Opening allocation balance',	1,	4,	1,	'',	1,	68,	401,	56,	'2020-09-01',	1,	NULL,	'2020-09-01 13:34:41',	1),
(277,	'PEON-68586',	'Create Opening cash balance',	'Create Opening cash balance',	1,	1,	1,	'',	1,	69,	402,	56,	'2020-09-01',	1,	NULL,	'2020-09-01 13:34:41',	1),
(278,	'PEON-73487',	'Read Opening cash balance',	'Read Opening cash balance',	1,	2,	1,	'',	1,	69,	403,	56,	'2020-09-01',	1,	NULL,	'2020-09-01 13:34:41',	1),
(279,	'PEON-34917',	'Update Opening cash balance',	'Update Opening cash balance',	1,	3,	1,	'',	1,	69,	404,	56,	'2020-09-01',	1,	NULL,	'2020-09-01 13:34:41',	1),
(280,	'PEON-1073',	'Delete Opening cash balance',	'Delete Opening cash balance',	1,	4,	1,	'',	1,	69,	405,	56,	'2020-09-01',	1,	NULL,	'2020-09-01 13:34:41',	1),
(281,	'PEON-79071',	'Create Opening deposit transit',	'Create Opening deposit transit',	1,	1,	1,	'',	1,	70,	406,	56,	'2020-09-01',	1,	NULL,	'2020-09-01 13:34:41',	1),
(282,	'PEON-32524',	'Read Opening deposit transit',	'Read Opening deposit transit',	1,	2,	1,	'',	1,	70,	407,	56,	'2020-09-01',	1,	NULL,	'2020-09-01 13:34:41',	1),
(283,	'PEON-34503',	'Update Opening deposit transit',	'Update Opening deposit transit',	1,	3,	1,	'',	1,	70,	408,	56,	'2020-09-01',	1,	NULL,	'2020-09-01 13:34:41',	1),
(284,	'PEON-59648',	'Delete Opening deposit transit',	'Delete Opening deposit transit',	1,	4,	1,	'',	1,	70,	409,	56,	'2020-09-01',	1,	NULL,	'2020-09-01 13:34:41',	1),
(285,	'PEON-40200',	'Create Opening fund balance',	'Create Opening fund balance',	1,	1,	1,	'',	1,	71,	410,	56,	'2020-09-01',	1,	NULL,	'2020-09-01 13:34:41',	1),
(286,	'PEON-20214',	'Read Opening fund balance',	'Read Opening fund balance',	1,	2,	1,	'',	1,	71,	411,	56,	'2020-09-01',	1,	NULL,	'2020-09-01 13:34:41',	1),
(287,	'PEON-19884',	'Update Opening fund balance',	'Update Opening fund balance',	1,	3,	1,	'',	1,	71,	412,	56,	'2020-09-01',	1,	NULL,	'2020-09-01 13:34:41',	1),
(288,	'PEON-36169',	'Delete Opening fund balance',	'Delete Opening fund balance',	1,	4,	1,	'',	1,	71,	413,	56,	'2020-09-01',	1,	NULL,	'2020-09-01 13:34:41',	1),
(289,	'PEON-50896',	'Create Opening outstanding cheque',	'Create Opening outstanding cheque',	1,	1,	1,	'',	1,	72,	414,	56,	'2020-09-01',	1,	NULL,	'2020-09-01 13:34:41',	1),
(290,	'PEON-85078',	'Read Opening outstanding cheque',	'Read Opening outstanding cheque',	1,	2,	1,	'',	1,	72,	415,	56,	'2020-09-01',	1,	NULL,	'2020-09-01 13:34:41',	1),
(291,	'PEON-69537',	'Update Opening outstanding cheque',	'Update Opening outstanding cheque',	1,	3,	1,	'',	1,	72,	416,	56,	'2020-09-01',	1,	NULL,	'2020-09-01 13:34:41',	1),
(292,	'PEON-28175',	'Delete Opening outstanding cheque',	'Delete Opening outstanding cheque',	1,	4,	1,	'',	1,	72,	417,	56,	'2020-09-01',	1,	NULL,	'2020-09-01 13:34:41',	1),
(293,	'PEON-20047',	'Create Permission',	'Create Permission',	1,	1,	1,	'',	1,	73,	418,	56,	'2020-09-01',	1,	NULL,	'2020-09-01 13:34:41',	1),
(294,	'PEON-15139',	'Read Permission',	'Read Permission',	1,	2,	1,	'',	1,	73,	419,	56,	'2020-09-01',	1,	NULL,	'2020-09-01 13:34:41',	1),
(295,	'PEON-29630',	'Update Permission',	'Update Permission',	1,	3,	1,	'',	1,	73,	420,	56,	'2020-09-01',	1,	NULL,	'2020-09-01 13:34:41',	1),
(296,	'PEON-73385',	'Delete Permission',	'Delete Permission',	1,	4,	1,	'',	1,	73,	421,	56,	'2020-09-01',	1,	NULL,	'2020-09-01 13:34:41',	1),
(297,	'PEON-62203',	'Create Project allocation detail',	'Create Project allocation detail',	1,	1,	1,	'',	1,	74,	422,	56,	'2020-09-01',	1,	NULL,	'2020-09-01 13:34:41',	1),
(298,	'PEON-56106',	'Read Project allocation detail',	'Read Project allocation detail',	1,	2,	1,	'',	1,	74,	423,	56,	'2020-09-01',	1,	NULL,	'2020-09-01 13:34:41',	1),
(299,	'PEON-6956',	'Update Project allocation detail',	'Update Project allocation detail',	1,	3,	1,	'',	1,	74,	424,	56,	'2020-09-01',	1,	NULL,	'2020-09-01 13:34:41',	1),
(300,	'PEON-68686',	'Delete Project allocation detail',	'Delete Project allocation detail',	1,	4,	1,	'',	1,	74,	425,	56,	'2020-09-01',	1,	NULL,	'2020-09-01 13:34:41',	1),
(301,	'PEON-66022',	'Create Request detail',	'Create Request detail',	1,	1,	1,	'',	1,	75,	426,	56,	'2020-09-01',	1,	NULL,	'2020-09-01 13:34:41',	1),
(302,	'PEON-27777',	'Read Request detail',	'Read Request detail',	1,	2,	1,	'',	1,	75,	427,	56,	'2020-09-01',	1,	NULL,	'2020-09-01 13:34:41',	1),
(303,	'PEON-58491',	'Update Request detail',	'Update Request detail',	1,	3,	1,	'',	1,	75,	428,	56,	'2020-09-01',	1,	NULL,	'2020-09-01 13:34:41',	1),
(304,	'PEON-48502',	'Delete Request detail',	'Delete Request detail',	1,	4,	1,	'',	1,	75,	429,	56,	'2020-09-01',	1,	NULL,	'2020-09-01 13:34:41',	1),
(305,	'PEON-8384',	'Create Role permission',	'Create Role permission',	1,	1,	1,	'',	1,	76,	430,	56,	'2020-09-01',	1,	NULL,	'2020-09-01 13:34:41',	1),
(306,	'PEON-39408',	'Read Role permission',	'Read Role permission',	1,	2,	1,	'',	1,	76,	431,	56,	'2020-09-01',	1,	NULL,	'2020-09-01 13:34:41',	1),
(307,	'PEON-44258',	'Update Role permission',	'Update Role permission',	1,	3,	1,	'',	1,	76,	432,	56,	'2020-09-01',	1,	NULL,	'2020-09-01 13:34:41',	1),
(308,	'PEON-7071',	'Delete Role permission',	'Delete Role permission',	1,	4,	1,	'',	1,	76,	433,	56,	'2020-09-01',	1,	NULL,	'2020-09-01 13:34:41',	1),
(309,	'PEON-43452',	'Create Attachment',	'Create Attachment',	1,	1,	1,	'',	1,	77,	462,	56,	'2020-11-03',	1,	NULL,	'2020-11-03 08:32:26',	1),
(310,	'PEON-53228',	'Read Attachment',	'Read Attachment',	1,	2,	1,	'',	1,	77,	463,	56,	'2020-11-03',	1,	NULL,	'2020-11-03 08:32:26',	1),
(311,	'PEON-89704',	'Update Attachment',	'Update Attachment',	1,	3,	1,	'',	1,	77,	464,	56,	'2020-11-03',	1,	NULL,	'2020-11-03 08:32:26',	1),
(312,	'PEON-7221',	'Delete Attachment',	'Delete Attachment',	1,	4,	1,	'',	1,	77,	465,	56,	'2020-11-03',	1,	NULL,	'2020-11-03 08:32:26',	1),
(313,	'PEON-25575',	'Create Budget review count',	'Create Budget review count',	1,	1,	1,	'',	1,	78,	466,	56,	'2020-11-03',	1,	NULL,	'2020-11-03 08:32:26',	1),
(314,	'PEON-2590',	'Read Budget review count',	'Read Budget review count',	1,	2,	1,	'',	1,	78,	467,	56,	'2020-11-03',	1,	NULL,	'2020-11-03 08:32:26',	1),
(315,	'PEON-2089',	'Update Budget review count',	'Update Budget review count',	1,	3,	1,	'',	1,	78,	468,	56,	'2020-11-03',	1,	NULL,	'2020-11-03 08:32:26',	1),
(316,	'PEON-12362',	'Delete Budget review count',	'Delete Budget review count',	1,	4,	1,	'',	1,	78,	469,	56,	'2020-11-03',	1,	NULL,	'2020-11-03 08:32:26',	1),
(317,	'PEON-33645',	'Create Budget tag',	'Create Budget tag',	1,	1,	1,	'',	1,	79,	470,	56,	'2020-11-03',	1,	NULL,	'2020-11-03 08:32:26',	1),
(318,	'PEON-14803',	'Read Budget tag',	'Read Budget tag',	1,	2,	1,	'',	1,	79,	471,	56,	'2020-11-03',	1,	NULL,	'2020-11-03 08:32:26',	1),
(319,	'PEON-15429',	'Update Budget tag',	'Update Budget tag',	1,	3,	1,	'',	1,	79,	472,	56,	'2020-11-03',	1,	NULL,	'2020-11-03 08:32:26',	1),
(320,	'PEON-2492',	'Delete Budget tag',	'Delete Budget tag',	1,	4,	1,	'',	1,	79,	473,	56,	'2020-11-03',	1,	NULL,	'2020-11-03 08:32:26',	1),
(321,	'PEON-25086',	'Create Context region',	'Create Context region',	1,	1,	1,	'',	1,	80,	474,	56,	'2020-11-03',	1,	NULL,	'2020-11-03 08:32:26',	1),
(322,	'PEON-73514',	'Read Context region',	'Read Context region',	1,	2,	1,	'',	1,	80,	475,	56,	'2020-11-03',	1,	NULL,	'2020-11-03 08:32:26',	1),
(323,	'PEON-43913',	'Update Context region',	'Update Context region',	1,	3,	1,	'',	1,	80,	476,	56,	'2020-11-03',	1,	NULL,	'2020-11-03 08:32:27',	1),
(324,	'PEON-64662',	'Delete Context region',	'Delete Context region',	1,	4,	1,	'',	1,	80,	477,	56,	'2020-11-03',	1,	NULL,	'2020-11-03 08:32:27',	1),
(325,	'PEON-26713',	'Create Context region user',	'Create Context region user',	1,	1,	1,	'',	1,	81,	478,	56,	'2020-11-03',	1,	NULL,	'2020-11-03 08:32:27',	1),
(326,	'PEON-38210',	'Read Context region user',	'Read Context region user',	1,	2,	1,	'',	1,	81,	479,	56,	'2020-11-03',	1,	NULL,	'2020-11-03 08:32:27',	1),
(327,	'PEON-84349',	'Update Context region user',	'Update Context region user',	1,	3,	1,	'',	1,	81,	480,	56,	'2020-11-03',	1,	NULL,	'2020-11-03 08:32:27',	1),
(328,	'PEON-70001',	'Delete Context region user',	'Delete Context region user',	1,	4,	1,	'',	1,	81,	481,	56,	'2020-11-03',	1,	NULL,	'2020-11-03 08:32:27',	1),
(329,	'PEON-22879',	'Create Event',	'Create Event',	1,	1,	1,	'',	1,	82,	482,	56,	'2020-11-03',	1,	NULL,	'2020-11-03 08:32:27',	1),
(330,	'PEON-42908',	'Read Event',	'Read Event',	1,	2,	1,	'',	1,	82,	483,	56,	'2020-11-03',	1,	NULL,	'2020-11-03 08:32:27',	1),
(331,	'PEON-18951',	'Update Event',	'Update Event',	1,	3,	1,	'',	1,	82,	484,	56,	'2020-11-03',	1,	NULL,	'2020-11-03 08:32:27',	1),
(332,	'PEON-60989',	'Delete Event',	'Delete Event',	1,	4,	1,	'',	1,	82,	485,	56,	'2020-11-03',	1,	NULL,	'2020-11-03 08:32:27',	1),
(333,	'PEON-20594',	'Create Cash recipient account',	'Create Cash recipient account',	1,	1,	1,	'',	1,	89,	648,	0,	'2020-12-09',	1,	NULL,	'2020-12-09 10:13:56',	1),
(334,	'PEON-88812',	'Read Cash recipient account',	'Read Cash recipient account',	1,	2,	1,	'',	1,	89,	649,	0,	'2020-12-09',	1,	NULL,	'2020-12-09 10:13:56',	1),
(335,	'PEON-78087',	'Update Cash recipient account',	'Update Cash recipient account',	1,	3,	1,	'',	1,	89,	650,	0,	'2020-12-09',	1,	NULL,	'2020-12-09 10:13:56',	1),
(336,	'PEON-24769',	'Delete Cash recipient account',	'Delete Cash recipient account',	1,	4,	1,	'',	1,	89,	651,	0,	'2020-12-09',	1,	NULL,	'2020-12-09 10:13:56',	1),
(337,	'PEON-80603',	'Create Permission template',	'Create Permission template',	1,	1,	1,	'',	1,	90,	652,	0,	'2020-12-09',	1,	NULL,	'2020-12-09 10:13:57',	1),
(338,	'PEON-47766',	'Read Permission template',	'Read Permission template',	1,	2,	1,	'',	1,	90,	653,	0,	'2020-12-09',	1,	NULL,	'2020-12-09 10:13:57',	1),
(339,	'PEON-39198',	'Update Permission template',	'Update Permission template',	1,	3,	1,	'',	1,	90,	654,	0,	'2020-12-09',	1,	NULL,	'2020-12-09 10:13:57',	1),
(340,	'PEON-57061',	'Delete Permission template',	'Delete Permission template',	1,	4,	1,	'',	1,	90,	655,	0,	'2020-12-09',	1,	NULL,	'2020-12-09 10:13:57',	1),
(341,	'PEON-52979',	'Create Project request type',	'Create Project request type',	1,	1,	1,	'',	1,	91,	656,	0,	'2020-12-09',	1,	NULL,	'2020-12-09 10:13:57',	1),
(342,	'PEON-75137',	'Read Project request type',	'Read Project request type',	1,	2,	1,	'',	1,	91,	657,	0,	'2020-12-09',	1,	NULL,	'2020-12-09 10:13:57',	1),
(343,	'PEON-3599',	'Update Project request type',	'Update Project request type',	1,	3,	1,	'',	1,	91,	658,	0,	'2020-12-09',	1,	NULL,	'2020-12-09 10:13:57',	1),
(344,	'PEON-2162',	'Delete Project request type',	'Delete Project request type',	1,	4,	1,	'',	1,	91,	659,	0,	'2020-12-09',	1,	NULL,	'2020-12-09 10:13:57',	1),
(345,	'PEON-2546',	'Create Request type department',	'Create Request type department',	1,	1,	1,	'',	1,	92,	660,	0,	'2020-12-09',	1,	NULL,	'2020-12-09 10:13:57',	1),
(346,	'PEON-12281',	'Read Request type department',	'Read Request type department',	1,	2,	1,	'',	1,	92,	661,	0,	'2020-12-09',	1,	NULL,	'2020-12-09 10:13:57',	1),
(347,	'PEON-41410',	'Update Request type department',	'Update Request type department',	1,	3,	1,	'',	1,	92,	662,	0,	'2020-12-09',	1,	NULL,	'2020-12-09 10:13:57',	1),
(348,	'PEON-33921',	'Delete Request type department',	'Delete Request type department',	1,	4,	1,	'',	1,	92,	663,	0,	'2020-12-09',	1,	NULL,	'2020-12-09 10:13:57',	1),
(349,	'PEON-53923',	'Create Role group',	'Create Role group',	1,	1,	1,	'',	1,	93,	664,	0,	'2020-12-09',	1,	NULL,	'2020-12-09 10:13:57',	1),
(350,	'PEON-22049',	'Read Role group',	'Read Role group',	1,	2,	1,	'',	1,	93,	665,	0,	'2020-12-09',	1,	NULL,	'2020-12-09 10:13:57',	1),
(351,	'PEON-71544',	'Update Role group',	'Update Role group',	1,	3,	1,	'',	1,	93,	666,	0,	'2020-12-09',	1,	NULL,	'2020-12-09 10:13:57',	1),
(352,	'PEON-82537',	'Delete Role group',	'Delete Role group',	1,	4,	1,	'',	1,	93,	667,	0,	'2020-12-09',	1,	NULL,	'2020-12-09 10:13:57',	1),
(353,	'PEON-2734',	'Create Role group association',	'Create Role group association',	1,	1,	1,	'',	1,	94,	668,	0,	'2020-12-09',	1,	NULL,	'2020-12-09 10:13:57',	1),
(354,	'PEON-22383',	'Read Role group association',	'Read Role group association',	1,	2,	1,	'',	1,	94,	669,	0,	'2020-12-09',	1,	NULL,	'2020-12-09 10:13:57',	1),
(355,	'PEON-2568',	'Update Role group association',	'Update Role group association',	1,	3,	1,	'',	1,	94,	670,	0,	'2020-12-09',	1,	NULL,	'2020-12-09 10:13:57',	1),
(356,	'PEON-13249',	'Delete Role group association',	'Delete Role group association',	1,	4,	1,	'',	1,	94,	671,	0,	'2020-12-09',	1,	NULL,	'2020-12-09 10:13:57',	1),
(357,	'PEON-42948',	'Create Status',	'Create Status',	1,	1,	1,	'',	1,	95,	672,	0,	'2020-12-09',	1,	NULL,	'2020-12-09 10:13:57',	1),
(358,	'PEON-76288',	'Read Status',	'Read Status',	1,	2,	1,	'',	1,	95,	673,	0,	'2020-12-09',	1,	NULL,	'2020-12-09 10:13:57',	1),
(359,	'PEON-82525',	'Update Status',	'Update Status',	1,	3,	1,	'',	1,	95,	674,	0,	'2020-12-09',	1,	NULL,	'2020-12-09 10:13:57',	1),
(360,	'PEON-70200',	'Delete Status',	'Delete Status',	1,	4,	1,	'',	1,	95,	675,	0,	'2020-12-09',	1,	NULL,	'2020-12-09 10:13:57',	1),
(361,	'PEON-77695',	'Create Status role',	'Create Status role',	1,	1,	1,	'',	1,	96,	676,	0,	'2020-12-09',	1,	NULL,	'2020-12-09 10:13:58',	1),
(362,	'PEON-35809',	'Read Status role',	'Read Status role',	1,	2,	1,	'',	1,	96,	677,	0,	'2020-12-09',	1,	NULL,	'2020-12-09 10:13:58',	1),
(363,	'PEON-57287',	'Update Status role',	'Update Status role',	1,	3,	1,	'',	1,	96,	678,	0,	'2020-12-09',	1,	NULL,	'2020-12-09 10:13:58',	1),
(364,	'PEON-76236',	'Delete Status role',	'Delete Status role',	1,	4,	1,	'',	1,	96,	679,	0,	'2020-12-09',	1,	NULL,	'2020-12-09 10:13:58',	1),
(365,	'PEON-19496',	'Create Budget projection',	'Create Budget projection',	1,	1,	1,	'',	1,	97,	997,	0,	'2020-12-15',	12,	NULL,	'2020-12-15 04:10:36',	12),
(366,	'PEON-50199',	'Read Budget projection',	'Read Budget projection',	1,	2,	1,	'',	1,	97,	998,	0,	'2020-12-15',	12,	NULL,	'2020-12-15 04:10:36',	12),
(367,	'PEON-1307',	'Update Budget projection',	'Update Budget projection',	1,	3,	1,	'',	1,	97,	999,	0,	'2020-12-15',	12,	NULL,	'2020-12-15 04:10:36',	12),
(368,	'PEON-30320',	'Delete Budget projection',	'Delete Budget projection',	1,	4,	1,	'',	1,	97,	1000,	0,	'2020-12-15',	12,	NULL,	'2020-12-15 04:10:36',	12),
(369,	'PEON-51269',	'Create Budget projection income account',	'Create Budget projection income account',	1,	1,	1,	'',	1,	98,	1001,	0,	'2020-12-15',	12,	NULL,	'2020-12-15 04:10:37',	12),
(370,	'PEON-50923',	'Read Budget projection income account',	'Read Budget projection income account',	1,	2,	1,	'',	1,	98,	1002,	0,	'2020-12-15',	12,	NULL,	'2020-12-15 04:10:37',	12),
(371,	'PEON-48871',	'Update Budget projection income account',	'Update Budget projection income account',	1,	3,	1,	'',	1,	98,	1003,	0,	'2020-12-15',	12,	NULL,	'2020-12-15 04:10:37',	12),
(372,	'PEON-52055',	'Delete Budget projection income account',	'Delete Budget projection income account',	1,	4,	1,	'',	1,	98,	1004,	0,	'2020-12-15',	12,	NULL,	'2020-12-15 04:10:37',	12),
(373,	'PEON-84580',	'Create Office group',	'Create Office group',	1,	1,	1,	'',	1,	99,	1005,	0,	'2020-12-15',	12,	NULL,	'2020-12-15 04:10:37',	12),
(374,	'PEON-65806',	'Read Office group',	'Read Office group',	1,	2,	1,	'',	1,	99,	1006,	0,	'2020-12-15',	12,	NULL,	'2020-12-15 04:10:37',	12),
(375,	'PEON-1034',	'Update Office group',	'Update Office group',	1,	3,	1,	'',	1,	99,	1007,	0,	'2020-12-15',	12,	NULL,	'2020-12-15 04:10:37',	12),
(376,	'PEON-75748',	'Delete Office group',	'Delete Office group',	1,	4,	1,	'',	1,	99,	1008,	0,	'2020-12-15',	12,	NULL,	'2020-12-15 04:10:37',	12),
(377,	'PEON-35890',	'Create Office group association',	'Create Office group association',	1,	1,	1,	'',	1,	100,	1009,	0,	'2020-12-15',	12,	NULL,	'2020-12-15 04:10:37',	12),
(378,	'PEON-38672',	'Read Office group association',	'Read Office group association',	1,	2,	1,	'',	1,	100,	1010,	0,	'2020-12-15',	12,	NULL,	'2020-12-15 04:10:37',	12),
(379,	'PEON-47208',	'Update Office group association',	'Update Office group association',	1,	3,	1,	'',	1,	100,	1011,	0,	'2020-12-15',	12,	NULL,	'2020-12-15 04:10:37',	12),
(380,	'PEON-77169',	'Delete Office group association',	'Delete Office group association',	1,	4,	1,	'',	1,	100,	1012,	0,	'2020-12-15',	12,	NULL,	'2020-12-15 04:10:37',	12),
(381,	'PEON-18720',	'Create Cheque injection',	'Create Cheque injection',	1,	1,	1,	'',	1,	101,	3645,	0,	'2021-01-25',	1,	NULL,	'2021-01-25 07:17:17',	1),
(382,	'PEON-72262',	'Read Cheque injection',	'Read Cheque injection',	1,	2,	1,	'',	1,	101,	3646,	0,	'2021-01-25',	1,	NULL,	'2021-01-25 07:17:17',	1),
(383,	'PEON-72036',	'Update Cheque injection',	'Update Cheque injection',	1,	3,	1,	'',	1,	101,	3647,	0,	'2021-01-25',	1,	NULL,	'2021-01-25 07:17:17',	1),
(384,	'PEON-24503',	'Delete Cheque injection',	'Delete Cheque injection',	1,	4,	1,	'',	1,	101,	3648,	0,	'2021-01-25',	1,	NULL,	'2021-01-25 07:17:17',	1),
(385,	'PEON-53543',	'Create Expense account office association',	'Create Expense account office association',	1,	1,	1,	'',	1,	102,	3649,	0,	'2021-01-25',	1,	NULL,	'2021-01-25 07:17:18',	1),
(386,	'PEON-18226',	'Read Expense account office association',	'Read Expense account office association',	1,	2,	1,	'',	1,	102,	3650,	0,	'2021-01-25',	1,	NULL,	'2021-01-25 07:17:18',	1),
(387,	'PEON-57381',	'Update Expense account office association',	'Update Expense account office association',	1,	3,	1,	'',	1,	102,	3651,	0,	'2021-01-25',	1,	NULL,	'2021-01-25 07:17:18',	1),
(388,	'PEON-82555',	'Delete Expense account office association',	'Delete Expense account office association',	1,	4,	1,	'',	1,	102,	3652,	0,	'2021-01-25',	1,	NULL,	'2021-01-25 07:17:18',	1),
(389,	'PEON-24865',	'Create User switch',	'Create User switch',	1,	1,	1,	'',	1,	103,	3653,	0,	'2021-01-25',	1,	NULL,	'2021-01-25 07:17:18',	1),
(390,	'PEON-49037',	'Read User switch',	'Read User switch',	1,	2,	1,	'',	1,	103,	3654,	0,	'2021-01-25',	1,	NULL,	'2021-01-25 07:17:18',	1),
(391,	'PEON-14860',	'Update User switch',	'Update User switch',	1,	3,	1,	'',	1,	103,	3655,	0,	'2021-01-25',	1,	NULL,	'2021-01-25 07:17:18',	1),
(392,	'PEON-44445',	'Delete User switch',	'Delete User switch',	1,	4,	1,	'',	1,	103,	3656,	0,	'2021-01-25',	1,	NULL,	'2021-01-25 07:17:19',	1),
(393,	'PEON-79624',	'Create Account system setting',	'Create Account system setting',	1,	1,	1,	'',	1,	104,	3675,	0,	'2021-01-25',	1,	NULL,	'2021-01-25 10:27:27',	1),
(394,	'PEON-80081',	'Read Account system setting',	'Read Account system setting',	1,	2,	1,	'',	1,	104,	3676,	0,	'2021-01-25',	1,	NULL,	'2021-01-25 10:27:27',	1),
(395,	'PEON-4797',	'Update Account system setting',	'Update Account system setting',	1,	3,	1,	'',	1,	104,	3677,	0,	'2021-01-25',	1,	NULL,	'2021-01-25 10:27:27',	1),
(396,	'PEON-83893',	'Delete Account system setting',	'Delete Account system setting',	1,	4,	1,	'',	1,	104,	3678,	0,	'2021-01-25',	1,	NULL,	'2021-01-25 10:27:27',	1),
(397,	'PEON-44101',	'Create Voucher signatory',	'Create Voucher signatory',	1,	1,	1,	'',	1,	105,	3728,	0,	'2021-01-26',	1,	NULL,	'2021-01-26 08:27:47',	1),
(398,	'PEON-74041',	'Read Voucher signatory',	'Read Voucher signatory',	1,	2,	1,	'',	1,	105,	3729,	0,	'2021-01-26',	1,	NULL,	'2021-01-26 08:27:47',	1),
(399,	'PEON-64454',	'Update Voucher signatory',	'Update Voucher signatory',	1,	3,	1,	'',	1,	105,	3730,	0,	'2021-01-26',	1,	NULL,	'2021-01-26 08:27:47',	1),
(400,	'PEON-49646',	'Delete Voucher signatory',	'Delete Voucher signatory',	1,	4,	1,	'',	1,	105,	3731,	0,	'2021-01-26',	1,	NULL,	'2021-01-26 08:27:47',	1),
(401,	'PEON-87111',	'Create Budget limit',	'Create Budget limit',	1,	1,	1,	'',	1,	106,	3735,	0,	'2021-01-29',	1,	NULL,	'2021-01-29 06:18:58',	1),
(402,	'PEON-63854',	'Read Budget limit',	'Read Budget limit',	1,	2,	1,	'',	1,	106,	3736,	0,	'2021-01-29',	1,	NULL,	'2021-01-29 06:18:58',	1),
(403,	'PEON-40759',	'Update Budget limit',	'Update Budget limit',	1,	3,	1,	'',	1,	106,	3737,	0,	'2021-01-29',	1,	NULL,	'2021-01-29 06:18:58',	1),
(404,	'PEON-7984',	'Delete Budget limit',	'Delete Budget limit',	1,	4,	1,	'',	1,	106,	3738,	0,	'2021-01-29',	1,	NULL,	'2021-01-29 06:18:58',	1);

DROP TABLE IF EXISTS `permission_label`;
CREATE TABLE `permission_label` (
  `permission_label_id` int(100) NOT NULL AUTO_INCREMENT,
  `permission_label_track_number` varchar(100) NOT NULL,
  `permission_label_name` varchar(100) NOT NULL,
  `permission_label_description` varchar(100) NOT NULL,
  `permission_label_depth` int(10) NOT NULL,
  `fk_approval_id` int(100) NOT NULL,
  `fk_status_id` int(100) NOT NULL,
  `permission_label_created_date` date NOT NULL,
  `permission_label_created_by` int(100) NOT NULL,
  `permission_label_last_modified_date` timestamp NOT NULL DEFAULT CURRENT_TIMESTAMP,
  `permission_label_last_modified_by` int(100) NOT NULL,
  PRIMARY KEY (`permission_label_id`)
) ENGINE=InnoDB DEFAULT CHARSET=latin1;

INSERT INTO `permission_label` (`permission_label_id`, `permission_label_track_number`, `permission_label_name`, `permission_label_description`, `permission_label_depth`, `fk_approval_id`, `fk_status_id`, `permission_label_created_date`, `permission_label_created_by`, `permission_label_last_modified_date`, `permission_label_last_modified_by`) VALUES
(1,	'PEEL-66291',	'create',	'Label for create permissions',	2,	0,	0,	'2020-08-20',	1,	'2020-08-19 23:01:49',	1),
(2,	'PEEL-20970',	'read',	'Label for read permissions',	1,	0,	0,	'2020-08-20',	1,	'2020-08-19 23:01:49',	1),
(3,	'PEEL-53428',	'update',	'Label for update permissions',	3,	0,	0,	'2020-08-20',	1,	'2020-08-19 23:01:49',	1),
(4,	'PEEL-63230',	'delete',	'Label for delete permissions',	4,	0,	0,	'2020-08-20',	1,	'2020-08-19 23:01:49',	1);

DROP TABLE IF EXISTS `permission_template`;
CREATE TABLE `permission_template` (
  `permission_template_id` int(100) NOT NULL AUTO_INCREMENT,
  `permission_template_track_number` varchar(100) NOT NULL,
  `permission_template_name` varchar(100) NOT NULL,
  `fk_role_group_id` int(100) NOT NULL,
  `fk_permission_id` int(11) NOT NULL,
  `permission_template_created_date` date NOT NULL,
  `permission_template_created_by` int(100) NOT NULL,
  `permission_template_last_modified_date` timestamp NOT NULL DEFAULT CURRENT_TIMESTAMP,
  `permission_template_last_modified_by` int(100) NOT NULL,
  `fk_status_id` int(100) NOT NULL,
  `fk_approval_id` int(100) NOT NULL,
  PRIMARY KEY (`permission_template_id`),
  KEY `fk_role_group_id` (`fk_role_group_id`),
  KEY `fk_permission_id` (`fk_permission_id`),
  CONSTRAINT `permission_template_ibfk_2` FOREIGN KEY (`fk_role_group_id`) REFERENCES `role_group` (`role_group_id`),
  CONSTRAINT `permission_template_ibfk_3` FOREIGN KEY (`fk_permission_id`) REFERENCES `permission` (`permission_id`)
) ENGINE=InnoDB DEFAULT CHARSET=latin1;

INSERT INTO `permission_template` (`permission_template_id`, `permission_template_track_number`, `permission_template_name`, `fk_role_group_id`, `fk_permission_id`, `permission_template_created_date`, `permission_template_created_by`, `permission_template_last_modified_date`, `permission_template_last_modified_by`, `fk_status_id`, `fk_approval_id`) VALUES
(1,	'PETE-25888',	'Permission_template # PETE-25888',	1,	21,	'2020-12-15',	1,	'2020-12-15 03:47:15',	1,	212,	987),
(2,	'PETE-82463',	'Permission_template # PETE-82463',	1,	27,	'2020-12-15',	1,	'2020-12-15 03:47:15',	1,	212,	987),
(3,	'PETE-72260',	'Permission_template # PETE-72260',	2,	115,	'2020-12-15',	1,	'2020-12-15 07:47:27',	1,	212,	1193),
(4,	'PETE-52310',	'Permission_template # PETE-52310',	2,	179,	'2020-12-15',	1,	'2020-12-15 07:47:27',	1,	212,	1193),
(5,	'PETE-70533',	'Permission_template # PETE-70533',	3,	21,	'2020-12-15',	1,	'2020-12-15 08:41:28',	1,	212,	1240),
(6,	'PETE-13344',	'Permission_template # PETE-13344',	3,	27,	'2020-12-15',	1,	'2020-12-15 08:41:28',	1,	212,	1240),
(7,	'PETE-55565',	'Permission_template # PETE-55565',	3,	111,	'2020-12-15',	1,	'2020-12-15 08:41:28',	1,	212,	1240),
(8,	'PETE-39976',	'Permission_template # PETE-39976',	3,	231,	'2020-12-15',	1,	'2020-12-15 08:41:28',	1,	212,	1240),
(9,	'PETE-15247',	'Permission_template # PETE-15247',	4,	131,	'2020-12-15',	1,	'2020-12-15 13:38:48',	1,	212,	2676),
(10,	'PETE-74258',	'Permission_template # PETE-74258',	4,	231,	'2020-12-15',	1,	'2020-12-15 13:38:48',	1,	212,	2676),
(11,	'PETE-86974',	'Permission_template # PETE-86974',	4,	263,	'2020-12-15',	1,	'2020-12-15 13:38:48',	1,	212,	2676),
(12,	'PETE-48231',	'Permission_template # PETE-48231',	4,	271,	'2020-12-15',	1,	'2020-12-15 13:38:48',	1,	212,	2676),
(13,	'PETE-55732',	'Permission_template # PETE-55732',	3,	263,	'2020-12-15',	1,	'2020-12-15 15:07:45',	1,	212,	1240),
(14,	'PETE-28299',	'Permission_template # PETE-28299',	3,	271,	'2020-12-15',	1,	'2020-12-15 15:07:45',	1,	212,	1240),
(15,	'PETE-13367',	'Permission_template # PETE-13367',	1,	131,	'2020-12-16',	1,	'2020-12-16 05:08:35',	1,	212,	987),
(16,	'PETE-7989',	'Permission_template # PETE-7989',	1,	231,	'2020-12-16',	1,	'2020-12-16 05:08:35',	1,	212,	987),
(17,	'PETE-77743',	'Permission_template # PETE-77743',	1,	263,	'2020-12-16',	1,	'2020-12-16 05:08:35',	1,	212,	987),
(18,	'PETE-80595',	'Permission_template # PETE-80595',	1,	271,	'2020-12-16',	1,	'2020-12-16 05:08:35',	1,	212,	987),
(19,	'PETE-55620',	'Permission_template # PETE-55620',	4,	111,	'2020-12-16',	1,	'2020-12-16 12:58:14',	1,	212,	2676),
(20,	'PETE-79652',	'Permission_template # PETE-79652',	1,	111,	'2020-12-17',	1,	'2020-12-17 03:40:26',	1,	212,	987),
(21,	'PETE-3775',	'Permission_template # PETE-3775',	2,	22,	'2021-01-07',	1,	'2021-01-07 07:12:32',	1,	212,	1193),
(22,	'PETE-5020',	'Permission_template # PETE-5020',	2,	27,	'2021-01-07',	1,	'2021-01-07 07:12:32',	1,	212,	1193),
(23,	'PETE-80576',	'Permission_template # PETE-80576',	2,	375,	'2021-01-25',	1,	'2021-01-25 07:19:08',	1,	212,	1193),
(24,	'PETE-83163',	'Permission_template # PETE-83163',	2,	379,	'2021-01-25',	1,	'2021-01-25 07:19:08',	1,	212,	1193),
(25,	'PETE-50134',	'Permission_template # PETE-50134',	2,	387,	'2021-01-25',	1,	'2021-01-25 07:19:08',	1,	212,	1193),
(26,	'PETE-77541',	'Permission_template # PETE-77541',	2,	383,	'2021-01-25',	1,	'2021-01-25 12:43:54',	1,	212,	1193),
(27,	'PETE-50475',	'Permission_template # PETE-50475',	2,	399,	'2021-01-28',	1,	'2021-01-28 09:57:39',	1,	212,	1193);

DROP TABLE IF EXISTS `project`;
CREATE TABLE `project` (
  `project_id` int(100) NOT NULL AUTO_INCREMENT,
  `project_track_number` varchar(100) DEFAULT NULL,
  `project_name` varchar(100) DEFAULT NULL,
  `project_code` varchar(10) NOT NULL,
  `project_description` longtext,
  `project_start_date` date NOT NULL,
  `project_end_date` date DEFAULT '0000-00-00',
  `fk_funder_id` int(100) NOT NULL,
  `project_cost` double(10,2) DEFAULT '0.00',
  `fk_funding_status_id` int(100) DEFAULT NULL,
  `project_is_default` int(5) DEFAULT '0',
  `project_created_by` int(100) NOT NULL,
  `project_last_modified_by` int(100) NOT NULL,
  `project_created_date` date NOT NULL,
  `project_last_modified_date` date NOT NULL,
  `fk_approval_id` int(100) DEFAULT NULL,
  `fk_status_id` int(100) DEFAULT NULL,
  PRIMARY KEY (`project_id`),
  KEY `fk_funder_id` (`fk_funder_id`),
  KEY `fk_funding_status_id` (`fk_funding_status_id`),
  CONSTRAINT `project_ibfk_2` FOREIGN KEY (`fk_funder_id`) REFERENCES `funder` (`funder_id`),
  CONSTRAINT `project_ibfk_3` FOREIGN KEY (`fk_funding_status_id`) REFERENCES `funding_status` (`funding_status_id`)
) ENGINE=InnoDB DEFAULT CHARSET=latin1 COMMENT='A project is a single funded proposal that need to be implemented and reported as a unit. It''s related to single funder ';

INSERT INTO `project` (`project_id`, `project_track_number`, `project_name`, `project_code`, `project_description`, `project_start_date`, `project_end_date`, `fk_funder_id`, `project_cost`, `fk_funding_status_id`, `project_is_default`, `project_created_by`, `project_last_modified_by`, `project_created_date`, `project_last_modified_date`, `fk_approval_id`, `fk_status_id`) VALUES
(4,	'PRCT-61518',	'Child Support',	'CHS',	'Child Support',	'2020-11-01',	'0000-00-00',	1,	0.00,	1,	1,	5,	5,	'2020-11-03',	'0000-00-00',	585,	58),
(5,	'PRCT-18572',	'Gifts',	'Gifts',	'Gifts',	'2020-11-01',	'0000-00-00',	1,	0.00,	1,	0,	5,	5,	'2020-11-03',	'0000-00-00',	586,	58),
(6,	'PRCT-79621',	'On-going CIVs',	'OGC',	'On-going CIVs',	'2020-11-01',	'0000-00-00',	1,	0.00,	1,	0,	5,	5,	'2020-11-03',	'0000-00-00',	587,	58),
(7,	'PRCT-77241',	'500 Non Compassion Fund ',	'500',	'Non Compassion funds',	'2020-11-01',	'0000-00-00',	4,	0.00,	1,	0,	8,	8,	'2020-11-04',	'0000-00-00',	605,	58),
(8,	'PRCT-25811',	'P010 - CDSP Support ',	'P010',	'P010 - CDSP Support ',	'2020-12-01',	'0000-00-00',	2,	0.00,	2,	1,	11,	11,	'2020-12-10',	'0000-00-00',	364,	296),
(9,	'PRCT-61702',	'P010 - Survival Support ',	'P010',	'P010 - Survival Support ',	'2020-12-01',	'0000-00-00',	2,	0.00,	2,	0,	11,	11,	'2020-12-10',	'0000-00-00',	364,	296),
(10,	'PRCT-33816',	'P030  Gifts ',	'P030 ',	'P030  Gifts ',	'2020-12-01',	'0000-00-00',	2,	0.00,	2,	0,	11,	11,	'2020-12-10',	'0000-00-00',	364,	296),
(11,	'PRCT-36600',	'P100 -Ongoing CIV ',	'P100',	'P100 -Ongoing CIV ',	'2020-12-01',	'0000-00-00',	2,	0.00,	2,	0,	11,	11,	'2020-12-10',	'0000-00-00',	364,	296),
(13,	'PRCT-54064',	'P090 - Non- Compassion Funds ',	'P090',	'P090 - Non- Compassion Funds ',	'2020-12-01',	'0000-00-00',	2,	0.00,	2,	0,	11,	11,	'2020-12-10',	'0000-00-00',	364,	296),
(14,	'PRCT-5393',	'DRF001 - COVID19',	'DRF001',	'This intervention will support 6234 beneficiaries with food and hygiene kits to safeguard their safety during Covid-19 pandemic.',	'2020-07-01',	'2021-01-31',	2,	0.00,	2,	0,	11,	11,	'2020-12-17',	'0000-00-00',	364,	296);

DROP TABLE IF EXISTS `project_allocation`;
CREATE TABLE `project_allocation` (
  `project_allocation_id` int(100) NOT NULL AUTO_INCREMENT,
  `project_allocation_track_number` varchar(100) DEFAULT NULL,
  `fk_project_id` int(100) DEFAULT NULL,
  `project_allocation_name` varchar(100) DEFAULT NULL,
  `project_allocation_amount` int(100) DEFAULT '0',
  `project_allocation_is_active` int(5) DEFAULT '1',
  `fk_office_id` int(100) DEFAULT NULL,
  `fk_status_id` int(11) DEFAULT NULL,
  `fk_approval_id` int(11) DEFAULT NULL,
  `project_allocation_extended_end_date` date DEFAULT '0000-00-00',
  `project_allocation_created_date` date DEFAULT NULL,
  `project_allocation_last_modified_date` varchar(45) DEFAULT NULL,
  `project_allocation_created_by` int(100) DEFAULT NULL,
  `project_allocation_last_modified_by` int(100) DEFAULT NULL,
  PRIMARY KEY (`project_allocation_id`),
  KEY `fk_project_id` (`fk_project_id`),
  KEY `fk_office_id` (`fk_office_id`),
  CONSTRAINT `project_allocation_ibfk_1` FOREIGN KEY (`fk_project_id`) REFERENCES `project` (`project_id`),
  CONSTRAINT `project_allocation_ibfk_2` FOREIGN KEY (`fk_office_id`) REFERENCES `office` (`office_id`)
) ENGINE=InnoDB DEFAULT CHARSET=latin1;

INSERT INTO `project_allocation` (`project_allocation_id`, `project_allocation_track_number`, `fk_project_id`, `project_allocation_name`, `project_allocation_amount`, `project_allocation_is_active`, `fk_office_id`, `fk_status_id`, `fk_approval_id`, `project_allocation_extended_end_date`, `project_allocation_created_date`, `project_allocation_last_modified_date`, `project_allocation_created_by`, `project_allocation_last_modified_by`) VALUES
(3,	'PRON-8892',	4,	'Child Support Allocation for Citam Missions Goro-Rukesa Church',	0,	1,	14,	59,	593,	'0000-00-00',	'2020-11-04',	NULL,	8,	8),
(4,	'PRON-51931',	5,	'Gifts Allocation for Citam Missions Goro-Rukesa Church',	0,	1,	14,	59,	595,	'0000-00-00',	'2020-11-04',	NULL,	8,	8),
(5,	'PRON-80210',	6,	'Ongoing CIVs Allocation for Citam Missions Goro-Rukesa Church',	0,	1,	14,	59,	597,	'0000-00-00',	'2020-11-04',	NULL,	8,	8),
(6,	'PRON-69060',	7,	'500 Non Compassion Funds Allocation for Citam Missions Goro-Rukesa Church',	0,	1,	14,	59,	606,	'0000-00-00',	'2020-11-04',	NULL,	8,	8),
(7,	'PRON-86885',	8,	'Project_allocation # PRON-56990',	0,	1,	22,	0,	862,	'0000-00-00',	'2020-12-10',	NULL,	11,	11),
(8,	'PRON-11953',	8,	'Project_allocation # PRON-60566',	0,	1,	28,	0,	867,	'0000-00-00',	'2020-12-10',	NULL,	11,	11),
(9,	'PRON-42500',	8,	'Project_allocation # PRON-41813',	0,	1,	23,	0,	872,	'0000-00-00',	'2020-12-10',	NULL,	11,	11),
(10,	'PRON-62637',	8,	'Project_allocation # PRON-12794',	0,	1,	25,	0,	877,	'0000-00-00',	'2020-12-10',	NULL,	11,	11),
(11,	'PRON-74887',	8,	'Project_allocation # PRON-12228',	0,	1,	26,	0,	882,	'0000-00-00',	'2020-12-10',	NULL,	11,	11),
(12,	'PRON-19881',	8,	'Project_allocation # PRON-71643',	0,	1,	24,	0,	887,	'0000-00-00',	'2020-12-10',	NULL,	11,	11),
(13,	'PRON-57396',	8,	'Project_allocation # PRON-47446',	0,	1,	21,	0,	892,	'0000-00-00',	'2020-12-10',	NULL,	11,	11),
(14,	'PRON-73496',	8,	'Project_allocation # PRON-88272',	0,	1,	27,	0,	897,	'0000-00-00',	'2020-12-10',	NULL,	11,	11),
(15,	'PRON-16003',	8,	'Project_allocation # PRON-76414',	0,	1,	20,	0,	902,	'0000-00-00',	'2020-12-10',	NULL,	11,	11),
(16,	'PRON-15071',	8,	'Project_allocation # PRON-11456',	0,	1,	19,	0,	907,	'0000-00-00',	'2020-12-10',	NULL,	11,	11),
(17,	'PRON-49909',	10,	'P030  Gifts  Allocation For TZ0100 - TAG Bethel Student Center',	0,	0,	22,	315,	364,	'0000-00-00',	'2020-12-10',	NULL,	11,	11),
(18,	'PRON-58299',	10,	'P030  Gifts  Allocation For TZ0102 - TAG Azimio Student Center',	0,	0,	27,	315,	364,	'0000-00-00',	'2020-12-10',	NULL,	11,	11),
(19,	'PRON-25815',	10,	'P030  Gifts  Allocation For TZ0200 - ELCT Engarenarok',	0,	0,	28,	315,	364,	'0000-00-00',	'2020-12-10',	NULL,	11,	11),
(20,	'PRON-87551',	10,	'P030  Gifts  Allocation For TZ0201 - Kijenge Lutheran Church',	0,	0,	23,	315,	364,	'0000-00-00',	'2020-12-10',	NULL,	11,	11),
(21,	'PRON-54240',	10,	'P030  Gifts  Allocation For TZ0206 - Kimandolu Lutheran',	0,	0,	20,	315,	364,	'0000-00-00',	'2020-12-10',	NULL,	11,	11),
(22,	'PRON-68531',	10,	'P030  Gifts  Allocation For TZ0303 - Anglican St. Andrews',	0,	0,	19,	315,	364,	'0000-00-00',	'2020-12-10',	NULL,	11,	11),
(23,	'PRON-9051',	10,	'P030  Gifts  Allocation For TZ0450 - PEFA Olmatejo Church',	0,	0,	25,	315,	364,	'0000-00-00',	'2020-12-10',	NULL,	11,	11),
(24,	'PRON-62424',	10,	'P030  Gifts  Allocation For TZ0500 - Ngarenaro Baptist Church',	0,	0,	26,	315,	364,	'0000-00-00',	'2020-12-10',	NULL,	11,	11),
(25,	'PRON-15754',	10,	'P030  Gifts  Allocation For TZ0551 - Moravian Church Arusha',	0,	0,	24,	315,	364,	'0000-00-00',	'2020-12-10',	NULL,	11,	11),
(26,	'PRON-68767',	10,	'P030  Gifts  Allocation For TZ0600 - Pentecost Assemblies of God Church',	0,	0,	21,	315,	364,	'0000-00-00',	'2020-12-10',	NULL,	11,	11),
(27,	'PRON-3802',	11,	'P100 -Ongoing CIV  Allocation For TZ0100 - TAG Bethel Student Center',	0,	0,	22,	315,	364,	'0000-00-00',	'2020-12-10',	NULL,	11,	11),
(28,	'PRON-71461',	11,	'P100 -Ongoing CIV  Allocation For TZ0102 - TAG Azimio Student Center',	0,	0,	27,	315,	364,	'0000-00-00',	'2020-12-10',	NULL,	11,	11),
(29,	'PRON-79623',	11,	'P100 -Ongoing CIV  Allocation For TZ0200 - ELCT Engarenarok',	0,	0,	28,	315,	364,	'0000-00-00',	'2020-12-10',	NULL,	11,	11),
(30,	'PRON-34398',	11,	'P100 -Ongoing CIV  Allocation For TZ0201 - Kijenge Lutheran Church',	0,	0,	23,	315,	364,	'0000-00-00',	'2020-12-10',	NULL,	11,	11),
(31,	'PRON-74174',	11,	'P100 -Ongoing CIV  Allocation For TZ0206 - Kimandolu Lutheran',	0,	0,	20,	315,	364,	'0000-00-00',	'2020-12-10',	NULL,	11,	11),
(32,	'PRON-84785',	11,	'P100 -Ongoing CIV  Allocation For TZ0303 - Anglican St. Andrews',	0,	0,	19,	315,	364,	'0000-00-00',	'2020-12-10',	NULL,	11,	11),
(33,	'PRON-1522',	11,	'P100 -Ongoing CIV  Allocation For TZ0450 - PEFA Olmatejo Church',	0,	0,	25,	315,	364,	'0000-00-00',	'2020-12-10',	NULL,	11,	11),
(34,	'PRON-66371',	11,	'P100 -Ongoing CIV  Allocation For TZ0500 - Ngarenaro Baptist Church',	0,	0,	26,	315,	364,	'0000-00-00',	'2020-12-10',	NULL,	11,	11),
(35,	'PRON-63258',	11,	'P100 -Ongoing CIV  Allocation For TZ0551 - Moravian Church Arusha',	0,	0,	24,	315,	364,	'0000-00-00',	'2020-12-10',	NULL,	11,	11),
(36,	'PRON-72051',	11,	'P100 -Ongoing CIV  Allocation For TZ0600 - Pentecost Assemblies of God Church',	0,	0,	21,	315,	364,	'0000-00-00',	'2020-12-10',	NULL,	11,	11),
(37,	'PRON-87627',	13,	'P090 - Non- Compassion Funds  Allocation For TZ0100 - TAG Bethel Student Center',	0,	0,	22,	315,	364,	'0000-00-00',	'2020-12-10',	NULL,	11,	11),
(38,	'PRON-77951',	13,	'P090 - Non- Compassion Funds  Allocation For TZ0102 - TAG Azimio Student Center',	0,	0,	27,	315,	364,	'0000-00-00',	'2020-12-10',	NULL,	11,	11),
(39,	'PRON-4541',	13,	'P090 - Non- Compassion Funds  Allocation For TZ0200 - ELCT Engarenarok',	0,	0,	28,	315,	364,	'0000-00-00',	'2020-12-10',	NULL,	11,	11),
(40,	'PRON-51504',	13,	'P090 - Non- Compassion Funds  Allocation For TZ0201 - Kijenge Lutheran Church',	0,	0,	23,	315,	364,	'0000-00-00',	'2020-12-10',	NULL,	11,	11),
(41,	'PRON-21102',	13,	'P090 - Non- Compassion Funds  Allocation For TZ0206 - Kimandolu Lutheran',	0,	0,	20,	315,	364,	'0000-00-00',	'2020-12-10',	NULL,	11,	11),
(42,	'PRON-28770',	13,	'P090 - Non- Compassion Funds  Allocation For TZ0303 - Anglican St. Andrews',	0,	0,	19,	315,	364,	'0000-00-00',	'2020-12-10',	NULL,	11,	11),
(43,	'PRON-60647',	13,	'P090 - Non- Compassion Funds  Allocation For TZ0450 - PEFA Olmatejo Church',	0,	0,	25,	315,	364,	'0000-00-00',	'2020-12-10',	NULL,	11,	11),
(44,	'PRON-87918',	13,	'P090 - Non- Compassion Funds  Allocation For TZ0500 - Ngarenaro Baptist Church',	0,	0,	26,	315,	364,	'0000-00-00',	'2020-12-10',	NULL,	11,	11),
(45,	'PRON-1740',	13,	'P090 - Non- Compassion Funds  Allocation For TZ0551 - Moravian Church Arusha',	0,	0,	24,	315,	364,	'0000-00-00',	'2020-12-10',	NULL,	11,	11),
(46,	'PRON-2032',	13,	'P090 - Non- Compassion Funds  Allocation For TZ0600 - Pentecost Assemblies of God Church',	0,	0,	21,	315,	364,	'0000-00-00',	'2020-12-10',	NULL,	11,	11),
(47,	'PRON-63475',	4,	'Project_allocation # PRON-87071',	0,	1,	34,	312,	1210,	'0000-00-00',	'2020-12-15',	NULL,	1,	1),
(48,	'PRON-84318',	8,	'Project_allocation # PRON-18045',	0,	1,	31,	315,	2662,	'0000-00-00',	'2020-12-15',	NULL,	11,	11),
(49,	'PRON-67979',	10,	'P030  Gifts  Allocation For TZ001 - TZ National Office Testing Center',	0,	0,	31,	315,	364,	'0000-00-00',	'2020-12-15',	NULL,	11,	11),
(50,	'PRON-85860',	11,	'P100 -Ongoing CIV  Allocation For TZ001 - TZ National Office Testing Center',	0,	0,	31,	315,	364,	'0000-00-00',	'2020-12-15',	NULL,	11,	11),
(51,	'PRON-62329',	13,	'P090 - Non- Compassion Funds  Allocation For TZ001 - TZ National Office Testing Center',	0,	0,	31,	315,	364,	'0000-00-00',	'2020-12-15',	NULL,	11,	11),
(52,	'PRON-49927',	14,	'DRF001 - COVID19 Allocation For ACT Kondoa Student Center',	0,	0,	10,	315,	364,	'0000-00-00',	'2020-12-17',	NULL,	11,	11),
(53,	'PRON-50318',	14,	'DRF001 - COVID19 Allocation For TZ001 - TZ National Office Testing Center',	6590400,	0,	31,	315,	364,	'0000-00-00',	'2020-12-17',	NULL,	11,	11),
(54,	'PRON-3116',	14,	'DRF001 - COVID19 Allocation For TZ0100 - TAG Bethel Student Center',	6590400,	0,	22,	315,	364,	'0000-00-00',	'2020-12-17',	NULL,	11,	11),
(55,	'PRON-85131',	14,	'DRF001 - COVID19 Allocation For TZ0102 - TAG Azimio Student Center',	6590400,	0,	27,	315,	364,	'0000-00-00',	'2020-12-17',	NULL,	11,	11),
(56,	'PRON-71172',	14,	'DRF001 - COVID19 Allocation For TZ0200 - ELCT Engarenarok',	6590400,	0,	28,	315,	364,	'0000-00-00',	'2020-12-17',	NULL,	11,	11),
(57,	'PRON-53890',	14,	'DRF001 - COVID19 Allocation For TZ0201 - Kijenge Lutheran Church',	6590400,	0,	23,	315,	364,	'0000-00-00',	'2020-12-17',	NULL,	11,	11),
(58,	'PRON-49021',	14,	'DRF001 - COVID19 Allocation For TZ0206 - Kimandolu Lutheran',	6590400,	0,	20,	315,	364,	'0000-00-00',	'2020-12-17',	NULL,	11,	11),
(59,	'PRON-2928',	14,	'DRF001 - COVID19 Allocation For TZ0303 - Anglican St. Andrews',	6590400,	0,	19,	315,	364,	'0000-00-00',	'2020-12-17',	NULL,	11,	11),
(60,	'PRON-24833',	14,	'DRF001 - COVID19 Allocation For TZ0450 - PEFA Olmatejo Church',	6590400,	0,	25,	315,	364,	'0000-00-00',	'2020-12-17',	NULL,	11,	11),
(61,	'PRON-84864',	14,	'DRF001 - COVID19 Allocation For TZ0500 - Ngarenaro Baptist Church',	6590400,	0,	26,	315,	364,	'0000-00-00',	'2020-12-17',	NULL,	11,	11),
(62,	'PRON-79208',	14,	'DRF001 - COVID19 Allocation For TZ0551 - Moravian Church Arusha',	6590400,	0,	24,	315,	364,	'0000-00-00',	'2020-12-17',	NULL,	11,	11),
(63,	'PRON-38850',	14,	'DRF001 - COVID19 Allocation For TZ0600 - Pentecost Assemblies of God Church',	6590400,	0,	21,	315,	364,	'0000-00-00',	'2020-12-17',	NULL,	11,	11),
(64,	'PRON-78753',	4,	'Project_allocation # PRON-48217',	0,	1,	36,	312,	3696,	'0000-00-00',	'2021-01-25',	NULL,	1,	1);

DROP TABLE IF EXISTS `project_allocation_detail`;
CREATE TABLE `project_allocation_detail` (
  `project_allocation_detail_id` int(11) NOT NULL,
  `project_allocation_detail_track_number` varchar(100) NOT NULL,
  `project_allocation_detail_name` varchar(100) NOT NULL,
  `fk_project_allocation_id` int(100) NOT NULL,
  `project_allocation_detail_month` date NOT NULL,
  `project_allocation_detail_amount` decimal(10,2) NOT NULL,
  `project_allocation_detail_created_date` date DEFAULT NULL,
  `project_allocation_detail_created_by` int(100) DEFAULT NULL,
  `project_allocation_detail_last_modified_by` int(100) DEFAULT NULL,
  `project_allocation_detail_last_modified_date` date DEFAULT NULL,
  `fk_approval_id` int(100) DEFAULT NULL,
  `fk_status_id` int(100) DEFAULT NULL,
  KEY `fk_project_allocation_id` (`fk_project_allocation_id`),
  CONSTRAINT `project_allocation_detail_ibfk_1` FOREIGN KEY (`fk_project_allocation_id`) REFERENCES `project_allocation` (`project_allocation_id`)
) ENGINE=InnoDB DEFAULT CHARSET=latin1;


DROP TABLE IF EXISTS `project_cost_proportion`;
CREATE TABLE `project_cost_proportion` (
  `project_cost_proportion_id` int(11) NOT NULL,
  `voucher_detail_id` int(100) DEFAULT NULL,
  `amount` varchar(45) DEFAULT NULL,
  `created_by` varchar(45) DEFAULT NULL,
  `created_date` varchar(45) DEFAULT NULL,
  `last_modified_by` varchar(45) DEFAULT NULL,
  `last_modified_date` varchar(45) DEFAULT NULL,
  `center_project_allocation_id` int(100) DEFAULT NULL,
  `project_cost_proportion_created_date` date DEFAULT NULL,
  `project_cost_proportion_created_by` int(100) DEFAULT NULL,
  `project_cost_proportion_last_modified_by` int(100) DEFAULT NULL,
  `project_cost_proportion_last_modified_date` date DEFAULT NULL,
  `fk_approval_id` int(100) DEFAULT NULL,
  `fk_status_id` int(100) DEFAULT NULL,
  PRIMARY KEY (`project_cost_proportion_id`),
  KEY `voucher_detail_id` (`voucher_detail_id`),
  CONSTRAINT `project_cost_proportion_ibfk_1` FOREIGN KEY (`voucher_detail_id`) REFERENCES `voucher_detail` (`voucher_detail_id`)
) ENGINE=InnoDB DEFAULT CHARSET=latin1;


DROP TABLE IF EXISTS `project_income_account`;
CREATE TABLE `project_income_account` (
  `project_income_account_id` int(100) NOT NULL AUTO_INCREMENT,
  `project_income_account_name` varchar(100) NOT NULL,
  `project_income_account_track_number` varchar(100) NOT NULL,
  `fk_project_id` int(100) NOT NULL,
  `fk_income_account_id` int(11) NOT NULL,
  `project_income_account_created_date` date NOT NULL,
  `project_income_account_last_modified_date` timestamp NOT NULL DEFAULT CURRENT_TIMESTAMP,
  `project_income_account_created_by` int(100) NOT NULL,
  `project_income_account_last_modified_by` int(100) NOT NULL,
  `fk_approval_id` int(100) NOT NULL,
  `fk_status_id` int(100) NOT NULL,
  PRIMARY KEY (`project_income_account_id`),
  KEY `fk_project_id` (`fk_project_id`),
  KEY `fk_income_account_id` (`fk_income_account_id`),
  CONSTRAINT `project_income_account_ibfk_1` FOREIGN KEY (`fk_project_id`) REFERENCES `project` (`project_id`),
  CONSTRAINT `project_income_account_ibfk_2` FOREIGN KEY (`fk_income_account_id`) REFERENCES `income_account` (`income_account_id`)
) ENGINE=InnoDB DEFAULT CHARSET=latin1;

INSERT INTO `project_income_account` (`project_income_account_id`, `project_income_account_name`, `project_income_account_track_number`, `fk_project_id`, `fk_income_account_id`, `project_income_account_created_date`, `project_income_account_last_modified_date`, `project_income_account_created_by`, `project_income_account_last_modified_by`, `fk_approval_id`, `fk_status_id`) VALUES
(4,	'Project_income_account # PRNT-1007',	'PRNT-1007',	4,	1,	'2020-11-03',	'2020-11-03 13:00:08',	5,	5,	589,	62),
(5,	'Project_income_account # PRNT-22900',	'PRNT-22900',	5,	2,	'2020-11-04',	'2020-11-04 12:01:49',	8,	8,	599,	62),
(6,	'Project_income_account # PRNT-27387',	'PRNT-27387',	6,	4,	'2020-11-04',	'2020-11-04 12:02:59',	8,	8,	600,	62),
(7,	'Project_income_account # PRNT-13014',	'PRNT-13014',	6,	6,	'2020-11-04',	'2020-11-04 12:06:12',	8,	8,	601,	62),
(8,	'Project_income_account # PRNT-16201',	'PRNT-16201',	6,	7,	'2020-11-04',	'2020-11-04 12:06:51',	8,	8,	602,	62),
(9,	'Project_income_account # PRNT-56709',	'PRNT-56709',	6,	8,	'2020-11-04',	'2020-11-04 12:07:40',	8,	8,	603,	62),
(10,	'Project_income_account # PRNT-79011',	'PRNT-79011',	7,	9,	'2020-11-04',	'2020-11-04 12:20:55',	8,	8,	608,	62),
(11,	'Project_income_account # PRNT-59643',	'PRNT-59643',	7,	10,	'2020-11-04',	'2020-11-04 12:22:03',	8,	8,	609,	62),
(12,	'Project_income_account # PRNT-51538',	'PRNT-51538',	7,	11,	'2020-11-04',	'2020-11-04 12:22:58',	8,	8,	610,	62),
(13,	'Project_income_account # PRNT-84068',	'PRNT-84068',	8,	3,	'2020-12-10',	'2020-12-10 09:27:12',	11,	11,	447,	292),
(14,	'Project_income_account # PRNT-14110',	'PRNT-14110',	9,	16,	'2020-12-10',	'2020-12-10 09:27:59',	11,	11,	728,	292),
(15,	'Project_income_account # PRNT-49893',	'PRNT-49893',	10,	18,	'2020-12-10',	'2020-12-10 09:28:44',	11,	11,	730,	292),
(16,	'Project_income_account # PRNT-38487',	'PRNT-38487',	11,	21,	'2020-12-10',	'2020-12-10 09:33:52',	11,	11,	733,	292),
(17,	'Project_income_account # PRNT-74445',	'PRNT-74445',	11,	19,	'2020-12-10',	'2020-12-10 09:35:35',	11,	11,	731,	292),
(18,	'Project_income_account # PRNT-67658',	'PRNT-67658',	11,	20,	'2020-12-10',	'2020-12-10 09:37:09',	11,	11,	732,	292),
(19,	'Project_income_account # PRNT-80152',	'PRNT-80152',	11,	26,	'2020-12-10',	'2020-12-10 09:38:56',	11,	11,	741,	292),
(20,	'Project_income_account # PRNT-22565',	'PRNT-22565',	11,	27,	'2020-12-10',	'2020-12-10 09:40:29',	11,	11,	742,	292),
(21,	'Project_income_account # PRNT-23958',	'PRNT-23958',	11,	28,	'2020-12-10',	'2020-12-10 09:41:54',	11,	11,	743,	292),
(22,	'Project_income_account # PRNT-19474',	'PRNT-19474',	11,	29,	'2020-12-10',	'2020-12-10 09:48:45',	11,	11,	744,	292),
(36,	'Project_income_account # PRNT-71895',	'PRNT-71895',	13,	43,	'2020-12-10',	'2020-12-10 10:14:23',	11,	11,	758,	292),
(37,	'Project_income_account # PRNT-3932',	'PRNT-3932',	13,	44,	'2020-12-10',	'2020-12-10 10:16:07',	11,	11,	759,	292),
(38,	'Project_income_account # PRNT-14153',	'PRNT-14153',	13,	45,	'2020-12-10',	'2020-12-10 10:17:29',	11,	11,	760,	292),
(39,	'Project_income_account # PRNT-4772',	'PRNT-4772',	13,	46,	'2020-12-10',	'2020-12-10 10:19:12',	11,	11,	761,	292),
(40,	'Project_income_account # PRNT-59642',	'PRNT-59642',	13,	47,	'2020-12-10',	'2020-12-10 10:20:37',	11,	11,	762,	292),
(41,	'Project_income_account # PRNT-11715',	'PRNT-11715',	13,	48,	'2020-12-10',	'2020-12-10 10:22:02',	11,	11,	763,	292),
(42,	'Project_income_account # PRNT-33065',	'PRNT-33065',	13,	49,	'2020-12-10',	'2020-12-10 10:23:21',	11,	11,	764,	292),
(43,	'Project_income_account # PRNT-17188',	'PRNT-17188',	10,	25,	'2020-12-10',	'2020-12-10 12:47:12',	11,	11,	364,	292),
(44,	'Project_income_account # PRNT-33573',	'PRNT-33573',	10,	50,	'2020-12-10',	'2020-12-10 12:47:12',	11,	11,	364,	292),
(45,	'Project_income_account # PRNT-41925',	'PRNT-41925',	14,	42,	'2020-12-17',	'2020-12-17 06:54:29',	11,	11,	364,	292);

DROP TABLE IF EXISTS `project_request_type`;
CREATE TABLE `project_request_type` (
  `project_request_type_id` int(100) NOT NULL AUTO_INCREMENT,
  `project_request_type_track_number` varchar(100) NOT NULL,
  `project_request_type_name` varchar(100) NOT NULL,
  `fk_project_id` int(100) NOT NULL,
  `fk_request_type_id` int(11) NOT NULL,
  `project_request_type_created_by` int(100) NOT NULL,
  `project_request_type_created_date` date NOT NULL,
  `project_request_type_last_modified_by` int(100) NOT NULL,
  `project_request_type_last_modified_date` timestamp NOT NULL DEFAULT CURRENT_TIMESTAMP,
  `fk_status_id` int(11) NOT NULL,
  `fk_approval_id` int(11) NOT NULL,
  PRIMARY KEY (`project_request_type_id`),
  KEY `fk_request_type_id` (`fk_request_type_id`),
  KEY `fk_project_id` (`fk_project_id`),
  CONSTRAINT `project_request_type_ibfk_2` FOREIGN KEY (`fk_request_type_id`) REFERENCES `request_type` (`request_type_id`),
  CONSTRAINT `project_request_type_ibfk_3` FOREIGN KEY (`fk_project_id`) REFERENCES `project` (`project_id`)
) ENGINE=InnoDB DEFAULT CHARSET=latin1;


DROP TABLE IF EXISTS `reconciliation`;
CREATE TABLE `reconciliation` (
  `reconciliation_id` int(100) NOT NULL AUTO_INCREMENT,
  `reconciliation_track_number` varchar(100) DEFAULT NULL,
  `reconciliation_name` varchar(100) DEFAULT NULL,
  `fk_financial_report_id` int(100) DEFAULT NULL,
  `fk_office_bank_id` int(100) DEFAULT NULL,
  `reconciliation_statement_balance` decimal(10,2) DEFAULT NULL,
  `fk_status_id` int(5) DEFAULT NULL,
  `reconciliation_suspense_amount` decimal(10,2) DEFAULT NULL,
  `reconciliation_created_by` int(100) DEFAULT NULL,
  `reconciliation_created_date` date DEFAULT NULL,
  `reconciliation_last_modified_by` int(100) DEFAULT NULL,
  `reconciliation_last_modified_date` date DEFAULT NULL,
  `fk_approval_id` int(100) DEFAULT NULL,
  PRIMARY KEY (`reconciliation_id`),
  KEY `fk_reconciliation_center1_idx` (`fk_financial_report_id`),
  KEY `fk_office_bank_id` (`fk_office_bank_id`),
  CONSTRAINT `reconciliation_ibfk_1` FOREIGN KEY (`fk_financial_report_id`) REFERENCES `financial_report` (`financial_report_id`) ON DELETE NO ACTION ON UPDATE NO ACTION,
  CONSTRAINT `reconciliation_ibfk_2` FOREIGN KEY (`fk_office_bank_id`) REFERENCES `office_bank` (`office_bank_id`)
) ENGINE=InnoDB DEFAULT CHARSET=latin1;

INSERT INTO `reconciliation` (`reconciliation_id`, `reconciliation_track_number`, `reconciliation_name`, `fk_financial_report_id`, `fk_office_bank_id`, `reconciliation_statement_balance`, `fk_status_id`, `reconciliation_suspense_amount`, `reconciliation_created_by`, `reconciliation_created_date`, `reconciliation_last_modified_by`, `reconciliation_last_modified_date`, `fk_approval_id`) VALUES
(1,	'REON-7132',	'Reconciliation # REON-25272',	1,	14,	49009451.50,	0,	0.00,	41,	'2020-12-17',	41,	NULL,	3203),
(2,	'REON-75733',	'Reconciliation # REON-37485',	5,	12,	47927151.05,	0,	0.00,	15,	'2020-12-17',	15,	NULL,	3345),
(3,	'REON-49976',	'Reconciliation # REON-70142',	9,	9,	71015174.59,	0,	0.00,	18,	'2020-12-17',	18,	NULL,	3346),
(4,	'REON-76288',	'Reconciliation # REON-65949',	11,	5,	45940199.27,	0,	0.00,	24,	'2020-12-17',	24,	NULL,	3349),
(5,	'REON-17039',	'Reconciliation # REON-22974',	6,	11,	80969276.88,	0,	0.00,	17,	'2020-12-17',	17,	NULL,	3350),
(6,	'REON-54877',	'Reconciliation # REON-8422',	3,	8,	47145151.09,	0,	0.00,	27,	'2020-12-17',	27,	NULL,	3351),
(7,	'REON-11700',	'Reconciliation # REON-25645',	8,	3,	96536198.01,	0,	0.00,	21,	'2020-12-17',	21,	NULL,	3352),
(8,	'REON-70997',	'Reconciliation # REON-30498',	10,	7,	71906174.53,	0,	0.00,	34,	'2020-12-17',	34,	NULL,	3353),
(9,	'REON-39983',	'Reconciliation # REON-48067',	2,	4,	58465870.47,	0,	0.00,	39,	'2020-12-17',	39,	NULL,	3354),
(10,	'REON-28635',	'Reconciliation # REON-65186',	4,	6,	45230151.05,	0,	0.00,	30,	'2020-12-17',	30,	NULL,	3355),
(11,	'REON-61773',	'Reconciliation # REON-88230',	7,	10,	56712150.99,	0,	0.00,	37,	'2020-12-17',	37,	NULL,	3387),
(12,	'REON-28183',	'Reconciliation # REON-6410',	14,	3,	88795836.01,	0,	0.00,	23,	'2020-12-17',	23,	NULL,	3514),
(13,	'REON-63578',	'Reconciliation # REON-13740',	13,	5,	39190431.27,	0,	0.00,	24,	'2020-12-17',	24,	NULL,	3590),
(14,	'REON-38167',	'Reconciliation # REON-46405',	16,	11,	85147912.60,	0,	0.00,	16,	'2020-12-17',	16,	NULL,	3595),
(15,	'REON-79385',	'Reconciliation # REON-53210',	12,	8,	45952151.09,	0,	0.00,	27,	'2020-12-17',	27,	NULL,	3608),
(16,	'REON-21923',	'Reconciliation # REON-39121',	18,	9,	75024810.31,	0,	0.00,	18,	'2020-12-17',	18,	NULL,	3615);

DROP TABLE IF EXISTS `request`;
CREATE TABLE `request` (
  `request_id` int(100) NOT NULL AUTO_INCREMENT,
  `request_track_number` varchar(100) DEFAULT NULL,
  `request_name` varchar(100) DEFAULT NULL,
  `fk_request_type_id` int(11) DEFAULT '1',
  `fk_status_id` int(11) DEFAULT '0',
  `fk_office_id` int(100) DEFAULT NULL,
  `fk_approval_id` int(11) DEFAULT NULL,
  `request_date` date DEFAULT NULL,
  `request_description` varchar(100) DEFAULT NULL,
  `fk_department_id` int(100) NOT NULL,
  `request_is_fully_vouched` int(5) NOT NULL DEFAULT '0',
  `request_created_date` date DEFAULT NULL,
  `request_created_by` varchar(45) DEFAULT NULL,
  `request_last_modified_by` varchar(45) DEFAULT NULL,
  `request_last_modified_date` timestamp NOT NULL DEFAULT CURRENT_TIMESTAMP ON UPDATE CURRENT_TIMESTAMP,
  `request_deleted_at` date DEFAULT NULL,
  PRIMARY KEY (`request_id`)
) ENGINE=InnoDB DEFAULT CHARSET=latin1;


DROP TABLE IF EXISTS `request_conversion`;
CREATE TABLE `request_conversion` (
  `request_conversion_id` int(100) NOT NULL AUTO_INCREMENT,
  `request_conversion_name` varchar(100) NOT NULL,
  `request_conversion_track_number` varchar(100) NOT NULL,
  `fk_account_system_id` int(100) NOT NULL,
  `conversion_status_id` int(100) NOT NULL,
  `request_conversion_created_date` date DEFAULT NULL,
  `request_conversion_created_by` int(100) DEFAULT NULL,
  `request_conversion_last_modified_by` int(100) DEFAULT NULL,
  `request_conversion_last_modified_date` date DEFAULT NULL,
  `fk_approval_id` int(100) DEFAULT NULL,
  `fk_status_id` int(100) DEFAULT NULL,
  PRIMARY KEY (`request_conversion_id`),
  KEY `fk_account_system_id` (`fk_account_system_id`),
  KEY `conversion_status_id` (`conversion_status_id`),
  CONSTRAINT `request_conversion_ibfk_1` FOREIGN KEY (`fk_account_system_id`) REFERENCES `account_system` (`account_system_id`),
  CONSTRAINT `request_conversion_ibfk_2` FOREIGN KEY (`conversion_status_id`) REFERENCES `status` (`status_id`)
) ENGINE=InnoDB DEFAULT CHARSET=latin1;


DROP TABLE IF EXISTS `request_detail`;
CREATE TABLE `request_detail` (
  `request_detail_id` int(100) NOT NULL AUTO_INCREMENT,
  `request_detail_track_number` varchar(100) DEFAULT NULL,
  `request_detail_name` varchar(100) DEFAULT NULL,
  `fk_request_id` int(100) DEFAULT NULL,
  `request_detail_description` varchar(45) DEFAULT NULL,
  `request_detail_quantity` int(10) DEFAULT NULL,
  `request_detail_unit_cost` decimal(10,2) DEFAULT NULL,
  `request_detail_total_cost` decimal(10,2) DEFAULT NULL,
  `fk_expense_account_id` int(100) DEFAULT NULL,
  `fk_project_allocation_id` int(100) DEFAULT NULL,
  `fk_status_id` int(100) DEFAULT NULL,
  `fk_approval_id` int(100) DEFAULT NULL,
  `request_detail_conversion_set` int(5) DEFAULT '0',
  `fk_voucher_id` int(100) NOT NULL DEFAULT '0',
  `request_detail_created_date` date DEFAULT NULL,
  `request_detail_created_by` int(100) DEFAULT NULL,
  `request_detail_last_modified_by` int(100) DEFAULT NULL,
  `request_detail_last_modified_date` timestamp NOT NULL DEFAULT CURRENT_TIMESTAMP ON UPDATE CURRENT_TIMESTAMP,
  PRIMARY KEY (`request_detail_id`),
  KEY `fk_request_detail_request1_idx` (`fk_request_id`),
  KEY `fk_request_detail_expense_account1_idx` (`fk_expense_account_id`),
  CONSTRAINT `fk_request_detail_expense_account1` FOREIGN KEY (`fk_expense_account_id`) REFERENCES `expense_account` (`expense_account_id`) ON DELETE NO ACTION ON UPDATE NO ACTION,
  CONSTRAINT `fk_request_detail_request1` FOREIGN KEY (`fk_request_id`) REFERENCES `request` (`request_id`) ON DELETE NO ACTION ON UPDATE NO ACTION
) ENGINE=InnoDB DEFAULT CHARSET=latin1;


DROP TABLE IF EXISTS `request_type`;
CREATE TABLE `request_type` (
  `request_type_id` int(11) NOT NULL AUTO_INCREMENT,
  `request_type_track_number` varchar(100) NOT NULL,
  `request_type_name` varchar(100) NOT NULL,
  `request_type_is_active` int(5) NOT NULL DEFAULT '1',
  `fk_account_system_id` int(100) NOT NULL DEFAULT '1',
  `request_type_created_date` date DEFAULT NULL,
  `request_type_created_by` int(100) DEFAULT NULL,
  `request_type_last_modified_by` int(100) DEFAULT NULL,
  `request_type_last_modified_date` timestamp NULL DEFAULT CURRENT_TIMESTAMP,
  `fk_approval_id` int(100) DEFAULT NULL,
  `fk_status_id` int(100) DEFAULT NULL,
  PRIMARY KEY (`request_type_id`),
  KEY `fk_account_system_id` (`fk_account_system_id`),
  CONSTRAINT `request_type_ibfk_1` FOREIGN KEY (`fk_account_system_id`) REFERENCES `account_system` (`account_system_id`)
) ENGINE=InnoDB DEFAULT CHARSET=latin1;


DROP TABLE IF EXISTS `request_type_department`;
CREATE TABLE `request_type_department` (
  `request_type_department_id` int(100) NOT NULL AUTO_INCREMENT,
  `request_type_department_track_number` varchar(100) NOT NULL,
  `request_type_department_name` varchar(100) NOT NULL,
  `fk_request_type_id` int(11) NOT NULL,
  `fk_department_id` int(100) NOT NULL,
  `request_type_department_created_by` int(100) NOT NULL,
  `request_type_department_created_date` date NOT NULL,
  `request_type_department_last_modified_by` int(100) NOT NULL,
  `request_type_department_last_modified_date` timestamp NOT NULL DEFAULT CURRENT_TIMESTAMP,
  `fk_status_id` int(11) NOT NULL,
  `fk_approval_id` int(11) NOT NULL,
  PRIMARY KEY (`request_type_department_id`),
  KEY `fk_request_type_id` (`fk_request_type_id`),
  KEY `fk_department_id` (`fk_department_id`),
  CONSTRAINT `request_type_department_ibfk_1` FOREIGN KEY (`fk_request_type_id`) REFERENCES `request_type` (`request_type_id`),
  CONSTRAINT `request_type_department_ibfk_2` FOREIGN KEY (`fk_department_id`) REFERENCES `department` (`department_id`)
) ENGINE=InnoDB DEFAULT CHARSET=latin1;


DROP TABLE IF EXISTS `role`;
CREATE TABLE `role` (
  `role_id` int(100) NOT NULL AUTO_INCREMENT,
  `role_track_number` varchar(100) DEFAULT NULL,
  `role_name` varchar(100) DEFAULT NULL,
  `role_shortname` varchar(50) NOT NULL,
  `role_description` longtext,
  `role_is_active` int(5) DEFAULT NULL,
  `role_is_new_status_default` int(5) DEFAULT '0',
  `role_is_department_strict` int(5) DEFAULT '0',
  `fk_account_system_id` int(100) DEFAULT NULL,
  `role_created_by` int(100) DEFAULT NULL,
  `role_created_date` date DEFAULT NULL,
  `role_last_modified_date` timestamp NOT NULL DEFAULT CURRENT_TIMESTAMP,
  `role_last_modified_by` varchar(45) DEFAULT NULL,
  `role_deleted_at` date DEFAULT NULL,
  `fk_approval_id` int(100) DEFAULT NULL,
  `fk_status_id` int(100) DEFAULT NULL,
  PRIMARY KEY (`role_id`),
  KEY `fk_account_system_id` (`fk_account_system_id`),
  CONSTRAINT `role_ibfk_1` FOREIGN KEY (`fk_account_system_id`) REFERENCES `account_system` (`account_system_id`)
) ENGINE=InnoDB DEFAULT CHARSET=latin1;

INSERT INTO `role` (`role_id`, `role_track_number`, `role_name`, `role_shortname`, `role_description`, `role_is_active`, `role_is_new_status_default`, `role_is_department_strict`, `fk_account_system_id`, `role_created_by`, `role_created_date`, `role_last_modified_date`, `role_last_modified_by`, `role_deleted_at`, `fk_approval_id`, `fk_status_id`) VALUES
(1,	'ROLE-34069',	'Super System Administrator',	'superadmin',	'Super System Administrator',	1,	1,	0,	1,	1,	'2020-08-20',	'2020-08-20 12:01:49',	'1',	NULL,	11,	0),
(2,	'ROLE-38047',	'KE Country Admin',	'kecountryadmin',	'Country Admin',	1,	1,	1,	3,	1,	'2020-08-21',	'2020-08-21 07:30:17',	'1',	NULL,	290,	68),
(3,	'ROLE-86882',	'KE FCP staff',	'kefcpstaff',	'Update Voucher and Requests',	1,	0,	0,	3,	1,	'2020-08-21',	'2020-08-21 08:59:16',	'1',	NULL,	324,	68),
(4,	'ROLE-38047',	'TZ Country Admin',	'tzcountryadmin',	'Country Admin',	1,	1,	1,	4,	1,	'2020-08-21',	'2020-08-21 07:30:17',	'1',	NULL,	290,	68),
(5,	'ROLE-86882',	'TZ FCP staff',	'tzfcpstaff',	'Update Voucher and Requests',	1,	0,	0,	3,	1,	'2020-08-21',	'2020-08-21 08:59:16',	'1',	NULL,	324,	68),
(7,	'ROLE-38047',	'UG Country Admin',	'ugcountryadmin',	'Country Admin',	1,	1,	1,	4,	1,	'2020-08-21',	'2020-08-21 07:30:17',	'1',	NULL,	290,	68),
(8,	'ROLE-86882',	'UG FCP staff',	'ugfcpstaff',	'Update Voucher and Requests',	1,	0,	0,	4,	1,	'2020-08-21',	'2020-08-21 08:59:16',	'1',	NULL,	324,	68),
(9,	'ROLE-63403',	'TZ FCP Accountant Testing Role',	'txfcptest',	'TZ FCP Accountant Testing Role',	1,	0,	0,	4,	1,	'2020-12-15',	'2020-12-15 13:11:53',	'1',	NULL,	2670,	404);

DROP TABLE IF EXISTS `role_group`;
CREATE TABLE `role_group` (
  `role_group_id` int(100) NOT NULL AUTO_INCREMENT,
  `role_group_name` varchar(100) NOT NULL,
  `role_group_track_number` varchar(100) NOT NULL,
  `role_group_description` longtext NOT NULL,
  `role_group_is_active` int(5) NOT NULL DEFAULT '1',
  `fk_account_system_id` int(100) NOT NULL,
  `role_group_created_date` date NOT NULL,
  `role_group_created_by` int(100) NOT NULL,
  `role_group_last_modified_date` timestamp NOT NULL DEFAULT CURRENT_TIMESTAMP,
  `role_group_last_modified_by` int(100) NOT NULL,
  `fk_status_id` int(100) NOT NULL,
  `fk_approval_id` int(100) NOT NULL,
  PRIMARY KEY (`role_group_id`),
  KEY `fk_account_system_id` (`fk_account_system_id`),
  CONSTRAINT `role_group_ibfk_1` FOREIGN KEY (`fk_account_system_id`) REFERENCES `account_system` (`account_system_id`)
) ENGINE=InnoDB DEFAULT CHARSET=latin1;

INSERT INTO `role_group` (`role_group_id`, `role_group_name`, `role_group_track_number`, `role_group_description`, `role_group_is_active`, `fk_account_system_id`, `role_group_created_date`, `role_group_created_by`, `role_group_last_modified_date`, `role_group_last_modified_by`, `fk_status_id`, `fk_approval_id`) VALUES
(1,	'Budgeting, Vouching and Monthly Reporting Role Group',	'ROUP-53978',	'Budgeting, Vouching and Monthly Reporting Role Group',	1,	4,	'2020-12-15',	1,	'2020-12-15 03:43:58',	1,	236,	987),
(2,	'Country Administrators Role Group',	'ROUP-14183',	'Country Administrators Role Group',	1,	1,	'2020-12-15',	1,	'2020-12-15 07:45:32',	1,	236,	1193),
(3,	'KE Accountant Role Group',	'ROUP-48020',	'This role group holds permissions for raising voucher, budget and monthly reports',	1,	3,	'2020-12-15',	1,	'2020-12-15 08:38:03',	1,	236,	1240),
(4,	'TZ FCP Training Role Group',	'ROUP-59943',	'TZ FCP Training Role Group',	1,	4,	'2020-12-15',	1,	'2020-12-15 13:37:52',	1,	236,	2676);

DROP TABLE IF EXISTS `role_group_association`;
CREATE TABLE `role_group_association` (
  `role_group_association_id` int(100) NOT NULL AUTO_INCREMENT,
  `role_group_association_name` varchar(100) NOT NULL,
  `role_group_association_track_number` varchar(100) NOT NULL,
  `fk_role_group_id` int(100) NOT NULL,
  `fk_role_id` int(100) NOT NULL,
  `role_group_association_created_date` date NOT NULL,
  `role_group_association_created_by` int(100) NOT NULL,
  `role_group_association_last_modified_date` timestamp NOT NULL DEFAULT CURRENT_TIMESTAMP,
  `role_group_association_last_modified_by` int(100) NOT NULL,
  `fk_status_id` int(11) NOT NULL,
  `fk_approval_id` int(11) NOT NULL,
  PRIMARY KEY (`role_group_association_id`),
  KEY `fk_role_group_id` (`fk_role_group_id`),
  KEY `fk_role_id` (`fk_role_id`),
  CONSTRAINT `role_group_association_ibfk_1` FOREIGN KEY (`fk_role_group_id`) REFERENCES `role_group` (`role_group_id`),
  CONSTRAINT `role_group_association_ibfk_2` FOREIGN KEY (`fk_role_id`) REFERENCES `role` (`role_id`)
) ENGINE=InnoDB DEFAULT CHARSET=latin1;

INSERT INTO `role_group_association` (`role_group_association_id`, `role_group_association_name`, `role_group_association_track_number`, `fk_role_group_id`, `fk_role_id`, `role_group_association_created_date`, `role_group_association_created_by`, `role_group_association_last_modified_date`, `role_group_association_last_modified_by`, `fk_status_id`, `fk_approval_id`) VALUES
(1,	'Role_group_association # ROON-43977',	'ROON-43977',	1,	5,	'2020-12-15',	1,	'2020-12-15 03:52:30',	1,	244,	324),
(2,	'Role_group_association # ROON-84995',	'ROON-84995',	2,	2,	'2020-12-15',	1,	'2020-12-15 07:52:38',	1,	244,	290),
(3,	'Role_group_association # ROON-36895',	'ROON-36895',	1,	2,	'2020-12-15',	1,	'2020-12-15 07:54:13',	1,	244,	290),
(4,	'Role_group_association # ROON-20742',	'ROON-20742',	3,	3,	'2020-12-15',	1,	'2020-12-15 08:38:58',	1,	244,	324),
(5,	'Role_group_association # ROON-25758',	'ROON-25758',	1,	9,	'2020-12-15',	1,	'2020-12-15 13:13:06',	1,	244,	2670),
(6,	'Role_group_association # ROON-85776',	'ROON-85776',	4,	9,	'2020-12-15',	1,	'2020-12-15 13:39:27',	1,	244,	2670);

DROP TABLE IF EXISTS `role_permission`;
CREATE TABLE `role_permission` (
  `role_permission_id` int(100) NOT NULL AUTO_INCREMENT,
  `role_permission_track_number` varchar(100) NOT NULL,
  `role_permission_name` varchar(100) NOT NULL,
  `role_permission_is_active` int(5) NOT NULL DEFAULT '1',
  `fk_role_id` int(100) NOT NULL,
  `fk_permission_id` int(11) NOT NULL,
  `fk_approval_id` int(100) NOT NULL,
  `fk_status_id` int(100) NOT NULL,
  `role_permission_created_date` date NOT NULL,
  `role_permission_created_by` int(100) NOT NULL,
  `role_permission_last_modified_date` timestamp NOT NULL DEFAULT CURRENT_TIMESTAMP,
  `role_permission_last_modified_by` int(100) NOT NULL,
  PRIMARY KEY (`role_permission_id`),
  KEY `fk_role_id` (`fk_role_id`),
  KEY `fk_permission_id` (`fk_permission_id`),
  CONSTRAINT `role_permission_ibfk_4` FOREIGN KEY (`fk_role_id`) REFERENCES `role` (`role_id`) ON DELETE CASCADE,
  CONSTRAINT `role_permission_ibfk_5` FOREIGN KEY (`fk_permission_id`) REFERENCES `permission` (`permission_id`) ON DELETE CASCADE
) ENGINE=InnoDB DEFAULT CHARSET=latin1;

INSERT INTO `role_permission` (`role_permission_id`, `role_permission_track_number`, `role_permission_name`, `role_permission_is_active`, `fk_role_id`, `fk_permission_id`, `fk_approval_id`, `fk_status_id`, `role_permission_created_date`, `role_permission_created_by`, `role_permission_last_modified_date`, `role_permission_last_modified_by`) VALUES
(1,	'ROON-86305',	'Read permission for Dashboard by Super System Administrator',	1,	1,	93,	284,	69,	'2020-08-20',	1,	'2020-08-20 12:15:10',	1),
(29,	'ROON-67443',	'Role_permission # ROON-67443',	1,	4,	19,	504,	69,	'2020-11-03',	1,	'2020-11-03 09:42:59',	1),
(30,	'ROON-26313',	'Role_permission # ROON-26313',	1,	4,	107,	505,	69,	'2020-11-03',	1,	'2020-11-03 09:42:59',	1),
(31,	'ROON-31903',	'Role_permission # ROON-31903',	1,	4,	110,	506,	69,	'2020-11-03',	1,	'2020-11-03 09:42:59',	1),
(32,	'ROON-42251',	'Role_permission # ROON-42251',	1,	4,	115,	507,	69,	'2020-11-03',	1,	'2020-11-03 09:42:59',	1),
(33,	'ROON-73026',	'Role_permission # ROON-73026',	1,	4,	119,	508,	69,	'2020-11-03',	1,	'2020-11-03 09:42:59',	1),
(34,	'ROON-33562',	'Role_permission # ROON-33562',	1,	4,	127,	509,	69,	'2020-11-03',	1,	'2020-11-03 09:42:59',	1),
(35,	'ROON-60652',	'Role_permission # ROON-60652',	1,	4,	130,	510,	69,	'2020-11-03',	1,	'2020-11-03 09:42:59',	1),
(36,	'ROON-31926',	'Role_permission # ROON-31926',	1,	4,	151,	511,	69,	'2020-11-03',	1,	'2020-11-03 09:42:59',	1),
(37,	'ROON-18903',	'Role_permission # ROON-18903',	1,	4,	155,	512,	69,	'2020-11-03',	1,	'2020-11-03 09:42:59',	1),
(38,	'ROON-63960',	'Role_permission # ROON-63960',	1,	4,	163,	513,	69,	'2020-11-03',	1,	'2020-11-03 09:42:59',	1),
(39,	'ROON-41398',	'Role_permission # ROON-41398',	1,	4,	167,	514,	69,	'2020-11-03',	1,	'2020-11-03 09:42:59',	1),
(40,	'ROON-62071',	'Role_permission # ROON-62071',	1,	4,	179,	515,	69,	'2020-11-03',	1,	'2020-11-03 09:42:59',	1),
(41,	'ROON-65131',	'Role_permission # ROON-65131',	1,	4,	183,	516,	69,	'2020-11-03',	1,	'2020-11-03 09:42:59',	1),
(42,	'ROON-48546',	'Role_permission # ROON-48546',	1,	4,	214,	517,	69,	'2020-11-03',	1,	'2020-11-03 09:42:59',	1),
(43,	'ROON-44090',	'Role_permission # ROON-44090',	1,	4,	223,	518,	69,	'2020-11-03',	1,	'2020-11-03 09:42:59',	1),
(44,	'ROON-39226',	'Role_permission # ROON-39226',	1,	4,	230,	519,	69,	'2020-11-03',	1,	'2020-11-03 09:42:59',	1),
(45,	'ROON-29954',	'Role_permission # ROON-29954',	1,	4,	235,	520,	69,	'2020-11-03',	1,	'2020-11-03 09:42:59',	1),
(46,	'ROON-86500',	'Role_permission # ROON-86500',	1,	4,	275,	521,	69,	'2020-11-03',	1,	'2020-11-03 09:42:59',	1),
(47,	'ROON-46305',	'Role_permission # ROON-46305',	1,	4,	279,	522,	69,	'2020-11-03',	1,	'2020-11-03 09:42:59',	1),
(48,	'ROON-18108',	'Role_permission # ROON-18108',	1,	4,	283,	523,	69,	'2020-11-03',	1,	'2020-11-03 09:42:59',	1),
(49,	'ROON-1811',	'Role_permission # ROON-1811',	1,	4,	287,	524,	69,	'2020-11-03',	1,	'2020-11-03 09:42:59',	1),
(50,	'ROON-40956',	'Role_permission # ROON-40956',	1,	4,	291,	525,	69,	'2020-11-03',	1,	'2020-11-03 09:42:59',	1),
(51,	'ROON-70290',	'Read permission for Dashboard by Country Admin',	1,	4,	93,	538,	69,	'2020-11-03',	5,	'2020-11-03 09:53:45',	5),
(52,	'ROON-83802',	'Role_permission # ROON-83802',	1,	4,	191,	588,	69,	'2020-11-03',	1,	'2020-11-03 12:57:32',	1),
(56,	'ROON-75855',	'Role_permission # ROON-75855',	1,	3,	23,	635,	69,	'2020-11-05',	1,	'2020-11-05 12:44:37',	1),
(57,	'ROON-63437',	'Role_permission # ROON-63437',	1,	3,	27,	636,	69,	'2020-11-05',	1,	'2020-11-05 12:44:37',	1),
(58,	'ROON-1751',	'Role_permission # ROON-1751',	1,	3,	111,	637,	69,	'2020-11-05',	1,	'2020-11-05 12:44:37',	1),
(59,	'ROON-29112',	'Role_permission # ROON-29112',	1,	3,	131,	638,	69,	'2020-11-05',	1,	'2020-11-05 12:44:37',	1),
(60,	'ROON-26021',	'Role_permission # ROON-26021',	1,	3,	231,	639,	69,	'2020-11-05',	1,	'2020-11-05 12:44:37',	1),
(61,	'ROON-73447',	'Read permission for Dashboard by FCP staff',	1,	3,	93,	645,	69,	'2020-11-05',	10,	'2020-11-05 12:52:15',	10),
(62,	'ROON-30492',	'Read permission for Dashboard by KE Country Admin',	1,	2,	93,	971,	0,	'2020-12-10',	3,	'2020-12-10 13:56:01',	3),
(63,	'ROON-39564',	'Role_permission # ROON-39564',	1,	4,	319,	290,	335,	'2020-12-11',	1,	'2020-12-11 10:23:33',	1),
(64,	'ROON-68009',	'Read permission for Dashboard by TZ FCP staff',	1,	5,	93,	993,	338,	'2020-12-15',	12,	'2020-12-15 03:51:24',	12),
(65,	'ROON-82673',	'Role_permission # ROON-82673',	1,	2,	183,	290,	335,	'2020-12-15',	1,	'2020-12-15 07:58:21',	1),
(66,	'ROON-56951',	'Read permission for Dashboard by TZ FCP Accountant Testing Role',	1,	9,	93,	2672,	338,	'2020-12-15',	44,	'2020-12-15 13:14:39',	44),
(67,	'ROON-88161',	'Role_permission # ROON-88161',	1,	4,	22,	290,	335,	'2021-01-07',	1,	'2021-01-07 07:16:09',	1),
(68,	'ROON-43054',	'Role_permission # ROON-43054',	1,	4,	26,	290,	335,	'2021-01-07',	1,	'2021-01-07 07:16:09',	1),
(69,	'ROON-25293',	'Role_permission # ROON-25293',	1,	4,	403,	290,	335,	'2021-01-29',	1,	'2021-01-29 06:32:13',	1);

DROP TABLE IF EXISTS `setting`;
CREATE TABLE `setting` (
  `setting_id` int(11) NOT NULL AUTO_INCREMENT,
  `type` varchar(100) DEFAULT NULL,
  `description` varchar(100) DEFAULT NULL,
  `setting_created_date` date DEFAULT NULL,
  `setting_created_by` int(100) DEFAULT NULL,
  `setting_last_modified_by` int(100) DEFAULT NULL,
  `setting_last_modified_date` timestamp NULL DEFAULT CURRENT_TIMESTAMP,
  `fk_approval_id` int(100) DEFAULT NULL,
  `fk_status_id` int(100) DEFAULT NULL,
  PRIMARY KEY (`setting_id`)
) ENGINE=InnoDB DEFAULT CHARSET=latin1;

INSERT INTO `setting` (`setting_id`, `type`, `description`, `setting_created_date`, `setting_created_by`, `setting_last_modified_by`, `setting_last_modified_date`, `fk_approval_id`, `fk_status_id`) VALUES
(1,	'system_name',	'Grants Management System - Sandbox',	'2020-08-20',	1,	1,	'2020-08-20 12:01:44',	NULL,	NULL),
(2,	'system_title',	'Grants Management System - Sandbox',	'2020-08-20',	1,	1,	'2020-08-20 12:01:44',	NULL,	NULL),
(3,	'address',	'1945 Nairobi',	'2020-08-20',	1,	1,	'2020-08-20 12:01:44',	NULL,	NULL),
(4,	'phone',	'+254711808071',	'2020-08-20',	1,	1,	'2020-08-20 12:01:44',	NULL,	NULL),
(5,	'system_email',	'nkmwambs@gmail.com',	'2020-08-20',	1,	1,	'2020-08-20 12:01:44',	NULL,	NULL),
(6,	'language',	'1',	'2020-08-20',	1,	1,	'2020-08-20 12:01:44',	NULL,	NULL),
(7,	'text_align',	'left-to-right',	'2020-08-20',	1,	1,	'2020-08-20 12:01:44',	NULL,	NULL),
(8,	'skin_colour',	'red',	'2020-08-20',	1,	1,	'2020-08-20 12:01:44',	NULL,	NULL),
(9,	'system_setup_completed',	'1',	'2020-08-20',	1,	1,	'2020-08-20 12:01:44',	NULL,	NULL),
(10,	'setup_password',	'fbdf9989ea636d6b339fd6b85f63e06e',	'2020-08-20',	1,	1,	'2020-08-20 12:01:44',	NULL,	NULL),
(11,	'base_currency_code',	'1',	'2020-08-20',	1,	1,	'2020-08-20 12:01:44',	NULL,	NULL);

DROP TABLE IF EXISTS `status`;
CREATE TABLE `status` (
  `status_id` int(11) NOT NULL AUTO_INCREMENT,
  `status_track_number` varchar(100) NOT NULL,
  `status_name` varchar(50) NOT NULL,
  `fk_approval_flow_id` int(100) NOT NULL,
  `status_approval_sequence` int(10) NOT NULL,
  `status_backflow_sequence` int(10) NOT NULL,
  `status_approval_direction` int(5) NOT NULL COMMENT '1-straight jumps, 0 - return jumps, -1 - reverse jump',
  `status_is_requiring_approver_action` int(5) NOT NULL DEFAULT '1',
  `status_created_date` date NOT NULL,
  `status_created_by` int(100) NOT NULL,
  `status_last_modified_date` timestamp NOT NULL DEFAULT CURRENT_TIMESTAMP ON UPDATE CURRENT_TIMESTAMP,
  `status_last_modified_by` int(100) NOT NULL,
  `fk_approval_id` int(100) DEFAULT NULL,
  `fk_status_id` int(100) DEFAULT NULL,
  PRIMARY KEY (`status_id`),
  KEY `fk_approval_flow_id` (`fk_approval_flow_id`),
  CONSTRAINT `status_ibfk_1` FOREIGN KEY (`fk_approval_flow_id`) REFERENCES `approval_flow` (`approval_flow_id`)
) ENGINE=InnoDB DEFAULT CHARSET=latin1;

INSERT INTO `status` (`status_id`, `status_track_number`, `status_name`, `fk_approval_flow_id`, `status_approval_sequence`, `status_backflow_sequence`, `status_approval_direction`, `status_is_requiring_approver_action`, `status_created_date`, `status_created_by`, `status_last_modified_date`, `status_last_modified_by`, `fk_approval_id`, `fk_status_id`) VALUES
(1,	'STUS-6521',	'Ready To Submit',	1,	1,	0,	1,	1,	'2020-08-20',	1,	'2020-12-02 16:56:56',	1,	NULL,	NULL),
(2,	'STUS-25931',	'Ready To Submit',	2,	1,	0,	1,	1,	'2020-08-20',	1,	'2020-12-02 16:56:56',	1,	NULL,	NULL),
(3,	'STUS-54547',	'Ready To Submit',	3,	1,	0,	1,	1,	'2020-08-20',	1,	'2020-12-02 16:56:56',	1,	NULL,	NULL),
(4,	'STUS-54571',	'Ready To Submit',	4,	1,	0,	1,	1,	'2020-08-20',	1,	'2020-12-02 16:56:56',	1,	NULL,	NULL),
(5,	'STUS-53273',	'Ready To Submit',	5,	1,	0,	1,	1,	'2020-08-20',	1,	'2020-12-02 16:56:56',	1,	NULL,	NULL),
(6,	'STUS-49579',	'Ready To Submit',	6,	1,	0,	1,	1,	'2020-08-20',	1,	'2020-12-02 16:56:56',	1,	NULL,	NULL),
(7,	'STUS-9017',	'Ready To Submit',	7,	1,	0,	1,	1,	'2020-08-20',	1,	'2020-12-02 16:56:56',	1,	NULL,	NULL),
(8,	'STUS-64156',	'Ready To Submit',	8,	1,	0,	1,	1,	'2020-08-20',	1,	'2020-12-02 16:56:56',	1,	NULL,	NULL),
(9,	'STUS-47904',	'Ready To Submit',	9,	1,	0,	1,	1,	'2020-08-20',	1,	'2020-12-02 16:56:56',	1,	NULL,	NULL),
(10,	'STUS-34552',	'Ready To Submit',	10,	1,	0,	1,	1,	'2020-08-20',	1,	'2020-12-02 16:56:56',	1,	NULL,	NULL),
(11,	'STUS-53880',	'Ready To Submit',	11,	1,	0,	1,	1,	'2020-08-20',	1,	'2020-12-02 16:56:56',	1,	NULL,	NULL),
(12,	'STUS-56806',	'Ready To Submit',	12,	1,	0,	1,	1,	'2020-08-20',	1,	'2020-12-02 16:56:56',	1,	NULL,	NULL),
(13,	'STUS-8258',	'Ready To Submit',	13,	1,	0,	1,	1,	'2020-08-20',	1,	'2020-12-02 16:56:56',	1,	NULL,	NULL),
(14,	'STUS-44217',	'Ready To Submit',	14,	1,	0,	1,	1,	'2020-08-20',	1,	'2020-12-02 16:56:56',	1,	NULL,	NULL),
(15,	'STUS-30673',	'Ready To Submit',	15,	1,	0,	1,	1,	'2020-08-20',	1,	'2020-12-02 16:56:56',	1,	NULL,	NULL),
(16,	'STUS-32130',	'Ready To Submit',	16,	1,	0,	1,	1,	'2020-08-20',	1,	'2020-12-02 16:56:56',	1,	NULL,	NULL),
(17,	'STUS-38807',	'Ready To Submit',	17,	1,	0,	1,	1,	'2020-08-20',	1,	'2020-12-02 16:56:56',	1,	NULL,	NULL),
(18,	'STUS-68660',	'Ready To Submit',	18,	1,	0,	1,	1,	'2020-08-20',	1,	'2020-12-02 16:56:56',	1,	NULL,	NULL),
(19,	'STUS-71102',	'Ready To Submit',	19,	1,	0,	1,	1,	'2020-08-20',	1,	'2020-12-02 16:56:56',	1,	NULL,	NULL),
(20,	'STUS-46537',	'Ready To Submit',	20,	1,	0,	1,	1,	'2020-08-20',	1,	'2020-12-02 16:56:56',	1,	NULL,	NULL),
(21,	'STUS-25757',	'Ready To Submit',	21,	1,	0,	1,	1,	'2020-08-20',	1,	'2020-12-02 16:56:56',	1,	NULL,	NULL),
(22,	'STUS-67082',	'Ready To Submit',	22,	1,	0,	1,	1,	'2020-08-20',	1,	'2020-12-02 16:56:56',	1,	NULL,	NULL),
(23,	'STUS-39783',	'Ready To Submit',	23,	1,	0,	1,	1,	'2020-08-20',	1,	'2020-12-02 16:56:56',	1,	NULL,	NULL),
(24,	'STUS-65110',	'Ready To Submit',	24,	1,	0,	1,	1,	'2020-08-20',	1,	'2020-12-02 16:56:56',	1,	NULL,	NULL),
(25,	'STUS-30765',	'Ready To Submit',	25,	1,	0,	1,	1,	'2020-08-20',	1,	'2020-12-02 16:56:56',	1,	NULL,	NULL),
(26,	'STUS-70217',	'Ready To Submit',	26,	1,	0,	1,	1,	'2020-08-20',	1,	'2020-12-02 16:56:56',	1,	NULL,	NULL),
(27,	'STUS-13894',	'Ready To Submit',	27,	1,	0,	1,	1,	'2020-08-20',	1,	'2020-12-02 16:56:56',	1,	NULL,	NULL),
(28,	'STUS-30363',	'Ready To Submit',	28,	1,	0,	1,	1,	'2020-08-20',	1,	'2020-12-02 16:56:56',	1,	NULL,	NULL),
(29,	'STUS-35950',	'Ready To Submit',	29,	1,	0,	1,	1,	'2020-08-20',	1,	'2020-12-02 16:56:56',	1,	NULL,	NULL),
(30,	'STUS-67356',	'Ready To Submit',	30,	1,	0,	1,	1,	'2020-08-20',	1,	'2020-12-02 16:56:56',	1,	NULL,	NULL),
(31,	'STUS-18936',	'Ready To Submit',	31,	1,	0,	1,	1,	'2020-08-20',	1,	'2020-12-02 16:56:56',	1,	NULL,	NULL),
(32,	'STUS-62655',	'Ready To Submit',	32,	1,	0,	1,	1,	'2020-08-20',	1,	'2020-12-02 16:56:56',	1,	NULL,	NULL),
(33,	'STUS-18428',	'Ready To Submit',	33,	1,	0,	1,	1,	'2020-08-20',	1,	'2020-12-02 16:56:56',	1,	NULL,	NULL),
(34,	'STUS-44018',	'Ready To Submit',	34,	1,	0,	1,	1,	'2020-08-20',	1,	'2020-12-02 16:56:56',	1,	NULL,	NULL),
(35,	'STUS-36620',	'Ready To Submit',	35,	1,	0,	1,	1,	'2020-08-20',	1,	'2020-12-02 16:56:56',	1,	NULL,	NULL),
(36,	'STUS-17333',	'Ready To Submit',	36,	1,	0,	1,	1,	'2020-08-20',	1,	'2020-12-02 16:56:56',	1,	NULL,	NULL),
(37,	'STUS-25974',	'Ready To Submit',	37,	1,	0,	1,	1,	'2020-08-20',	1,	'2020-12-02 16:56:56',	1,	NULL,	NULL),
(38,	'STUS-14322',	'Ready To Submit',	38,	1,	0,	1,	1,	'2020-08-20',	1,	'2020-12-02 16:56:56',	1,	NULL,	NULL),
(39,	'STUS-78841',	'Ready To Submit',	39,	1,	0,	1,	1,	'2020-08-20',	1,	'2020-12-02 16:56:56',	1,	NULL,	NULL),
(40,	'STUS-64869',	'Ready To Submit',	40,	1,	0,	1,	1,	'2020-08-20',	1,	'2020-12-02 16:56:56',	1,	NULL,	NULL),
(41,	'STUS-37451',	'Ready To Submit',	41,	1,	0,	1,	1,	'2020-08-20',	1,	'2020-12-02 16:56:56',	1,	NULL,	NULL),
(42,	'STUS-36599',	'Ready To Submit',	42,	1,	0,	1,	1,	'2020-08-20',	1,	'2020-12-02 16:56:56',	1,	NULL,	NULL),
(43,	'STUS-36059',	'Ready To Submit',	43,	1,	0,	1,	1,	'2020-08-20',	1,	'2020-12-02 16:56:56',	1,	NULL,	NULL),
(44,	'STUS-45523',	'Ready To Submit',	44,	1,	0,	1,	1,	'2020-08-20',	1,	'2020-12-02 16:56:56',	1,	NULL,	NULL),
(45,	'STUS-71777',	'Ready To Submit',	45,	1,	0,	1,	1,	'2020-08-20',	1,	'2020-12-02 16:56:56',	1,	NULL,	NULL),
(46,	'STUS-53865',	'Ready To Submit',	46,	1,	0,	1,	1,	'2020-08-20',	1,	'2020-12-02 16:56:56',	1,	NULL,	NULL),
(47,	'STUS-34057',	'Ready To Submit',	47,	1,	0,	1,	1,	'2020-08-20',	1,	'2020-12-02 16:56:56',	1,	NULL,	NULL),
(48,	'STUS-7850',	'Ready To Submit',	48,	1,	0,	1,	1,	'2020-08-20',	1,	'2020-12-02 16:56:56',	1,	NULL,	NULL),
(49,	'STUS-26603',	'Ready To Submit',	49,	1,	0,	1,	1,	'2020-08-20',	1,	'2020-12-02 16:56:56',	1,	NULL,	NULL),
(50,	'STUS-46816',	'Ready To Submit',	50,	1,	0,	1,	1,	'2020-08-20',	1,	'2020-12-02 16:56:56',	1,	NULL,	NULL),
(51,	'STUS-86204',	'Ready To Submit',	51,	1,	0,	1,	1,	'2020-08-20',	1,	'2020-12-02 16:56:56',	1,	NULL,	NULL),
(52,	'STUS-75465',	'Ready To Submit',	52,	1,	0,	1,	1,	'2020-08-20',	1,	'2020-12-02 16:56:56',	1,	NULL,	NULL),
(53,	'STUS-34924',	'Ready To Submit',	53,	1,	0,	1,	1,	'2020-08-20',	1,	'2020-12-02 16:56:56',	1,	NULL,	NULL),
(54,	'STUS-2021',	'Ready To Submit',	54,	1,	0,	1,	1,	'2020-08-20',	1,	'2020-12-02 16:56:56',	1,	NULL,	NULL),
(55,	'STUS-50695',	'Ready To Submit',	55,	1,	0,	1,	1,	'2020-08-20',	1,	'2020-12-02 16:56:56',	1,	NULL,	NULL),
(56,	'STUS-27611',	'Ready To Submit',	56,	1,	0,	1,	1,	'2020-08-20',	1,	'2020-12-02 16:56:56',	1,	NULL,	NULL),
(57,	'STUS-38047',	'Ready To Submit',	57,	1,	0,	1,	1,	'2020-08-20',	1,	'2020-12-02 16:56:56',	1,	NULL,	NULL),
(58,	'STUS-85414',	'Ready To Submit',	58,	1,	0,	1,	1,	'2020-08-20',	1,	'2020-12-02 16:56:56',	1,	NULL,	NULL),
(59,	'STUS-52888',	'Ready To Submit',	59,	1,	0,	1,	1,	'2020-08-20',	1,	'2020-12-02 16:56:56',	1,	NULL,	NULL),
(60,	'STUS-70612',	'Ready To Submit',	60,	1,	0,	1,	1,	'2020-08-20',	1,	'2020-12-02 16:56:56',	1,	NULL,	NULL),
(61,	'STUS-34167',	'Ready To Submit',	61,	1,	0,	1,	1,	'2020-08-20',	1,	'2020-12-02 16:56:56',	1,	NULL,	NULL),
(62,	'STUS-82507',	'Ready To Submit',	62,	1,	0,	1,	1,	'2020-08-20',	1,	'2020-12-02 16:56:56',	1,	NULL,	NULL),
(63,	'STUS-32734',	'Ready To Submit',	63,	1,	0,	1,	1,	'2020-08-20',	1,	'2020-12-02 16:56:56',	1,	NULL,	NULL),
(64,	'STUS-35566',	'Ready To Submit',	64,	1,	0,	1,	1,	'2020-08-20',	1,	'2020-12-02 16:56:56',	1,	NULL,	NULL),
(65,	'STUS-37206',	'Ready To Submit',	65,	1,	0,	1,	1,	'2020-08-20',	1,	'2020-12-02 16:56:56',	1,	NULL,	NULL),
(66,	'STUS-82231',	'Ready To Submit',	66,	1,	0,	1,	1,	'2020-08-20',	1,	'2020-12-02 16:56:56',	1,	NULL,	NULL),
(67,	'STUS-3843',	'Ready To Submit',	67,	1,	0,	1,	1,	'2020-08-20',	1,	'2020-12-02 16:56:56',	1,	NULL,	NULL),
(68,	'STUS-60232',	'Ready To Submit',	68,	1,	0,	1,	1,	'2020-08-20',	1,	'2020-12-02 16:56:56',	1,	NULL,	NULL),
(69,	'STUS-11026',	'Ready To Submit',	69,	1,	0,	1,	1,	'2020-08-20',	1,	'2020-12-02 16:56:56',	1,	NULL,	NULL),
(70,	'STUS-47581',	'Ready To Submit',	70,	1,	0,	1,	1,	'2020-08-20',	1,	'2020-12-02 16:56:56',	1,	NULL,	NULL),
(71,	'STUS-71514',	'Ready To Submit',	71,	1,	0,	1,	1,	'2020-08-20',	1,	'2020-12-02 16:56:56',	1,	NULL,	NULL),
(72,	'STUS-85021',	'Ready To Submit',	72,	1,	0,	1,	1,	'2020-08-20',	1,	'2020-12-02 16:56:56',	1,	NULL,	NULL),
(73,	'STUS-4595',	'Ready To Submit',	73,	1,	0,	1,	1,	'2020-08-20',	1,	'2020-12-02 16:56:56',	1,	NULL,	NULL),
(74,	'STUS-66306',	'Ready To Submit',	74,	1,	0,	1,	1,	'2020-08-20',	1,	'2020-12-02 16:56:56',	1,	NULL,	NULL),
(75,	'STUS-47676',	'Ready To Submit',	75,	1,	0,	1,	1,	'2020-08-20',	1,	'2020-12-02 16:56:56',	1,	NULL,	NULL),
(76,	'STUS-12612',	'Ready To Submit',	76,	1,	0,	1,	1,	'2020-08-20',	1,	'2020-12-02 16:56:56',	1,	NULL,	NULL),
(77,	'STUS-26121',	'Ready To Submit',	77,	1,	0,	1,	1,	'2020-08-20',	1,	'2020-12-02 16:56:56',	1,	NULL,	NULL),
(78,	'STUS-56014',	'Ready To Submit',	78,	1,	0,	1,	1,	'2020-08-20',	1,	'2020-12-02 16:56:56',	1,	NULL,	NULL),
(79,	'STUS-40492',	'Ready To Submit',	79,	1,	0,	1,	1,	'2020-08-20',	1,	'2020-12-02 16:56:56',	1,	NULL,	NULL),
(80,	'STUS-57974',	'Ready To Submit',	80,	1,	0,	1,	1,	'2020-08-20',	1,	'2020-12-02 16:56:56',	1,	NULL,	NULL),
(81,	'STUS-27014',	'Ready To Submit',	81,	1,	0,	1,	1,	'2020-08-20',	1,	'2020-12-02 16:56:56',	1,	NULL,	NULL),
(82,	'STUS-89537',	'Ready To Submit',	82,	1,	0,	1,	1,	'2020-08-20',	1,	'2020-12-02 16:56:56',	1,	NULL,	NULL),
(83,	'STUS-69795',	'Ready To Submit',	83,	1,	0,	1,	1,	'2020-08-21',	1,	'2020-12-02 16:56:56',	1,	NULL,	NULL),
(84,	'STUS-39870',	'Ready To Submit',	84,	1,	0,	1,	1,	'2020-08-21',	1,	'2020-12-02 16:56:56',	1,	NULL,	NULL),
(85,	'STUS-16940',	'Ready To Submit',	85,	1,	0,	1,	1,	'2020-08-21',	1,	'2020-12-02 16:56:56',	1,	NULL,	NULL),
(86,	'STUS-29105',	'Ready To Submit',	86,	1,	0,	1,	1,	'2020-08-21',	1,	'2020-12-02 16:56:56',	1,	NULL,	NULL),
(87,	'STUS-16686',	'Ready To Submit',	87,	1,	0,	1,	1,	'2020-08-21',	1,	'2020-12-02 16:56:56',	1,	NULL,	NULL),
(88,	'STUS-57420',	'Ready To Submit',	88,	1,	0,	1,	1,	'2020-08-21',	1,	'2020-12-02 16:56:56',	1,	NULL,	NULL),
(89,	'STUS-86065',	'Ready To Submit',	89,	1,	0,	1,	1,	'2020-08-21',	1,	'2020-12-02 16:56:56',	1,	NULL,	NULL),
(90,	'STUS-31741',	'Ready To Submit',	90,	1,	0,	1,	1,	'2020-08-21',	1,	'2020-12-02 16:56:56',	1,	NULL,	NULL),
(91,	'STUS-85096',	'Ready To Submit',	91,	1,	0,	1,	1,	'2020-08-21',	1,	'2020-12-02 16:56:56',	1,	NULL,	NULL),
(92,	'STUS-38487',	'Ready To Submit',	92,	1,	0,	1,	1,	'2020-08-21',	1,	'2020-12-02 16:56:56',	1,	NULL,	NULL),
(93,	'STUS-56443',	'Ready To Submit',	93,	1,	0,	1,	1,	'2020-08-21',	1,	'2020-12-02 16:56:56',	1,	NULL,	NULL),
(94,	'STUS-41588',	'Ready To Submit',	94,	1,	0,	1,	1,	'2020-08-21',	1,	'2020-12-02 16:56:56',	1,	NULL,	NULL),
(95,	'STUS-1042',	'Ready To Submit',	95,	1,	0,	1,	1,	'2020-08-21',	1,	'2020-12-02 16:56:56',	1,	NULL,	NULL),
(96,	'STUS-88383',	'Ready To Submit',	96,	1,	0,	1,	1,	'2020-08-21',	1,	'2020-12-02 16:56:56',	1,	NULL,	NULL),
(97,	'STUS-19373',	'Ready To Submit',	97,	1,	0,	1,	1,	'2020-08-21',	1,	'2020-12-02 16:56:56',	1,	NULL,	NULL),
(98,	'STUS-62152',	'Ready To Submit',	98,	1,	0,	1,	1,	'2020-08-21',	1,	'2020-12-02 16:56:56',	1,	NULL,	NULL),
(99,	'STUS-58681',	'Ready To Submit',	99,	1,	0,	1,	1,	'2020-08-21',	1,	'2020-12-02 16:56:56',	1,	NULL,	NULL),
(100,	'STUS-70539',	'Ready To Submit',	100,	1,	0,	1,	1,	'2020-08-21',	1,	'2020-12-02 16:56:56',	1,	NULL,	NULL),
(101,	'STUS-78270',	'Ready To Submit',	101,	1,	0,	1,	1,	'2020-08-21',	1,	'2020-12-02 16:56:56',	1,	NULL,	NULL),
(102,	'STUS-75828',	'Ready To Submit',	102,	1,	0,	1,	1,	'2020-08-21',	1,	'2020-12-02 16:56:56',	1,	NULL,	NULL),
(103,	'STUS-41529',	'Ready To Submit',	103,	1,	0,	1,	1,	'2020-08-21',	1,	'2020-12-02 16:56:56',	1,	NULL,	NULL),
(104,	'STUS-2315',	'Ready To Submit',	104,	1,	0,	1,	1,	'2020-08-21',	1,	'2020-12-02 16:56:56',	1,	NULL,	NULL),
(105,	'STUS-36789',	'Ready To Submit',	105,	1,	0,	1,	1,	'2020-08-21',	1,	'2020-12-02 16:56:56',	1,	NULL,	NULL),
(106,	'STUS-82473',	'Ready To Submit',	106,	1,	0,	1,	1,	'2020-08-21',	1,	'2020-12-02 16:56:56',	1,	NULL,	NULL),
(107,	'STUS-53598',	'Ready To Submit',	107,	1,	0,	1,	1,	'2020-08-21',	1,	'2020-12-02 16:56:56',	1,	NULL,	NULL),
(108,	'STUS-80262',	'Ready To Submit',	108,	1,	0,	1,	1,	'2020-08-21',	1,	'2020-12-02 16:56:56',	1,	NULL,	NULL),
(109,	'STUS-59351',	'Ready To Submit',	109,	1,	0,	1,	1,	'2020-08-21',	1,	'2020-12-02 16:56:56',	1,	NULL,	NULL),
(110,	'STUS-47533',	'Ready To Submit',	110,	1,	0,	1,	1,	'2020-08-21',	1,	'2020-12-02 16:56:56',	1,	NULL,	NULL),
(111,	'STUS-40428',	'Ready To Submit',	111,	1,	0,	1,	1,	'2020-08-21',	1,	'2020-12-02 16:56:56',	1,	NULL,	NULL),
(112,	'STUS-31204',	'Ready To Submit',	112,	1,	0,	1,	1,	'2020-08-21',	1,	'2020-12-02 16:56:56',	1,	NULL,	NULL),
(113,	'STUS-32024',	'Ready To Submit',	113,	1,	0,	1,	1,	'2020-08-21',	3,	'2020-12-02 16:56:56',	3,	NULL,	NULL),
(114,	'STUS-28403',	'Ready To Submit',	114,	1,	0,	1,	1,	'2020-08-21',	3,	'2020-12-02 16:56:56',	3,	NULL,	NULL),
(115,	'STUS-50565',	'Ready To Submit',	115,	1,	0,	1,	1,	'2020-08-21',	3,	'2020-12-02 16:56:56',	3,	NULL,	NULL),
(116,	'STUS-65904',	'Ready To Submit',	116,	1,	0,	1,	1,	'2020-08-21',	3,	'2020-12-02 16:56:56',	3,	NULL,	NULL),
(117,	'STUS-27114',	'Ready To Submit',	117,	1,	0,	1,	1,	'2020-08-21',	3,	'2020-12-02 16:56:56',	3,	NULL,	NULL),
(118,	'STUS-85024',	'Ready To Submit',	118,	1,	0,	1,	1,	'2020-08-21',	3,	'2020-12-02 16:56:56',	3,	NULL,	NULL),
(119,	'STUS-79424',	'Ready To Submit',	119,	1,	0,	1,	1,	'2020-08-21',	3,	'2020-12-02 16:56:56',	3,	NULL,	NULL),
(120,	'STUS-37662',	'Ready To Submit',	120,	1,	0,	1,	1,	'2020-08-21',	3,	'2020-12-02 16:56:56',	3,	NULL,	NULL),
(121,	'STUS-6341',	'Ready To Submit',	121,	1,	0,	1,	1,	'2020-08-21',	3,	'2020-12-02 16:56:56',	3,	NULL,	NULL),
(122,	'STUS-56856',	'Ready To Submit',	122,	1,	0,	1,	1,	'2020-08-21',	3,	'2020-12-02 16:56:56',	3,	NULL,	NULL),
(123,	'STUS-7243',	'Ready To Submit',	123,	1,	0,	1,	1,	'2020-08-21',	3,	'2020-12-02 16:56:56',	3,	NULL,	NULL),
(124,	'STUS-42604',	'Ready To Submit',	124,	1,	0,	1,	1,	'2020-08-21',	3,	'2020-12-02 16:56:56',	3,	NULL,	NULL),
(125,	'STUS-14245',	'Ready To Submit',	125,	1,	0,	1,	1,	'2020-08-21',	3,	'2020-12-02 16:56:56',	3,	NULL,	NULL),
(126,	'STUS-28144',	'Ready To Submit',	126,	1,	0,	1,	1,	'2020-08-21',	3,	'2020-12-02 16:56:56',	3,	NULL,	NULL),
(127,	'STUS-8657',	'Ready To Submit',	127,	1,	0,	1,	1,	'2020-08-21',	3,	'2020-12-02 16:56:56',	3,	NULL,	NULL),
(128,	'STUS-15393',	'Ready To Submit',	128,	1,	0,	1,	1,	'2020-08-21',	3,	'2020-12-02 16:56:56',	3,	NULL,	NULL),
(129,	'STUS-22118',	'Ready To Submit',	129,	1,	0,	1,	1,	'2020-08-21',	3,	'2020-12-02 16:56:56',	3,	NULL,	NULL),
(130,	'STUS-13079',	'Ready To Submit',	130,	1,	0,	1,	1,	'2020-08-21',	3,	'2020-12-02 16:56:56',	3,	NULL,	NULL),
(131,	'STUS-61133',	'Ready To Submit',	131,	1,	0,	1,	1,	'2020-08-21',	3,	'2020-12-02 16:56:56',	3,	NULL,	NULL),
(132,	'STUS-44602',	'Ready To Submit',	132,	1,	0,	1,	1,	'2020-08-21',	3,	'2020-12-02 16:56:56',	3,	NULL,	NULL),
(133,	'STUS-76876',	'Ready To Submit',	133,	1,	0,	1,	1,	'2020-08-21',	3,	'2020-12-02 16:56:56',	3,	NULL,	NULL),
(134,	'STUS-59363',	'Ready To Submit',	134,	1,	0,	1,	1,	'2020-08-21',	3,	'2020-12-02 16:56:56',	3,	NULL,	NULL),
(135,	'STUS-72124',	'Ready To Submit',	135,	1,	0,	1,	1,	'2020-08-21',	3,	'2020-12-02 16:56:56',	3,	NULL,	NULL),
(136,	'STUS-36862',	'Ready To Submit',	136,	1,	0,	1,	1,	'2020-08-21',	3,	'2020-12-02 16:56:56',	3,	NULL,	NULL),
(137,	'STUS-86089',	'Ready To Submit',	137,	1,	0,	1,	1,	'2020-08-21',	3,	'2020-12-02 16:56:56',	3,	NULL,	NULL),
(138,	'STUS-85805',	'Ready To Submit',	138,	1,	0,	1,	1,	'2020-08-21',	3,	'2020-12-02 16:56:56',	3,	NULL,	NULL),
(139,	'STUS-39260',	'Ready To Submit',	139,	1,	0,	1,	1,	'2020-08-21',	3,	'2020-12-02 16:56:56',	3,	NULL,	NULL),
(140,	'STUS-30592',	'Ready To Submit',	140,	1,	0,	1,	1,	'2020-08-25',	4,	'2020-12-02 16:56:56',	4,	NULL,	NULL),
(141,	'STUS-51910',	'Ready To Submit',	141,	1,	0,	1,	1,	'2020-08-25',	4,	'2020-12-02 16:56:56',	4,	NULL,	NULL),
(142,	'STUS-36524',	'Ready To Submit',	142,	1,	0,	1,	1,	'2020-08-25',	4,	'2020-12-02 16:56:56',	4,	NULL,	NULL),
(143,	'STUS-35177',	'Ready To Submit',	143,	1,	0,	1,	1,	'2020-08-25',	4,	'2020-12-02 16:56:56',	4,	NULL,	NULL),
(144,	'STUS-24264',	'Ready To Submit',	144,	1,	0,	1,	1,	'2020-08-25',	4,	'2020-12-02 16:56:56',	4,	NULL,	NULL),
(145,	'STUS-60238',	'Ready To Submit',	145,	1,	0,	1,	1,	'2020-09-01',	1,	'2020-12-02 16:56:56',	1,	NULL,	NULL),
(146,	'STUS-89207',	'Ready To Submit',	146,	1,	0,	1,	1,	'2020-09-01',	1,	'2020-12-02 16:56:56',	1,	NULL,	NULL),
(147,	'STUS-3342',	'Ready To Submit',	147,	1,	0,	1,	1,	'2020-09-01',	1,	'2020-12-02 16:56:56',	1,	NULL,	NULL),
(148,	'STUS-30834',	'Ready To Submit',	148,	1,	0,	1,	1,	'2020-09-01',	1,	'2020-12-02 16:56:56',	1,	NULL,	NULL),
(149,	'STUS-70899',	'Ready To Submit',	149,	1,	0,	1,	1,	'2020-09-01',	1,	'2020-12-02 16:56:56',	1,	NULL,	NULL),
(150,	'STUS-57953',	'Ready To Submit',	150,	1,	0,	1,	1,	'2020-09-01',	1,	'2020-12-02 16:56:56',	1,	NULL,	NULL),
(151,	'STUS-81220',	'Ready To Submit',	151,	1,	0,	1,	1,	'2020-09-01',	1,	'2020-12-02 16:56:56',	1,	NULL,	NULL),
(152,	'STUS-60326',	'Ready To Submit',	152,	1,	0,	1,	1,	'2020-09-01',	1,	'2020-12-02 16:56:56',	1,	NULL,	NULL),
(153,	'STUS-83610',	'Ready To Submit',	153,	1,	0,	1,	1,	'2020-09-01',	1,	'2020-12-02 16:56:56',	1,	NULL,	NULL),
(154,	'STUS-2042',	'Ready To Submit',	154,	1,	0,	1,	1,	'2020-09-01',	1,	'2020-12-02 16:56:56',	1,	NULL,	NULL),
(155,	'STUS-27883',	'Ready To Submit',	155,	1,	0,	1,	1,	'2020-09-01',	1,	'2020-12-02 16:56:56',	1,	NULL,	NULL),
(156,	'STUS-27198',	'Ready To Submit',	156,	1,	0,	1,	1,	'2020-09-01',	1,	'2020-12-02 16:56:56',	1,	NULL,	NULL),
(157,	'STUS-83639',	'Ready To Submit',	157,	1,	0,	1,	1,	'2020-09-01',	1,	'2020-12-02 16:56:56',	1,	NULL,	NULL),
(158,	'STUS-32834',	'Ready To Submit',	158,	1,	0,	1,	1,	'2020-09-01',	1,	'2020-12-02 16:56:56',	1,	NULL,	NULL),
(159,	'STUS-18035',	'Ready To Submit',	159,	1,	0,	1,	1,	'2020-09-01',	1,	'2020-12-02 16:56:56',	1,	NULL,	NULL),
(160,	'STUS-56330',	'Ready To Submit',	160,	1,	0,	1,	1,	'2020-09-01',	1,	'2020-12-02 16:56:56',	1,	NULL,	NULL),
(161,	'STUS-82813',	'Ready To Submit',	161,	1,	0,	1,	1,	'2020-09-01',	1,	'2020-12-02 16:56:56',	1,	NULL,	NULL),
(162,	'STUS-87082',	'Ready To Submit',	162,	1,	0,	1,	1,	'2020-09-01',	1,	'2020-12-02 16:56:56',	1,	NULL,	NULL),
(163,	'STUS-77193',	'Ready To Submit',	163,	1,	0,	1,	1,	'2020-09-01',	1,	'2020-12-02 16:56:56',	1,	NULL,	NULL),
(164,	'STUS-29286',	'Ready To Submit',	164,	1,	0,	1,	1,	'2020-09-01',	1,	'2020-12-02 16:56:56',	1,	NULL,	NULL),
(165,	'STUS-69184',	'Ready To Submit',	165,	1,	0,	1,	1,	'2020-09-01',	1,	'2020-12-02 16:56:56',	1,	NULL,	NULL),
(166,	'STUS-67411',	'Ready To Submit',	166,	1,	0,	1,	1,	'2020-09-01',	1,	'2020-12-02 16:56:56',	1,	NULL,	NULL),
(167,	'STUS-83309',	'Ready To Submit',	167,	1,	0,	1,	1,	'2020-09-01',	1,	'2020-12-02 16:56:56',	1,	NULL,	NULL),
(168,	'STUS-89803',	'Ready To Submit',	168,	1,	0,	1,	1,	'2020-09-01',	1,	'2020-12-02 16:56:56',	1,	NULL,	NULL),
(169,	'STUS-14685',	'Ready To Submit',	169,	1,	0,	1,	1,	'2020-09-01',	1,	'2020-12-02 16:56:56',	1,	NULL,	NULL),
(170,	'STUS-85677',	'Ready To Submit',	170,	1,	0,	1,	1,	'2020-09-01',	1,	'2020-12-02 16:56:56',	1,	NULL,	NULL),
(171,	'STUS-31314',	'Ready To Submit',	171,	1,	0,	1,	1,	'2020-09-01',	1,	'2020-12-02 16:56:56',	1,	NULL,	NULL),
(172,	'STUS-64767',	'Ready To Submit',	172,	1,	0,	1,	1,	'2020-09-01',	1,	'2020-12-02 16:56:56',	1,	NULL,	NULL),
(173,	'STUS-88270',	'Ready To Submit',	173,	1,	0,	1,	1,	'2020-09-01',	1,	'2020-12-02 16:56:56',	1,	NULL,	NULL),
(174,	'STUS-89619',	'Ready To Submit',	174,	1,	0,	1,	1,	'2020-09-01',	1,	'2020-12-02 16:56:56',	1,	NULL,	NULL),
(175,	'STUS-9389',	'Ready To Submit',	175,	1,	0,	1,	1,	'2020-09-01',	4,	'2020-12-02 16:56:56',	4,	NULL,	NULL),
(176,	'STUS-4462',	'Ready To Submit',	176,	1,	0,	1,	1,	'2020-09-01',	4,	'2020-12-02 16:56:56',	4,	NULL,	NULL),
(177,	'STUS-37997',	'Ready To Submit',	177,	1,	0,	1,	1,	'2020-09-01',	4,	'2020-12-02 16:56:56',	4,	NULL,	NULL),
(178,	'STUS-11100',	'Ready To Submit',	178,	1,	0,	1,	1,	'2020-09-01',	4,	'2020-12-02 16:56:56',	4,	NULL,	NULL),
(179,	'STUS-66085',	'Ready To Submit',	179,	1,	0,	1,	1,	'2020-09-01',	4,	'2020-12-02 16:56:56',	4,	NULL,	NULL),
(180,	'STUS-16999',	'Ready To Submit',	180,	1,	0,	1,	1,	'2020-09-01',	4,	'2020-12-02 16:56:56',	4,	NULL,	NULL),
(181,	'STUS-2481',	'Ready To Submit',	181,	1,	0,	1,	1,	'2020-09-01',	4,	'2020-12-02 16:56:56',	4,	NULL,	NULL),
(182,	'STUS-12465',	'Ready To Submit',	182,	1,	0,	1,	1,	'2020-09-01',	4,	'2020-12-02 16:56:56',	4,	NULL,	NULL),
(183,	'STUS-31931',	'Ready To Submit',	183,	1,	0,	1,	1,	'2020-09-01',	4,	'2020-12-02 16:56:56',	4,	NULL,	NULL),
(184,	'STUS-42388',	'Ready To Submit',	184,	1,	0,	1,	1,	'2020-11-03',	1,	'2020-12-02 16:56:56',	1,	NULL,	NULL),
(185,	'STUS-54369',	'Ready To Submit',	185,	1,	0,	1,	1,	'2020-11-03',	1,	'2020-12-02 16:56:56',	1,	NULL,	NULL),
(186,	'STUS-56103',	'Ready To Submit',	186,	1,	0,	1,	1,	'2020-11-03',	1,	'2020-12-02 16:56:56',	1,	NULL,	NULL),
(187,	'STUS-69789',	'Ready To Submit',	187,	1,	0,	1,	1,	'2020-11-03',	1,	'2020-12-02 16:56:56',	1,	NULL,	NULL),
(188,	'STUS-25557',	'Ready To Submit',	188,	1,	0,	1,	1,	'2020-11-03',	1,	'2020-12-02 16:56:56',	1,	NULL,	NULL),
(189,	'STUS-89244',	'Ready To Submit',	189,	1,	0,	1,	1,	'2020-11-03',	1,	'2020-12-02 16:56:56',	1,	NULL,	NULL),
(190,	'STUS-29366',	'Ready To Submit',	190,	1,	0,	1,	1,	'2020-11-03',	1,	'2020-12-02 16:56:56',	1,	NULL,	NULL),
(191,	'STUS-6784',	'Ready To Submit',	191,	1,	0,	1,	1,	'2020-11-03',	1,	'2020-12-02 16:56:56',	1,	NULL,	NULL),
(192,	'STUS-89654',	'Ready To Submit',	192,	1,	0,	1,	1,	'2020-11-03',	1,	'2020-12-02 16:56:56',	1,	NULL,	NULL),
(193,	'STUS-27491',	'Ready To Submit',	193,	1,	0,	1,	1,	'2020-11-03',	1,	'2020-12-02 16:56:56',	1,	NULL,	NULL),
(194,	'STUS-48042',	'Ready To Submit',	194,	1,	0,	1,	1,	'2020-11-03',	1,	'2020-12-02 16:56:56',	1,	NULL,	NULL),
(195,	'STUS-26591',	'Ready To Submit',	195,	1,	0,	1,	1,	'2020-11-03',	1,	'2020-12-02 16:56:56',	1,	NULL,	NULL),
(196,	'STUS-48038',	'Ready To Submit',	196,	1,	0,	1,	1,	'2020-11-03',	1,	'2020-12-02 16:56:56',	1,	NULL,	NULL),
(197,	'STUS-10431',	'Ready To Submit',	197,	1,	0,	1,	1,	'2020-11-03',	1,	'2020-12-02 16:56:56',	1,	NULL,	NULL),
(198,	'STUS-77605',	'Ready To Submit',	198,	1,	0,	1,	1,	'2020-11-03',	1,	'2020-12-02 16:56:56',	1,	NULL,	NULL),
(199,	'STUS-55848',	'Ready To Submit',	199,	1,	0,	1,	1,	'2020-11-03',	1,	'2020-12-02 16:56:56',	1,	NULL,	NULL),
(200,	'STUS-48081',	'Ready To Submit',	200,	1,	0,	1,	1,	'2020-11-17',	10,	'2020-12-02 16:56:56',	10,	NULL,	NULL),
(201,	'STUS-55537',	'Ready To Submit',	201,	1,	0,	1,	1,	'2020-11-17',	10,	'2020-12-02 16:56:56',	10,	NULL,	NULL),
(202,	'STUS-46260',	'Ready To Submit',	202,	1,	0,	1,	1,	'2020-11-17',	10,	'2020-12-02 16:56:56',	10,	NULL,	NULL),
(203,	'STUS-74352',	'Ready To Submit',	203,	1,	0,	1,	1,	'2020-12-09',	1,	'2020-12-09 10:13:56',	1,	NULL,	NULL),
(204,	'STUS-56735',	'Fully Approved',	203,	2,	0,	1,	0,	'2020-12-09',	1,	'2021-01-25 10:25:34',	1,	NULL,	NULL),
(205,	'STUS-89020',	'Ready To Submit',	204,	1,	0,	1,	1,	'2020-12-09',	1,	'2020-12-09 10:13:56',	1,	NULL,	NULL),
(206,	'STUS-79648',	'Fully Approved',	204,	2,	0,	1,	0,	'2020-12-09',	1,	'2021-01-25 10:25:34',	1,	NULL,	NULL),
(207,	'STUS-16454',	'Ready To Submit',	205,	1,	0,	1,	1,	'2020-12-09',	1,	'2020-12-09 10:13:56',	1,	NULL,	NULL),
(208,	'STUS-32619',	'Fully Approved',	205,	2,	0,	1,	0,	'2020-12-09',	1,	'2021-01-25 10:25:34',	1,	NULL,	NULL),
(209,	'STUS-47521',	'Ready To Submit',	206,	1,	0,	1,	1,	'2020-12-09',	1,	'2020-12-09 10:13:56',	1,	NULL,	NULL),
(210,	'STUS-29957',	'Fully Approved',	206,	2,	0,	1,	0,	'2020-12-09',	1,	'2021-01-25 10:25:34',	1,	NULL,	NULL),
(211,	'STUS-59654',	'Ready To Submit',	207,	1,	0,	1,	1,	'2020-12-09',	1,	'2020-12-09 10:13:57',	1,	NULL,	NULL),
(212,	'STUS-5434',	'Fully Approved',	207,	2,	0,	1,	0,	'2020-12-09',	1,	'2021-01-25 10:25:34',	1,	NULL,	NULL),
(213,	'STUS-53135',	'Ready To Submit',	208,	1,	0,	1,	1,	'2020-12-09',	1,	'2020-12-09 10:13:57',	1,	NULL,	NULL),
(214,	'STUS-60971',	'Fully Approved',	208,	2,	0,	1,	0,	'2020-12-09',	1,	'2021-01-25 10:25:34',	1,	NULL,	NULL),
(215,	'STUS-22254',	'Ready To Submit',	209,	1,	0,	1,	1,	'2020-12-09',	1,	'2020-12-09 10:13:57',	1,	NULL,	NULL),
(216,	'STUS-37243',	'Fully Approved',	209,	2,	0,	1,	0,	'2020-12-09',	1,	'2021-01-25 10:25:34',	1,	NULL,	NULL),
(217,	'STUS-76320',	'Ready To Submit',	210,	1,	0,	1,	1,	'2020-12-09',	1,	'2020-12-09 10:13:57',	1,	NULL,	NULL),
(218,	'STUS-79830',	'Fully Approved',	210,	2,	0,	1,	0,	'2020-12-09',	1,	'2021-01-25 10:25:34',	1,	NULL,	NULL),
(219,	'STUS-64779',	'Ready To Submit',	211,	1,	0,	1,	1,	'2020-12-09',	1,	'2020-12-09 10:13:57',	1,	NULL,	NULL),
(220,	'STUS-39962',	'Fully Approved',	211,	2,	0,	1,	0,	'2020-12-09',	1,	'2021-01-25 10:25:34',	1,	NULL,	NULL),
(221,	'STUS-1941',	'Ready To Submit',	212,	1,	0,	1,	1,	'2020-12-09',	1,	'2020-12-09 10:13:57',	1,	NULL,	NULL),
(222,	'STUS-71903',	'Fully Approved',	212,	2,	0,	1,	0,	'2020-12-09',	1,	'2021-01-25 10:25:34',	1,	NULL,	NULL),
(223,	'STUS-54216',	'Ready To Submit',	213,	1,	0,	1,	1,	'2020-12-09',	1,	'2020-12-09 10:13:57',	1,	NULL,	NULL),
(224,	'STUS-72006',	'Fully Approved',	213,	2,	0,	1,	0,	'2020-12-09',	1,	'2021-01-25 10:25:34',	1,	NULL,	NULL),
(225,	'STUS-24552',	'Ready To Submit',	214,	1,	0,	1,	1,	'2020-12-09',	1,	'2020-12-09 10:13:57',	1,	NULL,	NULL),
(226,	'STUS-39494',	'Fully Approved',	214,	2,	0,	1,	0,	'2020-12-09',	1,	'2021-01-25 10:25:34',	1,	NULL,	NULL),
(227,	'STUS-73161',	'Ready To Submit',	215,	1,	0,	1,	1,	'2020-12-09',	1,	'2020-12-09 10:13:57',	1,	NULL,	NULL),
(228,	'STUS-39932',	'Fully Approved',	215,	2,	0,	1,	0,	'2020-12-09',	1,	'2021-01-25 10:25:34',	1,	NULL,	NULL),
(229,	'STUS-11468',	'Ready To Submit',	216,	1,	0,	1,	1,	'2020-12-09',	1,	'2020-12-09 10:13:57',	1,	NULL,	NULL),
(230,	'STUS-88806',	'Fully Approved',	216,	2,	0,	1,	0,	'2020-12-09',	1,	'2021-01-25 10:25:34',	1,	NULL,	NULL),
(231,	'STUS-16329',	'Ready To Submit',	217,	1,	0,	1,	1,	'2020-12-09',	1,	'2020-12-09 10:13:57',	1,	NULL,	NULL),
(232,	'STUS-19917',	'Fully Approved',	217,	2,	0,	1,	0,	'2020-12-09',	1,	'2021-01-25 10:25:34',	1,	NULL,	NULL),
(233,	'STUS-17849',	'Ready To Submit',	218,	1,	0,	1,	1,	'2020-12-09',	1,	'2020-12-09 10:13:57',	1,	NULL,	NULL),
(234,	'STUS-11944',	'Fully Approved',	218,	2,	0,	1,	0,	'2020-12-09',	1,	'2021-01-25 10:25:34',	1,	NULL,	NULL),
(235,	'STUS-76637',	'Ready To Submit',	219,	1,	0,	1,	1,	'2020-12-09',	1,	'2020-12-09 10:13:57',	1,	NULL,	NULL),
(236,	'STUS-14415',	'Fully Approved',	219,	2,	0,	1,	0,	'2020-12-09',	1,	'2021-01-25 10:25:34',	1,	NULL,	NULL),
(237,	'STUS-56154',	'Ready To Submit',	220,	1,	0,	1,	1,	'2020-12-09',	1,	'2020-12-09 10:13:57',	1,	NULL,	NULL),
(238,	'STUS-22139',	'Fully Approved',	220,	2,	0,	1,	0,	'2020-12-09',	1,	'2021-01-25 10:25:34',	1,	NULL,	NULL),
(239,	'STUS-84281',	'Ready To Submit',	221,	1,	0,	1,	1,	'2020-12-09',	1,	'2020-12-09 10:13:57',	1,	NULL,	NULL),
(240,	'STUS-50830',	'Fully Approved',	221,	2,	0,	1,	0,	'2020-12-09',	1,	'2021-01-25 10:25:34',	1,	NULL,	NULL),
(241,	'STUS-11807',	'Ready To Submit',	222,	1,	0,	1,	1,	'2020-12-09',	1,	'2020-12-09 10:13:57',	1,	NULL,	NULL),
(242,	'STUS-62768',	'Fully Approved',	222,	2,	0,	1,	0,	'2020-12-09',	1,	'2021-01-25 10:25:34',	1,	NULL,	NULL),
(243,	'STUS-56128',	'Ready To Submit',	223,	1,	0,	1,	1,	'2020-12-09',	1,	'2020-12-09 10:13:57',	1,	NULL,	NULL),
(244,	'STUS-76451',	'Fully Approved',	223,	2,	0,	1,	0,	'2020-12-09',	1,	'2021-01-25 10:25:34',	1,	NULL,	NULL),
(245,	'STUS-22871',	'Ready To Submit',	224,	1,	0,	1,	1,	'2020-12-09',	1,	'2020-12-09 10:13:57',	1,	NULL,	NULL),
(246,	'STUS-27374',	'Fully Approved',	224,	2,	0,	1,	0,	'2020-12-09',	1,	'2021-01-25 10:25:34',	1,	NULL,	NULL),
(247,	'STUS-63714',	'Ready To Submit',	225,	1,	0,	1,	1,	'2020-12-09',	1,	'2020-12-09 10:13:57',	1,	NULL,	NULL),
(248,	'STUS-71353',	'Fully Approved',	225,	2,	0,	1,	0,	'2020-12-09',	1,	'2021-01-25 10:25:34',	1,	NULL,	NULL),
(249,	'STUS-70305',	'Ready To Submit',	226,	1,	0,	1,	1,	'2020-12-09',	1,	'2020-12-09 10:13:57',	1,	NULL,	NULL),
(250,	'STUS-48416',	'Fully Approved',	226,	2,	0,	1,	0,	'2020-12-09',	1,	'2021-01-25 10:25:34',	1,	NULL,	NULL),
(251,	'STUS-30730',	'Ready To Submit',	227,	1,	0,	1,	1,	'2020-12-09',	1,	'2020-12-09 10:13:58',	1,	NULL,	NULL),
(252,	'STUS-31692',	'Fully Approved',	227,	2,	0,	1,	0,	'2020-12-09',	1,	'2021-01-25 10:25:34',	1,	NULL,	NULL),
(253,	'STUS-52287',	'Ready To Submit',	228,	1,	0,	1,	1,	'2020-12-09',	1,	'2020-12-09 10:13:58',	1,	NULL,	NULL),
(254,	'STUS-64274',	'Fully Approved',	228,	2,	0,	1,	0,	'2020-12-09',	1,	'2021-01-25 10:25:34',	1,	NULL,	NULL),
(255,	'STUS-47673',	'Ready To Submit',	229,	1,	0,	1,	1,	'2020-12-09',	1,	'2020-12-09 10:13:58',	1,	NULL,	NULL),
(256,	'STUS-12760',	'Fully Approved',	229,	2,	0,	1,	0,	'2020-12-09',	1,	'2021-01-25 10:25:34',	1,	NULL,	NULL),
(257,	'STUS-38310',	'Ready To Submit',	230,	1,	0,	1,	1,	'2020-12-09',	1,	'2020-12-09 10:13:58',	1,	NULL,	NULL),
(258,	'STUS-19519',	'Fully Approved',	230,	2,	0,	1,	0,	'2020-12-09',	1,	'2021-01-25 10:25:34',	1,	NULL,	NULL),
(259,	'STUS-44828',	'Fully Approved',	71,	2,	0,	1,	0,	'2020-12-09',	1,	'2021-01-25 10:25:34',	1,	NULL,	NULL),
(260,	'STUS-89385',	'Ready To Submit',	231,	1,	0,	1,	1,	'2020-12-09',	1,	'2020-12-09 10:13:58',	1,	NULL,	NULL),
(261,	'STUS-26994',	'Fully Approved',	231,	2,	0,	1,	0,	'2020-12-09',	1,	'2021-01-25 10:25:34',	1,	NULL,	NULL),
(262,	'STUS-61642',	'Ready To Submit',	232,	1,	0,	1,	1,	'2020-12-09',	1,	'2020-12-09 10:13:58',	1,	NULL,	NULL),
(263,	'STUS-76921',	'Fully Approved',	232,	2,	0,	1,	0,	'2020-12-09',	1,	'2021-01-25 10:25:34',	1,	NULL,	NULL),
(264,	'STUS-88653',	'Ready To Submit',	233,	1,	0,	1,	1,	'2020-12-09',	1,	'2020-12-09 10:13:58',	1,	NULL,	NULL),
(265,	'STUS-65448',	'Fully Approved',	233,	2,	0,	1,	0,	'2020-12-09',	1,	'2021-01-25 10:25:34',	1,	NULL,	NULL),
(266,	'STUS-25795',	'Fully Approved',	43,	2,	0,	1,	0,	'2020-12-09',	1,	'2021-01-25 10:25:34',	1,	NULL,	NULL),
(267,	'STUS-26317',	'Fully Approved',	84,	2,	0,	1,	0,	'2020-12-09',	1,	'2021-01-25 10:25:34',	1,	NULL,	NULL),
(268,	'STUS-82017',	'Fully Approved',	95,	2,	0,	1,	0,	'2020-12-09',	1,	'2021-01-25 10:25:34',	1,	NULL,	NULL),
(269,	'STUS-36448',	'Fully Approved',	96,	2,	0,	1,	0,	'2020-12-09',	1,	'2021-01-25 10:25:34',	1,	NULL,	NULL),
(270,	'STUS-77043',	'Fully Approved',	74,	2,	0,	1,	0,	'2020-12-09',	1,	'2021-01-25 10:25:34',	1,	NULL,	NULL),
(271,	'STUS-52407',	'Fully Approved',	89,	2,	0,	1,	0,	'2020-12-09',	1,	'2021-01-25 10:25:34',	1,	NULL,	NULL),
(272,	'STUS-49366',	'Fully Approved',	105,	2,	0,	1,	0,	'2020-12-09',	1,	'2021-01-25 10:25:34',	1,	NULL,	NULL),
(273,	'STUS-89874',	'Fully Approved',	106,	2,	0,	1,	0,	'2020-12-09',	1,	'2021-01-25 10:25:34',	1,	NULL,	NULL),
(274,	'STUS-83005',	'Fully Approved',	25,	2,	0,	1,	0,	'2020-12-09',	11,	'2021-01-25 10:25:34',	11,	NULL,	NULL),
(275,	'STUS-14427',	'Ready To Submit',	234,	1,	0,	1,	1,	'2020-12-09',	11,	'2020-12-09 11:23:10',	11,	NULL,	NULL),
(276,	'STUS-36066',	'Fully Approved',	234,	2,	0,	1,	0,	'2020-12-09',	11,	'2021-01-25 10:25:34',	11,	NULL,	NULL),
(277,	'STUS-78803',	'Ready To Submit',	235,	1,	0,	1,	1,	'2020-12-09',	11,	'2020-12-09 11:23:10',	11,	NULL,	NULL),
(278,	'STUS-40859',	'Fully Approved',	235,	2,	0,	1,	0,	'2020-12-09',	11,	'2021-01-25 10:25:34',	11,	NULL,	NULL),
(279,	'STUS-83837',	'Ready To Submit',	236,	1,	0,	1,	1,	'2020-12-09',	11,	'2020-12-09 11:23:10',	11,	NULL,	NULL),
(280,	'STUS-10938',	'Fully Approved',	236,	2,	0,	1,	0,	'2020-12-09',	11,	'2021-01-25 10:25:34',	11,	NULL,	NULL),
(281,	'STUS-85793',	'Fully Approved',	34,	2,	0,	1,	0,	'2020-12-09',	11,	'2021-01-25 10:25:34',	11,	NULL,	NULL),
(282,	'STUS-37399',	'Fully Approved',	119,	2,	0,	1,	0,	'2020-12-09',	11,	'2021-01-25 10:25:34',	11,	NULL,	NULL),
(283,	'STUS-26709',	'Fully Approved',	120,	2,	0,	1,	0,	'2020-12-09',	11,	'2021-01-25 10:25:34',	11,	NULL,	NULL),
(284,	'STUS-2301',	'Fully Approved',	121,	2,	0,	1,	0,	'2020-12-09',	11,	'2021-01-25 10:25:34',	11,	NULL,	NULL),
(285,	'STUS-22950',	'Fully Approved',	29,	2,	0,	1,	0,	'2020-12-09',	11,	'2021-01-25 10:25:34',	11,	NULL,	NULL),
(286,	'STUS-71211',	'Fully Approved',	122,	2,	0,	1,	0,	'2020-12-09',	11,	'2021-01-25 10:25:34',	11,	NULL,	NULL),
(287,	'STUS-20734',	'Fully Approved',	123,	2,	0,	1,	0,	'2020-12-09',	11,	'2021-01-25 10:32:51',	11,	NULL,	NULL),
(288,	'STUS-88856',	'Fully Approved',	124,	2,	0,	1,	0,	'2020-12-09',	11,	'2021-01-25 10:32:51',	11,	NULL,	NULL),
(289,	'STUS-10558',	'Fully Approved',	62,	2,	0,	1,	0,	'2020-12-10',	11,	'2021-01-25 10:32:51',	11,	NULL,	NULL),
(290,	'STUS-1431',	'Fully Approved',	137,	2,	0,	1,	0,	'2020-12-10',	11,	'2021-01-25 10:32:51',	11,	NULL,	NULL),
(291,	'STUS-4658',	'Fully Approved',	138,	2,	0,	1,	0,	'2020-12-10',	11,	'2021-01-25 10:32:51',	11,	NULL,	NULL),
(292,	'STUS-41632',	'Fully Approved',	139,	2,	0,	1,	0,	'2020-12-10',	11,	'2021-01-25 10:32:51',	11,	NULL,	NULL),
(293,	'STUS-77190',	'Fully Approved',	58,	2,	0,	1,	0,	'2020-12-10',	11,	'2021-01-25 10:32:51',	11,	NULL,	NULL),
(294,	'STUS-62488',	'Fully Approved',	128,	2,	0,	1,	0,	'2020-12-10',	11,	'2021-01-25 10:32:51',	11,	NULL,	NULL),
(295,	'STUS-19027',	'Fully Approved',	129,	2,	0,	1,	0,	'2020-12-10',	11,	'2021-01-25 10:32:51',	11,	NULL,	NULL),
(296,	'STUS-15010',	'Fully Approved',	130,	2,	0,	1,	0,	'2020-12-10',	11,	'2021-01-25 10:32:51',	11,	NULL,	NULL),
(297,	'STUS-44943',	'Fully Approved',	3,	2,	0,	1,	0,	'2020-12-10',	11,	'2021-01-25 10:32:51',	11,	NULL,	NULL),
(298,	'STUS-22651',	'Fully Approved',	90,	2,	0,	1,	0,	'2020-12-10',	11,	'2021-01-25 10:32:51',	11,	NULL,	NULL),
(299,	'STUS-86594',	'Fully Approved',	140,	2,	0,	1,	0,	'2020-12-10',	11,	'2021-01-25 10:32:51',	11,	NULL,	NULL),
(300,	'STUS-14718',	'Fully Approved',	141,	2,	0,	1,	0,	'2020-12-10',	11,	'2021-01-25 10:32:51',	11,	NULL,	NULL),
(301,	'STUS-81059',	'Fully Approved',	44,	2,	0,	1,	0,	'2020-12-10',	11,	'2021-01-25 10:32:51',	11,	NULL,	NULL),
(302,	'STUS-55041',	'Fully Approved',	142,	2,	0,	1,	0,	'2020-12-10',	11,	'2021-01-25 10:32:51',	11,	NULL,	NULL),
(303,	'STUS-7744',	'Fully Approved',	143,	2,	0,	1,	0,	'2020-12-10',	11,	'2021-01-25 10:32:51',	11,	NULL,	NULL),
(304,	'STUS-28778',	'Fully Approved',	144,	2,	0,	1,	0,	'2020-12-10',	11,	'2021-01-25 10:32:51',	11,	NULL,	NULL),
(305,	'STUS-28824',	'Fully Approved',	38,	2,	0,	1,	0,	'2020-12-10',	11,	'2021-01-25 10:32:51',	11,	NULL,	NULL),
(306,	'STUS-13525',	'Ready To Submit',	237,	1,	0,	1,	1,	'2020-12-10',	11,	'2020-12-10 11:14:39',	11,	NULL,	NULL),
(307,	'STUS-68070',	'Fully Approved',	237,	2,	0,	1,	0,	'2020-12-10',	11,	'2021-01-25 10:32:51',	11,	NULL,	NULL),
(308,	'STUS-44480',	'Ready To Submit',	238,	1,	0,	1,	1,	'2020-12-10',	11,	'2020-12-10 11:14:39',	11,	NULL,	NULL),
(309,	'STUS-33565',	'Fully Approved',	238,	2,	0,	1,	0,	'2020-12-10',	11,	'2021-01-25 10:32:51',	11,	NULL,	NULL),
(310,	'STUS-78967',	'Ready To Submit',	239,	1,	0,	1,	1,	'2020-12-10',	11,	'2020-12-10 11:14:39',	11,	NULL,	NULL),
(311,	'STUS-8212',	'Fully Approved',	239,	2,	0,	1,	0,	'2020-12-10',	11,	'2021-01-25 10:32:51',	11,	NULL,	NULL),
(312,	'STUS-44927',	'Fully Approved',	59,	2,	0,	1,	0,	'2020-12-10',	11,	'2021-01-25 10:32:51',	11,	NULL,	NULL),
(313,	'STUS-21164',	'Fully Approved',	134,	2,	0,	1,	0,	'2020-12-10',	11,	'2021-01-25 10:32:51',	11,	NULL,	NULL),
(314,	'STUS-1828',	'Fully Approved',	135,	2,	0,	1,	0,	'2020-12-10',	11,	'2021-01-25 10:32:51',	11,	NULL,	NULL),
(315,	'STUS-47768',	'Fully Approved',	136,	2,	0,	1,	0,	'2020-12-10',	11,	'2021-01-25 10:32:51',	11,	NULL,	NULL),
(316,	'STUS-81324',	'Fully Approved',	78,	2,	0,	1,	0,	'2020-12-10',	3,	'2021-01-25 10:32:51',	3,	NULL,	NULL),
(317,	'STUS-7774',	'Fully Approved',	113,	2,	0,	1,	0,	'2020-12-10',	3,	'2021-01-25 10:32:51',	3,	NULL,	NULL),
(318,	'STUS-36087',	'Fully Approved',	114,	2,	0,	1,	0,	'2020-12-10',	3,	'2021-01-25 10:32:51',	3,	NULL,	NULL),
(319,	'STUS-74668',	'Fully Approved',	115,	2,	0,	1,	0,	'2020-12-10',	3,	'2021-01-25 10:32:51',	3,	NULL,	NULL),
(320,	'STUS-22032',	'Fully Approved',	80,	2,	0,	1,	0,	'2020-12-10',	1,	'2021-01-25 10:32:51',	1,	NULL,	NULL),
(321,	'STUS-61179',	'Ready To Submit',	240,	1,	0,	1,	1,	'2020-12-10',	1,	'2020-12-10 14:10:10',	1,	NULL,	NULL),
(322,	'STUS-8793',	'Fully Approved',	240,	2,	0,	1,	0,	'2020-12-10',	1,	'2021-01-25 10:32:51',	1,	NULL,	NULL),
(323,	'STUS-40419',	'Ready To Submit',	241,	1,	0,	1,	1,	'2020-12-10',	1,	'2020-12-10 14:10:10',	1,	NULL,	NULL),
(324,	'STUS-7033',	'Fully Approved',	241,	2,	0,	1,	0,	'2020-12-10',	1,	'2021-01-25 10:32:51',	1,	NULL,	NULL),
(325,	'STUS-52063',	'Ready To Submit',	242,	1,	0,	1,	1,	'2020-12-10',	1,	'2020-12-10 14:10:10',	1,	NULL,	NULL),
(326,	'STUS-75376',	'Fully Approved',	242,	2,	0,	1,	0,	'2020-12-10',	1,	'2021-01-25 10:32:51',	1,	NULL,	NULL),
(327,	'STUS-60425',	'Fully Approved',	4,	2,	0,	1,	0,	'2020-12-11',	1,	'2021-01-25 10:32:51',	1,	NULL,	NULL),
(328,	'STUS-69038',	'Fully Approved',	200,	2,	0,	1,	0,	'2020-12-11',	1,	'2021-01-25 10:32:51',	1,	NULL,	NULL),
(329,	'STUS-48672',	'Fully Approved',	201,	2,	0,	1,	0,	'2020-12-11',	1,	'2021-01-25 10:32:51',	1,	NULL,	NULL),
(330,	'STUS-64839',	'Fully Approved',	202,	2,	0,	1,	0,	'2020-12-11',	1,	'2021-01-25 10:32:51',	1,	NULL,	NULL),
(331,	'STUS-53355',	'Fully Approved',	192,	2,	0,	1,	0,	'2020-12-11',	1,	'2021-01-25 10:32:51',	1,	NULL,	NULL),
(332,	'STUS-8360',	'Fully Approved',	193,	2,	0,	1,	0,	'2020-12-11',	1,	'2021-01-25 10:32:51',	1,	NULL,	NULL),
(333,	'STUS-45530',	'Fully Approved',	194,	2,	0,	1,	0,	'2020-12-11',	1,	'2021-01-25 10:32:51',	1,	NULL,	NULL),
(334,	'STUS-78519',	'Fully Approved',	195,	2,	0,	1,	0,	'2020-12-11',	1,	'2021-01-25 10:32:51',	1,	NULL,	NULL),
(335,	'STUS-50010',	'Fully Approved',	69,	2,	0,	1,	0,	'2020-12-11',	1,	'2021-01-25 10:32:51',	1,	NULL,	NULL),
(336,	'STUS-58318',	'Fully Approved',	86,	2,	0,	1,	0,	'2020-12-11',	1,	'2021-01-25 10:32:51',	1,	NULL,	NULL),
(337,	'STUS-46476',	'Fully Approved',	99,	2,	0,	1,	0,	'2020-12-11',	1,	'2021-01-25 10:32:51',	1,	NULL,	NULL),
(338,	'STUS-21992',	'Fully Approved',	100,	2,	0,	1,	0,	'2020-12-11',	1,	'2021-01-25 10:32:51',	1,	NULL,	NULL),
(339,	'STUS-36254',	'Fully Approved',	188,	2,	0,	1,	0,	'2020-12-15',	1,	'2021-01-25 10:32:51',	1,	NULL,	NULL),
(340,	'STUS-22643',	'Fully Approved',	189,	2,	0,	1,	0,	'2020-12-15',	1,	'2021-01-25 10:32:51',	1,	NULL,	NULL),
(341,	'STUS-88540',	'Fully Approved',	190,	2,	0,	1,	0,	'2020-12-15',	1,	'2021-01-25 10:32:51',	1,	NULL,	NULL),
(342,	'STUS-25765',	'Fully Approved',	191,	2,	0,	1,	0,	'2020-12-15',	1,	'2021-01-25 10:32:51',	1,	NULL,	NULL),
(343,	'STUS-6144',	'Fully Approved',	5,	2,	0,	1,	0,	'2020-12-15',	12,	'2021-01-25 10:32:51',	12,	NULL,	NULL),
(344,	'STUS-30640',	'Ready To Submit',	243,	1,	0,	1,	1,	'2020-12-15',	12,	'2020-12-15 03:55:30',	12,	NULL,	NULL),
(345,	'STUS-40536',	'Fully Approved',	243,	2,	0,	1,	0,	'2020-12-15',	12,	'2021-01-25 10:32:51',	12,	NULL,	NULL),
(346,	'STUS-82246',	'Ready To Submit',	244,	1,	0,	1,	1,	'2020-12-15',	12,	'2020-12-15 03:55:30',	12,	NULL,	NULL),
(347,	'STUS-41686',	'Fully Approved',	244,	2,	0,	1,	0,	'2020-12-15',	12,	'2021-01-25 10:32:51',	12,	NULL,	NULL),
(348,	'STUS-58274',	'Ready To Submit',	245,	1,	0,	1,	1,	'2020-12-15',	12,	'2020-12-15 03:55:30',	12,	NULL,	NULL),
(349,	'STUS-30277',	'Fully Approved',	245,	2,	0,	1,	0,	'2020-12-15',	12,	'2021-01-07 09:51:37',	12,	NULL,	NULL),
(350,	'STUS-71371',	'Fully Approved',	6,	2,	0,	1,	0,	'2020-12-15',	12,	'2021-01-25 10:32:51',	12,	NULL,	NULL),
(351,	'STUS-42273',	'Fully Approved',	145,	2,	0,	1,	0,	'2020-12-15',	12,	'2021-01-25 10:32:51',	12,	NULL,	NULL),
(352,	'STUS-70998',	'Fully Approved',	146,	2,	0,	1,	0,	'2020-12-15',	12,	'2021-01-25 10:32:51',	12,	NULL,	NULL),
(353,	'STUS-32723',	'Fully Approved',	147,	2,	0,	1,	0,	'2020-12-15',	12,	'2021-01-25 10:32:51',	12,	NULL,	NULL),
(354,	'STUS-34976',	'Ready To Submit',	246,	1,	0,	1,	1,	'2020-12-15',	12,	'2020-12-15 04:10:36',	12,	NULL,	NULL),
(355,	'STUS-38970',	'Fully Approved',	246,	2,	0,	1,	0,	'2020-12-15',	12,	'2021-01-25 10:32:51',	12,	NULL,	NULL),
(356,	'STUS-45857',	'Ready To Submit',	247,	1,	0,	1,	1,	'2020-12-15',	12,	'2020-12-15 04:10:36',	12,	NULL,	NULL),
(357,	'STUS-8819',	'Fully Approved',	247,	2,	0,	1,	0,	'2020-12-15',	12,	'2021-01-25 10:32:51',	12,	NULL,	NULL),
(358,	'STUS-12079',	'Ready To Submit',	248,	1,	0,	1,	1,	'2020-12-15',	12,	'2020-12-15 04:10:36',	12,	NULL,	NULL),
(359,	'STUS-20600',	'Fully Approved',	248,	2,	0,	1,	0,	'2020-12-15',	12,	'2021-01-25 10:32:51',	12,	NULL,	NULL),
(360,	'STUS-48288',	'Ready To Submit',	249,	1,	0,	1,	1,	'2020-12-15',	12,	'2020-12-15 04:10:36',	12,	NULL,	NULL),
(361,	'STUS-12646',	'Fully Approved',	249,	2,	0,	1,	0,	'2020-12-15',	12,	'2021-01-25 10:32:51',	12,	NULL,	NULL),
(362,	'STUS-54187',	'Ready To Submit',	250,	1,	0,	1,	1,	'2020-12-15',	12,	'2020-12-15 04:10:37',	12,	NULL,	NULL),
(363,	'STUS-30513',	'Fully Approved',	250,	2,	0,	1,	0,	'2020-12-15',	12,	'2021-01-25 10:32:51',	12,	NULL,	NULL),
(364,	'STUS-70938',	'Ready To Submit',	251,	1,	0,	1,	1,	'2020-12-15',	12,	'2020-12-15 04:10:37',	12,	NULL,	NULL),
(365,	'STUS-81916',	'Fully Approved',	251,	2,	0,	1,	0,	'2020-12-15',	12,	'2021-01-25 10:32:51',	12,	NULL,	NULL),
(366,	'STUS-11527',	'Ready To Submit',	252,	1,	0,	1,	1,	'2020-12-15',	12,	'2020-12-15 04:10:37',	12,	NULL,	NULL),
(367,	'STUS-24695',	'Fully Approved',	252,	2,	0,	1,	0,	'2020-12-15',	12,	'2021-01-25 10:32:51',	12,	NULL,	NULL),
(368,	'STUS-26957',	'Ready To Submit',	253,	1,	0,	1,	1,	'2020-12-15',	12,	'2020-12-15 04:10:37',	12,	NULL,	NULL),
(369,	'STUS-25677',	'Fully Approved',	253,	2,	0,	1,	0,	'2020-12-15',	12,	'2021-01-25 10:32:51',	12,	NULL,	NULL),
(370,	'STUS-17822',	'Ready To Submit',	254,	1,	0,	1,	1,	'2020-12-15',	12,	'2020-12-15 04:10:37',	12,	NULL,	NULL),
(371,	'STUS-49045',	'Fully Approved',	254,	2,	0,	1,	0,	'2020-12-15',	12,	'2021-01-25 10:32:51',	12,	NULL,	NULL),
(372,	'STUS-45686',	'Ready To Submit',	255,	1,	0,	1,	1,	'2020-12-15',	12,	'2020-12-15 04:10:37',	12,	NULL,	NULL),
(373,	'STUS-55734',	'Fully Approved',	255,	2,	0,	1,	0,	'2020-12-15',	12,	'2021-01-25 10:32:51',	12,	NULL,	NULL),
(374,	'STUS-39982',	'Ready To Submit',	256,	1,	0,	1,	1,	'2020-12-15',	12,	'2020-12-15 04:10:37',	12,	NULL,	NULL),
(375,	'STUS-62958',	'Fully Approved',	256,	2,	0,	1,	0,	'2020-12-15',	12,	'2021-01-25 10:32:51',	12,	NULL,	NULL),
(376,	'STUS-51661',	'Ready To Submit',	257,	1,	0,	1,	1,	'2020-12-15',	12,	'2020-12-15 04:10:37',	12,	NULL,	NULL),
(377,	'STUS-68365',	'Fully Approved',	257,	2,	0,	1,	0,	'2020-12-15',	12,	'2021-01-25 10:32:51',	12,	NULL,	NULL),
(378,	'STUS-44060',	'Ready To Submit',	258,	1,	0,	1,	1,	'2020-12-15',	12,	'2020-12-15 04:10:37',	12,	NULL,	NULL),
(379,	'STUS-26051',	'Fully Approved',	258,	2,	0,	1,	0,	'2020-12-15',	12,	'2021-01-25 10:32:51',	12,	NULL,	NULL),
(380,	'STUS-88022',	'Ready To Submit',	259,	1,	0,	1,	1,	'2020-12-15',	12,	'2020-12-15 04:10:37',	12,	NULL,	NULL),
(381,	'STUS-67961',	'Fully Approved',	259,	2,	0,	1,	0,	'2020-12-15',	12,	'2021-01-25 10:32:51',	12,	NULL,	NULL),
(382,	'STUS-82687',	'Ready To Submit',	260,	1,	0,	1,	1,	'2020-12-15',	12,	'2020-12-15 04:10:37',	12,	NULL,	NULL),
(383,	'STUS-7539',	'Fully Approved',	260,	2,	0,	1,	0,	'2020-12-15',	12,	'2021-01-25 10:32:51',	12,	NULL,	NULL),
(384,	'STUS-6160',	'Ready To Submit',	261,	1,	0,	1,	1,	'2020-12-15',	12,	'2020-12-15 04:10:37',	12,	NULL,	NULL),
(385,	'STUS-5554',	'Fully Approved',	261,	2,	0,	1,	1,	'2020-12-15',	12,	'2021-01-07 07:21:34',	12,	NULL,	NULL),
(386,	'STUS-43626',	'Fully Approved',	7,	2,	0,	1,	0,	'2020-12-15',	1,	'2021-01-25 10:32:51',	1,	NULL,	NULL),
(387,	'STUS-59864',	'Fully Approved',	148,	2,	0,	1,	0,	'2020-12-15',	1,	'2021-01-25 10:32:51',	1,	NULL,	NULL),
(388,	'STUS-56397',	'Fully Approved',	149,	2,	0,	1,	0,	'2020-12-15',	1,	'2021-01-25 07:45:39',	1,	NULL,	NULL),
(389,	'STUS-88861',	'Fully Approved',	150,	2,	0,	1,	0,	'2020-12-15',	1,	'2021-01-25 10:32:51',	1,	NULL,	NULL),
(390,	'STUS-48883',	'Fully Approved',	76,	2,	0,	1,	0,	'2020-12-15',	46,	'2021-01-25 10:32:51',	46,	NULL,	NULL),
(391,	'STUS-20293',	'Ready To Submit',	262,	1,	0,	1,	1,	'2020-12-15',	46,	'2020-12-15 08:51:55',	46,	NULL,	NULL),
(392,	'STUS-54449',	'Fully Approved',	262,	2,	0,	1,	0,	'2020-12-15',	46,	'2021-01-25 10:32:51',	46,	NULL,	NULL),
(393,	'STUS-3698',	'Ready To Submit',	263,	1,	0,	1,	1,	'2020-12-15',	46,	'2020-12-15 08:51:55',	46,	NULL,	NULL),
(394,	'STUS-72261',	'Fully Approved',	263,	2,	0,	1,	0,	'2020-12-15',	46,	'2021-01-25 10:32:24',	46,	NULL,	NULL),
(395,	'STUS-88526',	'Ready To Submit',	264,	1,	0,	1,	1,	'2020-12-15',	46,	'2020-12-15 08:51:55',	46,	NULL,	NULL),
(396,	'STUS-37734',	'Fully Approved',	264,	2,	0,	1,	0,	'2020-12-15',	46,	'2021-01-25 10:32:51',	46,	NULL,	NULL),
(397,	'STUS-20054',	'Fully Approved',	77,	2,	0,	1,	0,	'2020-12-15',	46,	'2021-01-25 10:32:51',	46,	NULL,	NULL),
(398,	'STUS-1328',	'Ready To Submit',	265,	1,	0,	1,	1,	'2020-12-15',	46,	'2020-12-15 08:51:55',	46,	NULL,	NULL),
(399,	'STUS-55088',	'Fully Approved',	265,	2,	0,	1,	0,	'2020-12-15',	46,	'2021-01-25 10:32:51',	46,	NULL,	NULL),
(400,	'STUS-3812',	'Ready To Submit',	266,	1,	0,	1,	1,	'2020-12-15',	46,	'2020-12-15 08:51:55',	46,	NULL,	NULL),
(401,	'STUS-65507',	'Fully Approved',	266,	2,	0,	1,	0,	'2020-12-15',	46,	'2021-01-25 10:32:51',	46,	NULL,	NULL),
(402,	'STUS-82487',	'Ready To Submit',	267,	1,	0,	1,	1,	'2020-12-15',	46,	'2020-12-15 08:51:55',	46,	NULL,	NULL),
(403,	'STUS-44373',	'Fully Approved',	267,	2,	0,	1,	0,	'2020-12-15',	46,	'2021-01-25 10:32:51',	46,	NULL,	NULL),
(404,	'STUS-35522',	'Fully Approved',	68,	2,	0,	1,	0,	'2020-12-15',	1,	'2021-01-25 10:32:51',	1,	NULL,	NULL),
(405,	'STUS-25082',	'Fully Approved',	85,	2,	0,	1,	0,	'2020-12-15',	1,	'2021-01-25 10:32:51',	1,	NULL,	NULL),
(406,	'STUS-70036',	'Fully Approved',	97,	2,	0,	1,	0,	'2020-12-15',	1,	'2021-01-25 10:32:51',	1,	NULL,	NULL),
(407,	'STUS-56436',	'Fully Approved',	98,	2,	0,	1,	0,	'2020-12-15',	1,	'2021-01-25 10:32:51',	1,	NULL,	NULL),
(408,	'STUS-17891',	'Fully Approved',	51,	2,	0,	1,	0,	'2020-12-15',	1,	'2021-01-25 10:32:51',	1,	NULL,	NULL),
(409,	'STUS-15074',	'Fully Approved',	160,	2,	0,	1,	0,	'2020-12-15',	1,	'2021-01-25 10:32:51',	1,	NULL,	NULL),
(410,	'STUS-23411',	'Fully Approved',	161,	2,	0,	1,	0,	'2020-12-15',	1,	'2021-01-25 10:32:51',	1,	NULL,	NULL),
(411,	'STUS-84044',	'Fully Approved',	162,	2,	0,	1,	0,	'2020-12-15',	1,	'2021-01-25 10:32:51',	1,	NULL,	NULL),
(412,	'STUS-64724',	'Fully Approved',	72,	2,	0,	1,	0,	'2020-12-15',	11,	'2021-01-25 10:32:51',	11,	NULL,	NULL),
(413,	'STUS-31428',	'Ready To Submit',	268,	1,	0,	1,	1,	'2020-12-15',	11,	'2020-12-15 13:26:15',	11,	NULL,	NULL),
(414,	'STUS-44448',	'Fully Approved',	268,	2,	0,	1,	0,	'2020-12-15',	11,	'2021-01-25 10:32:51',	11,	NULL,	NULL),
(415,	'STUS-13763',	'Ready To Submit',	269,	1,	0,	1,	1,	'2020-12-15',	11,	'2020-12-15 13:26:15',	11,	NULL,	NULL),
(416,	'STUS-18906',	'Fully Approved',	269,	2,	0,	1,	0,	'2020-12-15',	11,	'2021-01-25 10:32:51',	11,	NULL,	NULL),
(417,	'STUS-19158',	'Ready To Submit',	270,	1,	0,	1,	1,	'2020-12-15',	11,	'2020-12-15 13:26:15',	11,	NULL,	NULL),
(418,	'STUS-69109',	'Fully Approved',	270,	2,	0,	1,	0,	'2020-12-15',	11,	'2021-01-25 10:32:51',	11,	NULL,	NULL),
(419,	'STUS-77586',	'Fully Approved',	49,	2,	0,	1,	0,	'2020-12-15',	11,	'2021-01-25 10:32:51',	11,	NULL,	NULL),
(420,	'STUS-41273',	'Fully Approved',	154,	2,	0,	1,	0,	'2020-12-15',	11,	'2021-01-25 10:32:51',	11,	NULL,	NULL),
(421,	'STUS-34251',	'Fully Approved',	155,	2,	0,	1,	0,	'2020-12-15',	11,	'2021-01-25 10:32:51',	11,	NULL,	NULL),
(422,	'STUS-33181',	'Fully Approved',	156,	2,	0,	1,	0,	'2020-12-15',	11,	'2021-01-25 10:32:51',	11,	NULL,	NULL),
(423,	'STUS-41652',	'Fully Approved',	48,	2,	0,	1,	0,	'2020-12-15',	11,	'2021-01-25 10:32:51',	11,	NULL,	NULL),
(424,	'STUS-51073',	'Fully Approved',	178,	2,	0,	1,	0,	'2020-12-15',	11,	'2021-01-25 10:32:51',	11,	NULL,	NULL),
(425,	'STUS-34443',	'Fully Approved',	179,	2,	0,	1,	0,	'2020-12-15',	11,	'2021-01-25 10:32:51',	11,	NULL,	NULL),
(426,	'STUS-8737',	'Fully Approved',	180,	2,	0,	1,	0,	'2020-12-15',	11,	'2021-01-25 10:32:51',	11,	NULL,	NULL),
(427,	'STUS-34841',	'Fully Approved',	50,	2,	0,	1,	0,	'2020-12-15',	11,	'2021-01-25 10:32:51',	11,	NULL,	NULL),
(428,	'STUS-62345',	'Fully Approved',	157,	2,	0,	1,	0,	'2020-12-15',	11,	'2021-01-25 10:32:51',	11,	NULL,	NULL),
(429,	'STUS-48997',	'Fully Approved',	158,	2,	0,	1,	0,	'2020-12-15',	11,	'2021-01-25 10:32:51',	11,	NULL,	NULL),
(430,	'STUS-76491',	'Fully Approved',	159,	2,	0,	1,	0,	'2020-12-15',	11,	'2021-01-25 10:32:51',	11,	NULL,	NULL),
(431,	'STUS-73687',	'Fully Approved',	52,	2,	0,	1,	0,	'2020-12-15',	11,	'2021-01-25 10:32:51',	11,	NULL,	NULL),
(432,	'STUS-39610',	'Fully Approved',	163,	2,	0,	1,	0,	'2020-12-15',	11,	'2021-01-25 10:32:51',	11,	NULL,	NULL),
(433,	'STUS-71157',	'Fully Approved',	164,	2,	0,	1,	0,	'2020-12-15',	11,	'2021-01-25 10:32:51',	11,	NULL,	NULL),
(434,	'STUS-46889',	'Fully Approved',	165,	2,	0,	1,	0,	'2020-12-15',	11,	'2021-01-25 10:32:51',	11,	NULL,	NULL),
(435,	'STUS-74045',	'Fully Approved',	47,	2,	0,	1,	0,	'2020-12-15',	11,	'2021-01-25 10:32:51',	11,	NULL,	NULL),
(436,	'STUS-77260',	'Fully Approved',	151,	2,	0,	1,	0,	'2020-12-15',	11,	'2021-01-25 10:32:51',	11,	NULL,	NULL),
(437,	'STUS-18488',	'Fully Approved',	152,	2,	0,	1,	0,	'2020-12-15',	11,	'2021-01-25 10:32:51',	11,	NULL,	NULL),
(438,	'STUS-61101',	'Fully Approved',	153,	2,	0,	1,	0,	'2020-12-15',	11,	'2021-01-25 10:32:51',	11,	NULL,	NULL),
(439,	'STUS-53223',	'Fully Approved',	64,	2,	0,	1,	0,	'2020-12-16',	44,	'2021-01-25 10:32:51',	44,	NULL,	NULL),
(440,	'STUS-41531',	'Ready To Submit',	271,	1,	0,	1,	1,	'2020-12-16',	44,	'2020-12-16 04:06:30',	44,	NULL,	NULL),
(441,	'STUS-16400',	'Fully Approved',	271,	2,	0,	1,	0,	'2020-12-16',	44,	'2021-01-25 10:32:51',	44,	NULL,	NULL),
(442,	'STUS-78045',	'Ready To Submit',	272,	1,	0,	1,	1,	'2020-12-16',	44,	'2020-12-16 04:06:30',	44,	NULL,	NULL),
(443,	'STUS-28858',	'Fully Approved',	272,	2,	0,	1,	0,	'2020-12-16',	44,	'2021-01-25 10:32:51',	44,	NULL,	NULL),
(444,	'STUS-76729',	'Ready To Submit',	273,	1,	0,	1,	1,	'2020-12-16',	44,	'2020-12-16 04:06:30',	44,	NULL,	NULL),
(445,	'STUS-53362',	'Fully Approved',	273,	2,	0,	1,	0,	'2020-12-16',	44,	'2021-01-25 10:32:51',	44,	NULL,	NULL),
(446,	'STUS-48773',	'Fully Approved',	65,	2,	0,	1,	0,	'2020-12-16',	44,	'2021-01-25 10:32:51',	44,	NULL,	NULL),
(447,	'STUS-14113',	'Fully Approved',	172,	2,	0,	1,	0,	'2020-12-16',	44,	'2021-01-25 10:32:51',	44,	NULL,	NULL),
(448,	'STUS-56284',	'Fully Approved',	173,	2,	0,	1,	0,	'2020-12-16',	44,	'2021-01-25 10:32:51',	44,	NULL,	NULL),
(449,	'STUS-12749',	'Fully Approved',	174,	2,	0,	1,	0,	'2020-12-16',	44,	'2021-01-25 10:32:51',	44,	NULL,	NULL),
(450,	'STUS-64455',	'Fully Approved',	35,	2,	0,	1,	0,	'2020-12-16',	44,	'2021-01-25 10:32:51',	44,	NULL,	NULL),
(451,	'STUS-21192',	'Ready To Submit',	274,	1,	0,	1,	1,	'2020-12-16',	44,	'2020-12-16 04:16:13',	44,	NULL,	NULL),
(452,	'STUS-89764',	'Fully Approved',	274,	2,	0,	1,	0,	'2020-12-16',	44,	'2021-01-25 10:32:51',	44,	NULL,	NULL),
(453,	'STUS-33736',	'Ready To Submit',	275,	1,	0,	1,	1,	'2020-12-16',	44,	'2020-12-16 04:16:13',	44,	NULL,	NULL),
(454,	'STUS-75760',	'Fully Approved',	275,	2,	0,	1,	0,	'2020-12-16',	44,	'2021-01-25 10:32:51',	44,	NULL,	NULL),
(455,	'STUS-66607',	'Ready To Submit',	276,	1,	0,	1,	1,	'2020-12-16',	44,	'2020-12-16 04:16:13',	44,	NULL,	NULL),
(456,	'STUS-2266',	'Fully Approved',	276,	2,	0,	1,	0,	'2020-12-16',	44,	'2021-01-25 10:32:51',	44,	NULL,	NULL),
(457,	'STUS-54876',	'Fully Approved',	30,	2,	0,	1,	0,	'2020-12-16',	41,	'2021-01-25 10:32:51',	41,	NULL,	NULL),
(458,	'STUS-33288',	'Ready To Submit',	277,	1,	0,	1,	1,	'2020-12-16',	41,	'2020-12-16 12:59:10',	41,	NULL,	NULL),
(459,	'STUS-7246',	'Fully Approved',	277,	2,	0,	1,	0,	'2020-12-16',	41,	'2021-01-25 10:32:51',	41,	NULL,	NULL),
(460,	'STUS-12130',	'Ready To Submit',	278,	1,	0,	1,	1,	'2020-12-16',	41,	'2020-12-16 12:59:10',	41,	NULL,	NULL),
(461,	'STUS-30669',	'Fully Approved',	278,	2,	0,	1,	0,	'2020-12-16',	41,	'2021-01-25 10:32:51',	41,	NULL,	NULL),
(462,	'STUS-9390',	'Ready To Submit',	279,	1,	0,	1,	1,	'2020-12-16',	41,	'2020-12-16 12:59:10',	41,	NULL,	NULL),
(463,	'STUS-17801',	'Fully Approved',	279,	2,	0,	1,	0,	'2020-12-16',	41,	'2021-01-25 10:32:51',	41,	NULL,	NULL),
(474,	'STUS-73311',	'Reinstate after Allow Edit',	245,	2,	1,	-1,	1,	'2020-12-21',	2,	'2021-01-07 09:46:41',	2,	NULL,	NULL),
(475,	'STUS-73311',	'Reinstated after Edit',	245,	2,	0,	0,	1,	'2020-12-21',	2,	'2021-01-07 09:46:41',	2,	NULL,	NULL),
(476,	'STUS-79571',	'Ready To Submit',	280,	1,	0,	1,	1,	'2021-01-25',	1,	'2021-01-25 07:17:17',	1,	NULL,	NULL),
(477,	'STUS-33599',	'Fully Approved',	280,	2,	0,	1,	0,	'2021-01-25',	1,	'2021-01-25 07:17:17',	1,	NULL,	NULL),
(478,	'STUS-81047',	'Reinstate After Allow Edit',	280,	2,	1,	-1,	1,	'2021-01-25',	1,	'2021-01-25 07:17:17',	1,	NULL,	NULL),
(479,	'STUS-26333',	'Reinstated After Edit',	280,	2,	0,	0,	1,	'2021-01-25',	1,	'2021-01-25 07:17:17',	1,	NULL,	NULL),
(480,	'STUS-4142',	'Ready To Submit',	281,	1,	0,	1,	1,	'2021-01-25',	1,	'2021-01-25 07:17:17',	1,	NULL,	NULL),
(481,	'STUS-5654',	'Fully Approved',	281,	2,	0,	1,	0,	'2021-01-25',	1,	'2021-01-25 07:17:17',	1,	NULL,	NULL),
(482,	'STUS-79576',	'Reinstate After Allow Edit',	281,	2,	1,	-1,	1,	'2021-01-25',	1,	'2021-01-25 07:17:17',	1,	NULL,	NULL),
(483,	'STUS-66453',	'Reinstated After Edit',	281,	2,	0,	0,	1,	'2021-01-25',	1,	'2021-01-25 07:17:17',	1,	NULL,	NULL),
(484,	'STUS-76083',	'Ready To Submit',	282,	1,	0,	1,	1,	'2021-01-25',	1,	'2021-01-25 07:17:17',	1,	NULL,	NULL),
(485,	'STUS-33053',	'Fully Approved',	282,	2,	0,	1,	0,	'2021-01-25',	1,	'2021-01-25 07:17:17',	1,	NULL,	NULL),
(486,	'STUS-81224',	'Reinstate After Allow Edit',	282,	2,	1,	-1,	1,	'2021-01-25',	1,	'2021-01-25 07:17:17',	1,	NULL,	NULL),
(487,	'STUS-48633',	'Reinstated After Edit',	282,	2,	0,	0,	1,	'2021-01-25',	1,	'2021-01-25 07:17:17',	1,	NULL,	NULL),
(488,	'STUS-54474',	'Ready To Submit',	283,	1,	0,	1,	1,	'2021-01-25',	1,	'2021-01-25 07:17:17',	1,	NULL,	NULL),
(489,	'STUS-69403',	'Fully Approved',	283,	2,	0,	1,	0,	'2021-01-25',	1,	'2021-01-25 07:17:17',	1,	NULL,	NULL),
(490,	'STUS-36288',	'Reinstate After Allow Edit',	283,	2,	1,	-1,	1,	'2021-01-25',	1,	'2021-01-25 07:17:17',	1,	NULL,	NULL),
(491,	'STUS-15886',	'Reinstated After Edit',	283,	2,	0,	0,	1,	'2021-01-25',	1,	'2021-01-25 07:17:17',	1,	NULL,	NULL),
(492,	'STUS-48717',	'Ready To Submit',	284,	1,	0,	1,	1,	'2021-01-25',	1,	'2021-01-25 07:17:18',	1,	NULL,	NULL),
(493,	'STUS-42296',	'Fully Approved',	284,	2,	0,	1,	0,	'2021-01-25',	1,	'2021-01-25 07:17:18',	1,	NULL,	NULL),
(494,	'STUS-43809',	'Reinstate After Allow Edit',	284,	2,	1,	-1,	1,	'2021-01-25',	1,	'2021-01-25 07:17:18',	1,	NULL,	NULL),
(495,	'STUS-78775',	'Reinstated After Edit',	284,	2,	0,	0,	1,	'2021-01-25',	1,	'2021-01-25 07:17:18',	1,	NULL,	NULL),
(496,	'STUS-13579',	'Ready To Submit',	285,	1,	0,	1,	1,	'2021-01-25',	1,	'2021-01-25 07:17:18',	1,	NULL,	NULL),
(497,	'STUS-11007',	'Fully Approved',	285,	2,	0,	1,	0,	'2021-01-25',	1,	'2021-01-25 07:17:18',	1,	NULL,	NULL),
(498,	'STUS-62330',	'Reinstate After Allow Edit',	285,	2,	1,	-1,	1,	'2021-01-25',	1,	'2021-01-25 07:17:18',	1,	NULL,	NULL),
(499,	'STUS-5167',	'Reinstated After Edit',	285,	2,	0,	0,	1,	'2021-01-25',	1,	'2021-01-25 07:17:18',	1,	NULL,	NULL),
(500,	'STUS-55927',	'Ready To Submit',	286,	1,	0,	1,	1,	'2021-01-25',	1,	'2021-01-25 07:17:18',	1,	NULL,	NULL),
(501,	'STUS-39043',	'Fully Approved',	286,	2,	0,	1,	0,	'2021-01-25',	1,	'2021-01-25 07:17:18',	1,	NULL,	NULL),
(502,	'STUS-3770',	'Reinstate After Allow Edit',	286,	2,	1,	-1,	1,	'2021-01-25',	1,	'2021-01-25 07:17:18',	1,	NULL,	NULL),
(503,	'STUS-18695',	'Reinstated After Edit',	286,	2,	0,	0,	1,	'2021-01-25',	1,	'2021-01-25 07:17:18',	1,	NULL,	NULL),
(504,	'STUS-52862',	'Ready To Submit',	287,	1,	0,	1,	1,	'2021-01-25',	1,	'2021-01-25 07:17:18',	1,	NULL,	NULL),
(505,	'STUS-77306',	'Fully Approved',	287,	2,	0,	1,	0,	'2021-01-25',	1,	'2021-01-25 07:17:18',	1,	NULL,	NULL),
(506,	'STUS-63550',	'Reinstate After Allow Edit',	287,	2,	1,	-1,	1,	'2021-01-25',	1,	'2021-01-25 07:17:18',	1,	NULL,	NULL),
(507,	'STUS-52063',	'Reinstated After Edit',	287,	2,	0,	0,	1,	'2021-01-25',	1,	'2021-01-25 07:17:18',	1,	NULL,	NULL),
(508,	'STUS-35903',	'Ready To Submit',	288,	1,	0,	1,	1,	'2021-01-25',	1,	'2021-01-25 07:17:19',	1,	NULL,	NULL),
(509,	'STUS-35901',	'Fully Approved',	288,	2,	0,	1,	0,	'2021-01-25',	1,	'2021-01-25 07:17:19',	1,	NULL,	NULL),
(510,	'STUS-75218',	'Reinstate After Allow Edit',	288,	2,	1,	-1,	1,	'2021-01-25',	1,	'2021-01-25 07:17:19',	1,	NULL,	NULL),
(511,	'STUS-23963',	'Reinstated After Edit',	288,	2,	0,	0,	1,	'2021-01-25',	1,	'2021-01-25 07:17:19',	1,	NULL,	NULL),
(512,	'STUS-55992',	'Ready To Submit',	289,	1,	0,	1,	1,	'2021-01-25',	1,	'2021-01-25 07:17:19',	1,	NULL,	NULL),
(513,	'STUS-19034',	'Fully Approved',	289,	2,	0,	1,	0,	'2021-01-25',	1,	'2021-01-25 07:17:19',	1,	NULL,	NULL),
(514,	'STUS-53795',	'Reinstate After Allow Edit',	289,	2,	1,	-1,	1,	'2021-01-25',	1,	'2021-01-25 07:17:19',	1,	NULL,	NULL),
(515,	'STUS-85611',	'Reinstated After Edit',	289,	2,	0,	0,	1,	'2021-01-25',	1,	'2021-01-25 07:17:19',	1,	NULL,	NULL),
(516,	'STUS-53032',	'Ready To Submit',	290,	1,	0,	1,	1,	'2021-01-25',	1,	'2021-01-25 07:17:19',	1,	NULL,	NULL),
(517,	'STUS-73099',	'Fully Approved',	290,	2,	0,	1,	0,	'2021-01-25',	1,	'2021-01-25 07:17:19',	1,	NULL,	NULL),
(518,	'STUS-21979',	'Reinstate After Allow Edit',	290,	2,	1,	-1,	1,	'2021-01-25',	1,	'2021-01-25 07:17:19',	1,	NULL,	NULL),
(519,	'STUS-75388',	'Reinstated After Edit',	290,	2,	0,	0,	1,	'2021-01-25',	1,	'2021-01-25 07:17:19',	1,	NULL,	NULL),
(520,	'STUS-43337',	'Ready To Submit',	291,	1,	0,	1,	1,	'2021-01-25',	1,	'2021-01-25 07:17:19',	1,	NULL,	NULL),
(521,	'STUS-26328',	'Fully Approved',	291,	2,	0,	1,	0,	'2021-01-25',	1,	'2021-01-25 07:17:19',	1,	NULL,	NULL),
(522,	'STUS-39363',	'Reinstate After Allow Edit',	291,	2,	1,	-1,	1,	'2021-01-25',	1,	'2021-01-25 07:17:19',	1,	NULL,	NULL),
(523,	'STUS-21547',	'Reinstated After Edit',	291,	2,	0,	0,	1,	'2021-01-25',	1,	'2021-01-25 07:17:19',	1,	NULL,	NULL),
(524,	'STUS-26856',	'Fully Approved',	28,	2,	0,	1,	0,	'2021-01-25',	1,	'2021-01-25 08:00:40',	1,	NULL,	NULL),
(525,	'STUS-62144',	'Reinstate After Allow Edit',	28,	2,	1,	-1,	1,	'2021-01-25',	1,	'2021-01-25 08:00:40',	1,	NULL,	NULL),
(526,	'STUS-38571',	'Reinstated After Edit',	28,	2,	0,	0,	1,	'2021-01-25',	1,	'2021-01-25 08:00:40',	1,	NULL,	NULL),
(527,	'STUS-24819',	'Fully Approved',	88,	2,	0,	1,	0,	'2021-01-25',	1,	'2021-01-25 08:00:40',	1,	NULL,	NULL),
(528,	'STUS-22065',	'Reinstate After Allow Edit',	88,	2,	1,	-1,	1,	'2021-01-25',	1,	'2021-01-25 08:00:40',	1,	NULL,	NULL),
(529,	'STUS-54793',	'Reinstated After Edit',	88,	2,	0,	0,	1,	'2021-01-25',	1,	'2021-01-25 08:00:40',	1,	NULL,	NULL),
(530,	'STUS-31232',	'Fully Approved',	103,	2,	0,	1,	0,	'2021-01-25',	1,	'2021-01-25 08:00:40',	1,	NULL,	NULL),
(531,	'STUS-69689',	'Reinstate After Allow Edit',	103,	2,	1,	-1,	1,	'2021-01-25',	1,	'2021-01-25 08:00:40',	1,	NULL,	NULL),
(532,	'STUS-25049',	'Reinstated After Edit',	103,	2,	0,	0,	1,	'2021-01-25',	1,	'2021-01-25 08:00:40',	1,	NULL,	NULL),
(533,	'STUS-24499',	'Fully Approved',	104,	2,	0,	1,	0,	'2021-01-25',	1,	'2021-01-25 08:00:40',	1,	NULL,	NULL),
(534,	'STUS-32896',	'Reinstate After Allow Edit',	104,	2,	1,	-1,	1,	'2021-01-25',	1,	'2021-01-25 08:00:40',	1,	NULL,	NULL),
(535,	'STUS-40858',	'Reinstated After Edit',	104,	2,	0,	0,	1,	'2021-01-25',	1,	'2021-01-25 08:00:40',	1,	NULL,	NULL),
(536,	'STUS-2679',	'Ready To Submit',	292,	1,	0,	1,	1,	'2021-01-25',	1,	'2021-01-25 10:27:27',	1,	NULL,	NULL),
(537,	'STUS-9137',	'Fully Approved',	292,	2,	0,	1,	0,	'2021-01-25',	1,	'2021-01-25 10:27:27',	1,	NULL,	NULL),
(538,	'STUS-52002',	'Reinstate After Allow Edit',	292,	2,	1,	-1,	1,	'2021-01-25',	1,	'2021-01-25 10:27:27',	1,	NULL,	NULL),
(539,	'STUS-75629',	'Reinstated After Edit',	292,	2,	0,	0,	1,	'2021-01-25',	1,	'2021-01-25 10:27:27',	1,	NULL,	NULL),
(540,	'STUS-81209',	'Ready To Submit',	293,	1,	0,	1,	1,	'2021-01-25',	1,	'2021-01-25 10:27:27',	1,	NULL,	NULL),
(541,	'STUS-20185',	'Fully Approved',	293,	2,	0,	1,	0,	'2021-01-25',	1,	'2021-01-25 10:27:27',	1,	NULL,	NULL),
(542,	'STUS-78967',	'Reinstate After Allow Edit',	293,	2,	1,	-1,	1,	'2021-01-25',	1,	'2021-01-25 10:27:27',	1,	NULL,	NULL),
(543,	'STUS-86192',	'Reinstated After Edit',	293,	2,	0,	0,	1,	'2021-01-25',	1,	'2021-01-25 10:27:27',	1,	NULL,	NULL),
(544,	'STUS-56164',	'Ready To Submit',	294,	1,	0,	1,	1,	'2021-01-25',	1,	'2021-01-25 10:27:27',	1,	NULL,	NULL),
(545,	'STUS-68754',	'Fully Approved',	294,	2,	0,	1,	0,	'2021-01-25',	1,	'2021-01-25 10:27:27',	1,	NULL,	NULL),
(546,	'STUS-66998',	'Reinstate After Allow Edit',	294,	2,	1,	-1,	1,	'2021-01-25',	1,	'2021-01-25 10:27:27',	1,	NULL,	NULL),
(547,	'STUS-5155',	'Reinstated After Edit',	294,	2,	0,	0,	1,	'2021-01-25',	1,	'2021-01-25 10:27:27',	1,	NULL,	NULL),
(548,	'STUS-75471',	'Ready To Submit',	295,	1,	0,	1,	1,	'2021-01-25',	1,	'2021-01-25 10:27:27',	1,	NULL,	NULL),
(549,	'STUS-43483',	'Fully Approved',	295,	2,	0,	1,	0,	'2021-01-25',	1,	'2021-01-25 10:27:27',	1,	NULL,	NULL),
(550,	'STUS-40494',	'Reinstate After Allow Edit',	295,	2,	1,	-1,	1,	'2021-01-25',	1,	'2021-01-25 10:27:27',	1,	NULL,	NULL),
(551,	'STUS-1804',	'Reinstated After Edit',	295,	2,	0,	0,	1,	'2021-01-25',	1,	'2021-01-25 10:27:27',	1,	NULL,	NULL),
(552,	'STUS-53403',	'Fully Approved',	45,	2,	0,	1,	0,	'2021-01-25',	1,	'2021-01-25 12:15:14',	1,	NULL,	NULL),
(553,	'STUS-8778',	'Reinstate After Allow Edit',	45,	2,	1,	-1,	1,	'2021-01-25',	1,	'2021-01-25 12:15:14',	1,	NULL,	NULL),
(554,	'STUS-12815',	'Reinstated After Edit',	45,	2,	0,	0,	1,	'2021-01-25',	1,	'2021-01-25 12:15:14',	1,	NULL,	NULL),
(555,	'STUS-54382',	'Fully Approved',	181,	2,	0,	1,	0,	'2021-01-25',	1,	'2021-01-25 12:15:14',	1,	NULL,	NULL),
(556,	'STUS-6084',	'Reinstate After Allow Edit',	181,	2,	1,	-1,	1,	'2021-01-25',	1,	'2021-01-25 12:15:14',	1,	NULL,	NULL),
(557,	'STUS-40145',	'Reinstated After Edit',	181,	2,	0,	0,	1,	'2021-01-25',	1,	'2021-01-25 12:15:14',	1,	NULL,	NULL),
(558,	'STUS-85343',	'Fully Approved',	182,	2,	0,	1,	0,	'2021-01-25',	1,	'2021-01-25 12:15:14',	1,	NULL,	NULL),
(559,	'STUS-72077',	'Reinstate After Allow Edit',	182,	2,	1,	-1,	1,	'2021-01-25',	1,	'2021-01-25 12:15:14',	1,	NULL,	NULL),
(560,	'STUS-5470',	'Reinstated After Edit',	182,	2,	0,	0,	1,	'2021-01-25',	1,	'2021-01-25 12:15:14',	1,	NULL,	NULL),
(561,	'STUS-32549',	'Fully Approved',	183,	2,	0,	1,	0,	'2021-01-25',	1,	'2021-01-25 12:15:14',	1,	NULL,	NULL),
(562,	'STUS-86280',	'Reinstate After Allow Edit',	183,	2,	1,	-1,	1,	'2021-01-25',	1,	'2021-01-25 12:15:14',	1,	NULL,	NULL),
(563,	'STUS-71511',	'Reinstated After Edit',	183,	2,	0,	0,	1,	'2021-01-25',	1,	'2021-01-25 12:15:14',	1,	NULL,	NULL),
(564,	'STUS-77338',	'Ready To Submit',	296,	1,	0,	1,	1,	'2021-01-26',	1,	'2021-01-26 08:27:47',	1,	NULL,	NULL),
(565,	'STUS-24467',	'Fully Approved',	296,	2,	0,	1,	0,	'2021-01-26',	1,	'2021-01-26 08:27:47',	1,	NULL,	NULL),
(566,	'STUS-3603',	'Reinstate After Allow Edit',	296,	2,	1,	-1,	1,	'2021-01-26',	1,	'2021-01-26 08:27:47',	1,	NULL,	NULL),
(567,	'STUS-33187',	'Reinstated After Edit',	296,	2,	0,	0,	1,	'2021-01-26',	1,	'2021-01-26 08:27:47',	1,	NULL,	NULL),
(568,	'STUS-59129',	'Ready To Submit',	297,	1,	0,	1,	1,	'2021-01-26',	1,	'2021-01-26 08:27:47',	1,	NULL,	NULL),
(569,	'STUS-62737',	'Fully Approved',	297,	2,	0,	1,	0,	'2021-01-26',	1,	'2021-01-26 08:27:47',	1,	NULL,	NULL),
(570,	'STUS-49966',	'Reinstate After Allow Edit',	297,	2,	1,	-1,	1,	'2021-01-26',	1,	'2021-01-26 08:27:47',	1,	NULL,	NULL),
(571,	'STUS-53422',	'Reinstated After Edit',	297,	2,	0,	0,	1,	'2021-01-26',	1,	'2021-01-26 08:27:47',	1,	NULL,	NULL),
(572,	'STUS-87779',	'Ready To Submit',	298,	1,	0,	1,	1,	'2021-01-26',	1,	'2021-01-26 08:27:47',	1,	NULL,	NULL),
(573,	'STUS-36063',	'Fully Approved',	298,	2,	0,	1,	0,	'2021-01-26',	1,	'2021-01-26 08:27:47',	1,	NULL,	NULL),
(574,	'STUS-52451',	'Reinstate After Allow Edit',	298,	2,	1,	-1,	1,	'2021-01-26',	1,	'2021-01-26 08:27:47',	1,	NULL,	NULL),
(575,	'STUS-30492',	'Reinstated After Edit',	298,	2,	0,	0,	1,	'2021-01-26',	1,	'2021-01-26 08:27:47',	1,	NULL,	NULL),
(576,	'STUS-48610',	'Ready To Submit',	299,	1,	0,	1,	1,	'2021-01-26',	1,	'2021-01-26 08:27:47',	1,	NULL,	NULL),
(577,	'STUS-88819',	'Fully Approved',	299,	2,	0,	1,	0,	'2021-01-26',	1,	'2021-01-26 08:27:47',	1,	NULL,	NULL),
(578,	'STUS-61284',	'Reinstate After Allow Edit',	299,	2,	1,	-1,	1,	'2021-01-26',	1,	'2021-01-26 08:27:47',	1,	NULL,	NULL),
(579,	'STUS-11788',	'Reinstated After Edit',	299,	2,	0,	0,	1,	'2021-01-26',	1,	'2021-01-26 08:27:47',	1,	NULL,	NULL),
(580,	'STUS-68132',	'Ready To Submit',	300,	1,	0,	1,	1,	'2021-01-29',	1,	'2021-01-29 06:18:58',	1,	NULL,	NULL),
(581,	'STUS-35777',	'Fully Approved',	300,	2,	0,	1,	0,	'2021-01-29',	1,	'2021-01-29 06:18:58',	1,	NULL,	NULL),
(582,	'STUS-73846',	'Reinstate After Allow Edit',	300,	2,	1,	-1,	1,	'2021-01-29',	1,	'2021-01-29 06:18:58',	1,	NULL,	NULL),
(583,	'STUS-19586',	'Reinstated After Edit',	300,	2,	0,	0,	1,	'2021-01-29',	1,	'2021-01-29 06:18:58',	1,	NULL,	NULL),
(584,	'STUS-86448',	'Ready To Submit',	301,	1,	0,	1,	1,	'2021-01-29',	1,	'2021-01-29 06:18:58',	1,	NULL,	NULL),
(585,	'STUS-29935',	'Fully Approved',	301,	2,	0,	1,	0,	'2021-01-29',	1,	'2021-01-29 06:18:58',	1,	NULL,	NULL),
(586,	'STUS-33437',	'Reinstate After Allow Edit',	301,	2,	1,	-1,	1,	'2021-01-29',	1,	'2021-01-29 06:18:58',	1,	NULL,	NULL),
(587,	'STUS-53885',	'Reinstated After Edit',	301,	2,	0,	0,	1,	'2021-01-29',	1,	'2021-01-29 06:18:58',	1,	NULL,	NULL),
(588,	'STUS-63386',	'Ready To Submit',	302,	1,	0,	1,	1,	'2021-01-29',	1,	'2021-01-29 06:18:58',	1,	NULL,	NULL),
(589,	'STUS-5993',	'Fully Approved',	302,	2,	0,	1,	0,	'2021-01-29',	1,	'2021-01-29 06:18:58',	1,	NULL,	NULL),
(590,	'STUS-29094',	'Reinstate After Allow Edit',	302,	2,	1,	-1,	1,	'2021-01-29',	1,	'2021-01-29 06:18:58',	1,	NULL,	NULL),
(591,	'STUS-15407',	'Reinstated After Edit',	302,	2,	0,	0,	1,	'2021-01-29',	1,	'2021-01-29 06:18:58',	1,	NULL,	NULL),
(592,	'STUS-24969',	'Ready To Submit',	303,	1,	0,	1,	1,	'2021-01-29',	1,	'2021-01-29 06:18:58',	1,	NULL,	NULL),
(593,	'STUS-18246',	'Fully Approved',	303,	2,	0,	1,	0,	'2021-01-29',	1,	'2021-01-29 06:18:58',	1,	NULL,	NULL),
(594,	'STUS-17700',	'Reinstate After Allow Edit',	303,	2,	1,	-1,	1,	'2021-01-29',	1,	'2021-01-29 06:18:58',	1,	NULL,	NULL),
(595,	'STUS-16146',	'Reinstated After Edit',	303,	2,	0,	0,	1,	'2021-01-29',	1,	'2021-01-29 06:18:58',	1,	NULL,	NULL);

DROP TABLE IF EXISTS `status_role`;
CREATE TABLE `status_role` (
  `status_role_id` int(100) NOT NULL AUTO_INCREMENT,
  `status_role_track_number` varchar(100) NOT NULL,
  `status_role_name` varchar(100) NOT NULL,
  `fk_role_id` int(100) NOT NULL,
  `fk_status_id` int(100) NOT NULL,
  `status_role_status_id` int(100) NOT NULL,
  `status_role_is_active` int(5) NOT NULL DEFAULT '1',
  `status_role_created_by` int(100) NOT NULL,
  `status_role_created_date` date NOT NULL DEFAULT '0000-00-00',
  `status_role_last_modified_by` int(100) NOT NULL,
  `status_role_last_modified_date` timestamp NOT NULL DEFAULT CURRENT_TIMESTAMP ON UPDATE CURRENT_TIMESTAMP,
  `fk_approval_id` int(100) DEFAULT NULL,
  PRIMARY KEY (`status_role_id`),
  KEY `fk_role_id` (`fk_role_id`),
  CONSTRAINT `status_role_ibfk_4` FOREIGN KEY (`fk_role_id`) REFERENCES `role` (`role_id`) ON DELETE CASCADE
) ENGINE=InnoDB DEFAULT CHARSET=latin1;

INSERT INTO `status_role` (`status_role_id`, `status_role_track_number`, `status_role_name`, `fk_role_id`, `fk_status_id`, `status_role_status_id`, `status_role_is_active`, `status_role_created_by`, `status_role_created_date`, `status_role_last_modified_by`, `status_role_last_modified_date`, `fk_approval_id`) VALUES
(1,	'STLE-34046',	'Ready To Submit',	5,	259,	202,	1,	1,	'2020-12-15',	1,	'2020-12-15 04:15:16',	NULL),
(2,	'STLE-29719',	'Ready To Submit',	5,	259,	348,	1,	1,	'2020-12-15',	1,	'2020-12-15 04:15:37',	NULL),
(3,	'STLE-21529',	'Ready To Submit',	3,	259,	201,	1,	1,	'2020-12-15',	1,	'2020-12-15 08:20:55',	NULL),
(4,	'STLE-70273',	'Ready To Submit',	3,	259,	346,	1,	1,	'2020-12-15',	1,	'2020-12-15 08:21:15',	NULL),
(5,	'STLE-9628',	'Ready To Submit',	5,	259,	150,	1,	1,	'2020-12-15',	1,	'2020-12-15 13:54:12',	NULL),
(6,	'STLE-33103',	'Ready To Submit',	9,	259,	150,	1,	1,	'2020-12-15',	1,	'2020-12-15 13:54:12',	NULL),
(7,	'STLE-10965',	'Ready To Submit',	3,	259,	149,	1,	1,	'2020-12-15',	1,	'2020-12-15 15:21:01',	NULL),
(8,	'STLE-72533',	'Ready To Submit',	9,	259,	348,	1,	1,	'2020-12-17',	1,	'2020-12-17 08:21:08',	NULL),
(9,	'STLE-61237',	'Ready To Submit',	9,	259,	202,	1,	1,	'2020-12-17',	1,	'2020-12-17 08:21:46',	NULL),
(10,	'STLE-75265',	'Allow Edit Reinstatement',	4,	259,	474,	1,	1,	'2021-01-05',	1,	'2021-01-07 07:49:51',	NULL),
(11,	'STLE-75268',	'Reinstated after Edit',	4,	259,	475,	1,	1,	'2021-01-05',	1,	'2021-01-06 09:38:09',	NULL),
(12,	'STLE-75268',	'Fully Approved',	4,	259,	349,	1,	1,	'2021-01-05',	1,	'2021-01-07 09:48:33',	NULL),
(13,	'STLE-34050',	'Ready To Submit',	5,	259,	348,	1,	1,	'2020-12-15',	1,	'2021-01-07 09:48:49',	NULL);

DROP TABLE IF EXISTS `system_opening_balance`;
CREATE TABLE `system_opening_balance` (
  `system_opening_balance_id` int(100) NOT NULL AUTO_INCREMENT,
  `system_opening_balance_track_number` varchar(100) NOT NULL,
  `system_opening_balance_name` varchar(100) NOT NULL,
  `fk_office_id` int(100) NOT NULL,
  `month` date NOT NULL,
  `system_opening_balance_created_date` date DEFAULT NULL,
  `system_opening_balance_created_by` int(100) DEFAULT NULL,
  `system_opening_balance_last_modified_by` int(100) DEFAULT NULL,
  `system_opening_balance_last_modified_date` date DEFAULT NULL,
  `fk_approval_id` int(100) DEFAULT NULL,
  `fk_status_id` int(100) DEFAULT NULL,
  PRIMARY KEY (`system_opening_balance_id`),
  KEY `fk_office_id` (`fk_office_id`),
  CONSTRAINT `system_opening_balance_ibfk_1` FOREIGN KEY (`fk_office_id`) REFERENCES `office` (`office_id`)
) ENGINE=InnoDB DEFAULT CHARSET=latin1;

INSERT INTO `system_opening_balance` (`system_opening_balance_id`, `system_opening_balance_track_number`, `system_opening_balance_name`, `fk_office_id`, `month`, `system_opening_balance_created_date`, `system_opening_balance_created_by`, `system_opening_balance_last_modified_by`, `system_opening_balance_last_modified_date`, `fk_approval_id`, `fk_status_id`) VALUES
(1,	'SYCE-60411',	'Financial Opening Balance for Africa Region Office',	2,	'2020-08-01',	'2020-08-21',	1,	1,	NULL,	289,	72),
(2,	'SYCE-85877',	'Financial Opening Balance for Tanzania National Office',	3,	'2020-08-01',	'2020-08-21',	1,	1,	NULL,	305,	72),
(3,	'SYCE-26343',	'Financial Opening Balance for Kenya National Office',	4,	'2020-08-01',	'2020-08-21',	1,	1,	NULL,	308,	72),
(4,	'SYCE-89326',	'Financial Opening Balance for Coast Region',	5,	'2020-08-01',	'2020-08-21',	1,	1,	NULL,	311,	72),
(5,	'SYCE-73882',	'Financial Opening Balance for Central Base',	6,	'2020-08-01',	'2020-08-21',	1,	1,	NULL,	314,	72),
(6,	'SYCE-11796',	'Financial Opening Balance for Bamburi Cluster',	7,	'2020-08-01',	'2020-08-21',	1,	1,	NULL,	317,	72),
(7,	'SYCE-33829',	'Financial Opening Balance for TZ Cluster 1',	8,	'2020-08-01',	'2020-08-21',	1,	1,	NULL,	320,	72),
(8,	'SYCE-81326',	'Financial Opening Balance for Mamba CDC',	9,	'2020-08-01',	'2020-08-21',	1,	1,	NULL,	323,	72),
(9,	'SYCE-60316',	'Financial Opening Balance for ACT Kondoa Student Center',	10,	'2020-08-01',	'2020-08-25',	4,	4,	NULL,	369,	72),
(11,	'SYCE-18495',	'Financial Opening Balance for Central Rift and Upper Eastern',	12,	'2020-12-01',	'2020-11-03',	1,	1,	NULL,	497,	72),
(12,	'SYCE-62356',	'Financial Opening Balance for Marsabit Cluster',	13,	'2020-12-01',	'2020-11-03',	1,	1,	NULL,	500,	72),
(13,	'SYCE-39846',	'Financial Opening Balance for Citam Missions Goro-Rukesa Church',	14,	'2020-12-01',	'2020-11-03',	1,	1,	NULL,	503,	72),
(14,	'SYCE-48942',	'Financial Opening Balance for Region A',	15,	'2020-12-01',	'2020-12-09',	1,	1,	NULL,	682,	0),
(15,	'SYCE-44836',	'Financial Opening Balance for Region B',	16,	'2020-12-01',	'2020-12-09',	1,	1,	NULL,	685,	0),
(16,	'SYCE-12099',	'Financial Opening Balance for Arusha Eastern',	17,	'2020-12-01',	'2020-12-09',	1,	1,	NULL,	688,	0),
(17,	'SYCE-20626',	'Financial Opening Balance for Arusha Western',	18,	'2020-12-01',	'2020-12-09',	1,	1,	NULL,	691,	0),
(18,	'SYCE-31230',	'Financial Opening Balance for TZ0303 - Anglican St. Andrews',	19,	'2020-12-01',	'2020-12-09',	1,	1,	NULL,	694,	0),
(19,	'SYCE-55617',	'Financial Opening Balance for TZ0206 - Kimandolu Lutheran',	20,	'0000-00-00',	'2020-12-09',	1,	1,	NULL,	697,	0),
(21,	'SYCE-11391',	'Financial Opening Balance for TZ0600 - Pentecost Assemblies of God Church',	21,	'2020-12-01',	'2020-12-09',	1,	1,	NULL,	703,	0),
(22,	'SYCE-77895',	'Financial Opening Balance for TZ0100 - TAG Bethel Student Center',	22,	'2020-12-01',	'2020-12-09',	1,	1,	NULL,	706,	0),
(23,	'SYCE-11736',	'Financial Opening Balance for TZ0201 - Kijenge Lutheran Church',	23,	'2020-12-01',	'2020-12-09',	1,	1,	NULL,	709,	0),
(24,	'SYCE-10845',	'Financial Opening Balance for TZ0551 - Moravian Church Arusha',	24,	'0000-00-00',	'2020-12-09',	1,	1,	NULL,	712,	0),
(25,	'SYCE-14850',	'Financial Opening Balance for TZ0450 - PEFA Olmatejo Church',	25,	'2020-12-01',	'2020-12-09',	1,	1,	NULL,	715,	0),
(26,	'SYCE-26002',	'Financial Opening Balance for TZ0500 - Ngarenaro Baptist Church',	26,	'0000-00-00',	'2020-12-09',	1,	1,	NULL,	718,	0),
(27,	'SYCE-11762',	'Financial Opening Balance for TZ0102 - TAG Azimio Student Center',	27,	'2020-12-01',	'2020-12-09',	1,	1,	NULL,	721,	0),
(28,	'SYCE-74727',	'Financial Opening Balance for TZ0200 - ELCT Engarenarok',	28,	'2020-12-01',	'2020-12-09',	1,	1,	NULL,	724,	0),
(29,	'SYCE-87556',	'Financial Opening Balance for TZ-Test-Region',	29,	'2020-12-01',	'2020-12-15',	1,	1,	NULL,	1142,	0),
(30,	'SYCE-89807',	'Financial Opening Balance for TZ-Test-Cluster',	30,	'2020-12-01',	'2020-12-15',	1,	1,	NULL,	1145,	0),
(31,	'SYCE-47019',	'Financial Opening Balance for TZ001 - TZ National Office Testing Center',	31,	'2020-12-01',	'2020-12-15',	1,	1,	NULL,	1148,	0),
(32,	'SYCE-43420',	'Financial Opening Balance for KE-Test-Cohort',	32,	'2020-12-01',	'2020-12-15',	1,	1,	NULL,	1170,	0),
(33,	'SYCE-29336',	'Financial Opening Balance for KE-Test-Cluster',	33,	'2020-12-01',	'2020-12-15',	1,	1,	NULL,	1173,	0),
(34,	'SYCE-46431',	'Financial Opening Balance for KE001 - KE Testing Center',	34,	'2020-12-01',	'2020-12-15',	1,	1,	NULL,	1176,	0),
(35,	'SYCE-51281',	'Financial Opening Balance for KE002 - KE Testing Center 2',	35,	'2020-08-01',	'2020-12-15',	1,	1,	NULL,	1201,	0),
(36,	'SYCE-9581',	'Financial Opening Balance for CITAM HQ',	36,	'2021-01-01',	'2021-01-25',	1,	1,	NULL,	3663,	412);

DROP TABLE IF EXISTS `translation`;
CREATE TABLE `translation` (
  `translation_id` int(100) NOT NULL AUTO_INCREMENT,
  `language_phrase_id` int(100) DEFAULT NULL,
  `language_id` int(100) DEFAULT NULL,
  `translate` longtext,
  `created_date` date DEFAULT NULL,
  `last_modified_date` date DEFAULT NULL,
  `deleted_date` date DEFAULT NULL,
  `created_by` int(100) DEFAULT NULL,
  `last_modified_by` int(100) DEFAULT NULL,
  `translation_created_date` date DEFAULT NULL,
  `translation_created_by` int(100) DEFAULT NULL,
  `translation_last_modified_by` int(100) DEFAULT NULL,
  `translation_last_modified_date` date DEFAULT NULL,
  `fk_approval_id` int(100) DEFAULT NULL,
  `fk_status_id` int(100) DEFAULT NULL,
  PRIMARY KEY (`translation_id`),
  KEY `fk_translation_language1_idx` (`language_id`),
  KEY `fk_translation_language_phrase1_idx` (`language_phrase_id`),
  CONSTRAINT `fk_translation_language1` FOREIGN KEY (`language_id`) REFERENCES `language` (`language_id`) ON DELETE NO ACTION ON UPDATE NO ACTION,
  CONSTRAINT `fk_translation_language_phrase1` FOREIGN KEY (`language_phrase_id`) REFERENCES `language_phrase` (`language_phrase_id`) ON DELETE NO ACTION ON UPDATE NO ACTION
) ENGINE=InnoDB DEFAULT CHARSET=latin1;


DROP TABLE IF EXISTS `user`;
CREATE TABLE `user` (
  `user_id` int(100) NOT NULL AUTO_INCREMENT,
  `user_track_number` varchar(100) NOT NULL,
  `user_name` varchar(100) NOT NULL,
  `user_firstname` varchar(100) NOT NULL,
  `user_lastname` varchar(100) NOT NULL,
  `user_email` varchar(100) NOT NULL,
  `fk_context_definition_id` int(100) NOT NULL,
  `user_is_context_manager` int(5) NOT NULL DEFAULT '0',
  `user_is_system_admin` int(5) NOT NULL DEFAULT '0',
  `fk_language_id` int(100) DEFAULT NULL COMMENT 'User''s default language',
  `fk_country_currency_id` int(100) DEFAULT NULL,
  `user_is_active` int(5) NOT NULL DEFAULT '1',
  `fk_role_id` int(100) DEFAULT NULL,
  `fk_account_system_id` int(100) DEFAULT NULL,
  `user_password` varchar(100) NOT NULL,
  `user_created_date` date NOT NULL,
  `user_created_by` int(100) NOT NULL,
  `user_last_modified_date` timestamp NOT NULL DEFAULT CURRENT_TIMESTAMP,
  `user_last_modifed_by` int(100) DEFAULT NULL,
  `fk_approval_id` int(100) DEFAULT NULL,
  `fk_status_id` int(100) DEFAULT NULL,
  `user_last_modified_by` int(100) DEFAULT NULL,
  PRIMARY KEY (`user_id`)
) ENGINE=InnoDB DEFAULT CHARSET=latin1;

INSERT INTO `user` (`user_id`, `user_track_number`, `user_name`, `user_firstname`, `user_lastname`, `user_email`, `fk_context_definition_id`, `user_is_context_manager`, `user_is_system_admin`, `fk_language_id`, `fk_country_currency_id`, `user_is_active`, `fk_role_id`, `fk_account_system_id`, `user_password`, `user_created_date`, `user_created_by`, `user_last_modified_date`, `user_last_modifed_by`, `fk_approval_id`, `fk_status_id`, `user_last_modified_by`) VALUES
(1,	'USER-80617',	'system',	'System User',	'System User',	'nkmwambs@gmail.com',	6,	0,	1,	1,	1,	1,	1,	1,	'fbdf9989ea636d6b339fd6b85f63e06e',	'2020-08-20',	1,	'2020-08-20 12:01:49',	NULL,	12,	0,	1),
(2,	'USER-28412',	'africaregionadmin',	'Africa',	'Region Admin',	'africaregionadmin@us.ci.org',	5,	0,	0,	1,	1,	1,	2,	2,	'fbdf9989ea636d6b339fd6b85f63e06e',	'2020-08-21',	1,	'2020-08-21 07:40:25',	NULL,	295,	74,	1),
(3,	'USER-31749',	'kenyacountryadmin',	'Kenya Country ',	'Admin user',	'kenyacountryadmin@ke.ci.org',	4,	1,	0,	1,	3,	1,	2,	3,	'fbdf9989ea636d6b339fd6b85f63e06e',	'2020-08-21',	1,	'2020-08-21 09:19:36',	NULL,	328,	74,	1),
(4,	'USER-65210',	'tanzaniacountryadmin',	'Tanzania ',	'Country Admin',	'tanzaniacountryadmin@tz.ci.org',	4,	1,	0,	1,	2,	1,	2,	4,	'fbdf9989ea636d6b339fd6b85f63e06e',	'2020-08-21',	1,	'2020-08-21 09:23:39',	NULL,	331,	74,	1),
(5,	'USER-71830',	'emacharia',	'Evans',	'Macharia',	'emacharia@ke.ci.org',	4,	0,	0,	1,	3,	1,	2,	3,	'fbdf9989ea636d6b339fd6b85f63e06e',	'2020-11-03',	1,	'2020-11-03 09:46:16',	NULL,	526,	74,	1),
(6,	'USER-61414',	'bmuthui',	'Benjamin',	'Muthui',	'bmuthui@ke.ci.org',	4,	1,	0,	1,	3,	1,	9,	3,	'fbdf9989ea636d6b339fd6b85f63e06e',	'2020-11-03',	1,	'2020-11-03 09:47:39',	NULL,	529,	74,	1),
(7,	'USER-87285',	'dobago',	'Donald',	'Obago',	'dobago@ke.ci.org',	4,	1,	0,	1,	3,	1,	2,	3,	'fbdf9989ea636d6b339fd6b85f63e06e',	'2020-11-03',	1,	'2020-11-03 09:50:41',	NULL,	532,	74,	1),
(8,	'USER-17466',	'sihuthia',	'Simon',	'Ihuthia',	'sihuthia@ke.ci.org',	4,	1,	0,	1,	3,	1,	2,	3,	'fbdf9989ea636d6b339fd6b85f63e06e',	'2020-11-03',	1,	'2020-11-03 09:52:34',	NULL,	535,	74,	1),
(9,	'USER-39464',	'lodindo',	'Lavine',	'Odindo',	'lodindo@ke.ci.org',	4,	1,	0,	1,	3,	1,	2,	3,	'fbdf9989ea636d6b339fd6b85f63e06e',	'2020-11-03',	1,	'2020-11-03 12:21:44',	NULL,	577,	74,	1),
(10,	'USER-52801',	'dafrinyabsgmailcom',	'Fridah',	'Nyaboke',	'dafrinyabs@gmail.com',	1,	1,	0,	1,	3,	1,	3,	3,	'fbdf9989ea636d6b339fd6b85f63e06e',	'2020-11-05',	1,	'2020-11-05 12:50:26',	NULL,	642,	74,	1),
(11,	'USER-10292',	'lsamuel',	'Letema',	'Samuel',	'LSamuel@tz.ci.org',	4,	1,	0,	1,	2,	1,	4,	4,	'69163f66828d1cf6a5ba97f53f81e96e',	'2020-12-09',	1,	'2020-12-09 11:21:38',	NULL,	725,	270,	1),
(12,	'USER-21768',	'amollel',	'Adamu ',	'Mollel',	'adammollel.tz0206@gmail.com',	1,	1,	0,	1,	2,	1,	5,	4,	'50166f10d1654a5c2eef0a1226e673a8',	'2020-12-15',	1,	'2020-12-15 03:50:56',	NULL,	990,	270,	1),
(13,	'USER-5688',	'amsoloka',	'Abraham ',	'Msoloka',	'abrahammsoloka.tz0303@gmail.com',	1,	1,	0,	1,	2,	1,	5,	4,	'1dbefa73cc3995eab5a27756bb7bc2ec',	'2020-12-15',	1,	'2020-12-15 04:39:07',	NULL,	1028,	270,	1),
(14,	'USER-70516',	'cmsuya',	'Chinyemi ',	'Msuya',	'cmsuyasw.tz303@gmail.com',	1,	1,	0,	1,	2,	1,	5,	4,	'b51b11bd65a7477c3c764b028dfbc3de',	'2020-12-15',	1,	'2020-12-15 04:41:16',	NULL,	1031,	270,	1),
(15,	'USER-49091',	'jchipanha',	'Joseph ',	'Chipanha',	'chipanhajoseph.tz0303@gmail.com',	1,	1,	0,	1,	2,	1,	5,	4,	'4b68b938f624d9cf99a6b9652acca001',	'2020-12-15',	1,	'2020-12-15 04:42:48',	NULL,	1034,	270,	1),
(16,	'USER-8263',	'angowo',	'Anna ',	'Ngowo',	'anangowo@gmail.com',	1,	1,	0,	1,	2,	1,	5,	4,	'562a449a509fbd6af847a5735d3bdda1',	'2020-12-15',	1,	'2020-12-15 04:46:14',	NULL,	1037,	270,	1),
(17,	'USER-60125',	'jloth',	'Joyce',	'Loth',	'jloth.tz206@gmail.com',	1,	1,	0,	1,	2,	1,	5,	4,	'defec20362da62abc6fe7ffd10993b55',	'2020-12-15',	1,	'2020-12-15 05:17:12',	NULL,	1068,	270,	1),
(18,	'USER-27167',	'nbenedicto',	'Neema ',	'Benedicto',	'neybenedicto.tz0600@gmail.com',	1,	1,	0,	1,	2,	1,	5,	4,	'73b8bc45986bd9fc625454ae9e808a68',	'2020-12-15',	1,	'2020-12-15 05:19:00',	NULL,	1071,	270,	1),
(19,	'USER-15647',	'zlukumay',	'Zebedayo ',	'Lukumay',	'zebeluku.tz0600@gmail.com',	1,	1,	0,	1,	2,	1,	5,	4,	'111f9ecef3e114653923f91ac8387737',	'2020-12-15',	1,	'2020-12-15 05:20:27',	NULL,	1074,	270,	1),
(20,	'USER-54835',	'amacha',	'Aniceta',	'Macha',	'animacha16.tz0600@gmail.com',	1,	1,	0,	1,	2,	1,	5,	4,	'b36d496c4cf21b57870b590cd8eb9dc8',	'2020-12-15',	1,	'2020-12-15 05:22:02',	NULL,	1077,	270,	1),
(21,	'USER-3026',	'jmono',	'Joyce',	'Mono',	'joycemono.tz0100@gmail.com',	1,	1,	0,	1,	2,	1,	5,	4,	'a8036f29081195cac709283235dc893a',	'2020-12-15',	1,	'2020-12-15 05:23:35',	NULL,	1080,	270,	1),
(22,	'USER-6868',	'erwakatare',	'Emmanuel',	'Rwakatare',	'ejlwaks.tz100@gmail.com',	1,	1,	0,	1,	2,	1,	5,	4,	'd8ec830e53beebc12c8675ac71d054d2',	'2020-12-15',	1,	'2020-12-15 05:26:26',	NULL,	1083,	270,	1),
(23,	'USER-72732',	'alongolela',	'Ales ',	'Longolela',	'ezekielales.tz100@gmail.com',	1,	1,	0,	1,	2,	1,	5,	4,	'818e0f6cb555fbf786c85de620051f77',	'2020-12-15',	1,	'2020-12-15 05:27:54',	NULL,	1086,	270,	1),
(24,	'USER-85299',	'sombeni',	'Sifaeli ',	'Ombeni',	'ombenisifaeli.tz0201@gmail.com',	1,	1,	0,	1,	2,	1,	5,	4,	'94f69f8b0b93b643d3c654bdd518a9e8',	'2020-12-15',	1,	'2020-12-15 05:29:28',	NULL,	1089,	270,	1),
(25,	'USER-17275',	'lebisa',	'Lebisa',	'Lebisa',	'llebisa.tz201@gmail.com',	1,	1,	0,	1,	2,	1,	5,	4,	'e81a0ce74fd9f24ec237ba65e247b799',	'2020-12-15',	1,	'2020-12-15 05:30:48',	NULL,	1092,	270,	1),
(26,	'USER-64845',	'jlioshooki',	'Jackline ',	'Lioshooki',	'jacklinelioshooki.tz0201@gmail.com',	1,	1,	0,	1,	2,	1,	5,	4,	'c38dcb24dfee1807067fdb2eb122d1fd',	'2020-12-15',	1,	'2020-12-15 05:33:35',	NULL,	1095,	270,	1),
(27,	'USER-38638',	'grobert',	'Glory',	'Robert',	'grobert.tz551@gmail.com',	1,	1,	0,	1,	2,	1,	5,	4,	'2fa1b6e8cbb0e8a8c35b2bfc4589c6e0',	'2020-12-15',	1,	'2020-12-15 05:35:09',	NULL,	1098,	270,	1),
(28,	'USER-59572',	'zdaffa',	'ZIPORA ',	'DAFFA',	'zdaffa.tz551@gmail.com',	1,	1,	0,	1,	2,	1,	5,	4,	'e0799b6f0cffcd2f85ddfb4521289b9a',	'2020-12-15',	1,	'2020-12-15 05:36:25',	NULL,	1101,	270,	1),
(29,	'USER-54793',	'nkabungo',	'Neema',	'Kabungo',	'nkabungo.tz551@gmail.com',	1,	1,	0,	1,	2,	1,	5,	4,	'6404528c6b9ccb526237bddd237f9933',	'2020-12-15',	1,	'2020-12-15 05:38:08',	NULL,	1104,	270,	1),
(30,	'USER-78918',	'jmboya',	'Julius',	'Mike Mboya',	'jmboya.tz450@gmail.com',	1,	1,	0,	1,	2,	1,	5,	4,	'43cb8077cafeb417e44ba5770f50dca3',	'2020-12-15',	1,	'2020-12-15 05:41:04',	NULL,	1107,	270,	1),
(31,	'USER-63669',	'vayo',	'Vero',	'Ayo',	'veroayo.tz450@gmail.com',	1,	1,	0,	1,	2,	1,	5,	4,	'617ba258380facec8ab208363f24f734',	'2020-12-15',	1,	'2020-12-15 05:42:20',	NULL,	1110,	270,	1),
(32,	'USER-42121',	'jmbaga',	'Joyce',	'Chidiel Mbaga',	'jchediel.tz450@gmail.com',	1,	1,	0,	1,	2,	1,	5,	4,	'fc88a238265ad3263ec1bf6790057ebd',	'2020-12-15',	1,	'2020-12-15 05:44:33',	NULL,	1113,	270,	1),
(33,	'USER-20165',	'wthomas',	'Winfrida',	'Thomas',	'wthomasnereitz500@gmail.com',	1,	1,	0,	1,	2,	1,	5,	4,	'ff6d2ea25234d58cec9f25a606ba4510',	'2020-12-15',	1,	'2020-12-15 05:46:11',	NULL,	1116,	270,	1),
(34,	'USER-74227',	'rmwakimi',	'RUTH MWAKIMI',	'RUTH MWAKIMI',	'rmwakimi.tz500@gmail.com',	1,	1,	0,	1,	2,	1,	5,	4,	'cf8d211f72dd2ed602999ec9a8a69124',	'2020-12-15',	1,	'2020-12-15 05:48:31',	NULL,	1119,	270,	1),
(35,	'USER-81477',	'jmollel',	'Jackson',	'Mollel',	'jmollel.tz102@gmail.com',	1,	1,	0,	1,	2,	1,	5,	4,	'5038a343a70d9d340e34dd2563e3dba8',	'2020-12-15',	1,	'2020-12-15 05:50:01',	NULL,	1122,	270,	1),
(36,	'USER-47718',	'rgirigo',	'Rekael',	'Girigo',	'rgirigo.tz102@gmail.com',	1,	1,	0,	1,	2,	1,	5,	4,	'923d18335bb8170b44c02e57f155954c',	'2020-12-15',	1,	'2020-12-15 05:51:41',	NULL,	1125,	270,	1),
(37,	'USER-12957',	'emtengeti',	'Ester',	'Mtengeti',	'emtengeti.tz102@gmail.com',	1,	1,	0,	1,	2,	1,	5,	4,	'147004d01e4d5a2cb645766efce915e2',	'2020-12-15',	1,	'2020-12-15 05:53:38',	NULL,	1128,	270,	1),
(38,	'USER-72970',	'fmleli',	'Faraji',	'Fredrick Mleli',	'fmleli.tz200@gmail.com',	1,	1,	0,	1,	2,	1,	5,	4,	'12b438a31cc9aa28d468c692576545af',	'2020-12-15',	1,	'2020-12-15 05:55:19',	NULL,	1131,	270,	1),
(39,	'USER-21472',	'mmushi',	'MARY MUSHI',	'MUSHI',	'mmushi.tz200@gmail.com',	1,	1,	0,	1,	2,	1,	5,	4,	'df981933556d1bee238e3a28a9f2ba14',	'2020-12-15',	1,	'2020-12-15 05:57:11',	NULL,	1134,	270,	1),
(40,	'USER-33349',	'amoshi',	'Apasia',	'Moshi',	'amoshi.tz200@gmail.com',	1,	1,	0,	1,	2,	1,	5,	4,	'7c6378d55b1901a48c8d576d98f1062e',	'2020-12-15',	1,	'2020-12-15 05:58:30',	NULL,	1137,	270,	1),
(41,	'USER-56818',	'lsamuel01',	'Test Letema ',	'Test Samuel',	'LSamuel01@tz.ci.org',	1,	1,	0,	1,	2,	1,	9,	4,	'cbfe12f7e32481d454cb4b398ad84bba',	'2020-12-15',	1,	'2020-12-15 06:34:30',	NULL,	1149,	270,	1),
(42,	'USER-76007',	'smashiku01',	'Test Sigfred ',	'Test Mshiu',	'SMashiku01@tz.ci.org',	1,	1,	0,	1,	2,	1,	9,	4,	'ace37d9fd6e3a536dad9c0f5b6c3789c',	'2020-12-15',	1,	'2020-12-15 06:41:31',	NULL,	1156,	270,	1),
(43,	'USER-9631',	'nkilale01',	'Test Nickson ',	'Test Kilale',	'NKilale01@tz.ci.org',	1,	1,	0,	1,	2,	1,	9,	4,	'001488323f7d3c791e0b23a4e8e98219',	'2020-12-15',	1,	'2020-12-15 06:43:15',	NULL,	1159,	270,	1),
(44,	'USER-42229',	'pbukeme01',	'Test Philbert ',	'Test Bukeme',	'PBukeme01@tz.ci.org',	1,	1,	0,	1,	2,	1,	9,	4,	'f32a7738327e5eeefa4fad9fcd9dab3e',	'2020-12-15',	1,	'2020-12-15 06:44:59',	NULL,	1162,	270,	1),
(45,	'USER-46719',	'fsango01',	'Test Furaha ',	'Test Sango',	'FSango01@tz.ci.org',	1,	1,	0,	1,	2,	1,	9,	4,	'82f9816a6bff6f497d45ba6c30b2420f',	'2020-12-15',	1,	'2020-12-15 06:46:45',	NULL,	1165,	270,	1),
(46,	'USER-79303',	'nkarisa01',	'Test Nicodemus ',	'Test Karisa',	'NKarisa01@ke.ci.org',	1,	1,	0,	1,	3,	1,	3,	3,	'207b2459df7cf29477284fcc258f481e',	'2020-12-15',	1,	'2020-12-15 07:07:11',	NULL,	1177,	270,	1),
(47,	'USER-18140',	'londuso01',	'Test Livingstone',	'Test Onduso',	'LOnduso01@ke.ci.org',	1,	1,	0,	1,	3,	1,	3,	3,	'0905e6d0fa9bc8e75b5c941f434d3a09',	'2020-12-15',	1,	'2020-12-15 07:11:01',	NULL,	1180,	270,	1),
(48,	'USER-64677',	'dwaweru',	'Danson',	'Waweru',	'DWaweru@ke.ci.org',	4,	1,	0,	1,	3,	1,	2,	3,	'3e14bbc27308b14a4739aa1bac2dc85d',	'2020-12-15',	1,	'2020-12-15 07:43:11',	NULL,	1190,	270,	1),
(49,	'USER-40983',	'nkarisa2',	'Test2 Nicodemus',	'Test2 Karisa',	'NKarisa02@ke.ci.org',	1,	1,	0,	1,	3,	1,	3,	3,	'cf8f383199174e2ab446a66b54e99b18',	'2020-12-15',	1,	'2020-12-15 08:09:28',	NULL,	1202,	270,	1),
(50,	'USER-16578',	'sjohn',	'Samuel',	'John',	'sjohn@gmail.com',	3,	1,	0,	1,	3,	1,	3,	3,	'fbdf9989ea636d6b339fd6b85f63e06e',	'2021-01-25',	1,	'2021-01-25 08:02:07',	NULL,	3672,	270,	1);

DROP TABLE IF EXISTS `variance_note`;
CREATE TABLE `variance_note` (
  `variance_note_id` int(100) NOT NULL AUTO_INCREMENT,
  `reconciliation_id` int(100) DEFAULT NULL,
  `expense_account_id` int(100) DEFAULT NULL,
  `created_by` varchar(45) DEFAULT NULL,
  `created_date` varchar(45) DEFAULT NULL,
  `last_modified_date` varchar(45) DEFAULT NULL,
  `last_modified_by` varchar(45) DEFAULT NULL,
  `variance_note_detail` longtext,
  `variance_note_created_date` date DEFAULT NULL,
  `variance_note_created_by` int(100) DEFAULT NULL,
  `variance_note_last_modified_by` int(100) DEFAULT NULL,
  `variance_note_last_modified_date` date DEFAULT NULL,
  `fk_approval_id` int(100) DEFAULT NULL,
  `fk_status_id` int(100) DEFAULT NULL,
  PRIMARY KEY (`variance_note_id`),
  KEY `fk_variance_comment_reconciliation1_idx` (`reconciliation_id`),
  KEY `fk_variance_comment_expense_account1_idx` (`expense_account_id`),
  CONSTRAINT `fk_variance_comment_expense_account1` FOREIGN KEY (`expense_account_id`) REFERENCES `expense_account` (`expense_account_id`) ON DELETE NO ACTION ON UPDATE NO ACTION,
  CONSTRAINT `fk_variance_comment_reconciliation1` FOREIGN KEY (`reconciliation_id`) REFERENCES `reconciliation` (`reconciliation_id`) ON DELETE NO ACTION ON UPDATE NO ACTION
) ENGINE=InnoDB DEFAULT CHARSET=latin1;


DROP TABLE IF EXISTS `voucher`;
CREATE TABLE `voucher` (
  `voucher_id` int(100) NOT NULL AUTO_INCREMENT,
  `voucher_track_number` varchar(50) DEFAULT NULL,
  `voucher_name` varchar(100) DEFAULT NULL,
  `voucher_number` int(10) DEFAULT NULL,
  `fk_office_id` int(100) DEFAULT NULL,
  `voucher_date` date DEFAULT NULL,
  `fk_voucher_type_id` int(100) DEFAULT NULL,
  `voucher_cleared` int(5) DEFAULT '0',
  `voucher_cleared_month` date DEFAULT NULL,
  `fk_approval_id` int(100) DEFAULT NULL,
  `fk_status_id` int(100) DEFAULT NULL,
  `fk_office_bank_id` int(100) DEFAULT NULL,
  `fk_office_cash_id` int(100) DEFAULT NULL,
  `voucher_cheque_number` varchar(50) DEFAULT NULL,
  `voucher_transaction_cleared_date` date DEFAULT '0000-00-00',
  `voucher_transaction_cleared_month` date DEFAULT '0000-00-00',
  `voucher_vendor` varchar(100) DEFAULT NULL,
  `voucher_vendor_address` varchar(100) DEFAULT NULL,
  `voucher_description` varchar(200) DEFAULT NULL,
  `voucher_allow_edit` int(5) DEFAULT '0',
  `voucher_is_reversed` int(5) DEFAULT '0',
  `voucher_reversal_from` int(100) NOT NULL DEFAULT '0',
  `voucher_reversal_to` int(100) NOT NULL DEFAULT '0',
  `voucher_created_by` int(100) DEFAULT NULL,
  `voucher_created_date` date DEFAULT NULL,
  `voucher_last_modified_date` timestamp NULL DEFAULT CURRENT_TIMESTAMP,
  `voucher_last_modified_by` int(100) DEFAULT NULL,
  PRIMARY KEY (`voucher_id`),
  KEY `fk_office_id` (`fk_office_id`),
  KEY `fk_voucher_type_id` (`fk_voucher_type_id`),
  CONSTRAINT `voucher_ibfk_1` FOREIGN KEY (`fk_office_id`) REFERENCES `office` (`office_id`),
  CONSTRAINT `voucher_ibfk_2` FOREIGN KEY (`fk_voucher_type_id`) REFERENCES `voucher_type` (`voucher_type_id`)
) ENGINE=InnoDB DEFAULT CHARSET=latin1 COMMENT='This holds transactions ';

INSERT INTO `voucher` (`voucher_id`, `voucher_track_number`, `voucher_name`, `voucher_number`, `fk_office_id`, `voucher_date`, `fk_voucher_type_id`, `voucher_cleared`, `voucher_cleared_month`, `fk_approval_id`, `fk_status_id`, `fk_office_bank_id`, `fk_office_cash_id`, `voucher_cheque_number`, `voucher_transaction_cleared_date`, `voucher_transaction_cleared_month`, `voucher_vendor`, `voucher_vendor_address`, `voucher_description`, `voucher_allow_edit`, `voucher_is_reversed`, `voucher_reversal_from`, `voucher_reversal_to`, `voucher_created_by`, `voucher_created_date`, `voucher_last_modified_date`, `voucher_last_modified_by`) VALUES
(1,	'VOER-54428',	'Voucher # VOER-48262',	201201,	31,	'2020-12-01',	13,	1,	'2020-12-31',	2737,	396,	14,	0,	'-2000',	'0000-00-00',	'0000-00-00',	'Jackson Japhet',	'Arusha',	'Salary for the month of December 2020',	0,	1,	0,	0,	44,	'2020-12-16',	'2020-12-16 04:08:53',	44),
(2,	'VOER-68551',	'Voucher # VOER-54898',	201202,	31,	'2020-12-01',	13,	0,	NULL,	2739,	396,	14,	0,	'20001',	'0000-00-00',	'0000-00-00',	'Christina Moses',	'Arusha',	'Salary for the month of December 2020',	0,	0,	0,	0,	44,	'2020-12-16',	'2020-12-16 04:11:23',	44),
(3,	'VOER-41209',	'Voucher # VOER-39009',	201203,	31,	'2020-12-01',	8,	1,	'2020-12-31',	2741,	396,	14,	0,	'1',	'0000-00-00',	'0000-00-00',	'Ben ',	'32',	'PC',	0,	0,	0,	0,	41,	'2020-12-16',	'2020-12-16 04:17:38',	41),
(4,	'VOER-54095',	'Voucher # VOER-63770',	201203,	31,	'2020-12-01',	8,	0,	NULL,	2743,	396,	14,	0,	'2',	'0000-00-00',	'0000-00-00',	'Derrick Philbert',	'Arusha',	'Payment for program day meals 20',	0,	0,	0,	0,	44,	'2020-12-16',	'2020-12-16 04:22:08',	44),
(5,	'VOER-60131',	'Voucher # VOER-81148',	201204,	31,	'2020-12-01',	10,	1,	'2020-12-31',	2745,	396,	14,	4,	'20004',	'0000-00-00',	'0000-00-00',	'Hanna Denis',	'Arusha',	'Petty cash replenishment for the month December 2020',	0,	0,	0,	0,	44,	'2020-12-16',	'2020-12-16 04:25:10',	44),
(6,	'VOER-59022',	'Voucher # VOER-39597',	201205,	31,	'2020-12-01',	12,	1,	'2020-12-31',	2747,	396,	14,	0,	'0',	'0000-00-00',	'0000-00-00',	'TZ001-TZ National Testing',	'Arusha',	'Cash returned by Denis Jonson (SW) from Dar es salaam where he had taken a beneficiary to meet his sponsor ',	0,	0,	0,	0,	44,	'2020-12-16',	'2020-12-16 04:29:29',	44),
(7,	'VOER-88199',	'Voucher # VOER-69258',	201206,	31,	'2020-12-01',	9,	0,	NULL,	2749,	396,	0,	4,	'0',	'0000-00-00',	'0000-00-00',	'Edna Peter',	'Arusha',	'Transport to Ekenywa Secondary for school visit to our three children who attend at that school',	0,	0,	0,	0,	44,	'2020-12-16',	'2020-12-16 04:32:40',	44),
(8,	'VOER-42274',	'Voucher # VOER-5915',	201207,	31,	'2020-12-01',	11,	1,	'2020-12-31',	2751,	396,	14,	4,	'0',	'0000-00-00',	'0000-00-00',	'TZ001-TZ National Testing',	'Arusha',	'Petty cash rebanking',	0,	0,	0,	0,	44,	'2020-12-16',	'2020-12-16 04:38:02',	44),
(9,	'VOER-50878',	'Voucher # VOER-50303',	201208,	31,	'2020-12-01',	13,	1,	'2020-12-31',	2753,	396,	14,	0,	'0',	'0000-00-00',	'0000-00-00',	'TZ001-TZ National Testing',	'Arusha',	'Bank charges',	0,	0,	0,	0,	44,	'2020-12-16',	'2020-12-16 04:41:42',	44),
(10,	'VOER-54990',	'Voucher # VOER-69540',	201209,	31,	'2020-12-01',	8,	1,	'2020-12-31',	2755,	396,	14,	0,	'3',	'0000-00-00',	'0000-00-00',	'Nondo contracts works',	'Kiteto',	'Payment for EDU ',	0,	0,	0,	0,	44,	'2020-12-16',	'2020-12-16 04:49:03',	44),
(11,	'VOER-54428',	'Voucher # VOER-48262',	201210,	31,	'2020-12-01',	13,	1,	'2020-12-31',	2737,	396,	14,	0,	'-2000',	'0000-00-00',	'0000-00-00',	'<strike>Jackson Japhet<strike>',	'Arusha',	'<strike>Salary for the month of December 2020</strike> [Reversal of voucher number 201201]',	0,	1,	0,	0,	44,	'2020-12-16',	'2020-12-16 04:08:53',	44),
(12,	'VOER-66519',	'Voucher # VOER-11558',	201211,	31,	'2020-12-01',	9,	0,	NULL,	2794,	396,	0,	4,	'0',	'0000-00-00',	'0000-00-00',	'Various',	'Various',	'Various',	0,	0,	0,	0,	41,	'2020-12-16',	'2020-12-16 07:48:46',	41),
(13,	'VOER-40882',	'Voucher # VOER-36653',	201212,	31,	'2020-12-01',	9,	0,	NULL,	2796,	396,	0,	4,	'0',	'0000-00-00',	'0000-00-00',	'Various 2',	'Various 2',	'Various 2',	0,	0,	0,	0,	41,	'2020-12-16',	'2020-12-16 07:49:02',	41),
(14,	'VOER-72847',	'Voucher # VOER-66314',	201201,	28,	'2020-12-01',	8,	1,	'2020-12-31',	2800,	396,	4,	0,	'-20',	'0000-00-00',	'0000-00-00',	'Mr. Massawe Trades',	'Arusha',	'Payment for 2 office chairs at 450,000   each and 9 bundle of ream papers at 12,000.',	0,	1,	0,	0,	38,	'2020-12-16',	'2020-12-16 08:23:54',	38),
(15,	'VOER-39353',	'Voucher # VOER-61113',	201201,	24,	'2020-12-01',	8,	1,	'2020-12-31',	2805,	396,	8,	0,	'20',	'0000-00-00',	'0000-00-00',	'MR MASSAWE TRADES',	'ARUSHA',	'PURCHASESE OF 2 OFFICE CHAIRS AND 9 BUNDLES OF REAM PAPER.',	0,	0,	0,	0,	27,	'2020-12-16',	'2020-12-16 08:26:56',	27),
(16,	'VOER-13811',	'Voucher # VOER-30320',	201201,	25,	'2020-12-01',	8,	1,	'2020-12-31',	2810,	396,	6,	0,	'20',	'0000-00-00',	'0000-00-00',	'Mr Massawe Trades',	'Arusha',	'Payment of two office chairs and nine ream papers purchased',	0,	0,	0,	0,	30,	'2020-12-16',	'2020-12-16 08:26:58',	30),
(17,	'VOER-14615',	'Voucher # VOER-34759',	201201,	19,	'2020-12-01',	8,	1,	'2020-12-31',	2815,	396,	12,	0,	'-20',	'0000-00-00',	'0000-00-00',	'Mr.Masawe Trades',	'Arusha',	'Payment for two office chairs and nine bundles of ream paper',	0,	1,	0,	0,	13,	'2020-12-16',	'2020-12-16 08:26:59',	13),
(18,	'VOER-5413',	'Voucher # VOER-64895',	201201,	20,	'2020-12-01',	8,	1,	'2020-12-31',	2820,	396,	11,	0,	'-20',	'0000-00-00',	'0000-00-00',	'MASSAWE TRADES',	'ARUSHA',	'PAYMENT FOR OFFICE CHAIRS AND REAM PAPERS',	0,	1,	0,	0,	16,	'2020-12-16',	'2020-12-16 08:26:59',	16),
(19,	'VOER-7237',	'Voucher # VOER-43238',	201201,	27,	'2020-12-01',	8,	1,	'2020-12-31',	2825,	396,	10,	0,	'20',	'0000-00-00',	'0000-00-00',	'MASAWE TRADES',	'MOSHI',	'PAYMENT FOR TWO  OFFICE CHAIRS AND 9 REAM PAPERS',	0,	0,	0,	0,	37,	'2020-12-16',	'2020-12-16 08:28:42',	37),
(20,	'VOER-44531',	'Voucher # VOER-24772',	201213,	31,	'2020-12-01',	8,	1,	'2020-12-31',	2828,	396,	14,	0,	'4',	'0000-00-00',	'0000-00-00',	'Mr. Masawe',	'Arusha',	'Payment for two office chairs and ream paper purchased',	0,	0,	0,	0,	44,	'2020-12-16',	'2020-12-16 08:28:42',	44),
(21,	'VOER-78741',	'Voucher # VOER-46067',	201202,	19,	'2020-12-01',	8,	1,	'2020-12-31',	2831,	396,	12,	0,	'-20',	'0000-00-00',	'0000-00-00',	'MASSAWE TRADERS',	'ARUSHA',	'PAYMENT FOR 2 OFFICE CHAIRS @TZS 450,000/= AND 9 BUNDLES OF REAM PAPERS @TZS 12,000/-',	0,	1,	0,	0,	15,	'2020-12-16',	'2020-12-16 08:28:42',	15),
(22,	'VOER-37773',	'Voucher # VOER-27628',	201202,	20,	'2020-12-01',	8,	1,	'2020-12-31',	2834,	396,	11,	0,	'20',	'0000-00-00',	'0000-00-00',	'Massawe trades',	'Kilimanjaro',	'payment for 2 offices and 9 bundles of ream papers.',	0,	0,	0,	0,	17,	'2020-12-16',	'2020-12-16 08:28:44',	17),
(23,	'VOER-32646',	'Voucher # VOER-2075',	201201,	22,	'2020-12-01',	8,	1,	'2020-12-31',	2839,	396,	3,	0,	'-20',	'0000-00-00',	'0000-00-00',	'Massawe Traders Ltd',	'Arusha Kijenge P.O.BOX 523',	'Payment for 2 Office Chairs and 9 bundles of ream papers Purchased',	0,	1,	0,	0,	22,	'2020-12-16',	'2020-12-16 08:28:44',	22),
(24,	'VOER-60936',	'Voucher # VOER-75391',	201201,	21,	'2020-12-01',	8,	1,	'2020-12-31',	2844,	396,	9,	0,	'20',	'0000-00-00',	'0000-00-00',	'Massawe trader ',	'Arusha ',	'payment for two office chair and ream paper purchased ',	0,	0,	0,	0,	19,	'2020-12-16',	'2020-12-16 08:28:45',	19),
(25,	'VOER-82565',	'Voucher # VOER-33283',	201202,	22,	'2020-12-01',	8,	1,	'2020-12-31',	2847,	396,	3,	0,	'20',	'0000-00-00',	'0000-00-00',	'MR MASSAWE TRADES',	'ARUSHA',	'Payment for two office chairs and 9 bundles of ream',	0,	0,	0,	0,	23,	'2020-12-16',	'2020-12-16 08:28:45',	23),
(26,	'VOER-56192',	'Voucher # VOER-72692',	201203,	22,	'2020-12-01',	8,	1,	'2020-12-31',	2850,	396,	3,	0,	'20',	'0000-00-00',	'0000-00-00',	'Massawe Trades',	'Arusha',	'Payment for two office chairs and 9 bundles of ream paper',	0,	0,	0,	0,	21,	'2020-12-16',	'2020-12-16 08:28:47',	21),
(27,	'VOER-83491',	'Voucher # VOER-58620',	201201,	26,	'2020-12-01',	8,	1,	'2020-12-31',	2855,	396,	7,	0,	'20',	'0000-00-00',	'0000-00-00',	'MR. MASSAWE ',	'ARUSHA',	'PAYMENT FOR TWO OFFICE CHAIRS AND RIM PAPER PURCHASED',	0,	0,	0,	0,	34,	'2020-12-16',	'2020-12-16 08:28:48',	34),
(28,	'VOER-54715',	'Voucher # VOER-52078',	201202,	26,	'2020-12-01',	8,	1,	'2020-12-31',	2858,	396,	7,	0,	'20',	'0000-00-00',	'0000-00-00',	'Massawe Trades',	'Arusha',	'Payment for 2 office chairs and 9 bundles of ream papers',	0,	0,	0,	0,	33,	'2020-12-16',	'2020-12-16 08:28:48',	33),
(29,	'VOER-72192',	'Voucher # VOER-31541',	201201,	23,	'2020-12-01',	8,	1,	'2020-12-31',	2863,	396,	5,	0,	'-20',	'0000-00-00',	'0000-00-00',	'Massawe Trades',	'Arusha',	'Payment for two office chairs and ream paper purchased',	0,	1,	0,	0,	24,	'2020-12-16',	'2020-12-16 08:28:49',	24),
(30,	'VOER-12256',	'Voucher # VOER-70354',	201202,	23,	'2020-12-01',	8,	1,	'2020-12-31',	2866,	396,	5,	0,	'20',	'0000-00-00',	'0000-00-00',	'MASSAWE TRADERS',	'1414 ARUSHA',	'Payment for two office chairs and ream paper purchased.',	0,	0,	0,	0,	25,	'2020-12-16',	'2020-12-16 08:28:52',	25),
(31,	'VOER-5258',	'Voucher # VOER-53633',	201202,	28,	'2020-12-01',	8,	1,	'2020-12-31',	2869,	396,	4,	0,	'20',	'0000-00-00',	'0000-00-00',	'Mr Massawe Trades',	'ARUSHA TANZANIA',	'Payment of  2 office chairs  and 9 bundles of  ream papers purchased',	0,	0,	0,	0,	40,	'2020-12-16',	'2020-12-16 08:28:57',	40),
(32,	'VOER-26131',	'Voucher # VOER-61564',	201202,	25,	'2020-12-01',	8,	1,	'2020-12-31',	2872,	396,	6,	0,	'20',	'0000-00-00',	'0000-00-00',	'Mr Masawe',	'Arusha',	'payment for two chairs and ream paper purchased',	0,	0,	0,	0,	31,	'2020-12-16',	'2020-12-16 08:29:00',	31),
(33,	'VOER-53700',	'Voucher # VOER-50473',	201202,	21,	'2020-12-01',	8,	1,	'2020-12-31',	2875,	396,	9,	0,	'20',	'0000-00-00',	'0000-00-00',	'MR. MASSAWE TRADES',	'ARUSHA',	'PAYMENT FOR THE PURCHASE OF 2 OFFICE CHAIRS AND 9 BUNDLES OF REAM PAPER',	0,	0,	0,	0,	18,	'2020-12-16',	'2020-12-16 08:29:05',	18),
(34,	'VOER-66419',	'Voucher # VOER-27687',	201203,	23,	'2020-12-01',	8,	1,	'2020-12-31',	2878,	396,	5,	0,	'23',	'0000-00-00',	'0000-00-00',	'MR MASSAWE ',	'PO BOX   888',	'Payment for two office chair and ream paper purchase',	0,	0,	0,	0,	26,	'2020-12-16',	'2020-12-16 08:29:24',	26),
(35,	'VOER-62882',	'Voucher # VOER-48815',	201203,	28,	'2020-12-01',	8,	1,	'2020-12-31',	2881,	396,	4,	0,	'20',	'0000-00-00',	'0000-00-00',	'Mr Masawe',	'Moshi',	'Payment for Two Office Chairs & Ream Paper',	0,	0,	0,	0,	39,	'2020-12-16',	'2020-12-16 08:29:29',	39),
(36,	'VOER-75574',	'Voucher # VOER-72983',	201203,	26,	'2020-12-01',	8,	1,	'2020-12-31',	2884,	396,	7,	0,	'21',	'0000-00-00',	'0000-00-00',	'MAMA MALIKI',	'ARUSHA',	'PAYMMENT FOR CAMERA',	0,	0,	0,	0,	34,	'2020-12-16',	'2020-12-16 08:32:16',	34),
(37,	'VOER-85389',	'Voucher # VOER-57238',	201204,	22,	'2020-12-01',	8,	1,	'2020-12-31',	2886,	396,	3,	0,	'21',	'0000-00-00',	'0000-00-00',	'Mama Maliki Suppliers',	'Arusha',	'1 Camera Canon EOS ',	0,	0,	0,	0,	22,	'2020-12-16',	'2020-12-16 08:32:46',	22),
(38,	'VOER-63973',	'Voucher # VOER-28059',	201203,	25,	'2020-12-02',	8,	1,	'2020-12-31',	2888,	396,	6,	0,	'21',	'0000-00-00',	'0000-00-00',	'Mama Maliki suppliers',	'Moshi',	'Thirty uniform and clothes for thirty beneficiaries',	0,	0,	0,	0,	30,	'2020-12-16',	'2020-12-16 08:34:05',	30),
(39,	'VOER-65248',	'Voucher # VOER-82354',	201205,	22,	'2020-12-01',	8,	1,	'2020-12-31',	2890,	396,	3,	0,	'21',	'0000-00-00',	'0000-00-00',	'Mama Maaliki Suppliers',	'Arusha',	'Payment for a Camera Canon EOS',	0,	0,	0,	0,	23,	'2020-12-16',	'2020-12-16 08:34:21',	23),
(40,	'VOER-84762',	'Voucher # VOER-10372',	201203,	19,	'2020-12-01',	8,	1,	'2020-12-31',	2892,	396,	12,	0,	'21',	'0000-00-00',	'0000-00-00',	'MAMA MALIKI',	'ARUSHA',	'PAYMENT OF 1 CAMERA CANON EOS @TZS 165000/=',	0,	0,	0,	0,	15,	'2020-12-16',	'2020-12-16 08:34:49',	15),
(41,	'VOER-34125',	'Voucher # VOER-12256',	201203,	21,	'2020-12-01',	8,	1,	'2020-12-31',	2894,	396,	9,	0,	'21',	'0000-00-00',	'0000-00-00',	'MAMA MALIKI SUPPLIERS ',	'ARUSHA',	'PURCHASE OF 1 CAMERA CANON EOS',	0,	0,	0,	0,	18,	'2020-12-16',	'2020-12-16 08:35:15',	18),
(42,	'VOER-46215',	'Voucher # VOER-35102',	201204,	28,	'2020-12-01',	8,	1,	'2020-12-31',	2896,	396,	4,	0,	'21',	'0000-00-00',	'0000-00-00',	'Mama Maliki',	'Arusha',	'Purchase of 1 camera',	0,	0,	0,	0,	38,	'2020-12-16',	'2020-12-16 08:35:22',	38),
(43,	'VOER-85052',	'Voucher # VOER-79142',	201202,	24,	'2020-12-01',	8,	1,	'2020-12-31',	2898,	396,	8,	0,	'21',	'0000-00-00',	'0000-00-00',	'MAMA MALIKI',	'ARUSHA',	'PAYMENT OF 1 CAMERA CANON EOS ',	0,	0,	0,	0,	27,	'2020-12-16',	'2020-12-16 08:35:32',	27),
(44,	'VOER-77343',	'Voucher # VOER-83070',	201205,	28,	'2020-12-01',	8,	1,	'2020-12-31',	2900,	396,	4,	0,	'22',	'0000-00-00',	'0000-00-00',	'Mama. Maliki Suppliers',	'ARUSHA TANZANIA',	'Payment of 1 Camera Canon EOS ',	0,	0,	0,	0,	40,	'2020-12-16',	'2020-12-16 08:35:43',	40),
(45,	'VOER-35911',	'Voucher # VOER-69069',	201204,	23,	'2020-12-01',	8,	1,	'2020-12-31',	2902,	396,	5,	0,	'21',	'0000-00-00',	'0000-00-00',	'Mama Maliki Suppliers',	'772 Arusha',	'Payment for 1 Camera Canon EOS ',	0,	0,	0,	0,	24,	'2020-12-16',	'2020-12-16 08:35:55',	24),
(46,	'VOER-30160',	'Voucher # VOER-77996',	201204,	25,	'2020-12-01',	8,	1,	'2020-12-31',	2904,	396,	6,	0,	'21',	'0000-00-00',	'0000-00-00',	'Mama Maliki ',	'Arusha',	'payment for camera purchased',	0,	0,	0,	0,	31,	'2020-12-16',	'2020-12-16 08:36:17',	31),
(47,	'VOER-21858',	'Voucher # VOER-81605',	201206,	28,	'2020-12-01',	8,	1,	'2020-12-31',	2906,	396,	4,	0,	'21',	'0000-00-00',	'0000-00-00',	'Mama maliki',	'Arusha',	'Payment for Camera',	0,	0,	0,	0,	39,	'2020-12-16',	'2020-12-16 08:36:18',	39),
(48,	'VOER-5790',	'Voucher # VOER-86791',	201214,	31,	'2020-12-01',	8,	1,	'2020-12-31',	2908,	396,	14,	0,	'5',	'0000-00-00',	'0000-00-00',	'Mama Malkia',	'Arusha',	'Purchase of Camera',	0,	0,	0,	0,	44,	'2020-12-16',	'2020-12-16 08:36:30',	44),
(49,	'VOER-69410',	'Voucher # VOER-37922',	201203,	20,	'2020-12-01',	8,	1,	'2020-12-31',	2910,	396,	11,	0,	'21',	'0000-00-00',	'0000-00-00',	'Mama Maliki supplier',	'Arusha',	'payment of 1 camera canon EOS',	0,	0,	0,	0,	17,	'2020-12-16',	'2020-12-16 08:36:30',	17),
(50,	'VOER-24422',	'Voucher # VOER-30105',	201204,	26,	'2020-12-01',	8,	1,	'2020-12-31',	2912,	396,	7,	0,	'22',	'0000-00-00',	'0000-00-00',	'MAMA MALIKI',	'ARUSHA',	'PAYMENT FOR UNIFORM AND CLOTHES',	0,	0,	0,	0,	34,	'2020-12-16',	'2020-12-16 08:36:31',	34),
(51,	'VOER-17829',	'Voucher # VOER-22289',	201204,	21,	'2020-12-01',	8,	1,	'2021-01-31',	2914,	396,	9,	0,	'21',	'0000-00-00',	'0000-00-00',	'mama maliki suppliers ',	'Arusha ',	' purchases of 1 camera canon E0S  ',	0,	0,	0,	0,	19,	'2020-12-16',	'2020-12-16 08:37:07',	19),
(52,	'VOER-74889',	'Voucher # VOER-3176',	201204,	19,	'2020-12-01',	8,	1,	'2020-12-31',	2916,	396,	12,	0,	'21',	'0000-00-00',	'0000-00-00',	'Mama Maliki Supplier',	'Arusha',	'Payment for one Canon Camera EOS',	0,	0,	0,	0,	13,	'2020-12-16',	'2020-12-16 08:37:30',	13),
(53,	'VOER-57840',	'Voucher # VOER-38937',	201205,	25,	'2020-12-02',	8,	1,	'2020-12-31',	2918,	396,	6,	0,	'22',	'0000-00-00',	'0000-00-00',	'Mama Maliki suppliers',	'Moshi',	'One camera purchase',	0,	0,	0,	0,	30,	'2020-12-16',	'2020-12-16 08:37:31',	30),
(54,	'VOER-59528',	'Voucher # VOER-64350',	201204,	20,	'2020-12-01',	8,	1,	'2020-12-31',	2920,	396,	11,	0,	'21',	'0000-00-00',	'0000-00-00',	'MAMA MALIKI SUPPLIERS',	'ARUSHA',	'PAYMENT FOR CANON EOS CAMERA',	0,	0,	0,	0,	16,	'2020-12-16',	'2020-12-16 08:38:15',	16),
(55,	'VOER-71811',	'Voucher # VOER-81253',	201215,	31,	'2020-12-23',	8,	1,	'2020-12-31',	2922,	396,	14,	0,	'7',	'0000-00-00',	'0000-00-00',	'Mama Malkia',	'Arusha',	'Payment for the purchase of uniform and clothes',	0,	0,	0,	0,	44,	'2020-12-16',	'2020-12-16 08:39:06',	44),
(56,	'VOER-11417',	'Voucher # VOER-79984',	201206,	22,	'2020-12-01',	8,	1,	'2020-12-31',	2924,	396,	3,	0,	'22',	'0000-00-00',	'0000-00-00',	'Mama Maliki Suppliers',	'Arusha',	'Payment for school uniforms for 9-11 Beneficiaries',	0,	0,	0,	0,	23,	'2020-12-16',	'2020-12-16 08:39:17',	23),
(57,	'VOER-21951',	'Voucher # VOER-1849',	201207,	22,	'2020-12-01',	8,	1,	'2020-12-31',	2926,	396,	3,	0,	'22',	'0000-00-00',	'0000-00-00',	'Mama Maliki Suppliers',	'Arusha',	'Uniform and Clothes',	0,	0,	0,	0,	22,	'2020-12-16',	'2020-12-16 08:39:20',	22),
(58,	'VOER-63609',	'Voucher # VOER-26983',	201205,	26,	'2020-12-01',	9,	1,	'2020-12-31',	2928,	396,	7,	4,	'0',	'0000-00-00',	'0000-00-00',	'Mama Maliki',	'Arusha',	'Payment of uniform and clothes balance ',	0,	1,	0,	0,	33,	'2020-12-16',	'2020-12-16 08:39:56',	33),
(59,	'VOER-18872',	'Voucher # VOER-64995',	201207,	28,	'2020-12-01',	8,	1,	'2020-12-31',	2930,	396,	4,	4,	'23',	'0000-00-00',	'0000-00-00',	'Mama Maliki',	'Arusha',	'Purchase of uniforms and clothes',	0,	0,	0,	0,	38,	'2020-12-16',	'2020-12-16 08:39:56',	38),
(60,	'VOER-61320',	'Voucher # VOER-67672',	201205,	20,	'2020-12-01',	8,	1,	'2020-12-31',	2932,	396,	11,	0,	'21',	'0000-00-00',	'0000-00-00',	'MAMA MALIKI',	'ARUSHA',	'PAYMENT FOR CAMRERA CANON EOS',	0,	0,	0,	0,	12,	'2020-12-16',	'2020-12-16 08:40:00',	12),
(61,	'VOER-16885',	'Voucher # VOER-24010',	201206,	20,	'2020-12-01',	8,	1,	'2020-12-31',	2934,	396,	11,	0,	'22',	'0000-00-00',	'0000-00-00',	'Mama Maliki supplier',	'Arusha',	'payment of uniform and clothes',	0,	0,	0,	0,	17,	'2020-12-16',	'2020-12-16 08:40:32',	17),
(62,	'VOER-19365',	'Voucher # VOER-89827',	201208,	22,	'2020-12-16',	8,	1,	'2020-12-31',	2936,	396,	3,	0,	'22',	'0000-00-00',	'0000-00-00',	'Camera Canon EOS',	'Arusha',	'Payment for 1 Camera Canon EOS',	0,	0,	0,	0,	21,	'2020-12-16',	'2020-12-16 08:40:56',	21),
(63,	'VOER-14919',	'Voucher # VOER-21866',	201207,	20,	'2020-12-01',	8,	1,	'2020-12-31',	2938,	396,	11,	0,	'22',	'0000-00-00',	'0000-00-00',	'MAMA MALIKI SUPPLIERS',	'ARUSHA',	'PAYMENT FOR UNIFORMS',	0,	0,	0,	0,	16,	'2020-12-16',	'2020-12-16 08:41:01',	16),
(64,	'VOER-6224',	'Voucher # VOER-19555',	201205,	23,	'2020-12-01',	8,	1,	'2020-12-31',	2940,	396,	5,	0,	'22',	'0000-00-00',	'0000-00-00',	'MAMA MALIKI',	'1414 ARUSHA',	'Payment for one canon camera EOS ',	0,	0,	0,	0,	25,	'2020-12-16',	'2020-12-16 08:41:15',	25),
(65,	'VOER-57619',	'Voucher # VOER-33075',	201208,	28,	'2020-12-01',	8,	1,	'2020-12-31',	2942,	396,	4,	0,	'23',	'0000-00-00',	'0000-00-00',	'Mama. Maliki Suppliers',	'ARUSHA TANZANIA',	'Payment of Uniforms & clothes for 30 beneficiaries of year 9-11',	0,	0,	0,	0,	40,	'2020-12-16',	'2020-12-16 08:41:51',	40),
(66,	'VOER-59328',	'Voucher # VOER-42333',	201205,	19,	'2020-12-01',	8,	1,	'2020-12-31',	2944,	396,	12,	0,	'22',	'0000-00-00',	'0000-00-00',	'MAMA MALIKI',	'ARUSHA',	'PAYMENT OF SCHOOL  UNIFORMS',	0,	0,	0,	0,	15,	'2020-12-16',	'2020-12-16 08:41:52',	15),
(67,	'VOER-43001',	'Voucher # VOER-59076',	201203,	24,	'2020-12-01',	8,	1,	'2020-12-31',	2946,	396,	8,	0,	'22',	'0000-00-00',	'0000-00-00',	'MAMA MALIKI',	'ARUSHA',	'payment of school uniform and clothes  ',	0,	0,	0,	0,	27,	'2020-12-16',	'2020-12-16 08:42:16',	27),
(68,	'VOER-63543',	'Voucher # VOER-71290',	201206,	19,	'2020-12-01',	8,	1,	'2020-12-31',	2948,	396,	12,	0,	'22',	'0000-00-00',	'0000-00-00',	'Mama Maliki Supplier',	'Arusha',	'School uniform   and    clothes',	0,	0,	0,	0,	13,	'2020-12-16',	'2020-12-16 08:42:19',	13),
(69,	'VOER-49377',	'Voucher # VOER-60228',	201205,	21,	'2020-12-01',	8,	1,	'2020-12-31',	2950,	396,	9,	0,	'22',	'0000-00-00',	'0000-00-00',	'mama maliki suppliers ',	'Arusha ',	'payment for the purchase of uniform and clothes  for 30 ben',	0,	0,	0,	0,	19,	'2020-12-16',	'2020-12-16 08:42:27',	19),
(70,	'VOER-75362',	'Voucher # VOER-69049',	201208,	20,	'2020-12-01',	8,	1,	'2020-12-31',	2952,	396,	11,	0,	'-23',	'0000-00-00',	'0000-00-00',	'MAMA MALIKI',	'ARUSHA',	'PAYMENT FOR PURCHASE OF UNIFORM',	0,	1,	0,	181,	12,	'2020-12-16',	'2020-12-16 08:42:30',	12),
(71,	'VOER-65825',	'Voucher # VOER-49710',	201206,	23,	'2020-12-01',	8,	1,	'2020-12-31',	2954,	396,	5,	0,	'22',	'0000-00-00',	'0000-00-00',	'mama maliki',	'334 arusha',	'payment  for purchase of canon camera',	0,	0,	0,	0,	26,	'2020-12-16',	'2020-12-16 08:42:33',	26),
(72,	'VOER-59785',	'Voucher # VOER-65487',	201202,	27,	'2020-12-01',	8,	1,	'2020-12-31',	2956,	396,	10,	0,	'21',	'0000-00-00',	'0000-00-00',	'MAMA MALIKI',	'ARUSHA',	'OFFICE CAMERA PAYMENT',	0,	0,	0,	0,	37,	'2020-12-16',	'2020-12-16 08:42:35',	37),
(73,	'VOER-28472',	'Voucher # VOER-49563',	201206,	25,	'2020-12-01',	8,	1,	'2020-12-31',	2958,	396,	6,	0,	'23',	'0000-00-00',	'0000-00-00',	'Mama Maliki ',	'Arusha',	'payment for benficiaries uniform ',	0,	0,	0,	0,	31,	'2020-12-16',	'2020-12-16 08:42:53',	31),
(74,	'VOER-63609',	'Voucher # VOER-26983',	201206,	26,	'2020-12-01',	9,	1,	'2020-12-31',	2928,	396,	7,	4,	'0',	'0000-00-00',	'0000-00-00',	'<strike>Mama Maliki<strike>',	'Arusha',	'<strike>Payment of uniform and clothes balance </strike> [Reversal of voucher number 201205]',	0,	1,	0,	0,	33,	'2020-12-16',	'2020-12-16 08:39:56',	33),
(75,	'VOER-39051',	'Voucher # VOER-54392',	201209,	28,	'2020-12-01',	8,	1,	'2020-12-31',	2960,	396,	4,	0,	'24',	'0000-00-00',	'0000-00-00',	'Mama maliki',	'Arusha',	'Uniform Clothes',	0,	0,	0,	0,	39,	'2020-12-16',	'2020-12-16 08:43:57',	39),
(76,	'VOER-11792',	'Voucher # VOER-33205',	201203,	27,	'2020-12-01',	8,	1,	'2020-12-31',	2962,	396,	10,	0,	'-22',	'0000-00-00',	'0000-00-00',	'MAMA MALIKI',	'ARUSHA',	'UNIFORM',	0,	1,	0,	185,	37,	'2020-12-16',	'2020-12-16 08:44:43',	37),
(77,	'VOER-71897',	'Voucher # VOER-43009',	201209,	22,	'2020-12-16',	8,	1,	'2020-12-31',	2964,	396,	3,	0,	'23',	'0000-00-00',	'0000-00-00',	'Mama Maliki',	'Arusha',	'Payment for Uniform',	0,	0,	0,	0,	21,	'2020-12-16',	'2020-12-16 08:44:48',	21),
(78,	'VOER-68913',	'Voucher # VOER-26855',	201207,	25,	'2020-12-01',	9,	0,	NULL,	2966,	396,	0,	4,	'0',	'0000-00-00',	'0000-00-00',	'Mama Maliki ',	'Arusha',	'payment for benficiaries uniform ',	0,	0,	0,	0,	31,	'2020-12-16',	'2020-12-16 08:47:20',	31),
(79,	'VOER-66895',	'Voucher # VOER-61998',	201209,	20,	'2020-12-01',	9,	0,	NULL,	2968,	396,	0,	4,	'0',	'0000-00-00',	'0000-00-00',	'MISS SOCIAL WORKER',	'ARUSHA',	'PAYMENT FOR PURCHASING OF BITES',	0,	0,	0,	0,	12,	'2020-12-16',	'2020-12-16 08:49:28',	12),
(80,	'VOER-21373',	'Voucher # VOER-56925',	201207,	19,	'2020-12-01',	9,	0,	NULL,	2970,	396,	0,	4,	'0',	'0000-00-00',	'0000-00-00',	'MISS SOCIAL WORKER',	'ARUSHA',	'PURCHASE OF BITES OF CDCC MEETING',	0,	0,	0,	0,	15,	'2020-12-16',	'2020-12-16 08:49:29',	15),
(81,	'VOER-85302',	'Voucher # VOER-32597',	201210,	22,	'2020-12-16',	9,	0,	NULL,	2972,	396,	0,	4,	'0',	'0000-00-00',	'0000-00-00',	'Miss Social Worker',	'Arusha',	'Payment for BItes',	0,	0,	0,	0,	23,	'2020-12-16',	'2020-12-16 08:49:31',	23),
(82,	'VOER-5464',	'Voucher # VOER-32325',	201207,	26,	'2020-12-01',	9,	0,	NULL,	2974,	396,	0,	4,	'0',	'0000-00-00',	'0000-00-00',	'MS. SOCIAL WORKER',	'ARUSHA',	'PURCHASE OF BITES FOR CDCC MEETING',	0,	0,	0,	0,	34,	'2020-12-16',	'2020-12-16 08:49:31',	34),
(83,	'VOER-54771',	'Voucher # VOER-69504',	201210,	28,	'2020-12-01',	9,	0,	NULL,	2976,	396,	0,	4,	'0',	'0000-00-00',	'0000-00-00',	'Ms.Social workeri',	'Arusha',	'Bites',	0,	0,	0,	0,	39,	'2020-12-16',	'2020-12-16 08:49:34',	39),
(84,	'VOER-22602',	'Voucher # VOER-51115',	201211,	28,	'2020-12-01',	9,	0,	NULL,	2978,	396,	0,	4,	'0',	'0000-00-00',	'0000-00-00',	'Ms Social Worker',	'ARUSHA TANZANIA',	'Purchase of bites for CDCC Meeting',	0,	0,	0,	0,	40,	'2020-12-16',	'2020-12-16 08:50:02',	40),
(85,	'VOER-8379',	'Voucher # VOER-27029',	201211,	22,	'2020-12-16',	9,	0,	NULL,	2980,	396,	0,	4,	'0',	'0000-00-00',	'0000-00-00',	'Social Worker',	'Arusha',	'Bites for CDCC Meeting ',	0,	0,	0,	0,	22,	'2020-12-16',	'2020-12-16 08:50:04',	22),
(86,	'VOER-63808',	'Voucher # VOER-78263',	201208,	26,	'2020-12-01',	9,	0,	NULL,	2982,	396,	0,	4,	'0',	'0000-00-00',	'0000-00-00',	'Miss social worker',	'Arusha',	'Purchase bites for CDCC Members',	0,	0,	0,	0,	33,	'2020-12-16',	'2020-12-16 08:50:04',	33),
(87,	'VOER-12665',	'Voucher # VOER-49055',	201207,	23,	'2020-12-01',	9,	0,	NULL,	2984,	396,	0,	4,	'0',	'0000-00-00',	'0000-00-00',	'Miss Social worker',	'Arusha',	'Payment for Bites of  CDCC meetings',	0,	0,	0,	0,	24,	'2020-12-16',	'2020-12-16 08:50:16',	24),
(88,	'VOER-29184',	'Voucher # VOER-11840',	201210,	20,	'2020-12-01',	9,	0,	NULL,	2986,	396,	0,	4,	'0',	'0000-00-00',	'0000-00-00',	'MISS S/WORKER',	'ARUSHA',	'PURCHASES OF BITES FOR CDCC MEETING',	0,	0,	0,	0,	16,	'2020-12-16',	'2020-12-16 08:50:17',	16),
(89,	'VOER-34594',	'Voucher # VOER-52491',	201204,	24,	'2020-12-01',	9,	0,	NULL,	2988,	396,	0,	4,	'0',	'0000-00-00',	'0000-00-00',	'Miss Social worker',	'ARUSHA',	'payment of bits during CDCC Meeting',	0,	0,	0,	0,	27,	'2020-12-16',	'2020-12-16 08:50:19',	27),
(90,	'VOER-76442',	'Voucher # VOER-40317',	201211,	20,	'2020-12-16',	9,	0,	NULL,	2990,	396,	0,	4,	'0',	'0000-00-00',	'0000-00-00',	'Ms social worker',	'kimandolu',	'payment of bites for meeting of cdcc',	0,	0,	0,	0,	17,	'2020-12-16',	'2020-12-16 08:50:19',	17),
(91,	'VOER-25046',	'Voucher # VOER-87064',	201216,	31,	'2020-12-23',	9,	0,	NULL,	2992,	396,	0,	4,	'0',	'0000-00-00',	'0000-00-00',	'Ms. Social worker',	'Arusha',	'Purchase of bites for CDCC meeting',	0,	0,	0,	0,	44,	'2020-12-16',	'2020-12-16 08:50:21',	44),
(92,	'VOER-68567',	'Voucher # VOER-53215',	201212,	22,	'2020-12-16',	9,	0,	NULL,	2994,	396,	0,	4,	'0',	'0000-00-00',	'0000-00-00',	'Miss Social Worker',	'Arusha',	'Purchase of bites for CDCC Members meeting',	0,	0,	0,	0,	21,	'2020-12-16',	'2020-12-16 08:50:24',	21),
(93,	'VOER-4851',	'Voucher # VOER-16051',	201208,	19,	'2020-12-01',	9,	0,	NULL,	2996,	396,	0,	4,	'0',	'0000-00-00',	'0000-00-00',	'Miss Social  Worker',	'Arusha',	'Purchase of bites for meeting',	0,	0,	0,	0,	13,	'2020-12-16',	'2020-12-16 08:50:27',	13),
(94,	'VOER-54801',	'Voucher # VOER-68797',	201208,	25,	'2020-12-01',	9,	0,	NULL,	2998,	396,	0,	4,	'0',	'0000-00-00',	'0000-00-00',	'mi socialworker',	'Arusha',	'payment for bites',	0,	0,	0,	0,	31,	'2020-12-16',	'2020-12-16 08:50:29',	31),
(95,	'VOER-23632',	'Voucher # VOER-60571',	201209,	25,	'2020-12-01',	9,	0,	NULL,	3000,	396,	0,	4,	'0',	'0000-00-00',	'0000-00-00',	'Miss Social worker',	'Arusha',	'Purchase of bites on an emergence meeting by CDCC',	0,	0,	0,	0,	30,	'2020-12-16',	'2020-12-16 08:50:36',	30),
(96,	'VOER-15202',	'Voucher # VOER-34746',	201208,	23,	'2020-12-01',	9,	0,	NULL,	3002,	396,	0,	4,	'0',	'0000-00-00',	'0000-00-00',	'Ms.Social worker',	'Arusha',	'purchase  of bites for cddd meetings',	0,	0,	0,	0,	26,	'2020-12-16',	'2020-12-16 08:50:37',	26),
(97,	'VOER-17733',	'Voucher # VOER-3126',	201206,	21,	'2020-12-01',	9,	0,	NULL,	3004,	396,	0,	4,	'0',	'0000-00-00',	'0000-00-00',	'Miss Social worker ',	'Arusha ',	'payment of bites for CDCC meeting ',	0,	0,	0,	0,	19,	'2020-12-16',	'2020-12-16 08:50:38',	19),
(98,	'VOER-86628',	'Voucher # VOER-2513',	201204,	27,	'2020-12-01',	9,	0,	NULL,	3006,	396,	0,	4,	'0',	'0000-00-00',	'0000-00-00',	'ESTHER MTENGETI',	'ARUSHA',	'PURCHASE BITES FOR CDCC MEETING',	0,	0,	0,	0,	37,	'2020-12-16',	'2020-12-16 08:50:50',	37),
(99,	'VOER-86365',	'Voucher # VOER-37752',	201212,	28,	'2020-12-01',	9,	0,	NULL,	3008,	396,	0,	4,	'0',	'0000-00-00',	'0000-00-00',	'Miss Social Worker',	'Arusha',	'Bites for CDCC Meeting',	0,	0,	0,	0,	38,	'2020-12-16',	'2020-12-16 08:50:53',	38),
(100,	'VOER-22428',	'Voucher # VOER-68589',	201209,	23,	'2020-12-01',	9,	0,	NULL,	3010,	396,	0,	4,	'0',	'0000-00-00',	'0000-00-00',	'JENNY ( S.WOREKER)',	'1414 ARUSHA',	'Purchase of bites for CDCC Meeting ',	0,	0,	0,	0,	25,	'2020-12-16',	'2020-12-16 08:50:55',	25),
(101,	'VOER-88578',	'Voucher # VOER-66853',	201207,	21,	'2020-12-01',	9,	0,	NULL,	3012,	396,	0,	4,	'0',	'0000-00-00',	'0000-00-00',	'SOCIAL WORKER',	'ARUSHA',	'PURCHASE OF BITES',	0,	0,	0,	0,	18,	'2020-12-16',	'2020-12-16 08:51:18',	18),
(102,	'VOER-54271',	'Voucher # VOER-3294',	201213,	22,	'2020-12-16',	9,	0,	NULL,	3014,	396,	0,	4,	'0',	'0000-00-00',	'0000-00-00',	'Projector Acountant',	'Arusha',	'Transport',	0,	0,	0,	0,	22,	'2020-12-16',	'2020-12-16 08:51:41',	22),
(103,	'VOER-23453',	'Voucher # VOER-44444',	201213,	28,	'2020-12-01',	9,	0,	NULL,	3016,	396,	0,	4,	'0',	'0000-00-00',	'0000-00-00',	'Mr Accountant',	'Arusha',	'Transport and meals',	0,	0,	0,	0,	38,	'2020-12-16',	'2020-12-16 08:54:16',	38),
(104,	'VOER-43427',	'Voucher # VOER-22945',	201209,	19,	'2020-12-01',	9,	0,	NULL,	3018,	396,	0,	4,	'0',	'0000-00-00',	'0000-00-00',	'MISS SOCIAL WORKER',	'ARUSHA',	'PURCHASE OF BITES OF CDCC MEETING',	0,	0,	0,	0,	15,	'2020-12-16',	'2020-12-16 08:54:56',	15),
(105,	'VOER-73123',	'Voucher # VOER-54265',	201210,	19,	'2020-12-01',	9,	0,	NULL,	3020,	396,	0,	4,	'0',	'0000-00-00',	'0000-00-00',	'Mr. Project Accountant',	'Arusha',	'Transport and Meals',	0,	0,	0,	0,	13,	'2020-12-16',	'2020-12-16 08:56:47',	13),
(106,	'VOER-62531',	'Voucher # VOER-43558',	201205,	24,	'2020-12-01',	9,	0,	NULL,	3022,	396,	0,	4,	'0',	'0000-00-00',	'0000-00-00',	'MR  Accountant',	'ARUSHA',	'Transport and meals ',	0,	0,	0,	0,	27,	'2020-12-16',	'2020-12-16 08:56:59',	27),
(107,	'VOER-6886',	'Voucher # VOER-56857',	201209,	26,	'2020-12-01',	9,	0,	NULL,	3024,	396,	0,	4,	'0',	'0000-00-00',	'0000-00-00',	'MR. ACCOUNTANT',	'ARUSHA',	'TRANSPORT',	0,	0,	0,	0,	34,	'2020-12-16',	'2020-12-16 08:57:57',	34),
(108,	'VOER-4041',	'Voucher # VOER-39253',	201214,	22,	'2020-12-16',	9,	0,	NULL,	3026,	396,	0,	4,	'0',	'0000-00-00',	'0000-00-00',	'Project Accountant ',	'Arusha',	'Meals and Transport ',	0,	0,	0,	0,	22,	'2020-12-16',	'2020-12-16 09:00:08',	22),
(109,	'VOER-67627',	'Voucher # VOER-24339',	201217,	31,	'2020-12-23',	9,	0,	NULL,	3028,	396,	0,	4,	'0',	'0000-00-00',	'0000-00-00',	'Mr. Accountant',	'Arusha',	'Transport to the bank',	0,	0,	0,	0,	44,	'2020-12-16',	'2020-12-16 09:00:44',	44),
(110,	'VOER-12745',	'Voucher # VOER-79573',	201211,	19,	'2020-12-01',	9,	0,	NULL,	3030,	396,	0,	4,	'0',	'0000-00-00',	'0000-00-00',	'MR ACCOUNTANT',	'ARUSHA',	'TRANSPORT TO BANK',	0,	0,	0,	0,	15,	'2020-12-16',	'2020-12-16 09:00:46',	15),
(111,	'VOER-41461',	'Voucher # VOER-83832',	201210,	26,	'2020-12-01',	9,	0,	NULL,	3032,	396,	0,	4,	'0',	'0000-00-00',	'0000-00-00',	'Mr. Project Accountant',	'Arusha',	'Payment of transport and meal',	0,	0,	0,	0,	33,	'2020-12-16',	'2020-12-16 09:00:49',	33),
(112,	'VOER-12012',	'Voucher # VOER-36972',	201208,	21,	'2020-12-01',	9,	0,	NULL,	3034,	396,	0,	4,	'0',	'0000-00-00',	'0000-00-00',	'project accountant ',	'Arusha ',	'transport and meals ',	0,	0,	0,	0,	19,	'2020-12-16',	'2020-12-16 09:00:54',	19),
(113,	'VOER-4883',	'Voucher # VOER-77766',	201210,	25,	'2020-12-03',	9,	0,	NULL,	3036,	396,	0,	4,	'0',	'0000-00-00',	'0000-00-00',	'Mr Accountant',	'Arusha',	'Payment of transport meals',	0,	0,	0,	0,	30,	'2020-12-16',	'2020-12-16 09:00:58',	30),
(114,	'VOER-65129',	'Voucher # VOER-69232',	201211,	25,	'2020-12-01',	9,	0,	NULL,	3038,	396,	0,	4,	'0',	'0000-00-00',	'0000-00-00',	'PA',	'Arusha',	'payment for meals and transport',	0,	0,	0,	0,	31,	'2020-12-16',	'2020-12-16 09:01:02',	31),
(115,	'VOER-18405',	'Voucher # VOER-39065',	201210,	23,	'2020-12-01',	9,	0,	NULL,	3040,	396,	0,	4,	'0',	'0000-00-00',	'0000-00-00',	'PROJECT ACCOUNTANT',	'1414 ARUSHA',	'Transport to the bank.',	0,	0,	0,	0,	25,	'2020-12-16',	'2020-12-16 09:01:02',	25),
(116,	'VOER-14191',	'Voucher # VOER-3526',	201212,	20,	'2020-12-16',	9,	0,	NULL,	3042,	396,	0,	4,	'0',	'0000-00-00',	'0000-00-00',	'MR ACCOUNTANT',	'ARUSHA',	'PAYMENT FOR MEALS AND TRANSPORT',	0,	0,	0,	0,	12,	'2020-12-16',	'2020-12-16 09:01:09',	12),
(117,	'VOER-66047',	'Voucher # VOER-2707',	201209,	21,	'2020-12-01',	9,	0,	NULL,	3044,	396,	0,	4,	'0',	'0000-00-00',	'0000-00-00',	'MR ACCOUNTANT',	'ARUSHA',	'TRANSPORT',	0,	0,	0,	0,	18,	'2020-12-16',	'2020-12-16 09:01:10',	18),
(118,	'VOER-38114',	'Voucher # VOER-3839',	201205,	27,	'2020-12-01',	9,	0,	NULL,	3046,	396,	0,	4,	'0',	'0000-00-00',	'0000-00-00',	'REKAELI KASSANGO',	'ARUSHA',	'TRANSPORT AND MEALS ',	0,	0,	0,	0,	37,	'2020-12-16',	'2020-12-16 09:01:16',	37),
(119,	'VOER-39623',	'Voucher # VOER-22600',	201214,	28,	'2020-12-02',	9,	0,	NULL,	3048,	396,	0,	4,	'0',	'0000-00-00',	'0000-00-00',	'Mr. Accountant',	'ARUSHA TANZANIA',	'Transport and meals',	0,	0,	0,	0,	40,	'2020-12-16',	'2020-12-16 09:01:16',	40),
(120,	'VOER-73015',	'Voucher # VOER-57144',	201215,	22,	'2020-12-16',	9,	0,	NULL,	3050,	396,	0,	4,	'0',	'0000-00-00',	'0000-00-00',	'Mr Project Accountant',	'Arusha',	'Payment for transport and meals',	0,	0,	0,	0,	21,	'2020-12-16',	'2020-12-16 09:01:24',	21),
(121,	'VOER-24823',	'Voucher # VOER-84241',	201213,	20,	'2020-12-21',	9,	0,	NULL,	3052,	396,	0,	4,	'0',	'0000-00-00',	'0000-00-00',	'MR ACCOUNTANT',	'ARUSHA',	'TRANSPORT AND MEALS',	0,	0,	0,	0,	16,	'2020-12-16',	'2020-12-16 09:01:41',	16),
(122,	'VOER-68261',	'Voucher # VOER-37545',	201214,	20,	'2020-12-15',	9,	0,	NULL,	3054,	396,	0,	4,	'0',	'0000-00-00',	'0000-00-00',	'Mr P/A',	'Arusha',	'payment transport and meal',	0,	0,	0,	0,	17,	'2020-12-16',	'2020-12-16 09:02:26',	17),
(123,	'VOER-8861',	'Voucher # VOER-34033',	201211,	23,	'2020-12-01',	9,	0,	NULL,	3056,	396,	0,	4,	'0',	'0000-00-00',	'0000-00-00',	'Mr. Accountant ',	'Arusha',	'Payment for transport and meals for Mr. Accountant ',	0,	0,	0,	0,	24,	'2020-12-16',	'2020-12-16 09:02:57',	24),
(124,	'VOER-59730',	'Voucher # VOER-2918',	201216,	22,	'2020-12-16',	9,	0,	NULL,	3058,	396,	0,	4,	'0',	'0000-00-00',	'0000-00-00',	'Mr Accountant',	'Arusha',	'Transport and ',	0,	0,	0,	0,	23,	'2020-12-16',	'2020-12-16 09:03:02',	23),
(125,	'VOER-20970',	'Voucher # VOER-33571',	201215,	20,	'2020-12-16',	11,	1,	'2020-12-31',	3066,	396,	11,	4,	'0',	'0000-00-00',	'0000-00-00',	'MR PROJECT COORDINATOR',	'ARUSHA',	'PAYMENT FOR TRANSPORT',	0,	0,	0,	0,	12,	'2020-12-16',	'2020-12-16 09:30:14',	12),
(126,	'VOER-26465',	'Voucher # VOER-51758',	201206,	24,	'2020-12-01',	10,	1,	'2020-12-31',	3070,	396,	8,	4,	'-23',	'0000-00-00',	'0000-00-00',	'MISS SOCIAL WORKER',	'ARUSHA',	'Petty Cash Replenishment',	0,	1,	0,	0,	27,	'2020-12-16',	'2020-12-16 09:35:57',	27),
(127,	'VOER-85816',	'Voucher # VOER-34115',	201216,	20,	'2020-12-16',	10,	1,	'2020-12-31',	3074,	396,	11,	4,	'24',	'0000-00-00',	'0000-00-00',	'SOCIAL WORKER',	'ARUSHA',	'PETTY CASH',	0,	0,	0,	0,	16,	'2020-12-16',	'2020-12-16 09:36:29',	16),
(128,	'VOER-23261',	'Voucher # VOER-26112',	201218,	31,	'2020-12-23',	10,	1,	'2020-12-31',	3078,	396,	14,	4,	'6',	'0000-00-00',	'0000-00-00',	'Ms. Social worker',	'Arusha',	'Petty cash replenishment for the month December 2020',	0,	0,	0,	0,	44,	'2020-12-16',	'2020-12-16 09:36:45',	44),
(129,	'VOER-14935',	'Voucher # VOER-24524',	201215,	28,	'2020-12-02',	10,	1,	'2020-12-31',	3082,	396,	4,	4,	'25',	'0000-00-00',	'0000-00-00',	'Ms Social Worker',	'ARUSHA TANZANIA',	'Petty Cash Replenishment for the month of dec...',	0,	0,	0,	0,	40,	'2020-12-16',	'2020-12-16 09:36:50',	40),
(130,	'VOER-71685',	'Voucher # VOER-18398',	201211,	26,	'2020-12-01',	10,	1,	'2020-12-31',	3084,	396,	7,	4,	'23',	'0000-00-00',	'0000-00-00',	'Miss social worker',	'Arusha',	'Replenish of petty cash',	0,	0,	0,	0,	33,	'2020-12-16',	'2020-12-16 09:37:03',	33),
(131,	'VOER-21788',	'Voucher # VOER-44866',	201206,	27,	'2020-12-01',	10,	1,	'2020-12-31',	3086,	396,	10,	4,	'23',	'0000-00-00',	'0000-00-00',	'ESTHER MTENGETI',	'ARUSHA',	'PETTYCASH REPLENISHMENT',	0,	0,	0,	0,	37,	'2020-12-16',	'2020-12-16 09:37:03',	37),
(132,	'VOER-37613',	'Voucher # VOER-50523',	201217,	22,	'2020-12-16',	10,	1,	'2020-12-31',	3088,	396,	3,	4,	'24',	'0000-00-00',	'0000-00-00',	'Mr Social worker',	'Arusha',	'Petty Cash Replenishment',	0,	0,	0,	0,	21,	'2020-12-16',	'2020-12-16 09:37:13',	21),
(133,	'VOER-23498',	'Voucher # VOER-30314',	201216,	28,	'2020-12-02',	10,	1,	'2020-12-31',	3092,	396,	4,	4,	'-26',	'0000-00-00',	'0000-00-00',	'Ms. Social Worker',	'Arusha',	'Petty Replenishment',	0,	1,	0,	0,	39,	'2020-12-16',	'2020-12-16 09:37:38',	39),
(134,	'VOER-57413',	'Voucher # VOER-82615',	201212,	25,	'2020-12-01',	10,	1,	'2020-12-31',	3094,	396,	6,	4,	'24',	'0000-00-00',	'0000-00-00',	'mis socialworker',	'Arusha',	'petty cash replenishment fr the month of December',	0,	0,	0,	0,	31,	'2020-12-16',	'2020-12-16 09:37:43',	31),
(135,	'VOER-57509',	'Voucher # VOER-11741',	201217,	20,	'2020-12-16',	10,	1,	'2020-12-31',	3096,	396,	11,	4,	'25',	'0000-00-00',	'0000-00-00',	'social worker',	'Arusha',	'payment of replenishment of petty cash',	0,	0,	0,	0,	17,	'2020-12-16',	'2020-12-16 09:37:46',	17),
(136,	'VOER-19741',	'Voucher # VOER-58386',	201210,	21,	'2020-12-01',	8,	1,	'2020-12-31',	3098,	396,	9,	0,	'23',	'0000-00-00',	'0000-00-00',	'MISS SOCIAL WORKER',	'ARUSHA ',	'REPLENISHMENT FOR THE MONTH OF DECEMBER 2020',	0,	0,	0,	0,	18,	'2020-12-16',	'2020-12-16 09:37:50',	18),
(137,	'VOER-47943',	'Voucher # VOER-41208',	201218,	20,	'2020-12-16',	10,	1,	'2020-12-31',	3100,	396,	11,	4,	'24',	'0000-00-00',	'0000-00-00',	'MISS SOCIAL WORKER',	'ARUSHA',	'PETTY CASH REPLENISHMENT',	0,	0,	0,	0,	12,	'2020-12-16',	'2020-12-16 09:37:56',	12),
(138,	'VOER-81906',	'Voucher # VOER-6887',	201218,	22,	'2020-12-16',	10,	1,	'2020-12-31',	3102,	396,	3,	4,	'24',	'0000-00-00',	'0000-00-00',	'MR SOCIAL WORKER',	'ARUSHA',	'PETTYCASH REPLENISHMENT',	0,	0,	0,	0,	23,	'2020-12-16',	'2020-12-16 09:38:03',	23),
(139,	'VOER-2266',	'Voucher # VOER-62200',	201213,	25,	'2020-12-11',	9,	0,	NULL,	3104,	396,	0,	4,	'0',	'0000-00-00',	'0000-00-00',	'Daladala Safaris',	'Arusha',	'Payment of transport costs',	0,	0,	0,	0,	30,	'2020-12-16',	'2020-12-16 09:38:12',	30),
(140,	'VOER-34030',	'Voucher # VOER-20725',	201217,	28,	'2020-12-02',	10,	1,	'2020-12-31',	3108,	396,	4,	4,	'-25',	'0000-00-00',	'0000-00-00',	's/w',	'Arusha',	'Petty cash',	0,	1,	0,	0,	38,	'2020-12-16',	'2020-12-16 09:39:11',	38),
(141,	'VOER-86761',	'Voucher # VOER-52106',	201212,	19,	'2020-12-01',	10,	0,	NULL,	3110,	396,	12,	4,	'25',	'0000-00-00',	'0000-00-00',	'Miss Social  Worker',	'Arusha',	'Petty cash replenishment',	0,	0,	0,	0,	13,	'2020-12-16',	'2020-12-16 09:40:03',	13),
(142,	'VOER-6134',	'Voucher # VOER-46004',	201212,	23,	'2020-12-01',	10,	1,	'2020-12-31',	3111,	396,	5,	4,	'24',	'0000-00-00',	'0000-00-00',	'Social Woker',	'Arusha',	'Petty cash replenishment for december 2020',	0,	0,	0,	0,	24,	'2020-12-16',	'2020-12-16 09:42:41',	24),
(143,	'VOER-76774',	'Voucher # VOER-71296',	201213,	23,	'2020-12-01',	10,	1,	'2020-12-31',	3113,	396,	5,	4,	'42',	'0000-00-00',	'0000-00-00',	'Ms.Social worker',	'PO BOX   888',	'petty cash replenishment',	0,	0,	0,	0,	26,	'2020-12-16',	'2020-12-16 09:43:57',	26),
(144,	'VOER-35801',	'Voucher # VOER-8743',	201213,	19,	'2020-12-01',	10,	1,	'2020-12-31',	3115,	396,	12,	4,	'23',	'0000-00-00',	'0000-00-00',	'MISS SOCIAL WORKER',	'ARUSHA',	'PETTY CASH REPLAINSHMENT DEC  2020',	0,	0,	0,	0,	15,	'2020-12-16',	'2020-12-16 09:44:04',	15),
(145,	'VOER-33676',	'Voucher # VOER-21396',	201212,	26,	'2020-12-01',	10,	1,	'2020-12-31',	3117,	396,	7,	4,	'24',	'0000-00-00',	'0000-00-00',	'MS. SOCIAL WORKER',	'ARUSHA',	'PET CASH REPLENISHMENT',	0,	0,	0,	0,	34,	'2020-12-16',	'2020-12-16 09:49:41',	34),
(146,	'VOER-28604',	'Voucher # VOER-83650',	201219,	31,	'2020-12-23',	13,	1,	'2020-12-31',	3119,	396,	14,	0,	'-20005',	'0000-00-00',	'0000-00-00',	'Mount Meru University',	'Arusha',	'Tuition fees for beneficiary ',	0,	1,	0,	0,	44,	'2020-12-16',	'2020-12-16 09:53:26',	44),
(147,	'VOER-60702',	'Voucher # VOER-35712',	201213,	26,	'2020-12-01',	13,	1,	'2020-12-31',	3121,	396,	7,	0,	'25000',	'0000-00-00',	'0000-00-00',	'NANGWA',	'MANYARA',	'TUTION FEE FOR BENEFICIARY',	0,	0,	0,	0,	33,	'2020-12-16',	'2020-12-16 09:54:19',	33),
(148,	'VOER-76929',	'Voucher # VOER-43321',	201219,	20,	'2020-12-16',	13,	1,	'2020-12-31',	3123,	396,	11,	0,	'20005',	'0000-00-00',	'0000-00-00',	'MOUNT MERU UNIVERSITY',	'ARUSHA',	'TUITION FEES FOR BENEFICIARY',	0,	0,	0,	0,	12,	'2020-12-16',	'2020-12-16 09:54:19',	12),
(149,	'VOER-20015',	'Voucher # VOER-37313',	201214,	23,	'2020-12-01',	13,	1,	'2020-12-31',	3125,	396,	5,	0,	'2030',	'0000-00-00',	'0000-00-00',	'mount meru university ',	'arusha',	'tution fee for beneficiaries',	0,	0,	0,	0,	26,	'2020-12-16',	'2020-12-16 09:54:45',	26),
(150,	'VOER-18597',	'Voucher # VOER-40998',	201207,	24,	'2020-12-01',	13,	1,	'2020-12-31',	3127,	396,	8,	4,	'1220',	'0000-00-00',	'0000-00-00',	'Ardhi university',	'Dar-es-salaam',	'Tution Fees for beneficiary',	0,	0,	0,	0,	27,	'2020-12-16',	'2020-12-16 09:54:52',	27),
(151,	'VOER-17298',	'Voucher # VOER-14848',	201220,	20,	'2020-12-16',	13,	1,	'2020-12-31',	3129,	396,	11,	0,	'123456',	'0000-00-00',	'0000-00-00',	'MBEZI SEC SCHOOL',	'ARUSHA',	'SCHOOL FEES',	0,	0,	0,	0,	16,	'2020-12-16',	'2020-12-16 09:55:33',	16),
(152,	'VOER-89332',	'Voucher # VOER-23863',	201214,	25,	'2020-12-19',	13,	1,	'2020-12-31',	3131,	396,	6,	0,	'2019',	'0000-00-00',	'0000-00-00',	'Mount Meru university',	'Arusha',	'Payment of tuition fees for one beneficiary',	0,	0,	0,	0,	30,	'2020-12-16',	'2020-12-16 09:56:16',	30),
(153,	'VOER-87437',	'Voucher # VOER-39567',	201219,	22,	'2020-12-16',	13,	1,	'2020-12-31',	3133,	396,	3,	0,	'20005',	'0000-00-00',	'0000-00-00',	'Mount Meru University ',	'Arusha',	'School fees',	0,	0,	0,	0,	21,	'2020-12-16',	'2020-12-16 10:00:56',	21),
(154,	'VOER-27202',	'Voucher # VOER-83899',	201207,	27,	'2020-12-17',	13,	1,	'2020-12-31',	3135,	396,	10,	0,	'991220',	'0000-00-00',	'0000-00-00',	'MT MERU UNIVERSITY',	'ARUSHA',	'TUITION FEE FOR  BENEFICIARY NUMBER TZ010200285 WINNY LOSHORWA',	0,	0,	0,	0,	37,	'2020-12-16',	'2020-12-16 10:03:56',	37),
(155,	'VOER-80191',	'Voucher # VOER-5515',	201215,	23,	'2020-12-01',	13,	1,	'2020-12-31',	3137,	396,	5,	0,	'266',	'0000-00-00',	'0000-00-00',	'VARSITY ARUSHA',	'1414 ARUSHA',	'Tuition fees for beneficiaries',	0,	0,	0,	0,	25,	'2020-12-16',	'2020-12-16 10:04:03',	25),
(156,	'VOER-55809',	'Voucher # VOER-51496',	201214,	19,	'2020-12-01',	13,	1,	'2020-12-31',	3139,	396,	12,	0,	'2005',	'0000-00-00',	'0000-00-00',	' Mount Meru University',	'Arusha',	'Tuition fees',	0,	0,	0,	0,	13,	'2020-12-16',	'2020-12-16 10:04:51',	13),
(157,	'VOER-27678',	'Voucher # VOER-73870',	201208,	24,	'2020-12-01',	12,	1,	'2020-12-31',	3141,	396,	8,	0,	'0',	'0000-00-00',	'0000-00-00',	'MRS PA',	'ARUSHA',	'IGA CIV Repayments',	0,	0,	0,	0,	27,	'2020-12-16',	'2020-12-16 10:09:46',	27),
(158,	'VOER-88226',	'Voucher # VOER-62934',	201209,	24,	'2020-12-01',	12,	1,	'2020-12-31',	3143,	396,	8,	0,	'0',	'0000-00-00',	'0000-00-00',	'MRS PA',	'ARUSHA',	'IGA CIV Repayments',	0,	1,	0,	0,	27,	'2020-12-16',	'2020-12-16 10:10:07',	27),
(159,	'VOER-37461',	'Voucher # VOER-34890',	201220,	22,	'2020-12-16',	12,	1,	'2020-12-31',	3145,	396,	3,	0,	'0',	'0000-00-00',	'0000-00-00',	'TAG Bethel Student Center',	'Arusha',	'Balance From Dar es Salaam Trip',	0,	0,	0,	0,	22,	'2020-12-16',	'2020-12-16 10:10:14',	22),
(160,	'VOER-59104',	'Voucher # VOER-35069',	201215,	19,	'2020-12-01',	12,	1,	'2020-12-31',	3147,	396,	12,	0,	'0',	'0000-00-00',	'0000-00-00',	'Miss Social  Worker',	'Arusha',	'Returned money',	0,	0,	0,	0,	13,	'2020-12-16',	'2020-12-16 10:10:30',	13),
(161,	'VOER-11566',	'Voucher # VOER-56206',	201208,	27,	'2020-12-17',	12,	1,	'2020-12-31',	3149,	396,	10,	0,	'0',	'0000-00-00',	'0000-00-00',	'TAG AZIMIO STUDENT CENTRE',	'ARUSHA',	'SUPPORT FUND FROM COMPASSION INTL',	0,	0,	0,	0,	37,	'2020-12-16',	'2020-12-16 10:12:53',	37),
(162,	'VOER-32646',	'Voucher # VOER-2075',	201221,	22,	'2020-12-16',	8,	1,	'2020-12-31',	2839,	396,	3,	0,	'-20',	'0000-00-00',	'0000-00-00',	'<strike>Massawe Traders Ltd<strike>',	'Arusha Kijenge P.O.BOX 523',	'<strike>Payment for 2 Office Chairs and 9 bundles of ream papers Purchased</strike> [Reversal of voucher number 201201]',	0,	1,	0,	0,	22,	'2020-12-16',	'2020-12-16 08:28:44',	22),
(163,	'VOER-56823',	'Voucher # VOER-22278',	201211,	21,	'2020-12-01',	13,	1,	'2020-12-31',	3151,	396,	9,	0,	'12104000056662',	'0000-00-00',	'0000-00-00',	'NEYCHAH ENTREPRISESJ',	'MBEYA',	'TUITION FEES FOR BENEFICIARIES',	0,	0,	0,	0,	18,	'2020-12-16',	'2020-12-16 11:09:30',	18),
(164,	'VOER-23498',	'Voucher # VOER-30314',	201218,	28,	'2020-12-02',	10,	1,	'2020-12-31',	3092,	396,	4,	4,	'-26',	'0000-00-00',	'0000-00-00',	'<strike>Ms. Social Worker<strike>',	'Arusha',	'<strike>Petty Replenishment</strike> [Reversal of voucher number 201216]',	0,	1,	0,	0,	39,	'2020-12-16',	'2020-12-16 09:37:38',	39),
(165,	'VOER-88226',	'Voucher # VOER-62934',	201210,	24,	'2020-12-01',	12,	1,	'2020-12-31',	3143,	396,	8,	0,	'0',	'0000-00-00',	'0000-00-00',	'<strike>MRS PA<strike>',	'ARUSHA',	'<strike>IGA CIV Repayments</strike> [Reversal of voucher number 201209]',	0,	1,	0,	0,	27,	'2020-12-16',	'2020-12-16 10:10:07',	27),
(166,	'VOER-5413',	'Voucher # VOER-64895',	201221,	20,	'2020-12-16',	8,	1,	'2020-12-31',	2820,	396,	11,	0,	'-20',	'0000-00-00',	'0000-00-00',	'<strike>MASSAWE TRADES<strike>',	'ARUSHA',	'<strike>PAYMENT FOR OFFICE CHAIRS AND REAM PAPERS</strike> [Reversal of voucher number 201201]',	0,	1,	0,	0,	16,	'2020-12-16',	'2020-12-16 08:26:59',	16),
(167,	'VOER-34030',	'Voucher # VOER-20725',	201219,	28,	'2020-12-02',	10,	1,	'2020-12-31',	3108,	396,	4,	4,	'-25',	'0000-00-00',	'0000-00-00',	'<strike>s/w<strike>',	'Arusha',	'<strike>Petty cash</strike> [Reversal of voucher number 201217]',	0,	1,	0,	0,	38,	'2020-12-16',	'2020-12-16 09:39:11',	38),
(168,	'VOER-72847',	'Voucher # VOER-66314',	201220,	28,	'2020-12-02',	8,	1,	'2020-12-31',	2800,	396,	4,	0,	'-20',	'0000-00-00',	'0000-00-00',	'<strike>Mr. Massawe Trades<strike>',	'Arusha',	'<strike>Payment for 2 office chairs at 450,000   each and 9 bundle of ream papers at 12,000.</strike> [Reversal of voucher number 201201]',	0,	1,	0,	0,	38,	'2020-12-16',	'2020-12-16 08:23:54',	38),
(169,	'VOER-26465',	'Voucher # VOER-51758',	201211,	24,	'2020-12-01',	10,	1,	'2020-12-31',	3070,	396,	8,	4,	'-23',	'0000-00-00',	'0000-00-00',	'<strike>MISS SOCIAL WORKER<strike>',	'ARUSHA',	'<strike>Petty Cash Replenishment</strike> [Reversal of voucher number 201206]',	0,	1,	0,	0,	27,	'2020-12-16',	'2020-12-16 09:35:57',	27),
(170,	'VOER-14615',	'Voucher # VOER-34759',	201216,	19,	'2020-12-01',	8,	1,	'2020-12-31',	2815,	396,	12,	0,	'-20',	'0000-00-00',	'0000-00-00',	'<strike>Mr.Masawe Trades<strike>',	'Arusha',	'<strike>Payment for two office chairs and nine bundles of ream paper</strike> [Reversal of voucher number 201201]',	0,	1,	0,	0,	13,	'2020-12-16',	'2020-12-16 08:26:59',	13),
(171,	'VOER-72192',	'Voucher # VOER-31541',	201216,	23,	'2020-12-01',	8,	1,	'2020-12-31',	2863,	396,	5,	0,	'-20',	'0000-00-00',	'0000-00-00',	'<strike>Massawe Trades<strike>',	'Arusha',	'<strike>Payment for two office chairs and ream paper purchased</strike> [Reversal of voucher number 201201]',	0,	1,	0,	0,	24,	'2020-12-16',	'2020-12-16 08:28:49',	24),
(172,	'VOER-28604',	'Voucher # VOER-83650',	201220,	31,	'2020-12-23',	13,	1,	'2020-12-31',	3119,	396,	14,	0,	'-20005',	'0000-00-00',	'0000-00-00',	'<strike>Mount Meru University<strike>',	'Arusha',	'<strike>Tuition fees for beneficiary </strike> [Reversal of voucher number 201219]',	0,	1,	0,	0,	44,	'2020-12-16',	'2020-12-16 09:53:26',	44),
(173,	'VOER-78741',	'Voucher # VOER-46067',	201217,	19,	'2020-12-01',	8,	1,	'2020-12-31',	2831,	396,	12,	0,	'-20',	'0000-00-00',	'0000-00-00',	'<strike>MASSAWE TRADERS<strike>',	'ARUSHA',	'<strike>PAYMENT FOR 2 OFFICE CHAIRS @TZS 450,000/= AND 9 BUNDLES OF REAM PAPERS @TZS 12,000/-</strike> [Reversal of voucher number 201202]',	0,	1,	0,	0,	15,	'2020-12-16',	'2020-12-16 08:28:42',	15),
(174,	'VOER-57739',	'Voucher # VOER-88811',	201212,	21,	'2020-12-01',	8,	1,	'2020-12-31',	3155,	396,	9,	0,	'24',	'0000-00-00',	'0000-00-00',	'Frank Peter sarakikya ',	'kilimanjaro',	'payment for food and bites for the Saturday program for the December 2020 ',	0,	0,	0,	0,	19,	'2020-12-17',	'2020-12-17 02:04:32',	19),
(175,	'VOER-33181',	'Voucher # VOER-86392',	201213,	21,	'2020-12-01',	13,	1,	'2020-12-31',	3158,	396,	9,	0,	'994460545986',	'0000-00-00',	'0000-00-00',	'the university of dodoma ',	'dodoma ',	'payment of university fee for beneficiary # 296',	0,	0,	0,	0,	19,	'2020-12-17',	'2020-12-17 02:13:42',	19),
(176,	'VOER-45252',	'Voucher # VOER-8348',	201214,	21,	'2020-12-01',	9,	0,	NULL,	3160,	396,	0,	4,	'0',	'0000-00-00',	'0000-00-00',	'signatory ',	'Arusha ',	'fare to bank ',	0,	0,	0,	0,	19,	'2020-12-17',	'2020-12-17 02:26:47',	19),
(177,	'VOER-24459',	'Voucher # VOER-65994',	201215,	21,	'2020-12-01',	10,	1,	'2021-01-31',	3164,	396,	9,	4,	'25',	'0000-00-00',	'0000-00-00',	'Mis Social worker ',	'Arusha ',	'petty cash adjustment ',	0,	0,	0,	0,	19,	'2020-12-17',	'2020-12-17 02:30:53',	19),
(178,	'VOER-25625',	'Voucher # VOER-55575',	201216,	21,	'2020-12-01',	11,	1,	'2020-12-31',	3166,	396,	9,	4,	'0',	'0000-00-00',	'0000-00-00',	'project accountant ',	'Arusha ',	'cash return ',	0,	0,	0,	0,	19,	'2020-12-17',	'2020-12-17 02:38:49',	19),
(179,	'VOER-69077',	'Voucher # VOER-59758',	201217,	21,	'2020-12-01',	12,	1,	'2020-12-31',	3168,	396,	9,	0,	'0',	'0000-00-00',	'0000-00-00',	'upendo saving group',	'Arusha ',	'IGA saving ',	0,	1,	0,	0,	19,	'2020-12-17',	'2020-12-17 02:42:27',	19),
(180,	'VOER-69077',	'Voucher # VOER-59758',	201218,	21,	'2020-12-01',	12,	1,	'2020-12-31',	3168,	396,	9,	0,	'0',	'0000-00-00',	'0000-00-00',	'<strike>upendo saving group<strike>',	'Arusha ',	'<strike>IGA saving </strike> [Reversal of voucher number 201217]',	0,	1,	0,	0,	19,	'2020-12-17',	'2020-12-17 02:42:27',	19),
(181,	'VOER-75362',	'Voucher # VOER-69049',	201222,	20,	'2020-12-16',	8,	1,	'2020-12-31',	2952,	396,	11,	0,	'23',	'0000-00-00',	'0000-00-00',	'<strike>MAMA MALIKI<strike>',	'ARUSHA',	'<strike>PAYMENT FOR PURCHASE OF UNIFORM</strike> [Reversal of voucher number 201208]',	0,	1,	70,	0,	12,	'2020-12-16',	'2020-12-16 08:42:30',	12),
(182,	'VOER-86809',	'Voucher # VOER-3065',	201223,	20,	'2020-12-16',	12,	1,	'2020-12-31',	3171,	396,	11,	0,	'0',	'0000-00-00',	'0000-00-00',	'CITZ',	'Arusha',	'December support and Gifts Disbursement',	0,	0,	0,	0,	12,	'2020-12-17',	'2020-12-17 05:33:34',	12),
(183,	'VOER-68602',	'Voucher # VOER-20067',	201221,	31,	'2020-12-23',	12,	1,	'2020-12-31',	3199,	396,	14,	0,	'0',	'0000-00-00',	'0000-00-00',	'CITZ',	'Arusha',	'COVID 19 Response Disbursement',	0,	0,	0,	0,	41,	'2020-12-17',	'2020-12-17 06:56:08',	41),
(184,	'VOER-14049',	'Voucher # VOER-73839',	201222,	31,	'2020-12-23',	8,	1,	'2020-12-31',	3201,	396,	14,	0,	'10',	'0000-00-00',	'0000-00-00',	'XYZ Traders',	'Arusha',	'Purchase of Masks',	0,	0,	0,	0,	41,	'2020-12-17',	'2020-12-17 06:58:05',	41),
(185,	'VOER-11792',	'Voucher # VOER-33205',	201209,	27,	'2020-12-17',	8,	1,	'2020-12-31',	2962,	396,	10,	0,	'22',	'0000-00-00',	'0000-00-00',	'<strike>MAMA MALIKI<strike>',	'ARUSHA',	'<strike>UNIFORM</strike> [Reversal of voucher number 201203]',	0,	1,	76,	0,	37,	'2020-12-16',	'2020-12-16 08:44:43',	37),
(186,	'VOER-55548',	'Voucher # VOER-41136',	201212,	24,	'2020-12-01',	12,	1,	'2020-12-31',	3219,	396,	8,	0,	'0',	'0000-00-00',	'0000-00-00',	'MORAVIAN CHURCH  ARUSHA STUDENT CENTRE',	'ARUSHA',	'Fund disbursements for the month of December 2020',	0,	0,	0,	0,	27,	'2020-12-17',	'2020-12-17 08:19:29',	27),
(187,	'VOER-73408',	'Voucher # VOER-59935',	201223,	31,	'2020-12-23',	12,	1,	'2020-12-31',	3226,	396,	14,	0,	'0',	'0000-00-00',	'0000-00-00',	'TZ001-TZ National Testing',	'Arusha',	'Funds disbursement for the month of December 2020',	0,	0,	0,	0,	44,	'2020-12-17',	'2020-12-17 08:19:31',	44),
(188,	'VOER-36082',	'Voucher # VOER-83484',	201214,	26,	'2020-12-01',	12,	1,	'2020-12-31',	3233,	396,	7,	0,	'0',	'0000-00-00',	'0000-00-00',	'TZ0500- NGARENARO BAPTIST STUDENT CENTER',	'Arusha',	'Fund disbursement for the month of December',	0,	0,	0,	0,	33,	'2020-12-17',	'2020-12-17 08:19:31',	33),
(189,	'VOER-47277',	'Voucher # VOER-13204',	201210,	27,	'2020-12-17',	12,	1,	'2020-12-31',	3240,	396,	10,	0,	'0',	'0000-00-00',	'0000-00-00',	'TAG AZIMIO ST.CENTER',	'ARUSHA',	'Fund disburmbent for the month of December',	0,	0,	0,	0,	37,	'2020-12-17',	'2020-12-17 08:19:34',	37),
(190,	'VOER-18495',	'Voucher # VOER-52676',	201217,	23,	'2020-12-01',	12,	1,	'2020-12-31',	3247,	396,	5,	0,	'0',	'0000-00-00',	'0000-00-00',	'KIJENGE LUTHERAN STUDENT CENTRE ',	'Arusha',	'Disbursement  for the month of December 2020',	0,	0,	0,	0,	26,	'2020-12-17',	'2020-12-17 08:19:37',	26),
(191,	'VOER-67653',	'Voucher # VOER-42765',	201222,	22,	'2020-12-16',	12,	1,	'2020-12-31',	3254,	396,	3,	0,	'0',	'0000-00-00',	'0000-00-00',	'Bethel students center',	'Arusha',	'Funds Disbursement for the month of Dec 2020',	0,	0,	0,	0,	23,	'2020-12-17',	'2020-12-17 08:19:41',	23),
(192,	'VOER-11189',	'Voucher # VOER-76001',	201224,	20,	'2020-12-16',	12,	1,	'2020-12-31',	3261,	396,	11,	0,	'0',	'0000-00-00',	'0000-00-00',	'KIMANDOLU LUTHERAN SUDENT CENTRE',	'ARUSHA',	'INCOME RECEIVED FOR THE MONTH OF DECEMBER FOR SUPPORT,GIFTS HIV,HVC AND COVID RESPONSE',	0,	0,	0,	0,	16,	'2020-12-17',	'2020-12-17 08:19:45',	16),
(193,	'VOER-56068',	'Voucher # VOER-26741',	201223,	22,	'2020-12-16',	12,	1,	'2020-12-31',	3268,	396,	3,	0,	'0',	'0000-00-00',	'0000-00-00',	'TAG Bethel St Center',	'Arusha Kijenge',	'Disbursment for the month of Dec 2020',	0,	0,	0,	0,	22,	'2020-12-17',	'2020-12-17 08:19:53',	22),
(194,	'VOER-81313',	'Voucher # VOER-24826',	201218,	19,	'2020-12-01',	12,	1,	'2020-12-31',	3275,	396,	12,	0,	'0',	'0000-00-00',	'0000-00-00',	'ST. ANDREWS STUDENT CENTRE TZ0303',	'ARUSHA',	'FUNDS FOR THE MONTH OF DECEMBER 2020 FROM CIT',	0,	0,	0,	0,	15,	'2020-12-17',	'2020-12-17 08:19:57',	15),
(195,	'VOER-40346',	'Voucher # VOER-60752',	201219,	21,	'2020-12-01',	12,	1,	'2020-12-31',	3282,	396,	9,	0,	'0',	'0000-00-00',	'0000-00-00',	'P.A.G NJIRO STUDENT CENTRE ',	'Arusha ',	'Fund disbursement for the month of December 2020',	0,	0,	0,	0,	19,	'2020-12-17',	'2020-12-17 08:20:08',	19),
(196,	'VOER-3109',	'Voucher # VOER-43390',	201225,	20,	'2020-12-17',	12,	1,	'2020-12-31',	3289,	396,	11,	0,	'0',	'0000-00-00',	'0000-00-00',	'ELCT KIMANDOLU STUDENT CENTRE',	'Arusha',	' FUND DISBURSEMENT OF DEC 2020',	0,	0,	0,	0,	17,	'2020-12-17',	'2020-12-17 08:20:20',	17),
(197,	'VOER-59425',	'Voucher # VOER-30731',	201215,	26,	'2020-12-01',	12,	1,	'2020-12-31',	3295,	396,	7,	0,	'0',	'0000-00-00',	'0000-00-00',	'TZ0500 ',	'ARUSHA',	'Fund disbursment for the month of Dec',	0,	0,	0,	0,	34,	'2020-12-17',	'2020-12-17 08:20:28',	34),
(198,	'VOER-49103',	'Voucher # VOER-52952',	201218,	23,	'2020-12-01',	12,	1,	'2020-12-31',	3302,	396,	5,	0,	'0',	'0000-00-00',	'0000-00-00',	'Kijenge lutheran student centre',	'Arusha',	'Funnds disbursement for the month of december',	0,	0,	0,	0,	24,	'2020-12-17',	'2020-12-17 08:20:33',	24),
(199,	'VOER-62897',	'Voucher # VOER-80294',	201221,	28,	'2020-12-02',	12,	1,	'2020-12-31',	3309,	396,	4,	0,	'0',	'0000-00-00',	'0000-00-00',	'Engarenarok  Lutheran Student Center ',	'ARUSHA TANZANIA',	'Funds disbursement for the month of December 2020',	0,	0,	0,	0,	40,	'2020-12-17',	'2020-12-17 08:20:41',	40),
(200,	'VOER-80066',	'Voucher # VOER-42533',	201220,	21,	'2020-12-01',	12,	1,	'2020-12-31',	3316,	396,	9,	0,	'0',	'0000-00-00',	'0000-00-00',	'TZ0600-Pentecost Assemblies of God',	'ARUSHA',	'Funds Disbursement for the Month of December 2020',	0,	0,	0,	0,	18,	'2020-12-17',	'2020-12-17 08:20:50',	18),
(201,	'VOER-16191',	'Voucher # VOER-11222',	201224,	22,	'2020-12-16',	12,	1,	'2020-12-31',	3322,	396,	3,	0,	'0',	'0000-00-00',	'0000-00-00',	'BETHEL STUDENT CENTER',	'Arusha',	'Disbursement for the month of December',	0,	0,	0,	0,	21,	'2020-12-17',	'2020-12-17 08:20:52',	21),
(202,	'VOER-12854',	'Voucher # VOER-5424',	201222,	28,	'2020-12-02',	12,	1,	'2020-12-31',	3330,	396,	4,	0,	'0',	'0000-00-00',	'0000-00-00',	'ELSC',	'Arusha',	' fund disbursement  for the Month of dec',	0,	0,	0,	0,	39,	'2020-12-17',	'2020-12-17 08:21:26',	39),
(203,	'VOER-22997',	'Voucher # VOER-81705',	201215,	25,	'2020-12-19',	12,	1,	'2020-12-31',	3338,	396,	6,	0,	'0',	'0000-00-00',	'0000-00-00',	'PEFA Olmatejo Church',	'Arusha',	'Fund disbursement for the month of December',	0,	0,	0,	0,	30,	'2020-12-17',	'2020-12-17 08:22:35',	30),
(204,	'VOER-64919',	'Voucher # VOER-3214',	210101,	24,	'2021-01-01',	12,	0,	NULL,	3406,	396,	8,	0,	'0',	'0000-00-00',	'0000-00-00',	'MORAVIAN CHURCH  ARUSHA STUDENT CENTRE',	'8066 ARUSHA',	'Fund disbursements for the month of September 2020',	0,	0,	0,	0,	27,	'2020-12-17',	'2020-12-17 12:29:12',	27),
(205,	'VOER-10930',	'Voucher # VOER-53140',	210101,	23,	'2021-01-01',	12,	0,	NULL,	3411,	396,	5,	0,	'0',	'0000-00-00',	'0000-00-00',	'Kijenge lutheran student centre',	'Arusha',	'Funnds disbursement for the month of DECEMBER 2020',	0,	0,	0,	0,	24,	'2020-12-17',	'2020-12-17 12:29:41',	24),
(206,	'VOER-82528',	'Voucher # VOER-3686',	210101,	22,	'2021-01-01',	12,	0,	NULL,	3415,	396,	3,	0,	'0',	'0000-00-00',	'0000-00-00',	'TAG BETHEL ST. CENTER',	'ARUSHA',	'DISBURSEMENT FROM CIT',	0,	0,	0,	0,	23,	'2020-12-17',	'2020-12-17 12:31:13',	23),
(207,	'VOER-69546',	'Voucher # VOER-87162',	210101,	25,	'2021-01-01',	12,	0,	NULL,	3420,	396,	6,	0,	'0',	'0000-00-00',	'0000-00-00',	'PEFA Olmatejo Church',	'Arusha',	'Monthly Income',	0,	0,	0,	0,	30,	'2020-12-17',	'2020-12-17 12:31:34',	30),
(208,	'VOER-16793',	'Voucher # VOER-16570',	210101,	20,	'2021-01-01',	12,	1,	'2021-01-31',	3424,	396,	11,	0,	'0',	'0000-00-00',	'0000-00-00',	'KIMANDOLU LUTHERAN SUDENT CENTRE',	'ARUSHA',	'INCOME FOR SUPPORT,AND GIFT FOR SEPTEMBER 2021',	0,	0,	0,	0,	16,	'2020-12-17',	'2020-12-17 12:32:17',	16),
(209,	'VOER-8602',	'Voucher # VOER-85746',	201216,	26,	'2020-12-01',	12,	0,	NULL,	3427,	396,	7,	0,	'0',	'0000-00-00',	'0000-00-00',	'TZ 500',	'ARUSHA',	'CHILD SURPORT',	0,	0,	0,	0,	34,	'2020-12-17',	'2020-12-17 12:33:25',	34),
(210,	'VOER-66208',	'Voucher # VOER-31269',	210102,	23,	'2021-01-01',	8,	1,	'2021-01-31',	3429,	396,	5,	0,	'25',	'0000-00-00',	'0000-00-00',	'AHAMADI SAIDI KAPAYA',	'ARUMERU',	'SCHOOL FEES  FORM V',	0,	0,	0,	0,	24,	'2020-12-17',	'2020-12-17 12:35:43',	24),
(211,	'VOER-64467',	'Voucher # VOER-54023',	210101,	28,	'2021-01-01',	8,	0,	NULL,	3433,	396,	4,	0,	'26',	'0000-00-00',	'0000-00-00',	'Mr.  Masawe',	'Arusha',	'Center Supplies and equipements ',	0,	0,	0,	0,	39,	'2020-12-17',	'2020-12-17 12:36:45',	39),
(212,	'VOER-42023',	'Voucher # VOER-34988',	210102,	24,	'2021-01-01',	8,	1,	'2021-01-31',	3435,	396,	8,	0,	'23',	'0000-00-00',	'0000-00-00',	'Bora Supplies',	'ARUSHA',	'Centre Supplies and Equipments',	0,	0,	0,	0,	27,	'2020-12-17',	'2020-12-17 12:36:51',	27),
(213,	'VOER-15683',	'Voucher # VOER-59572',	210103,	23,	'2021-01-01',	8,	1,	'2021-01-31',	3437,	396,	5,	0,	'26',	'0000-00-00',	'0000-00-00',	'SAIDI AHAMADI',	'Arusha',	'TEACHING AIDS',	0,	0,	0,	0,	24,	'2020-12-17',	'2020-12-17 12:37:36',	24),
(214,	'VOER-26785',	'Voucher # VOER-13685',	210101,	21,	'2021-01-01',	12,	1,	'2021-01-31',	3441,	396,	9,	0,	'0',	'0000-00-00',	'0000-00-00',	'TZ0600-Pentecost Assemblies of God',	'ARUSHA',	'CHILD SUPPORT',	0,	0,	0,	0,	18,	'2020-12-17',	'2020-12-17 12:37:55',	18),
(215,	'VOER-60704',	'Voucher # VOER-32085',	210103,	24,	'2021-01-01',	8,	1,	'2021-01-31',	3443,	396,	8,	0,	'24',	'0000-00-00',	'0000-00-00',	'Magesa Stationaries',	'ARUSHA',	'Teaching Aids and Refer materials',	0,	0,	0,	0,	27,	'2020-12-17',	'2020-12-17 12:38:39',	27),
(216,	'VOER-43899',	'Voucher # VOER-81184',	210102,	28,	'2021-01-01',	8,	0,	NULL,	3445,	396,	4,	0,	'27',	'0000-00-00',	'0000-00-00',	'Mr Maliki',	'Arusha',	'Teaching aids and refer materials',	0,	0,	0,	0,	39,	'2020-12-17',	'2020-12-17 12:38:46',	39),
(217,	'VOER-9755',	'Voucher # VOER-21616',	210104,	23,	'2021-01-01',	8,	1,	'2021-01-31',	3447,	396,	5,	0,	'27',	'0000-00-00',	'0000-00-00',	'CATHOLOIC ROMAN',	'Arusha',	'MEDICAL BILL',	0,	0,	0,	0,	24,	'2020-12-17',	'2020-12-17 12:39:18',	24),
(218,	'VOER-83012',	'Voucher # VOER-41241',	210102,	21,	'2021-01-01',	12,	1,	'2021-01-31',	3449,	396,	9,	0,	'0',	'0000-00-00',	'0000-00-00',	'TZ0600-Pentecost Assemblies of God',	'ARUSHA',	'GIFTS FOR DEC',	0,	0,	0,	0,	18,	'2020-12-17',	'2020-12-17 12:39:28',	18),
(219,	'VOER-72456',	'Voucher # VOER-87201',	210103,	28,	'2021-01-01',	8,	0,	NULL,	3451,	396,	4,	0,	'28',	'0000-00-00',	'0000-00-00',	'Vero',	'Arusha',	'Physical dev. & Health provision',	0,	0,	0,	0,	39,	'2020-12-17',	'2020-12-17 12:40:28',	39),
(220,	'VOER-16162',	'Voucher # VOER-1622',	210104,	24,	'2021-01-01',	8,	1,	'2021-01-31',	3453,	396,	8,	0,	'25',	'0000-00-00',	'0000-00-00',	'Kaloleni Hospital',	'ARUSHA',	'Physical Development and Health Provisions',	0,	0,	0,	0,	27,	'2020-12-17',	'2020-12-17 12:41:06',	27),
(221,	'VOER-38267',	'Voucher # VOER-59873',	210105,	23,	'2021-01-01',	8,	0,	NULL,	3455,	396,	5,	0,	'28',	'0000-00-00',	'0000-00-00',	'MNUO SUPLIE',	'Arusha',	'HYGINE',	0,	0,	0,	0,	24,	'2020-12-17',	'2020-12-17 12:41:24',	24),
(222,	'VOER-20371',	'Voucher # VOER-11919',	210104,	28,	'2021-01-01',	8,	0,	NULL,	3457,	396,	4,	0,	'29',	'0000-00-00',	'0000-00-00',	'Chinyemi',	'Arusha',	'Personal hygiene',	0,	0,	0,	0,	39,	'2020-12-17',	'2020-12-17 12:42:12',	39),
(223,	'VOER-65767',	'Voucher # VOER-79385',	210103,	21,	'2021-01-01',	8,	1,	'2021-01-31',	3459,	396,	9,	0,	'26',	'0000-00-00',	'0000-00-00',	'ahmad said kapaya',	'centre supplies ',	'payment for the purchase of uniform and clothes  for 30 ben',	0,	0,	0,	0,	19,	'2020-12-17',	'2020-12-17 12:42:40',	19),
(224,	'VOER-32483',	'Voucher # VOER-49650',	210106,	23,	'2021-01-01',	8,	1,	'2021-01-31',	3461,	396,	5,	0,	'29',	'0000-00-00',	'0000-00-00',	'SAMWELI ',	'772 Arusha',	'FOOD SARTUDAY',	0,	0,	0,	0,	24,	'2020-12-17',	'2020-12-17 12:43:08',	24),
(225,	'VOER-68644',	'Voucher # VOER-44206',	210105,	24,	'2021-01-01',	8,	1,	'2021-01-31',	3463,	396,	8,	0,	'26',	'0000-00-00',	'0000-00-00',	'Kiria Supplies',	'ARUSHA',	'Payment of Personal Hygiene equipment',	0,	0,	0,	0,	27,	'2020-12-17',	'2020-12-17 12:43:50',	27),
(226,	'VOER-25537',	'Voucher # VOER-36609',	210102,	25,	'2021-01-01',	8,	0,	NULL,	3465,	396,	6,	0,	'25',	'0000-00-00',	'0000-00-00',	'Majuto Omari Mshambo',	'Arusha',	'Education supplier',	0,	0,	0,	0,	30,	'2020-12-17',	'2020-12-17 12:44:24',	30),
(227,	'VOER-88031',	'Voucher # VOER-29658',	210105,	28,	'2021-01-01',	8,	0,	NULL,	3467,	396,	4,	0,	'30',	'0000-00-00',	'0000-00-00',	'Mary mushi',	'Arusha',	'food nutrition & cooking utensils',	0,	0,	0,	0,	39,	'2020-12-17',	'2020-12-17 12:44:40',	39),
(228,	'VOER-23987',	'Voucher # VOER-71726',	210107,	23,	'2021-01-01',	8,	0,	NULL,	3469,	396,	5,	0,	'30',	'0000-00-00',	'0000-00-00',	'SAID LTD',	'Arusha',	'DOMESTIC ASSSISTANCE',	0,	0,	0,	0,	24,	'2020-12-17',	'2020-12-17 12:44:45',	24),
(229,	'VOER-31584',	'Voucher # VOER-82011',	210104,	21,	'2021-01-01',	8,	1,	'2021-01-31',	3471,	396,	9,	0,	'27',	'0000-00-00',	'0000-00-00',	'MAJUTO',	'ARUSHA',	'PERSONAL HYGIENE',	0,	0,	0,	0,	18,	'2020-12-17',	'2020-12-17 12:45:08',	18),
(230,	'VOER-42667',	'Voucher # VOER-2822',	201217,	26,	'2020-12-01',	8,	0,	NULL,	3473,	396,	7,	0,	'25',	'0000-00-00',	'0000-00-00',	'MS. SOCIAL WORKER',	'ARUSHA',	'PAYMMENT FOR CAMERA',	0,	0,	0,	0,	34,	'2020-12-17',	'2020-12-17 12:45:57',	34),
(231,	'VOER-13666',	'Voucher # VOER-12076',	210102,	22,	'2021-01-01',	8,	1,	'2021-01-31',	3479,	396,	3,	0,	'25',	'0000-00-00',	'0000-00-00',	'HAMADI SAID KAPAYA',	'ARUSHA',	'CENTRE SUPPLIES',	0,	0,	0,	0,	23,	'2020-12-17',	'2020-12-17 12:46:08',	23),
(232,	'VOER-80478',	'Voucher # VOER-76920',	210108,	23,	'2021-01-01',	8,	1,	'2021-01-31',	3494,	396,	5,	0,	'31',	'0000-00-00',	'0000-00-00',	'FALIPUPA ',	'772 Arusha',	'TRAINING ',	0,	0,	0,	0,	24,	'2020-12-17',	'2020-12-17 12:46:22',	24),
(233,	'VOER-89476',	'Voucher # VOER-64181',	210106,	28,	'2021-01-01',	8,	0,	NULL,	3496,	396,	4,	0,	'31',	'0000-00-00',	'0000-00-00',	'apasia',	'Arusha',	'Domestic Assistance',	0,	0,	0,	0,	39,	'2020-12-17',	'2020-12-17 12:46:23',	39),
(234,	'VOER-62979',	'Voucher # VOER-89962',	210105,	21,	'2021-01-01',	8,	1,	'2021-01-31',	3498,	396,	9,	0,	'28',	'0000-00-00',	'0000-00-00',	'MLALA',	'ARUSHA',	'PHYSICAL DEVE',	0,	0,	0,	0,	18,	'2020-12-17',	'2020-12-17 12:46:47',	18),
(235,	'VOER-48875',	'Voucher # VOER-61253',	210106,	24,	'2021-01-01',	8,	0,	NULL,	3500,	396,	8,	0,	'27',	'0000-00-00',	'0000-00-00',	'Mary Mwapagata',	'ARUSHA',	'Payment of Program Days Food',	0,	0,	0,	0,	27,	'2020-12-17',	'2020-12-17 12:46:49',	27),
(236,	'VOER-58031',	'Voucher # VOER-13180',	210103,	25,	'2021-01-01',	8,	0,	NULL,	3502,	396,	6,	0,	'26',	'0000-00-00',	'0000-00-00',	'MARTHER CHIUWALALA',	'Arusha',	'School Uniform and Clothes',	0,	0,	0,	0,	30,	'2020-12-17',	'2020-12-17 12:47:49',	30),
(237,	'VOER-62262',	'Voucher # VOER-87730',	210109,	23,	'2021-01-01',	8,	0,	NULL,	3504,	396,	5,	0,	'32',	'0000-00-00',	'0000-00-00',	'EV MASNJA',	'ARUMERU',	'SPIRITUAL DEVELOPMENT',	0,	0,	0,	0,	24,	'2020-12-17',	'2020-12-17 12:48:03',	24),
(238,	'VOER-57283',	'Voucher # VOER-44612',	210106,	21,	'2021-01-01',	8,	1,	'2021-01-31',	3506,	396,	9,	0,	'29',	'0000-00-00',	'0000-00-00',	'MLALA & MAJUTO',	'ARUSHA',	'TEACHING AIDS AND REFERENCE MATERIAL',	0,	0,	0,	0,	18,	'2020-12-17',	'2020-12-17 12:48:29',	18),
(239,	'VOER-82505',	'Voucher # VOER-34915',	210107,	28,	'2021-01-01',	8,	0,	NULL,	3508,	396,	4,	0,	'32',	'0000-00-00',	'0000-00-00',	'Ms.Mushi',	'Arusha',	'Social emotional development',	0,	0,	0,	0,	39,	'2020-12-17',	'2020-12-17 12:48:52',	39),
(240,	'VOER-7132',	'Voucher # VOER-10852',	210110,	23,	'2021-01-01',	8,	1,	'2021-01-31',	3510,	396,	5,	0,	'33',	'0000-00-00',	'0000-00-00',	'SW PC PA',	'772 Arusha',	'SALARY FOR JANUARY 2021',	0,	0,	0,	0,	24,	'2020-12-17',	'2020-12-17 12:49:50',	24),
(241,	'VOER-20558',	'Voucher # VOER-44235',	210107,	24,	'2021-01-01',	8,	0,	NULL,	3512,	396,	8,	0,	'28',	'0000-00-00',	'0000-00-00',	'Mduma Welfares office',	'ARUSHA',	'Payment of Food for domestic assistance',	0,	0,	0,	0,	27,	'2020-12-17',	'2020-12-17 12:49:57',	27),
(242,	'VOER-25395',	'Voucher # VOER-59676',	210107,	21,	'2021-01-01',	8,	1,	'2021-01-31',	3515,	396,	9,	0,	'30',	'0000-00-00',	'0000-00-00',	'MAJUTO OMARY & MARTHA',	'ARUSHA',	'FOOD NUTRITION AND COKING UTENSILS',	0,	0,	0,	0,	18,	'2020-12-17',	'2020-12-17 12:50:41',	18),
(243,	'VOER-65164',	'Voucher # VOER-68183',	210108,	28,	'2021-01-01',	8,	0,	NULL,	3517,	396,	4,	0,	'33',	'0000-00-00',	'0000-00-00',	'Mr. Accountant',	'Arusha',	'Spiritual Development',	0,	0,	0,	0,	39,	'2020-12-17',	'2020-12-17 12:50:53',	39),
(244,	'VOER-63383',	'Voucher # VOER-62725',	210111,	23,	'2021-01-01',	8,	0,	NULL,	3521,	396,	5,	0,	'34',	'0000-00-00',	'0000-00-00',	'TZ 100',	'ARUMERU',	'ADMINISTRATION',	0,	0,	0,	0,	24,	'2020-12-17',	'2020-12-17 12:51:30',	24),
(245,	'VOER-23729',	'Voucher # VOER-47629',	210108,	21,	'2021-01-01',	8,	1,	'2021-01-31',	3523,	396,	9,	0,	'31',	'0000-00-00',	'0000-00-00',	'MLALA',	'ARUSHA',	'DOMESTIC ASSISTANCE',	0,	0,	0,	0,	18,	'2020-12-17',	'2020-12-17 12:52:10',	18),
(246,	'VOER-60181',	'Voucher # VOER-79759',	210108,	24,	'2021-01-01',	8,	0,	NULL,	3525,	396,	8,	0,	'29',	'0000-00-00',	'0000-00-00',	'Mwaipopo Supplies',	'ARUSHA',	'raining of Playing materials to young ChildrenT',	0,	0,	0,	0,	27,	'2020-12-17',	'2020-12-17 12:52:43',	27),
(247,	'VOER-88642',	'Voucher # VOER-86140',	210109,	28,	'2021-01-01',	8,	0,	NULL,	3527,	396,	4,	0,	'34',	'0000-00-00',	'0000-00-00',	'Mushi',	'Arusha',	'Staff salaries & development',	0,	0,	0,	0,	39,	'2020-12-17',	'2020-12-17 12:52:56',	39),
(248,	'VOER-89910',	'Voucher # VOER-9633',	210112,	23,	'2021-01-01',	8,	0,	NULL,	3529,	396,	5,	0,	'35',	'0000-00-00',	'0000-00-00',	'CDWS',	'772 Arusha',	'TELEPHONE',	0,	0,	0,	0,	24,	'2020-12-17',	'2020-12-17 12:53:01',	24),
(249,	'VOER-1235',	'Voucher # VOER-51958',	210113,	23,	'2021-01-01',	8,	0,	NULL,	3531,	396,	5,	0,	'36',	'0000-00-00',	'0000-00-00',	'ADA KIVE',	'772 Arusha',	'MEALS',	0,	0,	0,	0,	24,	'2020-12-17',	'2020-12-17 12:54:25',	24),
(250,	'VOER-22814',	'Voucher # VOER-72645',	210109,	21,	'2021-01-01',	8,	1,	'2021-01-31',	3533,	396,	9,	0,	'32',	'0000-00-00',	'0000-00-00',	'MAJUTO & MARTHA',	'ARUSHA',	'SOCIAL EMOTION',	0,	0,	0,	0,	18,	'2020-12-17',	'2020-12-17 12:54:25',	18),
(251,	'VOER-73012',	'Voucher # VOER-57338',	210109,	24,	'2021-01-01',	8,	0,	NULL,	3535,	396,	8,	0,	'30',	'0000-00-00',	'0000-00-00',	'CYTs',	'ARUSHA',	'Payment for CYTs Motivations',	0,	0,	0,	0,	27,	'2020-12-17',	'2020-12-17 12:54:44',	27),
(252,	'VOER-41311',	'Voucher # VOER-52863',	210110,	28,	'2021-01-01',	8,	0,	NULL,	3537,	396,	4,	0,	'35',	'0000-00-00',	'0000-00-00',	'Faraji',	'Arusha',	'Administration',	0,	0,	0,	0,	39,	'2020-12-17',	'2020-12-17 12:55:12',	39),
(253,	'VOER-26843',	'Voucher # VOER-47921',	210114,	23,	'2021-01-01',	8,	1,	'2021-01-31',	3539,	396,	5,	0,	'37',	'0000-00-00',	'0000-00-00',	'PA',	'Arusha',	'TRANSPORT ',	0,	0,	0,	0,	24,	'2020-12-17',	'2020-12-17 12:56:04',	24),
(254,	'VOER-22866',	'Voucher # VOER-33896',	210110,	24,	'2021-01-01',	8,	0,	NULL,	3541,	396,	8,	0,	'31',	'0000-00-00',	'0000-00-00',	'CDWs',	'ARUSHA',	'Salaries',	0,	0,	0,	0,	27,	'2020-12-17',	'2020-12-17 12:56:22',	27),
(255,	'VOER-66483',	'Voucher # VOER-64333',	210110,	21,	'2021-01-01',	8,	1,	'2021-01-31',	3543,	396,	9,	0,	'33',	'0000-00-00',	'0000-00-00',	'MARTHA',	'ARUSHA',	'SPIRITUAL DEV',	0,	0,	0,	0,	18,	'2020-12-17',	'2020-12-17 12:56:26',	18),
(256,	'VOER-58322',	'Voucher # VOER-44298',	210111,	28,	'2021-01-01',	8,	0,	NULL,	3545,	396,	4,	0,	'36',	'0000-00-00',	'0000-00-00',	'Faraji',	'Arusha',	'Telephone expenses',	0,	0,	0,	0,	39,	'2020-12-17',	'2020-12-17 12:56:57',	39),
(257,	'VOER-88230',	'Voucher # VOER-48382',	210115,	23,	'2021-01-01',	8,	1,	'2021-01-31',	3547,	396,	5,	0,	'38',	'0000-00-00',	'0000-00-00',	'KAMUGISHA',	'772 Arusha',	'FOOD FOR AC 400',	0,	0,	0,	0,	24,	'2020-12-17',	'2020-12-17 12:57:46',	24),
(258,	'VOER-32630',	'Voucher # VOER-50368',	210111,	21,	'2021-01-01',	8,	1,	'2021-01-31',	3549,	396,	9,	0,	'34',	'0000-00-00',	'0000-00-00',	'MLALA',	'ARUSHA',	'STAFF SALARIES',	0,	0,	0,	0,	18,	'2020-12-17',	'2020-12-17 12:58:13',	18),
(259,	'VOER-78352',	'Voucher # VOER-24164',	210111,	24,	'2021-01-01',	8,	0,	NULL,	3551,	396,	8,	0,	'32',	'0000-00-00',	'0000-00-00',	'WOM TRainers',	'ARUSHA',	'Training on Leadership Payments',	0,	0,	0,	0,	27,	'2020-12-17',	'2020-12-17 12:58:17',	27),
(260,	'VOER-16099',	'Voucher # VOER-10974',	210104,	25,	'2021-01-01',	8,	0,	NULL,	3553,	396,	6,	0,	'27',	'0000-00-00',	'0000-00-00',	'Majuto omary',	'arusha',	'Education and supplies',	0,	0,	0,	0,	30,	'2020-12-17',	'2020-12-17 12:58:18',	30),
(261,	'VOER-39709',	'Voucher # VOER-85797',	210112,	28,	'2021-01-01',	8,	0,	NULL,	3555,	396,	4,	0,	'37',	'0000-00-00',	'0000-00-00',	'Mosho',	'Arusha',	'Meals and Refreshments',	0,	0,	0,	0,	39,	'2020-12-17',	'2020-12-17 12:58:29',	39),
(262,	'VOER-18641',	'Voucher # VOER-22934',	210112,	24,	'2021-01-01',	8,	0,	NULL,	3557,	396,	8,	0,	'33',	'0000-00-00',	'0000-00-00',	'PC',	'ARUSHA',	'Telephone Expenses',	0,	0,	0,	0,	27,	'2020-12-17',	'2020-12-17 12:59:54',	27),
(263,	'VOER-68673',	'Voucher # VOER-77707',	210112,	21,	'2021-01-01',	8,	1,	'2021-01-31',	3559,	396,	9,	0,	'36',	'0000-00-00',	'0000-00-00',	'MARTHA & ,,MLALA',	'ARUSHA',	'ADMINISTARATION',	0,	0,	0,	0,	18,	'2020-12-17',	'2020-12-17 12:59:58',	18),
(264,	'VOER-46495',	'Voucher # VOER-81720',	210113,	28,	'2021-01-01',	8,	0,	NULL,	3561,	396,	4,	0,	'38',	'0000-00-00',	'0000-00-00',	'richard',	'Arusha',	'transportation',	0,	0,	0,	0,	39,	'2020-12-17',	'2020-12-17 12:59:58',	39),
(265,	'VOER-81911',	'Voucher # VOER-6495',	210105,	25,	'2021-01-01',	8,	0,	NULL,	3563,	396,	6,	0,	'28',	'0000-00-00',	'0000-00-00',	'Mama Maliki suppliers',	'Arusha',	'uniform supplier',	0,	0,	0,	0,	30,	'2020-12-17',	'2020-12-17 13:00:32',	30),
(266,	'VOER-47573',	'Voucher # VOER-58584',	210102,	20,	'2021-01-01',	8,	1,	'2021-01-31',	3565,	396,	11,	0,	'26',	'0000-00-00',	'0000-00-00',	'KIMANDOLU LUTHERAN SUDENT CENTRE',	'ARUSHA',	'general expenses',	0,	0,	0,	0,	16,	'2020-12-17',	'2020-12-17 13:00:45',	16),
(267,	'VOER-7864',	'Voucher # VOER-41946',	210113,	21,	'2021-01-01',	8,	1,	'2021-01-31',	3580,	396,	9,	0,	'35',	'0000-00-00',	'0000-00-00',	'JESCA',	'ARUSHA',	'TEL EXP',	0,	0,	0,	0,	18,	'2020-12-17',	'2020-12-17 13:01:22',	18),
(268,	'VOER-50042',	'Voucher # VOER-59634',	210113,	24,	'2021-01-01',	8,	0,	NULL,	3582,	396,	8,	0,	'34',	'0000-00-00',	'0000-00-00',	'Mount MERU HOTEL',	'ARUSHA',	'Payment of Meals and refreshments',	0,	0,	0,	0,	27,	'2020-12-17',	'2020-12-17 13:01:36',	27),
(269,	'VOER-74546',	'Voucher # VOER-58645',	210114,	28,	'2021-01-01',	8,	0,	NULL,	3584,	396,	4,	0,	'39',	'0000-00-00',	'0000-00-00',	'Mlay',	'Arusha',	'HIV/AIDS CARE GIVERS & Siblings',	0,	0,	0,	0,	39,	'2020-12-17',	'2020-12-17 13:01:45',	39),
(270,	'VOER-66720',	'Voucher # VOER-10192',	210114,	21,	'2021-01-01',	8,	1,	'2021-01-31',	3586,	396,	9,	0,	'37',	'0000-00-00',	'0000-00-00',	'MLALA',	'ARUSHA',	'MEALS & REFERESHMENTS',	0,	0,	0,	0,	18,	'2020-12-17',	'2020-12-17 13:02:54',	18),
(271,	'VOER-68880',	'Voucher # VOER-61923',	210114,	24,	'2021-01-01',	8,	0,	NULL,	3588,	396,	8,	0,	'36',	'0000-00-00',	'0000-00-00',	'SW',	'ARUSHA',	'Payment of Transportation',	0,	0,	0,	0,	27,	'2020-12-17',	'2020-12-17 13:03:10',	27),
(272,	'VOER-20516',	'Voucher # VOER-75643',	210106,	25,	'2021-01-01',	8,	0,	NULL,	3591,	396,	6,	0,	'29',	'0000-00-00',	'0000-00-00',	'EUSTACHIUS',	'Arusha',	'CENTRE SUPPLIER EQUIOPMENT',	0,	0,	0,	0,	30,	'2020-12-17',	'2020-12-17 13:04:10',	30),
(273,	'VOER-44104',	'Voucher # VOER-81150',	210115,	21,	'2021-01-01',	8,	1,	'2021-01-31',	3593,	396,	9,	0,	'38',	'0000-00-00',	'0000-00-00',	'MLALA',	'ARUSHA',	'TRANSPORT',	0,	0,	0,	0,	18,	'2020-12-17',	'2020-12-17 13:04:13',	18),
(274,	'VOER-44461',	'Voucher # VOER-20638',	210115,	24,	'2021-01-01',	8,	0,	NULL,	3596,	396,	8,	0,	'35',	'0000-00-00',	'0000-00-00',	'Muhina Supplies',	'ARUSHA',	'Supply of HIV food',	0,	0,	0,	0,	27,	'2020-12-17',	'2020-12-17 13:05:03',	27),
(275,	'VOER-30822',	'Voucher # VOER-69675',	210116,	21,	'2021-01-01',	8,	1,	'2021-01-31',	3600,	396,	9,	0,	'39',	'0000-00-00',	'0000-00-00',	'MAJUTO OMARY & MARTHA',	'ARUSHA',	'HIV/AIDS CARE',	0,	0,	0,	0,	18,	'2020-12-17',	'2020-12-17 13:05:52',	18),
(276,	'VOER-17623',	'Voucher # VOER-16512',	210107,	25,	'2021-01-01',	8,	0,	NULL,	3602,	396,	6,	0,	'30',	'0000-00-00',	'0000-00-00',	'ARTACH CHIWALALA',	'Arusha',	'TEACHING  AIDS',	0,	0,	0,	0,	30,	'2020-12-17',	'2020-12-17 13:06:39',	30),
(277,	'VOER-34401',	'Voucher # VOER-8068',	210108,	25,	'2021-01-01',	8,	0,	NULL,	3604,	396,	6,	0,	'31',	'0000-00-00',	'0000-00-00',	'FPCT URAMBIO',	'TABORA',	'PHYSICAL DEVELOPMENT AND HEALTH PROVISION',	0,	0,	0,	0,	30,	'2020-12-17',	'2020-12-17 13:09:53',	30),
(278,	'VOER-3847',	'Voucher # VOER-39127',	210103,	20,	'2021-01-01',	8,	1,	'2021-01-31',	3606,	396,	11,	0,	'27',	'0000-00-00',	'0000-00-00',	'KIMANDOLU LUTHERAN SUDENT CENTRE',	'ARUSHA',	'FOOD AND NUTRITIONS',	0,	0,	0,	0,	16,	'2020-12-17',	'2020-12-17 13:10:09',	16),
(279,	'VOER-21313',	'Voucher # VOER-16935',	210109,	25,	'2021-01-01',	8,	0,	NULL,	3611,	396,	6,	0,	'32',	'0000-00-00',	'0000-00-00',	'FPCT URAMBO',	'TABORA',	'PERSONAL HYGIENE',	0,	0,	0,	0,	30,	'2020-12-17',	'2020-12-17 13:14:11',	30),
(280,	'VOER-33462',	'Voucher # VOER-20034',	201224,	31,	'2020-12-23',	10,	0,	NULL,	3618,	396,	14,	4,	'13',	'0000-00-00',	'0000-00-00',	'TZ001',	'Arusha',	'Petty Cash Replenishment',	0,	0,	0,	0,	41,	'2020-12-18',	'2020-12-18 09:36:01',	41),
(281,	'VOER-71658',	'Voucher # VOER-15980',	201225,	31,	'2020-12-23',	9,	0,	NULL,	3620,	396,	0,	4,	'0',	'0000-00-00',	'0000-00-00',	'Various',	'Various',	'Various',	0,	0,	0,	0,	41,	'2020-12-18',	'2020-12-18 09:38:17',	41),
(282,	'VOER-13384',	'Voucher # VOER-60528',	210201,	21,	'2021-02-01',	8,	0,	NULL,	3639,	396,	9,	0,	'50',	'0000-00-00',	'0000-00-00',	'Frank Peter sarakikya ',	'Arusha ',	'payment for food and bite for Saturday program ',	0,	0,	0,	0,	19,	'2020-12-22',	'2020-12-22 07:05:16',	19),
(283,	'VOER-5613',	'Voucher # VOER-21725',	201201,	14,	'2020-12-01',	2,	1,	'2020-12-31',	3669,	394,	2,	0,	'-110',	'0000-00-00',	'0000-00-00',	'Fridah Nyaboke',	'Marsabit',	'Payment of sch fees',	0,	1,	0,	291,	10,	'2021-01-25',	'2021-01-25 07:58:09',	10),
(284,	'VOER-78119',	'Voucher # VOER-28681',	201202,	14,	'2020-12-01',	2,	1,	'2020-12-31',	3680,	394,	2,	0,	'101',	'0000-00-00',	'0000-00-00',	'Various',	'Nairobi',	'Various Items',	0,	0,	0,	0,	10,	'2021-01-25',	'2021-01-25 10:36:10',	10),
(285,	'VOER-17162',	'Voucher # VOER-63385',	201203,	14,	'2020-12-01',	2,	1,	'2020-12-31',	3682,	394,	2,	0,	'-102',	'0000-00-00',	'0000-00-00',	'Food payment',	'amm',	'food utems',	0,	1,	0,	292,	50,	'2021-01-25',	'2021-01-25 11:22:57',	50),
(286,	'VOER-40664',	'Voucher # VOER-12375',	201204,	14,	'2020-12-01',	6,	0,	NULL,	3688,	394,	2,	2,	'103',	'0000-00-00',	'0000-00-00',	'Fridah Nyaboke',	'mmmm',	'ppc re',	0,	0,	0,	0,	50,	'2021-01-25',	'2021-01-25 11:25:28',	50),
(287,	'VOER-77379',	'Voucher # VOER-18756',	210101,	36,	'2021-01-01',	1,	0,	NULL,	3700,	394,	15,	0,	'0',	'0000-00-00',	'0000-00-00',	'Compassion Intl',	'1',	'Support',	0,	0,	0,	0,	50,	'2021-01-25',	'2021-01-25 11:39:26',	50),
(288,	'VOER-29841',	'Voucher # VOER-56606',	210102,	36,	'2021-01-01',	15,	0,	NULL,	3705,	394,	15,	0,	'210101s?',	'0000-00-00',	'0000-00-00',	'Gororukesa Mission',	'1',	'Support Jan 2021',	0,	0,	0,	0,	50,	'2021-01-25',	'2021-01-25 11:48:18',	50),
(289,	'VOER-4294',	'Voucher # VOER-48102',	201205,	14,	'2020-12-01',	1,	0,	NULL,	3713,	394,	2,	0,	'0',	'0000-00-00',	'0000-00-00',	'Citam HQ',	'1',	'Support Jan 2021',	0,	0,	0,	0,	10,	'2021-01-25',	'2021-01-25 12:00:44',	10),
(290,	'VOER-31528',	'Voucher # VOER-54566',	201206,	14,	'2020-12-01',	2,	0,	NULL,	3720,	394,	16,	0,	'101',	'0000-00-00',	'0000-00-00',	'Sports House',	'1',	'Soccer Boots',	0,	0,	0,	0,	10,	'2021-01-25',	'2021-01-25 12:19:31',	10),
(291,	'VOER-5613',	'Voucher # VOER-21725',	201207,	14,	'2020-12-01',	2,	1,	'2020-12-31',	3669,	394,	2,	0,	'110',	'0000-00-00',	'0000-00-00',	'<strike>Fridah Nyaboke<strike>',	'Marsabit',	'<strike>Payment of sch fees</strike> [Reversal of voucher number 201201]',	0,	1,	283,	0,	10,	'2021-01-25',	'2021-01-25 07:58:09',	10),
(292,	'VOER-17162',	'Voucher # VOER-63385',	201208,	14,	'2020-12-01',	2,	1,	'2020-12-31',	3682,	394,	2,	0,	'-102',	'0000-00-00',	'0000-00-00',	'<strike>Food payment<strike>',	'amm',	'<strike>food utems</strike> [Reversal of voucher number 201203]',	0,	1,	285,	0,	50,	'2021-01-25',	'2021-01-25 11:22:57',	50),
(293,	'VOER-25963',	'Voucher # VOER-24659',	210101,	27,	'2021-01-01',	8,	0,	NULL,	3726,	396,	10,	0,	'29',	'0000-00-00',	'0000-00-00',	'Test',	'Test',	'Test',	0,	0,	0,	0,	35,	'2021-01-26',	'2021-01-26 07:56:49',	35);

DROP TABLE IF EXISTS `voucher_detail`;
CREATE TABLE `voucher_detail` (
  `voucher_detail_id` int(100) NOT NULL AUTO_INCREMENT,
  `voucher_detail_track_number` varchar(100) DEFAULT NULL,
  `voucher_detail_name` varchar(100) DEFAULT NULL,
  `fk_voucher_id` int(100) DEFAULT NULL,
  `voucher_detail_description` varchar(45) DEFAULT NULL,
  `voucher_detail_quantity` int(10) DEFAULT NULL,
  `voucher_detail_unit_cost` decimal(10,2) DEFAULT NULL,
  `voucher_detail_total_cost` decimal(10,2) DEFAULT NULL,
  `fk_expense_account_id` int(100) NOT NULL DEFAULT '0' COMMENT 'Can be income_account_id or expense_account_id depending on the selected voucher type',
  `fk_income_account_id` int(100) NOT NULL DEFAULT '0',
  `fk_contra_account_id` int(100) NOT NULL DEFAULT '0',
  `fk_approval_id` int(100) NOT NULL DEFAULT '0',
  `fk_status_id` int(100) NOT NULL DEFAULT '0',
  `fk_request_detail_id` int(100) NOT NULL DEFAULT '0',
  `fk_project_allocation_id` int(100) NOT NULL DEFAULT '0',
  `voucher_detail_last_modified_date` date DEFAULT NULL,
  `voucher_detail_last_modified_by` varchar(45) DEFAULT NULL,
  `voucher_detail_created_by` int(100) DEFAULT NULL,
  `voucher_detail_created_date` date DEFAULT NULL,
  PRIMARY KEY (`voucher_detail_id`),
  KEY `fk_voucher_detail_voucher1_idx` (`fk_voucher_id`),
  KEY `fk_voucher_detail_request_detail1_idx` (`fk_approval_id`),
  CONSTRAINT `voucher_detail_ibfk_3` FOREIGN KEY (`fk_voucher_id`) REFERENCES `voucher` (`voucher_id`)
) ENGINE=InnoDB DEFAULT CHARSET=latin1;

INSERT INTO `voucher_detail` (`voucher_detail_id`, `voucher_detail_track_number`, `voucher_detail_name`, `fk_voucher_id`, `voucher_detail_description`, `voucher_detail_quantity`, `voucher_detail_unit_cost`, `voucher_detail_total_cost`, `fk_expense_account_id`, `fk_income_account_id`, `fk_contra_account_id`, `fk_approval_id`, `fk_status_id`, `fk_request_detail_id`, `fk_project_allocation_id`, `voucher_detail_last_modified_date`, `voucher_detail_last_modified_by`, `voucher_detail_created_by`, `voucher_detail_created_date`) VALUES
(1,	'VOIL-23347',	'Voucher_detail # VOIL-25396',	1,	'Salary for December 2020',	1,	1000000.00,	1000000.00,	39,	0,	0,	2738,	403,	0,	48,	NULL,	NULL,	NULL,	NULL),
(2,	'VOIL-47969',	'Voucher_detail # VOIL-69792',	2,	'Salary for December 2020',	1,	1000000.00,	1000000.00,	39,	0,	0,	2740,	403,	0,	48,	NULL,	NULL,	NULL,	NULL),
(3,	'VOIL-61219',	'Voucher_detail # VOIL-38962',	3,	'For Staff use ',	1,	300.00,	300.00,	41,	0,	0,	2742,	403,	0,	48,	NULL,	NULL,	NULL,	NULL),
(4,	'VOIL-47478',	'Voucher_detail # VOIL-17116',	4,	'Payment for program day meals for December 20',	1,	900000.00,	900000.00,	34,	0,	0,	2744,	403,	0,	48,	NULL,	NULL,	NULL,	NULL),
(5,	'VOIL-32670',	'Voucher_detail # VOIL-43001',	5,	'Petty cash replenishment for December 2020',	1,	140000.00,	140000.00,	0,	0,	29,	2746,	403,	0,	48,	NULL,	NULL,	NULL,	NULL),
(6,	'VOIL-44011',	'Voucher_detail # VOIL-68809',	6,	'Cash returned',	1,	120000.00,	120000.00,	0,	3,	0,	2748,	403,	0,	48,	NULL,	NULL,	NULL,	NULL),
(7,	'VOIL-42767',	'Voucher_detail # VOIL-71139',	7,	'Transport',	1,	25000.00,	25000.00,	44,	0,	0,	2750,	403,	0,	48,	NULL,	NULL,	NULL,	NULL),
(8,	'VOIL-77298',	'Voucher_detail # VOIL-6763',	8,	'Petty cash returned',	1,	40000.00,	40000.00,	0,	0,	30,	2752,	403,	0,	48,	NULL,	NULL,	NULL,	NULL),
(9,	'VOIL-30213',	'Voucher_detail # VOIL-22368',	9,	'Bank charges',	1,	39500.00,	39500.00,	41,	0,	0,	2754,	403,	0,	48,	NULL,	NULL,	NULL,	NULL),
(10,	'VOIL-39169',	'Voucher_detail # VOIL-38210',	10,	'Payement',	1,	800000.00,	800000.00,	61,	0,	0,	2756,	403,	0,	50,	NULL,	NULL,	NULL,	NULL),
(11,	'VOIL-23347',	'Voucher_detail # VOIL-25396',	11,	'Salary for December 2020',	1,	-1000000.00,	-1000000.00,	39,	0,	0,	2738,	403,	0,	48,	NULL,	NULL,	NULL,	NULL),
(12,	'VOIL-20117',	'Voucher_detail # VOIL-20254',	12,	'Various',	1,	700.00,	700.00,	29,	0,	0,	2795,	403,	0,	48,	NULL,	NULL,	NULL,	NULL),
(13,	'VOIL-49096',	'Voucher_detail # VOIL-61466',	13,	'Various 2',	1,	3400.00,	3400.00,	34,	0,	0,	2797,	403,	0,	48,	NULL,	NULL,	NULL,	NULL),
(14,	'VOIL-86138',	'Voucher_detail # VOIL-47504',	14,	'Office chair',	2,	450000.00,	900000.00,	30,	0,	0,	2801,	403,	0,	8,	NULL,	NULL,	NULL,	NULL),
(15,	'VOIL-81121',	'Voucher_detail # VOIL-19476',	14,	'9 bundles of ream paper',	1,	12000.00,	12000.00,	30,	0,	0,	2802,	403,	0,	8,	NULL,	NULL,	NULL,	NULL),
(16,	'VOIL-36434',	'Voucher_detail # VOIL-75538',	15,	'CHAIRS',	2,	450000.00,	900000.00,	30,	0,	0,	2806,	403,	0,	12,	NULL,	NULL,	NULL,	NULL),
(17,	'VOIL-7777',	'Voucher_detail # VOIL-55626',	15,	'REAM PAPER',	1,	12000.00,	12000.00,	41,	0,	0,	2807,	403,	0,	12,	NULL,	NULL,	NULL,	NULL),
(18,	'VOIL-37486',	'Voucher_detail # VOIL-26696',	16,	'Office chairs',	2,	450000.00,	900000.00,	30,	0,	0,	2811,	403,	0,	10,	NULL,	NULL,	NULL,	NULL),
(19,	'VOIL-68402',	'Voucher_detail # VOIL-87549',	16,	'Ream papers',	1,	12000.00,	12000.00,	41,	0,	0,	2812,	403,	0,	10,	NULL,	NULL,	NULL,	NULL),
(20,	'VOIL-15249',	'Voucher_detail # VOIL-21645',	17,	'Office chairs',	2,	450000.00,	900000.00,	30,	0,	0,	2816,	403,	0,	16,	NULL,	NULL,	NULL,	NULL),
(21,	'VOIL-4367',	'Voucher_detail # VOIL-55466',	17,	'Ream of paper',	1,	12000.00,	12000.00,	41,	0,	0,	2817,	403,	0,	16,	NULL,	NULL,	NULL,	NULL),
(22,	'VOIL-50673',	'Voucher_detail # VOIL-18920',	18,	'OFFICE CHAIRS',	2,	450000.00,	900000.00,	30,	0,	0,	2821,	403,	0,	15,	NULL,	NULL,	NULL,	NULL),
(23,	'VOIL-17226',	'Voucher_detail # VOIL-76693',	18,	'REAM PAPERS',	1,	12000.00,	12000.00,	41,	0,	0,	2822,	403,	0,	15,	NULL,	NULL,	NULL,	NULL),
(24,	'VOIL-5276',	'Voucher_detail # VOIL-70898',	19,	'OFFICE CHAIRS',	2,	450000.00,	900000.00,	30,	0,	0,	2826,	403,	0,	14,	NULL,	NULL,	NULL,	NULL),
(25,	'VOIL-38698',	'Voucher_detail # VOIL-26051',	19,	'REAM PAPERS',	1,	12000.00,	12000.00,	41,	0,	0,	2827,	403,	0,	14,	NULL,	NULL,	NULL,	NULL),
(26,	'VOIL-75669',	'Voucher_detail # VOIL-54843',	20,	'Office chairs',	2,	450000.00,	900000.00,	30,	0,	0,	2829,	403,	0,	48,	NULL,	NULL,	NULL,	NULL),
(27,	'VOIL-1682',	'Voucher_detail # VOIL-47864',	20,	'Ream paper',	1,	12000.00,	12000.00,	41,	0,	0,	2830,	403,	0,	48,	NULL,	NULL,	NULL,	NULL),
(28,	'VOIL-44221',	'Voucher_detail # VOIL-41382',	21,	'OFFICE CHAIRS',	2,	450000.00,	900000.00,	30,	0,	0,	2832,	403,	0,	16,	NULL,	NULL,	NULL,	NULL),
(29,	'VOIL-10756',	'Voucher_detail # VOIL-35338',	21,	'REAM PAPERS',	1,	12000.00,	12000.00,	41,	0,	0,	2833,	403,	0,	16,	NULL,	NULL,	NULL,	NULL),
(30,	'VOIL-32620',	'Voucher_detail # VOIL-81174',	22,	'office chairs',	2,	450000.00,	900000.00,	30,	0,	0,	2835,	403,	0,	15,	NULL,	NULL,	NULL,	NULL),
(31,	'VOIL-32247',	'Voucher_detail # VOIL-73364',	22,	'bundles ream papers',	1,	12000.00,	12000.00,	41,	0,	0,	2836,	403,	0,	15,	NULL,	NULL,	NULL,	NULL),
(32,	'VOIL-65794',	'Voucher_detail # VOIL-13318',	23,	'Chairs',	2,	450000.00,	900000.00,	30,	0,	0,	2840,	403,	0,	7,	NULL,	NULL,	NULL,	NULL),
(33,	'VOIL-23299',	'Voucher_detail # VOIL-78437',	23,	'Ream papers',	1,	12000.00,	12000.00,	41,	0,	0,	2841,	403,	0,	7,	NULL,	NULL,	NULL,	NULL),
(34,	'VOIL-17099',	'Voucher_detail # VOIL-34425',	24,	'office chair  ',	2,	450000.00,	900000.00,	30,	0,	0,	2845,	403,	0,	13,	NULL,	NULL,	NULL,	NULL),
(35,	'VOIL-69146',	'Voucher_detail # VOIL-82455',	24,	'ream papers ',	1,	12000.00,	12000.00,	41,	0,	0,	2846,	403,	0,	13,	NULL,	NULL,	NULL,	NULL),
(36,	'VOIL-51890',	'Voucher_detail # VOIL-78115',	25,	'Office chairs',	2,	450000.00,	900000.00,	30,	0,	0,	2848,	403,	0,	7,	NULL,	NULL,	NULL,	NULL),
(37,	'VOIL-30938',	'Voucher_detail # VOIL-88643',	25,	'Ream paper',	1,	12000.00,	12000.00,	41,	0,	0,	2849,	403,	0,	7,	NULL,	NULL,	NULL,	NULL),
(38,	'VOIL-4096',	'Voucher_detail # VOIL-13406',	26,	'Office Chairs',	2,	450000.00,	900000.00,	30,	0,	0,	2851,	403,	0,	7,	NULL,	NULL,	NULL,	NULL),
(39,	'VOIL-87253',	'Voucher_detail # VOIL-34874',	26,	'Ream papers',	1,	12000.00,	12000.00,	41,	0,	0,	2852,	403,	0,	7,	NULL,	NULL,	NULL,	NULL),
(40,	'VOIL-21282',	'Voucher_detail # VOIL-74118',	27,	'TWO OFFICE CHAIRS',	2,	450000.00,	900000.00,	30,	0,	0,	2856,	403,	0,	11,	NULL,	NULL,	NULL,	NULL),
(41,	'VOIL-50256',	'Voucher_detail # VOIL-35004',	27,	'RIM PAPER',	1,	12000.00,	12000.00,	41,	0,	0,	2857,	403,	0,	11,	NULL,	NULL,	NULL,	NULL),
(42,	'VOIL-87315',	'Voucher_detail # VOIL-40438',	28,	'Office chairs',	2,	450000.00,	900000.00,	30,	0,	0,	2859,	403,	0,	11,	NULL,	NULL,	NULL,	NULL),
(43,	'VOIL-9026',	'Voucher_detail # VOIL-16197',	28,	'Ream paper',	1,	12000.00,	12000.00,	41,	0,	0,	2860,	403,	0,	11,	NULL,	NULL,	NULL,	NULL),
(44,	'VOIL-88704',	'Voucher_detail # VOIL-29848',	29,	'Office chairs',	2,	450000.00,	900000.00,	30,	0,	0,	2864,	403,	0,	9,	NULL,	NULL,	NULL,	NULL),
(45,	'VOIL-74641',	'Voucher_detail # VOIL-70162',	29,	'Ream paper',	1,	12000.00,	12000.00,	41,	0,	0,	2865,	403,	0,	9,	NULL,	NULL,	NULL,	NULL),
(46,	'VOIL-8489',	'Voucher_detail # VOIL-59368',	30,	'office chairs',	2,	450000.00,	900000.00,	30,	0,	0,	2867,	403,	0,	9,	NULL,	NULL,	NULL,	NULL),
(47,	'VOIL-12855',	'Voucher_detail # VOIL-61866',	30,	'ream paper',	1,	12000.00,	12000.00,	41,	0,	0,	2868,	403,	0,	9,	NULL,	NULL,	NULL,	NULL),
(48,	'VOIL-7799',	'Voucher_detail # VOIL-48646',	31,	'Office Chairs ',	2,	450000.00,	900000.00,	30,	0,	0,	2870,	403,	0,	8,	NULL,	NULL,	NULL,	NULL),
(49,	'VOIL-54933',	'Voucher_detail # VOIL-75809',	31,	'Bundle of ream papers',	1,	12000.00,	12000.00,	41,	0,	0,	2871,	403,	0,	8,	NULL,	NULL,	NULL,	NULL),
(50,	'VOIL-55421',	'Voucher_detail # VOIL-20822',	32,	'office chair',	2,	450000.00,	900000.00,	30,	0,	0,	2873,	403,	0,	10,	NULL,	NULL,	NULL,	NULL),
(51,	'VOIL-64637',	'Voucher_detail # VOIL-61954',	32,	'ream paper',	1,	12000.00,	12000.00,	41,	0,	0,	2874,	403,	0,	10,	NULL,	NULL,	NULL,	NULL),
(52,	'VOIL-70751',	'Voucher_detail # VOIL-83590',	33,	'OFFICE CHAIRS',	2,	450000.00,	900000.00,	30,	0,	0,	2876,	403,	0,	13,	NULL,	NULL,	NULL,	NULL),
(53,	'VOIL-27054',	'Voucher_detail # VOIL-89103',	33,	'REAM PAPER',	1,	12000.00,	12000.00,	41,	0,	0,	2877,	403,	0,	13,	NULL,	NULL,	NULL,	NULL),
(54,	'VOIL-80833',	'Voucher_detail # VOIL-10930',	34,	'chairs',	2,	450000.00,	900000.00,	28,	0,	0,	2879,	403,	0,	9,	NULL,	NULL,	NULL,	NULL),
(55,	'VOIL-78673',	'Voucher_detail # VOIL-35090',	34,	'ream paper ',	1,	12000.00,	12000.00,	30,	0,	0,	2880,	403,	0,	9,	NULL,	NULL,	NULL,	NULL),
(56,	'VOIL-35102',	'Voucher_detail # VOIL-33952',	35,	'office chair',	2,	450000.00,	900000.00,	30,	0,	0,	2882,	403,	0,	8,	NULL,	NULL,	NULL,	NULL),
(57,	'VOIL-28797',	'Voucher_detail # VOIL-33447',	35,	'Ream',	1,	12000.00,	12000.00,	41,	0,	0,	2883,	403,	0,	8,	NULL,	NULL,	NULL,	NULL),
(58,	'VOIL-88062',	'Voucher_detail # VOIL-41878',	36,	'CANON CAMERA',	1,	165000.00,	165000.00,	30,	0,	0,	2885,	403,	0,	11,	NULL,	NULL,	NULL,	NULL),
(59,	'VOIL-23817',	'Voucher_detail # VOIL-83776',	37,	'Camera',	1,	165000.00,	165000.00,	30,	0,	0,	2887,	403,	0,	7,	NULL,	NULL,	NULL,	NULL),
(60,	'VOIL-85797',	'Voucher_detail # VOIL-18142',	38,	'Uniform and clothes',	30,	25000.00,	750000.00,	29,	0,	0,	2889,	403,	0,	10,	NULL,	NULL,	NULL,	NULL),
(61,	'VOIL-67179',	'Voucher_detail # VOIL-70364',	39,	'Camera Canon',	1,	165000.00,	165000.00,	30,	0,	0,	2891,	403,	0,	7,	NULL,	NULL,	NULL,	NULL),
(62,	'VOIL-6301',	'Voucher_detail # VOIL-44182',	40,	'CAMERA',	1,	165000.00,	165000.00,	30,	0,	0,	2893,	403,	0,	16,	NULL,	NULL,	NULL,	NULL),
(63,	'VOIL-3653',	'Voucher_detail # VOIL-9562',	41,	'CAMERA CANON EOS',	1,	165000.00,	165000.00,	31,	0,	0,	2895,	403,	0,	13,	NULL,	NULL,	NULL,	NULL),
(64,	'VOIL-84965',	'Voucher_detail # VOIL-22547',	42,	'1 camera canon',	1,	165000.00,	165000.00,	30,	0,	0,	2897,	403,	0,	8,	NULL,	NULL,	NULL,	NULL),
(65,	'VOIL-47312',	'Voucher_detail # VOIL-43676',	43,	'CAMERA CANONO EOS',	1,	165000.00,	165000.00,	30,	0,	0,	2899,	403,	0,	12,	NULL,	NULL,	NULL,	NULL),
(66,	'VOIL-65411',	'Voucher_detail # VOIL-30570',	44,	'Camera Canon EOS',	1,	165000.00,	165000.00,	30,	0,	0,	2901,	403,	0,	8,	NULL,	NULL,	NULL,	NULL),
(67,	'VOIL-28220',	'Voucher_detail # VOIL-76873',	45,	'Payment for 1 Camera  Canon EOS',	1,	165000.00,	165000.00,	30,	0,	0,	2903,	403,	0,	9,	NULL,	NULL,	NULL,	NULL),
(68,	'VOIL-64518',	'Voucher_detail # VOIL-88672',	46,	'camera',	1,	165000.00,	165000.00,	30,	0,	0,	2905,	403,	0,	10,	NULL,	NULL,	NULL,	NULL),
(69,	'VOIL-25806',	'Voucher_detail # VOIL-35615',	47,	'Camera',	1,	165000.00,	165000.00,	30,	0,	0,	2907,	403,	0,	8,	NULL,	NULL,	NULL,	NULL),
(70,	'VOIL-29628',	'Voucher_detail # VOIL-83036',	48,	'Purchase of a Camera',	1,	165000.00,	165000.00,	30,	0,	0,	2909,	403,	0,	48,	NULL,	NULL,	NULL,	NULL),
(71,	'VOIL-50437',	'Voucher_detail # VOIL-43929',	49,	'camera canon',	1,	165000.00,	165000.00,	30,	0,	0,	2911,	403,	0,	15,	NULL,	NULL,	NULL,	NULL),
(72,	'VOIL-11771',	'Voucher_detail # VOIL-2396',	50,	'UNIFORM AND CLOTHES',	30,	25000.00,	750000.00,	29,	0,	0,	2913,	403,	0,	11,	NULL,	NULL,	NULL,	NULL),
(73,	'VOIL-6840',	'Voucher_detail # VOIL-8905',	51,	'camera ',	1,	165000.00,	165000.00,	30,	0,	0,	2915,	403,	0,	13,	NULL,	NULL,	NULL,	NULL),
(74,	'VOIL-4829',	'Voucher_detail # VOIL-42871',	52,	'Canon Camera EOS',	1,	165000.00,	165000.00,	30,	0,	0,	2917,	403,	0,	16,	NULL,	NULL,	NULL,	NULL),
(75,	'VOIL-2315',	'Voucher_detail # VOIL-14444',	53,	'One camera Canon',	1,	165000.00,	165000.00,	30,	0,	0,	2919,	403,	0,	10,	NULL,	NULL,	NULL,	NULL),
(76,	'VOIL-82358',	'Voucher_detail # VOIL-61174',	54,	'CANON CAMERA',	1,	165000.00,	165000.00,	30,	0,	0,	2921,	403,	0,	15,	NULL,	NULL,	NULL,	NULL),
(77,	'VOIL-26281',	'Voucher_detail # VOIL-36979',	55,	'Uniform & Clothes',	1,	25000.00,	25000.00,	29,	0,	0,	2923,	403,	0,	48,	NULL,	NULL,	NULL,	NULL),
(78,	'VOIL-4686',	'Voucher_detail # VOIL-65867',	56,	'School uniforms ',	30,	25000.00,	750000.00,	29,	0,	0,	2925,	403,	0,	7,	NULL,	NULL,	NULL,	NULL),
(79,	'VOIL-53591',	'Voucher_detail # VOIL-16767',	57,	'Uniforms',	30,	25000.00,	750000.00,	33,	0,	0,	2927,	403,	0,	7,	NULL,	NULL,	NULL,	NULL),
(80,	'VOIL-58166',	'Voucher_detail # VOIL-88838',	58,	'Uniform and clothes balance',	1,	25000.00,	25000.00,	29,	0,	0,	2929,	403,	0,	11,	NULL,	NULL,	NULL,	NULL),
(81,	'VOIL-42068',	'Voucher_detail # VOIL-65823',	59,	'Purchase ',	30,	25000.00,	750000.00,	29,	0,	0,	2931,	403,	0,	8,	NULL,	NULL,	NULL,	NULL),
(82,	'VOIL-30851',	'Voucher_detail # VOIL-15452',	60,	'CANON EOS',	1,	165000.00,	165000.00,	30,	0,	0,	2933,	403,	0,	15,	NULL,	NULL,	NULL,	NULL),
(83,	'VOIL-1101',	'Voucher_detail # VOIL-39194',	61,	'uniform and clothes for beneficiaries of 9-11',	30,	25000.00,	750000.00,	29,	0,	0,	2935,	403,	0,	15,	NULL,	NULL,	NULL,	NULL),
(84,	'VOIL-43156',	'Voucher_detail # VOIL-51671',	62,	'Purchase of Camera',	1,	165000.00,	165000.00,	30,	0,	0,	2937,	403,	0,	7,	NULL,	NULL,	NULL,	NULL),
(85,	'VOIL-51393',	'Voucher_detail # VOIL-23371',	63,	'BENEFICIARIES UNIFORMS',	30,	25000.00,	750000.00,	29,	0,	0,	2939,	403,	0,	15,	NULL,	NULL,	NULL,	NULL),
(86,	'VOIL-36071',	'Voucher_detail # VOIL-72231',	64,	'One camera canon EOS',	1,	165000.00,	165000.00,	30,	0,	0,	2941,	403,	0,	9,	NULL,	NULL,	NULL,	NULL),
(87,	'VOIL-67435',	'Voucher_detail # VOIL-84686',	65,	'Uniforms & clothes',	30,	25000.00,	750000.00,	29,	0,	0,	2943,	403,	0,	8,	NULL,	NULL,	NULL,	NULL),
(88,	'VOIL-35900',	'Voucher_detail # VOIL-43090',	66,	'SCHOOL UNIFORMS',	1,	25000.00,	25000.00,	29,	0,	0,	2945,	403,	0,	16,	NULL,	NULL,	NULL,	NULL),
(89,	'VOIL-2170',	'Voucher_detail # VOIL-32959',	67,	'school uniforms',	30,	25000.00,	750000.00,	29,	0,	0,	2947,	403,	0,	12,	NULL,	NULL,	NULL,	NULL),
(90,	'VOIL-14296',	'Voucher_detail # VOIL-71553',	68,	'Uniform    and clothes',	30,	25000.00,	750000.00,	29,	0,	0,	2949,	403,	0,	16,	NULL,	NULL,	NULL,	NULL),
(91,	'VOIL-19858',	'Voucher_detail # VOIL-32340',	69,	'uniform and clothers for beneficiries ',	1,	25000.00,	25000.00,	29,	0,	0,	2951,	403,	0,	13,	NULL,	NULL,	NULL,	NULL),
(92,	'VOIL-36408',	'Voucher_detail # VOIL-61037',	70,	'UNIFORM',	30,	25000.00,	750000.00,	29,	0,	0,	2953,	403,	0,	15,	NULL,	NULL,	NULL,	NULL),
(93,	'VOIL-77513',	'Voucher_detail # VOIL-81678',	71,	'165,000',	1,	165000.00,	165000.00,	30,	0,	0,	2955,	403,	0,	9,	NULL,	NULL,	NULL,	NULL),
(94,	'VOIL-24492',	'Voucher_detail # VOIL-87551',	72,	'OOFICE CAMERA',	1,	165000.00,	165000.00,	30,	0,	0,	2957,	403,	0,	14,	NULL,	NULL,	NULL,	NULL),
(95,	'VOIL-31368',	'Voucher_detail # VOIL-21941',	73,	'uniform',	30,	25000.00,	750000.00,	29,	0,	0,	2959,	403,	0,	10,	NULL,	NULL,	NULL,	NULL),
(96,	'VOIL-58166',	'Voucher_detail # VOIL-88838',	74,	'Uniform and clothes balance',	1,	-25000.00,	-25000.00,	29,	0,	0,	2929,	403,	0,	11,	NULL,	NULL,	NULL,	NULL),
(97,	'VOIL-52639',	'Voucher_detail # VOIL-14024',	75,	'uniform/clothes',	30,	25000.00,	750000.00,	29,	0,	0,	2961,	403,	0,	8,	NULL,	NULL,	NULL,	NULL),
(98,	'VOIL-13388',	'Voucher_detail # VOIL-56490',	76,	'UNIFORM',	30,	25000.00,	750000.00,	29,	0,	0,	2963,	403,	0,	14,	NULL,	NULL,	NULL,	NULL),
(99,	'VOIL-21067',	'Voucher_detail # VOIL-2159',	77,	'Purchase of uniform',	30,	25000.00,	750000.00,	29,	0,	0,	2965,	403,	0,	7,	NULL,	NULL,	NULL,	NULL),
(100,	'VOIL-33670',	'Voucher_detail # VOIL-13201',	78,	'uniform',	30,	165000.00,	4950000.00,	29,	0,	0,	2967,	403,	0,	10,	NULL,	NULL,	NULL,	NULL),
(101,	'VOIL-67971',	'Voucher_detail # VOIL-21908',	79,	'BITES FOR CDCC MEETING',	1,	4500.00,	4500.00,	41,	0,	0,	2969,	403,	0,	15,	NULL,	NULL,	NULL,	NULL),
(102,	'VOIL-85145',	'Voucher_detail # VOIL-21229',	80,	'BITES',	1,	4500.00,	4500.00,	41,	0,	0,	2971,	403,	0,	16,	NULL,	NULL,	NULL,	NULL),
(103,	'VOIL-14637',	'Voucher_detail # VOIL-47652',	81,	'Bites for CDCC  meeting',	1,	4500.00,	4500.00,	41,	0,	0,	2973,	403,	0,	7,	NULL,	NULL,	NULL,	NULL),
(104,	'VOIL-65120',	'Voucher_detail # VOIL-66040',	82,	'BITES FOR CDCC MEETING',	1,	4500.00,	4500.00,	41,	0,	0,	2975,	403,	0,	11,	NULL,	NULL,	NULL,	NULL),
(105,	'VOIL-73806',	'Voucher_detail # VOIL-83453',	83,	'bites',	1,	4500.00,	4500.00,	41,	0,	0,	2977,	403,	0,	8,	NULL,	NULL,	NULL,	NULL),
(106,	'VOIL-12582',	'Voucher_detail # VOIL-45841',	84,	'Purchase of Bites for CDCC meeting',	1,	4500.00,	4500.00,	41,	0,	0,	2979,	403,	0,	8,	NULL,	NULL,	NULL,	NULL),
(107,	'VOIL-63084',	'Voucher_detail # VOIL-9362',	85,	'Bites',	1,	4500.00,	4500.00,	43,	0,	0,	2981,	403,	0,	7,	NULL,	NULL,	NULL,	NULL),
(108,	'VOIL-76286',	'Voucher_detail # VOIL-81437',	86,	'Bites for CDCC meeting ',	1,	4500.00,	4500.00,	41,	0,	0,	2983,	403,	0,	11,	NULL,	NULL,	NULL,	NULL),
(109,	'VOIL-30316',	'Voucher_detail # VOIL-2928',	87,	'Bites',	1,	4500.00,	4500.00,	41,	0,	0,	2985,	403,	0,	9,	NULL,	NULL,	NULL,	NULL),
(110,	'VOIL-51194',	'Voucher_detail # VOIL-23065',	88,	'BITES',	1,	4500.00,	4500.00,	41,	0,	0,	2987,	403,	0,	15,	NULL,	NULL,	NULL,	NULL),
(111,	'VOIL-16577',	'Voucher_detail # VOIL-25201',	89,	'Bites',	1,	4500.00,	4500.00,	43,	0,	0,	2989,	403,	0,	12,	NULL,	NULL,	NULL,	NULL),
(112,	'VOIL-3833',	'Voucher_detail # VOIL-40309',	90,	'bites for cdcc meeting',	1,	4500.00,	4500.00,	41,	0,	0,	2991,	403,	0,	15,	NULL,	NULL,	NULL,	NULL),
(113,	'VOIL-44608',	'Voucher_detail # VOIL-14223',	91,	'Purchase of bites for CDCC meeting',	1,	4500.00,	4500.00,	41,	0,	0,	2993,	403,	0,	48,	NULL,	NULL,	NULL,	NULL),
(114,	'VOIL-22810',	'Voucher_detail # VOIL-81505',	92,	'CDCC Meeting',	1,	4500.00,	4500.00,	41,	0,	0,	2995,	403,	0,	7,	NULL,	NULL,	NULL,	NULL),
(115,	'VOIL-36104',	'Voucher_detail # VOIL-81038',	93,	'Bites for meeting',	1,	4500.00,	4500.00,	41,	0,	0,	2997,	403,	0,	16,	NULL,	NULL,	NULL,	NULL),
(116,	'VOIL-1960',	'Voucher_detail # VOIL-48620',	94,	'purchased',	1,	4500.00,	4500.00,	41,	0,	0,	2999,	403,	0,	10,	NULL,	NULL,	NULL,	NULL),
(117,	'VOIL-15000',	'Voucher_detail # VOIL-2359',	95,	'Purchased ',	1,	4500.00,	4500.00,	41,	0,	0,	3001,	403,	0,	10,	NULL,	NULL,	NULL,	NULL),
(118,	'VOIL-80654',	'Voucher_detail # VOIL-23434',	96,	'purchase',	1,	4500.00,	4500.00,	41,	0,	0,	3003,	403,	0,	9,	NULL,	NULL,	NULL,	NULL),
(119,	'VOIL-57936',	'Voucher_detail # VOIL-29756',	97,	'purchased ',	1,	4500.00,	4500.00,	41,	0,	0,	3005,	403,	0,	13,	NULL,	NULL,	NULL,	NULL),
(120,	'VOIL-61849',	'Voucher_detail # VOIL-28531',	98,	'CDCC MEETING BITES PURCHASE',	1,	4500.00,	4500.00,	41,	0,	0,	3007,	403,	0,	14,	NULL,	NULL,	NULL,	NULL),
(121,	'VOIL-56881',	'Voucher_detail # VOIL-49087',	99,	'Purchasing bites',	1,	4500.00,	4500.00,	41,	0,	0,	3009,	403,	0,	8,	NULL,	NULL,	NULL,	NULL),
(122,	'VOIL-67480',	'Voucher_detail # VOIL-37603',	100,	'Purchase',	1,	4500.00,	4500.00,	41,	0,	0,	3011,	403,	0,	9,	NULL,	NULL,	NULL,	NULL),
(123,	'VOIL-44174',	'Voucher_detail # VOIL-28569',	101,	'BITES',	1,	4500.00,	4500.00,	41,	0,	0,	3013,	403,	0,	13,	NULL,	NULL,	NULL,	NULL),
(124,	'VOIL-41712',	'Voucher_detail # VOIL-60655',	102,	'Transport',	1,	3000.00,	3000.00,	44,	0,	0,	3015,	403,	0,	7,	NULL,	NULL,	NULL,	NULL),
(125,	'VOIL-81047',	'Voucher_detail # VOIL-81189',	103,	'transport and meals',	1,	5000.00,	5000.00,	41,	0,	0,	3017,	403,	0,	8,	NULL,	NULL,	NULL,	NULL),
(126,	'VOIL-26603',	'Voucher_detail # VOIL-19069',	104,	'BITES',	1,	4500.00,	4500.00,	41,	0,	0,	3019,	403,	0,	16,	NULL,	NULL,	NULL,	NULL),
(127,	'VOIL-79569',	'Voucher_detail # VOIL-27396',	105,	'Transport and meals',	1,	5000.00,	5000.00,	41,	0,	0,	3021,	403,	0,	16,	NULL,	NULL,	NULL,	NULL),
(128,	'VOIL-32830',	'Voucher_detail # VOIL-4462',	106,	'Transport and meals',	1,	5000.00,	5000.00,	43,	0,	0,	3023,	403,	0,	12,	NULL,	NULL,	NULL,	NULL),
(129,	'VOIL-53983',	'Voucher_detail # VOIL-74345',	107,	'TRANSPORT',	1,	5000.00,	5000.00,	44,	0,	0,	3025,	403,	0,	11,	NULL,	NULL,	NULL,	NULL),
(130,	'VOIL-37244',	'Voucher_detail # VOIL-36771',	108,	'Meals and Transport',	1,	5000.00,	5000.00,	41,	0,	0,	3027,	403,	0,	7,	NULL,	NULL,	NULL,	NULL),
(131,	'VOIL-36082',	'Voucher_detail # VOIL-12842',	109,	'Transport & Meals for mr. Project Accountant',	1,	5000.00,	5000.00,	41,	0,	0,	3029,	403,	0,	48,	NULL,	NULL,	NULL,	NULL),
(132,	'VOIL-31043',	'Voucher_detail # VOIL-82452',	110,	'TRANSPORT AND MEALS MR A/C',	1,	5000.00,	5000.00,	41,	0,	0,	3031,	403,	0,	16,	NULL,	NULL,	NULL,	NULL),
(133,	'VOIL-66518',	'Voucher_detail # VOIL-18372',	111,	'Mr. Project accountant',	1,	5000.00,	5000.00,	41,	0,	0,	3033,	403,	0,	11,	NULL,	NULL,	NULL,	NULL),
(134,	'VOIL-73101',	'Voucher_detail # VOIL-72438',	112,	'transport and meals ',	1,	5000.00,	5000.00,	41,	0,	0,	3035,	403,	0,	13,	NULL,	NULL,	NULL,	NULL),
(135,	'VOIL-10973',	'Voucher_detail # VOIL-31856',	113,	'Transport and meals for Mr acountant',	1,	5000.00,	5000.00,	41,	0,	0,	3037,	403,	0,	10,	NULL,	NULL,	NULL,	NULL),
(136,	'VOIL-63044',	'Voucher_detail # VOIL-17155',	114,	'tranport and meals',	1,	5000.00,	5000.00,	41,	0,	0,	3039,	403,	0,	10,	NULL,	NULL,	NULL,	NULL),
(137,	'VOIL-60438',	'Voucher_detail # VOIL-34075',	115,	'transport $ meals',	1,	5000.00,	5000.00,	41,	0,	0,	3041,	403,	0,	9,	NULL,	NULL,	NULL,	NULL),
(138,	'VOIL-50826',	'Voucher_detail # VOIL-81535',	116,	'TRANSPORT AND MEALS FOR MR ACCOUNTANT',	1,	5000.00,	5000.00,	41,	0,	0,	3043,	403,	0,	15,	NULL,	NULL,	NULL,	NULL),
(139,	'VOIL-80516',	'Voucher_detail # VOIL-72192',	117,	'TRANSPORT',	1,	5000.00,	5000.00,	41,	0,	0,	3045,	403,	0,	13,	NULL,	NULL,	NULL,	NULL),
(140,	'VOIL-22844',	'Voucher_detail # VOIL-21240',	118,	'TRANSPORT AND MEALS ',	1,	5000.00,	5000.00,	44,	0,	0,	3047,	403,	0,	14,	NULL,	NULL,	NULL,	NULL),
(141,	'VOIL-56169',	'Voucher_detail # VOIL-68955',	119,	'Transport&meals',	1,	5000.00,	5000.00,	41,	0,	0,	3049,	403,	0,	8,	NULL,	NULL,	NULL,	NULL),
(142,	'VOIL-65469',	'Voucher_detail # VOIL-34230',	120,	'Transport and meals',	1,	5000.00,	5000.00,	41,	0,	0,	3051,	403,	0,	7,	NULL,	NULL,	NULL,	NULL),
(143,	'VOIL-55401',	'Voucher_detail # VOIL-48756',	121,	'TRANSPORT AND MEALS',	1,	5000.00,	5000.00,	41,	0,	0,	3053,	403,	0,	15,	NULL,	NULL,	NULL,	NULL),
(144,	'VOIL-1709',	'Voucher_detail # VOIL-50637',	122,	'transport and meals',	1,	5000.00,	5000.00,	41,	0,	0,	3055,	403,	0,	15,	NULL,	NULL,	NULL,	NULL),
(145,	'VOIL-63441',	'Voucher_detail # VOIL-6255',	123,	'Transport and meals for Mr. Accountant',	1,	5000.00,	5000.00,	41,	0,	0,	3057,	403,	0,	9,	NULL,	NULL,	NULL,	NULL),
(146,	'VOIL-69764',	'Voucher_detail # VOIL-34234',	124,	'Transport  and meals',	1,	5000.00,	5000.00,	41,	0,	0,	3059,	403,	0,	7,	NULL,	NULL,	NULL,	NULL),
(147,	'VOIL-77603',	'Voucher_detail # VOIL-72450',	125,	'TRANSPORT FOR MR PC',	1,	9500.00,	9500.00,	0,	0,	22,	3067,	403,	0,	15,	NULL,	NULL,	NULL,	NULL),
(148,	'VOIL-66125',	'Voucher_detail # VOIL-46571',	126,	'Petty Cash Replenishment',	1,	75000.00,	75000.00,	0,	0,	15,	3071,	403,	0,	12,	NULL,	NULL,	NULL,	NULL),
(149,	'VOIL-50694',	'Voucher_detail # VOIL-18308',	127,	'PETTY CASH',	1,	75000.00,	75000.00,	0,	0,	21,	3075,	403,	0,	15,	NULL,	NULL,	NULL,	NULL),
(150,	'VOIL-89945',	'Voucher_detail # VOIL-64691',	128,	'Petty cash replenishment for December 2020',	1,	75000.00,	75000.00,	0,	0,	29,	3079,	403,	0,	48,	NULL,	NULL,	NULL,	NULL),
(151,	'VOIL-16851',	'Voucher_detail # VOIL-86327',	129,	'Petty cash replenishment',	1,	75000.00,	75000.00,	0,	0,	7,	3083,	403,	0,	8,	NULL,	NULL,	NULL,	NULL),
(152,	'VOIL-36924',	'Voucher_detail # VOIL-33676',	130,	'pettycash replenisment',	1,	75000.00,	75000.00,	0,	0,	13,	3085,	403,	0,	11,	NULL,	NULL,	NULL,	NULL),
(153,	'VOIL-32347',	'Voucher_detail # VOIL-20464',	131,	'PETTYCASH REPLENISHMENT',	1,	75000.00,	75000.00,	0,	0,	19,	3087,	403,	0,	14,	NULL,	NULL,	NULL,	NULL),
(154,	'VOIL-17256',	'Voucher_detail # VOIL-9688',	132,	'Petty cash Replenishment',	1,	75000.00,	75000.00,	0,	0,	5,	3089,	403,	0,	7,	NULL,	NULL,	NULL,	NULL),
(155,	'VOIL-41742',	'Voucher_detail # VOIL-58911',	133,	'Petty Replenishment',	1,	75000.00,	75000.00,	0,	0,	7,	3093,	403,	0,	8,	NULL,	NULL,	NULL,	NULL),
(156,	'VOIL-39547',	'Voucher_detail # VOIL-73708',	134,	'petty cash ',	1,	75000.00,	75000.00,	0,	0,	11,	3095,	403,	0,	10,	NULL,	NULL,	NULL,	NULL),
(157,	'VOIL-89601',	'Voucher_detail # VOIL-74363',	135,	'petty cash replenishment',	1,	75000.00,	75000.00,	0,	0,	21,	3097,	403,	0,	15,	NULL,	NULL,	NULL,	NULL),
(158,	'VOIL-76483',	'Voucher_detail # VOIL-71576',	136,	'PETTY CASH REPLENISHMENT',	1,	75000.00,	75000.00,	41,	0,	0,	3099,	403,	0,	13,	NULL,	NULL,	NULL,	NULL),
(159,	'VOIL-75242',	'Voucher_detail # VOIL-28703',	137,	'PETTY CASH REPLESHNIMENT',	1,	75000.00,	75000.00,	0,	0,	21,	3101,	403,	0,	15,	NULL,	NULL,	NULL,	NULL),
(160,	'VOIL-54940',	'Voucher_detail # VOIL-63704',	138,	'PETTYCASH REPLENISMENT',	1,	75000.00,	75000.00,	0,	0,	5,	3103,	403,	0,	7,	NULL,	NULL,	NULL,	NULL),
(161,	'VOIL-32686',	'Voucher_detail # VOIL-41918',	139,	'Transport costs by Mr project Coordinator',	1,	9500.00,	9500.00,	41,	0,	0,	3105,	403,	0,	10,	NULL,	NULL,	NULL,	NULL),
(162,	'VOIL-71807',	'Voucher_detail # VOIL-88985',	140,	'petty cash',	1,	75000.00,	75000.00,	0,	0,	7,	3109,	403,	0,	8,	NULL,	NULL,	NULL,	NULL),
(163,	'VOIL-65501',	'Voucher_detail # VOIL-87368',	142,	'Petty cash replenishment for december 2020',	1,	15000.00,	15000.00,	0,	0,	9,	3112,	403,	0,	9,	NULL,	NULL,	NULL,	NULL),
(164,	'VOIL-38911',	'Voucher_detail # VOIL-46709',	143,	'150000',	1,	0.00,	0.00,	0,	0,	9,	3114,	403,	0,	9,	NULL,	NULL,	NULL,	NULL),
(165,	'VOIL-5039',	'Voucher_detail # VOIL-26927',	144,	'PETTY CSH RPLAINSHMENT',	1,	75000.00,	75000.00,	0,	0,	23,	3116,	403,	0,	16,	NULL,	NULL,	NULL,	NULL),
(166,	'VOIL-45684',	'Voucher_detail # VOIL-51853',	145,	'PETTY CASH',	1,	75000.00,	75000.00,	0,	0,	13,	3118,	403,	0,	11,	NULL,	NULL,	NULL,	NULL),
(167,	'VOIL-17480',	'Voucher_detail # VOIL-33335',	146,	'Tuition fees',	1,	430000.00,	430000.00,	28,	0,	0,	3120,	403,	0,	48,	NULL,	NULL,	NULL,	NULL),
(168,	'VOIL-29669',	'Voucher_detail # VOIL-45546',	147,	'TUTION FEE FOR BENEFICIARY',	1,	430000.00,	430000.00,	28,	0,	0,	3122,	403,	0,	11,	NULL,	NULL,	NULL,	NULL),
(169,	'VOIL-53550',	'Voucher_detail # VOIL-70399',	148,	'TUITION FEES',	1,	430000.00,	430000.00,	28,	0,	0,	3124,	403,	0,	15,	NULL,	NULL,	NULL,	NULL),
(170,	'VOIL-10623',	'Voucher_detail # VOIL-28125',	149,	'tution fee',	900000,	1.00,	900000.00,	28,	0,	0,	3126,	403,	0,	9,	NULL,	NULL,	NULL,	NULL),
(171,	'VOIL-78291',	'Voucher_detail # VOIL-10948',	150,	'Child number T0551 Tution fees',	1,	1000000.00,	1000000.00,	28,	0,	0,	3128,	403,	0,	12,	NULL,	NULL,	NULL,	NULL),
(172,	'VOIL-38777',	'Voucher_detail # VOIL-86573',	151,	'SCHOOL FEE',	1,	123000.00,	123000.00,	28,	0,	0,	3130,	403,	0,	15,	NULL,	NULL,	NULL,	NULL),
(173,	'VOIL-12789',	'Voucher_detail # VOIL-85791',	152,	'Tuition fee for one beneficiary no. TZ0450002',	1,	123000.00,	123000.00,	28,	0,	0,	3132,	403,	0,	10,	NULL,	NULL,	NULL,	NULL),
(174,	'VOIL-84272',	'Voucher_detail # VOIL-36998',	153,	'School fees',	1,	123000.00,	123000.00,	28,	0,	0,	3134,	403,	0,	7,	NULL,	NULL,	NULL,	NULL),
(175,	'VOIL-11143',	'Voucher_detail # VOIL-88629',	154,	'TUITION FEE FOR  BENEFICIARY NUMBER TZ0102002',	1,	123000.00,	123000.00,	28,	0,	0,	3136,	403,	0,	14,	NULL,	NULL,	NULL,	NULL),
(176,	'VOIL-23304',	'Voucher_detail # VOIL-15867',	155,	'college fees',	1,	540000.00,	540000.00,	28,	0,	0,	3138,	403,	0,	9,	NULL,	NULL,	NULL,	NULL),
(177,	'VOIL-56061',	'Voucher_detail # VOIL-36280',	156,	'Bank charges',	1,	25000.00,	25000.00,	41,	0,	0,	3140,	403,	0,	16,	NULL,	NULL,	NULL,	NULL),
(178,	'VOIL-54375',	'Voucher_detail # VOIL-58236',	157,	'IGA repayment',	1,	890000.00,	890000.00,	0,	48,	0,	3142,	403,	0,	45,	NULL,	NULL,	NULL,	NULL),
(179,	'VOIL-40672',	'Voucher_detail # VOIL-78504',	158,	'IGA repayment',	1,	890000.00,	890000.00,	0,	48,	0,	3144,	403,	0,	45,	NULL,	NULL,	NULL,	NULL),
(180,	'VOIL-30557',	'Voucher_detail # VOIL-77411',	159,	'Reiceipt',	1,	50000.00,	50000.00,	0,	3,	0,	3146,	403,	0,	7,	NULL,	NULL,	NULL,	NULL),
(181,	'VOIL-43431',	'Voucher_detail # VOIL-61246',	160,	'Returned money',	1,	50000.00,	50000.00,	0,	3,	0,	3148,	403,	0,	16,	NULL,	NULL,	NULL,	NULL),
(182,	'VOIL-53552',	'Voucher_detail # VOIL-77516',	161,	'SUPPORT FUND FROM CIT',	1,	8905000.00,	8905000.00,	0,	3,	0,	3150,	403,	0,	14,	NULL,	NULL,	NULL,	NULL),
(183,	'VOIL-65794',	'Voucher_detail # VOIL-13318',	162,	'Chairs',	2,	-450000.00,	-900000.00,	30,	0,	0,	2840,	403,	0,	7,	NULL,	NULL,	NULL,	NULL),
(184,	'VOIL-23299',	'Voucher_detail # VOIL-78437',	162,	'Ream papers',	1,	-12000.00,	-12000.00,	41,	0,	0,	2841,	403,	0,	7,	NULL,	NULL,	NULL,	NULL),
(185,	'VOIL-43843',	'Voucher_detail # VOIL-24928',	163,	'TUITION FEES',	1,	123000.00,	123000.00,	28,	0,	0,	3152,	403,	0,	13,	NULL,	NULL,	NULL,	NULL),
(186,	'VOIL-41742',	'Voucher_detail # VOIL-58911',	164,	'Petty Replenishment',	1,	-75000.00,	-75000.00,	0,	0,	7,	3093,	403,	0,	8,	NULL,	NULL,	NULL,	NULL),
(187,	'VOIL-40672',	'Voucher_detail # VOIL-78504',	165,	'IGA repayment',	1,	-890000.00,	-890000.00,	0,	48,	0,	3144,	403,	0,	45,	NULL,	NULL,	NULL,	NULL),
(188,	'VOIL-50673',	'Voucher_detail # VOIL-18920',	166,	'OFFICE CHAIRS',	2,	-450000.00,	-900000.00,	30,	0,	0,	2821,	403,	0,	15,	NULL,	NULL,	NULL,	NULL),
(189,	'VOIL-17226',	'Voucher_detail # VOIL-76693',	166,	'REAM PAPERS',	1,	-12000.00,	-12000.00,	41,	0,	0,	2822,	403,	0,	15,	NULL,	NULL,	NULL,	NULL),
(190,	'VOIL-71807',	'Voucher_detail # VOIL-88985',	167,	'petty cash',	1,	-75000.00,	-75000.00,	0,	0,	7,	3109,	403,	0,	8,	NULL,	NULL,	NULL,	NULL),
(191,	'VOIL-86138',	'Voucher_detail # VOIL-47504',	168,	'Office chair',	2,	-450000.00,	-900000.00,	30,	0,	0,	2801,	403,	0,	8,	NULL,	NULL,	NULL,	NULL),
(192,	'VOIL-81121',	'Voucher_detail # VOIL-19476',	168,	'9 bundles of ream paper',	1,	-12000.00,	-12000.00,	30,	0,	0,	2802,	403,	0,	8,	NULL,	NULL,	NULL,	NULL),
(193,	'VOIL-66125',	'Voucher_detail # VOIL-46571',	169,	'Petty Cash Replenishment',	1,	-75000.00,	-75000.00,	0,	0,	15,	3071,	403,	0,	12,	NULL,	NULL,	NULL,	NULL),
(194,	'VOIL-15249',	'Voucher_detail # VOIL-21645',	170,	'Office chairs',	2,	-450000.00,	-900000.00,	30,	0,	0,	2816,	403,	0,	16,	NULL,	NULL,	NULL,	NULL),
(195,	'VOIL-4367',	'Voucher_detail # VOIL-55466',	170,	'Ream of paper',	1,	-12000.00,	-12000.00,	41,	0,	0,	2817,	403,	0,	16,	NULL,	NULL,	NULL,	NULL),
(196,	'VOIL-88704',	'Voucher_detail # VOIL-29848',	171,	'Office chairs',	2,	-450000.00,	-900000.00,	30,	0,	0,	2864,	403,	0,	9,	NULL,	NULL,	NULL,	NULL),
(197,	'VOIL-74641',	'Voucher_detail # VOIL-70162',	171,	'Ream paper',	1,	-12000.00,	-12000.00,	41,	0,	0,	2865,	403,	0,	9,	NULL,	NULL,	NULL,	NULL),
(198,	'VOIL-17480',	'Voucher_detail # VOIL-33335',	172,	'Tuition fees',	1,	-430000.00,	-430000.00,	28,	0,	0,	3120,	403,	0,	48,	NULL,	NULL,	NULL,	NULL),
(199,	'VOIL-44221',	'Voucher_detail # VOIL-41382',	173,	'OFFICE CHAIRS',	2,	-450000.00,	-900000.00,	30,	0,	0,	2832,	403,	0,	16,	NULL,	NULL,	NULL,	NULL),
(200,	'VOIL-10756',	'Voucher_detail # VOIL-35338',	173,	'REAM PAPERS',	1,	-12000.00,	-12000.00,	41,	0,	0,	2833,	403,	0,	16,	NULL,	NULL,	NULL,	NULL),
(201,	'VOIL-22193',	'Voucher_detail # VOIL-36207',	174,	'food stuff',	4,	150000.00,	600000.00,	34,	0,	0,	3156,	403,	0,	13,	NULL,	NULL,	NULL,	NULL),
(202,	'VOIL-51708',	'Voucher_detail # VOIL-41483',	174,	'bites ',	4,	100000.00,	400000.00,	34,	0,	0,	3157,	403,	0,	13,	NULL,	NULL,	NULL,	NULL),
(203,	'VOIL-5625',	'Voucher_detail # VOIL-84830',	175,	'university fees ',	1,	1000000.00,	1000000.00,	28,	0,	0,	3159,	403,	0,	13,	NULL,	NULL,	NULL,	NULL),
(204,	'VOIL-45238',	'Voucher_detail # VOIL-82466',	176,	'fare ',	1,	5000.00,	5000.00,	41,	0,	0,	3161,	403,	0,	13,	NULL,	NULL,	NULL,	NULL),
(205,	'VOIL-5894',	'Voucher_detail # VOIL-23789',	177,	'petty cash adjustment ',	1,	150000.00,	150000.00,	0,	0,	17,	3165,	403,	0,	13,	NULL,	NULL,	NULL,	NULL),
(206,	'VOIL-10549',	'Voucher_detail # VOIL-53645',	178,	'return',	1,	2000.00,	2000.00,	0,	0,	18,	3167,	403,	0,	13,	NULL,	NULL,	NULL,	NULL),
(207,	'VOIL-74926',	'Voucher_detail # VOIL-52604',	179,	'saving ',	1,	100000.00,	100000.00,	0,	44,	0,	3169,	403,	0,	46,	NULL,	NULL,	NULL,	NULL),
(208,	'VOIL-74926',	'Voucher_detail # VOIL-52604',	180,	'saving ',	1,	-100000.00,	-100000.00,	0,	44,	0,	3169,	403,	0,	46,	NULL,	NULL,	NULL,	NULL),
(209,	'VOIL-36408',	'Voucher_detail # VOIL-61037',	181,	'UNIFORM',	30,	-25000.00,	-750000.00,	29,	0,	0,	2953,	403,	0,	15,	NULL,	NULL,	NULL,	NULL),
(210,	'VOIL-84740',	'Voucher_detail # VOIL-7363',	182,	'Support Funds',	1,	7800000.34,	7800000.34,	0,	3,	0,	3172,	403,	0,	15,	NULL,	NULL,	NULL,	NULL),
(211,	'VOIL-29921',	'Voucher_detail # VOIL-64726',	182,	'CDSP Gifts',	1,	2900002.35,	2900002.35,	0,	18,	0,	3173,	403,	0,	21,	NULL,	NULL,	NULL,	NULL),
(212,	'VOIL-15822',	'Voucher_detail # VOIL-24298',	183,	'COVID 19 Response Disbursement',	1,	3200100.45,	3200100.45,	0,	42,	0,	3200,	403,	0,	53,	NULL,	NULL,	NULL,	NULL),
(213,	'VOIL-45704',	'Voucher_detail # VOIL-4809',	184,	'Purchase of Masks',	210,	2100.00,	441000.00,	78,	0,	0,	3202,	403,	0,	53,	NULL,	NULL,	NULL,	NULL),
(214,	'VOIL-13388',	'Voucher_detail # VOIL-56490',	185,	'UNIFORM',	30,	-25000.00,	-750000.00,	29,	0,	0,	2963,	403,	0,	14,	NULL,	NULL,	NULL,	NULL),
(215,	'VOIL-52301',	'Voucher_detail # VOIL-20320',	186,	'Support fund by beneficiaries.',	1,	13461431.10,	13461431.10,	0,	3,	0,	3220,	403,	0,	12,	NULL,	NULL,	NULL,	NULL),
(216,	'VOIL-16436',	'Voucher_detail # VOIL-13567',	186,	'Christmas Gifts',	1,	9656176.08,	9656176.08,	0,	18,	0,	3221,	403,	0,	25,	NULL,	NULL,	NULL,	NULL),
(217,	'VOIL-52761',	'Voucher_detail # VOIL-5081',	186,	'Beneficiary and family gifts',	1,	1200000.00,	1200000.00,	0,	18,	0,	3222,	403,	0,	25,	NULL,	NULL,	NULL,	NULL),
(218,	'VOIL-34692',	'Voucher_detail # VOIL-35497',	186,	'HIV-AIDS',	1,	440000.00,	440000.00,	0,	21,	0,	3223,	403,	0,	35,	NULL,	NULL,	NULL,	NULL),
(219,	'VOIL-1600',	'Voucher_detail # VOIL-37131',	186,	'HVC',	1,	105016.00,	105016.00,	0,	27,	0,	3224,	403,	0,	35,	NULL,	NULL,	NULL,	NULL),
(220,	'VOIL-10937',	'Voucher_detail # VOIL-50548',	186,	'Covid 19 response',	1,	1280400.34,	1280400.34,	0,	42,	0,	3225,	403,	0,	62,	NULL,	NULL,	NULL,	NULL),
(221,	'VOIL-19561',	'Voucher_detail # VOIL-58838',	187,	'Support funds for the month of December 2020',	1,	13461431.06,	13461431.06,	0,	3,	0,	3227,	403,	0,	48,	NULL,	NULL,	NULL,	NULL),
(222,	'VOIL-72190',	'Voucher_detail # VOIL-39685',	187,	'Christmas Gifts',	1,	9656176.08,	9656176.08,	0,	18,	0,	3228,	403,	0,	49,	NULL,	NULL,	NULL,	NULL),
(223,	'VOIL-47753',	'Voucher_detail # VOIL-42489',	187,	'Beneficiary and Family Gifts',	1,	1200000.00,	1200000.00,	0,	18,	0,	3229,	403,	0,	49,	NULL,	NULL,	NULL,	NULL),
(224,	'VOIL-59839',	'Voucher_detail # VOIL-76280',	187,	'HIV-AIDS',	1,	440000.00,	440000.00,	0,	21,	0,	3230,	403,	0,	50,	NULL,	NULL,	NULL,	NULL),
(225,	'VOIL-14775',	'Voucher_detail # VOIL-77193',	187,	'HVC',	1,	105016.00,	105016.00,	0,	27,	0,	3231,	403,	0,	50,	NULL,	NULL,	NULL,	NULL),
(226,	'VOIL-11277',	'Voucher_detail # VOIL-63663',	187,	'COVID19',	1,	1280400.34,	1280400.34,	0,	42,	0,	3232,	403,	0,	53,	NULL,	NULL,	NULL,	NULL),
(227,	'VOIL-13617',	'Voucher_detail # VOIL-2046',	188,	'Support fund for Dec',	1,	13461431.06,	13461431.06,	0,	3,	0,	3234,	403,	0,	11,	NULL,	NULL,	NULL,	NULL),
(228,	'VOIL-59123',	'Voucher_detail # VOIL-44601',	188,	'Christmas gifts',	1,	9656176.08,	9656176.08,	0,	18,	0,	3235,	403,	0,	24,	NULL,	NULL,	NULL,	NULL),
(229,	'VOIL-89319',	'Voucher_detail # VOIL-49431',	188,	'Gift for 1beneficiary & family',	1,	1200000.00,	1200000.00,	0,	18,	0,	3236,	403,	0,	24,	NULL,	NULL,	NULL,	NULL),
(230,	'VOIL-64263',	'Voucher_detail # VOIL-1863',	188,	'HIV-AIDS',	1,	440000.00,	440000.00,	0,	21,	0,	3237,	403,	0,	34,	NULL,	NULL,	NULL,	NULL),
(231,	'VOIL-51520',	'Voucher_detail # VOIL-10065',	188,	'HVC',	1,	105016.00,	105016.00,	0,	27,	0,	3238,	403,	0,	34,	NULL,	NULL,	NULL,	NULL),
(232,	'VOIL-52784',	'Voucher_detail # VOIL-10776',	188,	'COVID 19 response',	1,	1280400.34,	1280400.34,	0,	42,	0,	3239,	403,	0,	61,	NULL,	NULL,	NULL,	NULL),
(233,	'VOIL-85901',	'Voucher_detail # VOIL-6168',	189,	'Support fund for december',	1,	13461431.00,	13461431.00,	0,	3,	0,	3241,	403,	0,	14,	NULL,	NULL,	NULL,	NULL),
(234,	'VOIL-78112',	'Voucher_detail # VOIL-27847',	189,	'Christmass gift',	1,	9656176.08,	9656176.08,	0,	18,	0,	3242,	403,	0,	18,	NULL,	NULL,	NULL,	NULL),
(235,	'VOIL-23105',	'Voucher_detail # VOIL-41381',	189,	'Beneficiaries and family gift',	1,	1200000.00,	1200000.00,	0,	18,	0,	3243,	403,	0,	18,	NULL,	NULL,	NULL,	NULL),
(236,	'VOIL-73768',	'Voucher_detail # VOIL-81941',	189,	'HIVAIDS',	1,	440000.00,	440000.00,	0,	21,	0,	3244,	403,	0,	28,	NULL,	NULL,	NULL,	NULL),
(237,	'VOIL-47402',	'Voucher_detail # VOIL-13343',	189,	'HVC',	1,	105016.00,	105016.00,	0,	27,	0,	3245,	403,	0,	28,	NULL,	NULL,	NULL,	NULL),
(238,	'VOIL-13328',	'Voucher_detail # VOIL-87123',	189,	'COVID19response',	1,	1280400.34,	1280400.34,	0,	42,	0,	3246,	403,	0,	55,	NULL,	NULL,	NULL,	NULL),
(239,	'VOIL-22296',	'Voucher_detail # VOIL-9008',	190,	'support fund ',	1,	1346143.00,	1346143.00,	0,	3,	0,	3248,	403,	0,	9,	NULL,	NULL,	NULL,	NULL),
(240,	'VOIL-51249',	'Voucher_detail # VOIL-9665',	190,	'christmas gift ',	1,	9656176.08,	9656176.08,	0,	18,	0,	3249,	403,	0,	20,	NULL,	NULL,	NULL,	NULL),
(241,	'VOIL-62638',	'Voucher_detail # VOIL-41220',	190,	'individual gift ',	1,	1200000.00,	1200000.00,	0,	18,	0,	3250,	403,	0,	20,	NULL,	NULL,	NULL,	NULL),
(242,	'VOIL-42274',	'Voucher_detail # VOIL-14908',	190,	'hiv ',	1,	440000.00,	440000.00,	0,	21,	0,	3251,	403,	0,	30,	NULL,	NULL,	NULL,	NULL),
(243,	'VOIL-61856',	'Voucher_detail # VOIL-72694',	190,	'hvc',	1,	105016.00,	105016.00,	0,	27,	0,	3252,	403,	0,	30,	NULL,	NULL,	NULL,	NULL),
(244,	'VOIL-21086',	'Voucher_detail # VOIL-62544',	190,	'covid 19',	1,	1.28,	1.28,	0,	42,	0,	3253,	403,	0,	57,	NULL,	NULL,	NULL,	NULL),
(245,	'VOIL-19443',	'Voucher_detail # VOIL-51670',	191,	'Support fund',	1,	13461431.06,	13461431.06,	0,	3,	0,	3255,	403,	0,	7,	NULL,	NULL,	NULL,	NULL),
(246,	'VOIL-1113',	'Voucher_detail # VOIL-66307',	191,	'Christmass Gifts ',	1,	9656176.08,	9656176.08,	0,	18,	0,	3256,	403,	0,	17,	NULL,	NULL,	NULL,	NULL),
(247,	'VOIL-12965',	'Voucher_detail # VOIL-42260',	191,	'Beneficiaries and family Gifts',	1,	1200000.00,	1200000.00,	0,	18,	0,	3257,	403,	0,	17,	NULL,	NULL,	NULL,	NULL),
(248,	'VOIL-51214',	'Voucher_detail # VOIL-10727',	191,	'HIV- AIDS',	1,	440000.00,	440000.00,	0,	21,	0,	3258,	403,	0,	27,	NULL,	NULL,	NULL,	NULL),
(249,	'VOIL-11158',	'Voucher_detail # VOIL-5970',	191,	'HVC',	1,	105016.00,	105016.00,	0,	27,	0,	3259,	403,	0,	27,	NULL,	NULL,	NULL,	NULL),
(250,	'VOIL-11896',	'Voucher_detail # VOIL-19826',	191,	'Covi 19 response',	1,	1280400.34,	1280400.34,	0,	42,	0,	3260,	403,	0,	54,	NULL,	NULL,	NULL,	NULL),
(251,	'VOIL-35699',	'Voucher_detail # VOIL-36150',	192,	'INCOME FOR SUPPORT',	1,	13461431.06,	13461431.06,	0,	3,	0,	3262,	403,	0,	15,	NULL,	NULL,	NULL,	NULL),
(252,	'VOIL-39909',	'Voucher_detail # VOIL-64766',	192,	'INCOME FOR CHRISTMASS GIFT',	1,	9656176.08,	9656176.08,	0,	18,	0,	3263,	403,	0,	21,	NULL,	NULL,	NULL,	NULL),
(253,	'VOIL-41724',	'Voucher_detail # VOIL-35548',	192,	'INCOME FOR BENEFICIARY GIFTS',	1,	1200000.00,	1200000.00,	0,	18,	0,	3264,	403,	0,	21,	NULL,	NULL,	NULL,	NULL),
(254,	'VOIL-6860',	'Voucher_detail # VOIL-78178',	192,	'HIV INCOME',	1,	440000.00,	440000.00,	0,	21,	0,	3265,	403,	0,	31,	NULL,	NULL,	NULL,	NULL),
(255,	'VOIL-50188',	'Voucher_detail # VOIL-82437',	192,	'HVC INCOME',	1,	105016.00,	105016.00,	0,	27,	0,	3266,	403,	0,	31,	NULL,	NULL,	NULL,	NULL),
(256,	'VOIL-11334',	'Voucher_detail # VOIL-29846',	192,	'INCOME FOR INDIVIDUAL INTERVENTION',	1,	1280400.34,	1280400.34,	0,	42,	0,	3267,	403,	0,	58,	NULL,	NULL,	NULL,	NULL),
(257,	'VOIL-49996',	'Voucher_detail # VOIL-4864',	193,	'Sponsor Benificiary Fund',	1,	13461431.06,	13461431.06,	0,	3,	0,	3269,	403,	0,	7,	NULL,	NULL,	NULL,	NULL),
(258,	'VOIL-78645',	'Voucher_detail # VOIL-27849',	193,	'Christmas Gift',	1,	9656176.08,	9656176.08,	0,	18,	0,	3270,	403,	0,	17,	NULL,	NULL,	NULL,	NULL),
(259,	'VOIL-18969',	'Voucher_detail # VOIL-30760',	193,	'Individual Gift',	1,	1200000.00,	1200000.00,	0,	18,	0,	3271,	403,	0,	17,	NULL,	NULL,	NULL,	NULL),
(260,	'VOIL-6181',	'Voucher_detail # VOIL-65919',	193,	'HIV-AIDS',	1,	400000.00,	400000.00,	0,	21,	0,	3272,	403,	0,	27,	NULL,	NULL,	NULL,	NULL),
(261,	'VOIL-74185',	'Voucher_detail # VOIL-2947',	193,	'HVC',	1,	105016.00,	105016.00,	0,	26,	0,	3273,	403,	0,	27,	NULL,	NULL,	NULL,	NULL),
(262,	'VOIL-4451',	'Voucher_detail # VOIL-52682',	193,	'COVID 19 Response',	1,	1280400.34,	1280400.34,	0,	42,	0,	3274,	403,	0,	54,	NULL,	NULL,	NULL,	NULL),
(263,	'VOIL-48865',	'Voucher_detail # VOIL-42505',	194,	'SUPPORT FUDS  MONTH OF DECEMBER 2020',	1,	13461431.06,	13461431.06,	0,	3,	0,	3276,	403,	0,	16,	NULL,	NULL,	NULL,	NULL),
(264,	'VOIL-45551',	'Voucher_detail # VOIL-43144',	194,	'CHRISTMASS GIFT',	1,	9656176.08,	9656176.08,	0,	18,	0,	3277,	403,	0,	22,	NULL,	NULL,	NULL,	NULL),
(265,	'VOIL-23599',	'Voucher_detail # VOIL-74939',	194,	'GIFT-BENEFICIARY AND FAMILY',	1,	1200000.00,	1200000.00,	0,	18,	0,	3278,	403,	0,	22,	NULL,	NULL,	NULL,	NULL),
(266,	'VOIL-13552',	'Voucher_detail # VOIL-55393',	194,	'HIV-AIDS FUNDS',	1,	440000.00,	440000.00,	0,	21,	0,	3279,	403,	0,	32,	NULL,	NULL,	NULL,	NULL),
(267,	'VOIL-88144',	'Voucher_detail # VOIL-18583',	194,	'HVC FUNDS',	1,	105016.00,	105016.00,	0,	27,	0,	3280,	403,	0,	32,	NULL,	NULL,	NULL,	NULL),
(268,	'VOIL-36839',	'Voucher_detail # VOIL-21447',	194,	'COVID-19',	1,	1280400.34,	1280400.34,	0,	42,	0,	3281,	403,	0,	59,	NULL,	NULL,	NULL,	NULL),
(269,	'VOIL-50982',	'Voucher_detail # VOIL-38941',	195,	'support fund for the month of december',	1,	13461431.06,	13461431.06,	0,	3,	0,	3283,	403,	0,	13,	NULL,	NULL,	NULL,	NULL),
(270,	'VOIL-58243',	'Voucher_detail # VOIL-58647',	195,	'charismas and individual  ',	1,	9656176.08,	9656176.08,	0,	18,	0,	3284,	403,	0,	26,	NULL,	NULL,	NULL,	NULL),
(271,	'VOIL-2907',	'Voucher_detail # VOIL-73033',	195,	'individual and family ',	1,	1200000.00,	1200000.00,	0,	18,	0,	3285,	403,	0,	26,	NULL,	NULL,	NULL,	NULL),
(272,	'VOIL-73553',	'Voucher_detail # VOIL-89508',	195,	'HIV-AIDS ',	1,	440000.00,	440000.00,	0,	21,	0,	3286,	403,	0,	36,	NULL,	NULL,	NULL,	NULL),
(273,	'VOIL-56945',	'Voucher_detail # VOIL-31360',	195,	'HVC',	1,	105016.00,	105016.00,	0,	27,	0,	3287,	403,	0,	36,	NULL,	NULL,	NULL,	NULL),
(274,	'VOIL-68997',	'Voucher_detail # VOIL-34812',	195,	'COVID 19',	1,	1280400.34,	1280400.34,	0,	42,	0,	3288,	403,	0,	63,	NULL,	NULL,	NULL,	NULL),
(275,	'VOIL-42840',	'Voucher_detail # VOIL-78437',	196,	'suport funds dec 2020',	1,	13461431.06,	13461431.06,	0,	3,	0,	3290,	403,	0,	15,	NULL,	NULL,	NULL,	NULL),
(276,	'VOIL-31588',	'Voucher_detail # VOIL-47285',	196,	'christmas gift',	1,	9656176.08,	9656176.08,	0,	18,	0,	3291,	403,	0,	21,	NULL,	NULL,	NULL,	NULL),
(277,	'VOIL-27459',	'Voucher_detail # VOIL-67721',	196,	'beneficiaries gift ',	1,	1200000.00,	1200000.00,	0,	18,	0,	3292,	403,	0,	21,	NULL,	NULL,	NULL,	NULL),
(278,	'VOIL-12539',	'Voucher_detail # VOIL-52410',	196,	'HIV',	1,	440000.00,	440000.00,	0,	21,	0,	3293,	403,	0,	31,	NULL,	NULL,	NULL,	NULL),
(279,	'VOIL-10657',	'Voucher_detail # VOIL-15709',	196,	'HVC',	1,	105016.00,	105016.00,	0,	27,	0,	3294,	403,	0,	31,	NULL,	NULL,	NULL,	NULL),
(280,	'VOIL-77078',	'Voucher_detail # VOIL-40115',	197,	'SUPPORT FUND FOR THE MONTH OF DEC',	1,	13461431.06,	13461431.06,	0,	3,	0,	3296,	403,	0,	11,	NULL,	NULL,	NULL,	NULL),
(281,	'VOIL-67903',	'Voucher_detail # VOIL-42701',	197,	'CHRISTMAS GIFT',	1,	9656176.08,	9656176.08,	0,	18,	0,	3297,	403,	0,	24,	NULL,	NULL,	NULL,	NULL),
(282,	'VOIL-5115',	'Voucher_detail # VOIL-58211',	197,	'GIFT-BENEFICARY AND FAMILY',	1,	1200000.00,	1200000.00,	0,	18,	0,	3298,	403,	0,	24,	NULL,	NULL,	NULL,	NULL),
(283,	'VOIL-78843',	'Voucher_detail # VOIL-68232',	197,	'HIV ADS',	1,	440000.00,	440000.00,	0,	21,	0,	3299,	403,	0,	34,	NULL,	NULL,	NULL,	NULL),
(284,	'VOIL-43877',	'Voucher_detail # VOIL-69770',	197,	'HVC',	1,	105016.00,	105016.00,	0,	27,	0,	3300,	403,	0,	34,	NULL,	NULL,	NULL,	NULL),
(285,	'VOIL-72867',	'Voucher_detail # VOIL-53047',	197,	'COVID19',	1,	1280400.34,	1280400.34,	0,	42,	0,	3301,	403,	0,	61,	NULL,	NULL,	NULL,	NULL),
(286,	'VOIL-23030',	'Voucher_detail # VOIL-21050',	198,	'Support fund for December 2020 ',	1,	1346143.00,	1346143.00,	0,	3,	0,	3303,	403,	0,	9,	NULL,	NULL,	NULL,	NULL),
(287,	'VOIL-63911',	'Voucher_detail # VOIL-50465',	198,	'Christmass Gifts',	1,	9656176.00,	9656176.00,	0,	18,	0,	3304,	403,	0,	20,	NULL,	NULL,	NULL,	NULL),
(288,	'VOIL-86928',	'Voucher_detail # VOIL-68984',	198,	'Beneficiary & Family',	1,	1200000.00,	1200000.00,	0,	18,	0,	3305,	403,	0,	20,	NULL,	NULL,	NULL,	NULL),
(289,	'VOIL-54975',	'Voucher_detail # VOIL-59973',	198,	'HIV-AIDS',	1,	440000.00,	440000.00,	0,	21,	0,	3306,	403,	0,	30,	NULL,	NULL,	NULL,	NULL),
(290,	'VOIL-28818',	'Voucher_detail # VOIL-87023',	198,	'HVC',	1,	105016.00,	105016.00,	0,	27,	0,	3307,	403,	0,	30,	NULL,	NULL,	NULL,	NULL),
(291,	'VOIL-26612',	'Voucher_detail # VOIL-46870',	198,	'COVID 19 RESPONSE',	1,	1280400.34,	1280400.34,	0,	42,	0,	3308,	403,	0,	57,	NULL,	NULL,	NULL,	NULL),
(292,	'VOIL-60172',	'Voucher_detail # VOIL-28111',	199,	'Support Fund for Month of Dec.2020',	1,	13461431.06,	13461431.06,	0,	3,	0,	3310,	403,	0,	8,	NULL,	NULL,	NULL,	NULL),
(293,	'VOIL-72912',	'Voucher_detail # VOIL-39412',	199,	'Christmass gift',	1,	9656176.08,	9656176.08,	0,	18,	0,	3311,	403,	0,	19,	NULL,	NULL,	NULL,	NULL),
(294,	'VOIL-10312',	'Voucher_detail # VOIL-58760',	199,	'Beneficiary & Family gift',	1,	1200000.00,	1200000.00,	0,	18,	0,	3312,	403,	0,	19,	NULL,	NULL,	NULL,	NULL),
(295,	'VOIL-45008',	'Voucher_detail # VOIL-9353',	199,	'HIV AIDS',	1,	440000.00,	440000.00,	0,	21,	0,	3313,	403,	0,	29,	NULL,	NULL,	NULL,	NULL),
(296,	'VOIL-52839',	'Voucher_detail # VOIL-65794',	199,	'HVC',	1,	105000.00,	105000.00,	0,	27,	0,	3314,	403,	0,	29,	NULL,	NULL,	NULL,	NULL),
(297,	'VOIL-42461',	'Voucher_detail # VOIL-41735',	199,	'COVID 19 response',	1,	1280400.34,	1280400.34,	0,	19,	0,	3315,	403,	0,	29,	NULL,	NULL,	NULL,	NULL),
(298,	'VOIL-60400',	'Voucher_detail # VOIL-42448',	200,	'SUPPORT FUNDS',	1,	13461431.10,	13461431.10,	0,	3,	0,	3317,	403,	0,	13,	NULL,	NULL,	NULL,	NULL),
(299,	'VOIL-46507',	'Voucher_detail # VOIL-49223',	200,	'CHRISTMAS GIFTS',	1,	10856176.10,	10856176.10,	0,	18,	0,	3318,	403,	0,	26,	NULL,	NULL,	NULL,	NULL),
(300,	'VOIL-25629',	'Voucher_detail # VOIL-21298',	200,	'HIV-AIDS',	1,	440000.00,	440000.00,	0,	21,	0,	3319,	403,	0,	36,	NULL,	NULL,	NULL,	NULL),
(301,	'VOIL-56542',	'Voucher_detail # VOIL-64764',	200,	'HVC',	1,	105016.00,	105016.00,	0,	27,	0,	3320,	403,	0,	36,	NULL,	NULL,	NULL,	NULL),
(302,	'VOIL-17371',	'Voucher_detail # VOIL-63979',	200,	'COVID-19',	1,	1280400.34,	1280400.34,	0,	42,	0,	3321,	403,	0,	63,	NULL,	NULL,	NULL,	NULL),
(303,	'VOIL-35240',	'Voucher_detail # VOIL-19101',	201,	'Support fund for the month of December',	1,	13461431.06,	13461431.06,	0,	3,	0,	3323,	403,	0,	7,	NULL,	NULL,	NULL,	NULL),
(304,	'VOIL-76897',	'Voucher_detail # VOIL-84790',	201,	'Income for Gift',	1,	9656176.08,	9656176.08,	0,	18,	0,	3324,	403,	0,	17,	NULL,	NULL,	NULL,	NULL),
(305,	'VOIL-78929',	'Voucher_detail # VOIL-8218',	201,	'Income for gift',	1,	1200000.00,	1200000.00,	0,	18,	0,	3325,	403,	0,	17,	NULL,	NULL,	NULL,	NULL),
(306,	'VOIL-18237',	'Voucher_detail # VOIL-39836',	201,	'HIV-AIDS',	1,	440000.00,	440000.00,	0,	21,	0,	3326,	403,	0,	27,	NULL,	NULL,	NULL,	NULL),
(307,	'VOIL-83055',	'Voucher_detail # VOIL-37986',	201,	'HVC',	1,	105016.00,	105016.00,	0,	27,	0,	3327,	403,	0,	27,	NULL,	NULL,	NULL,	NULL),
(308,	'VOIL-73233',	'Voucher_detail # VOIL-39660',	201,	'COVID 19',	1,	1280400.34,	1280400.34,	0,	42,	0,	3328,	403,	0,	54,	NULL,	NULL,	NULL,	NULL),
(309,	'VOIL-72567',	'Voucher_detail # VOIL-12717',	202,	'Support Fund',	1,	1346143.00,	1346143.00,	0,	3,	0,	3331,	403,	0,	8,	NULL,	NULL,	NULL,	NULL),
(310,	'VOIL-87354',	'Voucher_detail # VOIL-51509',	202,	'Christmas Gift',	1,	9656176.08,	9656176.08,	0,	18,	0,	3332,	403,	0,	19,	NULL,	NULL,	NULL,	NULL),
(311,	'VOIL-73748',	'Voucher_detail # VOIL-35967',	202,	'Special Gift',	1,	1200000.00,	1200000.00,	0,	18,	0,	3333,	403,	0,	19,	NULL,	NULL,	NULL,	NULL),
(312,	'VOIL-87795',	'Voucher_detail # VOIL-19164',	202,	'HIV',	1,	440000.00,	440000.00,	0,	21,	0,	3334,	403,	0,	29,	NULL,	NULL,	NULL,	NULL),
(313,	'VOIL-33252',	'Voucher_detail # VOIL-72777',	202,	'HVC',	1,	105016.00,	105016.00,	0,	26,	0,	3335,	403,	0,	29,	NULL,	NULL,	NULL,	NULL),
(314,	'VOIL-36840',	'Voucher_detail # VOIL-20470',	202,	'covid 19',	1,	1280400.34,	1280400.34,	0,	19,	0,	3336,	403,	0,	29,	NULL,	NULL,	NULL,	NULL),
(315,	'VOIL-30862',	'Voucher_detail # VOIL-83703',	203,	'support fund for December',	1,	13461431.06,	13461431.06,	0,	3,	0,	3339,	403,	0,	10,	NULL,	NULL,	NULL,	NULL),
(316,	'VOIL-49780',	'Voucher_detail # VOIL-39773',	203,	'Christmas Gift',	1,	9656176.08,	9656176.08,	0,	18,	0,	3340,	403,	0,	23,	NULL,	NULL,	NULL,	NULL),
(317,	'VOIL-44568',	'Voucher_detail # VOIL-56837',	203,	'HIV-AIDS',	1,	440000.00,	440000.00,	0,	21,	0,	3341,	403,	0,	33,	NULL,	NULL,	NULL,	NULL),
(318,	'VOIL-66439',	'Voucher_detail # VOIL-27524',	203,	'HVC',	1,	105016.00,	105016.00,	0,	27,	0,	3342,	403,	0,	33,	NULL,	NULL,	NULL,	NULL),
(319,	'VOIL-34431',	'Voucher_detail # VOIL-15457',	203,	'Individual and family gift',	1,	1200000.00,	1200000.00,	0,	18,	0,	3343,	403,	0,	23,	NULL,	NULL,	NULL,	NULL),
(320,	'VOIL-27169',	'Voucher_detail # VOIL-6857',	203,	'COVID19 Response',	1,	1280400.34,	1280400.34,	0,	42,	0,	3344,	403,	0,	60,	NULL,	NULL,	NULL,	NULL),
(321,	'VOIL-46079',	'Voucher_detail # VOIL-41662',	204,	'Support fund by beneficiaries.',	1,	11294059.44,	11294059.44,	0,	3,	0,	3407,	403,	0,	12,	NULL,	NULL,	NULL,	NULL),
(322,	'VOIL-86201',	'Voucher_detail # VOIL-47156',	204,	'Gifts',	1,	624938.28,	624938.28,	0,	18,	0,	3408,	403,	0,	25,	NULL,	NULL,	NULL,	NULL),
(323,	'VOIL-16786',	'Voucher_detail # VOIL-29213',	205,	'SUPPORT',	1,	11294059.44,	11294059.44,	0,	3,	0,	3412,	403,	0,	9,	NULL,	NULL,	NULL,	NULL),
(324,	'VOIL-73320',	'Voucher_detail # VOIL-26176',	206,	'SUPPORT',	1,	11294059.44,	11294059.44,	0,	3,	0,	3416,	403,	0,	7,	NULL,	NULL,	NULL,	NULL),
(325,	'VOIL-3136',	'Voucher_detail # VOIL-30279',	206,	'GIFT',	1,	624938.28,	624938.28,	0,	18,	0,	3417,	403,	0,	17,	NULL,	NULL,	NULL,	NULL),
(326,	'VOIL-34418',	'Voucher_detail # VOIL-7144',	207,	'child support',	1,	11294059.44,	11294059.44,	0,	3,	0,	3421,	403,	0,	10,	NULL,	NULL,	NULL,	NULL),
(327,	'VOIL-23049',	'Voucher_detail # VOIL-70972',	208,	'SUPPORT',	1,	11294059.44,	11294059.44,	0,	3,	0,	3425,	403,	0,	15,	NULL,	NULL,	NULL,	NULL),
(328,	'VOIL-8998',	'Voucher_detail # VOIL-26740',	208,	'GIFT',	1,	624938.28,	624938.28,	0,	18,	0,	3426,	403,	0,	21,	NULL,	NULL,	NULL,	NULL),
(329,	'VOIL-43108',	'Voucher_detail # VOIL-5053',	209,	'SUPPORT FUND FOR THE MONTH OF DEC',	1,	708090.00,	708090.00,	0,	3,	0,	3428,	403,	0,	11,	NULL,	NULL,	NULL,	NULL),
(330,	'VOIL-28638',	'Voucher_detail # VOIL-60858',	210,	'SCHOOL FEES',	1,	640000.00,	640000.00,	28,	0,	0,	3430,	403,	0,	9,	NULL,	NULL,	NULL,	NULL),
(331,	'VOIL-19325',	'Voucher_detail # VOIL-62351',	211,	'center supplies and equipments',	1,	640000.00,	640000.00,	30,	0,	0,	3434,	403,	0,	8,	NULL,	NULL,	NULL,	NULL),
(332,	'VOIL-69540',	'Voucher_detail # VOIL-55154',	212,	'Centre Supplies ',	1,	640000.00,	640000.00,	30,	0,	0,	3436,	403,	0,	12,	NULL,	NULL,	NULL,	NULL),
(333,	'VOIL-49334',	'Voucher_detail # VOIL-61750',	213,	'TEACHING AIDS',	1,	375000.00,	375000.00,	31,	0,	0,	3438,	403,	0,	9,	NULL,	NULL,	NULL,	NULL),
(334,	'VOIL-53162',	'Voucher_detail # VOIL-58958',	214,	'CHILD SUPPORT',	1,	11294059.44,	11294059.44,	0,	3,	0,	3442,	403,	0,	13,	NULL,	NULL,	NULL,	NULL),
(335,	'VOIL-21079',	'Voucher_detail # VOIL-12709',	215,	'Teaching Aids',	1,	375000.00,	375000.00,	31,	0,	0,	3444,	403,	0,	12,	NULL,	NULL,	NULL,	NULL),
(336,	'VOIL-39932',	'Voucher_detail # VOIL-14895',	216,	'teaching aids & materials',	1,	375000.00,	375000.00,	31,	0,	0,	3446,	403,	0,	8,	NULL,	NULL,	NULL,	NULL),
(337,	'VOIL-82641',	'Voucher_detail # VOIL-89122',	217,	'MEDICINE',	1,	100000.00,	100000.00,	32,	0,	0,	3448,	403,	0,	9,	NULL,	NULL,	NULL,	NULL),
(338,	'VOIL-9592',	'Voucher_detail # VOIL-9993',	218,	'GIFTS',	1,	624938.28,	624938.28,	0,	18,	0,	3450,	403,	0,	26,	NULL,	NULL,	NULL,	NULL),
(339,	'VOIL-40382',	'Voucher_detail # VOIL-10526',	219,	'Physical dev. & Health equip.',	1,	100000.00,	100000.00,	32,	0,	0,	3452,	403,	0,	8,	NULL,	NULL,	NULL,	NULL),
(340,	'VOIL-35454',	'Voucher_detail # VOIL-33634',	220,	'Health Provision',	1,	100000.00,	100000.00,	32,	0,	0,	3454,	403,	0,	12,	NULL,	NULL,	NULL,	NULL),
(341,	'VOIL-17496',	'Voucher_detail # VOIL-60045',	221,	'HYGINE',	1,	78000.00,	78000.00,	33,	0,	0,	3456,	403,	0,	9,	NULL,	NULL,	NULL,	NULL),
(342,	'VOIL-56643',	'Voucher_detail # VOIL-28468',	222,	'Personal hygiene',	1,	78000.00,	78000.00,	33,	0,	0,	3458,	403,	0,	8,	NULL,	NULL,	NULL,	NULL),
(343,	'VOIL-79387',	'Voucher_detail # VOIL-40809',	223,	'uniform and clothers for beneficiries ',	1,	640000.00,	640000.00,	30,	0,	0,	3460,	403,	0,	13,	NULL,	NULL,	NULL,	NULL),
(344,	'VOIL-57992',	'Voucher_detail # VOIL-41684',	224,	'FOOD',	1,	1446000.00,	1446000.00,	34,	0,	0,	3462,	403,	0,	9,	NULL,	NULL,	NULL,	NULL),
(345,	'VOIL-73143',	'Voucher_detail # VOIL-32004',	225,	'Personal Hygiene Equipment',	1,	78000.00,	78000.00,	33,	0,	0,	3464,	403,	0,	12,	NULL,	NULL,	NULL,	NULL),
(346,	'VOIL-52655',	'Voucher_detail # VOIL-86968',	226,	'Education supplier',	1,	1018750.00,	1018750.00,	28,	0,	0,	3466,	403,	0,	10,	NULL,	NULL,	NULL,	NULL),
(347,	'VOIL-52920',	'Voucher_detail # VOIL-65124',	227,	'Food nutrition & utensils',	1,	1446000.00,	1446000.00,	34,	0,	0,	3468,	403,	0,	8,	NULL,	NULL,	NULL,	NULL),
(348,	'VOIL-62919',	'Voucher_detail # VOIL-71937',	228,	'D. ASSSISTANCE',	1,	250000.00,	250000.00,	35,	0,	0,	3470,	403,	0,	9,	NULL,	NULL,	NULL,	NULL),
(349,	'VOIL-45073',	'Voucher_detail # VOIL-37257',	229,	'PERSONAL HYGIENE',	1,	78000.00,	78000.00,	33,	0,	0,	3472,	403,	0,	13,	NULL,	NULL,	NULL,	NULL),
(350,	'VOIL-41655',	'Voucher_detail # VOIL-32740',	230,	'DOMESTIC APPLIANCE',	1,	7800.00,	7800.00,	35,	0,	0,	3474,	403,	0,	11,	NULL,	NULL,	NULL,	NULL),
(351,	'VOIL-15229',	'Voucher_detail # VOIL-57208',	230,	'STAFF SALARY',	1,	65000.00,	65000.00,	40,	0,	0,	3475,	403,	0,	11,	NULL,	NULL,	NULL,	NULL),
(352,	'VOIL-68741',	'Voucher_detail # VOIL-71533',	230,	'SOGIAL EMOTIONAL ',	1,	221000.00,	221000.00,	37,	0,	0,	3476,	403,	0,	11,	NULL,	NULL,	NULL,	NULL),
(353,	'VOIL-46579',	'Voucher_detail # VOIL-32336',	230,	'TELEPHONE',	1,	110000.00,	110000.00,	42,	0,	0,	3477,	403,	0,	11,	NULL,	NULL,	NULL,	NULL),
(354,	'VOIL-79636',	'Voucher_detail # VOIL-30048',	230,	'TRANSPOTATION',	1,	130000.00,	130000.00,	44,	0,	0,	3478,	403,	0,	11,	NULL,	NULL,	NULL,	NULL),
(355,	'VOIL-68870',	'Voucher_detail # VOIL-60992',	231,	'CENTRE SUPPLIES',	1,	640000.00,	640000.00,	30,	0,	0,	3480,	403,	0,	7,	NULL,	NULL,	NULL,	NULL),
(356,	'VOIL-49899',	'Voucher_detail # VOIL-52621',	231,	'TEACHING AIDS',	1,	375000.00,	375000.00,	31,	0,	0,	3481,	403,	0,	7,	NULL,	NULL,	NULL,	NULL),
(357,	'VOIL-70910',	'Voucher_detail # VOIL-61317',	231,	'HEALTH',	1,	100000.00,	100000.00,	32,	0,	0,	3482,	403,	0,	7,	NULL,	NULL,	NULL,	NULL),
(358,	'VOIL-75914',	'Voucher_detail # VOIL-89351',	231,	'PERSON HYGIEN',	1,	78000.00,	78000.00,	33,	0,	0,	3483,	403,	0,	7,	NULL,	NULL,	NULL,	NULL),
(359,	'VOIL-59089',	'Voucher_detail # VOIL-63516',	231,	'FOOD NUTRITION',	1,	1446000.00,	1446000.00,	34,	0,	0,	3484,	403,	0,	7,	NULL,	NULL,	NULL,	NULL),
(360,	'VOIL-36139',	'Voucher_detail # VOIL-37730',	231,	'DOMESTIC ASSISSTANCE',	1,	250000.00,	250000.00,	35,	0,	0,	3485,	403,	0,	7,	NULL,	NULL,	NULL,	NULL),
(361,	'VOIL-76317',	'Voucher_detail # VOIL-39963',	231,	'SOCIAL EMOTION',	1,	221000.00,	221000.00,	37,	0,	0,	3486,	403,	0,	7,	NULL,	NULL,	NULL,	NULL),
(362,	'VOIL-42468',	'Voucher_detail # VOIL-85603',	231,	'SPRITUAL DEVELOPMENT',	1,	290000.00,	290000.00,	38,	0,	0,	3487,	403,	0,	7,	NULL,	NULL,	NULL,	NULL),
(363,	'VOIL-81437',	'Voucher_detail # VOIL-8690',	231,	'STAFF SALARIES',	1,	2467939.90,	2467939.90,	36,	0,	0,	3488,	403,	0,	7,	NULL,	NULL,	NULL,	NULL),
(364,	'VOIL-31819',	'Voucher_detail # VOIL-67478',	231,	'ADMINISTRATION',	1,	224422.10,	224422.10,	41,	0,	0,	3489,	403,	0,	7,	NULL,	NULL,	NULL,	NULL),
(365,	'VOIL-43517',	'Voucher_detail # VOIL-74197',	231,	'TELEPHONE',	1,	110000.00,	110000.00,	42,	0,	0,	3490,	403,	0,	7,	NULL,	NULL,	NULL,	NULL),
(366,	'VOIL-33960',	'Voucher_detail # VOIL-43026',	231,	'MEALS',	1,	38000.00,	38000.00,	43,	0,	0,	3491,	403,	0,	7,	NULL,	NULL,	NULL,	NULL),
(367,	'VOIL-77115',	'Voucher_detail # VOIL-27202',	231,	'TRANSPORTATION',	1,	150000.00,	150000.00,	44,	0,	0,	3492,	403,	0,	7,	NULL,	NULL,	NULL,	NULL),
(368,	'VOIL-2073',	'Voucher_detail # VOIL-20853',	231,	'HIV',	1,	1350000.00,	1350000.00,	59,	0,	0,	3493,	403,	0,	27,	NULL,	NULL,	NULL,	NULL),
(369,	'VOIL-71017',	'Voucher_detail # VOIL-86618',	232,	'TRAINING',	1,	221000.00,	221000.00,	37,	0,	0,	3495,	403,	0,	9,	NULL,	NULL,	NULL,	NULL),
(370,	'VOIL-60833',	'Voucher_detail # VOIL-11858',	233,	'Domestic assistance',	1,	250000.00,	250000.00,	35,	0,	0,	3497,	403,	0,	8,	NULL,	NULL,	NULL,	NULL),
(371,	'VOIL-17552',	'Voucher_detail # VOIL-5064',	234,	'PERSONAL DEV',	1,	100000.00,	100000.00,	32,	0,	0,	3499,	403,	0,	13,	NULL,	NULL,	NULL,	NULL),
(372,	'VOIL-9338',	'Voucher_detail # VOIL-10080',	235,	'Payment of Program me Days food',	1,	1446000.00,	1446000.00,	34,	0,	0,	3501,	403,	0,	12,	NULL,	NULL,	NULL,	NULL),
(373,	'VOIL-29531',	'Voucher_detail # VOIL-27279',	236,	'school uniform and clothes',	1,	2820000.00,	2820000.00,	29,	0,	0,	3503,	403,	0,	10,	NULL,	NULL,	NULL,	NULL),
(374,	'VOIL-46646',	'Voucher_detail # VOIL-88967',	237,	'SPIRITUAL DEVELOPMENT',	1,	290000.00,	290000.00,	38,	0,	0,	3505,	403,	0,	9,	NULL,	NULL,	NULL,	NULL),
(375,	'VOIL-51571',	'Voucher_detail # VOIL-62854',	238,	'TEACHING AIDS',	1,	375000.00,	375000.00,	31,	0,	0,	3507,	403,	0,	13,	NULL,	NULL,	NULL,	NULL),
(376,	'VOIL-16964',	'Voucher_detail # VOIL-57167',	239,	'Social emotional dev.',	1,	221000.00,	221000.00,	37,	0,	0,	3509,	403,	0,	8,	NULL,	NULL,	NULL,	NULL),
(377,	'VOIL-39250',	'Voucher_detail # VOIL-73588',	240,	'SALARY',	1,	2467768.00,	2467768.00,	39,	0,	0,	3511,	403,	0,	9,	NULL,	NULL,	NULL,	NULL),
(378,	'VOIL-19625',	'Voucher_detail # VOIL-1196',	241,	'Payment of  food',	1,	250000.00,	250000.00,	35,	0,	0,	3513,	403,	0,	12,	NULL,	NULL,	NULL,	NULL),
(379,	'VOIL-10689',	'Voucher_detail # VOIL-33537',	242,	'COOKING UTENSILS',	1,	1446000.00,	1446000.00,	34,	0,	0,	3516,	403,	0,	13,	NULL,	NULL,	NULL,	NULL),
(380,	'VOIL-57484',	'Voucher_detail # VOIL-26974',	243,	'Spiritual dev.',	1,	290000.00,	290000.00,	38,	0,	0,	3518,	403,	0,	8,	NULL,	NULL,	NULL,	NULL),
(381,	'VOIL-58798',	'Voucher_detail # VOIL-28520',	244,	'ADMN',	1,	224422.10,	224422.10,	41,	0,	0,	3522,	403,	0,	9,	NULL,	NULL,	NULL,	NULL),
(382,	'VOIL-77324',	'Voucher_detail # VOIL-66081',	245,	'DOMESTIC ASSISTANCE',	1,	250000.00,	250000.00,	35,	0,	0,	3524,	403,	0,	13,	NULL,	NULL,	NULL,	NULL),
(383,	'VOIL-30054',	'Voucher_detail # VOIL-77441',	246,	'raining of Playing materials to young Childre',	1,	221000.00,	221000.00,	37,	0,	0,	3526,	403,	0,	12,	NULL,	NULL,	NULL,	NULL),
(384,	'VOIL-2864',	'Voucher_detail # VOIL-61808',	247,	'Salaries ',	1,	2467000.00,	2467000.00,	39,	0,	0,	3528,	403,	0,	8,	NULL,	NULL,	NULL,	NULL),
(385,	'VOIL-9860',	'Voucher_detail # VOIL-49602',	248,	'TEL',	1,	110000.00,	110000.00,	42,	0,	0,	3530,	403,	0,	9,	NULL,	NULL,	NULL,	NULL),
(386,	'VOIL-60538',	'Voucher_detail # VOIL-20302',	249,	'MEALS',	1,	38000.00,	38000.00,	43,	0,	0,	3532,	403,	0,	9,	NULL,	NULL,	NULL,	NULL),
(387,	'VOIL-81588',	'Voucher_detail # VOIL-79291',	250,	'SOCIAL EMOTION',	1,	203000.00,	203000.00,	37,	0,	0,	3534,	403,	0,	13,	NULL,	NULL,	NULL,	NULL),
(388,	'VOIL-80735',	'Voucher_detail # VOIL-57584',	251,	'Payment for CYTs Motivations',	1,	290000.00,	290000.00,	38,	0,	0,	3536,	403,	0,	12,	NULL,	NULL,	NULL,	NULL),
(389,	'VOIL-61459',	'Voucher_detail # VOIL-13887',	252,	'Adminstration',	1,	224422.10,	224422.10,	41,	0,	0,	3538,	403,	0,	8,	NULL,	NULL,	NULL,	NULL),
(390,	'VOIL-64235',	'Voucher_detail # VOIL-57801',	253,	'TRANSPORT',	1,	150000.00,	150000.00,	44,	0,	0,	3540,	403,	0,	9,	NULL,	NULL,	NULL,	NULL),
(391,	'VOIL-62466',	'Voucher_detail # VOIL-59193',	254,	'Salaries',	1,	2467939.90,	2467939.90,	39,	0,	0,	3542,	403,	0,	12,	NULL,	NULL,	NULL,	NULL),
(392,	'VOIL-24292',	'Voucher_detail # VOIL-89051',	255,	'SPIRITUAL DEV',	1,	290000.00,	290000.00,	38,	0,	0,	3544,	403,	0,	13,	NULL,	NULL,	NULL,	NULL),
(393,	'VOIL-30282',	'Voucher_detail # VOIL-20771',	256,	'telephone',	1,	11000.90,	11000.90,	42,	0,	0,	3546,	403,	0,	8,	NULL,	NULL,	NULL,	NULL),
(394,	'VOIL-21378',	'Voucher_detail # VOIL-42571',	257,	'FOOD AC 400',	1,	1350000.00,	1350000.00,	59,	0,	0,	3548,	403,	0,	30,	NULL,	NULL,	NULL,	NULL),
(395,	'VOIL-77656',	'Voucher_detail # VOIL-50729',	258,	'STAFF SALARIES',	1,	2467939.90,	2467939.90,	39,	0,	0,	3550,	403,	0,	13,	NULL,	NULL,	NULL,	NULL),
(396,	'VOIL-37783',	'Voucher_detail # VOIL-10006',	259,	'Training on Leadership Payments',	1,	224422.10,	224422.10,	40,	0,	0,	3552,	403,	0,	12,	NULL,	NULL,	NULL,	NULL),
(397,	'VOIL-88359',	'Voucher_detail # VOIL-68075',	260,	'Education supplier',	0,	0.00,	0.00,	28,	0,	0,	3554,	403,	0,	10,	NULL,	NULL,	NULL,	NULL),
(398,	'VOIL-63853',	'Voucher_detail # VOIL-77460',	261,	'meals & refre',	1,	38000.00,	38000.00,	43,	0,	0,	3556,	403,	0,	8,	NULL,	NULL,	NULL,	NULL),
(399,	'VOIL-33879',	'Voucher_detail # VOIL-11286',	262,	'Telephone Expenses',	1,	110000.00,	110000.00,	42,	0,	0,	3558,	403,	0,	12,	NULL,	NULL,	NULL,	NULL),
(400,	'VOIL-7964',	'Voucher_detail # VOIL-42222',	263,	'ADMINISTARTION',	1,	224422.10,	224422.10,	41,	0,	0,	3560,	403,	0,	13,	NULL,	NULL,	NULL,	NULL),
(401,	'VOIL-60135',	'Voucher_detail # VOIL-24856',	264,	'transportation',	1,	150000.00,	150000.00,	44,	0,	0,	3562,	403,	0,	8,	NULL,	NULL,	NULL,	NULL),
(402,	'VOIL-65388',	'Voucher_detail # VOIL-56250',	265,	'Uniform and clothes',	0,	0.00,	0.00,	29,	0,	0,	3564,	403,	0,	10,	NULL,	NULL,	NULL,	NULL),
(403,	'VOIL-87901',	'Voucher_detail # VOIL-47704',	266,	'centre supplies',	1,	640000.00,	640000.00,	30,	0,	0,	3566,	403,	0,	15,	NULL,	NULL,	NULL,	NULL),
(404,	'VOIL-87654',	'Voucher_detail # VOIL-67410',	266,	'teaching aids',	1,	375000.00,	375000.00,	31,	0,	0,	3567,	403,	0,	15,	NULL,	NULL,	NULL,	NULL),
(405,	'VOIL-14619',	'Voucher_detail # VOIL-34196',	266,	'health prov',	1,	100000.00,	100000.00,	32,	0,	0,	3568,	403,	0,	15,	NULL,	NULL,	NULL,	NULL),
(406,	'VOIL-21625',	'Voucher_detail # VOIL-18985',	266,	'personal hygine',	1,	78000.00,	78000.00,	33,	0,	0,	3569,	403,	0,	15,	NULL,	NULL,	NULL,	NULL),
(407,	'VOIL-6835',	'Voucher_detail # VOIL-40837',	266,	'food and cooking utensils',	1,	446000.00,	446000.00,	34,	0,	0,	3570,	403,	0,	15,	NULL,	NULL,	NULL,	NULL),
(408,	'VOIL-5306',	'Voucher_detail # VOIL-17253',	266,	'domestic assistance',	1,	250000.00,	250000.00,	35,	0,	0,	3571,	403,	0,	15,	NULL,	NULL,	NULL,	NULL),
(409,	'VOIL-49504',	'Voucher_detail # VOIL-40162',	266,	'social emotional',	1,	221000.00,	221000.00,	37,	0,	0,	3572,	403,	0,	15,	NULL,	NULL,	NULL,	NULL),
(410,	'VOIL-75420',	'Voucher_detail # VOIL-4181',	266,	'spiritual dev',	1,	290000.00,	290000.00,	38,	0,	0,	3573,	403,	0,	15,	NULL,	NULL,	NULL,	NULL),
(411,	'VOIL-6772',	'Voucher_detail # VOIL-61818',	266,	'salaries and wages',	1,	2467939.90,	2467939.90,	39,	0,	0,	3574,	403,	0,	15,	NULL,	NULL,	NULL,	NULL),
(412,	'VOIL-10894',	'Voucher_detail # VOIL-12054',	266,	'admnistration',	1,	224422.10,	224422.10,	41,	0,	0,	3575,	403,	0,	15,	NULL,	NULL,	NULL,	NULL),
(413,	'VOIL-55394',	'Voucher_detail # VOIL-58614',	266,	'telephone exp',	1,	110000.00,	110000.00,	42,	0,	0,	3576,	403,	0,	15,	NULL,	NULL,	NULL,	NULL),
(414,	'VOIL-42862',	'Voucher_detail # VOIL-75522',	266,	'meals and refreshments',	1,	38000.00,	38000.00,	43,	0,	0,	3577,	403,	0,	15,	NULL,	NULL,	NULL,	NULL),
(415,	'VOIL-89891',	'Voucher_detail # VOIL-56051',	266,	'transportation',	1,	150000.00,	150000.00,	44,	0,	0,	3578,	403,	0,	15,	NULL,	NULL,	NULL,	NULL),
(416,	'VOIL-22051',	'Voucher_detail # VOIL-7250',	266,	'HIV/ aids',	1,	1350000.00,	1350000.00,	59,	0,	0,	3579,	403,	0,	31,	NULL,	NULL,	NULL,	NULL),
(417,	'VOIL-73307',	'Voucher_detail # VOIL-15494',	267,	'TEL EXEP',	1,	110000.00,	110000.00,	42,	0,	0,	3581,	403,	0,	13,	NULL,	NULL,	NULL,	NULL),
(418,	'VOIL-13430',	'Voucher_detail # VOIL-80168',	268,	'Meals and Refreshments',	1,	38000.00,	38000.00,	43,	0,	0,	3583,	403,	0,	12,	NULL,	NULL,	NULL,	NULL),
(419,	'VOIL-46136',	'Voucher_detail # VOIL-75856',	269,	'HIV/AIDS',	1,	1350000.00,	1350000.00,	59,	0,	0,	3585,	403,	0,	29,	NULL,	NULL,	NULL,	NULL),
(420,	'VOIL-45717',	'Voucher_detail # VOIL-7429',	270,	'MEALS & REFR',	1,	38000.00,	38000.00,	43,	0,	0,	3587,	403,	0,	13,	NULL,	NULL,	NULL,	NULL),
(421,	'VOIL-53637',	'Voucher_detail # VOIL-32273',	271,	'Transportation Costs',	1,	150000.00,	150000.00,	44,	0,	0,	3589,	403,	0,	12,	NULL,	NULL,	NULL,	NULL),
(422,	'VOIL-30595',	'Voucher_detail # VOIL-32084',	272,	'CENTRE TABLES',	2,	320000.00,	640000.00,	30,	0,	0,	3592,	403,	0,	10,	NULL,	NULL,	NULL,	NULL),
(423,	'VOIL-47702',	'Voucher_detail # VOIL-79343',	273,	'TRANSPORT',	1,	22000.00,	22000.00,	44,	0,	0,	3594,	403,	0,	13,	NULL,	NULL,	NULL,	NULL),
(424,	'VOIL-35642',	'Voucher_detail # VOIL-26180',	274,	'HIV Food',	1,	1350000.00,	1350000.00,	59,	0,	0,	3597,	403,	0,	35,	NULL,	NULL,	NULL,	NULL),
(425,	'VOIL-75482',	'Voucher_detail # VOIL-1208',	275,	'HIV',	1,	1350000.00,	1350000.00,	59,	0,	0,	3601,	403,	0,	36,	NULL,	NULL,	NULL,	NULL),
(426,	'VOIL-26066',	'Voucher_detail # VOIL-57726',	276,	'CHALK PURCHASE',	1,	375000.00,	375000.00,	31,	0,	0,	3603,	403,	0,	10,	NULL,	NULL,	NULL,	NULL),
(427,	'VOIL-87115',	'Voucher_detail # VOIL-20127',	277,	'FIRST AID PURCHASES',	1,	100000.00,	100000.00,	32,	0,	0,	3605,	403,	0,	10,	NULL,	NULL,	NULL,	NULL),
(428,	'VOIL-70975',	'Voucher_detail # VOIL-59840',	278,	'FOOD',	1,	1000000.00,	1000000.00,	34,	0,	0,	3607,	403,	0,	15,	NULL,	NULL,	NULL,	NULL),
(429,	'VOIL-77959',	'Voucher_detail # VOIL-9450',	279,	'SOAPS,BODY OIL',	1,	78000.00,	78000.00,	33,	0,	0,	3612,	403,	0,	10,	NULL,	NULL,	NULL,	NULL),
(430,	'VOIL-7917',	'Voucher_detail # VOIL-30796',	280,	'Petty Cash Replenishment',	1,	500000.00,	500000.00,	0,	0,	29,	3619,	403,	0,	48,	NULL,	NULL,	NULL,	NULL),
(431,	'VOIL-25860',	'Voucher_detail # VOIL-89132',	281,	'Various',	1,	110000.00,	110000.00,	30,	0,	0,	3621,	403,	0,	48,	NULL,	NULL,	NULL,	NULL),
(432,	'VOIL-34520',	'Voucher_detail # VOIL-52555',	282,	'food stuff',	3,	200000.00,	600000.00,	34,	0,	0,	3640,	403,	0,	13,	NULL,	NULL,	NULL,	NULL),
(433,	'VOIL-7613',	'Voucher_detail # VOIL-3925',	283,	'School fee',	3,	5000.00,	15000.00,	1,	0,	0,	3670,	401,	0,	3,	NULL,	NULL,	NULL,	NULL),
(434,	'VOIL-8753',	'Voucher_detail # VOIL-80959',	284,	'Various Items',	1,	45000.00,	45000.00,	1,	0,	0,	3681,	401,	0,	3,	NULL,	NULL,	NULL,	NULL),
(435,	'VOIL-24993',	'Voucher_detail # VOIL-1036',	285,	'rice',	4,	2400.00,	9600.00,	7,	0,	0,	3683,	401,	0,	3,	NULL,	NULL,	NULL,	NULL),
(436,	'VOIL-5557',	'Voucher_detail # VOIL-55093',	286,	'pc',	1,	20000.00,	20000.00,	0,	0,	53,	3689,	401,	0,	3,	NULL,	NULL,	NULL,	NULL),
(437,	'VOIL-25359',	'Voucher_detail # VOIL-79145',	286,	'pc',	1,	24000.00,	24000.00,	0,	0,	53,	3690,	401,	0,	4,	NULL,	NULL,	NULL,	NULL),
(438,	'VOIL-39998',	'Voucher_detail # VOIL-72551',	287,	'Support',	1,	500000.00,	500000.00,	0,	1,	0,	3701,	401,	0,	64,	NULL,	NULL,	NULL,	NULL),
(439,	'VOIL-75014',	'Voucher_detail # VOIL-30861',	288,	'Support',	1,	300000.00,	300000.00,	86,	0,	0,	3706,	401,	0,	64,	NULL,	NULL,	NULL,	NULL),
(440,	'VOIL-1096',	'Voucher_detail # VOIL-50831',	289,	'Support',	1,	300000.00,	300000.00,	0,	1,	0,	3714,	401,	0,	3,	NULL,	NULL,	NULL,	NULL),
(441,	'VOIL-61927',	'Voucher_detail # VOIL-69398',	290,	'Boots',	20,	1000.00,	20000.00,	3,	0,	0,	3721,	401,	0,	3,	NULL,	NULL,	NULL,	NULL),
(442,	'VOIL-7613',	'Voucher_detail # VOIL-3925',	291,	'School fee',	3,	-5000.00,	-15000.00,	1,	0,	0,	3670,	401,	0,	3,	NULL,	NULL,	NULL,	NULL),
(443,	'VOIL-24993',	'Voucher_detail # VOIL-1036',	292,	'rice',	4,	-2400.00,	-9600.00,	7,	0,	0,	3683,	401,	0,	3,	NULL,	NULL,	NULL,	NULL),
(444,	'VOIL-85069',	'Voucher_detail # VOIL-11528',	293,	'Test',	1,	34000.00,	34000.00,	28,	0,	0,	3727,	403,	0,	14,	NULL,	NULL,	NULL,	NULL);

DROP TABLE IF EXISTS `voucher_signatory`;
CREATE TABLE `voucher_signatory` (
  `voucher_signatory_id` int(100) NOT NULL AUTO_INCREMENT,
  `voucher_signatory_name` varchar(100) NOT NULL,
  `voucher_signatory_track_number` varchar(100) NOT NULL,
  `fk_account_system_id` int(100) NOT NULL,
  `voucher_signatory_is_active` int(5) NOT NULL DEFAULT '1',
  `voucher_signatory_created_date` date DEFAULT NULL,
  `voucher_signatory_created_by` int(100) DEFAULT NULL,
  `voucher_signatory_last_modified_by` int(100) DEFAULT NULL,
  `voucher_signatory_last_modified_date` timestamp NULL DEFAULT CURRENT_TIMESTAMP,
  `fk_approval_id` int(100) DEFAULT NULL,
  `fk_status_id` int(100) DEFAULT NULL,
  PRIMARY KEY (`voucher_signatory_id`),
  KEY `fk_account_system_id` (`fk_account_system_id`),
  CONSTRAINT `voucher_signatory_ibfk_1` FOREIGN KEY (`fk_account_system_id`) REFERENCES `account_system` (`account_system_id`)
) ENGINE=InnoDB DEFAULT CHARSET=latin1;

INSERT INTO `voucher_signatory` (`voucher_signatory_id`, `voucher_signatory_name`, `voucher_signatory_track_number`, `fk_account_system_id`, `voucher_signatory_is_active`, `voucher_signatory_created_date`, `voucher_signatory_created_by`, `voucher_signatory_last_modified_by`, `voucher_signatory_last_modified_date`, `fk_approval_id`, `fk_status_id`) VALUES
(1,	'Approved By',	'VORY-61482',	4,	1,	'2021-01-26',	1,	1,	'2021-01-26 08:29:33',	3732,	565),
(2,	'Verified By',	'VORY-71604',	4,	1,	'2021-01-26',	1,	1,	'2021-01-26 08:30:10',	3733,	565);

DROP TABLE IF EXISTS `voucher_type`;
CREATE TABLE `voucher_type` (
  `voucher_type_id` int(100) NOT NULL AUTO_INCREMENT,
  `voucher_type_track_number` varchar(100) NOT NULL,
  `voucher_type_name` varchar(45) DEFAULT NULL,
  `voucher_type_is_active` int(5) DEFAULT NULL,
  `voucher_type_abbrev` varchar(5) DEFAULT NULL,
  `fk_voucher_type_account_id` int(100) DEFAULT NULL COMMENT 'Can be bank, cash or contra',
  `fk_voucher_type_effect_id` int(100) DEFAULT NULL COMMENT 'Can be income or expense',
  `voucher_type_is_cheque_referenced` int(5) DEFAULT '0',
  `fk_account_system_id` int(100) DEFAULT NULL,
  `voucher_type_created_by` int(100) DEFAULT NULL,
  `voucher_type_created_date` date DEFAULT NULL,
  `voucher_type_last_modified_by` int(100) DEFAULT NULL,
  `voucher_type_last_modified_date` date DEFAULT NULL,
  `fk_approval_id` int(100) DEFAULT NULL,
  `fk_status_id` int(100) DEFAULT NULL,
  PRIMARY KEY (`voucher_type_id`),
  KEY `fk_voucher_type_voucher_type_transaction_effect1_idx` (`fk_voucher_type_effect_id`),
  KEY `voucher_type_account_id` (`fk_voucher_type_account_id`),
  KEY `fk_account_system_id` (`fk_account_system_id`),
  CONSTRAINT `voucher_type_ibfk_1` FOREIGN KEY (`fk_voucher_type_account_id`) REFERENCES `voucher_type_account` (`voucher_type_account_id`),
  CONSTRAINT `voucher_type_ibfk_2` FOREIGN KEY (`fk_voucher_type_effect_id`) REFERENCES `voucher_type_effect` (`voucher_type_effect_id`),
  CONSTRAINT `voucher_type_ibfk_3` FOREIGN KEY (`fk_account_system_id`) REFERENCES `account_system` (`account_system_id`)
) ENGINE=InnoDB DEFAULT CHARSET=latin1;

INSERT INTO `voucher_type` (`voucher_type_id`, `voucher_type_track_number`, `voucher_type_name`, `voucher_type_is_active`, `voucher_type_abbrev`, `fk_voucher_type_account_id`, `fk_voucher_type_effect_id`, `voucher_type_is_cheque_referenced`, `fk_account_system_id`, `voucher_type_created_by`, `voucher_type_created_date`, `voucher_type_last_modified_by`, `voucher_type_last_modified_date`, `fk_approval_id`, `fk_status_id`) VALUES
(1,	'VOPE-35324',	'Cash Received',	1,	'CR',	1,	1,	0,	3,	3,	'2020-08-21',	3,	NULL,	340,	78),
(2,	'VOPE-8473',	'Payment by Cheque',	1,	'CHQ',	1,	2,	1,	3,	3,	'2020-08-21',	3,	NULL,	341,	78),
(3,	'VOPE-52373',	'Bank Adjustment',	1,	'BCHG',	1,	2,	0,	3,	5,	'2020-11-03',	5,	NULL,	539,	78),
(5,	'VOPE-62381',	'Payment by Cash',	1,	'PC',	2,	2,	0,	3,	5,	'2020-11-03',	5,	NULL,	541,	78),
(6,	'VOPE-74699',	'Petty Cash Deposit',	1,	'PCD',	1,	3,	1,	3,	5,	'2020-11-03',	5,	NULL,	542,	78),
(7,	'VOPE-68120',	'Petty Cash Re-banking',	1,	'PCR',	2,	4,	0,	3,	5,	'2020-11-03',	5,	NULL,	543,	78),
(8,	'VOPE-59618',	'Payment by Cheque ',	1,	'PCHQ',	1,	2,	1,	4,	11,	'2020-12-10',	11,	NULL,	972,	319),
(9,	'VOPE-27397',	'Payment by Cash',	1,	'PC',	2,	2,	0,	4,	11,	'2020-12-10',	11,	NULL,	973,	319),
(10,	'VOPE-85792',	'Petty Cash Replenishment',	1,	'PCR',	1,	3,	1,	4,	11,	'2020-12-10',	11,	NULL,	974,	319),
(11,	'VOPE-6995',	'Cash Rebanking ',	1,	'CRB',	2,	4,	0,	4,	11,	'2020-12-10',	11,	NULL,	975,	319),
(12,	'VOPE-35568',	'Cash Receipts',	1,	'CR',	1,	1,	0,	4,	11,	'2020-12-10',	11,	NULL,	976,	319),
(13,	'VOPE-50991',	'Payment by Electronic Transfers',	1,	'PET',	1,	2,	0,	4,	11,	'2020-12-10',	11,	NULL,	977,	319),
(14,	'VOPE-84431',	'Bank to Bank Cash transfer ',	0,	'B2B',	1,	5,	0,	4,	11,	'2020-12-10',	11,	NULL,	980,	319),
(15,	'VOPE-84645',	'Bank Electronic Transfers',	1,	'BET',	1,	2,	0,	3,	1,	'2021-01-25',	1,	NULL,	3704,	316);

DROP TABLE IF EXISTS `voucher_type_account`;
CREATE TABLE `voucher_type_account` (
  `voucher_type_account_id` int(100) NOT NULL AUTO_INCREMENT,
  `voucher_type_account_track_number` varchar(100) NOT NULL,
  `voucher_type_account_name` varchar(100) NOT NULL,
  `voucher_type_account_code` varchar(10) NOT NULL COMMENT 'cash or bank',
  `voucher_type_account_created_date` date DEFAULT NULL,
  `voucher_type_account_created_by` int(100) DEFAULT NULL,
  `voucher_type_account_last_modified_by` int(100) DEFAULT NULL,
  `voucher_type_account_last_modified_date` date DEFAULT NULL,
  `fk_approval_id` int(100) DEFAULT NULL,
  `fk_status_id` int(100) DEFAULT NULL,
  PRIMARY KEY (`voucher_type_account_id`)
) ENGINE=InnoDB DEFAULT CHARSET=latin1;

INSERT INTO `voucher_type_account` (`voucher_type_account_id`, `voucher_type_account_track_number`, `voucher_type_account_name`, `voucher_type_account_code`, `voucher_type_account_created_date`, `voucher_type_account_created_by`, `voucher_type_account_last_modified_by`, `voucher_type_account_last_modified_date`, `fk_approval_id`, `fk_status_id`) VALUES
(1,	'VONT-21244',	'Bank',	'bank',	'2020-08-20',	1,	1,	NULL,	15,	0),
(2,	'VONT-60342',	'Cash',	'cash',	'2020-08-20',	1,	1,	NULL,	16,	0);

DROP TABLE IF EXISTS `voucher_type_effect`;
CREATE TABLE `voucher_type_effect` (
  `voucher_type_effect_id` int(100) NOT NULL AUTO_INCREMENT,
  `voucher_type_effect_track_number` varchar(100) NOT NULL,
  `voucher_type_effect_name` varchar(100) NOT NULL,
  `voucher_type_effect_code` varchar(50) NOT NULL,
  `voucher_type_effect_created_date` date DEFAULT NULL,
  `voucher_type_effect_created_by` int(100) DEFAULT NULL,
  `voucher_type_effect_last_modified_by` int(100) DEFAULT NULL,
  `voucher_type_effect_last_modified_date` date DEFAULT NULL,
  `fk_approval_id` int(100) DEFAULT NULL,
  `fk_status_id` int(100) DEFAULT NULL,
  PRIMARY KEY (`voucher_type_effect_id`)
) ENGINE=InnoDB DEFAULT CHARSET=latin1;

INSERT INTO `voucher_type_effect` (`voucher_type_effect_id`, `voucher_type_effect_track_number`, `voucher_type_effect_name`, `voucher_type_effect_code`, `voucher_type_effect_created_date`, `voucher_type_effect_created_by`, `voucher_type_effect_last_modified_by`, `voucher_type_effect_last_modified_date`, `fk_approval_id`, `fk_status_id`) VALUES
(1,	'VOCT-75305',	'Income',	'income',	'2020-08-20',	1,	1,	NULL,	17,	0),
(2,	'VOCT-66371',	'Expense',	'expense',	'2020-08-20',	1,	1,	NULL,	18,	0),
(3,	'VOCT-70428',	'Bank_contra',	'bank_contra',	'2020-08-20',	1,	1,	NULL,	19,	0),
(4,	'VOCT-63159',	'Cash_contra',	'cash_contra',	'2020-08-20',	1,	1,	NULL,	20,	0),
(5,	'VOCT-80222',	'Bank to Bank contra',	'bank_to_bank_contra',	'2020-12-10',	1,	1,	NULL,	978,	320),
(6,	'VOCT-14013',	'Cash to Cash contra	',	'cash_to_cash_contra',	'2020-12-10',	1,	1,	NULL,	979,	320);

DROP TABLE IF EXISTS `workplan`;
CREATE TABLE `workplan` (
  `workplan_id` int(100) NOT NULL,
  `workplan_track_number` varchar(100) DEFAULT NULL,
  `workplan_name` varchar(100) DEFAULT NULL,
  `fk_budget_id` int(100) DEFAULT NULL,
  `workplan_description` longtext,
  `workplan_start_date` date DEFAULT NULL,
  `workplan_end_date` date DEFAULT NULL,
  `workplan_created_date` date DEFAULT NULL,
  `workplan_created_by` int(100) DEFAULT NULL,
  `workplan_last_modified_date` date DEFAULT NULL,
  `workplan_last_modified_by` int(100) DEFAULT NULL,
  `fk_approval_id` int(100) DEFAULT NULL,
  `fk_status_id` int(100) DEFAULT NULL,
  PRIMARY KEY (`workplan_id`)
) ENGINE=InnoDB DEFAULT CHARSET=latin1;


DROP TABLE IF EXISTS `workplan_task`;
CREATE TABLE `workplan_task` (
  `workplan_task_id` int(100) NOT NULL AUTO_INCREMENT,
  `fk_workplan_id` int(100) NOT NULL,
  `workplan_task_track_number` varchar(100) NOT NULL,
  `workplan_task_name` varchar(100) NOT NULL,
  `workplan_task_description` longtext NOT NULL,
  `workplan_task_start_date` date NOT NULL,
  `workplan_taskend_date` date NOT NULL,
  `workplan_task_user` int(100) NOT NULL,
  `workplan_task_status` int(5) NOT NULL DEFAULT '1',
  `workplan_task_note` longtext NOT NULL,
  `workplan_task_created_date` date DEFAULT NULL,
  `workplan_task_created_by` int(100) DEFAULT NULL,
  `workplan_task_last_modified_by` int(100) DEFAULT NULL,
  `workplan_task_last_modified_date` date DEFAULT NULL,
  `fk_approval_id` int(100) DEFAULT NULL,
  `fk_status_id` int(100) DEFAULT NULL,
  PRIMARY KEY (`workplan_task_id`),
  KEY `fk_workplan_id` (`fk_workplan_id`),
  KEY `workplan_detail_task_user` (`workplan_task_user`),
  CONSTRAINT `workplan_task_ibfk_1` FOREIGN KEY (`fk_workplan_id`) REFERENCES `workplan` (`workplan_id`),
  CONSTRAINT `workplan_task_ibfk_2` FOREIGN KEY (`workplan_task_user`) REFERENCES `user` (`user_id`)
) ENGINE=InnoDB DEFAULT CHARSET=latin1;


-- 2021-01-29 14:18:07
