-- Adminer 4.6.3 MySQL dump

SET NAMES utf8;
SET time_zone = '+00:00';
SET foreign_key_checks = 0;
SET sql_mode = 'NO_AUTO_VALUE_ON_ZERO';

DROP TABLE IF EXISTS `account_system`;
CREATE TABLE `account_system` (
  `account_system_id` int(100) NOT NULL AUTO_INCREMENT,
  `account_system_track_number` varchar(100) NOT NULL,
  `account_system_name` varchar(100) NOT NULL,
  `account_system_created_date` date DEFAULT NULL,
  `account_system_created_by` int(100) DEFAULT NULL,
  `account_system_last_modified_by` int(100) DEFAULT NULL,
  `account_system_last_modified_date` date DEFAULT NULL,
  `fk_approval_id` int(100) DEFAULT NULL,
  `fk_status_id` int(100) DEFAULT NULL,
  PRIMARY KEY (`account_system_id`)
) ENGINE=InnoDB DEFAULT CHARSET=latin1;

INSERT INTO `account_system` (`account_system_id`, `account_system_track_number`, `account_system_name`, `account_system_created_date`, `account_system_created_by`, `account_system_last_modified_by`, `account_system_last_modified_date`, `fk_approval_id`, `fk_status_id`) VALUES
(1,	'ACEM-84359',	'Kenya',	'2020-02-29',	1,	1,	NULL,	564,	0),
(2,	'ACEM-24684',	'Uganda',	'2020-02-29',	1,	1,	NULL,	565,	0);

DROP TABLE IF EXISTS `approval`;
CREATE TABLE `approval` (
  `approval_id` int(11) NOT NULL AUTO_INCREMENT,
  `approval_track_number` varchar(100) NOT NULL,
  `approval_name` varchar(100) NOT NULL,
  `fk_approve_item_id` int(11) NOT NULL,
  `fk_status_id` int(11) NOT NULL DEFAULT '87',
  `approval_created_by` int(100) NOT NULL,
  `approval_created_date` date NOT NULL,
  `approval_last_modified_date` timestamp NOT NULL DEFAULT CURRENT_TIMESTAMP ON UPDATE CURRENT_TIMESTAMP,
  `approval_last_modified_by` int(100) NOT NULL,
  PRIMARY KEY (`approval_id`),
  KEY `fk_approve_item_id` (`fk_approve_item_id`),
  KEY `fk_status_id` (`fk_status_id`),
  CONSTRAINT `approval_ibfk_1` FOREIGN KEY (`fk_approve_item_id`) REFERENCES `approve_item` (`approve_item_id`),
  CONSTRAINT `approval_ibfk_2` FOREIGN KEY (`fk_approve_item_id`) REFERENCES `approve_item` (`approve_item_id`),
  CONSTRAINT `approval_ibfk_3` FOREIGN KEY (`fk_status_id`) REFERENCES `status` (`status_id`)
) ENGINE=InnoDB DEFAULT CHARSET=latin1;

INSERT INTO `approval` (`approval_id`, `approval_track_number`, `approval_name`, `fk_approve_item_id`, `fk_status_id`, `approval_created_by`, `approval_created_date`, `approval_last_modified_date`, `approval_last_modified_by`) VALUES
(146,	'APR-45830',	'Approval Ticket # APR-45830',	22,	87,	1,	'2019-11-07',	'2019-11-07 11:34:49',	1),
(147,	'APR-88163',	'Approval Ticket # APR-88163',	23,	87,	1,	'2019-11-07',	'2019-11-07 11:36:09',	1),
(148,	'APR-13132',	'Approval Ticket # APR-13132',	22,	87,	1,	'2019-11-07',	'2019-11-07 12:03:32',	1),
(149,	'APR-15968',	'Approval Ticket # APR-15968',	23,	87,	1,	'2019-11-07',	'2019-11-07 12:04:08',	1),
(150,	'APR-64360',	'Approval Ticket # APR-64360',	21,	87,	1,	'2019-11-07',	'2019-11-07 13:26:58',	8),
(151,	'APR-6172',	'Approval Ticket # APR-6172',	20,	87,	1,	'2019-11-07',	'2019-11-07 12:53:15',	1),
(152,	'APR-64367',	'Approval Ticket # APR-64367',	26,	87,	1,	'2019-11-07',	'2019-11-07 13:26:58',	1),
(154,	'APR-80682',	'Approval Ticket # APR-80682',	19,	87,	1,	'2019-11-07',	'2019-11-11 09:30:15',	1),
(156,	'APAL-81132',	'Approval Ticket # APAL-81132',	19,	87,	1,	'2019-11-07',	'2019-11-07 14:05:14',	1),
(157,	'APAL-76190',	'Approval Ticket # APAL-76190',	22,	87,	1,	'2019-11-07',	'2019-11-07 14:06:25',	1),
(158,	'APAL-52378',	'Approval Ticket # APAL-52378',	19,	87,	1,	'2019-11-07',	'2019-11-07 14:07:04',	1),
(160,	'APAL-25105',	'Approval Ticket # APAL-25105',	29,	87,	1,	'2019-11-08',	'2019-11-08 07:21:31',	1),
(161,	'APAL-38118',	'Approval Ticket # APAL-38118',	29,	87,	1,	'2019-11-08',	'2019-11-08 07:24:42',	1),
(162,	'APAL-75620',	'Approval Ticket # APAL-75620',	29,	87,	1,	'2019-11-08',	'2019-11-08 07:55:20',	1),
(163,	'APAL-10692',	'Approval Ticket # APAL-10692',	23,	87,	1,	'2019-11-08',	'2019-11-08 09:23:41',	1),
(164,	'APAL-84180',	'Approval Ticket # APAL-84180',	23,	87,	1,	'2019-11-08',	'2019-11-08 09:24:14',	1),
(165,	'APAL-79894',	'Approval Ticket # APAL-79894',	22,	87,	1,	'2019-11-08',	'2019-11-08 09:35:12',	1),
(166,	'APAL-6771',	'Approval Ticket # APAL-6771',	23,	87,	1,	'2019-11-08',	'2019-11-08 09:57:44',	1),
(167,	'APAL-57745',	'Approval Ticket # APAL-57745',	21,	87,	1,	'2019-11-08',	'2019-11-08 10:06:09',	1),
(168,	'APAL-85894',	'Approval Ticket # APAL-85894',	23,	87,	1,	'2019-11-08',	'2019-11-08 10:09:04',	1),
(169,	'APAL-2174',	'Approval Ticket # APAL-2174',	23,	87,	1,	'2019-11-08',	'2019-11-08 10:09:34',	1),
(170,	'APAL-88744',	'Approval Ticket # APAL-88744',	26,	87,	2,	'2019-11-08',	'2019-11-08 11:03:07',	2),
(171,	'APAL-84595',	'Approval Ticket # APAL-84595',	22,	87,	1,	'2019-11-08',	'2019-11-08 11:32:48',	1),
(172,	'APAL-52466',	'Approval Ticket # APAL-52466',	22,	87,	1,	'2019-11-08',	'2019-11-08 11:33:33',	1),
(173,	'APAL-14516',	'Approval Ticket # APAL-14516',	23,	87,	1,	'2019-11-08',	'2019-11-08 11:34:43',	1),
(174,	'APAL-32516',	'Approval Ticket # APAL-32516',	23,	87,	1,	'2019-11-08',	'2019-11-08 11:35:07',	1),
(175,	'APAL-18028',	'Approval Ticket # APAL-18028',	21,	87,	1,	'2019-11-08',	'2019-11-08 11:38:04',	1),
(176,	'APAL-88261',	'Approval Ticket # APAL-88261',	29,	87,	1,	'2019-11-08',	'2019-11-08 11:57:17',	1),
(177,	'APAL-8283',	'Approval Ticket # APAL-8283',	29,	87,	1,	'2019-11-08',	'2019-11-08 12:14:22',	1),
(178,	'APAL-82917',	'Approval Ticket # APAL-82917',	29,	87,	1,	'2019-11-08',	'2019-11-08 12:16:01',	1),
(179,	'APAL-8602',	'Approval Ticket # APAL-8602',	29,	87,	1,	'2019-11-08',	'2019-11-08 12:18:44',	1),
(180,	'APAL-42378',	'Approval Ticket # APAL-42378',	29,	87,	1,	'2019-11-08',	'2019-11-08 12:23:24',	1),
(181,	'APAL-28521',	'Approval Ticket # APAL-28521',	29,	87,	1,	'2019-11-08',	'2019-11-08 12:24:18',	1),
(182,	'APAL-76538',	'Approval Ticket # APAL-76538',	29,	87,	1,	'2019-11-08',	'2019-11-08 12:26:22',	1),
(185,	'APAL-67074',	'Approval Ticket # APAL-67074',	22,	87,	1,	'2019-11-08',	'2019-11-08 12:35:17',	1),
(186,	'APAL-89308',	'Approval Ticket # APAL-89308',	22,	87,	1,	'2019-11-08',	'2019-11-08 12:37:51',	1),
(187,	'APAL-54182',	'Approval Ticket # APAL-54182',	23,	87,	1,	'2019-11-08',	'2019-11-08 12:39:25',	1),
(188,	'APAL-61432',	'Approval Ticket # APAL-61432',	22,	87,	1,	'2019-11-08',	'2019-11-08 12:43:11',	1),
(189,	'APAL-43136',	'Approval Ticket # APAL-43136',	22,	87,	1,	'2019-11-08',	'2019-11-08 12:47:29',	1),
(190,	'APAL-6496',	'Approval Ticket # APAL-6496',	23,	87,	1,	'2019-11-08',	'2019-11-08 12:48:05',	1),
(191,	'APAL-62132',	'Approval Ticket # APAL-62132',	23,	87,	1,	'2019-11-08',	'2019-11-08 12:48:32',	1),
(192,	'APAL-78015',	'Approval Ticket # APAL-78015',	22,	87,	1,	'2019-11-08',	'2019-11-08 13:30:17',	1),
(193,	'APAL-78908',	'Approval Ticket # APAL-78908',	23,	87,	1,	'2019-11-08',	'2019-11-08 13:31:03',	1),
(194,	'APAL-6342',	'Approval Ticket # APAL-6342',	23,	87,	1,	'2019-11-08',	'2019-11-08 14:17:53',	1),
(195,	'APAL-82116',	'Approval Ticket # APAL-82116',	23,	87,	1,	'2019-11-08',	'2019-11-08 14:18:12',	1),
(196,	'APAL-65833',	'Approval Ticket # APAL-65833',	2,	87,	2,	'2019-11-08',	'2019-11-08 15:43:40',	2),
(197,	'APAL-54353',	'Approval Ticket # APAL-54353',	22,	87,	1,	'2019-11-08',	'2019-11-08 17:26:32',	1),
(198,	'APAL-85692',	'Approval Ticket # APAL-85692',	23,	87,	1,	'2019-11-08',	'2019-11-08 17:28:08',	1),
(199,	'APAL-40108',	'Approval Ticket # APAL-40108',	22,	87,	1,	'2019-11-08',	'2019-11-08 17:29:44',	1),
(200,	'APAL-69287',	'Approval Ticket # APAL-69287',	23,	87,	1,	'2019-11-08',	'2019-11-08 17:31:28',	1),
(201,	'APAL-13425',	'Approval Ticket # APAL-13425',	23,	87,	1,	'2019-11-08',	'2019-11-08 17:31:49',	1),
(203,	'APAL-63537',	'Approval Ticket # APAL-63537',	2,	87,	1,	'2019-11-11',	'2019-11-11 07:43:19',	1),
(205,	'APAL-59716',	'Approval Ticket # APAL-59716',	22,	87,	1,	'2019-11-11',	'2019-11-11 09:49:39',	1),
(206,	'APAL-75533',	'Approval Ticket # APAL-75533',	23,	87,	1,	'2019-11-11',	'2019-11-11 09:50:29',	1),
(207,	'APAL-59488',	'Approval Ticket # APAL-59488',	4,	87,	1,	'2019-11-12',	'2019-11-12 01:17:55',	1),
(208,	'APAL-30369',	'Approval Ticket # APAL-30369',	33,	87,	1,	'2019-11-13',	'2019-11-13 21:49:51',	1),
(209,	'APAL-13369',	'Approval Ticket # APAL-13369',	33,	87,	1,	'2019-11-13',	'2019-11-13 21:50:25',	1),
(210,	'APAL-65785',	'Approval Ticket # APAL-65785',	33,	87,	1,	'2019-11-13',	'2019-11-13 21:51:40',	1),
(211,	'APAL-57065',	'Approval Ticket # APAL-57065',	33,	87,	1,	'2019-11-13',	'2019-11-13 21:51:49',	1),
(212,	'APAL-67930',	'Approval Ticket # APAL-67930',	33,	87,	1,	'2019-11-13',	'2019-11-13 21:52:11',	1),
(217,	'APAL-36755',	'Approval Ticket # APAL-36755',	33,	87,	1,	'2019-11-13',	'2019-11-13 22:43:42',	1),
(218,	'APAL-31473',	'Approval Ticket # APAL-31473',	29,	87,	1,	'2019-11-20',	'2019-11-20 16:40:43',	1),
(219,	'APAL-89876',	'Approval Ticket # APAL-89876',	21,	87,	1,	'2019-11-20',	'2019-11-20 16:41:17',	1),
(220,	'APAL-66521',	'Approval Ticket # APAL-66521',	22,	87,	1,	'2019-11-20',	'2019-11-20 16:51:26',	1),
(221,	'APAL-32589',	'Approval Ticket # APAL-32589',	23,	87,	1,	'2019-11-20',	'2019-11-20 16:52:41',	1),
(222,	'APAL-8542',	'Approval Ticket # APAL-8542',	22,	87,	1,	'2019-11-20',	'2019-11-20 17:04:36',	1),
(223,	'APAL-7134',	'Approval Ticket # APAL-7134',	23,	87,	1,	'2019-11-20',	'2019-11-20 17:05:06',	1),
(224,	'APAL-65378',	'Approval Ticket # APAL-65378',	23,	87,	1,	'2019-11-20',	'2019-11-20 17:12:14',	1),
(225,	'APAL-9934',	'Approval Ticket # APAL-9934',	36,	87,	1,	'2019-11-21',	'2019-11-20 23:15:14',	1),
(226,	'APAL-85574',	'Approval Ticket # APAL-85574',	8,	87,	1,	'2019-11-21',	'2019-11-20 23:37:31',	1),
(228,	'APAL-24385',	'Approval Ticket # APAL-24385',	42,	87,	1,	'2019-11-21',	'2019-11-21 05:46:23',	1),
(229,	'APAL-85274',	'Approval Ticket # APAL-85274',	43,	87,	1,	'2019-11-21',	'2019-11-21 05:48:53',	1),
(230,	'APAL-86475',	'Approval Ticket # APAL-86475',	43,	87,	1,	'2019-11-21',	'2019-11-21 05:49:11',	1),
(231,	'APAL-27869',	'Approval Ticket # APAL-27869',	43,	87,	1,	'2019-11-21',	'2019-11-21 05:49:28',	1),
(232,	'APAL-35730',	'Approval Ticket # APAL-35730',	44,	87,	1,	'2019-11-21',	'2019-11-21 05:52:10',	1),
(233,	'APAL-61204',	'Approval Ticket # APAL-61204',	44,	87,	1,	'2019-11-21',	'2019-11-21 05:52:27',	1),
(234,	'APAL-40979',	'Approval Ticket # APAL-40979',	44,	87,	1,	'2019-11-21',	'2019-11-21 05:52:42',	1),
(235,	'APAL-77301',	'Approval Ticket # APAL-77301',	44,	87,	1,	'2019-11-21',	'2019-11-21 05:52:56',	1),
(236,	'APAL-62839',	'Approval Ticket # APAL-62839',	44,	87,	1,	'2019-11-21',	'2019-11-21 05:53:09',	1),
(237,	'APAL-34528',	'Approval Ticket # APAL-34528',	44,	87,	1,	'2019-11-21',	'2019-11-21 05:53:23',	1),
(238,	'APAL-7340',	'Approval Ticket # APAL-7340',	44,	87,	1,	'2019-11-21',	'2019-11-21 05:53:39',	1),
(239,	'APAL-38476',	'Approval Ticket # APAL-38476',	44,	87,	1,	'2019-11-21',	'2019-11-21 05:53:53',	1),
(240,	'APAL-87161',	'Approval Ticket # APAL-87161',	44,	87,	1,	'2019-11-21',	'2019-11-21 05:54:09',	1),
(241,	'APAL-83476',	'Approval Ticket # APAL-83476',	44,	87,	1,	'2019-11-21',	'2019-11-21 05:54:22',	1),
(242,	'APAL-27540',	'Approval Ticket # APAL-27540',	44,	87,	1,	'2019-11-21',	'2019-11-21 05:54:38',	1),
(243,	'APAL-76991',	'Approval Ticket # APAL-76991',	44,	87,	1,	'2019-11-21',	'2019-11-21 05:54:49',	1),
(244,	'APAL-39831',	'Approval Ticket # APAL-39831',	45,	87,	1,	'2019-11-21',	'2019-11-21 05:57:27',	1),
(245,	'APAL-51059',	'Approval Ticket # APAL-51059',	45,	87,	1,	'2019-11-21',	'2019-11-21 05:57:47',	1),
(246,	'APAL-83258',	'Approval Ticket # APAL-83258',	45,	87,	1,	'2019-11-21',	'2019-11-21 05:58:04',	1),
(247,	'APAL-69410',	'Approval Ticket # APAL-69410',	45,	87,	1,	'2019-11-21',	'2019-11-21 05:58:37',	1),
(248,	'APAL-85849',	'Approval Ticket # APAL-85849',	41,	87,	1,	'2019-11-21',	'2019-11-21 05:59:33',	1),
(249,	'APAL-63574',	'Approval Ticket # APAL-63574',	41,	87,	1,	'2019-11-21',	'2019-11-21 05:59:53',	1),
(250,	'APAL-7518',	'Approval Ticket # APAL-7518',	41,	87,	1,	'2019-11-21',	'2019-11-21 06:00:07',	1),
(251,	'APAL-5835',	'Approval Ticket # APAL-5835',	41,	87,	1,	'2019-11-21',	'2019-11-21 06:00:20',	1),
(252,	'APAL-31557',	'Approval Ticket # APAL-31557',	41,	87,	1,	'2019-11-21',	'2019-11-21 06:00:46',	1),
(253,	'APAL-76952',	'Approval Ticket # APAL-76952',	41,	87,	1,	'2019-11-21',	'2019-11-21 06:01:02',	1),
(254,	'APAL-42567',	'Approval Ticket # APAL-42567',	20,	87,	1,	'2019-11-21',	'2019-11-21 06:03:27',	1),
(255,	'APAL-71017',	'Approval Ticket # APAL-71017',	20,	87,	1,	'2019-11-21',	'2019-11-21 06:07:41',	1),
(256,	'APAL-1188',	'Approval Ticket # APAL-1188',	34,	87,	1,	'2019-11-21',	'2019-11-21 06:49:58',	1),
(257,	'APAL-25177',	'Approval Ticket # APAL-25177',	34,	87,	1,	'2019-11-21',	'2019-11-21 06:50:26',	1),
(258,	'APAL-48302',	'Approval Ticket # APAL-48302',	34,	87,	1,	'2019-11-21',	'2019-11-21 06:50:34',	1),
(259,	'APAL-78879',	'Approval Ticket # APAL-78879',	34,	87,	1,	'2019-11-21',	'2019-11-21 06:50:43',	1),
(260,	'APAL-53209',	'Approval Ticket # APAL-53209',	34,	87,	1,	'2019-11-21',	'2019-11-21 06:50:52',	1),
(261,	'APAL-54921',	'Approval Ticket # APAL-54921',	46,	87,	1,	'2019-11-21',	'2019-11-21 14:52:09',	1),
(262,	'APAL-49242',	'Approval Ticket # APAL-49242',	48,	87,	1,	'2019-11-21',	'2019-11-21 16:12:57',	1),
(263,	'APAL-43999',	'Approval Ticket # APAL-43999',	48,	87,	1,	'2019-11-21',	'2019-11-21 16:13:17',	1),
(264,	'APAL-76052',	'Approval Ticket # APAL-76052',	50,	87,	1,	'2019-11-21',	'2019-11-21 16:32:08',	1),
(265,	'APAL-69182',	'Approval Ticket # APAL-69182',	34,	87,	1,	'2019-11-21',	'2019-11-21 16:39:07',	1),
(266,	'APAL-42258',	'Approval Ticket # APAL-42258',	51,	87,	1,	'2019-11-21',	'2019-11-21 16:40:33',	1),
(267,	'APAL-36866',	'Approval Ticket # APAL-36866',	51,	87,	1,	'2019-11-21',	'2019-11-21 16:40:44',	1),
(268,	'APAL-18527',	'Approval Ticket # APAL-18527',	51,	87,	1,	'2019-11-21',	'2019-11-21 16:40:59',	1),
(269,	'APAL-22843',	'Approval Ticket # APAL-22843',	51,	87,	1,	'2019-11-21',	'2019-11-21 16:41:23',	1),
(270,	'APAL-55853',	'Approval Ticket # APAL-55853',	51,	87,	1,	'2019-11-21',	'2019-11-21 16:41:40',	1),
(271,	'APAL-55159',	'Approval Ticket # APAL-55159',	51,	87,	1,	'2019-11-21',	'2019-11-21 16:41:58',	1),
(272,	'APAL-6087',	'Approval Ticket # APAL-6087',	49,	87,	1,	'2019-11-21',	'2019-11-21 17:08:57',	1),
(273,	'APAL-18194',	'Approval Ticket # APAL-18194',	49,	87,	1,	'2019-11-21',	'2019-11-21 19:34:45',	1),
(274,	'APAL-32760',	'Approval Ticket # APAL-32760',	23,	87,	1,	'2019-11-21',	'2019-11-21 19:51:30',	1),
(275,	'APAL-46338',	'Approval Ticket # APAL-46338',	20,	87,	1,	'2019-11-21',	'2019-11-21 21:51:46',	1),
(276,	'APAL-15025',	'Approval Ticket # APAL-15025',	23,	87,	1,	'2019-11-21',	'2019-11-21 22:30:27',	1),
(277,	'APAL-78065',	'Approval Ticket # APAL-78065',	52,	87,	1,	'2019-11-22',	'2019-11-22 07:22:45',	1),
(278,	'APAL-48810',	'Approval Ticket # APAL-48810',	53,	87,	1,	'2019-11-22',	'2019-11-22 07:52:38',	1),
(279,	'APAL-11749',	'Approval Ticket # APAL-11749',	53,	87,	1,	'2019-11-22',	'2019-11-22 07:53:50',	1),
(280,	'APAL-2994',	'Approval Ticket # APAL-2994',	52,	87,	1,	'2019-11-22',	'2019-11-22 08:39:57',	1),
(281,	'APAL-51642',	'Approval Ticket # APAL-51642',	52,	87,	1,	'2019-11-22',	'2019-11-22 08:40:52',	1),
(282,	'APAL-80033',	'Approval Ticket # APAL-80033',	54,	87,	1,	'2019-11-22',	'2019-11-22 08:44:08',	1),
(283,	'APAL-77747',	'Approval Ticket # APAL-77747',	53,	87,	1,	'2019-11-22',	'2019-11-22 09:31:50',	1),
(284,	'APAL-61754',	'Approval Ticket # APAL-61754',	23,	87,	1,	'2019-11-22',	'2019-11-22 10:15:49',	1),
(285,	'APAL-36415',	'Approval Ticket # APAL-36415',	23,	87,	1,	'2019-11-22',	'2019-11-22 10:33:01',	1),
(286,	'APAL-5659',	'Approval Ticket # APAL-5659',	45,	87,	1,	'2019-11-22',	'2019-11-22 16:17:13',	1),
(287,	'APAL-3267',	'Approval Ticket # APAL-3267',	45,	87,	1,	'2019-11-22',	'2019-11-22 16:18:01',	1),
(288,	'APAL-26841',	'Approval Ticket # APAL-26841',	45,	87,	1,	'2019-11-22',	'2019-11-22 16:24:58',	1),
(295,	'APAL-38513',	'Approval Ticket # APAL-38513',	45,	87,	1,	'2019-11-22',	'2019-11-22 17:28:20',	1),
(296,	'APAL-47909',	'Approval Ticket # APAL-47909',	8,	87,	1,	'2019-11-22',	'2019-11-22 17:38:55',	1),
(297,	'APAL-42142',	'Approval Ticket # APAL-42142',	8,	87,	1,	'2019-11-22',	'2019-11-22 17:53:20',	1),
(298,	'APAL-53526',	'Approval Ticket # APAL-53526',	8,	87,	1,	'2019-11-22',	'2019-11-22 17:56:32',	1),
(299,	'APAL-19128',	'Approval Ticket # APAL-19128',	8,	87,	1,	'2019-11-22',	'2019-11-22 17:58:41',	1),
(300,	'APAL-50869',	'Approval Ticket # APAL-50869',	8,	87,	1,	'2019-11-22',	'2019-11-22 18:00:10',	1),
(301,	'APAL-14434',	'Approval Ticket # APAL-14434',	8,	87,	1,	'2019-11-22',	'2019-11-22 18:00:32',	1),
(302,	'APAL-69852',	'Approval Ticket # APAL-69852',	8,	87,	1,	'2019-11-22',	'2019-11-22 18:06:42',	1),
(307,	'APAL-50025',	'Approval Ticket # APAL-50025',	40,	87,	1,	'2019-11-22',	'2019-11-22 21:18:48',	1),
(312,	'APAL-27814',	'Approval Ticket # APAL-27814',	57,	87,	1,	'2019-11-23',	'2019-11-23 10:04:46',	1),
(313,	'APAL-23057',	'Approval Ticket # APAL-23057',	8,	87,	1,	'2019-11-23',	'2019-11-23 10:05:58',	1),
(323,	'APAL-84939',	'Approval Ticket # APAL-84939',	57,	87,	1,	'2019-11-23',	'2019-11-23 10:48:12',	1),
(324,	'APAL-66198',	'Approval Ticket # APAL-66198',	57,	87,	1,	'2019-11-23',	'2019-11-23 11:14:54',	1),
(325,	'APAL-30340',	'Approval Ticket # APAL-30340',	59,	87,	1,	'2019-11-23',	'2019-11-23 14:18:13',	1),
(326,	'APAL-37997',	'Approval Ticket # APAL-37997',	60,	87,	1,	'2019-11-23',	'2019-11-23 14:37:14',	1),
(327,	'APAL-26443',	'Approval Ticket # APAL-26443',	60,	87,	1,	'2019-11-23',	'2019-11-23 14:37:52',	1),
(328,	'APAL-17798',	'Approval Ticket # APAL-17798',	60,	87,	1,	'2019-11-23',	'2019-11-23 14:38:04',	1),
(329,	'APAL-35934',	'Approval Ticket # APAL-35934',	57,	87,	1,	'2019-11-23',	'2019-11-23 15:45:57',	1),
(330,	'APAL-38545',	'Approval Ticket # APAL-38545',	61,	87,	1,	'2019-11-23',	'2019-11-23 15:46:36',	1),
(331,	'APAL-61954',	'Approval Ticket # APAL-61954',	57,	87,	1,	'2019-11-23',	'2019-11-23 15:49:09',	1),
(332,	'APAL-63579',	'Approval Ticket # APAL-63579',	61,	87,	1,	'2019-11-23',	'2019-11-23 15:49:42',	1),
(333,	'APAL-19733',	'Approval Ticket # APAL-19733',	57,	87,	1,	'2019-11-23',	'2019-11-23 15:50:36',	1),
(334,	'APAL-44436',	'Approval Ticket # APAL-44436',	61,	87,	1,	'2019-11-23',	'2019-11-23 15:51:40',	1),
(335,	'APAL-19306',	'Approval Ticket # APAL-19306',	57,	87,	1,	'2019-11-23',	'2019-11-23 15:52:20',	1),
(336,	'APAL-48776',	'Approval Ticket # APAL-48776',	61,	87,	1,	'2019-11-23',	'2019-11-23 15:53:05',	1),
(337,	'APAL-26203',	'Approval Ticket # APAL-26203',	57,	87,	1,	'2019-11-23',	'2019-11-23 15:53:54',	1),
(338,	'APAL-46529',	'Approval Ticket # APAL-46529',	61,	87,	1,	'2019-11-23',	'2019-11-23 15:54:20',	1),
(339,	'APAL-51685',	'Approval Ticket # APAL-51685',	57,	87,	1,	'2019-11-23',	'2019-11-23 15:54:58',	1),
(340,	'APAL-12941',	'Approval Ticket # APAL-12941',	61,	87,	1,	'2019-11-23',	'2019-11-23 15:55:24',	1),
(341,	'APAL-33109',	'Approval Ticket # APAL-33109',	57,	87,	1,	'2019-11-23',	'2019-11-23 15:56:00',	1),
(342,	'APAL-85252',	'Approval Ticket # APAL-85252',	61,	87,	1,	'2019-11-23',	'2019-11-23 15:56:48',	1),
(343,	'APAL-55785',	'Approval Ticket # APAL-55785',	59,	87,	1,	'2019-11-23',	'2019-11-23 15:59:55',	1),
(344,	'APAL-4911',	'Approval Ticket # APAL-4911',	59,	87,	1,	'2019-11-23',	'2019-11-23 16:00:34',	1),
(345,	'APAL-63379',	'Approval Ticket # APAL-63379',	57,	87,	1,	'2019-11-23',	'2019-11-23 18:05:30',	1),
(346,	'APAL-51555',	'Approval Ticket # APAL-51555',	61,	87,	1,	'2019-11-23',	'2019-11-23 18:06:15',	1),
(347,	'APAL-7140',	'Approval Ticket # APAL-7140',	59,	87,	1,	'2019-11-23',	'2019-11-23 18:06:45',	1),
(348,	'APAL-46833',	'Approval Ticket # APAL-46833',	22,	87,	1,	'2019-11-23',	'2019-11-23 18:11:34',	1),
(349,	'APAL-21260',	'Approval Ticket # APAL-21260',	23,	87,	1,	'2019-11-23',	'2019-11-23 18:12:31',	1),
(350,	'APAL-2315',	'Approval Ticket # APAL-2315',	57,	87,	1,	'2019-11-23',	'2019-11-23 18:17:06',	1),
(351,	'APAL-60972',	'Approval Ticket # APAL-60972',	61,	87,	1,	'2019-11-23',	'2019-11-23 18:18:06',	1),
(352,	'APAL-70876',	'Approval Ticket # APAL-70876',	59,	87,	1,	'2019-11-23',	'2019-11-23 18:23:50',	1),
(353,	'APAL-1458',	'Approval Ticket # APAL-1458',	21,	87,	1,	'2019-11-24',	'2019-11-24 21:53:12',	1),
(354,	'APAL-63350',	'Approval Ticket # APAL-63350',	50,	87,	1,	'2019-11-25',	'2019-11-25 03:12:02',	1),
(355,	'APAL-3213',	'Approval Ticket # APAL-3213',	41,	87,	1,	'2019-11-25',	'2019-11-25 07:21:42',	1),
(356,	'APAL-54636',	'Approval Ticket # APAL-54636',	20,	87,	1,	'2019-11-25',	'2019-11-25 07:22:42',	1),
(357,	'APAL-7751',	'Approval Ticket # APAL-7751',	29,	87,	1,	'2019-11-25',	'2019-11-25 07:26:30',	1),
(358,	'APAL-24073',	'Approval Ticket # APAL-24073',	46,	87,	1,	'2019-11-25',	'2019-11-25 07:28:22',	1),
(360,	'APAL-29595',	'Approval Ticket # APAL-29595',	21,	87,	1,	'2019-11-25',	'2019-11-25 13:57:26',	1),
(361,	'APAL-34699',	'Approval Ticket # APAL-34699',	23,	87,	1,	'2019-11-25',	'2019-11-25 13:59:46',	1),
(363,	'APAL-6906',	'Approval Ticket # APAL-6906',	29,	87,	1,	'2019-11-25',	'2019-11-25 14:07:15',	1),
(364,	'APAL-15912',	'Approval Ticket # APAL-15912',	52,	87,	1,	'2019-11-25',	'2019-11-25 14:12:06',	1),
(365,	'APAL-47497',	'Approval Ticket # APAL-47497',	59,	87,	1,	'2019-11-25',	'2019-11-25 14:16:55',	1),
(366,	'APAL-6796',	'Approval Ticket # APAL-6796',	52,	87,	1,	'2019-11-25',	'2019-11-25 14:20:26',	1),
(367,	'APAL-73265',	'Approval Ticket # APAL-73265',	44,	87,	1,	'2019-11-26',	'2019-11-26 12:42:47',	1),
(368,	'APAL-77033',	'Approval Ticket # APAL-77033',	45,	87,	1,	'2019-11-26',	'2019-11-26 12:46:44',	1),
(369,	'APAL-62611',	'Approval Ticket # APAL-62611',	45,	87,	1,	'2019-11-26',	'2019-11-26 12:46:59',	1),
(370,	'APAL-43430',	'Approval Ticket # APAL-43430',	41,	87,	1,	'2019-11-26',	'2019-11-26 12:47:35',	1),
(371,	'APAL-47519',	'Approval Ticket # APAL-47519',	41,	87,	1,	'2019-11-26',	'2019-11-26 12:48:29',	1),
(372,	'APAL-82853',	'Approval Ticket # APAL-82853',	20,	87,	1,	'2019-11-26',	'2019-11-26 12:51:14',	1),
(373,	'APAL-77438',	'Approval Ticket # APAL-77438',	20,	87,	1,	'2019-11-26',	'2019-11-26 12:53:25',	1),
(374,	'APAL-54320',	'Approval Ticket # APAL-54320',	21,	87,	1,	'2019-11-26',	'2019-11-26 12:54:34',	1),
(375,	'APAL-54451',	'Approval Ticket # APAL-54451',	21,	87,	1,	'2019-11-26',	'2019-11-26 12:55:01',	1),
(376,	'APAL-83883',	'Approval Ticket # APAL-83883',	23,	87,	1,	'2019-11-26',	'2019-11-26 12:56:58',	1),
(377,	'APAL-66301',	'Approval Ticket # APAL-66301',	23,	87,	1,	'2019-11-26',	'2019-11-26 12:57:18',	1),
(378,	'APAL-28747',	'Approval Ticket # APAL-28747',	29,	87,	1,	'2019-11-26',	'2019-11-26 13:03:56',	1),
(379,	'APAL-82699',	'Approval Ticket # APAL-82699',	46,	87,	1,	'2019-11-26',	'2019-11-26 13:06:25',	1),
(381,	'APAL-9091',	'Approval Ticket # APAL-9091',	45,	87,	1,	'2019-11-26',	'2019-11-26 13:39:23',	1),
(382,	'APAL-62652',	'Approval Ticket # APAL-62652',	41,	87,	1,	'2019-11-26',	'2019-11-26 13:41:37',	1),
(383,	'APAL-1352',	'Approval Ticket # APAL-1352',	41,	87,	1,	'2019-11-26',	'2019-11-26 13:41:55',	1),
(384,	'APAL-60757',	'Approval Ticket # APAL-60757',	20,	87,	1,	'2019-11-26',	'2019-11-26 13:44:36',	1),
(385,	'APAL-65628',	'Approval Ticket # APAL-65628',	20,	87,	1,	'2019-11-26',	'2019-11-26 13:45:09',	1),
(386,	'APAL-4002',	'Approval Ticket # APAL-4002',	21,	87,	1,	'2019-11-26',	'2019-11-26 14:03:54',	1),
(387,	'APAL-10313',	'Approval Ticket # APAL-10313',	23,	87,	1,	'2019-11-26',	'2019-11-26 14:06:58',	1),
(388,	'APAL-33933',	'Approval Ticket # APAL-33933',	23,	87,	1,	'2019-11-26',	'2019-11-26 14:08:47',	1),
(389,	'APAL-65905',	'Approval Ticket # APAL-65905',	29,	87,	1,	'2019-11-26',	'2019-11-26 14:12:12',	1),
(390,	'APAL-79262',	'Approval Ticket # APAL-79262',	46,	87,	1,	'2019-11-26',	'2019-11-26 14:16:43',	1),
(393,	'APAL-13193',	'Approval Ticket # APAL-13193',	59,	87,	1,	'2019-11-27',	'2019-11-27 12:30:12',	1),
(394,	'APAL-73785',	'Approval Ticket # APAL-73785',	8,	87,	1,	'2019-11-27',	'2019-11-27 12:39:22',	1),
(400,	'APAL-19866',	'Approval Ticket # APAL-19866',	8,	87,	1,	'2019-11-27',	'2019-11-27 12:55:31',	1),
(401,	'APAL-79581',	'Approval Ticket # APAL-79581',	18,	87,	1,	'2019-11-27',	'2019-11-27 12:56:09',	1),
(402,	'APAL-28725',	'Approval Ticket # APAL-28725',	19,	87,	1,	'2019-11-27',	'2019-11-27 12:57:44',	1),
(403,	'APAL-52007',	'Approval Ticket # APAL-52007',	63,	87,	1,	'2019-11-27',	'2019-11-27 12:58:44',	1),
(404,	'APAL-67437',	'Approval Ticket # APAL-67437',	39,	87,	1,	'2019-11-27',	'2019-11-27 13:02:27',	1),
(405,	'APAL-64590',	'Approval Ticket # APAL-64590',	19,	87,	1,	'2019-11-27',	'2019-11-27 13:05:48',	1),
(407,	'APAL-23782',	'Approval Ticket # APAL-23782',	3,	87,	5,	'2019-11-27',	'2019-11-27 13:11:44',	5),
(408,	'APAL-7297',	'Approval Ticket # APAL-7297',	3,	87,	1,	'2019-11-27',	'2019-11-27 13:18:51',	1),
(409,	'APAL-7347',	'Approval Ticket # APAL-7347',	3,	87,	5,	'2019-11-27',	'2019-11-27 13:22:36',	5),
(410,	'APAL-15120',	'Approval Ticket # APAL-15120',	29,	87,	1,	'2019-11-27',	'2019-11-27 13:37:06',	1),
(411,	'APAL-30215',	'Approval Ticket # APAL-30215',	52,	87,	1,	'2019-11-27',	'2019-11-27 13:37:59',	1),
(412,	'APAL-44801',	'Approval Ticket # APAL-44801',	59,	87,	1,	'2019-11-27',	'2019-11-27 13:43:39',	1),
(413,	'APAL-26855',	'Approval Ticket # APAL-26855',	59,	87,	1,	'2019-11-27',	'2019-11-27 13:44:22',	1),
(414,	'APAL-32304',	'Approval Ticket # APAL-32304',	59,	87,	1,	'2019-11-27',	'2019-11-27 13:50:46',	1),
(415,	'APAL-50521',	'Approval Ticket # APAL-50521',	8,	87,	1,	'2019-11-27',	'2019-11-27 14:05:15',	1),
(416,	'APAL-84698',	'Approval Ticket # APAL-84698',	18,	87,	1,	'2019-11-27',	'2019-11-27 14:07:34',	1),
(417,	'APAL-9255',	'Approval Ticket # APAL-9255',	18,	87,	1,	'2019-11-27',	'2019-11-27 14:08:26',	1),
(418,	'APAL-80967',	'Approval Ticket # APAL-80967',	19,	87,	1,	'2019-11-27',	'2019-11-27 14:13:21',	1),
(419,	'APAL-25637',	'Approval Ticket # APAL-25637',	63,	87,	1,	'2019-11-27',	'2019-11-27 14:18:13',	1),
(420,	'APAL-64644',	'Approval Ticket # APAL-64644',	39,	87,	1,	'2019-11-27',	'2019-11-27 14:20:01',	1),
(421,	'APAL-11329',	'Approval Ticket # APAL-11329',	3,	87,	5,	'2019-11-27',	'2019-11-27 14:37:15',	5),
(422,	'APAL-32893',	'Approval Ticket # APAL-32893',	59,	87,	1,	'2019-11-27',	'2019-11-27 16:34:39',	1),
(423,	'APAL-63460',	'Approval Ticket # APAL-63460',	59,	87,	1,	'2019-11-27',	'2019-11-27 16:39:24',	1),
(424,	'APAL-31496',	'Approval Ticket # APAL-31496',	59,	87,	1,	'2019-11-27',	'2019-11-27 16:45:22',	1),
(425,	'APAL-24040',	'Approval Ticket # APAL-24040',	50,	87,	1,	'2019-11-27',	'2019-11-27 17:22:58',	1),
(426,	'APAL-75805',	'Approval Ticket # APAL-75805',	29,	87,	1,	'2019-11-28',	'2019-11-28 09:55:58',	1),
(427,	'APAL-44013',	'Approval Ticket # APAL-44013',	23,	87,	1,	'2019-11-28',	'2019-11-28 10:02:02',	1),
(429,	'APAL-47118',	'Approval Ticket # APAL-47118',	65,	87,	1,	'2019-12-01',	'2019-12-01 05:06:01',	1),
(433,	'APAL-30761',	'Approval Ticket # APAL-30761',	20,	87,	1,	'2019-12-03',	'2019-12-03 13:41:48',	1),
(439,	'APAL-4619',	'Approval Ticket # APAL-4619',	20,	87,	1,	'2019-12-03',	'2019-12-03 16:35:56',	1),
(441,	'APAL-49739',	'Approval Ticket # APAL-49739',	20,	87,	1,	'2019-12-03',	'2019-12-03 17:20:42',	1),
(442,	'APAL-45850',	'Approval Ticket # APAL-45850',	20,	87,	1,	'2019-12-08',	'2019-12-08 12:46:56',	1),
(443,	'APAL-89215',	'Approval Ticket # APAL-89215',	4,	87,	1,	'2019-12-08',	'2019-12-08 16:04:22',	1),
(446,	'APAL-82249',	'Approval Ticket # APAL-82249',	42,	87,	1,	'2019-12-13',	'2019-12-13 04:05:02',	1),
(448,	'APAL-67896',	'Approval Ticket # APAL-67896',	20,	87,	1,	'2019-12-13',	'2019-12-13 04:09:20',	1),
(449,	'APAL-3390',	'Approval Ticket # APAL-3390',	43,	87,	1,	'2019-12-13',	'2019-12-13 04:10:04',	1),
(450,	'APAL-78692',	'Approval Ticket # APAL-78692',	44,	87,	1,	'2019-12-13',	'2019-12-13 04:11:04',	1),
(451,	'APAL-77524',	'Approval Ticket # APAL-77524',	45,	87,	1,	'2019-12-13',	'2019-12-13 04:12:02',	1),
(452,	'APAL-28598',	'Approval Ticket # APAL-28598',	20,	87,	1,	'2019-12-13',	'2019-12-13 04:13:18',	1),
(453,	'APAL-61567',	'Approval Ticket # APAL-61567',	41,	87,	1,	'2019-12-13',	'2019-12-13 04:14:01',	1),
(454,	'APAL-78852',	'Approval Ticket # APAL-78852',	33,	87,	1,	'2019-12-13',	'2019-12-13 04:14:52',	1),
(455,	'APAL-73086',	'Approval Ticket # APAL-73086',	51,	87,	1,	'2019-12-13',	'2019-12-13 16:14:20',	1),
(456,	'APAL-46322',	'Approval Ticket # APAL-46322',	52,	87,	1,	'2019-12-13',	'2019-12-13 16:15:08',	1),
(457,	'APAL-49743',	'Approval Ticket # APAL-49743',	45,	87,	1,	'2019-12-14',	'2019-12-14 04:28:21',	1),
(458,	'APAL-85536',	'Approval Ticket # APAL-85536',	41,	87,	1,	'2019-12-14',	'2019-12-14 04:41:24',	1),
(459,	'APAL-38176',	'Approval Ticket # APAL-38176',	20,	87,	1,	'2019-12-15',	'2019-12-15 08:16:59',	1),
(460,	'APAL-80263',	'Approval Ticket # APAL-80263',	44,	87,	1,	'2019-12-15',	'2019-12-15 08:18:39',	1),
(461,	'APAL-18863',	'Approval Ticket # APAL-18863',	52,	87,	1,	'2019-12-15',	'2019-12-15 08:23:05',	1),
(462,	'APAL-35991',	'Approval Ticket # APAL-35991',	20,	87,	1,	'2019-12-15',	'2019-12-15 09:05:20',	1),
(463,	'APAL-17664',	'Approval Ticket # APAL-17664',	45,	87,	1,	'2019-12-15',	'2019-12-15 09:06:40',	1),
(464,	'APAL-8743',	'Approval Ticket # APAL-8743',	3,	87,	1,	'2019-12-15',	'2019-12-15 09:53:15',	1),
(465,	'APAL-52707',	'Approval Ticket # APAL-52707',	65,	87,	1,	'2019-12-15',	'2019-12-15 13:55:06',	1),
(466,	'APAL-80867',	'Approval Ticket # APAL-80867',	3,	87,	5,	'2019-12-15',	'2019-12-15 14:17:14',	5),
(467,	'APAL-22786',	'Approval Ticket # APAL-22786',	49,	87,	1,	'2019-12-15',	'2019-12-15 15:10:22',	1),
(468,	'APAL-89404',	'Approval Ticket # APAL-89404',	3,	87,	5,	'2019-12-15',	'2019-12-15 15:17:11',	5),
(469,	'APAL-78047',	'Approval Ticket # APAL-78047',	19,	87,	1,	'2019-12-15',	'2019-12-15 15:25:35',	1),
(470,	'APAL-51571',	'Approval Ticket # APAL-51571',	48,	87,	1,	'2019-12-16',	'2019-12-16 10:40:23',	1),
(471,	'APAL-31869',	'Approval Ticket # APAL-31869',	49,	87,	1,	'2019-12-16',	'2019-12-16 10:41:18',	1),
(472,	'APAL-1608',	'Approval Ticket # APAL-1608',	3,	87,	5,	'2019-12-16',	'2019-12-16 10:55:24',	5),
(473,	'APAL-50855',	'Approval Ticket # APAL-50855',	3,	87,	5,	'2019-12-16',	'2019-12-16 10:57:57',	5),
(474,	'APAL-22478',	'Approval Ticket # APAL-22478',	49,	87,	1,	'2019-12-16',	'2019-12-16 10:59:09',	1),
(475,	'APAL-78683',	'Approval Ticket # APAL-78683',	22,	87,	1,	'2019-12-16',	'2019-12-16 13:19:15',	1),
(476,	'APAL-8372',	'Approval Ticket # APAL-8372',	22,	87,	1,	'2019-12-16',	'2019-12-16 15:36:41',	1),
(477,	'APAL-60982',	'Approval Ticket # APAL-60982',	22,	87,	1,	'2019-12-16',	'2019-12-16 15:37:40',	1),
(479,	'APAL-61925',	'Approval Ticket # APAL-61925',	23,	87,	1,	'2019-12-16',	'2019-12-16 15:39:14',	1),
(480,	'APAL-69191',	'Approval Ticket # APAL-69191',	22,	87,	1,	'2019-12-16',	'2019-12-16 17:11:01',	1),
(481,	'APAL-27349',	'Approval Ticket # APAL-27349',	2,	87,	1,	'2019-12-20',	'2019-12-20 11:25:54',	1),
(482,	'APAL-64678',	'Approval Ticket # APAL-64678',	2,	87,	1,	'2020-01-03',	'2020-01-03 11:24:51',	1),
(483,	'APAL-34790',	'Approval Ticket # APAL-34790',	2,	87,	1,	'2020-01-03',	'2020-01-03 12:30:32',	1),
(487,	'APAL-65597',	'Approval Ticket # APAL-65597',	67,	87,	1,	'2020-01-04',	'2020-01-04 06:41:24',	1),
(492,	'APAL-79440',	'Approval Ticket # APAL-79440',	67,	87,	1,	'2020-01-04',	'2020-01-04 06:51:23',	1),
(493,	'APAL-50021',	'Approval Ticket # APAL-50021',	67,	87,	1,	'2020-01-04',	'2020-01-04 06:51:45',	1),
(495,	'APAL-35617',	'Approval Ticket # APAL-35617',	67,	87,	1,	'2020-01-04',	'2020-01-04 06:56:49',	1),
(498,	'APAL-73022',	'Approval Ticket # APAL-73022',	68,	87,	1,	'2020-01-06',	'2020-01-06 06:12:14',	1),
(499,	'APAL-47888',	'Approval Ticket # APAL-47888',	68,	87,	1,	'2020-01-06',	'2020-01-06 06:14:15',	1),
(500,	'APAL-21642',	'Approval Ticket # APAL-21642',	68,	87,	1,	'2020-01-06',	'2020-01-06 06:17:59',	1),
(502,	'APAL-81312',	'Approval Ticket # APAL-81312',	69,	87,	1,	'2020-01-06',	'2020-01-06 06:25:58',	1),
(503,	'APAL-76872',	'Approval Ticket # APAL-76872',	2,	87,	1,	'2020-01-06',	'2020-01-06 07:36:34',	1),
(504,	'APAL-32679',	'Approval Ticket # APAL-32679',	2,	87,	1,	'2020-01-06',	'2020-01-06 07:38:59',	1),
(505,	'APAL-32039',	'Approval Ticket # APAL-32039',	2,	87,	1,	'2020-01-06',	'2020-01-06 07:59:37',	1),
(506,	'APAL-38768',	'Approval Ticket # APAL-38768',	2,	87,	1,	'2020-01-06',	'2020-01-06 08:01:12',	1),
(507,	'APAL-51176',	'Approval Ticket # APAL-51176',	2,	87,	1,	'2020-01-06',	'2020-01-06 08:02:00',	1),
(508,	'APAL-5274',	'Approval Ticket # APAL-5274',	2,	87,	1,	'2020-01-06',	'2020-01-06 09:04:02',	1),
(509,	'APAL-3664',	'Approval Ticket # APAL-3664',	2,	87,	1,	'2020-01-06',	'2020-01-06 09:09:14',	1),
(510,	'APAL-58145',	'Approval Ticket # APAL-58145',	68,	87,	1,	'2020-01-06',	'2020-01-06 13:07:24',	1),
(511,	'APAL-57923',	'Approval Ticket # APAL-57923',	69,	87,	1,	'2020-01-06',	'2020-01-06 13:10:04',	1),
(512,	'APAL-22351',	'Approval Ticket # APAL-22351',	70,	87,	1,	'2020-01-08',	'2020-01-08 09:50:32',	1),
(513,	'APAL-85519',	'Approval Ticket # APAL-85519',	22,	87,	1,	'2020-01-08',	'2020-01-08 09:56:30',	1),
(514,	'APAL-10444',	'Approval Ticket # APAL-10444',	23,	87,	1,	'2020-01-08',	'2020-01-08 09:57:35',	1),
(515,	'APAL-54193',	'Approval Ticket # APAL-54193',	65,	87,	1,	'2020-01-09',	'2020-01-09 11:37:08',	1),
(516,	'APAL-51983',	'Approval Ticket # APAL-51983',	49,	87,	1,	'2020-01-09',	'2020-01-09 11:39:48',	1),
(517,	'APAL-28282',	'Approval Ticket # APAL-28282',	71,	87,	1,	'2020-01-15',	'2020-01-15 11:52:12',	1),
(518,	'APAL-19954',	'Approval Ticket # APAL-19954',	72,	87,	1,	'2020-01-15',	'2020-01-15 15:13:38',	1),
(519,	'APAL-16086',	'Approval Ticket # APAL-16086',	72,	87,	1,	'2020-01-15',	'2020-01-15 15:13:52',	1),
(520,	'APAL-71719',	'Approval Ticket # APAL-71719',	73,	87,	1,	'2020-01-15',	'2020-01-15 15:15:43',	1),
(521,	'APAL-77170',	'Approval Ticket # APAL-77170',	73,	87,	1,	'2020-01-15',	'2020-01-15 15:16:19',	1),
(522,	'APAL-47497',	'Approval Ticket # APAL-47497',	73,	87,	1,	'2020-01-15',	'2020-01-15 15:16:36',	1),
(523,	'APAL-60033',	'Approval Ticket # APAL-60033',	37,	87,	1,	'2020-01-15',	'2020-01-15 15:25:26',	1),
(524,	'APAL-27166',	'Approval Ticket # APAL-27166',	37,	87,	1,	'2020-01-15',	'2020-01-15 15:26:00',	1),
(525,	'APAL-5754',	'Approval Ticket # APAL-5754',	37,	87,	1,	'2020-01-15',	'2020-01-15 15:26:42',	1),
(526,	'APAL-62682',	'Approval Ticket # APAL-62682',	37,	87,	1,	'2020-01-15',	'2020-01-15 15:27:21',	1),
(527,	'APAL-8940',	'Approval Ticket # APAL-8940',	37,	87,	1,	'2020-01-15',	'2020-01-15 15:27:46',	1),
(528,	'APAL-78134',	'Approval Ticket # APAL-78134',	37,	87,	1,	'2020-01-15',	'2020-01-15 15:28:22',	1),
(529,	'APAL-68883',	'Approval Ticket # APAL-68883',	37,	87,	1,	'2020-01-15',	'2020-01-15 15:28:54',	1),
(530,	'APAL-6081',	'Approval Ticket # APAL-6081',	37,	87,	1,	'2020-01-15',	'2020-01-15 15:29:43',	1),
(531,	'APAL-35435',	'Approval Ticket # APAL-35435',	71,	87,	1,	'2020-01-15',	'2020-01-15 17:54:40',	1),
(532,	'APAL-50257',	'Approval Ticket # APAL-50257',	2,	87,	1,	'2020-01-16',	'2020-01-16 11:06:17',	1),
(533,	'APAL-57906',	'Approval Ticket # APAL-57906',	74,	87,	1,	'2020-01-16',	'2020-01-16 11:15:15',	1),
(534,	'APAL-28616',	'Approval Ticket # APAL-28616',	74,	87,	1,	'2020-01-16',	'2020-01-16 11:15:37',	1),
(535,	'APAL-13866',	'Approval Ticket # APAL-13866',	72,	87,	1,	'2020-01-16',	'2020-01-16 11:31:42',	1),
(537,	'APAL-5306',	'Approval Ticket # APAL-5306',	2,	87,	1,	'2020-01-16',	'2020-01-16 18:01:57',	1),
(538,	'APAL-14183',	'Approval Ticket # APAL-14183',	2,	87,	1,	'2020-01-16',	'2020-01-16 18:02:46',	1),
(539,	'APAL-54691',	'Approval Ticket # APAL-54691',	2,	102,	1,	'2020-01-16',	'2020-03-07 04:43:20',	1),
(540,	'APAL-73549',	'Approval Ticket # APAL-73549',	2,	87,	1,	'2020-01-16',	'2020-01-16 18:04:14',	1),
(541,	'APAL-40607',	'Approval Ticket # APAL-40607',	2,	87,	1,	'2020-01-16',	'2020-01-16 18:05:05',	1),
(542,	'APAL-16117',	'Approval Ticket # APAL-16117',	2,	87,	1,	'2020-01-16',	'2020-01-16 18:05:53',	1),
(543,	'APAL-17354',	'Approval Ticket # APAL-17354',	2,	87,	1,	'2020-01-16',	'2020-01-16 18:06:37',	1),
(545,	'APAL-85609',	'Approval Ticket # APAL-85609',	2,	87,	1,	'2020-01-16',	'2020-01-16 19:16:54',	1),
(546,	'APAL-30805',	'Approval Ticket # APAL-30805',	73,	87,	1,	'2020-01-16',	'2020-01-16 20:25:42',	1),
(547,	'APAL-3069',	'Approval Ticket # APAL-3069',	75,	87,	1,	'2020-01-16',	'2020-01-16 20:32:38',	1),
(548,	'APAL-19321',	'Approval Ticket # APAL-19321',	76,	87,	1,	'2020-01-16',	'2020-01-16 21:40:38',	1),
(549,	'APAL-89622',	'Approval Ticket # APAL-89622',	4,	87,	1,	'2020-01-18',	'2020-01-18 09:37:11',	1),
(550,	'APAL-83089',	'Approval Ticket # APAL-83089',	36,	87,	1,	'2020-01-18',	'2020-01-18 13:09:29',	1),
(551,	'APAL-89221',	'Approval Ticket # APAL-89221',	36,	87,	1,	'2020-01-18',	'2020-01-18 13:10:59',	1),
(552,	'APAL-17754',	'Approval Ticket # APAL-17754',	36,	87,	1,	'2020-01-18',	'2020-01-18 13:11:15',	1),
(553,	'APAL-28097',	'Approval Ticket # APAL-28097',	36,	87,	1,	'2020-01-18',	'2020-01-18 13:11:30',	1),
(554,	'APAL-55802',	'Approval Ticket # APAL-55802',	36,	87,	1,	'2020-01-18',	'2020-01-18 13:11:52',	1),
(556,	'APAL-84221',	'Approval Ticket # APAL-84221',	36,	87,	1,	'2020-01-18',	'2020-01-18 13:13:03',	1),
(557,	'APAL-15342',	'Approval Ticket # APAL-15342',	36,	87,	1,	'2020-01-18',	'2020-01-18 13:13:19',	1),
(558,	'APAL-84801',	'Approval Ticket # APAL-84801',	36,	87,	1,	'2020-01-18',	'2020-01-18 13:13:38',	1),
(559,	'APAL-18643',	'Approval Ticket # APAL-18643',	36,	87,	1,	'2020-01-18',	'2020-01-18 13:13:53',	1),
(560,	'APAL-78018',	'Approval Ticket # APAL-78018',	36,	87,	1,	'2020-01-18',	'2020-01-18 13:14:16',	1),
(561,	'APAL-20731',	'Approval Ticket # APAL-20731',	36,	87,	1,	'2020-01-18',	'2020-01-18 13:14:32',	1),
(562,	'APAL-17405',	'Approval Ticket # APAL-17405',	36,	87,	1,	'2020-01-18',	'2020-01-18 13:14:49',	1),
(563,	'APAL-21845',	'Approval Ticket # APAL-21845',	36,	87,	1,	'2020-01-18',	'2020-01-18 13:15:07',	1),
(564,	'APAL-40491',	'Approval Ticket # APAL-40491',	78,	87,	1,	'2020-02-29',	'2020-02-29 19:03:28',	1),
(565,	'APAL-28842',	'Approval Ticket # APAL-28842',	78,	87,	1,	'2020-02-29',	'2020-02-29 19:11:52',	1),
(613,	'APAL-84241',	'Approval Ticket # APAL-84241',	2,	87,	1,	'2020-03-03',	'2020-03-03 01:48:44',	1),
(615,	'APAL-24884',	'Approval Ticket # APAL-24884',	2,	87,	1,	'2020-03-03',	'2020-03-03 01:52:31',	1),
(616,	'APAL-86132',	'Approval Ticket # APAL-86132',	2,	87,	1,	'2020-03-03',	'2020-03-03 01:56:07',	1),
(617,	'APAL-38350',	'Approval Ticket # APAL-38350',	2,	87,	1,	'2020-03-03',	'2020-03-03 01:58:49',	1),
(618,	'APAL-82937',	'Approval Ticket # APAL-82937',	2,	87,	1,	'2020-03-03',	'2020-03-03 02:14:08',	1),
(619,	'APAL-11717',	'Approval Ticket # APAL-11717',	2,	87,	1,	'2020-03-03',	'2020-03-03 02:19:34',	1),
(620,	'APAL-12554',	'Approval Ticket # APAL-12554',	2,	87,	1,	'2020-03-03',	'2020-03-03 02:25:23',	1),
(621,	'APAL-88760',	'Approval Ticket # APAL-88760',	2,	87,	1,	'2020-03-03',	'2020-03-03 02:26:28',	1),
(622,	'APAL-89141',	'Approval Ticket # APAL-89141',	2,	87,	1,	'2020-03-03',	'2020-03-03 02:27:41',	1),
(623,	'APAL-37990',	'Approval Ticket # APAL-37990',	2,	87,	1,	'2020-03-03',	'2020-03-03 02:29:41',	1),
(624,	'APAL-23305',	'Approval Ticket # APAL-23305',	2,	87,	1,	'2020-03-03',	'2020-03-03 02:32:50',	1),
(625,	'APAL-59836',	'Approval Ticket # APAL-59836',	2,	87,	1,	'2020-03-03',	'2020-03-03 02:33:42',	1),
(626,	'APAL-39230',	'Approval Ticket # APAL-39230',	2,	87,	1,	'2020-03-03',	'2020-03-03 02:36:23',	1),
(627,	'APAL-36058',	'Approval Ticket # APAL-36058',	2,	87,	1,	'2020-03-03',	'2020-03-03 02:36:29',	1),
(628,	'APAL-50775',	'Approval Ticket # APAL-50775',	2,	87,	1,	'2020-03-03',	'2020-03-03 02:37:26',	1),
(629,	'APAL-38632',	'Approval Ticket # APAL-38632',	2,	87,	1,	'2020-03-03',	'2020-03-03 07:59:37',	1),
(630,	'APAL-71357',	'Approval Ticket # APAL-71357',	2,	87,	1,	'2020-03-03',	'2020-03-03 08:01:54',	1),
(631,	'APAL-26087',	'Approval Ticket # APAL-26087',	2,	87,	1,	'2020-03-03',	'2020-03-03 08:02:45',	1),
(632,	'APAL-56811',	'Approval Ticket # APAL-56811',	2,	87,	1,	'2020-03-03',	'2020-03-03 08:04:29',	1),
(633,	'APAL-82268',	'Approval Ticket # APAL-82268',	5,	87,	1,	'2020-03-04',	'2020-03-04 14:07:29',	1),
(637,	'APAL-42629',	'Approval Ticket # APAL-42629',	5,	87,	1,	'2020-03-04',	'2020-03-04 17:41:58',	1),
(638,	'APAL-18403',	'Approval Ticket # APAL-18403',	5,	87,	1,	'2020-03-04',	'2020-03-04 17:43:49',	1),
(643,	'APAL-24068',	'Approval Ticket # APAL-24068',	5,	87,	1,	'2020-03-04',	'2020-03-04 17:47:33',	1),
(645,	'APAL-80520',	'Approval Ticket # APAL-80520',	5,	87,	1,	'2020-03-04',	'2020-03-04 17:50:40',	1),
(646,	'APAL-60001',	'Approval Ticket # APAL-60001',	5,	87,	1,	'2020-03-04',	'2020-03-04 17:52:05',	1),
(647,	'APAL-72457',	'Approval Ticket # APAL-72457',	5,	87,	1,	'2020-03-04',	'2020-03-04 17:52:56',	1),
(648,	'APAL-77158',	'Approval Ticket # APAL-77158',	5,	87,	1,	'2020-03-04',	'2020-03-04 17:54:43',	1),
(649,	'APAL-88940',	'Approval Ticket # APAL-88940',	5,	87,	1,	'2020-03-04',	'2020-03-04 17:59:08',	1),
(650,	'APAL-68286',	'Approval Ticket # APAL-68286',	5,	87,	1,	'2020-03-04',	'2020-03-04 18:01:18',	1),
(651,	'APAL-48709',	'Approval Ticket # APAL-48709',	5,	87,	1,	'2020-03-04',	'2020-03-04 18:02:15',	1),
(652,	'APAL-78800',	'Approval Ticket # APAL-78800',	5,	87,	1,	'2020-03-04',	'2020-03-04 18:03:10',	1),
(653,	'APAL-3175',	'Approval Ticket # APAL-3175',	5,	87,	1,	'2020-03-04',	'2020-03-04 18:09:12',	1),
(654,	'APAL-8425',	'Approval Ticket # APAL-8425',	5,	87,	1,	'2020-03-04',	'2020-03-04 18:09:42',	1),
(655,	'APAL-56555',	'Approval Ticket # APAL-56555',	5,	87,	1,	'2020-03-04',	'2020-03-04 18:10:49',	1),
(656,	'APAL-10461',	'Approval Ticket # APAL-10461',	5,	87,	1,	'2020-03-04',	'2020-03-04 18:11:29',	1),
(657,	'APAL-68105',	'Approval Ticket # APAL-68105',	5,	87,	1,	'2020-03-04',	'2020-03-04 18:11:46',	1),
(658,	'APAL-19959',	'Approval Ticket # APAL-19959',	5,	87,	1,	'2020-03-04',	'2020-03-04 22:22:16',	1),
(659,	'APAL-39515',	'Approval Ticket # APAL-39515',	3,	87,	1,	'2020-03-05',	'2020-03-05 22:44:53',	1),
(663,	'APAL-43195',	'Approval Ticket # APAL-43195',	9,	87,	1,	'2020-03-06',	'2020-03-06 00:09:38',	1),
(664,	'APAL-13035',	'Approval Ticket # APAL-13035',	3,	87,	1,	'2020-03-06',	'2020-03-06 05:21:43',	1),
(665,	'APAL-51120',	'Approval Ticket # APAL-51120',	3,	87,	1,	'2020-03-06',	'2020-03-06 05:23:23',	1),
(666,	'APAL-65509',	'Approval Ticket # APAL-65509',	3,	87,	1,	'2020-03-06',	'2020-03-06 05:24:44',	1),
(667,	'APAL-10071',	'Approval Ticket # APAL-10071',	3,	87,	1,	'2020-03-06',	'2020-03-06 05:29:17',	1),
(668,	'APAL-9872',	'Approval Ticket # APAL-9872',	3,	87,	1,	'2020-03-06',	'2020-03-06 05:30:51',	1),
(669,	'APAL-61157',	'Approval Ticket # APAL-61157',	3,	87,	1,	'2020-03-06',	'2020-03-06 05:32:16',	1),
(670,	'APAL-86793',	'Approval Ticket # APAL-86793',	50,	87,	1,	'2020-03-06',	'2020-03-06 05:40:21',	1),
(671,	'APAL-4049',	'Approval Ticket # APAL-4049',	49,	87,	1,	'2020-03-06',	'2020-03-06 05:50:13',	1),
(672,	'APAL-77467',	'Approval Ticket # APAL-77467',	2,	87,	1,	'2020-03-06',	'2020-03-06 06:23:41',	1),
(673,	'APAL-5934',	'Approval Ticket # APAL-5934',	2,	87,	1,	'2020-03-06',	'2020-03-06 06:25:18',	1),
(674,	'APAL-84009',	'Approval Ticket # APAL-84009',	2,	87,	1,	'2020-03-06',	'2020-03-06 06:29:07',	1),
(675,	'APAL-65111',	'Approval Ticket # APAL-65111',	2,	87,	1,	'2020-03-06',	'2020-03-06 06:41:59',	1),
(676,	'APAL-64740',	'Approval Ticket # APAL-64740',	2,	87,	1,	'2020-03-06',	'2020-03-06 06:45:55',	1),
(677,	'APAL-39231',	'Approval Ticket # APAL-39231',	2,	87,	1,	'2020-03-06',	'2020-03-06 06:47:21',	1),
(678,	'APAL-72837',	'Approval Ticket # APAL-72837',	29,	87,	1,	'2020-03-06',	'2020-03-06 09:05:54',	1),
(679,	'APAL-62830',	'Approval Ticket # APAL-62830',	52,	87,	1,	'2020-03-06',	'2020-03-06 09:13:25',	1),
(680,	'APAL-3261',	'Approval Ticket # APAL-3261',	49,	87,	1,	'2020-03-06',	'2020-03-06 09:18:01',	1),
(681,	'APAL-74429',	'Approval Ticket # APAL-74429',	3,	87,	5,	'2020-03-06',	'2020-03-06 10:01:03',	5),
(682,	'APAL-45800',	'Approval Ticket # APAL-45800',	2,	87,	1,	'2020-03-06',	'2020-03-06 10:36:12',	1),
(683,	'APAL-83198',	'Approval Ticket # APAL-83198',	2,	87,	1,	'2020-03-06',	'2020-03-06 17:38:19',	1),
(684,	'APAL-79323',	'Approval Ticket # APAL-79323',	32,	87,	1,	'2020-03-07',	'2020-03-07 01:49:06',	1),
(685,	'APAL-31450',	'Approval Ticket # APAL-31450',	26,	87,	1,	'2020-03-07',	'2020-03-07 01:55:13',	1),
(686,	'APAL-5243',	'Approval Ticket # APAL-5243',	32,	87,	1,	'2020-03-07',	'2020-03-07 02:52:58',	1),
(687,	'APAL-59144',	'Approval Ticket # APAL-59144',	32,	87,	1,	'2020-03-07',	'2020-03-07 02:54:39',	1),
(688,	'APAL-22037',	'Approval Ticket # APAL-22037',	32,	87,	1,	'2020-03-07',	'2020-03-07 02:56:38',	1),
(689,	'APAL-63418',	'Approval Ticket # APAL-63418',	32,	87,	1,	'2020-03-07',	'2020-03-07 02:58:06',	1),
(691,	'APAL-38726',	'Approval Ticket # APAL-38726',	21,	87,	1,	'2020-03-07',	'2020-03-07 04:21:56',	1),
(692,	'APAL-39926',	'Approval Ticket # APAL-39926',	32,	87,	1,	'2020-03-07',	'2020-03-07 04:23:20',	1),
(693,	'APAL-74822',	'Approval Ticket # APAL-74822',	32,	87,	1,	'2020-03-07',	'2020-03-07 04:24:17',	1),
(695,	'APAL-63220',	'Approval Ticket # APAL-63220',	38,	87,	1,	'2020-03-07',	'2020-03-07 05:29:10',	1),
(696,	'APAL-86895',	'Approval Ticket # APAL-86895',	2,	102,	1,	'2020-03-07',	'2020-03-07 05:36:08',	1),
(697,	'APAL-56477',	'Approval Ticket # APAL-56477',	38,	87,	1,	'2020-03-07',	'2020-03-07 06:03:30',	1),
(700,	'APAL-46485',	'Approval Ticket # APAL-46485',	33,	87,	1,	'2020-03-07',	'2020-03-07 06:14:11',	1),
(701,	'APAL-41347',	'Approval Ticket # APAL-41347',	71,	87,	1,	'2020-03-07',	'2020-03-07 06:23:33',	1),
(702,	'APAL-70521',	'Approval Ticket # APAL-70521',	2,	87,	1,	'2020-03-07',	'2020-03-07 06:23:33',	1),
(703,	'APAL-21867',	'Approval Ticket # APAL-21867',	2,	102,	1,	'2020-03-07',	'2020-03-07 06:25:44',	1),
(704,	'APAL-4778',	'Approval Ticket # APAL-4778',	22,	87,	1,	'2020-03-07',	'2020-03-07 06:36:47',	1),
(705,	'APAL-29796',	'Approval Ticket # APAL-29796',	23,	87,	1,	'2020-03-07',	'2020-03-07 06:38:18',	1),
(706,	'APAL-61231',	'Approval Ticket # APAL-61231',	22,	87,	1,	'2020-03-07',	'2020-03-07 06:42:38',	1),
(707,	'APAL-87998',	'Approval Ticket # APAL-87998',	23,	87,	1,	'2020-03-07',	'2020-03-07 06:43:49',	1),
(708,	'APAL-32202',	'Approval Ticket # APAL-32202',	22,	87,	1,	'2020-03-07',	'2020-03-07 06:46:10',	1),
(713,	'APAL-16334',	'Approval Ticket # APAL-16334',	5,	102,	5,	'2020-03-07',	'2020-03-07 07:41:09',	5),
(714,	'APAL-28672',	'Approval Ticket # APAL-28672',	32,	87,	1,	'2020-03-07',	'2020-03-07 07:09:03',	1),
(715,	'APAL-3704',	'Approval Ticket # APAL-3704',	32,	87,	1,	'2020-03-07',	'2020-03-07 07:42:53',	1),
(716,	'APAL-86315',	'Approval Ticket # APAL-86315',	3,	102,	5,	'2020-03-07',	'2020-03-07 09:13:03',	5),
(717,	'APAL-49505',	'Approval Ticket # APAL-49505',	51,	87,	1,	'2020-03-07',	'2020-03-07 09:35:21',	1),
(721,	'APAL-65291',	'Approval Ticket # APAL-65291',	2,	87,	1,	'2020-03-07',	'2020-03-07 10:24:52',	1),
(722,	'APAL-73429',	'Approval Ticket # APAL-73429',	2,	87,	1,	'2020-03-07',	'2020-03-07 10:27:58',	1),
(723,	'APAL-58004',	'Approval Ticket # APAL-58004',	3,	102,	5,	'2020-03-07',	'2020-03-07 10:43:13',	5),
(724,	'APAL-10610',	'Approval Ticket # APAL-10610',	52,	87,	1,	'2020-03-07',	'2020-03-07 10:50:38',	1),
(725,	'APAL-68209',	'Approval Ticket # APAL-68209',	49,	87,	1,	'2020-03-07',	'2020-03-07 10:51:36',	1),
(726,	'APAL-66182',	'Approval Ticket # APAL-66182',	23,	87,	1,	'2020-03-07',	'2020-03-07 11:04:26',	1),
(727,	'APAL-32959',	'Approval Ticket # APAL-32959',	23,	87,	1,	'2020-03-07',	'2020-03-07 11:06:04',	1),
(729,	'APAL-37874',	'Approval Ticket # APAL-37874',	2,	102,	1,	'2020-03-07',	'2020-03-07 11:34:00',	1),
(731,	'APAL-72184',	'Approval Ticket # APAL-72184',	2,	102,	5,	'2020-03-07',	'2020-03-07 11:50:19',	5),
(732,	'APAL-26838',	'Approval Ticket # APAL-26838',	38,	87,	1,	'2020-03-07',	'2020-03-07 12:07:24',	1),
(733,	'APAL-44880',	'Approval Ticket # APAL-44880',	71,	87,	5,	'2020-03-07',	'2020-03-07 12:11:32',	5),
(734,	'APAL-33241',	'Approval Ticket # APAL-33241',	2,	87,	5,	'2020-03-07',	'2020-03-07 12:11:32',	5),
(735,	'APAL-28346',	'Approval Ticket # APAL-28346',	22,	87,	1,	'2020-03-08',	'2020-03-08 18:02:49',	1),
(736,	'APAL-20720',	'Approval Ticket # APAL-20720',	23,	87,	1,	'2020-03-08',	'2020-03-08 18:03:55',	1),
(737,	'APAL-2790',	'Approval Ticket # APAL-2790',	26,	87,	1,	'2020-03-08',	'2020-03-08 20:26:09',	1),
(738,	'APAL-7138',	'Approval Ticket # APAL-7138',	22,	87,	1,	'2020-03-08',	'2020-03-08 20:55:06',	1),
(739,	'APAL-32287',	'Approval Ticket # APAL-32287',	23,	87,	1,	'2020-03-08',	'2020-03-08 20:56:05',	1),
(740,	'APAL-74886',	'Approval Ticket # APAL-74886',	22,	87,	1,	'2020-03-08',	'2020-03-08 20:58:08',	1),
(741,	'APAL-10546',	'Approval Ticket # APAL-10546',	23,	87,	1,	'2020-03-08',	'2020-03-08 20:59:32',	1),
(742,	'APAL-68713',	'Approval Ticket # APAL-68713',	22,	87,	1,	'2020-03-08',	'2020-03-08 21:02:26',	1),
(743,	'APAL-73259',	'Approval Ticket # APAL-73259',	23,	87,	1,	'2020-03-08',	'2020-03-08 21:03:15',	1),
(748,	'APAL-82624',	'Approval Ticket # APAL-82624',	81,	87,	1,	'2020-03-09',	'2020-03-09 05:40:01',	1),
(749,	'APAL-37475',	'Approval Ticket # APAL-37475',	81,	87,	1,	'2020-03-09',	'2020-03-09 05:41:30',	1),
(750,	'APAL-12171',	'Approval Ticket # APAL-12171',	81,	87,	1,	'2020-03-09',	'2020-03-09 05:43:25',	1),
(751,	'APAL-84802',	'Approval Ticket # APAL-84802',	81,	87,	1,	'2020-03-09',	'2020-03-09 05:51:11',	1),
(752,	'APAL-1194',	'Approval Ticket # APAL-1194',	81,	87,	1,	'2020-03-09',	'2020-03-09 05:55:17',	1),
(754,	'APAL-1040',	'Approval Ticket # APAL-1040',	81,	87,	1,	'2020-03-09',	'2020-03-09 05:58:23',	1),
(755,	'APAL-70174',	'Approval Ticket # APAL-70174',	81,	87,	1,	'2020-03-09',	'2020-03-09 06:09:39',	1),
(756,	'APAL-30608',	'Approval Ticket # APAL-30608',	81,	87,	1,	'2020-03-09',	'2020-03-09 06:10:42',	1),
(757,	'APAL-54545',	'Approval Ticket # APAL-54545',	81,	87,	1,	'2020-03-09',	'2020-03-09 06:12:37',	1),
(758,	'APAL-26566',	'Approval Ticket # APAL-26566',	81,	87,	1,	'2020-03-09',	'2020-03-09 06:17:46',	1),
(760,	'APAL-22180',	'Approval Ticket # APAL-22180',	4,	87,	1,	'2020-03-11',	'2020-03-10 23:42:07',	1),
(761,	'APAL-64170',	'Approval Ticket # APAL-64170',	21,	87,	1,	'2020-03-12',	'2020-03-12 05:16:44',	1),
(762,	'APAL-18306',	'Approval Ticket # APAL-18306',	29,	87,	1,	'2020-03-12',	'2020-03-12 05:44:11',	1),
(764,	'APAL-83957',	'Approval Ticket # APAL-83957',	48,	87,	1,	'2020-03-12',	'2020-03-12 05:46:36',	1),
(780,	'APAL-32284',	'Approval Ticket # APAL-32284',	49,	87,	1,	'2020-03-12',	'2020-03-12 06:05:09',	1),
(781,	'APAL-60310',	'Approval Ticket # APAL-60310',	52,	87,	1,	'2020-03-12',	'2020-03-12 06:05:45',	1),
(782,	'APAL-88826',	'Approval Ticket # APAL-88826',	49,	87,	1,	'2020-03-12',	'2020-03-12 06:16:29',	1),
(785,	'APAL-88199',	'Approval Ticket # APAL-88199',	22,	87,	1,	'2020-03-12',	'2020-03-12 06:24:50',	1),
(786,	'APAL-86458',	'Approval Ticket # APAL-86458',	26,	87,	1,	'2020-03-12',	'2020-03-12 19:06:05',	1),
(787,	'APAL-2503',	'Approval Ticket # APAL-2503',	8,	87,	1,	'2020-03-12',	'2020-03-12 19:08:21',	1),
(788,	'APAL-37977',	'Approval Ticket # APAL-37977',	8,	87,	1,	'2020-03-12',	'2020-03-12 19:11:55',	1),
(789,	'APAL-80107',	'Approval Ticket # APAL-80107',	3,	87,	1,	'2020-03-12',	'2020-03-12 19:14:13',	1),
(790,	'APAL-60550',	'Approval Ticket # APAL-60550',	3,	87,	1,	'2020-03-12',	'2020-03-12 19:20:37',	1),
(791,	'APAL-73424',	'Approval Ticket # APAL-73424',	3,	87,	1,	'2020-03-12',	'2020-03-12 19:23:02',	1),
(792,	'APAL-43104',	'Approval Ticket # APAL-43104',	3,	87,	1,	'2020-03-12',	'2020-03-12 19:39:41',	1),
(793,	'APAL-23825',	'Approval Ticket # APAL-23825',	71,	87,	1,	'2020-03-12',	'2020-03-12 19:41:53',	1),
(794,	'APAL-38867',	'Approval Ticket # APAL-38867',	2,	87,	1,	'2020-03-12',	'2020-03-12 19:41:53',	1),
(795,	'APAL-53962',	'Approval Ticket # APAL-53962',	2,	87,	1,	'2020-03-13',	'2020-03-12 23:46:24',	1),
(796,	'APAL-3956',	'Approval Ticket # APAL-3956',	4,	87,	1,	'2020-03-13',	'2020-03-13 08:26:03',	1),
(797,	'APAL-10087',	'Approval Ticket # APAL-10087',	26,	87,	1,	'2020-03-13',	'2020-03-13 08:32:25',	1),
(798,	'APAL-23442',	'Approval Ticket # APAL-23442',	29,	87,	1,	'2020-03-14',	'2020-03-14 06:23:07',	1),
(799,	'APAL-85001',	'Approval Ticket # APAL-85001',	20,	87,	1,	'2020-03-14',	'2020-03-14 06:24:58',	1),
(800,	'APAL-35632',	'Approval Ticket # APAL-35632',	20,	87,	1,	'2020-03-14',	'2020-03-14 06:25:44',	1),
(801,	'APAL-2255',	'Approval Ticket # APAL-2255',	20,	87,	1,	'2020-03-14',	'2020-03-14 06:26:25',	1),
(802,	'APAL-56127',	'Approval Ticket # APAL-56127',	45,	87,	1,	'2020-03-14',	'2020-03-14 07:09:27',	1),
(803,	'APAL-87934',	'Approval Ticket # APAL-87934',	41,	87,	1,	'2020-03-14',	'2020-03-14 07:32:41',	1),
(804,	'APAL-20695',	'Approval Ticket # APAL-20695',	33,	87,	1,	'2020-03-14',	'2020-03-14 07:34:22',	1),
(806,	'APAL-84538',	'Approval Ticket # APAL-84538',	51,	87,	1,	'2020-03-14',	'2020-03-14 07:36:27',	1),
(807,	'APAL-17063',	'Approval Ticket # APAL-17063',	65,	87,	1,	'2020-03-14',	'2020-03-14 07:41:46',	1),
(808,	'APAL-38037',	'Approval Ticket # APAL-38037',	49,	87,	1,	'2020-03-14',	'2020-03-14 07:42:39',	1),
(809,	'APAL-78010',	'Approval Ticket # APAL-78010',	20,	87,	1,	'2020-03-16',	'2020-03-16 09:31:16',	1),
(810,	'APAL-33878',	'Approval Ticket # APAL-33878',	33,	87,	1,	'2020-03-16',	'2020-03-16 09:31:56',	1),
(811,	'APAL-8993',	'Approval Ticket # APAL-8993',	22,	87,	1,	'2020-03-16',	'2020-03-16 13:34:11',	1),
(812,	'APAL-4426',	'Approval Ticket # APAL-4426',	23,	87,	1,	'2020-03-16',	'2020-03-16 13:34:45',	1),
(813,	'APAL-70594',	'Approval Ticket # APAL-70594',	29,	87,	1,	'2020-03-16',	'2020-03-16 16:40:32',	1),
(814,	'APAL-64920',	'Approval Ticket # APAL-64920',	65,	87,	1,	'2020-03-16',	'2020-03-16 16:40:32',	1),
(815,	'APAL-58183',	'Approval Ticket # APAL-58183',	49,	87,	1,	'2020-03-16',	'2020-03-16 16:40:32',	1),
(816,	'APAL-58475',	'Approval Ticket # APAL-58475',	29,	87,	1,	'2020-03-16',	'2020-03-16 16:46:11',	1),
(817,	'APAL-65583',	'Approval Ticket # APAL-65583',	65,	87,	1,	'2020-03-16',	'2020-03-16 16:46:11',	1),
(818,	'APAL-1949',	'Approval Ticket # APAL-1949',	49,	87,	1,	'2020-03-16',	'2020-03-16 16:46:11',	1),
(819,	'APAL-51378',	'Approval Ticket # APAL-51378',	29,	87,	1,	'2020-03-16',	'2020-03-16 17:16:35',	1),
(820,	'APAL-60437',	'Approval Ticket # APAL-60437',	65,	87,	1,	'2020-03-16',	'2020-03-16 17:16:35',	1),
(821,	'APAL-71997',	'Approval Ticket # APAL-71997',	49,	87,	1,	'2020-03-16',	'2020-03-16 17:16:35',	1),
(833,	'APAL-24809',	'Approval Ticket # APAL-24809',	20,	87,	1,	'2020-03-16',	'2020-03-16 19:29:20',	1),
(834,	'APAL-50252',	'Approval Ticket # APAL-50252',	33,	87,	1,	'2020-03-16',	'2020-03-16 19:29:20',	1),
(835,	'APAL-1409',	'Approval Ticket # APAL-1409',	22,	87,	1,	'2020-03-18',	'2020-03-18 06:16:50',	1),
(836,	'APAL-83425',	'Approval Ticket # APAL-83425',	22,	87,	1,	'2020-03-18',	'2020-03-18 06:16:50',	1),
(837,	'APAL-18341',	'Approval Ticket # APAL-18341',	22,	87,	1,	'2020-03-18',	'2020-03-18 06:16:50',	1),
(838,	'APAL-70804',	'Approval Ticket # APAL-70804',	22,	87,	1,	'2020-03-18',	'2020-03-18 06:16:50',	1),
(839,	'APAL-18034',	'Approval Ticket # APAL-18034',	22,	87,	1,	'2020-03-18',	'2020-03-18 06:16:50',	1),
(840,	'APAL-22987',	'Approval Ticket # APAL-22987',	22,	87,	1,	'2020-03-18',	'2020-03-18 06:16:50',	1),
(841,	'APAL-62949',	'Approval Ticket # APAL-62949',	22,	87,	1,	'2020-03-18',	'2020-03-18 06:16:50',	1),
(842,	'APAL-37945',	'Approval Ticket # APAL-37945',	22,	87,	1,	'2020-03-18',	'2020-03-18 06:16:50',	1),
(843,	'APAL-6629',	'Approval Ticket # APAL-6629',	22,	87,	1,	'2020-03-18',	'2020-03-18 06:16:50',	1),
(844,	'APAL-58161',	'Approval Ticket # APAL-58161',	22,	87,	1,	'2020-03-18',	'2020-03-18 06:16:50',	1),
(845,	'APAL-40828',	'Approval Ticket # APAL-40828',	22,	87,	1,	'2020-03-18',	'2020-03-18 06:16:50',	1),
(846,	'APAL-43063',	'Approval Ticket # APAL-43063',	22,	87,	1,	'2020-03-18',	'2020-03-18 06:16:50',	1),
(847,	'APAL-85806',	'Approval Ticket # APAL-85806',	22,	87,	1,	'2020-03-18',	'2020-03-18 06:16:50',	1),
(848,	'APAL-84830',	'Approval Ticket # APAL-84830',	22,	87,	1,	'2020-03-18',	'2020-03-18 06:16:50',	1),
(849,	'APAL-29928',	'Approval Ticket # APAL-29928',	22,	87,	1,	'2020-03-18',	'2020-03-18 06:16:50',	1),
(850,	'APAL-33910',	'Approval Ticket # APAL-33910',	22,	87,	1,	'2020-03-18',	'2020-03-18 06:16:50',	1),
(851,	'APAL-1653',	'Approval Ticket # APAL-1653',	22,	87,	1,	'2020-03-18',	'2020-03-18 06:16:50',	1),
(852,	'APAL-50396',	'Approval Ticket # APAL-50396',	22,	87,	1,	'2020-03-18',	'2020-03-18 06:16:50',	1),
(853,	'APAL-19440',	'Approval Ticket # APAL-19440',	22,	87,	1,	'2020-03-18',	'2020-03-18 06:16:50',	1),
(854,	'APAL-38475',	'Approval Ticket # APAL-38475',	22,	87,	1,	'2020-03-18',	'2020-03-18 06:16:50',	1),
(855,	'APAL-79738',	'Approval Ticket # APAL-79738',	22,	87,	1,	'2020-03-18',	'2020-03-18 06:16:50',	1),
(856,	'APAL-15184',	'Approval Ticket # APAL-15184',	22,	87,	1,	'2020-03-18',	'2020-03-18 06:16:50',	1),
(857,	'APAL-9061',	'Approval Ticket # APAL-9061',	22,	87,	1,	'2020-03-18',	'2020-03-18 06:16:50',	1),
(858,	'APAL-12048',	'Approval Ticket # APAL-12048',	22,	87,	1,	'2020-03-18',	'2020-03-18 06:16:50',	1),
(859,	'APAL-72845',	'Approval Ticket # APAL-72845',	22,	87,	1,	'2020-03-18',	'2020-03-18 06:16:50',	1),
(860,	'APAL-36335',	'Approval Ticket # APAL-36335',	22,	87,	1,	'2020-03-18',	'2020-03-18 06:16:50',	1),
(861,	'APAL-3423',	'Approval Ticket # APAL-3423',	22,	87,	1,	'2020-03-18',	'2020-03-18 06:16:50',	1),
(862,	'APAL-62442',	'Approval Ticket # APAL-62442',	22,	87,	1,	'2020-03-18',	'2020-03-18 06:16:50',	1),
(863,	'APAL-69182',	'Approval Ticket # APAL-69182',	22,	87,	1,	'2020-03-18',	'2020-03-18 06:16:50',	1),
(864,	'APAL-19630',	'Approval Ticket # APAL-19630',	22,	87,	1,	'2020-03-18',	'2020-03-18 06:16:50',	1),
(865,	'APAL-49871',	'Approval Ticket # APAL-49871',	22,	87,	1,	'2020-03-18',	'2020-03-18 06:16:50',	1),
(866,	'APAL-28930',	'Approval Ticket # APAL-28930',	22,	87,	1,	'2020-03-18',	'2020-03-18 06:16:50',	1),
(867,	'APAL-49003',	'Approval Ticket # APAL-49003',	22,	87,	1,	'2020-03-18',	'2020-03-18 06:16:50',	1),
(868,	'APAL-63473',	'Approval Ticket # APAL-63473',	22,	87,	1,	'2020-03-18',	'2020-03-18 06:16:50',	1),
(869,	'APAL-37191',	'Approval Ticket # APAL-37191',	22,	87,	1,	'2020-03-18',	'2020-03-18 06:16:50',	1),
(870,	'APAL-63910',	'Approval Ticket # APAL-63910',	22,	87,	1,	'2020-03-18',	'2020-03-18 06:16:50',	1),
(871,	'APAL-40590',	'Approval Ticket # APAL-40590',	22,	87,	1,	'2020-03-18',	'2020-03-18 06:16:50',	1),
(872,	'APAL-69036',	'Approval Ticket # APAL-69036',	22,	87,	1,	'2020-03-18',	'2020-03-18 06:16:50',	1),
(873,	'APAL-45734',	'Approval Ticket # APAL-45734',	22,	87,	1,	'2020-03-18',	'2020-03-18 06:16:50',	1),
(874,	'APAL-85952',	'Approval Ticket # APAL-85952',	22,	87,	1,	'2020-03-18',	'2020-03-18 06:16:50',	1),
(875,	'APAL-83257',	'Approval Ticket # APAL-83257',	22,	87,	1,	'2020-03-18',	'2020-03-18 06:16:50',	1),
(876,	'APAL-63846',	'Approval Ticket # APAL-63846',	22,	87,	1,	'2020-03-18',	'2020-03-18 06:16:50',	1),
(877,	'APAL-60590',	'Approval Ticket # APAL-60590',	22,	87,	1,	'2020-03-18',	'2020-03-18 06:16:50',	1),
(878,	'APAL-22266',	'Approval Ticket # APAL-22266',	22,	87,	1,	'2020-03-18',	'2020-03-18 06:16:50',	1),
(879,	'APAL-18820',	'Approval Ticket # APAL-18820',	22,	87,	1,	'2020-03-18',	'2020-03-18 06:16:50',	1),
(880,	'APAL-89554',	'Approval Ticket # APAL-89554',	22,	87,	1,	'2020-03-18',	'2020-03-18 06:16:50',	1),
(881,	'APAL-77835',	'Approval Ticket # APAL-77835',	22,	87,	1,	'2020-03-18',	'2020-03-18 06:16:50',	1),
(882,	'APAL-42185',	'Approval Ticket # APAL-42185',	22,	87,	1,	'2020-03-18',	'2020-03-18 06:16:50',	1),
(883,	'APAL-51510',	'Approval Ticket # APAL-51510',	22,	87,	1,	'2020-03-18',	'2020-03-18 06:16:50',	1),
(884,	'APAL-82079',	'Approval Ticket # APAL-82079',	22,	87,	1,	'2020-03-18',	'2020-03-18 06:16:50',	1),
(885,	'APAL-74271',	'Approval Ticket # APAL-74271',	22,	87,	1,	'2020-03-18',	'2020-03-18 06:16:50',	1),
(886,	'APAL-3399',	'Approval Ticket # APAL-3399',	22,	87,	1,	'2020-03-18',	'2020-03-18 06:16:50',	1),
(887,	'APAL-40814',	'Approval Ticket # APAL-40814',	22,	87,	1,	'2020-03-18',	'2020-03-18 06:16:50',	1),
(888,	'APAL-36736',	'Approval Ticket # APAL-36736',	22,	87,	1,	'2020-03-18',	'2020-03-18 06:16:50',	1),
(889,	'APAL-59077',	'Approval Ticket # APAL-59077',	22,	87,	1,	'2020-03-18',	'2020-03-18 06:16:50',	1),
(890,	'APAL-21191',	'Approval Ticket # APAL-21191',	22,	87,	1,	'2020-03-18',	'2020-03-18 06:16:50',	1),
(891,	'APAL-11828',	'Approval Ticket # APAL-11828',	22,	87,	1,	'2020-03-18',	'2020-03-18 06:16:50',	1),
(892,	'APAL-38349',	'Approval Ticket # APAL-38349',	22,	87,	1,	'2020-03-18',	'2020-03-18 06:16:50',	1),
(893,	'APAL-84373',	'Approval Ticket # APAL-84373',	22,	87,	1,	'2020-03-18',	'2020-03-18 06:16:50',	1),
(894,	'APAL-20058',	'Approval Ticket # APAL-20058',	22,	87,	1,	'2020-03-18',	'2020-03-18 06:16:50',	1),
(895,	'APAL-82813',	'Approval Ticket # APAL-82813',	22,	87,	1,	'2020-03-18',	'2020-03-18 06:16:50',	1),
(896,	'APAL-53632',	'Approval Ticket # APAL-53632',	22,	87,	1,	'2020-03-18',	'2020-03-18 06:16:50',	1),
(897,	'APAL-23584',	'Approval Ticket # APAL-23584',	22,	87,	1,	'2020-03-18',	'2020-03-18 06:16:50',	1),
(898,	'APAL-88897',	'Approval Ticket # APAL-88897',	22,	87,	1,	'2020-03-18',	'2020-03-18 06:16:50',	1),
(899,	'APAL-37987',	'Approval Ticket # APAL-37987',	22,	87,	1,	'2020-03-18',	'2020-03-18 06:16:50',	1),
(900,	'APAL-83126',	'Approval Ticket # APAL-83126',	22,	87,	1,	'2020-03-18',	'2020-03-18 06:16:50',	1),
(901,	'APAL-30997',	'Approval Ticket # APAL-30997',	22,	87,	1,	'2020-03-18',	'2020-03-18 06:16:50',	1),
(902,	'APAL-59172',	'Approval Ticket # APAL-59172',	22,	87,	1,	'2020-03-18',	'2020-03-18 06:16:50',	1),
(903,	'APAL-86602',	'Approval Ticket # APAL-86602',	22,	87,	1,	'2020-03-18',	'2020-03-18 06:16:50',	1),
(904,	'APAL-77927',	'Approval Ticket # APAL-77927',	22,	87,	1,	'2020-03-18',	'2020-03-18 06:16:50',	1),
(905,	'APAL-10321',	'Approval Ticket # APAL-10321',	22,	87,	1,	'2020-03-18',	'2020-03-18 06:16:50',	1),
(906,	'APAL-72459',	'Approval Ticket # APAL-72459',	22,	87,	1,	'2020-03-18',	'2020-03-18 06:16:50',	1),
(907,	'APAL-77987',	'Approval Ticket # APAL-77987',	22,	87,	1,	'2020-03-18',	'2020-03-18 06:16:50',	1),
(908,	'APAL-12597',	'Approval Ticket # APAL-12597',	22,	87,	1,	'2020-03-18',	'2020-03-18 06:16:50',	1),
(909,	'APAL-31115',	'Approval Ticket # APAL-31115',	22,	87,	1,	'2020-03-18',	'2020-03-18 06:16:50',	1),
(910,	'APAL-79010',	'Approval Ticket # APAL-79010',	22,	87,	1,	'2020-03-18',	'2020-03-18 06:16:50',	1),
(911,	'APAL-38841',	'Approval Ticket # APAL-38841',	22,	87,	1,	'2020-03-18',	'2020-03-18 06:16:50',	1),
(912,	'APAL-83685',	'Approval Ticket # APAL-83685',	22,	87,	1,	'2020-03-18',	'2020-03-18 06:16:50',	1),
(913,	'APAL-34844',	'Approval Ticket # APAL-34844',	22,	87,	1,	'2020-03-18',	'2020-03-18 06:16:50',	1),
(914,	'APAL-25907',	'Approval Ticket # APAL-25907',	22,	87,	1,	'2020-03-18',	'2020-03-18 06:16:50',	1),
(915,	'APAL-72236',	'Approval Ticket # APAL-72236',	22,	87,	1,	'2020-03-18',	'2020-03-18 06:16:50',	1),
(916,	'APAL-35437',	'Approval Ticket # APAL-35437',	22,	87,	1,	'2020-03-18',	'2020-03-18 06:16:50',	1),
(917,	'APAL-11483',	'Approval Ticket # APAL-11483',	22,	87,	1,	'2020-03-18',	'2020-03-18 06:16:50',	1),
(918,	'APAL-86230',	'Approval Ticket # APAL-86230',	22,	87,	1,	'2020-03-18',	'2020-03-18 06:16:50',	1),
(919,	'APAL-61950',	'Approval Ticket # APAL-61950',	22,	87,	1,	'2020-03-18',	'2020-03-18 06:16:50',	1),
(920,	'APAL-9850',	'Approval Ticket # APAL-9850',	22,	87,	1,	'2020-03-18',	'2020-03-18 06:16:50',	1),
(921,	'APAL-26195',	'Approval Ticket # APAL-26195',	22,	87,	1,	'2020-03-18',	'2020-03-18 06:16:50',	1),
(922,	'APAL-57588',	'Approval Ticket # APAL-57588',	22,	87,	1,	'2020-03-18',	'2020-03-18 06:16:50',	1),
(923,	'APAL-80604',	'Approval Ticket # APAL-80604',	22,	87,	1,	'2020-03-18',	'2020-03-18 06:16:50',	1),
(924,	'APAL-15216',	'Approval Ticket # APAL-15216',	22,	87,	1,	'2020-03-18',	'2020-03-18 06:16:50',	1),
(925,	'APAL-4645',	'Approval Ticket # APAL-4645',	22,	87,	1,	'2020-03-18',	'2020-03-18 06:16:50',	1),
(926,	'APAL-58466',	'Approval Ticket # APAL-58466',	22,	87,	1,	'2020-03-18',	'2020-03-18 06:16:50',	1),
(927,	'APAL-69221',	'Approval Ticket # APAL-69221',	22,	87,	1,	'2020-03-18',	'2020-03-18 06:16:50',	1),
(928,	'APAL-79337',	'Approval Ticket # APAL-79337',	22,	87,	1,	'2020-03-18',	'2020-03-18 06:16:50',	1),
(929,	'APAL-34053',	'Approval Ticket # APAL-34053',	22,	87,	1,	'2020-03-18',	'2020-03-18 06:16:50',	1),
(930,	'APAL-82607',	'Approval Ticket # APAL-82607',	22,	87,	1,	'2020-03-18',	'2020-03-18 06:16:50',	1),
(931,	'APAL-84508',	'Approval Ticket # APAL-84508',	22,	87,	1,	'2020-03-18',	'2020-03-18 06:16:50',	1),
(932,	'APAL-67282',	'Approval Ticket # APAL-67282',	22,	87,	1,	'2020-03-18',	'2020-03-18 06:16:50',	1),
(933,	'APAL-47376',	'Approval Ticket # APAL-47376',	22,	87,	1,	'2020-03-18',	'2020-03-18 06:16:50',	1),
(934,	'APAL-54940',	'Approval Ticket # APAL-54940',	22,	87,	1,	'2020-03-18',	'2020-03-18 06:16:50',	1),
(935,	'APAL-83555',	'Approval Ticket # APAL-83555',	22,	87,	1,	'2020-03-18',	'2020-03-18 06:16:50',	1),
(936,	'APAL-30945',	'Approval Ticket # APAL-30945',	22,	87,	1,	'2020-03-18',	'2020-03-18 06:16:50',	1),
(937,	'APAL-73243',	'Approval Ticket # APAL-73243',	22,	87,	1,	'2020-03-18',	'2020-03-18 06:16:50',	1),
(938,	'APAL-88353',	'Approval Ticket # APAL-88353',	22,	87,	1,	'2020-03-18',	'2020-03-18 06:16:50',	1),
(939,	'APAL-78155',	'Approval Ticket # APAL-78155',	22,	87,	1,	'2020-03-18',	'2020-03-18 06:16:50',	1),
(940,	'APAL-25294',	'Approval Ticket # APAL-25294',	22,	87,	1,	'2020-03-18',	'2020-03-18 06:16:50',	1),
(941,	'APAL-60202',	'Approval Ticket # APAL-60202',	22,	87,	1,	'2020-03-18',	'2020-03-18 06:16:50',	1),
(942,	'APAL-39300',	'Approval Ticket # APAL-39300',	22,	87,	1,	'2020-03-18',	'2020-03-18 06:16:50',	1),
(943,	'APAL-6240',	'Approval Ticket # APAL-6240',	22,	87,	1,	'2020-03-18',	'2020-03-18 06:16:50',	1),
(944,	'APAL-64224',	'Approval Ticket # APAL-64224',	22,	87,	1,	'2020-03-18',	'2020-03-18 06:16:50',	1),
(945,	'APAL-5468',	'Approval Ticket # APAL-5468',	22,	87,	1,	'2020-03-18',	'2020-03-18 06:16:50',	1),
(946,	'APAL-9045',	'Approval Ticket # APAL-9045',	22,	87,	1,	'2020-03-18',	'2020-03-18 06:16:50',	1),
(947,	'APAL-61960',	'Approval Ticket # APAL-61960',	22,	87,	1,	'2020-03-18',	'2020-03-18 06:16:50',	1),
(948,	'APAL-41454',	'Approval Ticket # APAL-41454',	22,	87,	1,	'2020-03-18',	'2020-03-18 06:16:50',	1),
(949,	'APAL-50283',	'Approval Ticket # APAL-50283',	22,	87,	1,	'2020-03-18',	'2020-03-18 06:16:50',	1),
(950,	'APAL-12987',	'Approval Ticket # APAL-12987',	22,	87,	1,	'2020-03-18',	'2020-03-18 06:16:50',	1),
(951,	'APAL-56605',	'Approval Ticket # APAL-56605',	22,	87,	1,	'2020-03-18',	'2020-03-18 06:16:50',	1),
(952,	'APAL-63283',	'Approval Ticket # APAL-63283',	22,	87,	1,	'2020-03-18',	'2020-03-18 06:16:50',	1),
(953,	'APAL-18027',	'Approval Ticket # APAL-18027',	22,	87,	1,	'2020-03-18',	'2020-03-18 06:16:50',	1),
(954,	'APAL-71856',	'Approval Ticket # APAL-71856',	22,	87,	1,	'2020-03-18',	'2020-03-18 06:16:50',	1),
(955,	'APAL-35850',	'Approval Ticket # APAL-35850',	22,	87,	1,	'2020-03-18',	'2020-03-18 06:16:50',	1),
(956,	'APAL-46263',	'Approval Ticket # APAL-46263',	22,	87,	1,	'2020-03-18',	'2020-03-18 06:16:50',	1),
(957,	'APAL-69224',	'Approval Ticket # APAL-69224',	22,	87,	1,	'2020-03-18',	'2020-03-18 06:16:51',	1),
(958,	'APAL-26774',	'Approval Ticket # APAL-26774',	22,	87,	1,	'2020-03-18',	'2020-03-18 06:16:51',	1),
(959,	'APAL-57028',	'Approval Ticket # APAL-57028',	22,	87,	1,	'2020-03-18',	'2020-03-18 06:16:51',	1),
(960,	'APAL-68846',	'Approval Ticket # APAL-68846',	22,	87,	1,	'2020-03-18',	'2020-03-18 06:16:51',	1),
(961,	'APAL-35390',	'Approval Ticket # APAL-35390',	22,	87,	1,	'2020-03-18',	'2020-03-18 06:16:51',	1),
(962,	'APAL-62994',	'Approval Ticket # APAL-62994',	22,	87,	1,	'2020-03-18',	'2020-03-18 06:16:51',	1),
(963,	'APAL-59520',	'Approval Ticket # APAL-59520',	22,	87,	1,	'2020-03-18',	'2020-03-18 06:16:51',	1),
(964,	'APAL-69046',	'Approval Ticket # APAL-69046',	22,	87,	1,	'2020-03-18',	'2020-03-18 06:16:51',	1),
(965,	'APAL-44760',	'Approval Ticket # APAL-44760',	22,	87,	1,	'2020-03-18',	'2020-03-18 06:16:51',	1),
(966,	'APAL-35902',	'Approval Ticket # APAL-35902',	22,	87,	1,	'2020-03-18',	'2020-03-18 06:16:51',	1),
(967,	'APAL-78289',	'Approval Ticket # APAL-78289',	22,	87,	1,	'2020-03-18',	'2020-03-18 06:16:51',	1),
(968,	'APAL-18325',	'Approval Ticket # APAL-18325',	22,	87,	1,	'2020-03-18',	'2020-03-18 06:16:51',	1),
(969,	'APAL-86149',	'Approval Ticket # APAL-86149',	22,	87,	1,	'2020-03-18',	'2020-03-18 06:16:51',	1),
(970,	'APAL-49292',	'Approval Ticket # APAL-49292',	22,	87,	1,	'2020-03-18',	'2020-03-18 06:16:51',	1),
(971,	'APAL-59217',	'Approval Ticket # APAL-59217',	22,	87,	1,	'2020-03-18',	'2020-03-18 06:16:51',	1),
(972,	'APAL-66704',	'Approval Ticket # APAL-66704',	22,	87,	1,	'2020-03-18',	'2020-03-18 06:16:51',	1),
(973,	'APAL-32753',	'Approval Ticket # APAL-32753',	22,	87,	1,	'2020-03-18',	'2020-03-18 06:16:51',	1),
(974,	'APAL-1902',	'Approval Ticket # APAL-1902',	22,	87,	1,	'2020-03-18',	'2020-03-18 06:16:51',	1),
(975,	'APAL-72862',	'Approval Ticket # APAL-72862',	22,	87,	1,	'2020-03-18',	'2020-03-18 06:16:51',	1),
(976,	'APAL-75404',	'Approval Ticket # APAL-75404',	22,	87,	1,	'2020-03-18',	'2020-03-18 06:16:51',	1),
(977,	'APAL-82103',	'Approval Ticket # APAL-82103',	22,	87,	1,	'2020-03-18',	'2020-03-18 06:16:51',	1),
(978,	'APAL-37385',	'Approval Ticket # APAL-37385',	22,	87,	1,	'2020-03-18',	'2020-03-18 06:16:51',	1),
(979,	'APAL-6683',	'Approval Ticket # APAL-6683',	22,	87,	1,	'2020-03-18',	'2020-03-18 06:16:51',	1),
(980,	'APAL-13803',	'Approval Ticket # APAL-13803',	22,	87,	1,	'2020-03-18',	'2020-03-18 06:16:51',	1),
(981,	'APAL-33339',	'Approval Ticket # APAL-33339',	22,	87,	1,	'2020-03-18',	'2020-03-18 06:16:51',	1),
(982,	'APAL-69924',	'Approval Ticket # APAL-69924',	22,	87,	1,	'2020-03-18',	'2020-03-18 06:16:51',	1),
(983,	'APAL-75868',	'Approval Ticket # APAL-75868',	22,	87,	1,	'2020-03-18',	'2020-03-18 06:16:51',	1),
(984,	'APAL-42054',	'Approval Ticket # APAL-42054',	22,	87,	1,	'2020-03-18',	'2020-03-18 06:16:51',	1),
(985,	'APAL-79243',	'Approval Ticket # APAL-79243',	22,	87,	1,	'2020-03-18',	'2020-03-18 06:16:51',	1),
(986,	'APAL-67703',	'Approval Ticket # APAL-67703',	22,	87,	1,	'2020-03-18',	'2020-03-18 06:16:51',	1),
(987,	'APAL-48311',	'Approval Ticket # APAL-48311',	22,	87,	1,	'2020-03-18',	'2020-03-18 06:16:51',	1),
(988,	'APAL-1344',	'Approval Ticket # APAL-1344',	22,	87,	1,	'2020-03-18',	'2020-03-18 06:16:51',	1),
(989,	'APAL-11354',	'Approval Ticket # APAL-11354',	22,	87,	1,	'2020-03-18',	'2020-03-18 06:16:51',	1),
(990,	'APAL-29525',	'Approval Ticket # APAL-29525',	22,	87,	1,	'2020-03-18',	'2020-03-18 06:16:51',	1),
(991,	'APAL-84533',	'Approval Ticket # APAL-84533',	22,	87,	1,	'2020-03-18',	'2020-03-18 06:16:51',	1),
(992,	'APAL-19289',	'Approval Ticket # APAL-19289',	22,	87,	1,	'2020-03-18',	'2020-03-18 06:16:51',	1),
(993,	'APAL-62475',	'Approval Ticket # APAL-62475',	22,	87,	1,	'2020-03-18',	'2020-03-18 06:16:51',	1),
(994,	'APAL-74813',	'Approval Ticket # APAL-74813',	22,	87,	1,	'2020-03-18',	'2020-03-18 06:16:51',	1),
(995,	'APAL-18508',	'Approval Ticket # APAL-18508',	22,	87,	1,	'2020-03-18',	'2020-03-18 06:16:51',	1),
(996,	'APAL-44272',	'Approval Ticket # APAL-44272',	22,	87,	1,	'2020-03-18',	'2020-03-18 06:16:51',	1),
(997,	'APAL-60356',	'Approval Ticket # APAL-60356',	22,	87,	1,	'2020-03-18',	'2020-03-18 06:16:51',	1),
(998,	'APAL-40045',	'Approval Ticket # APAL-40045',	22,	87,	1,	'2020-03-18',	'2020-03-18 06:16:51',	1),
(999,	'APAL-39302',	'Approval Ticket # APAL-39302',	22,	87,	1,	'2020-03-18',	'2020-03-18 06:16:51',	1),
(1000,	'APAL-9464',	'Approval Ticket # APAL-9464',	22,	87,	1,	'2020-03-18',	'2020-03-18 06:16:51',	1),
(1001,	'APAL-1459',	'Approval Ticket # APAL-1459',	22,	87,	1,	'2020-03-18',	'2020-03-18 06:16:51',	1),
(1002,	'APAL-40235',	'Approval Ticket # APAL-40235',	22,	87,	1,	'2020-03-18',	'2020-03-18 06:16:51',	1),
(1003,	'APAL-30414',	'Approval Ticket # APAL-30414',	22,	87,	1,	'2020-03-18',	'2020-03-18 06:16:51',	1),
(1004,	'APAL-59800',	'Approval Ticket # APAL-59800',	22,	87,	1,	'2020-03-18',	'2020-03-18 06:16:51',	1),
(1005,	'APAL-55839',	'Approval Ticket # APAL-55839',	22,	87,	1,	'2020-03-18',	'2020-03-18 06:19:26',	1),
(1006,	'APAL-66054',	'Approval Ticket # APAL-66054',	22,	87,	1,	'2020-03-18',	'2020-03-18 06:19:26',	1),
(1007,	'APAL-46922',	'Approval Ticket # APAL-46922',	22,	87,	1,	'2020-03-18',	'2020-03-18 06:19:26',	1),
(1008,	'APAL-74200',	'Approval Ticket # APAL-74200',	22,	87,	1,	'2020-03-18',	'2020-03-18 06:19:26',	1),
(1009,	'APAL-43436',	'Approval Ticket # APAL-43436',	22,	87,	1,	'2020-03-18',	'2020-03-18 06:19:26',	1),
(1010,	'APAL-27782',	'Approval Ticket # APAL-27782',	22,	87,	1,	'2020-03-18',	'2020-03-18 06:19:26',	1),
(1011,	'APAL-1120',	'Approval Ticket # APAL-1120',	22,	87,	1,	'2020-03-18',	'2020-03-18 06:19:26',	1),
(1012,	'APAL-70775',	'Approval Ticket # APAL-70775',	22,	87,	1,	'2020-03-18',	'2020-03-18 06:19:26',	1),
(1013,	'APAL-5534',	'Approval Ticket # APAL-5534',	22,	87,	1,	'2020-03-18',	'2020-03-18 06:19:26',	1),
(1014,	'APAL-84930',	'Approval Ticket # APAL-84930',	22,	87,	1,	'2020-03-18',	'2020-03-18 06:19:27',	1),
(1015,	'APAL-88140',	'Approval Ticket # APAL-88140',	22,	87,	1,	'2020-03-18',	'2020-03-18 06:19:27',	1),
(1016,	'APAL-7552',	'Approval Ticket # APAL-7552',	22,	87,	1,	'2020-03-18',	'2020-03-18 06:19:27',	1),
(1017,	'APAL-70214',	'Approval Ticket # APAL-70214',	22,	87,	1,	'2020-03-18',	'2020-03-18 06:19:27',	1),
(1018,	'APAL-89365',	'Approval Ticket # APAL-89365',	22,	87,	1,	'2020-03-18',	'2020-03-18 06:19:27',	1),
(1019,	'APAL-33180',	'Approval Ticket # APAL-33180',	22,	87,	1,	'2020-03-18',	'2020-03-18 06:19:27',	1),
(1020,	'APAL-40971',	'Approval Ticket # APAL-40971',	22,	87,	1,	'2020-03-18',	'2020-03-18 06:19:27',	1),
(1021,	'APAL-57671',	'Approval Ticket # APAL-57671',	22,	87,	1,	'2020-03-18',	'2020-03-18 06:19:27',	1),
(1022,	'APAL-33710',	'Approval Ticket # APAL-33710',	22,	87,	1,	'2020-03-18',	'2020-03-18 06:19:27',	1),
(1023,	'APAL-8603',	'Approval Ticket # APAL-8603',	22,	87,	1,	'2020-03-18',	'2020-03-18 06:19:27',	1),
(1024,	'APAL-59361',	'Approval Ticket # APAL-59361',	22,	87,	1,	'2020-03-18',	'2020-03-18 06:19:27',	1),
(1025,	'APAL-39586',	'Approval Ticket # APAL-39586',	22,	87,	1,	'2020-03-18',	'2020-03-18 06:19:27',	1),
(1026,	'APAL-47461',	'Approval Ticket # APAL-47461',	22,	87,	1,	'2020-03-18',	'2020-03-18 06:19:27',	1),
(1027,	'APAL-76903',	'Approval Ticket # APAL-76903',	22,	87,	1,	'2020-03-18',	'2020-03-18 06:19:27',	1),
(1028,	'APAL-62716',	'Approval Ticket # APAL-62716',	22,	87,	1,	'2020-03-18',	'2020-03-18 06:19:27',	1),
(1029,	'APAL-45250',	'Approval Ticket # APAL-45250',	22,	87,	1,	'2020-03-18',	'2020-03-18 06:19:27',	1),
(1030,	'APAL-7962',	'Approval Ticket # APAL-7962',	22,	87,	1,	'2020-03-18',	'2020-03-18 06:19:27',	1),
(1031,	'APAL-20445',	'Approval Ticket # APAL-20445',	22,	87,	1,	'2020-03-18',	'2020-03-18 06:19:27',	1),
(1032,	'APAL-55410',	'Approval Ticket # APAL-55410',	22,	87,	1,	'2020-03-18',	'2020-03-18 06:19:27',	1),
(1033,	'APAL-80490',	'Approval Ticket # APAL-80490',	22,	87,	1,	'2020-03-18',	'2020-03-18 06:19:27',	1),
(1034,	'APAL-23938',	'Approval Ticket # APAL-23938',	22,	87,	1,	'2020-03-18',	'2020-03-18 06:19:27',	1),
(1035,	'APAL-34665',	'Approval Ticket # APAL-34665',	22,	87,	1,	'2020-03-18',	'2020-03-18 06:19:27',	1),
(1036,	'APAL-41622',	'Approval Ticket # APAL-41622',	22,	87,	1,	'2020-03-18',	'2020-03-18 06:19:27',	1),
(1037,	'APAL-53087',	'Approval Ticket # APAL-53087',	22,	87,	1,	'2020-03-18',	'2020-03-18 06:19:27',	1),
(1038,	'APAL-85771',	'Approval Ticket # APAL-85771',	22,	87,	1,	'2020-03-18',	'2020-03-18 06:19:27',	1),
(1039,	'APAL-37453',	'Approval Ticket # APAL-37453',	22,	87,	1,	'2020-03-18',	'2020-03-18 06:19:27',	1),
(1040,	'APAL-30317',	'Approval Ticket # APAL-30317',	22,	87,	1,	'2020-03-18',	'2020-03-18 06:19:27',	1),
(1041,	'APAL-21538',	'Approval Ticket # APAL-21538',	22,	87,	1,	'2020-03-18',	'2020-03-18 06:19:27',	1),
(1042,	'APAL-45593',	'Approval Ticket # APAL-45593',	22,	87,	1,	'2020-03-18',	'2020-03-18 06:19:27',	1),
(1043,	'APAL-22337',	'Approval Ticket # APAL-22337',	22,	87,	1,	'2020-03-18',	'2020-03-18 06:19:27',	1),
(1044,	'APAL-16547',	'Approval Ticket # APAL-16547',	22,	87,	1,	'2020-03-18',	'2020-03-18 06:19:27',	1),
(1045,	'APAL-53041',	'Approval Ticket # APAL-53041',	22,	87,	1,	'2020-03-18',	'2020-03-18 06:19:27',	1),
(1046,	'APAL-23016',	'Approval Ticket # APAL-23016',	22,	87,	1,	'2020-03-18',	'2020-03-18 06:19:27',	1),
(1047,	'APAL-9010',	'Approval Ticket # APAL-9010',	22,	87,	1,	'2020-03-18',	'2020-03-18 06:19:27',	1),
(1048,	'APAL-86993',	'Approval Ticket # APAL-86993',	22,	87,	1,	'2020-03-18',	'2020-03-18 06:19:27',	1),
(1049,	'APAL-5164',	'Approval Ticket # APAL-5164',	22,	87,	1,	'2020-03-18',	'2020-03-18 06:19:27',	1),
(1050,	'APAL-44660',	'Approval Ticket # APAL-44660',	22,	87,	1,	'2020-03-18',	'2020-03-18 06:19:27',	1),
(1051,	'APAL-34512',	'Approval Ticket # APAL-34512',	22,	87,	1,	'2020-03-18',	'2020-03-18 06:19:27',	1),
(1052,	'APAL-25619',	'Approval Ticket # APAL-25619',	22,	87,	1,	'2020-03-18',	'2020-03-18 06:19:27',	1),
(1053,	'APAL-73951',	'Approval Ticket # APAL-73951',	22,	87,	1,	'2020-03-18',	'2020-03-18 06:19:27',	1),
(1054,	'APAL-69138',	'Approval Ticket # APAL-69138',	22,	87,	1,	'2020-03-18',	'2020-03-18 06:19:27',	1),
(1055,	'APAL-32299',	'Approval Ticket # APAL-32299',	22,	87,	1,	'2020-03-18',	'2020-03-18 06:19:27',	1),
(1056,	'APAL-27796',	'Approval Ticket # APAL-27796',	22,	87,	1,	'2020-03-18',	'2020-03-18 06:19:27',	1),
(1057,	'APAL-4764',	'Approval Ticket # APAL-4764',	22,	87,	1,	'2020-03-18',	'2020-03-18 06:19:27',	1),
(1058,	'APAL-79429',	'Approval Ticket # APAL-79429',	22,	87,	1,	'2020-03-18',	'2020-03-18 06:19:27',	1),
(1059,	'APAL-24984',	'Approval Ticket # APAL-24984',	22,	87,	1,	'2020-03-18',	'2020-03-18 06:19:27',	1),
(1060,	'APAL-49041',	'Approval Ticket # APAL-49041',	22,	87,	1,	'2020-03-18',	'2020-03-18 06:19:27',	1),
(1061,	'APAL-42435',	'Approval Ticket # APAL-42435',	22,	87,	1,	'2020-03-18',	'2020-03-18 06:19:27',	1),
(1062,	'APAL-42843',	'Approval Ticket # APAL-42843',	22,	87,	1,	'2020-03-18',	'2020-03-18 06:19:27',	1),
(1063,	'APAL-35079',	'Approval Ticket # APAL-35079',	22,	87,	1,	'2020-03-18',	'2020-03-18 06:19:27',	1),
(1064,	'APAL-33671',	'Approval Ticket # APAL-33671',	22,	87,	1,	'2020-03-18',	'2020-03-18 06:19:27',	1),
(1065,	'APAL-16823',	'Approval Ticket # APAL-16823',	22,	87,	1,	'2020-03-18',	'2020-03-18 06:19:27',	1),
(1066,	'APAL-22614',	'Approval Ticket # APAL-22614',	22,	87,	1,	'2020-03-18',	'2020-03-18 06:19:27',	1),
(1067,	'APAL-45733',	'Approval Ticket # APAL-45733',	22,	87,	1,	'2020-03-18',	'2020-03-18 06:19:27',	1),
(1068,	'APAL-51741',	'Approval Ticket # APAL-51741',	22,	87,	1,	'2020-03-18',	'2020-03-18 06:19:27',	1),
(1069,	'APAL-88656',	'Approval Ticket # APAL-88656',	22,	87,	1,	'2020-03-18',	'2020-03-18 06:19:27',	1),
(1070,	'APAL-82602',	'Approval Ticket # APAL-82602',	22,	87,	1,	'2020-03-18',	'2020-03-18 06:19:27',	1),
(1071,	'APAL-66828',	'Approval Ticket # APAL-66828',	22,	87,	1,	'2020-03-18',	'2020-03-18 06:19:27',	1),
(1072,	'APAL-73799',	'Approval Ticket # APAL-73799',	22,	87,	1,	'2020-03-18',	'2020-03-18 06:19:27',	1),
(1073,	'APAL-39923',	'Approval Ticket # APAL-39923',	22,	87,	1,	'2020-03-18',	'2020-03-18 06:19:27',	1),
(1074,	'APAL-58423',	'Approval Ticket # APAL-58423',	22,	87,	1,	'2020-03-18',	'2020-03-18 06:19:27',	1),
(1075,	'APAL-45980',	'Approval Ticket # APAL-45980',	22,	87,	1,	'2020-03-18',	'2020-03-18 06:19:27',	1),
(1076,	'APAL-76369',	'Approval Ticket # APAL-76369',	22,	87,	1,	'2020-03-18',	'2020-03-18 06:19:27',	1),
(1077,	'APAL-20382',	'Approval Ticket # APAL-20382',	22,	87,	1,	'2020-03-18',	'2020-03-18 06:19:27',	1),
(1078,	'APAL-15804',	'Approval Ticket # APAL-15804',	22,	87,	1,	'2020-03-18',	'2020-03-18 06:19:27',	1),
(1079,	'APAL-26355',	'Approval Ticket # APAL-26355',	22,	87,	1,	'2020-03-18',	'2020-03-18 06:19:27',	1),
(1080,	'APAL-71194',	'Approval Ticket # APAL-71194',	22,	87,	1,	'2020-03-18',	'2020-03-18 06:19:27',	1),
(1081,	'APAL-83105',	'Approval Ticket # APAL-83105',	22,	87,	1,	'2020-03-18',	'2020-03-18 06:19:27',	1),
(1082,	'APAL-32133',	'Approval Ticket # APAL-32133',	22,	87,	1,	'2020-03-18',	'2020-03-18 06:19:28',	1),
(1083,	'APAL-35678',	'Approval Ticket # APAL-35678',	22,	87,	1,	'2020-03-18',	'2020-03-18 06:19:28',	1),
(1084,	'APAL-76297',	'Approval Ticket # APAL-76297',	22,	87,	1,	'2020-03-18',	'2020-03-18 06:19:28',	1),
(1085,	'APAL-53013',	'Approval Ticket # APAL-53013',	22,	87,	1,	'2020-03-18',	'2020-03-18 06:19:28',	1),
(1086,	'APAL-44149',	'Approval Ticket # APAL-44149',	22,	87,	1,	'2020-03-18',	'2020-03-18 06:19:28',	1),
(1087,	'APAL-25400',	'Approval Ticket # APAL-25400',	22,	87,	1,	'2020-03-18',	'2020-03-18 06:19:28',	1),
(1088,	'APAL-71229',	'Approval Ticket # APAL-71229',	22,	87,	1,	'2020-03-18',	'2020-03-18 06:19:28',	1),
(1089,	'APAL-22348',	'Approval Ticket # APAL-22348',	22,	87,	1,	'2020-03-18',	'2020-03-18 06:19:28',	1),
(1090,	'APAL-28477',	'Approval Ticket # APAL-28477',	22,	87,	1,	'2020-03-18',	'2020-03-18 06:19:28',	1),
(1091,	'APAL-30689',	'Approval Ticket # APAL-30689',	22,	87,	1,	'2020-03-18',	'2020-03-18 06:19:28',	1),
(1092,	'APAL-40527',	'Approval Ticket # APAL-40527',	22,	87,	1,	'2020-03-18',	'2020-03-18 06:19:28',	1),
(1093,	'APAL-63609',	'Approval Ticket # APAL-63609',	22,	87,	1,	'2020-03-18',	'2020-03-18 06:19:28',	1),
(1094,	'APAL-12272',	'Approval Ticket # APAL-12272',	22,	87,	1,	'2020-03-18',	'2020-03-18 06:19:28',	1),
(1095,	'APAL-88019',	'Approval Ticket # APAL-88019',	22,	87,	1,	'2020-03-18',	'2020-03-18 06:19:28',	1),
(1096,	'APAL-86553',	'Approval Ticket # APAL-86553',	22,	87,	1,	'2020-03-18',	'2020-03-18 06:19:28',	1),
(1097,	'APAL-40137',	'Approval Ticket # APAL-40137',	22,	87,	1,	'2020-03-18',	'2020-03-18 06:19:28',	1),
(1098,	'APAL-21358',	'Approval Ticket # APAL-21358',	22,	87,	1,	'2020-03-18',	'2020-03-18 06:19:28',	1),
(1099,	'APAL-82874',	'Approval Ticket # APAL-82874',	22,	87,	1,	'2020-03-18',	'2020-03-18 06:19:28',	1),
(1100,	'APAL-73963',	'Approval Ticket # APAL-73963',	22,	87,	1,	'2020-03-18',	'2020-03-18 06:19:28',	1),
(1101,	'APAL-71575',	'Approval Ticket # APAL-71575',	22,	87,	1,	'2020-03-18',	'2020-03-18 06:19:28',	1),
(1102,	'APAL-24354',	'Approval Ticket # APAL-24354',	22,	87,	1,	'2020-03-18',	'2020-03-18 06:19:28',	1),
(1103,	'APAL-62496',	'Approval Ticket # APAL-62496',	22,	87,	1,	'2020-03-18',	'2020-03-18 06:19:28',	1),
(1104,	'APAL-55069',	'Approval Ticket # APAL-55069',	22,	87,	1,	'2020-03-18',	'2020-03-18 06:19:28',	1),
(1105,	'APAL-53530',	'Approval Ticket # APAL-53530',	22,	87,	1,	'2020-03-18',	'2020-03-18 06:19:28',	1),
(1106,	'APAL-15485',	'Approval Ticket # APAL-15485',	22,	87,	1,	'2020-03-18',	'2020-03-18 06:19:28',	1),
(1107,	'APAL-1753',	'Approval Ticket # APAL-1753',	22,	87,	1,	'2020-03-18',	'2020-03-18 06:19:28',	1),
(1108,	'APAL-28702',	'Approval Ticket # APAL-28702',	22,	87,	1,	'2020-03-18',	'2020-03-18 06:19:28',	1),
(1109,	'APAL-71164',	'Approval Ticket # APAL-71164',	22,	87,	1,	'2020-03-18',	'2020-03-18 06:19:28',	1),
(1110,	'APAL-20554',	'Approval Ticket # APAL-20554',	22,	87,	1,	'2020-03-18',	'2020-03-18 06:19:28',	1),
(1111,	'APAL-71745',	'Approval Ticket # APAL-71745',	22,	87,	1,	'2020-03-18',	'2020-03-18 06:19:28',	1),
(1112,	'APAL-2257',	'Approval Ticket # APAL-2257',	22,	87,	1,	'2020-03-18',	'2020-03-18 06:19:28',	1),
(1113,	'APAL-70769',	'Approval Ticket # APAL-70769',	22,	87,	1,	'2020-03-18',	'2020-03-18 06:19:28',	1),
(1114,	'APAL-46806',	'Approval Ticket # APAL-46806',	22,	87,	1,	'2020-03-18',	'2020-03-18 06:19:28',	1),
(1115,	'APAL-39949',	'Approval Ticket # APAL-39949',	22,	87,	1,	'2020-03-18',	'2020-03-18 06:19:28',	1),
(1116,	'APAL-63711',	'Approval Ticket # APAL-63711',	22,	87,	1,	'2020-03-18',	'2020-03-18 06:19:28',	1),
(1117,	'APAL-45230',	'Approval Ticket # APAL-45230',	22,	87,	1,	'2020-03-18',	'2020-03-18 06:19:28',	1),
(1118,	'APAL-57082',	'Approval Ticket # APAL-57082',	22,	87,	1,	'2020-03-18',	'2020-03-18 06:19:28',	1),
(1119,	'APAL-52241',	'Approval Ticket # APAL-52241',	22,	87,	1,	'2020-03-18',	'2020-03-18 06:19:28',	1),
(1120,	'APAL-34917',	'Approval Ticket # APAL-34917',	22,	87,	1,	'2020-03-18',	'2020-03-18 06:19:28',	1),
(1121,	'APAL-79466',	'Approval Ticket # APAL-79466',	22,	87,	1,	'2020-03-18',	'2020-03-18 06:19:28',	1),
(1122,	'APAL-23347',	'Approval Ticket # APAL-23347',	22,	87,	1,	'2020-03-18',	'2020-03-18 06:19:28',	1),
(1123,	'APAL-81116',	'Approval Ticket # APAL-81116',	22,	87,	1,	'2020-03-18',	'2020-03-18 06:19:28',	1),
(1124,	'APAL-1360',	'Approval Ticket # APAL-1360',	22,	87,	1,	'2020-03-18',	'2020-03-18 06:19:28',	1),
(1125,	'APAL-77952',	'Approval Ticket # APAL-77952',	22,	87,	1,	'2020-03-18',	'2020-03-18 06:19:28',	1),
(1126,	'APAL-10240',	'Approval Ticket # APAL-10240',	22,	87,	1,	'2020-03-18',	'2020-03-18 06:19:28',	1),
(1127,	'APAL-56785',	'Approval Ticket # APAL-56785',	22,	87,	1,	'2020-03-18',	'2020-03-18 06:19:28',	1),
(1128,	'APAL-64890',	'Approval Ticket # APAL-64890',	22,	87,	1,	'2020-03-18',	'2020-03-18 06:19:28',	1),
(1129,	'APAL-37644',	'Approval Ticket # APAL-37644',	22,	87,	1,	'2020-03-18',	'2020-03-18 06:19:28',	1),
(1130,	'APAL-78994',	'Approval Ticket # APAL-78994',	22,	87,	1,	'2020-03-18',	'2020-03-18 06:19:28',	1),
(1131,	'APAL-81686',	'Approval Ticket # APAL-81686',	22,	87,	1,	'2020-03-18',	'2020-03-18 06:19:28',	1),
(1132,	'APAL-62850',	'Approval Ticket # APAL-62850',	22,	87,	1,	'2020-03-18',	'2020-03-18 06:19:28',	1),
(1133,	'APAL-42114',	'Approval Ticket # APAL-42114',	22,	87,	1,	'2020-03-18',	'2020-03-18 06:19:28',	1),
(1134,	'APAL-16658',	'Approval Ticket # APAL-16658',	22,	87,	1,	'2020-03-18',	'2020-03-18 06:19:28',	1),
(1135,	'APAL-69233',	'Approval Ticket # APAL-69233',	22,	87,	1,	'2020-03-18',	'2020-03-18 06:19:28',	1),
(1136,	'APAL-3680',	'Approval Ticket # APAL-3680',	22,	87,	1,	'2020-03-18',	'2020-03-18 06:19:28',	1),
(1137,	'APAL-41335',	'Approval Ticket # APAL-41335',	22,	87,	1,	'2020-03-18',	'2020-03-18 06:19:28',	1),
(1138,	'APAL-6811',	'Approval Ticket # APAL-6811',	22,	87,	1,	'2020-03-18',	'2020-03-18 06:19:28',	1),
(1139,	'APAL-82318',	'Approval Ticket # APAL-82318',	22,	87,	1,	'2020-03-18',	'2020-03-18 06:19:28',	1),
(1140,	'APAL-33102',	'Approval Ticket # APAL-33102',	22,	87,	1,	'2020-03-18',	'2020-03-18 06:19:28',	1),
(1141,	'APAL-87669',	'Approval Ticket # APAL-87669',	22,	87,	1,	'2020-03-18',	'2020-03-18 06:19:28',	1),
(1142,	'APAL-31752',	'Approval Ticket # APAL-31752',	22,	87,	1,	'2020-03-18',	'2020-03-18 06:19:28',	1),
(1143,	'APAL-54997',	'Approval Ticket # APAL-54997',	22,	87,	1,	'2020-03-18',	'2020-03-18 06:19:28',	1),
(1144,	'APAL-62671',	'Approval Ticket # APAL-62671',	22,	87,	1,	'2020-03-18',	'2020-03-18 06:19:28',	1),
(1145,	'APAL-52611',	'Approval Ticket # APAL-52611',	22,	87,	1,	'2020-03-18',	'2020-03-18 06:19:28',	1),
(1146,	'APAL-10935',	'Approval Ticket # APAL-10935',	22,	87,	1,	'2020-03-18',	'2020-03-18 06:19:28',	1),
(1147,	'APAL-67009',	'Approval Ticket # APAL-67009',	22,	87,	1,	'2020-03-18',	'2020-03-18 06:19:28',	1),
(1148,	'APAL-37925',	'Approval Ticket # APAL-37925',	22,	87,	1,	'2020-03-18',	'2020-03-18 06:19:28',	1),
(1149,	'APAL-75557',	'Approval Ticket # APAL-75557',	22,	87,	1,	'2020-03-18',	'2020-03-18 06:19:28',	1),
(1150,	'APAL-17683',	'Approval Ticket # APAL-17683',	22,	87,	1,	'2020-03-18',	'2020-03-18 06:19:28',	1),
(1151,	'APAL-79275',	'Approval Ticket # APAL-79275',	22,	87,	1,	'2020-03-18',	'2020-03-18 06:19:28',	1),
(1152,	'APAL-9951',	'Approval Ticket # APAL-9951',	22,	87,	1,	'2020-03-18',	'2020-03-18 06:19:28',	1),
(1153,	'APAL-13325',	'Approval Ticket # APAL-13325',	22,	87,	1,	'2020-03-18',	'2020-03-18 06:19:28',	1),
(1154,	'APAL-9180',	'Approval Ticket # APAL-9180',	22,	87,	1,	'2020-03-18',	'2020-03-18 06:19:28',	1),
(1155,	'APAL-86782',	'Approval Ticket # APAL-86782',	22,	87,	1,	'2020-03-18',	'2020-03-18 06:19:29',	1),
(1156,	'APAL-60143',	'Approval Ticket # APAL-60143',	22,	87,	1,	'2020-03-18',	'2020-03-18 06:19:29',	1),
(1157,	'APAL-67393',	'Approval Ticket # APAL-67393',	22,	87,	1,	'2020-03-18',	'2020-03-18 06:19:29',	1),
(1158,	'APAL-7101',	'Approval Ticket # APAL-7101',	22,	87,	1,	'2020-03-18',	'2020-03-18 06:19:29',	1),
(1159,	'APAL-19366',	'Approval Ticket # APAL-19366',	22,	87,	1,	'2020-03-18',	'2020-03-18 06:19:29',	1),
(1160,	'APAL-62533',	'Approval Ticket # APAL-62533',	22,	87,	1,	'2020-03-18',	'2020-03-18 06:19:29',	1),
(1161,	'APAL-29661',	'Approval Ticket # APAL-29661',	22,	87,	1,	'2020-03-18',	'2020-03-18 06:19:29',	1),
(1162,	'APAL-71945',	'Approval Ticket # APAL-71945',	22,	87,	1,	'2020-03-18',	'2020-03-18 06:19:29',	1),
(1163,	'APAL-49443',	'Approval Ticket # APAL-49443',	22,	87,	1,	'2020-03-18',	'2020-03-18 06:19:29',	1),
(1164,	'APAL-71078',	'Approval Ticket # APAL-71078',	22,	87,	1,	'2020-03-18',	'2020-03-18 06:19:29',	1),
(1165,	'APAL-47876',	'Approval Ticket # APAL-47876',	22,	87,	1,	'2020-03-18',	'2020-03-18 06:19:29',	1),
(1166,	'APAL-47975',	'Approval Ticket # APAL-47975',	22,	87,	1,	'2020-03-18',	'2020-03-18 06:19:29',	1),
(1167,	'APAL-44284',	'Approval Ticket # APAL-44284',	22,	87,	1,	'2020-03-18',	'2020-03-18 06:19:29',	1),
(1168,	'APAL-89635',	'Approval Ticket # APAL-89635',	22,	87,	1,	'2020-03-18',	'2020-03-18 06:19:29',	1),
(1169,	'APAL-1337',	'Approval Ticket # APAL-1337',	22,	87,	1,	'2020-03-18',	'2020-03-18 06:19:29',	1),
(1170,	'APAL-10427',	'Approval Ticket # APAL-10427',	22,	87,	1,	'2020-03-18',	'2020-03-18 06:19:29',	1),
(1171,	'APAL-71838',	'Approval Ticket # APAL-71838',	22,	87,	1,	'2020-03-18',	'2020-03-18 06:19:29',	1),
(1172,	'APAL-17575',	'Approval Ticket # APAL-17575',	22,	87,	1,	'2020-03-18',	'2020-03-18 06:19:29',	1),
(1173,	'APAL-31335',	'Approval Ticket # APAL-31335',	22,	87,	1,	'2020-03-18',	'2020-03-18 06:19:29',	1),
(1174,	'APAL-88121',	'Approval Ticket # APAL-88121',	22,	87,	1,	'2020-03-18',	'2020-03-18 06:19:29',	1),
(1175,	'APAL-40290',	'Approval Ticket # APAL-40290',	22,	87,	1,	'2020-03-18',	'2020-03-18 06:21:56',	1),
(1176,	'APAL-65103',	'Approval Ticket # APAL-65103',	22,	87,	1,	'2020-03-18',	'2020-03-18 06:21:56',	1),
(1177,	'APAL-36641',	'Approval Ticket # APAL-36641',	22,	87,	1,	'2020-03-18',	'2020-03-18 06:21:56',	1),
(1178,	'APAL-89714',	'Approval Ticket # APAL-89714',	22,	87,	1,	'2020-03-18',	'2020-03-18 06:21:56',	1),
(1179,	'APAL-51297',	'Approval Ticket # APAL-51297',	22,	87,	1,	'2020-03-18',	'2020-03-18 06:21:56',	1),
(1180,	'APAL-31390',	'Approval Ticket # APAL-31390',	22,	87,	1,	'2020-03-18',	'2020-03-18 06:21:56',	1),
(1181,	'APAL-32181',	'Approval Ticket # APAL-32181',	22,	87,	1,	'2020-03-18',	'2020-03-18 06:21:56',	1),
(1182,	'APAL-11513',	'Approval Ticket # APAL-11513',	22,	87,	1,	'2020-03-18',	'2020-03-18 06:21:56',	1),
(1183,	'APAL-30570',	'Approval Ticket # APAL-30570',	22,	87,	1,	'2020-03-18',	'2020-03-18 06:21:56',	1),
(1184,	'APAL-86357',	'Approval Ticket # APAL-86357',	22,	87,	1,	'2020-03-18',	'2020-03-18 06:21:56',	1),
(1185,	'APAL-78312',	'Approval Ticket # APAL-78312',	22,	87,	1,	'2020-03-18',	'2020-03-18 06:21:56',	1),
(1186,	'APAL-83259',	'Approval Ticket # APAL-83259',	22,	87,	1,	'2020-03-18',	'2020-03-18 06:21:56',	1),
(1187,	'APAL-31942',	'Approval Ticket # APAL-31942',	22,	87,	1,	'2020-03-18',	'2020-03-18 06:21:56',	1),
(1188,	'APAL-31736',	'Approval Ticket # APAL-31736',	22,	87,	1,	'2020-03-18',	'2020-03-18 06:21:56',	1),
(1189,	'APAL-38114',	'Approval Ticket # APAL-38114',	22,	87,	1,	'2020-03-18',	'2020-03-18 06:21:56',	1),
(1190,	'APAL-14847',	'Approval Ticket # APAL-14847',	22,	87,	1,	'2020-03-18',	'2020-03-18 06:21:56',	1),
(1191,	'APAL-86669',	'Approval Ticket # APAL-86669',	22,	87,	1,	'2020-03-18',	'2020-03-18 06:21:56',	1),
(1192,	'APAL-5792',	'Approval Ticket # APAL-5792',	22,	87,	1,	'2020-03-18',	'2020-03-18 06:21:56',	1),
(1193,	'APAL-47257',	'Approval Ticket # APAL-47257',	22,	87,	1,	'2020-03-18',	'2020-03-18 06:21:56',	1),
(1194,	'APAL-77788',	'Approval Ticket # APAL-77788',	22,	87,	1,	'2020-03-18',	'2020-03-18 06:21:56',	1),
(1195,	'APAL-50587',	'Approval Ticket # APAL-50587',	22,	87,	1,	'2020-03-18',	'2020-03-18 06:21:56',	1),
(1196,	'APAL-14429',	'Approval Ticket # APAL-14429',	22,	87,	1,	'2020-03-18',	'2020-03-18 06:21:56',	1),
(1197,	'APAL-78143',	'Approval Ticket # APAL-78143',	22,	87,	1,	'2020-03-18',	'2020-03-18 06:21:56',	1),
(1198,	'APAL-6446',	'Approval Ticket # APAL-6446',	22,	87,	1,	'2020-03-18',	'2020-03-18 06:21:56',	1),
(1199,	'APAL-24913',	'Approval Ticket # APAL-24913',	22,	87,	1,	'2020-03-18',	'2020-03-18 06:21:56',	1),
(1200,	'APAL-82427',	'Approval Ticket # APAL-82427',	22,	87,	1,	'2020-03-18',	'2020-03-18 06:21:56',	1),
(1201,	'APAL-64018',	'Approval Ticket # APAL-64018',	22,	87,	1,	'2020-03-18',	'2020-03-18 06:21:56',	1),
(1202,	'APAL-89432',	'Approval Ticket # APAL-89432',	22,	87,	1,	'2020-03-18',	'2020-03-18 06:21:56',	1),
(1203,	'APAL-18766',	'Approval Ticket # APAL-18766',	22,	87,	1,	'2020-03-18',	'2020-03-18 06:21:56',	1),
(1204,	'APAL-37397',	'Approval Ticket # APAL-37397',	22,	87,	1,	'2020-03-18',	'2020-03-18 06:21:56',	1),
(1205,	'APAL-47268',	'Approval Ticket # APAL-47268',	22,	87,	1,	'2020-03-18',	'2020-03-18 06:21:56',	1),
(1206,	'APAL-31149',	'Approval Ticket # APAL-31149',	22,	87,	1,	'2020-03-18',	'2020-03-18 06:21:56',	1),
(1207,	'APAL-11319',	'Approval Ticket # APAL-11319',	22,	87,	1,	'2020-03-18',	'2020-03-18 06:21:56',	1),
(1208,	'APAL-69452',	'Approval Ticket # APAL-69452',	22,	87,	1,	'2020-03-18',	'2020-03-18 06:21:56',	1),
(1209,	'APAL-5287',	'Approval Ticket # APAL-5287',	22,	87,	1,	'2020-03-18',	'2020-03-18 06:21:56',	1),
(1210,	'APAL-58102',	'Approval Ticket # APAL-58102',	22,	87,	1,	'2020-03-18',	'2020-03-18 06:21:56',	1),
(1211,	'APAL-35500',	'Approval Ticket # APAL-35500',	22,	87,	1,	'2020-03-18',	'2020-03-18 06:21:56',	1),
(1212,	'APAL-43189',	'Approval Ticket # APAL-43189',	22,	87,	1,	'2020-03-18',	'2020-03-18 06:21:56',	1),
(1213,	'APAL-71470',	'Approval Ticket # APAL-71470',	22,	87,	1,	'2020-03-18',	'2020-03-18 06:21:56',	1),
(1214,	'APAL-71598',	'Approval Ticket # APAL-71598',	22,	87,	1,	'2020-03-18',	'2020-03-18 06:21:56',	1),
(1215,	'APAL-64443',	'Approval Ticket # APAL-64443',	22,	87,	1,	'2020-03-18',	'2020-03-18 06:21:56',	1),
(1216,	'APAL-27834',	'Approval Ticket # APAL-27834',	22,	87,	1,	'2020-03-18',	'2020-03-18 06:21:56',	1),
(1217,	'APAL-23624',	'Approval Ticket # APAL-23624',	22,	87,	1,	'2020-03-18',	'2020-03-18 06:21:56',	1),
(1218,	'APAL-6910',	'Approval Ticket # APAL-6910',	22,	87,	1,	'2020-03-18',	'2020-03-18 06:21:56',	1),
(1219,	'APAL-6607',	'Approval Ticket # APAL-6607',	22,	87,	1,	'2020-03-18',	'2020-03-18 06:21:56',	1),
(1220,	'APAL-14181',	'Approval Ticket # APAL-14181',	22,	87,	1,	'2020-03-18',	'2020-03-18 06:21:56',	1),
(1221,	'APAL-67798',	'Approval Ticket # APAL-67798',	22,	87,	1,	'2020-03-18',	'2020-03-18 06:21:56',	1),
(1222,	'APAL-39480',	'Approval Ticket # APAL-39480',	22,	87,	1,	'2020-03-18',	'2020-03-18 06:21:56',	1),
(1223,	'APAL-53901',	'Approval Ticket # APAL-53901',	22,	87,	1,	'2020-03-18',	'2020-03-18 06:21:56',	1),
(1224,	'APAL-49929',	'Approval Ticket # APAL-49929',	22,	87,	1,	'2020-03-18',	'2020-03-18 06:21:56',	1),
(1225,	'APAL-79185',	'Approval Ticket # APAL-79185',	22,	87,	1,	'2020-03-18',	'2020-03-18 06:21:56',	1),
(1226,	'APAL-3467',	'Approval Ticket # APAL-3467',	22,	87,	1,	'2020-03-18',	'2020-03-18 06:21:56',	1),
(1227,	'APAL-89104',	'Approval Ticket # APAL-89104',	22,	87,	1,	'2020-03-18',	'2020-03-18 06:21:56',	1),
(1228,	'APAL-74942',	'Approval Ticket # APAL-74942',	22,	87,	1,	'2020-03-18',	'2020-03-18 06:21:56',	1),
(1229,	'APAL-34817',	'Approval Ticket # APAL-34817',	22,	87,	1,	'2020-03-18',	'2020-03-18 06:21:56',	1),
(1230,	'APAL-36794',	'Approval Ticket # APAL-36794',	22,	87,	1,	'2020-03-18',	'2020-03-18 06:21:56',	1),
(1231,	'APAL-36478',	'Approval Ticket # APAL-36478',	22,	87,	1,	'2020-03-18',	'2020-03-18 06:21:56',	1),
(1232,	'APAL-33417',	'Approval Ticket # APAL-33417',	22,	87,	1,	'2020-03-18',	'2020-03-18 06:21:56',	1),
(1233,	'APAL-65507',	'Approval Ticket # APAL-65507',	22,	87,	1,	'2020-03-18',	'2020-03-18 06:21:56',	1),
(1234,	'APAL-41668',	'Approval Ticket # APAL-41668',	22,	87,	1,	'2020-03-18',	'2020-03-18 06:21:56',	1),
(1235,	'APAL-25009',	'Approval Ticket # APAL-25009',	22,	87,	1,	'2020-03-18',	'2020-03-18 06:21:56',	1),
(1236,	'APAL-25566',	'Approval Ticket # APAL-25566',	22,	87,	1,	'2020-03-18',	'2020-03-18 06:21:56',	1),
(1237,	'APAL-85805',	'Approval Ticket # APAL-85805',	22,	87,	1,	'2020-03-18',	'2020-03-18 06:21:56',	1),
(1238,	'APAL-28991',	'Approval Ticket # APAL-28991',	22,	87,	1,	'2020-03-18',	'2020-03-18 06:21:56',	1),
(1239,	'APAL-26413',	'Approval Ticket # APAL-26413',	22,	87,	1,	'2020-03-18',	'2020-03-18 06:21:56',	1),
(1240,	'APAL-31635',	'Approval Ticket # APAL-31635',	22,	87,	1,	'2020-03-18',	'2020-03-18 06:21:56',	1),
(1241,	'APAL-32786',	'Approval Ticket # APAL-32786',	22,	87,	1,	'2020-03-18',	'2020-03-18 06:21:56',	1),
(1242,	'APAL-53949',	'Approval Ticket # APAL-53949',	22,	87,	1,	'2020-03-18',	'2020-03-18 06:21:56',	1),
(1243,	'APAL-64084',	'Approval Ticket # APAL-64084',	22,	87,	1,	'2020-03-18',	'2020-03-18 06:21:56',	1),
(1244,	'APAL-79118',	'Approval Ticket # APAL-79118',	22,	87,	1,	'2020-03-18',	'2020-03-18 06:21:56',	1),
(1245,	'APAL-36450',	'Approval Ticket # APAL-36450',	22,	87,	1,	'2020-03-18',	'2020-03-18 06:21:56',	1),
(1246,	'APAL-52772',	'Approval Ticket # APAL-52772',	22,	87,	1,	'2020-03-18',	'2020-03-18 06:21:56',	1),
(1247,	'APAL-46029',	'Approval Ticket # APAL-46029',	22,	87,	1,	'2020-03-18',	'2020-03-18 06:21:56',	1),
(1248,	'APAL-86614',	'Approval Ticket # APAL-86614',	22,	87,	1,	'2020-03-18',	'2020-03-18 06:21:56',	1),
(1249,	'APAL-44450',	'Approval Ticket # APAL-44450',	22,	87,	1,	'2020-03-18',	'2020-03-18 06:21:56',	1),
(1250,	'APAL-57715',	'Approval Ticket # APAL-57715',	22,	87,	1,	'2020-03-18',	'2020-03-18 06:21:56',	1),
(1251,	'APAL-54679',	'Approval Ticket # APAL-54679',	22,	87,	1,	'2020-03-18',	'2020-03-18 06:21:56',	1),
(1252,	'APAL-75808',	'Approval Ticket # APAL-75808',	22,	87,	1,	'2020-03-18',	'2020-03-18 06:21:56',	1),
(1253,	'APAL-73232',	'Approval Ticket # APAL-73232',	22,	87,	1,	'2020-03-18',	'2020-03-18 06:21:56',	1),
(1254,	'APAL-54940',	'Approval Ticket # APAL-54940',	22,	87,	1,	'2020-03-18',	'2020-03-18 06:21:56',	1),
(1255,	'APAL-56105',	'Approval Ticket # APAL-56105',	22,	87,	1,	'2020-03-18',	'2020-03-18 06:21:56',	1),
(1256,	'APAL-43888',	'Approval Ticket # APAL-43888',	22,	87,	1,	'2020-03-18',	'2020-03-18 06:21:56',	1),
(1257,	'APAL-7821',	'Approval Ticket # APAL-7821',	22,	87,	1,	'2020-03-18',	'2020-03-18 06:21:56',	1),
(1258,	'APAL-54033',	'Approval Ticket # APAL-54033',	22,	87,	1,	'2020-03-18',	'2020-03-18 06:21:56',	1),
(1259,	'APAL-70091',	'Approval Ticket # APAL-70091',	22,	87,	1,	'2020-03-18',	'2020-03-18 06:21:56',	1),
(1260,	'APAL-23715',	'Approval Ticket # APAL-23715',	22,	87,	1,	'2020-03-18',	'2020-03-18 06:21:56',	1),
(1261,	'APAL-22234',	'Approval Ticket # APAL-22234',	22,	87,	1,	'2020-03-18',	'2020-03-18 06:21:57',	1),
(1262,	'APAL-49059',	'Approval Ticket # APAL-49059',	22,	87,	1,	'2020-03-18',	'2020-03-18 06:21:57',	1),
(1263,	'APAL-14280',	'Approval Ticket # APAL-14280',	22,	87,	1,	'2020-03-18',	'2020-03-18 06:21:57',	1),
(1264,	'APAL-44828',	'Approval Ticket # APAL-44828',	22,	87,	1,	'2020-03-18',	'2020-03-18 06:21:57',	1),
(1265,	'APAL-46056',	'Approval Ticket # APAL-46056',	22,	87,	1,	'2020-03-18',	'2020-03-18 06:21:57',	1),
(1266,	'APAL-2686',	'Approval Ticket # APAL-2686',	22,	87,	1,	'2020-03-18',	'2020-03-18 06:21:57',	1),
(1267,	'APAL-10583',	'Approval Ticket # APAL-10583',	22,	87,	1,	'2020-03-18',	'2020-03-18 06:21:57',	1),
(1268,	'APAL-80163',	'Approval Ticket # APAL-80163',	22,	87,	1,	'2020-03-18',	'2020-03-18 06:21:57',	1),
(1269,	'APAL-88261',	'Approval Ticket # APAL-88261',	22,	87,	1,	'2020-03-18',	'2020-03-18 06:21:57',	1),
(1270,	'APAL-56708',	'Approval Ticket # APAL-56708',	22,	87,	1,	'2020-03-18',	'2020-03-18 06:21:57',	1),
(1271,	'APAL-88565',	'Approval Ticket # APAL-88565',	22,	87,	1,	'2020-03-18',	'2020-03-18 06:21:57',	1),
(1272,	'APAL-66604',	'Approval Ticket # APAL-66604',	22,	87,	1,	'2020-03-18',	'2020-03-18 06:21:57',	1),
(1273,	'APAL-78378',	'Approval Ticket # APAL-78378',	22,	87,	1,	'2020-03-18',	'2020-03-18 06:21:57',	1),
(1274,	'APAL-75670',	'Approval Ticket # APAL-75670',	22,	87,	1,	'2020-03-18',	'2020-03-18 06:21:57',	1),
(1275,	'APAL-20309',	'Approval Ticket # APAL-20309',	22,	87,	1,	'2020-03-18',	'2020-03-18 06:21:57',	1),
(1276,	'APAL-30176',	'Approval Ticket # APAL-30176',	22,	87,	1,	'2020-03-18',	'2020-03-18 06:21:57',	1),
(1277,	'APAL-65785',	'Approval Ticket # APAL-65785',	22,	87,	1,	'2020-03-18',	'2020-03-18 06:21:57',	1),
(1278,	'APAL-25144',	'Approval Ticket # APAL-25144',	22,	87,	1,	'2020-03-18',	'2020-03-18 06:21:57',	1),
(1279,	'APAL-15977',	'Approval Ticket # APAL-15977',	22,	87,	1,	'2020-03-18',	'2020-03-18 06:21:57',	1),
(1280,	'APAL-17828',	'Approval Ticket # APAL-17828',	22,	87,	1,	'2020-03-18',	'2020-03-18 06:21:57',	1),
(1281,	'APAL-24887',	'Approval Ticket # APAL-24887',	22,	87,	1,	'2020-03-18',	'2020-03-18 06:21:57',	1),
(1282,	'APAL-47002',	'Approval Ticket # APAL-47002',	22,	87,	1,	'2020-03-18',	'2020-03-18 06:21:57',	1),
(1283,	'APAL-28998',	'Approval Ticket # APAL-28998',	22,	87,	1,	'2020-03-18',	'2020-03-18 06:21:57',	1),
(1284,	'APAL-71341',	'Approval Ticket # APAL-71341',	22,	87,	1,	'2020-03-18',	'2020-03-18 06:21:57',	1),
(1285,	'APAL-42778',	'Approval Ticket # APAL-42778',	22,	87,	1,	'2020-03-18',	'2020-03-18 06:21:57',	1),
(1286,	'APAL-73260',	'Approval Ticket # APAL-73260',	22,	87,	1,	'2020-03-18',	'2020-03-18 06:21:57',	1),
(1287,	'APAL-70432',	'Approval Ticket # APAL-70432',	22,	87,	1,	'2020-03-18',	'2020-03-18 06:21:57',	1),
(1288,	'APAL-55047',	'Approval Ticket # APAL-55047',	22,	87,	1,	'2020-03-18',	'2020-03-18 06:21:57',	1),
(1289,	'APAL-67443',	'Approval Ticket # APAL-67443',	22,	87,	1,	'2020-03-18',	'2020-03-18 06:21:57',	1),
(1290,	'APAL-28199',	'Approval Ticket # APAL-28199',	22,	87,	1,	'2020-03-18',	'2020-03-18 06:21:57',	1),
(1291,	'APAL-61750',	'Approval Ticket # APAL-61750',	22,	87,	1,	'2020-03-18',	'2020-03-18 06:21:57',	1),
(1292,	'APAL-32485',	'Approval Ticket # APAL-32485',	22,	87,	1,	'2020-03-18',	'2020-03-18 06:21:57',	1),
(1293,	'APAL-89913',	'Approval Ticket # APAL-89913',	22,	87,	1,	'2020-03-18',	'2020-03-18 06:21:57',	1),
(1294,	'APAL-43261',	'Approval Ticket # APAL-43261',	22,	87,	1,	'2020-03-18',	'2020-03-18 06:21:57',	1),
(1295,	'APAL-8936',	'Approval Ticket # APAL-8936',	22,	87,	1,	'2020-03-18',	'2020-03-18 06:21:57',	1),
(1296,	'APAL-27940',	'Approval Ticket # APAL-27940',	22,	87,	1,	'2020-03-18',	'2020-03-18 06:21:57',	1),
(1297,	'APAL-60203',	'Approval Ticket # APAL-60203',	22,	87,	1,	'2020-03-18',	'2020-03-18 06:21:57',	1),
(1298,	'APAL-59030',	'Approval Ticket # APAL-59030',	22,	87,	1,	'2020-03-18',	'2020-03-18 06:21:57',	1),
(1299,	'APAL-70710',	'Approval Ticket # APAL-70710',	22,	87,	1,	'2020-03-18',	'2020-03-18 06:21:57',	1),
(1300,	'APAL-43761',	'Approval Ticket # APAL-43761',	22,	87,	1,	'2020-03-18',	'2020-03-18 06:21:57',	1),
(1301,	'APAL-28636',	'Approval Ticket # APAL-28636',	22,	87,	1,	'2020-03-18',	'2020-03-18 06:21:57',	1),
(1302,	'APAL-35780',	'Approval Ticket # APAL-35780',	22,	87,	1,	'2020-03-18',	'2020-03-18 06:21:57',	1),
(1303,	'APAL-40805',	'Approval Ticket # APAL-40805',	22,	87,	1,	'2020-03-18',	'2020-03-18 06:21:57',	1),
(1304,	'APAL-44770',	'Approval Ticket # APAL-44770',	22,	87,	1,	'2020-03-18',	'2020-03-18 06:21:57',	1),
(1305,	'APAL-43093',	'Approval Ticket # APAL-43093',	22,	87,	1,	'2020-03-18',	'2020-03-18 06:21:57',	1),
(1306,	'APAL-49010',	'Approval Ticket # APAL-49010',	22,	87,	1,	'2020-03-18',	'2020-03-18 06:21:57',	1),
(1307,	'APAL-26649',	'Approval Ticket # APAL-26649',	22,	87,	1,	'2020-03-18',	'2020-03-18 06:21:57',	1),
(1308,	'APAL-45587',	'Approval Ticket # APAL-45587',	22,	87,	1,	'2020-03-18',	'2020-03-18 06:21:57',	1),
(1309,	'APAL-75591',	'Approval Ticket # APAL-75591',	22,	87,	1,	'2020-03-18',	'2020-03-18 06:21:57',	1),
(1310,	'APAL-33653',	'Approval Ticket # APAL-33653',	22,	87,	1,	'2020-03-18',	'2020-03-18 06:21:57',	1),
(1311,	'APAL-75776',	'Approval Ticket # APAL-75776',	22,	87,	1,	'2020-03-18',	'2020-03-18 06:21:57',	1),
(1312,	'APAL-45926',	'Approval Ticket # APAL-45926',	22,	87,	1,	'2020-03-18',	'2020-03-18 06:21:57',	1),
(1313,	'APAL-79405',	'Approval Ticket # APAL-79405',	22,	87,	1,	'2020-03-18',	'2020-03-18 06:21:57',	1),
(1314,	'APAL-44433',	'Approval Ticket # APAL-44433',	22,	87,	1,	'2020-03-18',	'2020-03-18 06:21:57',	1),
(1315,	'APAL-16559',	'Approval Ticket # APAL-16559',	22,	87,	1,	'2020-03-18',	'2020-03-18 06:21:57',	1),
(1316,	'APAL-30509',	'Approval Ticket # APAL-30509',	22,	87,	1,	'2020-03-18',	'2020-03-18 06:21:57',	1),
(1317,	'APAL-68499',	'Approval Ticket # APAL-68499',	22,	87,	1,	'2020-03-18',	'2020-03-18 06:21:57',	1),
(1318,	'APAL-6915',	'Approval Ticket # APAL-6915',	22,	87,	1,	'2020-03-18',	'2020-03-18 06:21:57',	1),
(1319,	'APAL-2190',	'Approval Ticket # APAL-2190',	22,	87,	1,	'2020-03-18',	'2020-03-18 06:21:57',	1),
(1320,	'APAL-64495',	'Approval Ticket # APAL-64495',	22,	87,	1,	'2020-03-18',	'2020-03-18 06:21:57',	1),
(1321,	'APAL-53138',	'Approval Ticket # APAL-53138',	22,	87,	1,	'2020-03-18',	'2020-03-18 06:21:57',	1),
(1322,	'APAL-73886',	'Approval Ticket # APAL-73886',	22,	87,	1,	'2020-03-18',	'2020-03-18 06:21:57',	1),
(1323,	'APAL-12860',	'Approval Ticket # APAL-12860',	22,	87,	1,	'2020-03-18',	'2020-03-18 06:21:57',	1),
(1324,	'APAL-82592',	'Approval Ticket # APAL-82592',	22,	87,	1,	'2020-03-18',	'2020-03-18 06:21:57',	1),
(1325,	'APAL-81704',	'Approval Ticket # APAL-81704',	22,	87,	1,	'2020-03-18',	'2020-03-18 06:21:57',	1),
(1326,	'APAL-70271',	'Approval Ticket # APAL-70271',	22,	87,	1,	'2020-03-18',	'2020-03-18 06:21:57',	1),
(1327,	'APAL-4765',	'Approval Ticket # APAL-4765',	22,	87,	1,	'2020-03-18',	'2020-03-18 06:21:57',	1),
(1328,	'APAL-43593',	'Approval Ticket # APAL-43593',	22,	87,	1,	'2020-03-18',	'2020-03-18 06:21:57',	1),
(1329,	'APAL-80706',	'Approval Ticket # APAL-80706',	22,	87,	1,	'2020-03-18',	'2020-03-18 06:21:57',	1),
(1330,	'APAL-6066',	'Approval Ticket # APAL-6066',	22,	87,	1,	'2020-03-18',	'2020-03-18 06:21:57',	1),
(1331,	'APAL-59363',	'Approval Ticket # APAL-59363',	22,	87,	1,	'2020-03-18',	'2020-03-18 06:21:57',	1),
(1332,	'APAL-35206',	'Approval Ticket # APAL-35206',	22,	87,	1,	'2020-03-18',	'2020-03-18 06:21:57',	1),
(1333,	'APAL-41256',	'Approval Ticket # APAL-41256',	22,	87,	1,	'2020-03-18',	'2020-03-18 06:21:57',	1),
(1334,	'APAL-4428',	'Approval Ticket # APAL-4428',	22,	87,	1,	'2020-03-18',	'2020-03-18 06:21:57',	1),
(1335,	'APAL-61921',	'Approval Ticket # APAL-61921',	22,	87,	1,	'2020-03-18',	'2020-03-18 06:21:57',	1),
(1336,	'APAL-4423',	'Approval Ticket # APAL-4423',	22,	87,	1,	'2020-03-18',	'2020-03-18 06:21:57',	1),
(1337,	'APAL-29673',	'Approval Ticket # APAL-29673',	22,	87,	1,	'2020-03-18',	'2020-03-18 06:21:57',	1),
(1338,	'APAL-45975',	'Approval Ticket # APAL-45975',	22,	87,	1,	'2020-03-18',	'2020-03-18 06:21:57',	1),
(1339,	'APAL-9979',	'Approval Ticket # APAL-9979',	22,	87,	1,	'2020-03-18',	'2020-03-18 06:21:57',	1),
(1340,	'APAL-43466',	'Approval Ticket # APAL-43466',	22,	87,	1,	'2020-03-18',	'2020-03-18 06:21:57',	1),
(1341,	'APAL-62297',	'Approval Ticket # APAL-62297',	22,	87,	1,	'2020-03-18',	'2020-03-18 06:21:58',	1),
(1342,	'APAL-18283',	'Approval Ticket # APAL-18283',	22,	87,	1,	'2020-03-18',	'2020-03-18 06:21:58',	1),
(1343,	'APAL-34927',	'Approval Ticket # APAL-34927',	22,	87,	1,	'2020-03-18',	'2020-03-18 06:21:58',	1),
(1344,	'APAL-37187',	'Approval Ticket # APAL-37187',	22,	87,	1,	'2020-03-18',	'2020-03-18 06:21:58',	1),
(1345,	'APAL-65920',	'Approval Ticket # APAL-65920',	22,	87,	1,	'2020-03-18',	'2020-03-18 06:22:56',	1),
(1346,	'APAL-39666',	'Approval Ticket # APAL-39666',	22,	87,	1,	'2020-03-18',	'2020-03-18 06:22:56',	1),
(1347,	'APAL-88442',	'Approval Ticket # APAL-88442',	22,	87,	1,	'2020-03-18',	'2020-03-18 06:22:56',	1),
(1348,	'APAL-21304',	'Approval Ticket # APAL-21304',	22,	87,	1,	'2020-03-18',	'2020-03-18 06:22:56',	1),
(1349,	'APAL-6544',	'Approval Ticket # APAL-6544',	22,	87,	1,	'2020-03-18',	'2020-03-18 06:22:56',	1),
(1350,	'APAL-8398',	'Approval Ticket # APAL-8398',	22,	87,	1,	'2020-03-18',	'2020-03-18 06:22:56',	1),
(1351,	'APAL-27897',	'Approval Ticket # APAL-27897',	22,	87,	1,	'2020-03-18',	'2020-03-18 06:22:56',	1),
(1352,	'APAL-58187',	'Approval Ticket # APAL-58187',	22,	87,	1,	'2020-03-18',	'2020-03-18 06:22:56',	1),
(1353,	'APAL-35799',	'Approval Ticket # APAL-35799',	22,	87,	1,	'2020-03-18',	'2020-03-18 06:22:56',	1),
(1354,	'APAL-9069',	'Approval Ticket # APAL-9069',	22,	87,	1,	'2020-03-18',	'2020-03-18 06:22:56',	1),
(1355,	'APAL-35590',	'Approval Ticket # APAL-35590',	22,	87,	1,	'2020-03-18',	'2020-03-18 06:22:56',	1),
(1356,	'APAL-88674',	'Approval Ticket # APAL-88674',	22,	87,	1,	'2020-03-18',	'2020-03-18 06:22:56',	1),
(1357,	'APAL-4358',	'Approval Ticket # APAL-4358',	22,	87,	1,	'2020-03-18',	'2020-03-18 06:22:56',	1),
(1358,	'APAL-22244',	'Approval Ticket # APAL-22244',	22,	87,	1,	'2020-03-18',	'2020-03-18 06:22:56',	1),
(1359,	'APAL-3959',	'Approval Ticket # APAL-3959',	22,	87,	1,	'2020-03-18',	'2020-03-18 06:22:56',	1),
(1360,	'APAL-38478',	'Approval Ticket # APAL-38478',	22,	87,	1,	'2020-03-18',	'2020-03-18 06:22:56',	1),
(1361,	'APAL-78099',	'Approval Ticket # APAL-78099',	22,	87,	1,	'2020-03-18',	'2020-03-18 06:22:56',	1),
(1362,	'APAL-42815',	'Approval Ticket # APAL-42815',	22,	87,	1,	'2020-03-18',	'2020-03-18 06:22:56',	1),
(1363,	'APAL-76576',	'Approval Ticket # APAL-76576',	22,	87,	1,	'2020-03-18',	'2020-03-18 06:22:56',	1),
(1364,	'APAL-66875',	'Approval Ticket # APAL-66875',	22,	87,	1,	'2020-03-18',	'2020-03-18 06:22:56',	1),
(1365,	'APAL-74825',	'Approval Ticket # APAL-74825',	22,	87,	1,	'2020-03-18',	'2020-03-18 06:22:56',	1),
(1366,	'APAL-6854',	'Approval Ticket # APAL-6854',	22,	87,	1,	'2020-03-18',	'2020-03-18 06:22:56',	1),
(1367,	'APAL-4533',	'Approval Ticket # APAL-4533',	22,	87,	1,	'2020-03-18',	'2020-03-18 06:22:56',	1),
(1368,	'APAL-31324',	'Approval Ticket # APAL-31324',	22,	87,	1,	'2020-03-18',	'2020-03-18 06:22:56',	1),
(1369,	'APAL-17706',	'Approval Ticket # APAL-17706',	22,	87,	1,	'2020-03-18',	'2020-03-18 06:22:56',	1),
(1370,	'APAL-81930',	'Approval Ticket # APAL-81930',	22,	87,	1,	'2020-03-18',	'2020-03-18 06:22:56',	1),
(1371,	'APAL-69978',	'Approval Ticket # APAL-69978',	22,	87,	1,	'2020-03-18',	'2020-03-18 06:22:56',	1),
(1372,	'APAL-78624',	'Approval Ticket # APAL-78624',	22,	87,	1,	'2020-03-18',	'2020-03-18 06:22:56',	1),
(1373,	'APAL-73873',	'Approval Ticket # APAL-73873',	22,	87,	1,	'2020-03-18',	'2020-03-18 06:22:56',	1),
(1374,	'APAL-23491',	'Approval Ticket # APAL-23491',	22,	87,	1,	'2020-03-18',	'2020-03-18 06:22:56',	1),
(1375,	'APAL-50161',	'Approval Ticket # APAL-50161',	22,	87,	1,	'2020-03-18',	'2020-03-18 06:22:56',	1),
(1376,	'APAL-85314',	'Approval Ticket # APAL-85314',	22,	87,	1,	'2020-03-18',	'2020-03-18 06:22:56',	1),
(1377,	'APAL-55785',	'Approval Ticket # APAL-55785',	22,	87,	1,	'2020-03-18',	'2020-03-18 06:22:56',	1),
(1378,	'APAL-19415',	'Approval Ticket # APAL-19415',	22,	87,	1,	'2020-03-18',	'2020-03-18 06:22:57',	1),
(1379,	'APAL-20733',	'Approval Ticket # APAL-20733',	22,	87,	1,	'2020-03-18',	'2020-03-18 06:22:57',	1),
(1380,	'APAL-88673',	'Approval Ticket # APAL-88673',	22,	87,	1,	'2020-03-18',	'2020-03-18 06:22:57',	1),
(1381,	'APAL-77141',	'Approval Ticket # APAL-77141',	22,	87,	1,	'2020-03-18',	'2020-03-18 06:22:57',	1),
(1382,	'APAL-86455',	'Approval Ticket # APAL-86455',	22,	87,	1,	'2020-03-18',	'2020-03-18 06:22:57',	1),
(1383,	'APAL-18090',	'Approval Ticket # APAL-18090',	22,	87,	1,	'2020-03-18',	'2020-03-18 06:22:57',	1),
(1384,	'APAL-72963',	'Approval Ticket # APAL-72963',	22,	87,	1,	'2020-03-18',	'2020-03-18 06:22:57',	1),
(1385,	'APAL-7363',	'Approval Ticket # APAL-7363',	22,	87,	1,	'2020-03-18',	'2020-03-18 06:22:57',	1),
(1386,	'APAL-32297',	'Approval Ticket # APAL-32297',	22,	87,	1,	'2020-03-18',	'2020-03-18 06:22:57',	1),
(1387,	'APAL-63456',	'Approval Ticket # APAL-63456',	22,	87,	1,	'2020-03-18',	'2020-03-18 06:22:57',	1),
(1388,	'APAL-42770',	'Approval Ticket # APAL-42770',	22,	87,	1,	'2020-03-18',	'2020-03-18 06:22:57',	1),
(1389,	'APAL-24598',	'Approval Ticket # APAL-24598',	22,	87,	1,	'2020-03-18',	'2020-03-18 06:22:57',	1),
(1390,	'APAL-63686',	'Approval Ticket # APAL-63686',	22,	87,	1,	'2020-03-18',	'2020-03-18 06:22:57',	1),
(1391,	'APAL-46447',	'Approval Ticket # APAL-46447',	22,	87,	1,	'2020-03-18',	'2020-03-18 06:22:57',	1),
(1392,	'APAL-61467',	'Approval Ticket # APAL-61467',	22,	87,	1,	'2020-03-18',	'2020-03-18 06:22:57',	1),
(1393,	'APAL-78984',	'Approval Ticket # APAL-78984',	22,	87,	1,	'2020-03-18',	'2020-03-18 06:22:57',	1),
(1394,	'APAL-76660',	'Approval Ticket # APAL-76660',	22,	87,	1,	'2020-03-18',	'2020-03-18 06:22:57',	1),
(1395,	'APAL-41648',	'Approval Ticket # APAL-41648',	22,	87,	1,	'2020-03-18',	'2020-03-18 06:22:57',	1),
(1396,	'APAL-62495',	'Approval Ticket # APAL-62495',	22,	87,	1,	'2020-03-18',	'2020-03-18 06:22:57',	1),
(1397,	'APAL-49221',	'Approval Ticket # APAL-49221',	22,	87,	1,	'2020-03-18',	'2020-03-18 06:22:57',	1),
(1398,	'APAL-73272',	'Approval Ticket # APAL-73272',	22,	87,	1,	'2020-03-18',	'2020-03-18 06:22:57',	1),
(1399,	'APAL-41640',	'Approval Ticket # APAL-41640',	22,	87,	1,	'2020-03-18',	'2020-03-18 06:22:57',	1),
(1400,	'APAL-32970',	'Approval Ticket # APAL-32970',	22,	87,	1,	'2020-03-18',	'2020-03-18 06:22:57',	1),
(1401,	'APAL-7585',	'Approval Ticket # APAL-7585',	22,	87,	1,	'2020-03-18',	'2020-03-18 06:22:57',	1),
(1402,	'APAL-45255',	'Approval Ticket # APAL-45255',	22,	87,	1,	'2020-03-18',	'2020-03-18 06:22:57',	1),
(1403,	'APAL-16181',	'Approval Ticket # APAL-16181',	22,	87,	1,	'2020-03-18',	'2020-03-18 06:22:57',	1),
(1404,	'APAL-25937',	'Approval Ticket # APAL-25937',	22,	87,	1,	'2020-03-18',	'2020-03-18 06:22:57',	1),
(1405,	'APAL-16104',	'Approval Ticket # APAL-16104',	22,	87,	1,	'2020-03-18',	'2020-03-18 06:22:57',	1),
(1406,	'APAL-88493',	'Approval Ticket # APAL-88493',	22,	87,	1,	'2020-03-18',	'2020-03-18 06:22:57',	1),
(1407,	'APAL-20572',	'Approval Ticket # APAL-20572',	22,	87,	1,	'2020-03-18',	'2020-03-18 06:22:57',	1),
(1408,	'APAL-53803',	'Approval Ticket # APAL-53803',	22,	87,	1,	'2020-03-18',	'2020-03-18 06:22:57',	1),
(1409,	'APAL-37086',	'Approval Ticket # APAL-37086',	22,	87,	1,	'2020-03-18',	'2020-03-18 06:22:57',	1),
(1410,	'APAL-19000',	'Approval Ticket # APAL-19000',	22,	87,	1,	'2020-03-18',	'2020-03-18 06:22:57',	1),
(1411,	'APAL-1524',	'Approval Ticket # APAL-1524',	22,	87,	1,	'2020-03-18',	'2020-03-18 06:22:57',	1),
(1412,	'APAL-28461',	'Approval Ticket # APAL-28461',	22,	87,	1,	'2020-03-18',	'2020-03-18 06:22:57',	1),
(1413,	'APAL-63337',	'Approval Ticket # APAL-63337',	22,	87,	1,	'2020-03-18',	'2020-03-18 06:22:57',	1),
(1414,	'APAL-48971',	'Approval Ticket # APAL-48971',	22,	87,	1,	'2020-03-18',	'2020-03-18 06:22:57',	1),
(1415,	'APAL-45974',	'Approval Ticket # APAL-45974',	22,	87,	1,	'2020-03-18',	'2020-03-18 06:22:57',	1),
(1416,	'APAL-40535',	'Approval Ticket # APAL-40535',	22,	87,	1,	'2020-03-18',	'2020-03-18 06:22:57',	1),
(1417,	'APAL-83817',	'Approval Ticket # APAL-83817',	22,	87,	1,	'2020-03-18',	'2020-03-18 06:22:57',	1),
(1418,	'APAL-24800',	'Approval Ticket # APAL-24800',	22,	87,	1,	'2020-03-18',	'2020-03-18 06:22:57',	1),
(1419,	'APAL-55747',	'Approval Ticket # APAL-55747',	22,	87,	1,	'2020-03-18',	'2020-03-18 06:22:57',	1),
(1420,	'APAL-87619',	'Approval Ticket # APAL-87619',	22,	87,	1,	'2020-03-18',	'2020-03-18 06:22:57',	1),
(1421,	'APAL-59326',	'Approval Ticket # APAL-59326',	22,	87,	1,	'2020-03-18',	'2020-03-18 06:22:57',	1),
(1422,	'APAL-67360',	'Approval Ticket # APAL-67360',	22,	87,	1,	'2020-03-18',	'2020-03-18 06:22:57',	1),
(1423,	'APAL-81921',	'Approval Ticket # APAL-81921',	22,	87,	1,	'2020-03-18',	'2020-03-18 06:22:57',	1),
(1424,	'APAL-30008',	'Approval Ticket # APAL-30008',	22,	87,	1,	'2020-03-18',	'2020-03-18 06:22:57',	1),
(1425,	'APAL-45378',	'Approval Ticket # APAL-45378',	22,	87,	1,	'2020-03-18',	'2020-03-18 06:22:57',	1),
(1426,	'APAL-19852',	'Approval Ticket # APAL-19852',	22,	87,	1,	'2020-03-18',	'2020-03-18 06:22:57',	1),
(1427,	'APAL-39708',	'Approval Ticket # APAL-39708',	22,	87,	1,	'2020-03-18',	'2020-03-18 06:22:57',	1),
(1428,	'APAL-51536',	'Approval Ticket # APAL-51536',	22,	87,	1,	'2020-03-18',	'2020-03-18 06:22:57',	1),
(1429,	'APAL-21188',	'Approval Ticket # APAL-21188',	22,	87,	1,	'2020-03-18',	'2020-03-18 06:22:57',	1),
(1430,	'APAL-2906',	'Approval Ticket # APAL-2906',	22,	87,	1,	'2020-03-18',	'2020-03-18 06:22:57',	1),
(1431,	'APAL-85229',	'Approval Ticket # APAL-85229',	22,	87,	1,	'2020-03-18',	'2020-03-18 06:22:57',	1),
(1432,	'APAL-11236',	'Approval Ticket # APAL-11236',	22,	87,	1,	'2020-03-18',	'2020-03-18 06:22:57',	1),
(1433,	'APAL-14005',	'Approval Ticket # APAL-14005',	22,	87,	1,	'2020-03-18',	'2020-03-18 06:22:57',	1),
(1434,	'APAL-26563',	'Approval Ticket # APAL-26563',	22,	87,	1,	'2020-03-18',	'2020-03-18 06:22:57',	1),
(1435,	'APAL-31938',	'Approval Ticket # APAL-31938',	22,	87,	1,	'2020-03-18',	'2020-03-18 06:22:57',	1),
(1436,	'APAL-78192',	'Approval Ticket # APAL-78192',	22,	87,	1,	'2020-03-18',	'2020-03-18 06:22:57',	1),
(1437,	'APAL-69917',	'Approval Ticket # APAL-69917',	22,	87,	1,	'2020-03-18',	'2020-03-18 06:22:57',	1),
(1438,	'APAL-50227',	'Approval Ticket # APAL-50227',	22,	87,	1,	'2020-03-18',	'2020-03-18 06:22:57',	1),
(1439,	'APAL-27074',	'Approval Ticket # APAL-27074',	22,	87,	1,	'2020-03-18',	'2020-03-18 06:22:57',	1),
(1440,	'APAL-15186',	'Approval Ticket # APAL-15186',	22,	87,	1,	'2020-03-18',	'2020-03-18 06:22:57',	1),
(1441,	'APAL-11959',	'Approval Ticket # APAL-11959',	22,	87,	1,	'2020-03-18',	'2020-03-18 06:22:57',	1),
(1442,	'APAL-89869',	'Approval Ticket # APAL-89869',	22,	87,	1,	'2020-03-18',	'2020-03-18 06:22:57',	1),
(1443,	'APAL-59312',	'Approval Ticket # APAL-59312',	22,	87,	1,	'2020-03-18',	'2020-03-18 06:22:57',	1),
(1444,	'APAL-82185',	'Approval Ticket # APAL-82185',	22,	87,	1,	'2020-03-18',	'2020-03-18 06:22:57',	1),
(1445,	'APAL-42229',	'Approval Ticket # APAL-42229',	22,	87,	1,	'2020-03-18',	'2020-03-18 06:22:57',	1),
(1446,	'APAL-34549',	'Approval Ticket # APAL-34549',	22,	87,	1,	'2020-03-18',	'2020-03-18 06:22:57',	1),
(1447,	'APAL-61390',	'Approval Ticket # APAL-61390',	22,	87,	1,	'2020-03-18',	'2020-03-18 06:22:57',	1),
(1448,	'APAL-68879',	'Approval Ticket # APAL-68879',	22,	87,	1,	'2020-03-18',	'2020-03-18 06:22:57',	1),
(1449,	'APAL-85013',	'Approval Ticket # APAL-85013',	22,	87,	1,	'2020-03-18',	'2020-03-18 06:22:57',	1),
(1450,	'APAL-85761',	'Approval Ticket # APAL-85761',	22,	87,	1,	'2020-03-18',	'2020-03-18 06:22:57',	1),
(1451,	'APAL-73431',	'Approval Ticket # APAL-73431',	22,	87,	1,	'2020-03-18',	'2020-03-18 06:22:57',	1),
(1452,	'APAL-64783',	'Approval Ticket # APAL-64783',	22,	87,	1,	'2020-03-18',	'2020-03-18 06:22:57',	1),
(1453,	'APAL-86540',	'Approval Ticket # APAL-86540',	22,	87,	1,	'2020-03-18',	'2020-03-18 06:22:57',	1),
(1454,	'APAL-30596',	'Approval Ticket # APAL-30596',	22,	87,	1,	'2020-03-18',	'2020-03-18 06:22:57',	1),
(1455,	'APAL-31053',	'Approval Ticket # APAL-31053',	22,	87,	1,	'2020-03-18',	'2020-03-18 06:22:57',	1),
(1456,	'APAL-27502',	'Approval Ticket # APAL-27502',	22,	87,	1,	'2020-03-18',	'2020-03-18 06:22:57',	1),
(1457,	'APAL-52062',	'Approval Ticket # APAL-52062',	22,	87,	1,	'2020-03-18',	'2020-03-18 06:22:57',	1),
(1458,	'APAL-48800',	'Approval Ticket # APAL-48800',	22,	87,	1,	'2020-03-18',	'2020-03-18 06:22:57',	1),
(1459,	'APAL-32299',	'Approval Ticket # APAL-32299',	22,	87,	1,	'2020-03-18',	'2020-03-18 06:22:57',	1),
(1460,	'APAL-64103',	'Approval Ticket # APAL-64103',	22,	87,	1,	'2020-03-18',	'2020-03-18 06:22:57',	1),
(1461,	'APAL-44452',	'Approval Ticket # APAL-44452',	22,	87,	1,	'2020-03-18',	'2020-03-18 06:22:57',	1),
(1462,	'APAL-40806',	'Approval Ticket # APAL-40806',	22,	87,	1,	'2020-03-18',	'2020-03-18 06:22:57',	1),
(1463,	'APAL-40511',	'Approval Ticket # APAL-40511',	22,	87,	1,	'2020-03-18',	'2020-03-18 06:22:57',	1),
(1464,	'APAL-55372',	'Approval Ticket # APAL-55372',	22,	87,	1,	'2020-03-18',	'2020-03-18 06:22:57',	1),
(1465,	'APAL-84249',	'Approval Ticket # APAL-84249',	22,	87,	1,	'2020-03-18',	'2020-03-18 06:22:57',	1),
(1466,	'APAL-30856',	'Approval Ticket # APAL-30856',	22,	87,	1,	'2020-03-18',	'2020-03-18 06:22:57',	1),
(1467,	'APAL-85954',	'Approval Ticket # APAL-85954',	22,	87,	1,	'2020-03-18',	'2020-03-18 06:22:57',	1),
(1468,	'APAL-45725',	'Approval Ticket # APAL-45725',	22,	87,	1,	'2020-03-18',	'2020-03-18 06:22:57',	1),
(1469,	'APAL-21389',	'Approval Ticket # APAL-21389',	22,	87,	1,	'2020-03-18',	'2020-03-18 06:22:57',	1),
(1470,	'APAL-28079',	'Approval Ticket # APAL-28079',	22,	87,	1,	'2020-03-18',	'2020-03-18 06:22:57',	1),
(1471,	'APAL-12871',	'Approval Ticket # APAL-12871',	22,	87,	1,	'2020-03-18',	'2020-03-18 06:22:57',	1),
(1472,	'APAL-86731',	'Approval Ticket # APAL-86731',	22,	87,	1,	'2020-03-18',	'2020-03-18 06:22:57',	1),
(1473,	'APAL-43885',	'Approval Ticket # APAL-43885',	22,	87,	1,	'2020-03-18',	'2020-03-18 06:22:57',	1),
(1474,	'APAL-57312',	'Approval Ticket # APAL-57312',	22,	87,	1,	'2020-03-18',	'2020-03-18 06:22:57',	1),
(1475,	'APAL-86777',	'Approval Ticket # APAL-86777',	22,	87,	1,	'2020-03-18',	'2020-03-18 06:22:57',	1),
(1476,	'APAL-26611',	'Approval Ticket # APAL-26611',	22,	87,	1,	'2020-03-18',	'2020-03-18 06:22:57',	1),
(1477,	'APAL-82112',	'Approval Ticket # APAL-82112',	22,	87,	1,	'2020-03-18',	'2020-03-18 06:22:57',	1),
(1478,	'APAL-19701',	'Approval Ticket # APAL-19701',	22,	87,	1,	'2020-03-18',	'2020-03-18 06:22:57',	1),
(1479,	'APAL-22347',	'Approval Ticket # APAL-22347',	22,	87,	1,	'2020-03-18',	'2020-03-18 06:22:57',	1),
(1480,	'APAL-58654',	'Approval Ticket # APAL-58654',	22,	87,	1,	'2020-03-18',	'2020-03-18 06:22:57',	1),
(1481,	'APAL-3162',	'Approval Ticket # APAL-3162',	22,	87,	1,	'2020-03-18',	'2020-03-18 06:22:57',	1),
(1482,	'APAL-9409',	'Approval Ticket # APAL-9409',	22,	87,	1,	'2020-03-18',	'2020-03-18 06:22:57',	1),
(1483,	'APAL-47500',	'Approval Ticket # APAL-47500',	22,	87,	1,	'2020-03-18',	'2020-03-18 06:22:57',	1),
(1484,	'APAL-53214',	'Approval Ticket # APAL-53214',	22,	87,	1,	'2020-03-18',	'2020-03-18 06:22:57',	1),
(1485,	'APAL-14613',	'Approval Ticket # APAL-14613',	22,	87,	1,	'2020-03-18',	'2020-03-18 06:22:57',	1),
(1486,	'APAL-52747',	'Approval Ticket # APAL-52747',	22,	87,	1,	'2020-03-18',	'2020-03-18 06:22:57',	1),
(1487,	'APAL-59688',	'Approval Ticket # APAL-59688',	22,	87,	1,	'2020-03-18',	'2020-03-18 06:22:57',	1),
(1488,	'APAL-29744',	'Approval Ticket # APAL-29744',	22,	87,	1,	'2020-03-18',	'2020-03-18 06:22:57',	1),
(1489,	'APAL-54147',	'Approval Ticket # APAL-54147',	22,	87,	1,	'2020-03-18',	'2020-03-18 06:22:57',	1),
(1490,	'APAL-89282',	'Approval Ticket # APAL-89282',	22,	87,	1,	'2020-03-18',	'2020-03-18 06:22:57',	1),
(1491,	'APAL-36659',	'Approval Ticket # APAL-36659',	22,	87,	1,	'2020-03-18',	'2020-03-18 06:22:57',	1),
(1492,	'APAL-38376',	'Approval Ticket # APAL-38376',	22,	87,	1,	'2020-03-18',	'2020-03-18 06:22:57',	1),
(1493,	'APAL-10091',	'Approval Ticket # APAL-10091',	22,	87,	1,	'2020-03-18',	'2020-03-18 06:22:57',	1),
(1494,	'APAL-30246',	'Approval Ticket # APAL-30246',	22,	87,	1,	'2020-03-18',	'2020-03-18 06:22:57',	1),
(1495,	'APAL-53274',	'Approval Ticket # APAL-53274',	22,	87,	1,	'2020-03-18',	'2020-03-18 06:22:57',	1),
(1496,	'APAL-60751',	'Approval Ticket # APAL-60751',	22,	87,	1,	'2020-03-18',	'2020-03-18 06:22:57',	1),
(1497,	'APAL-55639',	'Approval Ticket # APAL-55639',	22,	87,	1,	'2020-03-18',	'2020-03-18 06:22:57',	1),
(1498,	'APAL-75536',	'Approval Ticket # APAL-75536',	22,	87,	1,	'2020-03-18',	'2020-03-18 06:22:57',	1),
(1499,	'APAL-3581',	'Approval Ticket # APAL-3581',	22,	87,	1,	'2020-03-18',	'2020-03-18 06:22:57',	1),
(1500,	'APAL-8749',	'Approval Ticket # APAL-8749',	22,	87,	1,	'2020-03-18',	'2020-03-18 06:22:57',	1),
(1501,	'APAL-82838',	'Approval Ticket # APAL-82838',	22,	87,	1,	'2020-03-18',	'2020-03-18 06:22:57',	1),
(1502,	'APAL-53752',	'Approval Ticket # APAL-53752',	22,	87,	1,	'2020-03-18',	'2020-03-18 06:22:57',	1),
(1503,	'APAL-80060',	'Approval Ticket # APAL-80060',	22,	87,	1,	'2020-03-18',	'2020-03-18 06:22:57',	1),
(1504,	'APAL-80471',	'Approval Ticket # APAL-80471',	22,	87,	1,	'2020-03-18',	'2020-03-18 06:22:57',	1),
(1505,	'APAL-15073',	'Approval Ticket # APAL-15073',	22,	87,	1,	'2020-03-18',	'2020-03-18 06:22:57',	1),
(1506,	'APAL-15454',	'Approval Ticket # APAL-15454',	22,	87,	1,	'2020-03-18',	'2020-03-18 06:22:57',	1),
(1507,	'APAL-6494',	'Approval Ticket # APAL-6494',	22,	87,	1,	'2020-03-18',	'2020-03-18 06:22:57',	1),
(1508,	'APAL-68429',	'Approval Ticket # APAL-68429',	22,	87,	1,	'2020-03-18',	'2020-03-18 06:22:57',	1),
(1509,	'APAL-80371',	'Approval Ticket # APAL-80371',	22,	87,	1,	'2020-03-18',	'2020-03-18 06:22:58',	1),
(1510,	'APAL-49803',	'Approval Ticket # APAL-49803',	22,	87,	1,	'2020-03-18',	'2020-03-18 06:22:58',	1),
(1511,	'APAL-79094',	'Approval Ticket # APAL-79094',	22,	87,	1,	'2020-03-18',	'2020-03-18 06:22:58',	1),
(1512,	'APAL-86958',	'Approval Ticket # APAL-86958',	22,	87,	1,	'2020-03-18',	'2020-03-18 06:22:58',	1),
(1513,	'APAL-5367',	'Approval Ticket # APAL-5367',	22,	87,	1,	'2020-03-18',	'2020-03-18 06:22:58',	1),
(1514,	'APAL-79978',	'Approval Ticket # APAL-79978',	22,	87,	1,	'2020-03-18',	'2020-03-18 06:22:58',	1),
(1515,	'APAL-41123',	'Approval Ticket # APAL-41123',	22,	87,	1,	'2020-03-18',	'2020-03-18 06:48:04',	1),
(1516,	'APAL-5602',	'Approval Ticket # APAL-5602',	22,	87,	1,	'2020-03-18',	'2020-03-18 06:48:04',	1),
(1517,	'APAL-59652',	'Approval Ticket # APAL-59652',	22,	87,	1,	'2020-03-18',	'2020-03-18 06:48:04',	1),
(1518,	'APAL-66951',	'Approval Ticket # APAL-66951',	22,	87,	1,	'2020-03-18',	'2020-03-18 06:48:04',	1),
(1519,	'APAL-21270',	'Approval Ticket # APAL-21270',	22,	87,	1,	'2020-03-18',	'2020-03-18 06:48:04',	1),
(1520,	'APAL-2881',	'Approval Ticket # APAL-2881',	22,	87,	1,	'2020-03-18',	'2020-03-18 06:48:04',	1),
(1521,	'APAL-30783',	'Approval Ticket # APAL-30783',	22,	87,	1,	'2020-03-18',	'2020-03-18 06:48:04',	1),
(1522,	'APAL-81083',	'Approval Ticket # APAL-81083',	22,	87,	1,	'2020-03-18',	'2020-03-18 06:48:04',	1),
(1523,	'APAL-64248',	'Approval Ticket # APAL-64248',	22,	87,	1,	'2020-03-18',	'2020-03-18 06:48:04',	1),
(1524,	'APAL-62005',	'Approval Ticket # APAL-62005',	22,	87,	1,	'2020-03-18',	'2020-03-18 06:48:04',	1),
(1525,	'APAL-18672',	'Approval Ticket # APAL-18672',	22,	87,	1,	'2020-03-18',	'2020-03-18 06:48:04',	1),
(1526,	'APAL-19018',	'Approval Ticket # APAL-19018',	22,	87,	1,	'2020-03-18',	'2020-03-18 06:48:04',	1),
(1527,	'APAL-10797',	'Approval Ticket # APAL-10797',	22,	87,	1,	'2020-03-18',	'2020-03-18 06:48:04',	1),
(1528,	'APAL-59226',	'Approval Ticket # APAL-59226',	22,	87,	1,	'2020-03-18',	'2020-03-18 06:48:04',	1),
(1529,	'APAL-18257',	'Approval Ticket # APAL-18257',	22,	87,	1,	'2020-03-18',	'2020-03-18 06:48:04',	1),
(1530,	'APAL-88449',	'Approval Ticket # APAL-88449',	22,	87,	1,	'2020-03-18',	'2020-03-18 06:48:04',	1),
(1531,	'APAL-74141',	'Approval Ticket # APAL-74141',	22,	87,	1,	'2020-03-18',	'2020-03-18 06:48:04',	1),
(1532,	'APAL-85754',	'Approval Ticket # APAL-85754',	22,	87,	1,	'2020-03-18',	'2020-03-18 06:48:04',	1),
(1533,	'APAL-55995',	'Approval Ticket # APAL-55995',	22,	87,	1,	'2020-03-18',	'2020-03-18 06:48:04',	1),
(1534,	'APAL-4760',	'Approval Ticket # APAL-4760',	22,	87,	1,	'2020-03-18',	'2020-03-18 06:48:04',	1),
(1535,	'APAL-68287',	'Approval Ticket # APAL-68287',	22,	87,	1,	'2020-03-18',	'2020-03-18 06:48:04',	1),
(1536,	'APAL-60480',	'Approval Ticket # APAL-60480',	22,	87,	1,	'2020-03-18',	'2020-03-18 06:48:04',	1),
(1537,	'APAL-31237',	'Approval Ticket # APAL-31237',	22,	87,	1,	'2020-03-18',	'2020-03-18 06:48:04',	1),
(1538,	'APAL-54557',	'Approval Ticket # APAL-54557',	22,	87,	1,	'2020-03-18',	'2020-03-18 06:48:04',	1),
(1539,	'APAL-47536',	'Approval Ticket # APAL-47536',	22,	87,	1,	'2020-03-18',	'2020-03-18 06:48:04',	1),
(1540,	'APAL-17876',	'Approval Ticket # APAL-17876',	22,	87,	1,	'2020-03-18',	'2020-03-18 06:48:04',	1),
(1541,	'APAL-38217',	'Approval Ticket # APAL-38217',	22,	87,	1,	'2020-03-18',	'2020-03-18 06:48:04',	1),
(1542,	'APAL-82234',	'Approval Ticket # APAL-82234',	22,	87,	1,	'2020-03-18',	'2020-03-18 06:48:04',	1),
(1543,	'APAL-69174',	'Approval Ticket # APAL-69174',	22,	87,	1,	'2020-03-18',	'2020-03-18 06:48:04',	1),
(1544,	'APAL-83277',	'Approval Ticket # APAL-83277',	22,	87,	1,	'2020-03-18',	'2020-03-18 06:48:04',	1),
(1545,	'APAL-45576',	'Approval Ticket # APAL-45576',	22,	87,	1,	'2020-03-18',	'2020-03-18 06:48:04',	1),
(1546,	'APAL-4939',	'Approval Ticket # APAL-4939',	22,	87,	1,	'2020-03-18',	'2020-03-18 06:48:04',	1),
(1547,	'APAL-11134',	'Approval Ticket # APAL-11134',	22,	87,	1,	'2020-03-18',	'2020-03-18 06:48:05',	1),
(1548,	'APAL-76302',	'Approval Ticket # APAL-76302',	22,	87,	1,	'2020-03-18',	'2020-03-18 06:48:05',	1),
(1549,	'APAL-26829',	'Approval Ticket # APAL-26829',	22,	87,	1,	'2020-03-18',	'2020-03-18 06:48:05',	1),
(1550,	'APAL-20290',	'Approval Ticket # APAL-20290',	22,	87,	1,	'2020-03-18',	'2020-03-18 06:48:05',	1),
(1551,	'APAL-81950',	'Approval Ticket # APAL-81950',	22,	87,	1,	'2020-03-18',	'2020-03-18 06:48:05',	1),
(1552,	'APAL-8420',	'Approval Ticket # APAL-8420',	22,	87,	1,	'2020-03-18',	'2020-03-18 06:48:05',	1),
(1553,	'APAL-33710',	'Approval Ticket # APAL-33710',	22,	87,	1,	'2020-03-18',	'2020-03-18 06:48:05',	1),
(1554,	'APAL-44336',	'Approval Ticket # APAL-44336',	22,	87,	1,	'2020-03-18',	'2020-03-18 06:48:05',	1),
(1555,	'APAL-35161',	'Approval Ticket # APAL-35161',	22,	87,	1,	'2020-03-18',	'2020-03-18 06:48:05',	1),
(1556,	'APAL-63138',	'Approval Ticket # APAL-63138',	22,	87,	1,	'2020-03-18',	'2020-03-18 06:48:05',	1),
(1557,	'APAL-67864',	'Approval Ticket # APAL-67864',	22,	87,	1,	'2020-03-18',	'2020-03-18 06:48:05',	1),
(1558,	'APAL-49370',	'Approval Ticket # APAL-49370',	22,	87,	1,	'2020-03-18',	'2020-03-18 06:48:05',	1),
(1559,	'APAL-40036',	'Approval Ticket # APAL-40036',	22,	87,	1,	'2020-03-18',	'2020-03-18 06:48:05',	1),
(1560,	'APAL-39720',	'Approval Ticket # APAL-39720',	22,	87,	1,	'2020-03-18',	'2020-03-18 06:48:05',	1),
(1561,	'APAL-71992',	'Approval Ticket # APAL-71992',	22,	87,	1,	'2020-03-18',	'2020-03-18 06:48:05',	1),
(1562,	'APAL-34757',	'Approval Ticket # APAL-34757',	22,	87,	1,	'2020-03-18',	'2020-03-18 06:48:05',	1),
(1563,	'APAL-51217',	'Approval Ticket # APAL-51217',	22,	87,	1,	'2020-03-18',	'2020-03-18 06:48:05',	1),
(1564,	'APAL-38058',	'Approval Ticket # APAL-38058',	22,	87,	1,	'2020-03-18',	'2020-03-18 06:48:05',	1),
(1565,	'APAL-26912',	'Approval Ticket # APAL-26912',	22,	87,	1,	'2020-03-18',	'2020-03-18 06:48:05',	1),
(1566,	'APAL-57851',	'Approval Ticket # APAL-57851',	22,	87,	1,	'2020-03-18',	'2020-03-18 06:48:05',	1),
(1567,	'APAL-42008',	'Approval Ticket # APAL-42008',	22,	87,	1,	'2020-03-18',	'2020-03-18 06:48:05',	1),
(1568,	'APAL-2283',	'Approval Ticket # APAL-2283',	22,	87,	1,	'2020-03-18',	'2020-03-18 06:48:05',	1),
(1569,	'APAL-56938',	'Approval Ticket # APAL-56938',	22,	87,	1,	'2020-03-18',	'2020-03-18 06:48:05',	1),
(1570,	'APAL-7888',	'Approval Ticket # APAL-7888',	22,	87,	1,	'2020-03-18',	'2020-03-18 06:48:05',	1),
(1571,	'APAL-29784',	'Approval Ticket # APAL-29784',	22,	87,	1,	'2020-03-18',	'2020-03-18 06:48:05',	1),
(1572,	'APAL-52837',	'Approval Ticket # APAL-52837',	22,	87,	1,	'2020-03-18',	'2020-03-18 06:48:05',	1),
(1573,	'APAL-86117',	'Approval Ticket # APAL-86117',	22,	87,	1,	'2020-03-18',	'2020-03-18 06:48:05',	1),
(1574,	'APAL-34545',	'Approval Ticket # APAL-34545',	22,	87,	1,	'2020-03-18',	'2020-03-18 06:48:05',	1),
(1575,	'APAL-17148',	'Approval Ticket # APAL-17148',	22,	87,	1,	'2020-03-18',	'2020-03-18 06:48:05',	1),
(1576,	'APAL-59871',	'Approval Ticket # APAL-59871',	22,	87,	1,	'2020-03-18',	'2020-03-18 06:48:05',	1),
(1577,	'APAL-32481',	'Approval Ticket # APAL-32481',	22,	87,	1,	'2020-03-18',	'2020-03-18 06:48:05',	1),
(1578,	'APAL-56054',	'Approval Ticket # APAL-56054',	22,	87,	1,	'2020-03-18',	'2020-03-18 06:48:05',	1),
(1579,	'APAL-83695',	'Approval Ticket # APAL-83695',	22,	87,	1,	'2020-03-18',	'2020-03-18 06:48:05',	1),
(1580,	'APAL-81635',	'Approval Ticket # APAL-81635',	22,	87,	1,	'2020-03-18',	'2020-03-18 06:48:05',	1),
(1581,	'APAL-75932',	'Approval Ticket # APAL-75932',	22,	87,	1,	'2020-03-18',	'2020-03-18 06:48:05',	1),
(1582,	'APAL-13066',	'Approval Ticket # APAL-13066',	22,	87,	1,	'2020-03-18',	'2020-03-18 06:48:05',	1),
(1583,	'APAL-23937',	'Approval Ticket # APAL-23937',	22,	87,	1,	'2020-03-18',	'2020-03-18 06:48:05',	1),
(1584,	'APAL-85716',	'Approval Ticket # APAL-85716',	22,	87,	1,	'2020-03-18',	'2020-03-18 06:48:05',	1),
(1585,	'APAL-67667',	'Approval Ticket # APAL-67667',	22,	87,	1,	'2020-03-18',	'2020-03-18 06:48:05',	1),
(1586,	'APAL-49618',	'Approval Ticket # APAL-49618',	22,	87,	1,	'2020-03-18',	'2020-03-18 06:48:05',	1),
(1587,	'APAL-42294',	'Approval Ticket # APAL-42294',	22,	87,	1,	'2020-03-18',	'2020-03-18 06:48:05',	1),
(1588,	'APAL-65987',	'Approval Ticket # APAL-65987',	22,	87,	1,	'2020-03-18',	'2020-03-18 06:48:05',	1),
(1589,	'APAL-64674',	'Approval Ticket # APAL-64674',	22,	87,	1,	'2020-03-18',	'2020-03-18 06:48:05',	1),
(1590,	'APAL-48825',	'Approval Ticket # APAL-48825',	22,	87,	1,	'2020-03-18',	'2020-03-18 06:48:05',	1),
(1591,	'APAL-8264',	'Approval Ticket # APAL-8264',	22,	87,	1,	'2020-03-18',	'2020-03-18 06:48:05',	1),
(1592,	'APAL-76684',	'Approval Ticket # APAL-76684',	22,	87,	1,	'2020-03-18',	'2020-03-18 06:48:05',	1),
(1593,	'APAL-35337',	'Approval Ticket # APAL-35337',	22,	87,	1,	'2020-03-18',	'2020-03-18 06:48:05',	1),
(1594,	'APAL-10859',	'Approval Ticket # APAL-10859',	22,	87,	1,	'2020-03-18',	'2020-03-18 06:48:05',	1),
(1595,	'APAL-13741',	'Approval Ticket # APAL-13741',	22,	87,	1,	'2020-03-18',	'2020-03-18 06:48:05',	1),
(1596,	'APAL-87540',	'Approval Ticket # APAL-87540',	22,	87,	1,	'2020-03-18',	'2020-03-18 06:48:05',	1),
(1597,	'APAL-39150',	'Approval Ticket # APAL-39150',	22,	87,	1,	'2020-03-18',	'2020-03-18 06:48:05',	1),
(1598,	'APAL-52052',	'Approval Ticket # APAL-52052',	22,	87,	1,	'2020-03-18',	'2020-03-18 06:48:05',	1),
(1599,	'APAL-69701',	'Approval Ticket # APAL-69701',	22,	87,	1,	'2020-03-18',	'2020-03-18 06:48:05',	1),
(1600,	'APAL-30252',	'Approval Ticket # APAL-30252',	22,	87,	1,	'2020-03-18',	'2020-03-18 06:48:05',	1),
(1601,	'APAL-72511',	'Approval Ticket # APAL-72511',	22,	87,	1,	'2020-03-18',	'2020-03-18 06:48:05',	1),
(1602,	'APAL-66426',	'Approval Ticket # APAL-66426',	22,	87,	1,	'2020-03-18',	'2020-03-18 06:48:05',	1),
(1603,	'APAL-18149',	'Approval Ticket # APAL-18149',	22,	87,	1,	'2020-03-18',	'2020-03-18 06:48:05',	1),
(1604,	'APAL-61386',	'Approval Ticket # APAL-61386',	22,	87,	1,	'2020-03-18',	'2020-03-18 06:48:05',	1),
(1605,	'APAL-24694',	'Approval Ticket # APAL-24694',	22,	87,	1,	'2020-03-18',	'2020-03-18 06:48:05',	1),
(1606,	'APAL-83380',	'Approval Ticket # APAL-83380',	22,	87,	1,	'2020-03-18',	'2020-03-18 06:48:05',	1),
(1607,	'APAL-88081',	'Approval Ticket # APAL-88081',	22,	87,	1,	'2020-03-18',	'2020-03-18 06:48:05',	1),
(1608,	'APAL-27314',	'Approval Ticket # APAL-27314',	22,	87,	1,	'2020-03-18',	'2020-03-18 06:48:05',	1),
(1609,	'APAL-81316',	'Approval Ticket # APAL-81316',	22,	87,	1,	'2020-03-18',	'2020-03-18 06:48:05',	1),
(1610,	'APAL-57537',	'Approval Ticket # APAL-57537',	22,	87,	1,	'2020-03-18',	'2020-03-18 06:48:05',	1),
(1611,	'APAL-26105',	'Approval Ticket # APAL-26105',	22,	87,	1,	'2020-03-18',	'2020-03-18 06:48:05',	1),
(1612,	'APAL-14506',	'Approval Ticket # APAL-14506',	22,	87,	1,	'2020-03-18',	'2020-03-18 06:48:05',	1),
(1613,	'APAL-81185',	'Approval Ticket # APAL-81185',	22,	87,	1,	'2020-03-18',	'2020-03-18 06:48:05',	1),
(1614,	'APAL-10356',	'Approval Ticket # APAL-10356',	22,	87,	1,	'2020-03-18',	'2020-03-18 06:48:05',	1),
(1615,	'APAL-77185',	'Approval Ticket # APAL-77185',	22,	87,	1,	'2020-03-18',	'2020-03-18 06:48:05',	1),
(1616,	'APAL-84289',	'Approval Ticket # APAL-84289',	22,	87,	1,	'2020-03-18',	'2020-03-18 06:48:05',	1),
(1617,	'APAL-67922',	'Approval Ticket # APAL-67922',	22,	87,	1,	'2020-03-18',	'2020-03-18 06:48:05',	1),
(1618,	'APAL-74383',	'Approval Ticket # APAL-74383',	22,	87,	1,	'2020-03-18',	'2020-03-18 06:48:05',	1),
(1619,	'APAL-3599',	'Approval Ticket # APAL-3599',	22,	87,	1,	'2020-03-18',	'2020-03-18 06:48:05',	1),
(1620,	'APAL-44232',	'Approval Ticket # APAL-44232',	22,	87,	1,	'2020-03-18',	'2020-03-18 06:48:05',	1),
(1621,	'APAL-76872',	'Approval Ticket # APAL-76872',	22,	87,	1,	'2020-03-18',	'2020-03-18 06:48:05',	1),
(1622,	'APAL-19265',	'Approval Ticket # APAL-19265',	22,	87,	1,	'2020-03-18',	'2020-03-18 06:48:05',	1),
(1623,	'APAL-21888',	'Approval Ticket # APAL-21888',	22,	87,	1,	'2020-03-18',	'2020-03-18 06:48:05',	1),
(1624,	'APAL-81999',	'Approval Ticket # APAL-81999',	22,	87,	1,	'2020-03-18',	'2020-03-18 06:48:05',	1),
(1625,	'APAL-81685',	'Approval Ticket # APAL-81685',	22,	87,	1,	'2020-03-18',	'2020-03-18 06:48:05',	1),
(1626,	'APAL-64860',	'Approval Ticket # APAL-64860',	22,	87,	1,	'2020-03-18',	'2020-03-18 06:48:05',	1),
(1627,	'APAL-80768',	'Approval Ticket # APAL-80768',	22,	87,	1,	'2020-03-18',	'2020-03-18 06:48:05',	1),
(1628,	'APAL-85818',	'Approval Ticket # APAL-85818',	22,	87,	1,	'2020-03-18',	'2020-03-18 06:48:05',	1),
(1629,	'APAL-37403',	'Approval Ticket # APAL-37403',	22,	87,	1,	'2020-03-18',	'2020-03-18 06:48:05',	1),
(1630,	'APAL-81658',	'Approval Ticket # APAL-81658',	22,	87,	1,	'2020-03-18',	'2020-03-18 06:48:05',	1),
(1631,	'APAL-70247',	'Approval Ticket # APAL-70247',	22,	87,	1,	'2020-03-18',	'2020-03-18 06:48:05',	1),
(1632,	'APAL-25749',	'Approval Ticket # APAL-25749',	22,	87,	1,	'2020-03-18',	'2020-03-18 06:48:05',	1),
(1633,	'APAL-7169',	'Approval Ticket # APAL-7169',	22,	87,	1,	'2020-03-18',	'2020-03-18 06:48:05',	1),
(1634,	'APAL-39345',	'Approval Ticket # APAL-39345',	22,	87,	1,	'2020-03-18',	'2020-03-18 06:48:05',	1),
(1635,	'APAL-11103',	'Approval Ticket # APAL-11103',	22,	87,	1,	'2020-03-18',	'2020-03-18 06:48:05',	1),
(1636,	'APAL-55127',	'Approval Ticket # APAL-55127',	22,	87,	1,	'2020-03-18',	'2020-03-18 06:48:05',	1),
(1637,	'APAL-18603',	'Approval Ticket # APAL-18603',	22,	87,	1,	'2020-03-18',	'2020-03-18 06:48:05',	1),
(1638,	'APAL-42124',	'Approval Ticket # APAL-42124',	22,	87,	1,	'2020-03-18',	'2020-03-18 06:48:05',	1),
(1639,	'APAL-4137',	'Approval Ticket # APAL-4137',	22,	87,	1,	'2020-03-18',	'2020-03-18 06:48:05',	1),
(1640,	'APAL-27422',	'Approval Ticket # APAL-27422',	22,	87,	1,	'2020-03-18',	'2020-03-18 06:48:05',	1),
(1641,	'APAL-89509',	'Approval Ticket # APAL-89509',	22,	87,	1,	'2020-03-18',	'2020-03-18 06:48:05',	1),
(1642,	'APAL-22378',	'Approval Ticket # APAL-22378',	22,	87,	1,	'2020-03-18',	'2020-03-18 06:48:05',	1),
(1643,	'APAL-31787',	'Approval Ticket # APAL-31787',	22,	87,	1,	'2020-03-18',	'2020-03-18 06:48:05',	1),
(1644,	'APAL-71373',	'Approval Ticket # APAL-71373',	22,	87,	1,	'2020-03-18',	'2020-03-18 06:48:05',	1),
(1645,	'APAL-1018',	'Approval Ticket # APAL-1018',	22,	87,	1,	'2020-03-18',	'2020-03-18 06:48:05',	1),
(1646,	'APAL-51126',	'Approval Ticket # APAL-51126',	22,	87,	1,	'2020-03-18',	'2020-03-18 06:48:05',	1),
(1647,	'APAL-4509',	'Approval Ticket # APAL-4509',	22,	87,	1,	'2020-03-18',	'2020-03-18 06:48:05',	1),
(1648,	'APAL-81303',	'Approval Ticket # APAL-81303',	22,	87,	1,	'2020-03-18',	'2020-03-18 06:48:05',	1),
(1649,	'APAL-31561',	'Approval Ticket # APAL-31561',	22,	87,	1,	'2020-03-18',	'2020-03-18 06:48:05',	1),
(1650,	'APAL-76443',	'Approval Ticket # APAL-76443',	22,	87,	1,	'2020-03-18',	'2020-03-18 06:48:05',	1),
(1651,	'APAL-42532',	'Approval Ticket # APAL-42532',	22,	87,	1,	'2020-03-18',	'2020-03-18 06:48:05',	1),
(1652,	'APAL-54367',	'Approval Ticket # APAL-54367',	22,	87,	1,	'2020-03-18',	'2020-03-18 06:48:05',	1),
(1653,	'APAL-19932',	'Approval Ticket # APAL-19932',	22,	87,	1,	'2020-03-18',	'2020-03-18 06:48:05',	1),
(1654,	'APAL-60062',	'Approval Ticket # APAL-60062',	22,	87,	1,	'2020-03-18',	'2020-03-18 06:48:05',	1),
(1655,	'APAL-46797',	'Approval Ticket # APAL-46797',	22,	87,	1,	'2020-03-18',	'2020-03-18 06:48:05',	1),
(1656,	'APAL-33860',	'Approval Ticket # APAL-33860',	22,	87,	1,	'2020-03-18',	'2020-03-18 06:48:05',	1),
(1657,	'APAL-3567',	'Approval Ticket # APAL-3567',	22,	87,	1,	'2020-03-18',	'2020-03-18 06:48:05',	1),
(1658,	'APAL-89987',	'Approval Ticket # APAL-89987',	22,	87,	1,	'2020-03-18',	'2020-03-18 06:48:05',	1),
(1659,	'APAL-68841',	'Approval Ticket # APAL-68841',	22,	87,	1,	'2020-03-18',	'2020-03-18 06:48:05',	1),
(1660,	'APAL-22065',	'Approval Ticket # APAL-22065',	22,	87,	1,	'2020-03-18',	'2020-03-18 06:48:05',	1),
(1661,	'APAL-84308',	'Approval Ticket # APAL-84308',	22,	87,	1,	'2020-03-18',	'2020-03-18 06:48:05',	1),
(1662,	'APAL-54066',	'Approval Ticket # APAL-54066',	22,	87,	1,	'2020-03-18',	'2020-03-18 06:48:05',	1),
(1663,	'APAL-54767',	'Approval Ticket # APAL-54767',	22,	87,	1,	'2020-03-18',	'2020-03-18 06:48:05',	1),
(1664,	'APAL-39316',	'Approval Ticket # APAL-39316',	22,	87,	1,	'2020-03-18',	'2020-03-18 06:48:05',	1),
(1665,	'APAL-45499',	'Approval Ticket # APAL-45499',	22,	87,	1,	'2020-03-18',	'2020-03-18 06:48:05',	1),
(1666,	'APAL-77368',	'Approval Ticket # APAL-77368',	22,	87,	1,	'2020-03-18',	'2020-03-18 06:48:05',	1),
(1667,	'APAL-55851',	'Approval Ticket # APAL-55851',	22,	87,	1,	'2020-03-18',	'2020-03-18 06:48:05',	1),
(1668,	'APAL-20724',	'Approval Ticket # APAL-20724',	22,	87,	1,	'2020-03-18',	'2020-03-18 06:48:05',	1),
(1669,	'APAL-58750',	'Approval Ticket # APAL-58750',	22,	87,	1,	'2020-03-18',	'2020-03-18 06:48:05',	1),
(1670,	'APAL-53076',	'Approval Ticket # APAL-53076',	22,	87,	1,	'2020-03-18',	'2020-03-18 06:48:05',	1),
(1671,	'APAL-73427',	'Approval Ticket # APAL-73427',	22,	87,	1,	'2020-03-18',	'2020-03-18 06:48:05',	1),
(1672,	'APAL-56854',	'Approval Ticket # APAL-56854',	22,	87,	1,	'2020-03-18',	'2020-03-18 06:48:05',	1),
(1673,	'APAL-55541',	'Approval Ticket # APAL-55541',	22,	87,	1,	'2020-03-18',	'2020-03-18 06:48:05',	1),
(1674,	'APAL-74333',	'Approval Ticket # APAL-74333',	22,	87,	1,	'2020-03-18',	'2020-03-18 06:48:05',	1),
(1675,	'APAL-33621',	'Approval Ticket # APAL-33621',	22,	87,	1,	'2020-03-18',	'2020-03-18 06:48:05',	1),
(1676,	'APAL-23033',	'Approval Ticket # APAL-23033',	22,	87,	1,	'2020-03-18',	'2020-03-18 06:48:05',	1),
(1677,	'APAL-27933',	'Approval Ticket # APAL-27933',	22,	87,	1,	'2020-03-18',	'2020-03-18 06:48:05',	1),
(1678,	'APAL-46147',	'Approval Ticket # APAL-46147',	22,	87,	1,	'2020-03-18',	'2020-03-18 06:48:05',	1),
(1679,	'APAL-53532',	'Approval Ticket # APAL-53532',	22,	87,	1,	'2020-03-18',	'2020-03-18 06:48:05',	1),
(1680,	'APAL-68617',	'Approval Ticket # APAL-68617',	22,	87,	1,	'2020-03-18',	'2020-03-18 06:48:05',	1),
(1681,	'APAL-84615',	'Approval Ticket # APAL-84615',	22,	87,	1,	'2020-03-18',	'2020-03-18 06:48:05',	1),
(1682,	'APAL-1015',	'Approval Ticket # APAL-1015',	22,	87,	1,	'2020-03-18',	'2020-03-18 06:48:05',	1),
(1683,	'APAL-89212',	'Approval Ticket # APAL-89212',	22,	87,	1,	'2020-03-18',	'2020-03-18 06:48:05',	1),
(1684,	'APAL-59236',	'Approval Ticket # APAL-59236',	22,	87,	1,	'2020-03-18',	'2020-03-18 06:48:05',	1),
(1686,	'APAL-55627',	'Approval Ticket # APAL-55627',	23,	87,	1,	'2020-03-18',	'2020-03-18 06:54:54',	1),
(1687,	'APAL-84532',	'Approval Ticket # APAL-84532',	23,	87,	1,	'2020-03-18',	'2020-03-18 06:57:12',	1),
(1688,	'APAL-17470',	'Approval Ticket # APAL-17470',	23,	87,	1,	'2020-03-18',	'2020-03-18 06:58:01',	1),
(1689,	'APAL-60670',	'Approval Ticket # APAL-60670',	23,	87,	1,	'2020-03-18',	'2020-03-18 07:08:00',	1),
(1690,	'APAL-45001',	'Approval Ticket # APAL-45001',	23,	87,	1,	'2020-03-18',	'2020-03-18 07:36:51',	1),
(1691,	'APAL-2141',	'Approval Ticket # APAL-2141',	23,	87,	1,	'2020-03-18',	'2020-03-18 17:15:06',	1),
(1692,	'APAL-60533',	'Approval Ticket # APAL-60533',	71,	87,	1,	'2020-03-19',	'2020-03-19 11:57:56',	1),
(1693,	'APAL-57195',	'Approval Ticket # APAL-57195',	70,	87,	1,	'2020-03-19',	'2020-03-19 11:57:56',	1),
(1694,	'APAL-27963',	'Approval Ticket # APAL-27963',	2,	87,	1,	'2020-03-19',	'2020-03-19 11:57:56',	1),
(1695,	'APAL-57932',	'Approval Ticket # APAL-57932',	2,	87,	1,	'2020-03-19',	'2020-03-19 12:01:43',	1),
(1696,	'APAL-51629',	'Approval Ticket # APAL-51629',	71,	87,	1,	'2020-03-19',	'2020-03-19 12:02:49',	1),
(1697,	'APAL-41852',	'Approval Ticket # APAL-41852',	70,	87,	1,	'2020-03-19',	'2020-03-19 12:02:49',	1),
(1698,	'APAL-61626',	'Approval Ticket # APAL-61626',	2,	87,	1,	'2020-03-19',	'2020-03-19 12:02:49',	1),
(1699,	'APAL-50889',	'Approval Ticket # APAL-50889',	2,	87,	1,	'2020-03-19',	'2020-03-19 12:04:18',	1),
(1700,	'APAL-81765',	'Approval Ticket # APAL-81765',	71,	87,	1,	'2020-03-19',	'2020-03-19 12:13:12',	1),
(1701,	'APAL-50951',	'Approval Ticket # APAL-50951',	70,	87,	1,	'2020-03-19',	'2020-03-19 12:13:12',	1),
(1702,	'APAL-2896',	'Approval Ticket # APAL-2896',	2,	87,	1,	'2020-03-19',	'2020-03-19 12:13:12',	1),
(1703,	'APAL-55822',	'Approval Ticket # APAL-55822',	20,	87,	1,	'2020-03-19',	'2020-03-19 14:28:31',	1),
(1704,	'APAL-43413',	'Approval Ticket # APAL-43413',	33,	87,	1,	'2020-03-19',	'2020-03-19 14:28:31',	1),
(1705,	'APAL-25655',	'Approval Ticket # APAL-25655',	82,	87,	1,	'2020-03-19',	'2020-03-19 14:28:31',	1),
(1706,	'APAL-87733',	'Approval Ticket # APAL-87733',	63,	87,	1,	'2020-03-19',	'2020-03-19 14:42:05',	1),
(1707,	'APAL-81713',	'Approval Ticket # APAL-81713',	63,	87,	1,	'2020-03-19',	'2020-03-19 14:42:34',	1),
(1710,	'APAL-77739',	'Approval Ticket # APAL-77739',	84,	87,	1,	'2020-03-19',	'2020-03-19 15:05:32',	1),
(1711,	'APAL-52977',	'Approval Ticket # APAL-52977',	84,	87,	1,	'2020-03-19',	'2020-03-19 15:12:53',	1),
(1712,	'APAL-29721',	'Approval Ticket # APAL-29721',	84,	87,	1,	'2020-03-19',	'2020-03-19 15:13:39',	1),
(1713,	'APAL-60682',	'Approval Ticket # APAL-60682',	71,	87,	1,	'2020-03-19',	'2020-03-19 15:15:47',	1),
(1714,	'APAL-82166',	'Approval Ticket # APAL-82166',	70,	87,	1,	'2020-03-19',	'2020-03-19 15:15:47',	1),
(1715,	'APAL-13737',	'Approval Ticket # APAL-13737',	2,	87,	1,	'2020-03-19',	'2020-03-19 15:15:47',	1),
(1716,	'APAL-61168',	'Approval Ticket # APAL-61168',	18,	87,	1,	'2020-03-19',	'2020-03-19 16:45:13',	1),
(1717,	'APAL-71042',	'Approval Ticket # APAL-71042',	18,	87,	1,	'2020-03-19',	'2020-03-19 16:52:02',	1),
(1718,	'APAL-49069',	'Approval Ticket # APAL-49069',	18,	87,	1,	'2020-03-19',	'2020-03-19 16:53:43',	1),
(1719,	'APAL-52256',	'Approval Ticket # APAL-52256',	63,	87,	1,	'2020-03-19',	'2020-03-19 17:49:45',	1),
(1720,	'APAL-19726',	'Approval Ticket # APAL-19726',	63,	87,	1,	'2020-03-19',	'2020-03-19 17:50:21',	1),
(1721,	'APAL-64448',	'Approval Ticket # APAL-64448',	2,	87,	1,	'2020-03-19',	'2020-03-19 18:06:55',	1),
(1722,	'APAL-26575',	'Approval Ticket # APAL-26575',	39,	87,	1,	'2020-03-19',	'2020-03-19 18:07:56',	1),
(1723,	'APAL-39258',	'Approval Ticket # APAL-39258',	2,	87,	1,	'2020-03-19',	'2020-03-19 18:09:04',	1),
(1724,	'APAL-12066',	'Approval Ticket # APAL-12066',	2,	87,	1,	'2020-03-19',	'2020-03-19 18:28:04',	1),
(1725,	'APAL-84482',	'Approval Ticket # APAL-84482',	20,	87,	1,	'2020-03-20',	'2020-03-20 10:53:53',	1),
(1726,	'APAL-33879',	'Approval Ticket # APAL-33879',	33,	87,	1,	'2020-03-20',	'2020-03-20 10:53:53',	1),
(1727,	'APAL-19956',	'Approval Ticket # APAL-19956',	82,	87,	1,	'2020-03-20',	'2020-03-20 10:53:53',	1),
(1728,	'APAL-75708',	'Approval Ticket # APAL-75708',	71,	87,	1,	'2020-03-20',	'2020-03-20 10:57:23',	1),
(1729,	'APAL-77957',	'Approval Ticket # APAL-77957',	70,	87,	1,	'2020-03-20',	'2020-03-20 10:57:23',	1),
(1730,	'APAL-69246',	'Approval Ticket # APAL-69246',	2,	87,	1,	'2020-03-20',	'2020-03-20 10:57:23',	1);

DROP TABLE IF EXISTS `approve_item`;
CREATE TABLE `approve_item` (
  `approve_item_id` int(100) NOT NULL AUTO_INCREMENT,
  `approve_item_track_number` varchar(100) NOT NULL,
  `approve_item_name` varchar(100) NOT NULL,
  `approve_item_is_active` int(5) NOT NULL,
  `approve_item_created_date` date NOT NULL,
  `approve_item_created_by` int(100) NOT NULL,
  `approve_item_last_modified_date` timestamp NOT NULL DEFAULT CURRENT_TIMESTAMP ON UPDATE CURRENT_TIMESTAMP,
  `approve_item_last_modified_by` int(100) NOT NULL,
  `fk_approval_id` int(100) DEFAULT NULL,
  `fk_status_id` int(100) DEFAULT NULL,
  PRIMARY KEY (`approve_item_id`)
) ENGINE=InnoDB DEFAULT CHARSET=latin1;

INSERT INTO `approve_item` (`approve_item_id`, `approve_item_track_number`, `approve_item_name`, `approve_item_is_active`, `approve_item_created_date`, `approve_item_created_by`, `approve_item_last_modified_date`, `approve_item_last_modified_by`, `fk_approval_id`, `fk_status_id`) VALUES
(1,	'APEM-45322',	'request_detail',	1,	'0000-00-00',	0,	'2019-11-25 03:34:19',	0,	NULL,	NULL),
(2,	'APEM-45323',	'voucher',	1,	'0000-00-00',	0,	'2019-11-15 18:14:11',	0,	NULL,	NULL),
(3,	'APEM-45324',	'request',	1,	'0000-00-00',	0,	'2019-11-25 03:19:05',	0,	NULL,	NULL),
(4,	'APEM-45325',	'budget',	1,	'2019-10-22',	1,	'2019-11-15 18:14:11',	1,	NULL,	NULL),
(5,	'APEM-45326',	'budget_item',	1,	'2019-10-22',	1,	'2020-03-07 07:05:10',	1,	NULL,	NULL),
(8,	'APEM-45327',	'funder',	1,	'2019-10-22',	1,	'2019-11-20 23:35:59',	1,	NULL,	NULL),
(9,	'APEM-45328',	'workplan',	0,	'2019-10-22',	1,	'2019-11-15 18:14:11',	1,	NULL,	NULL),
(13,	'APEM-45329',	'budget_item_detail',	0,	'2019-10-22',	1,	'2019-11-15 18:14:11',	1,	NULL,	NULL),
(14,	'APEM-45330',	'voucher_detail',	0,	'2019-10-22',	1,	'2019-11-15 18:14:11',	1,	NULL,	NULL),
(18,	'APEM-45331',	'project',	0,	'2019-10-25',	1,	'2019-11-15 18:14:11',	1,	NULL,	NULL),
(19,	'APEM-45332',	'project_allocation',	1,	'2019-11-03',	1,	'2019-11-15 18:14:11',	1,	NULL,	NULL),
(20,	'APEM-45333',	'office',	1,	'2019-11-03',	1,	'2019-12-08 07:57:15',	1,	NULL,	NULL),
(21,	'APEM-45334',	'role',	0,	'2019-11-04',	1,	'2019-11-15 18:14:11',	1,	NULL,	NULL),
(22,	'APEM-45335',	'permission',	0,	'2019-11-04',	1,	'2019-11-15 18:14:11',	1,	NULL,	NULL),
(23,	'APEM-45336',	'role_permission',	0,	'2019-11-04',	1,	'2019-11-15 18:14:11',	1,	NULL,	NULL),
(24,	'APEM-45337',	'dashboard',	0,	'2019-11-05',	1,	'2019-11-15 18:14:11',	1,	NULL,	NULL),
(25,	'APEM-45338',	'permission_label',	0,	'2019-11-06',	1,	'2019-11-15 18:14:11',	1,	NULL,	NULL),
(26,	'APEM-45339',	'bank',	0,	'2019-11-06',	1,	'2019-11-15 18:14:11',	1,	NULL,	NULL),
(27,	'APEM-45340',	'user_detail',	0,	'2019-11-07',	1,	'2019-11-15 18:14:11',	1,	NULL,	NULL),
(28,	'APEM-45341',	'menu_user_order',	0,	'2019-11-07',	1,	'2019-11-15 18:14:11',	1,	NULL,	NULL),
(29,	'APEM-45342',	'user',	0,	'2019-11-07',	1,	'2019-11-15 18:14:11',	1,	NULL,	NULL),
(30,	'APEM-45343',	'user_setting',	0,	'2019-11-07',	1,	'2019-11-15 18:14:11',	1,	NULL,	NULL),
(31,	'APEM-45344',	'approve_item',	0,	'2019-11-07',	1,	'2019-11-15 18:14:11',	1,	NULL,	NULL),
(32,	'APEM-45345',	'status',	0,	'2019-11-07',	1,	'2019-11-15 18:14:11',	1,	NULL,	NULL),
(33,	'APEM-45346',	'context_center',	0,	'2019-11-13',	1,	'2019-12-08 08:45:49',	1,	NULL,	NULL),
(34,	'APEM-45347',	'context',	0,	'2019-11-13',	1,	'2019-12-08 07:59:55',	1,	NULL,	NULL),
(36,	'',	'month',	0,	'2019-11-21',	1,	'2019-11-20 23:15:01',	1,	NULL,	NULL),
(37,	'',	'voucher_type',	0,	'2019-11-21',	1,	'2019-11-20 23:15:43',	1,	NULL,	NULL),
(38,	'',	'reconciliation',	0,	'2019-11-21',	1,	'2019-11-20 23:17:28',	1,	NULL,	NULL),
(39,	'',	'expense_account',	0,	'2019-11-21',	1,	'2019-11-20 23:54:46',	1,	NULL,	NULL),
(40,	'',	'language',	0,	'2019-11-21',	1,	'2019-11-21 00:12:27',	1,	NULL,	NULL),
(41,	'',	'context_cluster',	0,	'2019-11-21',	1,	'2019-12-08 08:45:49',	1,	NULL,	NULL),
(42,	'',	'context_global',	0,	'2019-11-21',	1,	'2019-12-08 08:45:49',	1,	NULL,	NULL),
(43,	'',	'context_region',	0,	'2019-11-21',	1,	'2019-12-08 08:45:49',	1,	NULL,	NULL),
(44,	'',	'context_country',	0,	'2019-11-21',	1,	'2019-12-08 08:45:49',	1,	NULL,	NULL),
(45,	'',	'context_cohort',	0,	'2019-11-21',	1,	'2019-12-08 08:45:49',	1,	NULL,	NULL),
(46,	'',	'center_user',	0,	'2019-11-21',	1,	'2019-11-21 14:51:30',	1,	NULL,	NULL),
(47,	'',	'menu',	0,	'2019-11-21',	1,	'2019-11-21 15:40:57',	1,	NULL,	NULL),
(48,	'',	'department',	0,	'2019-11-21',	1,	'2019-11-21 16:09:50',	1,	NULL,	NULL),
(49,	'',	'department_user',	0,	'2019-11-21',	1,	'2019-11-21 16:14:04',	1,	NULL,	NULL),
(50,	'',	'context_cluster_user',	0,	'2019-11-21',	1,	'2019-12-08 08:45:49',	1,	NULL,	NULL),
(51,	'',	'designation',	0,	'2019-11-21',	1,	'2019-11-21 16:37:42',	1,	NULL,	NULL),
(52,	'',	'context_country_user',	0,	'2019-11-22',	1,	'2019-12-08 08:45:49',	1,	NULL,	NULL),
(53,	'',	'context_cohort_user',	0,	'2019-11-22',	1,	'2019-12-08 08:45:49',	1,	NULL,	NULL),
(54,	'',	'context_global_user',	0,	'2019-11-22',	1,	'2019-12-08 08:45:49',	1,	NULL,	NULL),
(55,	'',	'context_region_user',	0,	'2019-11-22',	1,	'2019-12-08 08:45:49',	1,	NULL,	NULL),
(56,	'',	'funding_status',	0,	'2019-11-22',	1,	'2019-11-22 22:07:30',	1,	NULL,	NULL),
(57,	'',	'page_view',	0,	'2019-11-23',	1,	'2019-11-23 08:19:50',	1,	NULL,	NULL),
(58,	'',	'page_view_detail',	0,	'2019-11-23',	1,	'2019-11-23 08:19:50',	1,	NULL,	NULL),
(59,	'',	'page_view_role',	0,	'2019-11-23',	1,	'2019-11-23 14:11:51',	1,	NULL,	NULL),
(60,	'',	'request_type',	0,	'2019-11-23',	1,	'2019-11-23 14:31:51',	1,	NULL,	NULL),
(61,	'',	'page_view_condition',	0,	'2019-11-23',	1,	'2019-11-23 15:32:11',	1,	NULL,	NULL),
(62,	'APEM-78654',	'approval',	0,	'2019-11-23',	1,	'2020-03-07 04:19:43',	1,	NULL,	NULL),
(63,	'',	'income_account',	0,	'2019-11-27',	1,	'2019-11-27 12:58:11',	1,	NULL,	NULL),
(65,	'',	'context_center_user',	0,	'2019-11-30',	1,	'2019-12-08 08:45:49',	1,	NULL,	NULL),
(66,	'',	'context_definition',	0,	'2019-12-15',	1,	'2019-12-15 06:51:08',	1,	NULL,	NULL),
(67,	'',	'bank_branch',	0,	'2020-01-04',	1,	'2020-01-04 06:22:45',	1,	NULL,	NULL),
(68,	'',	'office_bank',	0,	'2020-01-04',	1,	'2020-01-04 06:30:35',	1,	NULL,	NULL),
(69,	'',	'cheque_book',	0,	'2020-01-06',	1,	'2020-01-06 06:19:14',	1,	NULL,	NULL),
(70,	'',	'financial_report',	0,	'2020-01-08',	1,	'2020-01-08 09:43:43',	1,	NULL,	NULL),
(71,	'',	'journal',	0,	'2020-01-15',	1,	'2020-01-15 11:49:13',	1,	NULL,	NULL),
(72,	'',	'voucher_type_account',	0,	'2020-01-15',	1,	'2020-01-15 15:13:29',	1,	NULL,	NULL),
(73,	'',	'voucher_type_effect',	0,	'2020-01-15',	1,	'2020-01-15 15:14:14',	1,	NULL,	NULL),
(74,	'',	'bank_contra_account',	0,	'2020-01-16',	1,	'2020-01-16 20:36:54',	1,	NULL,	NULL),
(75,	'',	'cash_contra_account',	0,	'2020-01-16',	1,	'2020-01-16 20:31:30',	1,	NULL,	NULL),
(76,	'',	'opening_cash_balance',	0,	'2020-01-16',	1,	'2020-01-16 21:37:40',	1,	NULL,	NULL),
(77,	'',	'budget_schedule',	0,	'2020-01-18',	1,	'2020-01-18 11:35:29',	1,	NULL,	NULL),
(78,	'',	'account_system',	0,	'2020-02-29',	1,	'2020-02-29 19:03:20',	1,	NULL,	NULL),
(79,	'',	'request_conversion',	0,	'2020-03-02',	1,	'2020-03-02 06:27:11',	1,	NULL,	NULL),
(80,	'',	'project_allocation_detail',	0,	'2020-03-06',	1,	'2020-03-05 23:39:58',	1,	NULL,	NULL),
(81,	'',	'status_role',	0,	'2020-02-29',	1,	'2020-02-29 19:03:20',	1,	NULL,	NULL),
(82,	'',	'system_opening_balance',	0,	'2020-03-19',	1,	'2020-03-19 14:11:32',	1,	NULL,	NULL),
(83,	'',	'opening_allocation_balance',	0,	'2020-03-19',	1,	'2020-03-19 14:12:56',	1,	NULL,	NULL),
(84,	'',	'opening_fund_balance',	0,	'2020-03-19',	1,	'2020-03-19 14:31:42',	1,	NULL,	NULL);

DROP TABLE IF EXISTS `bank`;
CREATE TABLE `bank` (
  `bank_id` int(100) NOT NULL AUTO_INCREMENT,
  `bank_track_number` varchar(100) DEFAULT NULL,
  `bank_name` varchar(45) DEFAULT NULL,
  `bank_swift_code` varchar(45) DEFAULT NULL,
  `bank_is_active` int(5) NOT NULL DEFAULT '1',
  `bank_created_date` date DEFAULT NULL,
  `bank_created_by` int(100) DEFAULT NULL,
  `bank_last_modified_date` timestamp NOT NULL DEFAULT CURRENT_TIMESTAMP,
  `bank_last_modified_by` int(100) DEFAULT NULL,
  `fk_approval_id` int(11) DEFAULT NULL,
  `fk_status_id` int(11) DEFAULT NULL,
  PRIMARY KEY (`bank_id`),
  KEY `fk_approval_id` (`fk_approval_id`),
  KEY `fk_status_id` (`fk_status_id`),
  CONSTRAINT `bank_ibfk_3` FOREIGN KEY (`fk_approval_id`) REFERENCES `approval` (`approval_id`) ON DELETE CASCADE,
  CONSTRAINT `bank_ibfk_4` FOREIGN KEY (`fk_status_id`) REFERENCES `status` (`status_id`) ON DELETE CASCADE
) ENGINE=InnoDB DEFAULT CHARSET=latin1 COMMENT='This table list all the banks for centers';

INSERT INTO `bank` (`bank_id`, `bank_track_number`, `bank_name`, `bank_swift_code`, `bank_is_active`, `bank_created_date`, `bank_created_by`, `bank_last_modified_date`, `bank_last_modified_by`, `fk_approval_id`, `fk_status_id`) VALUES
(1,	'BANK-69246',	'Cooperative Bank',	'45456',	1,	'2020-03-12',	1,	'2020-03-12 19:06:05',	1,	786,	108),
(2,	'BANK-3920',	'Equity Bank',	'54645',	1,	'2020-03-13',	1,	'2020-03-13 08:32:25',	1,	797,	108);

DROP TABLE IF EXISTS `bank_branch`;
CREATE TABLE `bank_branch` (
  `bank_branch_id` int(100) NOT NULL AUTO_INCREMENT,
  `bank_branch_track_number` varchar(100) DEFAULT NULL,
  `fk_bank_id` int(100) DEFAULT NULL,
  `bank_branch_name` varchar(45) DEFAULT NULL,
  `bank_branch_is_active` int(5) DEFAULT NULL,
  `bank_branch_created_by` int(100) DEFAULT NULL,
  `bank_branch_created_date` date DEFAULT NULL,
  `bank_branch_last_modified_date` date DEFAULT NULL,
  `bank_branch_last_modified_by` int(100) DEFAULT NULL,
  `fk_approval_id` int(100) DEFAULT NULL,
  `fk_status_id` int(100) DEFAULT NULL,
  PRIMARY KEY (`bank_branch_id`),
  KEY `fk_bank_branch_bank1_idx` (`fk_bank_id`),
  CONSTRAINT `fk_bank_branch_bank1` FOREIGN KEY (`fk_bank_id`) REFERENCES `bank` (`bank_id`) ON DELETE NO ACTION ON UPDATE NO ACTION
) ENGINE=InnoDB DEFAULT CHARSET=latin1 COMMENT='This table holds branches for banks';


DROP TABLE IF EXISTS `bank_contra_account`;
CREATE TABLE `bank_contra_account` (
  `bank_contra_account_id` int(100) NOT NULL AUTO_INCREMENT,
  `bank_contra_account_track_number` varchar(100) NOT NULL,
  `bank_contra_account_name` varchar(100) NOT NULL,
  `bank_contra_account_code` varchar(50) NOT NULL,
  `bank_contra_account_created_date` date DEFAULT NULL,
  `bank_contra_account_created_by` int(100) DEFAULT NULL,
  `bank_contra_account_last_modified_by` int(100) DEFAULT NULL,
  `bank_contra_account_last_modified_date` date DEFAULT NULL,
  `fk_approval_id` int(100) DEFAULT NULL,
  `fk_status_id` int(100) DEFAULT NULL,
  PRIMARY KEY (`bank_contra_account_id`)
) ENGINE=InnoDB DEFAULT CHARSET=latin1;

INSERT INTO `bank_contra_account` (`bank_contra_account_id`, `bank_contra_account_track_number`, `bank_contra_account_name`, `bank_contra_account_code`, `bank_contra_account_created_date`, `bank_contra_account_created_by`, `bank_contra_account_last_modified_by`, `bank_contra_account_last_modified_date`, `fk_approval_id`, `fk_status_id`) VALUES
(1,	'CONT-20988',	'Petty Cash Imprest',	'C001',	'2020-01-16',	1,	1,	NULL,	533,	0);

DROP TABLE IF EXISTS `budget`;
CREATE TABLE `budget` (
  `budget_id` int(100) NOT NULL AUTO_INCREMENT,
  `budget_track_number` varchar(45) DEFAULT NULL,
  `budget_name` varchar(100) DEFAULT NULL,
  `fk_office_id` int(100) DEFAULT NULL,
  `fk_approval_id` int(11) DEFAULT '0',
  `fk_status_id` int(11) DEFAULT '0',
  `budget_year` int(5) DEFAULT NULL,
  `budget_created_by` int(100) DEFAULT NULL,
  `budget_created_date` date DEFAULT NULL,
  `budget_last_modified_by` int(100) DEFAULT NULL,
  `budget_last_modified_date` date DEFAULT NULL,
  PRIMARY KEY (`budget_id`),
  KEY `fk_budget_center1_idx` (`fk_office_id`),
  KEY `fk_approval_id` (`fk_approval_id`),
  KEY `fk_status_id` (`fk_status_id`),
  CONSTRAINT `budget_ibfk_1` FOREIGN KEY (`fk_office_id`) REFERENCES `office` (`office_id`),
  CONSTRAINT `budget_ibfk_2` FOREIGN KEY (`fk_approval_id`) REFERENCES `approval` (`approval_id`),
  CONSTRAINT `budget_ibfk_3` FOREIGN KEY (`fk_status_id`) REFERENCES `status` (`status_id`),
  CONSTRAINT `fk_budget_center1` FOREIGN KEY (`fk_office_id`) REFERENCES `office` (`office_id`) ON DELETE NO ACTION ON UPDATE NO ACTION
) ENGINE=InnoDB DEFAULT CHARSET=latin1 COMMENT='This table holds the budget items by activity';

INSERT INTO `budget` (`budget_id`, `budget_track_number`, `budget_name`, `fk_office_id`, `fk_approval_id`, `fk_status_id`, `budget_year`, `budget_created_by`, `budget_created_date`, `budget_last_modified_by`, `budget_last_modified_date`) VALUES
(1,	'BUET-50467',	'FY 2020',	18,	796,	120,	2020,	1,	'2020-03-13',	1,	NULL);

DROP TABLE IF EXISTS `budget_item`;
CREATE TABLE `budget_item` (
  `budget_item_id` int(100) NOT NULL AUTO_INCREMENT,
  `budget_item_track_number` varchar(100) DEFAULT NULL,
  `budget_item_name` varchar(100) DEFAULT NULL,
  `fk_budget_id` int(100) DEFAULT NULL,
  `budget_item_total_cost` int(50) DEFAULT NULL,
  `fk_expense_account_id` int(100) DEFAULT NULL,
  `budget_item_description` longtext,
  `fk_status_id` int(11) DEFAULT '0',
  `fk_approval_id` int(11) DEFAULT '0',
  `fk_project_allocation_id` int(100) DEFAULT NULL,
  `budget_item_created_by` int(100) DEFAULT NULL,
  `budget_item_last_modified_by` int(11) DEFAULT NULL,
  `budget_item_created_date` date DEFAULT NULL,
  `budget_item_last_modified_date` timestamp NOT NULL DEFAULT '0000-00-00 00:00:00',
  PRIMARY KEY (`budget_item_id`),
  KEY `fk_budget_detail_id_expense_account_id_idx` (`fk_expense_account_id`),
  KEY `fk_budget_detail_budget_id_idx` (`fk_budget_id`),
  KEY `fk_project_allocation_id` (`fk_project_allocation_id`),
  KEY `fk_status_id` (`fk_status_id`),
  KEY `fk_approval_id` (`fk_approval_id`),
  CONSTRAINT `budget_item_ibfk_1` FOREIGN KEY (`fk_project_allocation_id`) REFERENCES `project_allocation` (`project_allocation_id`),
  CONSTRAINT `budget_item_ibfk_2` FOREIGN KEY (`fk_status_id`) REFERENCES `status` (`status_id`),
  CONSTRAINT `budget_item_ibfk_3` FOREIGN KEY (`fk_approval_id`) REFERENCES `approval` (`approval_id`),
  CONSTRAINT `fk_budget_detail_budget_id` FOREIGN KEY (`fk_budget_id`) REFERENCES `budget` (`budget_id`) ON DELETE NO ACTION ON UPDATE CASCADE,
  CONSTRAINT `fk_budget_detail_id_expense_account_id` FOREIGN KEY (`fk_expense_account_id`) REFERENCES `expense_account` (`expense_account_id`) ON DELETE NO ACTION ON UPDATE NO ACTION
) ENGINE=InnoDB DEFAULT CHARSET=latin1 COMMENT='This hold activties and their budgeted cost';


DROP TABLE IF EXISTS `budget_item_detail`;
CREATE TABLE `budget_item_detail` (
  `budget_item_detail_id` int(100) NOT NULL AUTO_INCREMENT,
  `budget_item_detail_track_number` varchar(100) DEFAULT NULL,
  `budget_item_detail_name` varchar(100) DEFAULT NULL,
  `fk_budget_item_id` int(100) DEFAULT NULL,
  `fk_month_id` int(5) DEFAULT NULL,
  `fk_status_id` int(11) DEFAULT '0',
  `fk_approval_id` int(11) DEFAULT '0',
  `budget_item_detail_amount` decimal(10,2) DEFAULT NULL,
  `budget_item_detail_created_date` date DEFAULT NULL,
  `budget_item_detail_created_by` int(100) DEFAULT NULL,
  `budget_item_detail_last_modified_by` int(100) DEFAULT NULL,
  `budget_item_detail_last_modified_date` timestamp NOT NULL DEFAULT '0000-00-00 00:00:00',
  PRIMARY KEY (`budget_item_detail_id`),
  KEY `fk_budget_month_spread_budget_detail1_idx` (`fk_budget_item_id`),
  KEY `fk_status_id` (`fk_status_id`),
  KEY `fk_approval_id` (`fk_approval_id`),
  CONSTRAINT `budget_item_detail_ibfk_1` FOREIGN KEY (`fk_status_id`) REFERENCES `status` (`status_id`),
  CONSTRAINT `fk_budget_month_spread_budget_detail1` FOREIGN KEY (`fk_budget_item_id`) REFERENCES `budget_item` (`budget_item_id`) ON DELETE NO ACTION ON UPDATE NO ACTION
) ENGINE=InnoDB DEFAULT CHARSET=latin1 COMMENT='This table distributes budget allocations by month';


DROP TABLE IF EXISTS `cash_contra_account`;
CREATE TABLE `cash_contra_account` (
  `cash_contra_account_id` int(100) NOT NULL AUTO_INCREMENT,
  `cash_contra_account_track_number` varchar(100) NOT NULL,
  `cash_contra_account_name` varchar(100) NOT NULL,
  `cash_contra_account_code` varchar(50) NOT NULL,
  `cash_contra_account_created_date` date DEFAULT NULL,
  `cash_contra_account_created_by` int(100) DEFAULT NULL,
  `cash_contra_account_last_modified_by` int(100) DEFAULT NULL,
  `cash_contra_account_last_modified_date` date DEFAULT NULL,
  `fk_approval_id` int(100) DEFAULT NULL,
  `fk_status_id` int(100) DEFAULT NULL,
  PRIMARY KEY (`cash_contra_account_id`)
) ENGINE=InnoDB DEFAULT CHARSET=latin1;

INSERT INTO `cash_contra_account` (`cash_contra_account_id`, `cash_contra_account_track_number`, `cash_contra_account_name`, `cash_contra_account_code`, `cash_contra_account_created_date`, `cash_contra_account_created_by`, `cash_contra_account_last_modified_by`, `cash_contra_account_last_modified_date`, `fk_approval_id`, `fk_status_id`) VALUES
(1,	'CANT-70987',	'Petty Cash Rebanking',	'C002',	'2020-01-16',	1,	1,	NULL,	547,	0);

DROP TABLE IF EXISTS `cheque_book`;
CREATE TABLE `cheque_book` (
  `cheque_book_id` int(11) NOT NULL AUTO_INCREMENT,
  `cheque_book_track_number` varchar(100) NOT NULL,
  `cheque_book_name` varchar(100) NOT NULL,
  `fk_office_bank_id` int(100) DEFAULT NULL,
  `cheque_book_is_active` int(5) DEFAULT '1',
  `cheque_book_start_serial_number` varchar(45) DEFAULT NULL,
  `cheque_book_count_of_leaves` varchar(45) DEFAULT NULL,
  `cheque_book_use_start_date` date DEFAULT NULL,
  `cheque_book_created_date` date DEFAULT NULL,
  `cheque_book_created_by` int(100) DEFAULT NULL,
  `cheque_book_last_modified_by` int(100) DEFAULT NULL,
  `cheque_book_last_modified_date` date DEFAULT NULL,
  `fk_approval_id` int(100) DEFAULT NULL,
  `fk_status_id` int(100) DEFAULT NULL,
  PRIMARY KEY (`cheque_book_id`),
  KEY `fk_office_bank_id` (`fk_office_bank_id`),
  CONSTRAINT `cheque_book_ibfk_1` FOREIGN KEY (`fk_office_bank_id`) REFERENCES `office_bank` (`office_bank_id`)
) ENGINE=InnoDB DEFAULT CHARSET=latin1;


DROP TABLE IF EXISTS `ci_sessions`;
CREATE TABLE `ci_sessions` (
  `id` varchar(40) COLLATE utf8_unicode_ci NOT NULL,
  `ip_address` varchar(45) COLLATE utf8_unicode_ci NOT NULL,
  `timestamp` int(10) unsigned NOT NULL DEFAULT '0',
  `data` blob NOT NULL,
  PRIMARY KEY (`id`),
  KEY `ci_sessions_timestamp` (`timestamp`)
) ENGINE=InnoDB DEFAULT CHARSET=utf8 COLLATE=utf8_unicode_ci;


DROP TABLE IF EXISTS `context_center`;
CREATE TABLE `context_center` (
  `context_center_id` int(100) NOT NULL AUTO_INCREMENT,
  `context_center_track_number` varchar(100) NOT NULL,
  `context_center_name` varchar(100) NOT NULL,
  `context_center_description` varchar(100) NOT NULL,
  `fk_context_cluster_id` int(100) NOT NULL,
  `fk_context_definition_id` int(100) NOT NULL,
  `fk_office_id` int(100) NOT NULL,
  `context_center_created_date` date DEFAULT NULL,
  `context_center_created_by` int(100) DEFAULT NULL,
  `context_center_last_modified_by` int(100) DEFAULT NULL,
  `context_center_last_modified_date` date DEFAULT NULL,
  `fk_approval_id` int(100) DEFAULT NULL,
  `fk_status_id` int(100) DEFAULT NULL,
  PRIMARY KEY (`context_center_id`),
  UNIQUE KEY `fk_office_id` (`fk_office_id`),
  KEY `fk_context_cluster_id` (`fk_context_cluster_id`),
  KEY `fk_context_definition_id` (`fk_context_definition_id`),
  CONSTRAINT `context_center_ibfk_1` FOREIGN KEY (`fk_context_cluster_id`) REFERENCES `context_cluster` (`context_cluster_id`),
  CONSTRAINT `context_center_ibfk_2` FOREIGN KEY (`fk_context_cluster_id`) REFERENCES `context_cluster` (`context_cluster_id`),
  CONSTRAINT `context_center_ibfk_3` FOREIGN KEY (`fk_office_id`) REFERENCES `office` (`office_id`),
  CONSTRAINT `context_center_ibfk_4` FOREIGN KEY (`fk_context_definition_id`) REFERENCES `context_definition` (`context_definition_id`)
) ENGINE=InnoDB DEFAULT CHARSET=latin1;

INSERT INTO `context_center` (`context_center_id`, `context_center_track_number`, `context_center_name`, `context_center_description`, `fk_context_cluster_id`, `fk_context_definition_id`, `fk_office_id`, `context_center_created_date`, `context_center_created_by`, `context_center_last_modified_by`, `context_center_last_modified_date`, `fk_approval_id`, `fk_status_id`) VALUES
(1,	'COER-22052',	'GRC Shingila Context',	'GRC Shingila Context',	1,	13,	23,	'2020-03-14',	1,	1,	NULL,	804,	130),
(2,	'COER-8357',	'FPFK Kilifi Context',	'FPFK Kilifi Context',	1,	13,	26,	'2020-03-16',	1,	1,	NULL,	810,	130),
(3,	'COER-11518',	'Context for office Mtondia PEFA CDC',	'Context for office Mtondia PEFA CDC',	1,	13,	33,	'2020-03-16',	1,	1,	NULL,	834,	130),
(4,	'COER-13222',	'Context for office Mkongani IFC CDC',	'Context for office Mkongani IFC CDC',	1,	13,	34,	'2020-03-19',	1,	1,	NULL,	1704,	130),
(5,	'COER-86647',	'Context for office Gongoni RGC CDC',	'Context for office Gongoni RGC CDC',	1,	13,	35,	'2020-03-20',	1,	1,	NULL,	1726,	130);

DROP TABLE IF EXISTS `context_center_user`;
CREATE TABLE `context_center_user` (
  `context_center_user_id` int(100) NOT NULL AUTO_INCREMENT,
  `context_center_user_track_number` varchar(100) NOT NULL,
  `context_center_user_name` varchar(100) NOT NULL,
  `fk_user_id` int(100) NOT NULL,
  `fk_context_center_id` int(100) NOT NULL,
  `fk_designation_id` int(100) NOT NULL,
  `context_center_user_is_active` int(5) NOT NULL DEFAULT '1',
  `context_center_user_created_date` date NOT NULL,
  `context_center_user_last_modified_date` timestamp NOT NULL DEFAULT CURRENT_TIMESTAMP,
  `context_center_user_created_by` int(100) NOT NULL,
  `context_center_user_last_modified_by` int(100) NOT NULL,
  `fk_approval_id` int(100) DEFAULT NULL,
  `fk_status_id` int(100) DEFAULT NULL,
  PRIMARY KEY (`context_center_user_id`),
  KEY `fk_context_center_id` (`fk_context_center_id`),
  KEY `fk_designation_id` (`fk_designation_id`),
  KEY `fk_user_id` (`fk_user_id`),
  CONSTRAINT `context_center_user_ibfk_1` FOREIGN KEY (`fk_user_id`) REFERENCES `user` (`user_id`),
  CONSTRAINT `context_center_user_ibfk_2` FOREIGN KEY (`fk_context_center_id`) REFERENCES `context_center` (`context_center_id`),
  CONSTRAINT `context_center_user_ibfk_3` FOREIGN KEY (`fk_designation_id`) REFERENCES `designation` (`designation_id`)
) ENGINE=InnoDB DEFAULT CHARSET=latin1;

INSERT INTO `context_center_user` (`context_center_user_id`, `context_center_user_track_number`, `context_center_user_name`, `fk_user_id`, `fk_context_center_id`, `fk_designation_id`, `context_center_user_is_active`, `context_center_user_created_date`, `context_center_user_last_modified_date`, `context_center_user_created_by`, `context_center_user_last_modified_by`, `fk_approval_id`, `fk_status_id`) VALUES
(1,	'COER-34340',	'David Mbitsi Context Assignment',	3,	1,	9,	1,	'2020-03-14',	'2020-03-14 04:41:46',	1,	1,	807,	129),
(2,	'COER-25877',	'Office context for Betty Yeri',	4,	2,	9,	1,	'2020-03-16',	'2020-03-16 16:40:32',	1,	1,	814,	129),
(3,	'COER-55927',	'Office context for James Baya',	5,	1,	9,	1,	'2020-03-16',	'2020-03-16 16:46:11',	1,	1,	817,	129),
(4,	'COER-78103',	'Office context for Ken Wamalwa',	6,	2,	9,	1,	'2020-03-16',	'2020-03-16 17:16:35',	1,	1,	820,	129);

DROP TABLE IF EXISTS `context_cluster`;
CREATE TABLE `context_cluster` (
  `context_cluster_id` int(100) NOT NULL AUTO_INCREMENT,
  `context_cluster_track_number` varchar(100) NOT NULL,
  `context_cluster_name` varchar(100) NOT NULL,
  `context_cluster_description` longtext NOT NULL,
  `fk_office_id` int(100) NOT NULL,
  `fk_context_cohort_id` int(100) NOT NULL,
  `fk_context_definition_id` int(100) NOT NULL,
  `context_cluster_created_date` date NOT NULL,
  `context_cluster_last_modified_date` timestamp NOT NULL DEFAULT CURRENT_TIMESTAMP,
  `context_cluster_created_by` int(100) NOT NULL,
  `context_cluster_last_modified_by` int(100) NOT NULL,
  `fk_approval_id` int(11) NOT NULL,
  `fk_status_id` int(11) NOT NULL,
  PRIMARY KEY (`context_cluster_id`),
  UNIQUE KEY `fk_office_id` (`fk_office_id`),
  KEY `fk_approval_id` (`fk_approval_id`),
  KEY `fk_status_id` (`fk_status_id`),
  KEY `fk_context_cohort_id` (`fk_context_cohort_id`),
  KEY `fk_context_definition_id` (`fk_context_definition_id`),
  CONSTRAINT `context_cluster_ibfk_1` FOREIGN KEY (`fk_context_cohort_id`) REFERENCES `context_cohort` (`context_cohort_id`),
  CONSTRAINT `context_cluster_ibfk_2` FOREIGN KEY (`fk_approval_id`) REFERENCES `approval` (`approval_id`),
  CONSTRAINT `context_cluster_ibfk_3` FOREIGN KEY (`fk_status_id`) REFERENCES `status` (`status_id`),
  CONSTRAINT `context_cluster_ibfk_6` FOREIGN KEY (`fk_office_id`) REFERENCES `office` (`office_id`),
  CONSTRAINT `context_cluster_ibfk_7` FOREIGN KEY (`fk_context_definition_id`) REFERENCES `context_definition` (`context_definition_id`),
  CONSTRAINT `context_cluster_ibfk_8` FOREIGN KEY (`fk_context_cohort_id`) REFERENCES `context_cohort` (`context_cohort_id`)
) ENGINE=InnoDB DEFAULT CHARSET=latin1;

INSERT INTO `context_cluster` (`context_cluster_id`, `context_cluster_track_number`, `context_cluster_name`, `context_cluster_description`, `fk_office_id`, `fk_context_cohort_id`, `fk_context_definition_id`, `context_cluster_created_date`, `context_cluster_last_modified_date`, `context_cluster_created_by`, `context_cluster_last_modified_by`, `fk_approval_id`, `fk_status_id`) VALUES
(1,	'COER-46660',	'Malindi-Kilifi Cluster Context',	'Malindi-Kilifi Cluster Context',	24,	1,	8,	'2020-03-14',	'2020-03-14 07:32:41',	1,	1,	803,	132);

DROP TABLE IF EXISTS `context_cluster_user`;
CREATE TABLE `context_cluster_user` (
  `context_cluster_user_id` int(100) NOT NULL AUTO_INCREMENT,
  `context_cluster_user_track_number` varchar(100) NOT NULL,
  `context_cluster_user_name` varchar(100) NOT NULL,
  `fk_context_cluster_id` int(100) NOT NULL,
  `fk_user_id` int(100) NOT NULL,
  `fk_designation_id` int(100) NOT NULL,
  `context_cluster_user_is_active` int(5) NOT NULL DEFAULT '1',
  `context_cluster_user_created_date` date NOT NULL,
  `context_cluster_user_last_modified_date` timestamp NOT NULL DEFAULT CURRENT_TIMESTAMP,
  `context_cluster_user_created_by` int(100) NOT NULL,
  `context_cluster_user_last_modified_by` int(100) NOT NULL,
  `fk_approval_id` int(11) NOT NULL,
  `fk_status_id` int(11) NOT NULL,
  PRIMARY KEY (`context_cluster_user_id`),
  KEY `fk_approval_id` (`fk_approval_id`),
  KEY `fk_status_id` (`fk_status_id`),
  KEY `fk_context_cluster_id` (`fk_context_cluster_id`),
  KEY `fk_designation_id` (`fk_designation_id`),
  KEY `fk_user_id` (`fk_user_id`)
) ENGINE=InnoDB DEFAULT CHARSET=latin1;


DROP TABLE IF EXISTS `context_cohort`;
CREATE TABLE `context_cohort` (
  `context_cohort_id` int(100) NOT NULL AUTO_INCREMENT,
  `context_cohort_track_number` varchar(100) NOT NULL,
  `context_cohort_name` varchar(100) NOT NULL,
  `context_cohort_description` longtext NOT NULL,
  `fk_office_id` int(100) NOT NULL,
  `fk_context_country_id` int(100) NOT NULL,
  `fk_context_definition_id` int(100) NOT NULL,
  `context_cohort_created_date` date NOT NULL,
  `context_cohort_last_modified_date` timestamp NOT NULL DEFAULT CURRENT_TIMESTAMP,
  `context_cohort_created_by` int(100) NOT NULL,
  `context_cohort_last_modified_by` int(100) NOT NULL,
  `fk_approval_id` int(11) NOT NULL,
  `fk_status_id` int(11) NOT NULL,
  PRIMARY KEY (`context_cohort_id`),
  UNIQUE KEY `fk_coffice_id` (`fk_office_id`),
  KEY `fk_approval_id` (`fk_approval_id`),
  KEY `fk_status_id` (`fk_status_id`),
  KEY `fk_context_country_id` (`fk_context_country_id`),
  KEY `fk_context_definition_id` (`fk_context_definition_id`),
  CONSTRAINT `context_cohort_ibfk_1` FOREIGN KEY (`fk_context_country_id`) REFERENCES `context_country` (`context_country_id`),
  CONSTRAINT `context_cohort_ibfk_2` FOREIGN KEY (`fk_approval_id`) REFERENCES `approval` (`approval_id`),
  CONSTRAINT `context_cohort_ibfk_3` FOREIGN KEY (`fk_status_id`) REFERENCES `status` (`status_id`),
  CONSTRAINT `context_cohort_ibfk_4` FOREIGN KEY (`fk_office_id`) REFERENCES `office` (`office_id`),
  CONSTRAINT `context_cohort_ibfk_5` FOREIGN KEY (`fk_context_country_id`) REFERENCES `context_country` (`context_country_id`),
  CONSTRAINT `context_cohort_ibfk_6` FOREIGN KEY (`fk_context_definition_id`) REFERENCES `context_definition` (`context_definition_id`)
) ENGINE=InnoDB DEFAULT CHARSET=latin1;

INSERT INTO `context_cohort` (`context_cohort_id`, `context_cohort_track_number`, `context_cohort_name`, `context_cohort_description`, `fk_office_id`, `fk_context_country_id`, `fk_context_definition_id`, `context_cohort_created_date`, `context_cohort_last_modified_date`, `context_cohort_created_by`, `context_cohort_last_modified_by`, `fk_approval_id`, `fk_status_id`) VALUES
(1,	'CORT-47730',	'Coast Region of Kenya Context',	'Coast Region of Kenya Context',	25,	1,	9,	'2020-03-14',	'2020-03-14 07:09:27',	1,	1,	802,	131);

DROP TABLE IF EXISTS `context_cohort_user`;
CREATE TABLE `context_cohort_user` (
  `context_cohort_user_id` int(100) NOT NULL AUTO_INCREMENT,
  `context_cohort_user_track_number` varchar(100) NOT NULL,
  `context_cohort_user_name` varchar(100) NOT NULL,
  `fk_user_id` int(100) NOT NULL,
  `fk_context_cohort_id` int(100) NOT NULL,
  `fk_designation_id` int(100) NOT NULL,
  `context_cohort_user_is_active` int(5) NOT NULL DEFAULT '1',
  `context_cohort_user_created_date` date NOT NULL,
  `context_cohort_user_last_modified_date` timestamp NOT NULL DEFAULT CURRENT_TIMESTAMP,
  `context_cohort_user_created_by` int(100) NOT NULL,
  `context_cohort_user_last_modified_by` int(100) NOT NULL,
  `fk_approval_id` int(11) NOT NULL,
  `fk_status_id` int(11) NOT NULL,
  PRIMARY KEY (`context_cohort_user_id`),
  KEY `fk_user_id` (`fk_user_id`),
  KEY `fk_group_cohort_id` (`fk_context_cohort_id`),
  KEY `fk_approval_id` (`fk_approval_id`),
  KEY `fk_status_id` (`fk_status_id`),
  KEY `fk_designation_id` (`fk_designation_id`),
  CONSTRAINT `context_cohort_user_ibfk_1` FOREIGN KEY (`fk_user_id`) REFERENCES `user` (`user_id`),
  CONSTRAINT `context_cohort_user_ibfk_2` FOREIGN KEY (`fk_context_cohort_id`) REFERENCES `context_cohort` (`context_cohort_id`),
  CONSTRAINT `context_cohort_user_ibfk_3` FOREIGN KEY (`fk_approval_id`) REFERENCES `approval` (`approval_id`),
  CONSTRAINT `context_cohort_user_ibfk_4` FOREIGN KEY (`fk_status_id`) REFERENCES `status` (`status_id`),
  CONSTRAINT `context_cohort_user_ibfk_5` FOREIGN KEY (`fk_designation_id`) REFERENCES `designation` (`designation_id`)
) ENGINE=InnoDB DEFAULT CHARSET=latin1;


DROP TABLE IF EXISTS `context_country`;
CREATE TABLE `context_country` (
  `context_country_id` int(100) NOT NULL AUTO_INCREMENT,
  `context_country_track_number` varchar(100) NOT NULL,
  `context_country_name` varchar(100) NOT NULL,
  `context_country_description` longtext NOT NULL,
  `fk_office_id` int(100) NOT NULL,
  `fk_context_region_id` int(100) NOT NULL,
  `fk_context_definition_id` int(100) NOT NULL,
  `context_country_created_date` date NOT NULL,
  `context_country_last_modified_date` timestamp NOT NULL DEFAULT CURRENT_TIMESTAMP,
  `context_country_created_by` int(100) NOT NULL,
  `context_country_last_modified_by` int(100) NOT NULL,
  `fk_approval_id` int(11) NOT NULL,
  `fk_status_id` int(11) NOT NULL,
  PRIMARY KEY (`context_country_id`),
  UNIQUE KEY `fk_office_id` (`fk_office_id`),
  KEY `fk_approval_id` (`fk_approval_id`),
  KEY `fk_status_id` (`fk_status_id`),
  KEY `fk_context_region_id` (`fk_context_region_id`),
  KEY `fk_context_definition_id` (`fk_context_definition_id`),
  CONSTRAINT `context_country_ibfk_1` FOREIGN KEY (`fk_context_region_id`) REFERENCES `context_region` (`context_region_id`),
  CONSTRAINT `context_country_ibfk_2` FOREIGN KEY (`fk_approval_id`) REFERENCES `approval` (`approval_id`),
  CONSTRAINT `context_country_ibfk_3` FOREIGN KEY (`fk_status_id`) REFERENCES `status` (`status_id`),
  CONSTRAINT `context_country_ibfk_4` FOREIGN KEY (`fk_office_id`) REFERENCES `office` (`office_id`),
  CONSTRAINT `context_country_ibfk_5` FOREIGN KEY (`fk_context_region_id`) REFERENCES `context_region` (`context_region_id`),
  CONSTRAINT `context_country_ibfk_6` FOREIGN KEY (`fk_context_definition_id`) REFERENCES `context_definition` (`context_definition_id`)
) ENGINE=InnoDB DEFAULT CHARSET=latin1;

INSERT INTO `context_country` (`context_country_id`, `context_country_track_number`, `context_country_name`, `context_country_description`, `fk_office_id`, `fk_context_region_id`, `fk_context_definition_id`, `context_country_created_date`, `context_country_last_modified_date`, `context_country_created_by`, `context_country_last_modified_by`, `fk_approval_id`, `fk_status_id`) VALUES
(1,	'CORY-56399',	'Kenya Country Office',	'This is Kenya Country Office',	18,	2,	10,	'2019-12-13',	'2019-12-13 04:11:04',	1,	1,	450,	69);

DROP TABLE IF EXISTS `context_country_user`;
CREATE TABLE `context_country_user` (
  `context_country_user_id` int(100) NOT NULL AUTO_INCREMENT,
  `context_country_user_track_number` varchar(100) NOT NULL,
  `context_country_user_name` varchar(100) NOT NULL,
  `fk_user_id` int(100) NOT NULL,
  `fk_context_country_id` int(100) NOT NULL,
  `fk_designation_id` int(100) NOT NULL,
  `context_country_user_is_active` int(5) NOT NULL DEFAULT '1',
  `context_country_user_created_date` date NOT NULL,
  `context_country_user_last_modified_date` timestamp NOT NULL DEFAULT CURRENT_TIMESTAMP,
  `context_country_user_created_by` int(100) NOT NULL,
  `context_country_user_last_modified_by` int(100) NOT NULL,
  `fk_approval_id` int(11) NOT NULL,
  `fk_status_id` int(11) NOT NULL,
  PRIMARY KEY (`context_country_user_id`),
  KEY `fk_user_id` (`fk_user_id`),
  KEY `fk_group_country_id` (`fk_context_country_id`),
  KEY `fk_approval_id` (`fk_approval_id`),
  KEY `fk_status_id` (`fk_status_id`),
  KEY `fk_designation_id` (`fk_designation_id`),
  CONSTRAINT `context_country_user_ibfk_1` FOREIGN KEY (`fk_user_id`) REFERENCES `user` (`user_id`),
  CONSTRAINT `context_country_user_ibfk_2` FOREIGN KEY (`fk_context_country_id`) REFERENCES `context_country` (`context_country_id`),
  CONSTRAINT `context_country_user_ibfk_3` FOREIGN KEY (`fk_approval_id`) REFERENCES `approval` (`approval_id`),
  CONSTRAINT `context_country_user_ibfk_4` FOREIGN KEY (`fk_status_id`) REFERENCES `status` (`status_id`),
  CONSTRAINT `context_country_user_ibfk_5` FOREIGN KEY (`fk_designation_id`) REFERENCES `designation` (`designation_id`)
) ENGINE=InnoDB DEFAULT CHARSET=latin1;

INSERT INTO `context_country_user` (`context_country_user_id`, `context_country_user_track_number`, `context_country_user_name`, `fk_user_id`, `fk_context_country_id`, `fk_designation_id`, `context_country_user_is_active`, `context_country_user_created_date`, `context_country_user_last_modified_date`, `context_country_user_created_by`, `context_country_user_last_modified_by`, `fk_approval_id`, `fk_status_id`) VALUES
(1,	'COER-3908',	'Nicodemus Karisa - System Admin',	1,	1,	7,	1,	'2019-12-13',	'2019-12-13 16:15:08',	1,	1,	456,	77),
(2,	'COER-43798',	'Wilson for Kenya Office System Admin',	2,	1,	7,	1,	'2020-03-12',	'2020-03-12 06:05:45',	1,	1,	781,	77);

DROP TABLE IF EXISTS `context_definition`;
CREATE TABLE `context_definition` (
  `context_definition_id` int(100) NOT NULL AUTO_INCREMENT,
  `context_definition_track_number` varchar(100) DEFAULT NULL,
  `context_definition_name` varchar(100) DEFAULT NULL,
  `context_definition_level` int(5) DEFAULT NULL,
  `context_definition_is_active` int(5) NOT NULL DEFAULT '1',
  `context_definition_created_date` date DEFAULT NULL,
  `context_definition_last_modified_date` timestamp NULL DEFAULT CURRENT_TIMESTAMP,
  `context_definition_created_by` int(100) DEFAULT NULL,
  `context_definition_last_modified_by` int(100) DEFAULT NULL,
  `context_definition_deleted_at` date DEFAULT NULL,
  `fk_approval_id` int(100) DEFAULT NULL,
  `fk_status_id` int(100) DEFAULT NULL,
  PRIMARY KEY (`context_definition_id`),
  UNIQUE KEY `center_group_hierarchy_level` (`context_definition_level`)
) ENGINE=InnoDB DEFAULT CHARSET=latin1;

INSERT INTO `context_definition` (`context_definition_id`, `context_definition_track_number`, `context_definition_name`, `context_definition_level`, `context_definition_is_active`, `context_definition_created_date`, `context_definition_last_modified_date`, `context_definition_created_by`, `context_definition_last_modified_by`, `context_definition_deleted_at`, `fk_approval_id`, `fk_status_id`) VALUES
(8,	'CEHY-27364',	'cluster',	2,	1,	'2019-11-21',	'2019-11-21 06:49:58',	1,	1,	NULL,	256,	59),
(9,	'CEHY-40087',	'cohort',	3,	1,	'2019-11-21',	'2019-11-21 06:50:26',	1,	1,	NULL,	257,	59),
(10,	'CEHY-76588',	'country',	4,	1,	'2019-11-21',	'2019-11-21 06:50:34',	1,	1,	NULL,	258,	59),
(11,	'CEHY-37430',	'region',	5,	1,	'2019-11-21',	'2019-11-21 06:50:43',	1,	1,	NULL,	259,	59),
(12,	'CEHY-72349',	'global',	6,	1,	'2019-11-21',	'2019-11-21 06:50:52',	1,	1,	NULL,	260,	59),
(13,	'CEHY-56809',	'center',	1,	1,	'2019-11-21',	'2019-11-21 16:39:07',	1,	1,	NULL,	265,	59);

DROP TABLE IF EXISTS `context_global`;
CREATE TABLE `context_global` (
  `context_global_id` int(100) NOT NULL AUTO_INCREMENT,
  `context_global_track_number` varchar(100) NOT NULL,
  `context_global_name` varchar(100) NOT NULL,
  `context_global_description` longtext NOT NULL,
  `fk_office_id` int(100) NOT NULL,
  `fk_context_definition_id` int(100) NOT NULL,
  `context_global_created_date` date NOT NULL,
  `context_global_created_by` int(100) NOT NULL,
  `context_global_last_modified_date` timestamp NOT NULL DEFAULT CURRENT_TIMESTAMP,
  `context_global_last_modified_by` int(100) NOT NULL,
  `fk_approval_id` int(11) NOT NULL,
  `fk_status_id` int(11) NOT NULL,
  PRIMARY KEY (`context_global_id`),
  UNIQUE KEY `fk_office_id` (`fk_office_id`),
  KEY `fk_approval_id` (`fk_approval_id`),
  KEY `fk_status_id` (`fk_status_id`),
  KEY `fk_context_definition_id` (`fk_context_definition_id`),
  CONSTRAINT `context_global_ibfk_1` FOREIGN KEY (`fk_approval_id`) REFERENCES `approval` (`approval_id`),
  CONSTRAINT `context_global_ibfk_2` FOREIGN KEY (`fk_status_id`) REFERENCES `status` (`status_id`),
  CONSTRAINT `context_global_ibfk_3` FOREIGN KEY (`fk_office_id`) REFERENCES `office` (`office_id`),
  CONSTRAINT `context_global_ibfk_4` FOREIGN KEY (`fk_context_definition_id`) REFERENCES `context_definition` (`context_definition_id`)
) ENGINE=InnoDB DEFAULT CHARSET=latin1;

INSERT INTO `context_global` (`context_global_id`, `context_global_track_number`, `context_global_name`, `context_global_description`, `fk_office_id`, `fk_context_definition_id`, `context_global_created_date`, `context_global_created_by`, `context_global_last_modified_date`, `context_global_last_modified_by`, `fk_approval_id`, `fk_status_id`) VALUES
(3,	'COAL-61677',	'International Office',	'This is the international office',	21,	12,	'2019-12-13',	1,	'2019-12-13 04:05:02',	1,	446,	67);

DROP TABLE IF EXISTS `context_global_user`;
CREATE TABLE `context_global_user` (
  `context_global_user_id` int(100) NOT NULL AUTO_INCREMENT,
  `context_global_user_track_number` varchar(100) NOT NULL,
  `context_global_user_name` varchar(100) NOT NULL,
  `fk_user_id` int(100) NOT NULL,
  `fk_context_global_id` int(100) NOT NULL,
  `fk_designation_id` int(100) NOT NULL,
  `context_global_user_is_active` int(5) NOT NULL DEFAULT '1',
  `context_global_user_created_date` date NOT NULL,
  `context_global_user_last_modified_date` timestamp NOT NULL DEFAULT CURRENT_TIMESTAMP,
  `context_global_user_created_by` int(100) NOT NULL,
  `context_global_user_last_modified_by` int(100) NOT NULL,
  `fk_approval_id` int(11) NOT NULL,
  `fk_status_id` int(11) NOT NULL,
  PRIMARY KEY (`context_global_user_id`),
  KEY `fk_user_id` (`fk_user_id`),
  KEY `fk_group_global_id` (`fk_context_global_id`),
  KEY `fk_approval_id` (`fk_approval_id`),
  KEY `fk_status_id` (`fk_status_id`),
  KEY `fk_designation_id` (`fk_designation_id`),
  CONSTRAINT `context_global_user_ibfk_1` FOREIGN KEY (`fk_user_id`) REFERENCES `user` (`user_id`),
  CONSTRAINT `context_global_user_ibfk_2` FOREIGN KEY (`fk_context_global_id`) REFERENCES `context_global` (`context_global_id`),
  CONSTRAINT `context_global_user_ibfk_3` FOREIGN KEY (`fk_approval_id`) REFERENCES `approval` (`approval_id`),
  CONSTRAINT `context_global_user_ibfk_4` FOREIGN KEY (`fk_status_id`) REFERENCES `status` (`status_id`),
  CONSTRAINT `context_global_user_ibfk_5` FOREIGN KEY (`fk_designation_id`) REFERENCES `designation` (`designation_id`)
) ENGINE=InnoDB DEFAULT CHARSET=latin1;


DROP TABLE IF EXISTS `context_region`;
CREATE TABLE `context_region` (
  `context_region_id` int(100) NOT NULL AUTO_INCREMENT,
  `context_region_track_number` varchar(100) NOT NULL,
  `context_region_name` varchar(100) NOT NULL,
  `context_region_description` longtext NOT NULL,
  `fk_office_id` int(100) NOT NULL,
  `fk_context_global_id` int(100) NOT NULL,
  `fk_context_definition_id` int(100) NOT NULL,
  `context_region_created_date` date NOT NULL,
  `context_region_last_modified_date` timestamp NOT NULL DEFAULT CURRENT_TIMESTAMP,
  `context_region_created_by` int(100) NOT NULL,
  `context_region_last_modified_by` int(100) NOT NULL,
  `fk_approval_id` int(11) NOT NULL,
  `fk_status_id` int(11) NOT NULL,
  PRIMARY KEY (`context_region_id`),
  UNIQUE KEY `fk_office_id` (`fk_office_id`),
  KEY `fk_approval_id` (`fk_approval_id`),
  KEY `fk_status_id` (`fk_status_id`),
  KEY `fk_context_global_id` (`fk_context_global_id`),
  KEY `fk_context_definition_id` (`fk_context_definition_id`),
  CONSTRAINT `context_region_ibfk_1` FOREIGN KEY (`fk_context_global_id`) REFERENCES `context_global` (`context_global_id`),
  CONSTRAINT `context_region_ibfk_2` FOREIGN KEY (`fk_approval_id`) REFERENCES `approval` (`approval_id`),
  CONSTRAINT `context_region_ibfk_3` FOREIGN KEY (`fk_status_id`) REFERENCES `status` (`status_id`),
  CONSTRAINT `context_region_ibfk_4` FOREIGN KEY (`fk_office_id`) REFERENCES `office` (`office_id`),
  CONSTRAINT `context_region_ibfk_5` FOREIGN KEY (`fk_context_global_id`) REFERENCES `context_global` (`context_global_id`),
  CONSTRAINT `context_region_ibfk_6` FOREIGN KEY (`fk_context_definition_id`) REFERENCES `context_definition` (`context_definition_id`)
) ENGINE=InnoDB DEFAULT CHARSET=latin1;

INSERT INTO `context_region` (`context_region_id`, `context_region_track_number`, `context_region_name`, `context_region_description`, `fk_office_id`, `fk_context_global_id`, `fk_context_definition_id`, `context_region_created_date`, `context_region_last_modified_date`, `context_region_created_by`, `context_region_last_modified_by`, `fk_approval_id`, `fk_status_id`) VALUES
(2,	'COON-65080',	'Africa Region Office',	'This is Africa Region',	22,	3,	11,	'2019-12-13',	'2019-12-13 04:10:04',	1,	1,	449,	68);

DROP TABLE IF EXISTS `context_region_user`;
CREATE TABLE `context_region_user` (
  `context_region_user_id` int(100) NOT NULL AUTO_INCREMENT,
  `context_region_user_track_number` varchar(100) NOT NULL,
  `context_region_user_name` varchar(100) NOT NULL,
  `fk_user_id` int(100) NOT NULL,
  `fk_context_region_id` int(100) NOT NULL,
  `fk_designation_id` int(100) NOT NULL,
  `context_region_user_is_active` int(5) NOT NULL DEFAULT '1',
  `context_region_user_created_date` date NOT NULL,
  `context_region_user_last_modified_date` timestamp NOT NULL DEFAULT CURRENT_TIMESTAMP,
  `context_region_user_created_by` int(100) NOT NULL,
  `context_region_user_last_modified_by` int(100) NOT NULL,
  `fk_approval_id` int(11) NOT NULL,
  `fk_status_id` int(100) DEFAULT NULL,
  PRIMARY KEY (`context_region_user_id`),
  KEY `fk_user_id` (`fk_user_id`),
  KEY `fk_group_region_id` (`fk_context_region_id`),
  KEY `fk_approval_id` (`fk_approval_id`),
  KEY `fk_designation_id` (`fk_designation_id`),
  CONSTRAINT `context_region_user_ibfk_1` FOREIGN KEY (`fk_user_id`) REFERENCES `user` (`user_id`),
  CONSTRAINT `context_region_user_ibfk_2` FOREIGN KEY (`fk_context_region_id`) REFERENCES `context_region` (`context_region_id`),
  CONSTRAINT `context_region_user_ibfk_3` FOREIGN KEY (`fk_approval_id`) REFERENCES `approval` (`approval_id`),
  CONSTRAINT `context_region_user_ibfk_5` FOREIGN KEY (`fk_designation_id`) REFERENCES `designation` (`designation_id`)
) ENGINE=InnoDB DEFAULT CHARSET=latin1;


DROP TABLE IF EXISTS `dashboard`;
CREATE TABLE `dashboard` (
  `dashboard_id` int(100) NOT NULL AUTO_INCREMENT,
  `dashboard_name` varchar(100) DEFAULT NULL,
  `dashboard_created_date` date DEFAULT NULL,
  `dashboard_created_by` int(100) DEFAULT NULL,
  `dashboard_last_modified_by` int(100) DEFAULT NULL,
  `dashboard_last_modified_date` date DEFAULT NULL,
  `fk_approval_id` int(100) DEFAULT NULL,
  `fk_status_id` int(100) DEFAULT NULL,
  PRIMARY KEY (`dashboard_id`)
) ENGINE=InnoDB DEFAULT CHARSET=latin1;


DROP TABLE IF EXISTS `department`;
CREATE TABLE `department` (
  `department_id` int(100) NOT NULL AUTO_INCREMENT,
  `department_track_number` varchar(100) NOT NULL,
  `department_name` varchar(100) NOT NULL,
  `department_description` longtext NOT NULL,
  `department_is_active` int(5) NOT NULL,
  `department_created_date` date NOT NULL,
  `department_last_modified_date` timestamp NOT NULL DEFAULT CURRENT_TIMESTAMP,
  `department_created_by` int(100) NOT NULL,
  `department_last_modified_by` int(100) NOT NULL,
  `fk_approval_id` int(11) NOT NULL,
  `fk_status_id` int(11) NOT NULL,
  PRIMARY KEY (`department_id`),
  KEY `fk_approval_id` (`fk_approval_id`),
  KEY `fk_status_id` (`fk_status_id`),
  CONSTRAINT `department_ibfk_1` FOREIGN KEY (`fk_approval_id`) REFERENCES `approval` (`approval_id`),
  CONSTRAINT `department_ibfk_2` FOREIGN KEY (`fk_status_id`) REFERENCES `status` (`status_id`)
) ENGINE=InnoDB DEFAULT CHARSET=latin1;

INSERT INTO `department` (`department_id`, `department_track_number`, `department_name`, `department_description`, `department_is_active`, `department_created_date`, `department_last_modified_date`, `department_created_by`, `department_last_modified_by`, `fk_approval_id`, `fk_status_id`) VALUES
(2,	'DENT-57933',	'Training Department',	'Training Department',	1,	'2019-11-21',	'2019-11-21 16:13:17',	1,	1,	263,	73),
(3,	'DENT-14722',	'Finance',	'Finance',	1,	'2020-03-12',	'2020-03-12 05:46:36',	1,	1,	764,	73);

DROP TABLE IF EXISTS `department_user`;
CREATE TABLE `department_user` (
  `department_user_id` int(100) NOT NULL AUTO_INCREMENT,
  `department_user_track_number` varchar(100) NOT NULL,
  `department_user_name` varchar(100) NOT NULL,
  `fk_user_id` int(100) NOT NULL,
  `fk_department_id` int(100) NOT NULL,
  `department_user_created_date` date NOT NULL,
  `department_user_last_modified_date` timestamp NOT NULL DEFAULT CURRENT_TIMESTAMP,
  `department_user_created_by` int(100) NOT NULL,
  `department_user_last_modified_by` int(100) NOT NULL,
  `fk_approval_id` int(11) NOT NULL,
  `fk_status_id` int(11) NOT NULL,
  PRIMARY KEY (`department_user_id`),
  KEY `fk_user_id` (`fk_user_id`),
  KEY `fk_department_id` (`fk_department_id`),
  KEY `fk_approval_id` (`fk_approval_id`),
  KEY `fk_status_id` (`fk_status_id`),
  CONSTRAINT `department_user_ibfk_1` FOREIGN KEY (`fk_user_id`) REFERENCES `user` (`user_id`),
  CONSTRAINT `department_user_ibfk_2` FOREIGN KEY (`fk_department_id`) REFERENCES `department` (`department_id`),
  CONSTRAINT `department_user_ibfk_3` FOREIGN KEY (`fk_approval_id`) REFERENCES `approval` (`approval_id`),
  CONSTRAINT `department_user_ibfk_4` FOREIGN KEY (`fk_status_id`) REFERENCES `status` (`status_id`)
) ENGINE=InnoDB DEFAULT CHARSET=latin1;

INSERT INTO `department_user` (`department_user_id`, `department_user_track_number`, `department_user_name`, `fk_user_id`, `fk_department_id`, `department_user_created_date`, `department_user_last_modified_date`, `department_user_created_by`, `department_user_last_modified_by`, `fk_approval_id`, `fk_status_id`) VALUES
(3,	'DEER-84135',	'Nicodemus Karisa - Training Department',	1,	2,	'2019-12-15',	'2019-12-15 15:10:22',	1,	1,	467,	74),
(4,	'DEER-19562',	'Wilson for Finance',	2,	3,	'2020-03-12',	'2020-03-12 06:05:09',	1,	1,	780,	74),
(5,	'DEER-12148',	'Karisa for Finance',	1,	3,	'2020-03-12',	'2020-03-12 06:16:29',	1,	1,	782,	74),
(6,	'DEER-77719',	'David Mbitsi Department Assignment',	3,	3,	'2020-03-14',	'2020-03-14 07:42:39',	1,	1,	808,	74),
(7,	'DEER-24036',	'Department for Betty Yeri',	4,	2,	'2020-03-16',	'2020-03-16 16:40:32',	1,	1,	815,	74),
(8,	'DEER-57646',	'Department for James Baya',	5,	2,	'2020-03-16',	'2020-03-16 16:46:11',	1,	1,	818,	74),
(9,	'DEER-9771',	'Department for Ken Wamalwa',	6,	3,	'2020-03-16',	'2020-03-16 17:16:35',	1,	1,	821,	74);

DROP TABLE IF EXISTS `designation`;
CREATE TABLE `designation` (
  `designation_id` int(100) NOT NULL AUTO_INCREMENT,
  `designation_track_number` varchar(100) NOT NULL,
  `designation_name` varchar(100) NOT NULL,
  `fk_context_definition_id` int(100) NOT NULL,
  `designation_created_date` date NOT NULL,
  `designation_last_modified_date` timestamp NOT NULL DEFAULT CURRENT_TIMESTAMP,
  `designation_created_by` int(100) NOT NULL,
  `designation_last_modified_by` int(100) NOT NULL,
  `fk_approval_id` int(11) NOT NULL,
  `fk_status_id` int(11) NOT NULL,
  PRIMARY KEY (`designation_id`),
  KEY `fk_approval_id` (`fk_approval_id`),
  KEY `fk_status_id` (`fk_status_id`),
  KEY `fk_center_group_hierarchy_id` (`fk_context_definition_id`),
  CONSTRAINT `designation_ibfk_1` FOREIGN KEY (`fk_approval_id`) REFERENCES `approval` (`approval_id`),
  CONSTRAINT `designation_ibfk_2` FOREIGN KEY (`fk_status_id`) REFERENCES `status` (`status_id`),
  CONSTRAINT `designation_ibfk_3` FOREIGN KEY (`fk_context_definition_id`) REFERENCES `context_definition` (`context_definition_id`)
) ENGINE=InnoDB DEFAULT CHARSET=latin1;

INSERT INTO `designation` (`designation_id`, `designation_track_number`, `designation_name`, `fk_context_definition_id`, `designation_created_date`, `designation_last_modified_date`, `designation_created_by`, `designation_last_modified_by`, `fk_approval_id`, `fk_status_id`) VALUES
(7,	'DEON-68629',	'System Admin',	10,	'2019-12-13',	'2019-12-13 16:14:20',	1,	1,	455,	76),
(9,	'DEON-15937',	'Center Accountant',	13,	'2020-03-14',	'2020-03-14 07:36:27',	1,	1,	806,	76);

DROP TABLE IF EXISTS `expense_account`;
CREATE TABLE `expense_account` (
  `expense_account_id` int(100) NOT NULL AUTO_INCREMENT,
  `expense_account_track_number` varchar(100) DEFAULT NULL,
  `expense_account_name` varchar(100) DEFAULT NULL,
  `expense_account_description` varchar(100) DEFAULT NULL,
  `expense_account_code` varchar(10) DEFAULT NULL,
  `expense_account_is_admin` int(5) DEFAULT NULL,
  `expense_account_is_active` int(5) DEFAULT NULL,
  `expense_account_is_budgeted` int(5) DEFAULT NULL,
  `fk_income_account_id` int(100) DEFAULT NULL,
  `fk_approval_id` int(100) DEFAULT NULL,
  `fk_status_id` int(100) DEFAULT NULL,
  `expense_account_created_date` date DEFAULT NULL,
  `expense_account_last_modified_date` date DEFAULT NULL,
  `expense_account_created_by` int(100) DEFAULT NULL,
  `expense_account_last_modified_by` int(100) DEFAULT NULL,
  PRIMARY KEY (`expense_account_id`),
  KEY `fk_expense_account_income_account_idx` (`fk_income_account_id`),
  CONSTRAINT `fk_expense_account_income_account` FOREIGN KEY (`fk_income_account_id`) REFERENCES `income_account` (`income_account_id`) ON DELETE NO ACTION ON UPDATE NO ACTION
) ENGINE=InnoDB DEFAULT CHARSET=latin1 COMMENT='This table holds the expense accounts';

INSERT INTO `expense_account` (`expense_account_id`, `expense_account_track_number`, `expense_account_name`, `expense_account_description`, `expense_account_code`, `expense_account_is_admin`, `expense_account_is_active`, `expense_account_is_budgeted`, `fk_income_account_id`, `fk_approval_id`, `fk_status_id`, `expense_account_created_date`, `expense_account_last_modified_date`, `expense_account_created_by`, `expense_account_last_modified_by`) VALUES
(1,	'EAC-78285',	'Expense Account 1',	'Expense 1',	'E001',	0,	1,	1,	1,	NULL,	NULL,	NULL,	NULL,	NULL,	NULL),
(2,	'EXNT-87549',	'Expense Account 2',	'Expense Account 2',	'E002',	0,	1,	1,	2,	1722,	140,	'2020-03-19',	NULL,	1,	1);

DROP TABLE IF EXISTS `financial_report`;
CREATE TABLE `financial_report` (
  `financial_report_id` int(100) NOT NULL AUTO_INCREMENT,
  `financial_report_track_number` varchar(100) NOT NULL,
  `financial_report_name` varchar(100) NOT NULL,
  `financial_report_month` date NOT NULL,
  `fk_office_id` int(100) NOT NULL,
  `financial_report_created_date` date DEFAULT NULL,
  `financial_report_created_by` int(100) DEFAULT NULL,
  `financial_report_last_modified_by` int(100) DEFAULT NULL,
  `financial_report_last_modified_date` date DEFAULT NULL,
  `fk_approval_id` int(100) DEFAULT NULL,
  `fk_status_id` int(100) DEFAULT NULL,
  PRIMARY KEY (`financial_report_id`),
  KEY `fk_office_id` (`fk_office_id`),
  CONSTRAINT `financial_report_ibfk_1` FOREIGN KEY (`fk_office_id`) REFERENCES `office` (`office_id`)
) ENGINE=InnoDB DEFAULT CHARSET=latin1;

INSERT INTO `financial_report` (`financial_report_id`, `financial_report_track_number`, `financial_report_name`, `financial_report_month`, `fk_office_id`, `financial_report_created_date`, `financial_report_created_by`, `financial_report_last_modified_by`, `financial_report_last_modified_date`, `fk_approval_id`, `fk_status_id`) VALUES
(1,	'FIRT-31472',	'Financial_report # FIRT-39686',	'2018-07-01',	26,	'2020-03-19',	1,	1,	NULL,	1693,	128),
(2,	'FIRT-27658',	'Financial_report # FIRT-37895',	'2019-02-01',	23,	'2020-03-19',	1,	1,	NULL,	1697,	128),
(3,	'FIRT-75520',	'Financial_report # FIRT-29699',	'2010-06-01',	33,	'2020-03-19',	1,	1,	NULL,	1701,	128),
(4,	'FIRT-75521',	'Financial_report # FIRT-29700',	'2019-10-01',	18,	'2020-03-19',	1,	1,	NULL,	1701,	128),
(5,	'FIRT-37085',	'Financial_report # FIRT-56538',	'2015-05-01',	34,	'2020-03-19',	1,	1,	NULL,	1714,	128),
(6,	'FIRT-17661',	'Financial_report # FIRT-78237',	'2015-05-01',	35,	'2020-03-20',	1,	1,	NULL,	1729,	128);

DROP TABLE IF EXISTS `funder`;
CREATE TABLE `funder` (
  `funder_id` int(100) NOT NULL AUTO_INCREMENT,
  `funder_track_number` varchar(100) DEFAULT NULL,
  `funder_name` varchar(45) DEFAULT NULL,
  `funder_description` varchar(45) DEFAULT NULL,
  `funder_created_date` date DEFAULT NULL,
  `funder_last_modified_date` date DEFAULT NULL,
  `funder_created_by` int(100) DEFAULT NULL,
  `funder_last_modified_by` int(100) DEFAULT NULL,
  `funder_deleted_at` datetime DEFAULT NULL,
  `fk_approval_id` int(100) DEFAULT NULL,
  `fk_status_id` int(100) DEFAULT NULL,
  PRIMARY KEY (`funder_id`)
) ENGINE=InnoDB DEFAULT CHARSET=latin1 COMMENT='This table holds donor (funders) bio-information';

INSERT INTO `funder` (`funder_id`, `funder_track_number`, `funder_name`, `funder_description`, `funder_created_date`, `funder_last_modified_date`, `funder_created_by`, `funder_last_modified_by`, `funder_deleted_at`, `fk_approval_id`, `fk_status_id`) VALUES
(1,	'FUER-12843',	'Funder 1',	'This is funder 1',	'2020-03-12',	NULL,	1,	1,	NULL,	787,	110),
(2,	'FUER-59354',	'Funder 2',	'This is funder 2',	'2020-03-12',	NULL,	1,	1,	NULL,	788,	110);

DROP TABLE IF EXISTS `funding_status`;
CREATE TABLE `funding_status` (
  `funding_status_id` int(100) NOT NULL AUTO_INCREMENT,
  `funding_status_name` varchar(45) DEFAULT NULL,
  `funding_status_is_active` int(5) DEFAULT NULL,
  `funding_status_created_date` date DEFAULT NULL,
  `funding_status_created_by` int(100) DEFAULT NULL,
  `funding_status_last_modified_by` int(100) DEFAULT NULL,
  `funding_status_last_modified_date` date DEFAULT NULL,
  `funding_status_is_available` int(5) NOT NULL DEFAULT '0',
  `fk_approval_id` int(100) DEFAULT NULL,
  `fk_status_id` int(100) DEFAULT NULL,
  PRIMARY KEY (`funding_status_id`)
) ENGINE=InnoDB DEFAULT CHARSET=latin1;

INSERT INTO `funding_status` (`funding_status_id`, `funding_status_name`, `funding_status_is_active`, `funding_status_created_date`, `funding_status_created_by`, `funding_status_last_modified_by`, `funding_status_last_modified_date`, `funding_status_is_available`, `fk_approval_id`, `fk_status_id`) VALUES
(1,	'Fully Funded',	1,	NULL,	NULL,	NULL,	NULL,	1,	NULL,	NULL);

DROP TABLE IF EXISTS `history`;
CREATE TABLE `history` (
  `history_id` int(100) NOT NULL AUTO_INCREMENT,
  `reference_table` varchar(45) DEFAULT NULL,
  `user_id` varchar(45) DEFAULT NULL,
  `table_action` varchar(45) DEFAULT NULL,
  PRIMARY KEY (`history_id`)
) ENGINE=InnoDB DEFAULT CHARSET=latin1;


DROP TABLE IF EXISTS `income_account`;
CREATE TABLE `income_account` (
  `income_account_id` int(11) NOT NULL AUTO_INCREMENT,
  `income_account_track_number` varchar(100) NOT NULL,
  `income_account_name` varchar(100) NOT NULL,
  `income_account_description` varchar(100) DEFAULT NULL,
  `income_account_code` varchar(10) DEFAULT NULL,
  `income_account_is_active` int(5) DEFAULT NULL,
  `income_account_is_budgeted` int(5) DEFAULT NULL,
  `income_account_is_donor_funded` int(5) DEFAULT NULL,
  `fk_account_system_id` int(100) DEFAULT NULL,
  `income_account_created_date` date DEFAULT NULL,
  `income_account_last_modified_date` date DEFAULT NULL,
  `income_account_created_by` int(100) DEFAULT NULL,
  `income_account_last_modified_by` int(100) DEFAULT NULL,
  `fk_approval_id` int(100) DEFAULT NULL,
  `fk_status_id` int(100) DEFAULT NULL,
  PRIMARY KEY (`income_account_id`),
  KEY `fk_account_system_id` (`fk_account_system_id`),
  CONSTRAINT `income_account_ibfk_1` FOREIGN KEY (`fk_account_system_id`) REFERENCES `account_system` (`account_system_id`)
) ENGINE=InnoDB DEFAULT CHARSET=latin1 COMMENT='This table contains the income accounts. ';

INSERT INTO `income_account` (`income_account_id`, `income_account_track_number`, `income_account_name`, `income_account_description`, `income_account_code`, `income_account_is_active`, `income_account_is_budgeted`, `income_account_is_donor_funded`, `fk_account_system_id`, `income_account_created_date`, `income_account_last_modified_date`, `income_account_created_by`, `income_account_last_modified_by`, `fk_approval_id`, `fk_status_id`) VALUES
(1,	'INC-65627',	'Income Account 1',	'Project Cost',	'R100',	1,	1,	1,	1,	NULL,	NULL,	NULL,	NULL,	NULL,	NULL),
(2,	'INNT-20906',	'Income Account 2',	'Income Account 2',	'R002',	1,	1,	0,	1,	'2020-03-19',	NULL,	1,	1,	1706,	126),
(3,	'INNT-21332',	'Income Account 3',	'Income Account 3',	'R003',	1,	1,	0,	1,	'2020-03-19',	NULL,	1,	1,	1707,	126),
(4,	'INNT-21359',	'Income Account 4',	'Income Account 4',	'R004',	1,	0,	1,	1,	'2020-03-19',	NULL,	1,	1,	1719,	126),
(5,	'INNT-61454',	'Income Account 5',	'Income Account 5',	'R005',	1,	0,	0,	2,	'2020-03-19',	NULL,	1,	1,	1720,	126);

DROP TABLE IF EXISTS `journal`;
CREATE TABLE `journal` (
  `journal_id` int(11) NOT NULL AUTO_INCREMENT,
  `journal_track_number` varchar(100) NOT NULL,
  `journal_name` varchar(100) NOT NULL,
  `journal_month` date NOT NULL,
  `fk_office_id` int(100) NOT NULL,
  `journal_created_date` date DEFAULT NULL,
  `journal_created_by` int(100) DEFAULT NULL,
  `journal_last_modified_by` int(100) DEFAULT NULL,
  `journal_last_modified_date` timestamp NULL DEFAULT NULL ON UPDATE CURRENT_TIMESTAMP,
  `fk_approval_id` int(100) DEFAULT NULL,
  `fk_status_id` int(100) DEFAULT NULL,
  PRIMARY KEY (`journal_id`),
  KEY `fk_office_id` (`fk_office_id`),
  CONSTRAINT `journal_ibfk_1` FOREIGN KEY (`fk_office_id`) REFERENCES `office` (`office_id`)
) ENGINE=InnoDB DEFAULT CHARSET=latin1;

INSERT INTO `journal` (`journal_id`, `journal_track_number`, `journal_name`, `journal_month`, `fk_office_id`, `journal_created_date`, `journal_created_by`, `journal_last_modified_by`, `journal_last_modified_date`, `fk_approval_id`, `fk_status_id`) VALUES
(1,	'JOAL-28618',	'Journal # JOAL-75643',	'2019-10-01',	18,	'2020-03-12',	1,	1,	NULL,	793,	109),
(2,	'JOAL-41197',	'Journal # JOAL-44779',	'2018-07-01',	26,	'2020-03-19',	1,	1,	NULL,	1692,	109),
(3,	'JOAL-31727',	'Journal # JOAL-31402',	'2019-02-01',	23,	'2020-03-19',	1,	1,	NULL,	1696,	109),
(4,	'JOAL-7133',	'Journal # JOAL-72468',	'2010-06-01',	33,	'2020-03-19',	1,	1,	NULL,	1700,	109),
(5,	'JOAL-55045',	'Journal # JOAL-49879',	'2015-05-01',	34,	'2020-03-19',	1,	1,	NULL,	1713,	109),
(6,	'JOAL-23385',	'Journal # JOAL-60710',	'2015-05-01',	35,	'2020-03-20',	1,	1,	NULL,	1728,	109);

DROP TABLE IF EXISTS `language`;
CREATE TABLE `language` (
  `language_id` int(100) NOT NULL AUTO_INCREMENT,
  `language_track_number` varchar(100) NOT NULL,
  `language_name` varchar(100) DEFAULT NULL,
  `language_code` varchar(10) DEFAULT NULL,
  `language_created_date` date DEFAULT NULL,
  `language_last_modified_date` timestamp NOT NULL DEFAULT CURRENT_TIMESTAMP,
  `language_deleted_at` date DEFAULT NULL,
  `language_created_by` int(100) DEFAULT NULL,
  `language_last_modified_by` int(100) DEFAULT NULL,
  `fk_approval_id` int(100) DEFAULT NULL,
  `fk_status_id` int(100) DEFAULT NULL,
  PRIMARY KEY (`language_id`)
) ENGINE=InnoDB DEFAULT CHARSET=latin1;

INSERT INTO `language` (`language_id`, `language_track_number`, `language_name`, `language_code`, `language_created_date`, `language_last_modified_date`, `language_deleted_at`, `language_created_by`, `language_last_modified_by`, `fk_approval_id`, `fk_status_id`) VALUES
(1,	'LNG-97389',	'English',	'en',	NULL,	'2019-11-07 10:39:11',	NULL,	NULL,	NULL,	NULL,	NULL),
(2,	'LAGE-26371',	'Swahili',	'sw',	'2019-11-22',	'2019-11-22 21:18:48',	NULL,	1,	1,	307,	65);

DROP TABLE IF EXISTS `language_phrase`;
CREATE TABLE `language_phrase` (
  `language_phrase_id` int(11) NOT NULL AUTO_INCREMENT,
  `phrase` longtext,
  `created_date` date DEFAULT NULL,
  `last_modified_date` date DEFAULT NULL,
  `deleted_date` date DEFAULT NULL,
  `created_by` int(100) DEFAULT NULL,
  `last_modified_by` int(100) DEFAULT NULL,
  PRIMARY KEY (`language_phrase_id`)
) ENGINE=InnoDB DEFAULT CHARSET=latin1;


DROP TABLE IF EXISTS `menu`;
CREATE TABLE `menu` (
  `menu_id` int(100) NOT NULL AUTO_INCREMENT,
  `menu_name` varchar(100) DEFAULT NULL,
  `menu_derivative_controller` varchar(100) DEFAULT NULL,
  `menu_is_active` int(5) NOT NULL DEFAULT '1',
  `menu_created_date` date DEFAULT NULL,
  `menu_last_modified_date` timestamp NOT NULL DEFAULT CURRENT_TIMESTAMP,
  `menu_created_by` int(100) DEFAULT NULL,
  `menu_last_modified_by` int(100) DEFAULT NULL,
  `fk_approval_id` int(100) DEFAULT NULL,
  `fk_status_id` int(100) DEFAULT NULL,
  PRIMARY KEY (`menu_id`)
) ENGINE=InnoDB DEFAULT CHARSET=latin1;

INSERT INTO `menu` (`menu_id`, `menu_name`, `menu_derivative_controller`, `menu_is_active`, `menu_created_date`, `menu_last_modified_date`, `menu_created_by`, `menu_last_modified_by`, `fk_approval_id`, `fk_status_id`) VALUES
(380,	'Approval',	'Approval',	1,	'2019-11-23',	'2019-11-23 17:30:57',	1,	1,	NULL,	NULL),
(381,	'Bank',	'Bank',	1,	'2019-11-23',	'2019-11-23 17:30:57',	1,	1,	NULL,	NULL),
(382,	'Budget',	'Budget',	1,	'2019-11-23',	'2019-11-23 17:30:57',	1,	1,	NULL,	NULL),
(384,	'Dashboard',	'Dashboard',	1,	'2019-11-23',	'2019-11-23 17:30:57',	1,	1,	NULL,	NULL),
(385,	'Funder',	'Funder',	1,	'2019-11-23',	'2019-11-23 17:30:57',	1,	1,	NULL,	NULL),
(386,	'Journal',	'Journal',	1,	'2019-11-23',	'2019-11-23 17:30:57',	1,	1,	NULL,	NULL),
(390,	'Permission_label',	'Permission_label',	1,	'2019-11-23',	'2019-11-23 17:30:57',	1,	1,	NULL,	NULL),
(391,	'Project_allocation',	'Project_allocation',	1,	'2019-11-23',	'2019-11-23 17:30:57',	1,	1,	NULL,	NULL),
(392,	'Request',	'Request',	1,	'2019-11-23',	'2019-11-23 17:30:57',	1,	1,	NULL,	NULL),
(393,	'Role',	'Role',	1,	'2019-11-23',	'2019-11-23 17:30:57',	1,	1,	NULL,	NULL),
(397,	'Voucher',	'Voucher',	1,	'2019-11-23',	'2019-11-23 17:30:57',	1,	1,	NULL,	NULL),
(398,	'Workplan',	'Workplan',	1,	'2019-11-23',	'2019-11-23 17:30:57',	1,	1,	NULL,	NULL),
(400,	'User',	'User',	1,	'2019-11-23',	'2019-11-23 17:30:57',	1,	1,	NULL,	NULL),
(470,	'Menu_user_order',	'Menu_user_order',	1,	'2019-11-23',	'2019-11-23 17:30:57',	1,	1,	NULL,	NULL),
(478,	'Bank_branch',	'Bank_branch',	1,	'2019-11-23',	'2019-11-23 17:30:57',	1,	1,	NULL,	NULL),
(480,	'Department',	'Department',	1,	'2019-11-23',	'2019-11-23 17:30:57',	1,	1,	NULL,	NULL),
(481,	'Designation',	'Designation',	1,	'2019-11-23',	'2019-11-23 17:30:57',	1,	1,	NULL,	NULL),
(482,	'Expense_account',	'Expense_account',	1,	'2019-11-23',	'2019-11-23 17:30:57',	1,	1,	NULL,	NULL),
(483,	'Funding_status',	'Funding_status',	1,	'2019-11-23',	'2019-11-23 17:30:57',	1,	1,	NULL,	NULL),
(490,	'Project',	'Project',	1,	'2019-11-23',	'2019-11-23 17:30:57',	1,	1,	NULL,	NULL),
(492,	'Page_view',	'Page_view',	1,	'2019-11-23',	'2019-11-23 17:30:57',	1,	1,	NULL,	NULL),
(496,	'Request_type',	'Request_type',	1,	'2019-11-23',	'2019-11-23 17:30:57',	1,	1,	NULL,	NULL),
(497,	'Language',	'Language',	1,	NULL,	'2019-11-26 20:45:56',	NULL,	NULL,	NULL,	NULL),
(498,	'Setting',	'Setting',	1,	NULL,	'2019-11-26 22:05:45',	NULL,	NULL,	NULL,	NULL),
(500,	'Income_account',	'Income_account',	1,	NULL,	'2019-11-27 13:24:36',	NULL,	NULL,	NULL,	NULL),
(521,	'Office',	'Office',	1,	NULL,	'2019-12-08 12:10:43',	NULL,	NULL,	NULL,	NULL),
(522,	'Office_bank',	'Office_bank',	1,	NULL,	'2019-12-08 12:10:43',	NULL,	NULL,	NULL,	NULL),
(523,	'Context_definition',	'Context_definition',	1,	NULL,	'2019-12-08 12:20:29',	NULL,	NULL,	NULL,	NULL),
(525,	'Cheque_book',	'Cheque_book',	1,	NULL,	'2020-01-06 10:11:55',	NULL,	NULL,	NULL,	NULL),
(526,	'Financial_report',	'Financial_report',	1,	NULL,	'2020-01-08 09:43:05',	NULL,	NULL,	NULL,	NULL),
(527,	'Voucher_type_account',	'Voucher_type_account',	1,	NULL,	'2020-01-15 15:13:14',	NULL,	NULL,	NULL,	NULL),
(528,	'Voucher_type_effect',	'Voucher_type_effect',	1,	NULL,	'2020-01-15 15:13:14',	NULL,	NULL,	NULL,	NULL),
(529,	'Voucher_type',	'Voucher_type',	1,	NULL,	'2020-01-15 15:17:27',	NULL,	NULL,	NULL,	NULL),
(531,	'Bank_contra_account',	'Bank_contra_account',	1,	NULL,	'2020-01-16 20:31:19',	NULL,	NULL,	NULL,	NULL),
(532,	'Cash_contra_account',	'Cash_contra_account',	1,	NULL,	'2020-01-16 20:31:19',	NULL,	NULL,	NULL,	NULL),
(535,	'Month',	'Month',	1,	NULL,	'2020-01-18 13:08:11',	NULL,	NULL,	NULL,	NULL),
(542,	'Account_system',	'Account_system',	1,	NULL,	'2020-02-29 19:03:06',	NULL,	NULL,	NULL,	NULL),
(545,	'Request_conversion',	'Request_conversion',	1,	NULL,	'2020-03-02 06:43:20',	NULL,	NULL,	NULL,	NULL),
(547,	'Budget_item',	'Budget_item',	1,	NULL,	'2020-03-07 10:35:07',	NULL,	NULL,	NULL,	NULL),
(550,	'Approve_item',	'Approve_item',	1,	NULL,	'2020-03-08 18:11:59',	NULL,	NULL,	NULL,	NULL),
(554,	'System_opening_balance',	'System_opening_balance',	1,	NULL,	'2020-03-19 14:10:25',	NULL,	NULL,	NULL,	NULL);

DROP TABLE IF EXISTS `menu_user_order`;
CREATE TABLE `menu_user_order` (
  `menu_user_order_id` int(100) NOT NULL AUTO_INCREMENT,
  `fk_user_id` int(100) NOT NULL,
  `menu_user_order_track_number` varchar(100) NOT NULL,
  `menu_user_order_name` varchar(100) NOT NULL,
  `fk_menu_id` int(100) DEFAULT NULL,
  `menu_user_order_is_active` int(5) NOT NULL DEFAULT '1',
  `menu_user_order_level` int(100) NOT NULL DEFAULT '1',
  `menu_user_order_priority_item` int(5) NOT NULL DEFAULT '1',
  `menu_user_order_created_date` date DEFAULT NULL,
  `menu_user_order_last_modified_date` timestamp NOT NULL DEFAULT CURRENT_TIMESTAMP,
  `menu_user_order_created_by` int(100) DEFAULT NULL,
  `menu_user_order_last_modified_by` int(100) DEFAULT NULL,
  `fk_approval_id` int(100) DEFAULT NULL,
  `fk_status_id` int(100) DEFAULT NULL,
  PRIMARY KEY (`menu_user_order_id`),
  KEY `fk_menu_id` (`fk_menu_id`),
  CONSTRAINT `menu_user_order_ibfk_1` FOREIGN KEY (`fk_menu_id`) REFERENCES `menu` (`menu_id`) ON DELETE CASCADE
) ENGINE=InnoDB DEFAULT CHARSET=latin1;

INSERT INTO `menu_user_order` (`menu_user_order_id`, `fk_user_id`, `menu_user_order_track_number`, `menu_user_order_name`, `fk_menu_id`, `menu_user_order_is_active`, `menu_user_order_level`, `menu_user_order_priority_item`, `menu_user_order_created_date`, `menu_user_order_last_modified_date`, `menu_user_order_created_by`, `menu_user_order_last_modified_by`, `fk_approval_id`, `fk_status_id`) VALUES
(1474,	1,	'',	'',	380,	1,	1,	0,	NULL,	'2020-03-11 19:39:24',	NULL,	NULL,	NULL,	NULL),
(1475,	1,	'',	'',	381,	1,	2,	0,	NULL,	'2020-03-11 19:39:24',	NULL,	NULL,	NULL,	NULL),
(1476,	1,	'',	'',	382,	1,	3,	1,	NULL,	'2020-03-11 19:39:24',	NULL,	NULL,	NULL,	NULL),
(1477,	1,	'',	'',	384,	1,	1,	1,	NULL,	'2020-03-11 19:39:24',	NULL,	NULL,	NULL,	NULL),
(1478,	1,	'',	'',	385,	1,	5,	0,	NULL,	'2020-03-11 19:39:24',	NULL,	NULL,	NULL,	NULL),
(1479,	1,	'',	'',	386,	1,	6,	1,	NULL,	'2020-03-11 19:39:24',	NULL,	NULL,	NULL,	NULL),
(1480,	1,	'',	'',	390,	1,	7,	0,	NULL,	'2020-03-11 19:39:24',	NULL,	NULL,	NULL,	NULL),
(1481,	1,	'',	'',	391,	1,	8,	0,	NULL,	'2020-03-11 19:39:24',	NULL,	NULL,	NULL,	NULL),
(1482,	1,	'',	'',	392,	1,	9,	1,	NULL,	'2020-03-11 19:39:24',	NULL,	NULL,	NULL,	NULL),
(1483,	1,	'',	'',	393,	1,	10,	0,	NULL,	'2020-03-11 19:39:24',	NULL,	NULL,	NULL,	NULL),
(1484,	1,	'',	'',	397,	1,	11,	1,	NULL,	'2020-03-11 19:39:24',	NULL,	NULL,	NULL,	NULL),
(1485,	1,	'',	'',	398,	1,	12,	0,	NULL,	'2020-03-11 19:39:24',	NULL,	NULL,	NULL,	NULL),
(1486,	1,	'',	'',	400,	1,	13,	0,	NULL,	'2020-03-11 19:39:24',	NULL,	NULL,	NULL,	NULL),
(1487,	1,	'',	'',	470,	1,	14,	0,	NULL,	'2020-03-11 19:39:24',	NULL,	NULL,	NULL,	NULL),
(1488,	1,	'',	'',	478,	1,	15,	0,	NULL,	'2020-03-11 19:39:24',	NULL,	NULL,	NULL,	NULL),
(1489,	1,	'',	'',	480,	1,	16,	0,	NULL,	'2020-03-11 19:39:24',	NULL,	NULL,	NULL,	NULL),
(1490,	1,	'',	'',	481,	1,	17,	0,	NULL,	'2020-03-11 19:39:24',	NULL,	NULL,	NULL,	NULL),
(1491,	1,	'',	'',	482,	1,	18,	0,	NULL,	'2020-03-11 19:39:24',	NULL,	NULL,	NULL,	NULL),
(1492,	1,	'',	'',	483,	1,	19,	0,	NULL,	'2020-03-11 19:39:24',	NULL,	NULL,	NULL,	NULL),
(1493,	1,	'',	'',	490,	1,	20,	0,	NULL,	'2020-03-11 19:39:24',	NULL,	NULL,	NULL,	NULL),
(1495,	1,	'',	'',	492,	1,	22,	0,	NULL,	'2020-03-11 19:39:24',	NULL,	NULL,	NULL,	NULL),
(1496,	1,	'',	'',	496,	1,	23,	0,	NULL,	'2020-03-11 19:39:24',	NULL,	NULL,	NULL,	NULL),
(1497,	1,	'',	'',	497,	1,	24,	0,	NULL,	'2020-03-11 19:39:24',	NULL,	NULL,	NULL,	NULL),
(1498,	1,	'',	'',	498,	1,	25,	0,	NULL,	'2020-03-11 19:39:24',	NULL,	NULL,	NULL,	NULL),
(1499,	1,	'',	'',	500,	1,	26,	0,	NULL,	'2020-03-11 19:39:25',	NULL,	NULL,	NULL,	NULL),
(1500,	1,	'',	'',	521,	1,	27,	0,	NULL,	'2020-03-11 19:39:25',	NULL,	NULL,	NULL,	NULL),
(1501,	1,	'',	'',	522,	1,	28,	0,	NULL,	'2020-03-11 19:39:25',	NULL,	NULL,	NULL,	NULL),
(1502,	1,	'',	'',	523,	1,	29,	0,	NULL,	'2020-03-11 19:39:25',	NULL,	NULL,	NULL,	NULL),
(1503,	1,	'',	'',	525,	1,	30,	0,	NULL,	'2020-03-11 19:39:25',	NULL,	NULL,	NULL,	NULL),
(1504,	1,	'',	'',	526,	1,	31,	1,	NULL,	'2020-03-11 19:39:25',	NULL,	NULL,	NULL,	NULL),
(1505,	1,	'',	'',	527,	1,	32,	0,	NULL,	'2020-03-11 19:39:25',	NULL,	NULL,	NULL,	NULL),
(1506,	1,	'',	'',	528,	1,	33,	0,	NULL,	'2020-03-11 19:39:25',	NULL,	NULL,	NULL,	NULL),
(1507,	1,	'',	'',	529,	1,	34,	0,	NULL,	'2020-03-11 19:39:25',	NULL,	NULL,	NULL,	NULL),
(1508,	1,	'',	'',	531,	1,	35,	0,	NULL,	'2020-03-11 19:39:25',	NULL,	NULL,	NULL,	NULL),
(1509,	1,	'',	'',	532,	1,	36,	0,	NULL,	'2020-03-11 19:39:25',	NULL,	NULL,	NULL,	NULL),
(1511,	1,	'',	'',	535,	1,	38,	0,	NULL,	'2020-03-11 19:39:25',	NULL,	NULL,	NULL,	NULL),
(1518,	1,	'',	'',	542,	1,	45,	0,	NULL,	'2020-03-11 19:39:25',	NULL,	NULL,	NULL,	NULL),
(1519,	1,	'',	'',	545,	1,	46,	0,	NULL,	'2020-03-11 19:39:25',	NULL,	NULL,	NULL,	NULL),
(1520,	1,	'',	'',	547,	1,	47,	0,	NULL,	'2020-03-11 19:39:25',	NULL,	NULL,	NULL,	NULL),
(1521,	1,	'',	'',	550,	1,	48,	0,	NULL,	'2020-03-11 19:39:25',	NULL,	NULL,	NULL,	NULL),
(1523,	3,	'',	'',	380,	1,	1,	1,	NULL,	'2020-03-14 07:43:18',	NULL,	NULL,	NULL,	NULL),
(1524,	3,	'',	'',	381,	1,	2,	1,	NULL,	'2020-03-14 07:43:18',	NULL,	NULL,	NULL,	NULL),
(1525,	3,	'',	'',	382,	1,	3,	1,	NULL,	'2020-03-14 07:43:18',	NULL,	NULL,	NULL,	NULL),
(1526,	3,	'',	'',	384,	1,	4,	1,	NULL,	'2020-03-14 07:43:18',	NULL,	NULL,	NULL,	NULL),
(1527,	3,	'',	'',	385,	1,	5,	1,	NULL,	'2020-03-14 07:43:18',	NULL,	NULL,	NULL,	NULL),
(1528,	3,	'',	'',	386,	1,	6,	1,	NULL,	'2020-03-14 07:43:18',	NULL,	NULL,	NULL,	NULL),
(1529,	3,	'',	'',	390,	1,	7,	1,	NULL,	'2020-03-14 07:43:18',	NULL,	NULL,	NULL,	NULL),
(1530,	3,	'',	'',	391,	1,	8,	1,	NULL,	'2020-03-14 07:43:18',	NULL,	NULL,	NULL,	NULL),
(1531,	3,	'',	'',	392,	1,	9,	1,	NULL,	'2020-03-14 07:43:18',	NULL,	NULL,	NULL,	NULL),
(1532,	3,	'',	'',	393,	1,	10,	1,	NULL,	'2020-03-14 07:43:18',	NULL,	NULL,	NULL,	NULL),
(1533,	3,	'',	'',	397,	1,	11,	1,	NULL,	'2020-03-14 07:43:18',	NULL,	NULL,	NULL,	NULL),
(1534,	3,	'',	'',	398,	1,	12,	0,	NULL,	'2020-03-14 07:43:18',	NULL,	NULL,	NULL,	NULL),
(1535,	3,	'',	'',	400,	1,	13,	0,	NULL,	'2020-03-14 07:43:18',	NULL,	NULL,	NULL,	NULL),
(1536,	3,	'',	'',	470,	1,	14,	0,	NULL,	'2020-03-14 07:43:18',	NULL,	NULL,	NULL,	NULL),
(1537,	3,	'',	'',	478,	1,	15,	0,	NULL,	'2020-03-14 07:43:18',	NULL,	NULL,	NULL,	NULL),
(1538,	3,	'',	'',	480,	1,	16,	0,	NULL,	'2020-03-14 07:43:18',	NULL,	NULL,	NULL,	NULL),
(1539,	3,	'',	'',	481,	1,	17,	0,	NULL,	'2020-03-14 07:43:18',	NULL,	NULL,	NULL,	NULL),
(1540,	3,	'',	'',	482,	1,	18,	0,	NULL,	'2020-03-14 07:43:18',	NULL,	NULL,	NULL,	NULL),
(1541,	3,	'',	'',	483,	1,	19,	0,	NULL,	'2020-03-14 07:43:18',	NULL,	NULL,	NULL,	NULL),
(1542,	3,	'',	'',	490,	1,	20,	0,	NULL,	'2020-03-14 07:43:18',	NULL,	NULL,	NULL,	NULL),
(1544,	3,	'',	'',	492,	1,	22,	0,	NULL,	'2020-03-14 07:43:18',	NULL,	NULL,	NULL,	NULL),
(1545,	3,	'',	'',	496,	1,	23,	0,	NULL,	'2020-03-14 07:43:18',	NULL,	NULL,	NULL,	NULL),
(1546,	3,	'',	'',	497,	1,	24,	0,	NULL,	'2020-03-14 07:43:18',	NULL,	NULL,	NULL,	NULL),
(1547,	3,	'',	'',	498,	1,	25,	0,	NULL,	'2020-03-14 07:43:18',	NULL,	NULL,	NULL,	NULL),
(1548,	3,	'',	'',	500,	1,	26,	0,	NULL,	'2020-03-14 07:43:18',	NULL,	NULL,	NULL,	NULL),
(1549,	3,	'',	'',	521,	1,	27,	0,	NULL,	'2020-03-14 07:43:18',	NULL,	NULL,	NULL,	NULL),
(1550,	3,	'',	'',	522,	1,	28,	0,	NULL,	'2020-03-14 07:43:18',	NULL,	NULL,	NULL,	NULL),
(1551,	3,	'',	'',	523,	1,	29,	0,	NULL,	'2020-03-14 07:43:18',	NULL,	NULL,	NULL,	NULL),
(1552,	3,	'',	'',	525,	1,	30,	0,	NULL,	'2020-03-14 07:43:18',	NULL,	NULL,	NULL,	NULL),
(1553,	3,	'',	'',	526,	1,	31,	0,	NULL,	'2020-03-14 07:43:18',	NULL,	NULL,	NULL,	NULL),
(1554,	3,	'',	'',	527,	1,	32,	0,	NULL,	'2020-03-14 07:43:18',	NULL,	NULL,	NULL,	NULL),
(1555,	3,	'',	'',	528,	1,	33,	0,	NULL,	'2020-03-14 07:43:18',	NULL,	NULL,	NULL,	NULL),
(1556,	3,	'',	'',	529,	1,	34,	0,	NULL,	'2020-03-14 07:43:18',	NULL,	NULL,	NULL,	NULL),
(1557,	3,	'',	'',	531,	1,	35,	0,	NULL,	'2020-03-14 07:43:18',	NULL,	NULL,	NULL,	NULL),
(1558,	3,	'',	'',	532,	1,	36,	0,	NULL,	'2020-03-14 07:43:18',	NULL,	NULL,	NULL,	NULL),
(1560,	3,	'',	'',	535,	1,	38,	0,	NULL,	'2020-03-14 07:43:18',	NULL,	NULL,	NULL,	NULL),
(1561,	3,	'',	'',	542,	1,	39,	0,	NULL,	'2020-03-14 07:43:18',	NULL,	NULL,	NULL,	NULL),
(1562,	3,	'',	'',	545,	1,	40,	0,	NULL,	'2020-03-14 07:43:18',	NULL,	NULL,	NULL,	NULL),
(1563,	3,	'',	'',	547,	1,	41,	0,	NULL,	'2020-03-14 07:43:18',	NULL,	NULL,	NULL,	NULL),
(1564,	3,	'',	'',	550,	1,	42,	0,	NULL,	'2020-03-14 07:43:18',	NULL,	NULL,	NULL,	NULL),
(1566,	2,	'',	'',	380,	1,	1,	1,	NULL,	'2020-03-16 13:30:43',	NULL,	NULL,	NULL,	NULL),
(1567,	2,	'',	'',	381,	1,	2,	1,	NULL,	'2020-03-16 13:30:43',	NULL,	NULL,	NULL,	NULL),
(1568,	2,	'',	'',	382,	1,	3,	1,	NULL,	'2020-03-16 13:30:43',	NULL,	NULL,	NULL,	NULL),
(1569,	2,	'',	'',	384,	1,	4,	1,	NULL,	'2020-03-16 13:30:43',	NULL,	NULL,	NULL,	NULL),
(1570,	2,	'',	'',	385,	1,	5,	1,	NULL,	'2020-03-16 13:30:43',	NULL,	NULL,	NULL,	NULL),
(1571,	2,	'',	'',	386,	1,	6,	1,	NULL,	'2020-03-16 13:30:43',	NULL,	NULL,	NULL,	NULL),
(1572,	2,	'',	'',	390,	1,	7,	1,	NULL,	'2020-03-16 13:30:43',	NULL,	NULL,	NULL,	NULL),
(1573,	2,	'',	'',	391,	1,	8,	1,	NULL,	'2020-03-16 13:30:43',	NULL,	NULL,	NULL,	NULL),
(1574,	2,	'',	'',	392,	1,	9,	1,	NULL,	'2020-03-16 13:30:43',	NULL,	NULL,	NULL,	NULL),
(1575,	2,	'',	'',	393,	1,	10,	1,	NULL,	'2020-03-16 13:30:43',	NULL,	NULL,	NULL,	NULL),
(1576,	2,	'',	'',	397,	1,	11,	1,	NULL,	'2020-03-16 13:30:43',	NULL,	NULL,	NULL,	NULL),
(1577,	2,	'',	'',	398,	1,	12,	0,	NULL,	'2020-03-16 13:30:43',	NULL,	NULL,	NULL,	NULL),
(1578,	2,	'',	'',	400,	1,	13,	0,	NULL,	'2020-03-16 13:30:43',	NULL,	NULL,	NULL,	NULL),
(1579,	2,	'',	'',	470,	1,	14,	0,	NULL,	'2020-03-16 13:30:43',	NULL,	NULL,	NULL,	NULL),
(1580,	2,	'',	'',	478,	1,	15,	0,	NULL,	'2020-03-16 13:30:43',	NULL,	NULL,	NULL,	NULL),
(1581,	2,	'',	'',	480,	1,	16,	0,	NULL,	'2020-03-16 13:30:43',	NULL,	NULL,	NULL,	NULL),
(1582,	2,	'',	'',	481,	1,	17,	0,	NULL,	'2020-03-16 13:30:43',	NULL,	NULL,	NULL,	NULL),
(1583,	2,	'',	'',	482,	1,	18,	0,	NULL,	'2020-03-16 13:30:43',	NULL,	NULL,	NULL,	NULL),
(1584,	2,	'',	'',	483,	1,	19,	0,	NULL,	'2020-03-16 13:30:43',	NULL,	NULL,	NULL,	NULL),
(1585,	2,	'',	'',	490,	1,	20,	0,	NULL,	'2020-03-16 13:30:43',	NULL,	NULL,	NULL,	NULL),
(1587,	2,	'',	'',	492,	1,	22,	0,	NULL,	'2020-03-16 13:30:43',	NULL,	NULL,	NULL,	NULL),
(1588,	2,	'',	'',	496,	1,	23,	0,	NULL,	'2020-03-16 13:30:43',	NULL,	NULL,	NULL,	NULL),
(1589,	2,	'',	'',	497,	1,	24,	0,	NULL,	'2020-03-16 13:30:43',	NULL,	NULL,	NULL,	NULL),
(1590,	2,	'',	'',	498,	1,	25,	0,	NULL,	'2020-03-16 13:30:43',	NULL,	NULL,	NULL,	NULL),
(1591,	2,	'',	'',	500,	1,	26,	0,	NULL,	'2020-03-16 13:30:43',	NULL,	NULL,	NULL,	NULL),
(1592,	2,	'',	'',	521,	1,	27,	0,	NULL,	'2020-03-16 13:30:43',	NULL,	NULL,	NULL,	NULL),
(1593,	2,	'',	'',	522,	1,	28,	0,	NULL,	'2020-03-16 13:30:43',	NULL,	NULL,	NULL,	NULL),
(1594,	2,	'',	'',	523,	1,	29,	0,	NULL,	'2020-03-16 13:30:43',	NULL,	NULL,	NULL,	NULL),
(1595,	2,	'',	'',	525,	1,	30,	0,	NULL,	'2020-03-16 13:30:43',	NULL,	NULL,	NULL,	NULL),
(1596,	2,	'',	'',	526,	1,	31,	0,	NULL,	'2020-03-16 13:30:43',	NULL,	NULL,	NULL,	NULL),
(1597,	2,	'',	'',	527,	1,	32,	0,	NULL,	'2020-03-16 13:30:43',	NULL,	NULL,	NULL,	NULL),
(1598,	2,	'',	'',	528,	1,	33,	0,	NULL,	'2020-03-16 13:30:43',	NULL,	NULL,	NULL,	NULL),
(1599,	2,	'',	'',	529,	1,	34,	0,	NULL,	'2020-03-16 13:30:43',	NULL,	NULL,	NULL,	NULL),
(1600,	2,	'',	'',	531,	1,	35,	0,	NULL,	'2020-03-16 13:30:43',	NULL,	NULL,	NULL,	NULL),
(1601,	2,	'',	'',	532,	1,	36,	0,	NULL,	'2020-03-16 13:30:43',	NULL,	NULL,	NULL,	NULL),
(1603,	2,	'',	'',	535,	1,	38,	0,	NULL,	'2020-03-16 13:30:43',	NULL,	NULL,	NULL,	NULL),
(1604,	2,	'',	'',	542,	1,	39,	0,	NULL,	'2020-03-16 13:30:43',	NULL,	NULL,	NULL,	NULL),
(1605,	2,	'',	'',	545,	1,	40,	0,	NULL,	'2020-03-16 13:30:43',	NULL,	NULL,	NULL,	NULL),
(1606,	2,	'',	'',	547,	1,	41,	0,	NULL,	'2020-03-16 13:30:43',	NULL,	NULL,	NULL,	NULL),
(1607,	2,	'',	'',	550,	1,	42,	0,	NULL,	'2020-03-16 13:30:43',	NULL,	NULL,	NULL,	NULL),
(1609,	4,	'',	'',	380,	1,	1,	1,	NULL,	'2020-03-16 16:43:44',	NULL,	NULL,	NULL,	NULL),
(1610,	4,	'',	'',	381,	1,	2,	1,	NULL,	'2020-03-16 16:43:44',	NULL,	NULL,	NULL,	NULL),
(1611,	4,	'',	'',	382,	1,	3,	1,	NULL,	'2020-03-16 16:43:44',	NULL,	NULL,	NULL,	NULL),
(1612,	4,	'',	'',	384,	1,	4,	1,	NULL,	'2020-03-16 16:43:44',	NULL,	NULL,	NULL,	NULL),
(1613,	4,	'',	'',	385,	1,	5,	1,	NULL,	'2020-03-16 16:43:44',	NULL,	NULL,	NULL,	NULL),
(1614,	4,	'',	'',	386,	1,	6,	1,	NULL,	'2020-03-16 16:43:44',	NULL,	NULL,	NULL,	NULL),
(1615,	4,	'',	'',	390,	1,	7,	1,	NULL,	'2020-03-16 16:43:44',	NULL,	NULL,	NULL,	NULL),
(1616,	4,	'',	'',	391,	1,	8,	1,	NULL,	'2020-03-16 16:43:44',	NULL,	NULL,	NULL,	NULL),
(1617,	4,	'',	'',	392,	1,	9,	1,	NULL,	'2020-03-16 16:43:44',	NULL,	NULL,	NULL,	NULL),
(1618,	4,	'',	'',	393,	1,	10,	1,	NULL,	'2020-03-16 16:43:44',	NULL,	NULL,	NULL,	NULL),
(1619,	4,	'',	'',	397,	1,	11,	1,	NULL,	'2020-03-16 16:43:44',	NULL,	NULL,	NULL,	NULL),
(1620,	4,	'',	'',	398,	1,	12,	0,	NULL,	'2020-03-16 16:43:44',	NULL,	NULL,	NULL,	NULL),
(1621,	4,	'',	'',	400,	1,	13,	0,	NULL,	'2020-03-16 16:43:44',	NULL,	NULL,	NULL,	NULL),
(1622,	4,	'',	'',	470,	1,	14,	0,	NULL,	'2020-03-16 16:43:44',	NULL,	NULL,	NULL,	NULL),
(1623,	4,	'',	'',	478,	1,	15,	0,	NULL,	'2020-03-16 16:43:44',	NULL,	NULL,	NULL,	NULL),
(1624,	4,	'',	'',	480,	1,	16,	0,	NULL,	'2020-03-16 16:43:44',	NULL,	NULL,	NULL,	NULL),
(1625,	4,	'',	'',	481,	1,	17,	0,	NULL,	'2020-03-16 16:43:44',	NULL,	NULL,	NULL,	NULL),
(1626,	4,	'',	'',	482,	1,	18,	0,	NULL,	'2020-03-16 16:43:44',	NULL,	NULL,	NULL,	NULL),
(1627,	4,	'',	'',	483,	1,	19,	0,	NULL,	'2020-03-16 16:43:44',	NULL,	NULL,	NULL,	NULL),
(1628,	4,	'',	'',	490,	1,	20,	0,	NULL,	'2020-03-16 16:43:44',	NULL,	NULL,	NULL,	NULL),
(1630,	4,	'',	'',	492,	1,	22,	0,	NULL,	'2020-03-16 16:43:44',	NULL,	NULL,	NULL,	NULL),
(1631,	4,	'',	'',	496,	1,	23,	0,	NULL,	'2020-03-16 16:43:44',	NULL,	NULL,	NULL,	NULL),
(1632,	4,	'',	'',	497,	1,	24,	0,	NULL,	'2020-03-16 16:43:44',	NULL,	NULL,	NULL,	NULL),
(1633,	4,	'',	'',	498,	1,	25,	0,	NULL,	'2020-03-16 16:43:44',	NULL,	NULL,	NULL,	NULL),
(1634,	4,	'',	'',	500,	1,	26,	0,	NULL,	'2020-03-16 16:43:44',	NULL,	NULL,	NULL,	NULL),
(1635,	4,	'',	'',	521,	1,	27,	0,	NULL,	'2020-03-16 16:43:44',	NULL,	NULL,	NULL,	NULL),
(1636,	4,	'',	'',	522,	1,	28,	0,	NULL,	'2020-03-16 16:43:44',	NULL,	NULL,	NULL,	NULL),
(1637,	4,	'',	'',	523,	1,	29,	0,	NULL,	'2020-03-16 16:43:44',	NULL,	NULL,	NULL,	NULL),
(1638,	4,	'',	'',	525,	1,	30,	0,	NULL,	'2020-03-16 16:43:44',	NULL,	NULL,	NULL,	NULL),
(1639,	4,	'',	'',	526,	1,	31,	0,	NULL,	'2020-03-16 16:43:44',	NULL,	NULL,	NULL,	NULL),
(1640,	4,	'',	'',	527,	1,	32,	0,	NULL,	'2020-03-16 16:43:44',	NULL,	NULL,	NULL,	NULL),
(1641,	4,	'',	'',	528,	1,	33,	0,	NULL,	'2020-03-16 16:43:44',	NULL,	NULL,	NULL,	NULL),
(1642,	4,	'',	'',	529,	1,	34,	0,	NULL,	'2020-03-16 16:43:44',	NULL,	NULL,	NULL,	NULL),
(1643,	4,	'',	'',	531,	1,	35,	0,	NULL,	'2020-03-16 16:43:44',	NULL,	NULL,	NULL,	NULL),
(1644,	4,	'',	'',	532,	1,	36,	0,	NULL,	'2020-03-16 16:43:44',	NULL,	NULL,	NULL,	NULL),
(1646,	4,	'',	'',	535,	1,	38,	0,	NULL,	'2020-03-16 16:43:44',	NULL,	NULL,	NULL,	NULL),
(1647,	4,	'',	'',	542,	1,	39,	0,	NULL,	'2020-03-16 16:43:44',	NULL,	NULL,	NULL,	NULL),
(1648,	4,	'',	'',	545,	1,	40,	0,	NULL,	'2020-03-16 16:43:44',	NULL,	NULL,	NULL,	NULL),
(1649,	4,	'',	'',	547,	1,	41,	0,	NULL,	'2020-03-16 16:43:44',	NULL,	NULL,	NULL,	NULL),
(1650,	4,	'',	'',	550,	1,	42,	0,	NULL,	'2020-03-16 16:43:44',	NULL,	NULL,	NULL,	NULL),
(1654,	1,	'',	'',	554,	1,	87,	0,	NULL,	'2020-03-19 14:10:26',	NULL,	NULL,	NULL,	NULL);

DROP TABLE IF EXISTS `message`;
CREATE TABLE `message` (
  `message_id` int(11) NOT NULL AUTO_INCREMENT,
  `message_track_number` int(100) DEFAULT NULL,
  `message_name` int(100) DEFAULT NULL,
  `fk_approve_item_id` int(100) DEFAULT NULL,
  `message_record_key` int(100) DEFAULT NULL,
  `message_created_by` int(100) DEFAULT NULL,
  `message_last_modified_by` int(100) DEFAULT NULL,
  `message_created_date` date DEFAULT NULL,
  `message_last_modified_date` timestamp NULL DEFAULT CURRENT_TIMESTAMP,
  `message_deleted_date` date DEFAULT NULL,
  `message_is_thread_open` int(5) DEFAULT '1',
  `fk_status_id` int(100) DEFAULT NULL,
  `fk_approval_id` int(100) DEFAULT NULL,
  PRIMARY KEY (`message_id`),
  KEY `fk_approve_item_id` (`fk_approve_item_id`),
  CONSTRAINT `message_ibfk_1` FOREIGN KEY (`fk_approve_item_id`) REFERENCES `approve_item` (`approve_item_id`)
) ENGINE=InnoDB DEFAULT CHARSET=latin1;

INSERT INTO `message` (`message_id`, `message_track_number`, `message_name`, `fk_approve_item_id`, `message_record_key`, `message_created_by`, `message_last_modified_by`, `message_created_date`, `message_last_modified_date`, `message_deleted_date`, `message_is_thread_open`, `fk_status_id`, `fk_approval_id`) VALUES
(3,	0,	0,	2,	1,	1,	1,	'2020-03-12',	'2020-03-12 22:38:26',	NULL,	1,	NULL,	NULL),
(4,	0,	0,	2,	2,	1,	1,	'2020-03-13',	'2020-03-12 23:47:59',	NULL,	1,	NULL,	NULL),
(5,	0,	0,	2,	2,	1,	1,	'2020-03-13',	'2020-03-12 23:50:45',	NULL,	1,	NULL,	NULL),
(6,	0,	0,	3,	4,	1,	1,	'2020-03-13',	'2020-03-12 23:51:18',	NULL,	1,	NULL,	NULL),
(7,	0,	0,	3,	4,	1,	1,	'2020-03-13',	'2020-03-13 00:01:32',	NULL,	1,	NULL,	NULL),
(8,	0,	0,	3,	4,	1,	1,	'2020-03-13',	'2020-03-13 00:02:12',	NULL,	1,	NULL,	NULL),
(9,	0,	0,	26,	1,	1,	1,	'2020-03-13',	'2020-03-13 08:31:51',	NULL,	1,	NULL,	NULL),
(10,	0,	0,	2,	7,	1,	1,	'2020-03-19',	'2020-03-19 12:13:41',	NULL,	1,	NULL,	NULL);

DROP TABLE IF EXISTS `message_detail`;
CREATE TABLE `message_detail` (
  `message_detail_id` int(100) NOT NULL AUTO_INCREMENT,
  `message_detail_track_number` varchar(100) NOT NULL,
  `message_detail_name` varchar(100) NOT NULL,
  `fk_user_id` int(100) DEFAULT NULL,
  `message_detail_content` longtext,
  `fk_message_id` int(100) DEFAULT NULL,
  `message_detail_created_date` datetime DEFAULT NULL,
  `message_detail_last_modified_date` date DEFAULT NULL,
  `message_detail_deleted_date` date DEFAULT NULL,
  `message_detail_created_by` int(100) DEFAULT NULL,
  `message_detail_last_modified_by` timestamp NULL DEFAULT CURRENT_TIMESTAMP,
  `message_detail_is_reply` int(5) DEFAULT '0',
  `message_detail_replied_message_key` int(100) DEFAULT NULL,
  `fk_status_id` int(100) DEFAULT NULL,
  `fk_approval_id` int(100) DEFAULT NULL,
  PRIMARY KEY (`message_detail_id`),
  KEY `fk_message_detail_message1_idx` (`fk_message_id`),
  CONSTRAINT `fk_message_detail_message1` FOREIGN KEY (`fk_message_id`) REFERENCES `message` (`message_id`) ON DELETE NO ACTION ON UPDATE NO ACTION
) ENGINE=InnoDB DEFAULT CHARSET=latin1;

INSERT INTO `message_detail` (`message_detail_id`, `message_detail_track_number`, `message_detail_name`, `fk_user_id`, `message_detail_content`, `fk_message_id`, `message_detail_created_date`, `message_detail_last_modified_date`, `message_detail_deleted_date`, `message_detail_created_by`, `message_detail_last_modified_by`, `message_detail_is_reply`, `message_detail_replied_message_key`, `fk_status_id`, `fk_approval_id`) VALUES
(6,	'',	'',	1,	'Looks fine',	3,	'2020-03-12 11:38:26',	NULL,	NULL,	1,	'0000-00-00 00:00:00',	0,	0,	NULL,	NULL),
(15,	'',	'',	1,	'Best work done pals',	3,	'2020-03-13 12:30:19',	NULL,	NULL,	1,	'0000-00-00 00:00:00',	0,	0,	NULL,	NULL),
(16,	'',	'',	1,	'What is the delay for?',	3,	'2020-03-13 12:41:54',	NULL,	NULL,	1,	'0000-00-00 00:00:00',	0,	0,	NULL,	NULL),
(17,	'',	'',	1,	'Job well done',	3,	'2020-03-13 12:44:34',	NULL,	NULL,	1,	'0000-00-00 00:00:00',	0,	0,	NULL,	NULL),
(18,	'',	'',	1,	'Let\'s work to improve this module',	3,	'2020-03-13 12:45:10',	NULL,	NULL,	1,	'0000-00-00 00:00:00',	0,	0,	NULL,	NULL),
(19,	'',	'',	1,	'This is mixed up',	4,	'2020-03-13 12:47:59',	NULL,	NULL,	1,	'0000-00-00 00:00:00',	0,	0,	NULL,	NULL),
(20,	'',	'',	1,	'Let test this more',	3,	'2020-03-13 12:50:12',	NULL,	NULL,	1,	'0000-00-00 00:00:00',	0,	0,	NULL,	NULL),
(21,	'',	'',	1,	'Hey it\'s working so well',	5,	'2020-03-13 12:50:45',	NULL,	NULL,	1,	'0000-00-00 00:00:00',	0,	0,	NULL,	NULL),
(22,	'',	'',	1,	'This is a request',	6,	'2020-03-13 12:51:18',	NULL,	NULL,	1,	'0000-00-00 00:00:00',	0,	0,	NULL,	NULL),
(23,	'',	'',	1,	'Doing better now',	3,	'2020-03-13 12:55:23',	NULL,	NULL,	1,	'0000-00-00 00:00:00',	0,	0,	NULL,	NULL),
(24,	'',	'',	1,	'How are you doing?',	3,	'2020-03-13 12:55:52',	NULL,	NULL,	1,	'0000-00-00 00:00:00',	0,	0,	NULL,	NULL),
(25,	'',	'',	1,	'This is wonderful',	3,	'2020-03-13 12:56:37',	NULL,	NULL,	1,	'0000-00-00 00:00:00',	0,	0,	NULL,	NULL),
(26,	'',	'',	1,	'I find this working well',	7,	'2020-03-13 01:01:32',	NULL,	NULL,	1,	'0000-00-00 00:00:00',	0,	0,	NULL,	NULL),
(27,	'',	'',	1,	'Let engage more',	8,	'2020-03-13 01:02:12',	NULL,	NULL,	1,	'0000-00-00 00:00:00',	0,	0,	NULL,	NULL),
(28,	'',	'',	1,	'This is the main bank account',	9,	'2020-03-13 09:31:51',	NULL,	NULL,	1,	'0000-00-00 00:00:00',	0,	0,	NULL,	NULL),
(29,	'',	'',	1,	'This is okay',	9,	'2020-03-13 09:36:46',	NULL,	NULL,	1,	'0000-00-00 00:00:00',	0,	0,	NULL,	NULL),
(30,	'',	'',	1,	'This is tremendous job',	10,	'2020-03-19 01:13:41',	NULL,	NULL,	1,	'0000-00-00 00:00:00',	0,	0,	NULL,	NULL);

DROP TABLE IF EXISTS `month`;
CREATE TABLE `month` (
  `month_id` int(11) NOT NULL AUTO_INCREMENT,
  `month_track_number` varchar(100) NOT NULL,
  `month_number` int(5) NOT NULL,
  `month_name` varchar(50) NOT NULL,
  `fk_status_id` int(100) NOT NULL,
  `month_created_by` int(100) NOT NULL,
  `month_last_modified_by` int(100) NOT NULL,
  `month_created_date` date NOT NULL,
  `month_last_modified_date` date NOT NULL,
  `fk_approval_id` int(100) DEFAULT NULL,
  PRIMARY KEY (`month_id`),
  UNIQUE KEY `month_number` (`month_number`)
) ENGINE=InnoDB DEFAULT CHARSET=latin1;

INSERT INTO `month` (`month_id`, `month_track_number`, `month_number`, `month_name`, `fk_status_id`, `month_created_by`, `month_last_modified_by`, `month_created_date`, `month_last_modified_date`, `fk_approval_id`) VALUES
(5,	'MOTH-7084',	1,	'January',	61,	1,	1,	'2020-01-18',	'0000-00-00',	551),
(6,	'MOTH-37428',	2,	'February',	61,	1,	1,	'2020-01-18',	'0000-00-00',	552),
(7,	'MOTH-39917',	3,	'March',	61,	1,	1,	'2020-01-18',	'0000-00-00',	553),
(8,	'MOTH-13132',	4,	'April',	61,	1,	1,	'2020-01-18',	'0000-00-00',	554),
(10,	'MOTH-69289',	5,	'May',	61,	1,	1,	'2020-01-18',	'0000-00-00',	556),
(11,	'MOTH-32857',	6,	'June',	61,	1,	1,	'2020-01-18',	'0000-00-00',	557),
(12,	'MOTH-74947',	7,	'July',	61,	1,	1,	'2020-01-18',	'0000-00-00',	558),
(13,	'MOTH-16217',	8,	'August',	61,	1,	1,	'2020-01-18',	'0000-00-00',	559),
(14,	'MOTH-69410',	9,	'September',	61,	1,	1,	'2020-01-18',	'0000-00-00',	560),
(15,	'MOTH-3346',	10,	'October',	61,	1,	1,	'2020-01-18',	'0000-00-00',	561),
(16,	'MOTH-5851',	11,	'November',	61,	1,	1,	'2020-01-18',	'0000-00-00',	562),
(17,	'MOTH-27020',	12,	'December',	61,	1,	1,	'2020-01-18',	'0000-00-00',	563);

DROP TABLE IF EXISTS `office`;
CREATE TABLE `office` (
  `office_id` int(100) NOT NULL AUTO_INCREMENT,
  `office_track_number` varchar(100) DEFAULT NULL,
  `office_name` varchar(45) NOT NULL,
  `office_description` longtext NOT NULL,
  `office_code` varchar(45) NOT NULL,
  `fk_context_definition_id` int(100) NOT NULL,
  `office_start_date` date NOT NULL,
  `office_end_date` date NOT NULL,
  `office_is_active` int(5) NOT NULL DEFAULT '0',
  `fk_account_system_id` int(100) NOT NULL DEFAULT '1',
  `office_created_by` int(100) NOT NULL,
  `office_created_date` date NOT NULL,
  `office_last_modified_date` date NOT NULL,
  `office_last_modified_by` int(100) NOT NULL,
  `fk_approval_id` int(11) DEFAULT NULL,
  `fk_status_id` int(11) DEFAULT NULL,
  PRIMARY KEY (`office_id`),
  KEY `fk_approval_id` (`fk_approval_id`),
  KEY `fk_status_id` (`fk_status_id`),
  KEY `fk_center_group_hierarchy_id` (`fk_context_definition_id`),
  KEY `fk_account_system_id` (`fk_account_system_id`),
  CONSTRAINT `office_ibfk_1` FOREIGN KEY (`fk_approval_id`) REFERENCES `approval` (`approval_id`),
  CONSTRAINT `office_ibfk_2` FOREIGN KEY (`fk_status_id`) REFERENCES `status` (`status_id`),
  CONSTRAINT `office_ibfk_3` FOREIGN KEY (`fk_context_definition_id`) REFERENCES `context_definition` (`context_definition_id`),
  CONSTRAINT `office_ibfk_4` FOREIGN KEY (`fk_account_system_id`) REFERENCES `account_system` (`account_system_id`)
) ENGINE=InnoDB DEFAULT CHARSET=latin1 COMMENT='This table list all the remote sites for the organization';

INSERT INTO `office` (`office_id`, `office_track_number`, `office_name`, `office_description`, `office_code`, `fk_context_definition_id`, `office_start_date`, `office_end_date`, `office_is_active`, `fk_account_system_id`, `office_created_by`, `office_created_date`, `office_last_modified_date`, `office_last_modified_by`, `fk_approval_id`, `fk_status_id`) VALUES
(18,	'CEER-5952',	'Kenya Head Office',	'',	'KE',	10,	'2019-10-17',	'0000-00-00',	1,	1,	1,	'2019-12-03',	'0000-00-00',	1,	433,	45),
(21,	'OFCE-10254',	'Global Office ',	'',	'G001',	12,	'1990-10-11',	'0000-00-00',	1,	1,	1,	'2019-12-08',	'0000-00-00',	1,	442,	45),
(22,	'OFCE-18309',	'Africa Region Office',	'',	'AFR',	11,	'1979-06-06',	'0000-00-00',	1,	1,	1,	'2019-12-13',	'0000-00-00',	1,	448,	45),
(23,	'OFCE-49646',	'GRC Shingila CDC',	'',	'KE0347',	13,	'2019-02-05',	'0000-00-00',	1,	1,	1,	'2020-03-14',	'0000-00-00',	1,	799,	45),
(24,	'OFCE-56798',	'Malindi-Kilifi Cluster',	'',	'KE-C01',	8,	'2018-06-05',	'0000-00-00',	1,	1,	1,	'2020-03-14',	'0000-00-00',	1,	800,	45),
(25,	'OFCE-86435',	'Coast Region Kenya',	'',	'KE-R01',	9,	'2017-03-15',	'0000-00-00',	1,	1,	1,	'2020-03-14',	'0000-00-00',	1,	801,	45),
(26,	'OFCE-65511',	'FPFP Kilifi CDC',	'',	'KE0342',	13,	'2018-07-10',	'0000-00-00',	1,	1,	1,	'2020-03-16',	'0000-00-00',	1,	809,	45),
(33,	'OFCE-13050',	'Mtondia PEFA CDC',	'Mtondia PEFA CDC',	'KE0530',	13,	'2010-06-16',	'0000-00-00',	1,	1,	1,	'2020-03-16',	'0000-00-00',	1,	833,	45),
(34,	'OFCE-41537',	'Mkongani IFC CDC',	'Mkongani IFC CDC',	'KE392',	13,	'2015-05-09',	'0000-00-00',	1,	1,	1,	'2020-03-19',	'0000-00-00',	1,	1703,	45),
(35,	'OFCE-43411',	'Gongoni RGC CDC',	'Gongoni RGC CDC',	'KE0789',	13,	'2015-05-01',	'0000-00-00',	1,	1,	1,	'2020-03-20',	'0000-00-00',	1,	1725,	45);

DROP TABLE IF EXISTS `office_bank`;
CREATE TABLE `office_bank` (
  `office_bank_id` int(100) NOT NULL AUTO_INCREMENT,
  `office_bank_track_number` varchar(100) DEFAULT NULL,
  `office_bank_name` varchar(100) DEFAULT NULL,
  `office_bank_account_number` varchar(100) DEFAULT NULL,
  `fk_office_id` int(100) DEFAULT NULL,
  `fk_bank_id` int(100) DEFAULT NULL,
  `fk_bank_branch_id` int(100) DEFAULT NULL,
  `is_office_bank_active` int(5) DEFAULT '1',
  `office_bank_created_date` date DEFAULT NULL,
  `office_bank_created_by` int(100) DEFAULT NULL,
  `office_bank_last_modified_date` timestamp NULL DEFAULT NULL,
  `office_bank_last_modified_by` int(100) DEFAULT NULL,
  `fk_approval_id` int(100) DEFAULT NULL,
  `fk_status_id` int(100) DEFAULT NULL,
  PRIMARY KEY (`office_bank_id`),
  KEY `fk_office_id` (`fk_office_id`),
  KEY `fk_bank_id` (`fk_bank_id`),
  CONSTRAINT `office_bank_ibfk_1` FOREIGN KEY (`fk_office_id`) REFERENCES `office` (`office_id`),
  CONSTRAINT `office_bank_ibfk_2` FOREIGN KEY (`fk_bank_id`) REFERENCES `bank` (`bank_id`)
) ENGINE=InnoDB DEFAULT CHARSET=latin1;


DROP TABLE IF EXISTS `opening_allocation_balance`;
CREATE TABLE `opening_allocation_balance` (
  `opening_allocation_balance_id` int(100) NOT NULL AUTO_INCREMENT,
  `fk_system_opening_balance_id` int(100) NOT NULL,
  `opening_allocation_balance_track_number` varchar(100) NOT NULL,
  `opening_allocation_balance_name` varchar(100) NOT NULL,
  `fk_project_allocation_id` int(100) NOT NULL,
  `opening_allocation_balance_amount` decimal(10,2) NOT NULL,
  `opening_allocation_balance_created_date` date DEFAULT NULL,
  `opening_allocation_balance_created_by` int(100) DEFAULT NULL,
  `opening_allocation_balance_last_modified_by` int(100) DEFAULT NULL,
  `opening_allocation_balance_last_modified_date` date DEFAULT NULL,
  `fk_approval_id` int(100) DEFAULT NULL,
  `fk_status_id` int(100) DEFAULT NULL,
  PRIMARY KEY (`opening_allocation_balance_id`),
  KEY `system_opening_balance_id` (`fk_system_opening_balance_id`),
  KEY `fk_project_allocation_id` (`fk_project_allocation_id`),
  CONSTRAINT `opening_allocation_balance_ibfk_1` FOREIGN KEY (`fk_system_opening_balance_id`) REFERENCES `system_opening_balance` (`system_opening_balance_id`),
  CONSTRAINT `opening_allocation_balance_ibfk_2` FOREIGN KEY (`fk_project_allocation_id`) REFERENCES `project_allocation` (`project_allocation_id`)
) ENGINE=InnoDB DEFAULT CHARSET=latin1;


DROP TABLE IF EXISTS `opening_cash_balance`;
CREATE TABLE `opening_cash_balance` (
  `opening_cash_balance_id` int(100) NOT NULL AUTO_INCREMENT,
  `fk_system_opening_balance_id` int(100) NOT NULL,
  `opening_cash_balance_track_number` varchar(100) NOT NULL,
  `opening_cash_balance_name` varchar(100) NOT NULL,
  `fk_office_id` int(100) NOT NULL,
  `opening_cash_balance_bank` decimal(10,2) NOT NULL DEFAULT '0.00',
  `opening_cash_balance_cash` decimal(10,2) NOT NULL DEFAULT '0.00',
  `opening_cash_balance_created_date` date DEFAULT NULL,
  `opening_cash_balance_created_by` int(100) DEFAULT NULL,
  `opening_cash_balance_last_modified_by` int(100) DEFAULT NULL,
  `opening_cash_balance_last_modified_date` date DEFAULT NULL,
  `fk_approval_id` int(100) DEFAULT NULL,
  `fk_status_id` int(100) DEFAULT NULL,
  PRIMARY KEY (`opening_cash_balance_id`),
  KEY `fk_system_opening_balance_id` (`fk_system_opening_balance_id`),
  CONSTRAINT `opening_cash_balance_ibfk_1` FOREIGN KEY (`fk_system_opening_balance_id`) REFERENCES `system_opening_balance` (`system_opening_balance_id`)
) ENGINE=InnoDB DEFAULT CHARSET=latin1;


DROP TABLE IF EXISTS `opening_deposit_transit`;
CREATE TABLE `opening_deposit_transit` (
  `opening_deposit_transit_id` int(100) NOT NULL AUTO_INCREMENT,
  `opening_deposit_transit_track_number` varchar(100) NOT NULL,
  `opening_deposit_transit_name` varchar(100) NOT NULL,
  `fk_system_opening_balance_id` int(100) NOT NULL,
  `opening_deposit_transit_date` date NOT NULL,
  `opening_deposit_transit_description` longtext NOT NULL,
  `opening_deposit_transit_amount` decimal(10,2) NOT NULL,
  `opening_deposit_transit_is_cleared` int(5) NOT NULL DEFAULT '0',
  `opening_deposit_transit_cleared_date` date NOT NULL,
  PRIMARY KEY (`opening_deposit_transit_id`),
  KEY `fk_system_opening_balance_id` (`fk_system_opening_balance_id`),
  CONSTRAINT `opening_deposit_transit_ibfk_1` FOREIGN KEY (`fk_system_opening_balance_id`) REFERENCES `system_opening_balance` (`system_opening_balance_id`)
) ENGINE=InnoDB DEFAULT CHARSET=latin1;


DROP TABLE IF EXISTS `opening_fund_balance`;
CREATE TABLE `opening_fund_balance` (
  `opening_fund_balance_id` int(100) NOT NULL AUTO_INCREMENT,
  `fk_system_opening_balance_id` int(100) NOT NULL,
  `opening_fund_balance_track_number` varchar(100) NOT NULL,
  `opening_fund_balance_name` varchar(100) NOT NULL,
  `fk_income_account_id` int(11) NOT NULL,
  `opening_fund_balance_amount` decimal(10,2) NOT NULL,
  `opening_fund_balance_created_date` date DEFAULT NULL,
  `opening_fund_balance_created_by` int(100) DEFAULT NULL,
  `opening_fund_balance_last_modified_by` int(100) DEFAULT NULL,
  `opening_fund_balance_last_modified_date` date DEFAULT NULL,
  `fk_approval_id` int(100) DEFAULT NULL,
  `fk_status_id` int(100) DEFAULT NULL,
  PRIMARY KEY (`opening_fund_balance_id`),
  KEY `fk_system_opening_balance_id` (`fk_system_opening_balance_id`),
  KEY `fk_income_account_id` (`fk_income_account_id`),
  CONSTRAINT `opening_fund_balance_ibfk_1` FOREIGN KEY (`fk_system_opening_balance_id`) REFERENCES `system_opening_balance` (`system_opening_balance_id`),
  CONSTRAINT `opening_fund_balance_ibfk_2` FOREIGN KEY (`fk_income_account_id`) REFERENCES `income_account` (`income_account_id`)
) ENGINE=InnoDB DEFAULT CHARSET=latin1;

INSERT INTO `opening_fund_balance` (`opening_fund_balance_id`, `fk_system_opening_balance_id`, `opening_fund_balance_track_number`, `opening_fund_balance_name`, `fk_income_account_id`, `opening_fund_balance_amount`, `opening_fund_balance_created_date`, `opening_fund_balance_created_by`, `opening_fund_balance_last_modified_by`, `opening_fund_balance_last_modified_date`, `fk_approval_id`, `fk_status_id`) VALUES
(2,	1,	'OPCE-61760',	'IFC Fund opening balance',	1,	365900.12,	'2020-03-19',	1,	1,	NULL,	1710,	136),
(3,	1,	'OPCE-14735',	'IFC Mkongani Opening Balance for Account 2',	2,	65020.23,	'2020-03-19',	1,	1,	NULL,	1711,	136),
(4,	1,	'OPCE-55349',	'IFC Mkongani Opening Balance for Account 3',	3,	126340.11,	'2020-03-19',	1,	1,	NULL,	1712,	136);

DROP TABLE IF EXISTS `opening_outstanding_cheque`;
CREATE TABLE `opening_outstanding_cheque` (
  `opening_outstanding_cheque_id` int(100) NOT NULL AUTO_INCREMENT,
  `opening_outstanding_cheque_name` varchar(100) NOT NULL,
  `opening_outstanding_cheque_track_number` varchar(100) NOT NULL,
  `opening_outstanding_cheque_description` longtext NOT NULL,
  `opening_outstanding_cheque_date` date NOT NULL,
  `fk_system_opening_balance_id` int(100) NOT NULL,
  `opening_outstanding_cheque_number` int(50) NOT NULL,
  `opening_outstanding_cheque_amount` decimal(10,2) NOT NULL,
  `opening_outstanding_cheque_is_cleared` int(5) NOT NULL DEFAULT '0',
  `opening_outstanding_cheque_cleared_date` date NOT NULL,
  PRIMARY KEY (`opening_outstanding_cheque_id`),
  KEY `fk_system_opening_balance_id` (`fk_system_opening_balance_id`),
  CONSTRAINT `opening_outstanding_cheque_ibfk_1` FOREIGN KEY (`fk_system_opening_balance_id`) REFERENCES `system_opening_balance` (`system_opening_balance_id`),
  CONSTRAINT `opening_outstanding_cheque_ibfk_2` FOREIGN KEY (`fk_system_opening_balance_id`) REFERENCES `system_opening_balance` (`system_opening_balance_id`)
) ENGINE=InnoDB DEFAULT CHARSET=latin1;


DROP TABLE IF EXISTS `page_view`;
CREATE TABLE `page_view` (
  `page_view_id` int(100) NOT NULL AUTO_INCREMENT,
  `page_view_track_number` varchar(100) NOT NULL,
  `page_view_name` varchar(100) NOT NULL,
  `page_view_description` longtext NOT NULL,
  `fk_menu_id` int(100) NOT NULL,
  `page_view_is_default` int(5) NOT NULL DEFAULT '0' COMMENT 'System Admin default ',
  `page_view_created_date` date NOT NULL,
  `page_view_last_modified_date` timestamp NOT NULL DEFAULT CURRENT_TIMESTAMP,
  `page_view_created_by` int(100) NOT NULL,
  `page_view_last_modified_by` int(100) NOT NULL,
  `fk_approval_id` int(11) NOT NULL,
  `fk_status_id` int(11) NOT NULL,
  PRIMARY KEY (`page_view_id`),
  KEY `fk_approval_id` (`fk_approval_id`),
  KEY `fk_status_id` (`fk_status_id`),
  KEY `fk_menu_id` (`fk_menu_id`),
  CONSTRAINT `page_view_ibfk_1` FOREIGN KEY (`fk_approval_id`) REFERENCES `approval` (`approval_id`),
  CONSTRAINT `page_view_ibfk_2` FOREIGN KEY (`fk_status_id`) REFERENCES `status` (`status_id`),
  CONSTRAINT `page_view_ibfk_3` FOREIGN KEY (`fk_menu_id`) REFERENCES `menu` (`menu_id`)
) ENGINE=InnoDB DEFAULT CHARSET=latin1;


DROP TABLE IF EXISTS `page_view_condition`;
CREATE TABLE `page_view_condition` (
  `page_view_condition_id` int(100) NOT NULL AUTO_INCREMENT,
  `page_view_condition_track_number` varchar(100) NOT NULL,
  `page_view_condition_name` varchar(100) DEFAULT NULL,
  `page_view_condition_field` varchar(100) NOT NULL,
  `page_view_condition_operator` varchar(50) NOT NULL,
  `page_view_condition_value` varchar(100) NOT NULL,
  `fk_page_view_id` int(100) NOT NULL,
  `page_view_condition_created_date` date NOT NULL,
  `page_view_condition_last_modified_date` timestamp NOT NULL DEFAULT CURRENT_TIMESTAMP,
  `page_view_condition_created_by` int(100) NOT NULL,
  `page_view_condition_last_modified_by` int(100) NOT NULL,
  `fk_approval_id` int(11) DEFAULT NULL,
  `fk_status_id` int(11) DEFAULT NULL,
  PRIMARY KEY (`page_view_condition_id`),
  KEY `fk_approval_id` (`fk_approval_id`),
  KEY `fk_status_id` (`fk_status_id`),
  KEY `fk_page_view_id` (`fk_page_view_id`),
  CONSTRAINT `page_view_condition_ibfk_3` FOREIGN KEY (`fk_page_view_id`) REFERENCES `page_view` (`page_view_id`)
) ENGINE=InnoDB DEFAULT CHARSET=latin1;


DROP TABLE IF EXISTS `page_view_role`;
CREATE TABLE `page_view_role` (
  `page_view_role_id` int(100) NOT NULL AUTO_INCREMENT,
  `page_view_role_track_number` varchar(100) NOT NULL,
  `page_view_role_name` varchar(100) DEFAULT NULL,
  `page_view_role_is_default` int(5) DEFAULT '0',
  `fk_page_view_id` int(100) DEFAULT NULL,
  `fk_role_id` int(100) DEFAULT NULL,
  `page_view_role_created_date` date NOT NULL,
  `page_view_role_last_modified_date` timestamp NOT NULL DEFAULT CURRENT_TIMESTAMP,
  `page_view_role_created_by` int(100) NOT NULL,
  `page_view_role_last_modified_by` int(100) NOT NULL,
  `fk_approval_id` int(11) NOT NULL,
  `fk_status_id` int(11) NOT NULL,
  PRIMARY KEY (`page_view_role_id`),
  KEY `fk_page_view_id` (`fk_page_view_id`),
  KEY `fk_role_id` (`fk_role_id`),
  KEY `fk_approval_id` (`fk_approval_id`),
  KEY `fk_status_id` (`fk_status_id`),
  CONSTRAINT `page_view_role_ibfk_1` FOREIGN KEY (`fk_page_view_id`) REFERENCES `page_view` (`page_view_id`),
  CONSTRAINT `page_view_role_ibfk_2` FOREIGN KEY (`fk_role_id`) REFERENCES `role` (`role_id`),
  CONSTRAINT `page_view_role_ibfk_3` FOREIGN KEY (`fk_approval_id`) REFERENCES `approval` (`approval_id`),
  CONSTRAINT `page_view_role_ibfk_4` FOREIGN KEY (`fk_status_id`) REFERENCES `status` (`status_id`)
) ENGINE=InnoDB DEFAULT CHARSET=latin1;


DROP TABLE IF EXISTS `permission`;
CREATE TABLE `permission` (
  `permission_id` int(11) NOT NULL AUTO_INCREMENT,
  `permission_track_number` varchar(100) NOT NULL,
  `permission_name` varchar(100) NOT NULL,
  `permission_description` longtext NOT NULL,
  `permission_is_active` int(5) NOT NULL,
  `fk_permission_label_id` int(100) NOT NULL,
  `permission_type` int(5) NOT NULL DEFAULT '1' COMMENT 'Type 1 = Page Access, 2 = Field Access',
  `permission_field` varchar(100) NOT NULL,
  `fk_menu_id` int(100) DEFAULT NULL,
  `fk_approval_id` int(11) DEFAULT NULL,
  `fk_status_id` int(11) DEFAULT NULL,
  `permission_created_date` date DEFAULT NULL,
  `permission_created_by` int(100) DEFAULT NULL,
  `permission_deleted_at` date DEFAULT NULL,
  `permission_last_modified_date` timestamp NULL DEFAULT CURRENT_TIMESTAMP,
  `permission_last_modified_by` int(100) DEFAULT NULL,
  PRIMARY KEY (`permission_id`),
  KEY `fk_menu_id` (`fk_menu_id`),
  KEY `fk_permission_label_id` (`fk_permission_label_id`),
  KEY `fk_approval_id` (`fk_approval_id`),
  KEY `fk_status_id` (`fk_status_id`),
  CONSTRAINT `permission_ibfk_1` FOREIGN KEY (`fk_approval_id`) REFERENCES `approval` (`approval_id`) ON DELETE CASCADE,
  CONSTRAINT `permission_ibfk_4` FOREIGN KEY (`fk_menu_id`) REFERENCES `menu` (`menu_id`) ON DELETE CASCADE,
  CONSTRAINT `permission_ibfk_5` FOREIGN KEY (`fk_permission_label_id`) REFERENCES `permission_label` (`permission_label_id`) ON DELETE CASCADE,
  CONSTRAINT `permission_ibfk_6` FOREIGN KEY (`fk_approval_id`) REFERENCES `approval` (`approval_id`) ON DELETE CASCADE,
  CONSTRAINT `permission_ibfk_7` FOREIGN KEY (`fk_status_id`) REFERENCES `status` (`status_id`) ON DELETE CASCADE
) ENGINE=InnoDB DEFAULT CHARSET=latin1;

INSERT INTO `permission` (`permission_id`, `permission_track_number`, `permission_name`, `permission_description`, `permission_is_active`, `fk_permission_label_id`, `permission_type`, `permission_field`, `fk_menu_id`, `fk_approval_id`, `fk_status_id`, `permission_created_date`, `permission_created_by`, `permission_deleted_at`, `permission_last_modified_date`, `permission_last_modified_by`) VALUES
(3,	'PEON-78535',	'Create a new request',	'Create a new request',	1,	1,	1,	'0',	392,	785,	106,	'2020-03-12',	1,	NULL,	'2020-03-12 06:24:50',	1),
(4,	'PEON-66293',	'Create a user',	'Create a user',	1,	1,	1,	'0',	400,	811,	106,	'2020-03-16',	1,	NULL,	'2020-03-16 13:34:11',	1),
(685,	'PEON-11214',	'Create Approval',	'Create Approval',	1,	1,	1,	'0',	380,	1515,	106,	'2020-03-18',	1,	NULL,	'2020-03-18 06:48:04',	1),
(686,	'PEON-62124',	'Read Approval',	'Read Approval',	1,	2,	1,	'0',	380,	1516,	106,	'2020-03-18',	1,	NULL,	'2020-03-18 06:48:04',	1),
(687,	'PEON-63333',	'Update Approval',	'Update Approval',	1,	3,	1,	'0',	380,	1517,	106,	'2020-03-18',	1,	NULL,	'2020-03-18 06:48:04',	1),
(688,	'PEON-41954',	'Delete Approval',	'Delete Approval',	1,	4,	1,	'0',	380,	1518,	106,	'2020-03-18',	1,	NULL,	'2020-03-18 06:48:04',	1),
(689,	'PEON-85255',	'Create Bank',	'Create Bank',	1,	1,	1,	'0',	381,	1519,	106,	'2020-03-18',	1,	NULL,	'2020-03-18 06:48:04',	1),
(690,	'PEON-73122',	'Read Bank',	'Read Bank',	1,	2,	1,	'0',	381,	1520,	106,	'2020-03-18',	1,	NULL,	'2020-03-18 06:48:04',	1),
(691,	'PEON-72761',	'Update Bank',	'Update Bank',	1,	3,	1,	'0',	381,	1521,	106,	'2020-03-18',	1,	NULL,	'2020-03-18 06:48:04',	1),
(692,	'PEON-57964',	'Delete Bank',	'Delete Bank',	1,	4,	1,	'0',	381,	1522,	106,	'2020-03-18',	1,	NULL,	'2020-03-18 06:48:04',	1),
(693,	'PEON-65624',	'Create Budget',	'Create Budget',	1,	1,	1,	'0',	382,	1523,	106,	'2020-03-18',	1,	NULL,	'2020-03-18 06:48:04',	1),
(694,	'PEON-7764',	'Read Budget',	'Read Budget',	1,	2,	1,	'0',	382,	1524,	106,	'2020-03-18',	1,	NULL,	'2020-03-18 06:48:04',	1),
(695,	'PEON-88367',	'Update Budget',	'Update Budget',	1,	3,	1,	'0',	382,	1525,	106,	'2020-03-18',	1,	NULL,	'2020-03-18 06:48:04',	1),
(696,	'PEON-76177',	'Delete Budget',	'Delete Budget',	1,	4,	1,	'0',	382,	1526,	106,	'2020-03-18',	1,	NULL,	'2020-03-18 06:48:04',	1),
(697,	'PEON-55577',	'Create Dashboard',	'Create Dashboard',	1,	1,	1,	'0',	384,	1527,	106,	'2020-03-18',	1,	NULL,	'2020-03-18 06:48:04',	1),
(698,	'PEON-35311',	'Read Dashboard',	'Read Dashboard',	1,	2,	1,	'0',	384,	1528,	106,	'2020-03-18',	1,	NULL,	'2020-03-18 06:48:04',	1),
(699,	'PEON-54165',	'Update Dashboard',	'Update Dashboard',	1,	3,	1,	'0',	384,	1529,	106,	'2020-03-18',	1,	NULL,	'2020-03-18 06:48:04',	1),
(700,	'PEON-22873',	'Delete Dashboard',	'Delete Dashboard',	1,	4,	1,	'0',	384,	1530,	106,	'2020-03-18',	1,	NULL,	'2020-03-18 06:48:04',	1),
(701,	'PEON-42574',	'Create Funder',	'Create Funder',	1,	1,	1,	'0',	385,	1531,	106,	'2020-03-18',	1,	NULL,	'2020-03-18 06:48:04',	1),
(702,	'PEON-44347',	'Read Funder',	'Read Funder',	1,	2,	1,	'0',	385,	1532,	106,	'2020-03-18',	1,	NULL,	'2020-03-18 06:48:04',	1),
(703,	'PEON-13829',	'Update Funder',	'Update Funder',	1,	3,	1,	'0',	385,	1533,	106,	'2020-03-18',	1,	NULL,	'2020-03-18 06:48:04',	1),
(704,	'PEON-10718',	'Delete Funder',	'Delete Funder',	1,	4,	1,	'0',	385,	1534,	106,	'2020-03-18',	1,	NULL,	'2020-03-18 06:48:04',	1),
(705,	'PEON-86702',	'Create Journal',	'Create Journal',	1,	1,	1,	'0',	386,	1535,	106,	'2020-03-18',	1,	NULL,	'2020-03-18 06:48:04',	1),
(706,	'PEON-12998',	'Read Journal',	'Read Journal',	1,	2,	1,	'0',	386,	1536,	106,	'2020-03-18',	1,	NULL,	'2020-03-18 06:48:04',	1),
(707,	'PEON-82083',	'Update Journal',	'Update Journal',	1,	3,	1,	'0',	386,	1537,	106,	'2020-03-18',	1,	NULL,	'2020-03-18 06:48:04',	1),
(708,	'PEON-29525',	'Delete Journal',	'Delete Journal',	1,	4,	1,	'0',	386,	1538,	106,	'2020-03-18',	1,	NULL,	'2020-03-18 06:48:04',	1),
(709,	'PEON-64874',	'Create Permission label',	'Create Permission label',	1,	1,	1,	'0',	390,	1539,	106,	'2020-03-18',	1,	NULL,	'2020-03-18 06:48:04',	1),
(710,	'PEON-73405',	'Read Permission label',	'Read Permission label',	1,	2,	1,	'0',	390,	1540,	106,	'2020-03-18',	1,	NULL,	'2020-03-18 06:48:04',	1),
(711,	'PEON-3937',	'Update Permission label',	'Update Permission label',	1,	3,	1,	'0',	390,	1541,	106,	'2020-03-18',	1,	NULL,	'2020-03-18 06:48:04',	1),
(712,	'PEON-62069',	'Delete Permission label',	'Delete Permission label',	1,	4,	1,	'0',	390,	1542,	106,	'2020-03-18',	1,	NULL,	'2020-03-18 06:48:04',	1),
(713,	'PEON-66075',	'Create Project allocation',	'Create Project allocation',	1,	1,	1,	'0',	391,	1543,	106,	'2020-03-18',	1,	NULL,	'2020-03-18 06:48:04',	1),
(714,	'PEON-81734',	'Read Project allocation',	'Read Project allocation',	1,	2,	1,	'0',	391,	1544,	106,	'2020-03-18',	1,	NULL,	'2020-03-18 06:48:04',	1),
(715,	'PEON-37747',	'Update Project allocation',	'Update Project allocation',	1,	3,	1,	'0',	391,	1545,	106,	'2020-03-18',	1,	NULL,	'2020-03-18 06:48:04',	1),
(716,	'PEON-87402',	'Delete Project allocation',	'Delete Project allocation',	1,	4,	1,	'0',	391,	1546,	106,	'2020-03-18',	1,	NULL,	'2020-03-18 06:48:04',	1),
(717,	'PEON-9453',	'Read Request',	'Read Request',	1,	2,	1,	'0',	392,	1547,	106,	'2020-03-18',	1,	NULL,	'2020-03-18 06:48:05',	1),
(718,	'PEON-74521',	'Update Request',	'Update Request',	1,	3,	1,	'0',	392,	1548,	106,	'2020-03-18',	1,	NULL,	'2020-03-18 06:48:05',	1),
(719,	'PEON-45251',	'Delete Request',	'Delete Request',	1,	4,	1,	'0',	392,	1549,	106,	'2020-03-18',	1,	NULL,	'2020-03-18 06:48:05',	1),
(720,	'PEON-34102',	'Create Role',	'Create Role',	1,	1,	1,	'0',	393,	1550,	106,	'2020-03-18',	1,	NULL,	'2020-03-18 06:48:05',	1),
(721,	'PEON-68406',	'Read Role',	'Read Role',	1,	2,	1,	'0',	393,	1551,	106,	'2020-03-18',	1,	NULL,	'2020-03-18 06:48:05',	1),
(722,	'PEON-56895',	'Update Role',	'Update Role',	1,	3,	1,	'0',	393,	1552,	106,	'2020-03-18',	1,	NULL,	'2020-03-18 06:48:05',	1),
(723,	'PEON-50740',	'Delete Role',	'Delete Role',	1,	4,	1,	'0',	393,	1553,	106,	'2020-03-18',	1,	NULL,	'2020-03-18 06:48:05',	1),
(724,	'PEON-74179',	'Create Voucher',	'Create Voucher',	1,	1,	1,	'0',	397,	1554,	106,	'2020-03-18',	1,	NULL,	'2020-03-18 06:48:05',	1),
(725,	'PEON-27075',	'Read Voucher',	'Read Voucher',	1,	2,	1,	'0',	397,	1555,	106,	'2020-03-18',	1,	NULL,	'2020-03-18 06:48:05',	1),
(726,	'PEON-85146',	'Update Voucher',	'Update Voucher',	1,	3,	1,	'0',	397,	1556,	106,	'2020-03-18',	1,	NULL,	'2020-03-18 06:48:05',	1),
(727,	'PEON-56944',	'Delete Voucher',	'Delete Voucher',	1,	4,	1,	'0',	397,	1557,	106,	'2020-03-18',	1,	NULL,	'2020-03-18 06:48:05',	1),
(728,	'PEON-68173',	'Create Workplan',	'Create Workplan',	1,	1,	1,	'0',	398,	1558,	106,	'2020-03-18',	1,	NULL,	'2020-03-18 06:48:05',	1),
(729,	'PEON-48146',	'Read Workplan',	'Read Workplan',	1,	2,	1,	'0',	398,	1559,	106,	'2020-03-18',	1,	NULL,	'2020-03-18 06:48:05',	1),
(730,	'PEON-8204',	'Update Workplan',	'Update Workplan',	1,	3,	1,	'0',	398,	1560,	106,	'2020-03-18',	1,	NULL,	'2020-03-18 06:48:05',	1),
(731,	'PEON-66643',	'Delete Workplan',	'Delete Workplan',	1,	4,	1,	'0',	398,	1561,	106,	'2020-03-18',	1,	NULL,	'2020-03-18 06:48:05',	1),
(732,	'PEON-2713',	'Read User',	'Read User',	1,	2,	1,	'0',	400,	1562,	106,	'2020-03-18',	1,	NULL,	'2020-03-18 06:48:05',	1),
(733,	'PEON-24359',	'Update User',	'Update User',	1,	3,	1,	'0',	400,	1563,	106,	'2020-03-18',	1,	NULL,	'2020-03-18 06:48:05',	1),
(734,	'PEON-85019',	'Delete User',	'Delete User',	1,	4,	1,	'0',	400,	1564,	106,	'2020-03-18',	1,	NULL,	'2020-03-18 06:48:05',	1),
(735,	'PEON-61675',	'Create Menu user order',	'Create Menu user order',	1,	1,	1,	'0',	470,	1565,	106,	'2020-03-18',	1,	NULL,	'2020-03-18 06:48:05',	1),
(736,	'PEON-71963',	'Read Menu user order',	'Read Menu user order',	1,	2,	1,	'0',	470,	1566,	106,	'2020-03-18',	1,	NULL,	'2020-03-18 06:48:05',	1),
(737,	'PEON-81371',	'Update Menu user order',	'Update Menu user order',	1,	3,	1,	'0',	470,	1567,	106,	'2020-03-18',	1,	NULL,	'2020-03-18 06:48:05',	1),
(738,	'PEON-49166',	'Delete Menu user order',	'Delete Menu user order',	1,	4,	1,	'0',	470,	1568,	106,	'2020-03-18',	1,	NULL,	'2020-03-18 06:48:05',	1),
(739,	'PEON-3498',	'Create Bank branch',	'Create Bank branch',	1,	1,	1,	'0',	478,	1569,	106,	'2020-03-18',	1,	NULL,	'2020-03-18 06:48:05',	1),
(740,	'PEON-22047',	'Read Bank branch',	'Read Bank branch',	1,	2,	1,	'0',	478,	1570,	106,	'2020-03-18',	1,	NULL,	'2020-03-18 06:48:05',	1),
(741,	'PEON-43849',	'Update Bank branch',	'Update Bank branch',	1,	3,	1,	'0',	478,	1571,	106,	'2020-03-18',	1,	NULL,	'2020-03-18 06:48:05',	1),
(742,	'PEON-21114',	'Delete Bank branch',	'Delete Bank branch',	1,	4,	1,	'0',	478,	1572,	106,	'2020-03-18',	1,	NULL,	'2020-03-18 06:48:05',	1),
(743,	'PEON-40749',	'Create Department',	'Create Department',	1,	1,	1,	'0',	480,	1573,	106,	'2020-03-18',	1,	NULL,	'2020-03-18 06:48:05',	1),
(744,	'PEON-1456',	'Read Department',	'Read Department',	1,	2,	1,	'0',	480,	1574,	106,	'2020-03-18',	1,	NULL,	'2020-03-18 06:48:05',	1),
(745,	'PEON-71627',	'Update Department',	'Update Department',	1,	3,	1,	'0',	480,	1575,	106,	'2020-03-18',	1,	NULL,	'2020-03-18 06:48:05',	1),
(746,	'PEON-59245',	'Delete Department',	'Delete Department',	1,	4,	1,	'0',	480,	1576,	106,	'2020-03-18',	1,	NULL,	'2020-03-18 06:48:05',	1),
(747,	'PEON-19299',	'Create Designation',	'Create Designation',	1,	1,	1,	'0',	481,	1577,	106,	'2020-03-18',	1,	NULL,	'2020-03-18 06:48:05',	1),
(748,	'PEON-52868',	'Read Designation',	'Read Designation',	1,	2,	1,	'0',	481,	1578,	106,	'2020-03-18',	1,	NULL,	'2020-03-18 06:48:05',	1),
(749,	'PEON-88205',	'Update Designation',	'Update Designation',	1,	3,	1,	'0',	481,	1579,	106,	'2020-03-18',	1,	NULL,	'2020-03-18 06:48:05',	1),
(750,	'PEON-50432',	'Delete Designation',	'Delete Designation',	1,	4,	1,	'0',	481,	1580,	106,	'2020-03-18',	1,	NULL,	'2020-03-18 06:48:05',	1),
(751,	'PEON-89269',	'Create Expense account',	'Create Expense account',	1,	1,	1,	'0',	482,	1581,	106,	'2020-03-18',	1,	NULL,	'2020-03-18 06:48:05',	1),
(752,	'PEON-79782',	'Read Expense account',	'Read Expense account',	1,	2,	1,	'0',	482,	1582,	106,	'2020-03-18',	1,	NULL,	'2020-03-18 06:48:05',	1),
(753,	'PEON-20558',	'Update Expense account',	'Update Expense account',	1,	3,	1,	'0',	482,	1583,	106,	'2020-03-18',	1,	NULL,	'2020-03-18 06:48:05',	1),
(754,	'PEON-73445',	'Delete Expense account',	'Delete Expense account',	1,	4,	1,	'0',	482,	1584,	106,	'2020-03-18',	1,	NULL,	'2020-03-18 06:48:05',	1),
(755,	'PEON-52718',	'Create Funding status',	'Create Funding status',	1,	1,	1,	'0',	483,	1585,	106,	'2020-03-18',	1,	NULL,	'2020-03-18 06:48:05',	1),
(756,	'PEON-72491',	'Read Funding status',	'Read Funding status',	1,	2,	1,	'0',	483,	1586,	106,	'2020-03-18',	1,	NULL,	'2020-03-18 06:48:05',	1),
(757,	'PEON-77484',	'Update Funding status',	'Update Funding status',	1,	3,	1,	'0',	483,	1587,	106,	'2020-03-18',	1,	NULL,	'2020-03-18 06:48:05',	1),
(758,	'PEON-52307',	'Delete Funding status',	'Delete Funding status',	1,	4,	1,	'0',	483,	1588,	106,	'2020-03-18',	1,	NULL,	'2020-03-18 06:48:05',	1),
(759,	'PEON-63610',	'Create Project',	'Create Project',	1,	1,	1,	'0',	490,	1589,	106,	'2020-03-18',	1,	NULL,	'2020-03-18 06:48:05',	1),
(760,	'PEON-12695',	'Read Project',	'Read Project',	1,	2,	1,	'0',	490,	1590,	106,	'2020-03-18',	1,	NULL,	'2020-03-18 06:48:05',	1),
(761,	'PEON-72020',	'Update Project',	'Update Project',	1,	3,	1,	'0',	490,	1591,	106,	'2020-03-18',	1,	NULL,	'2020-03-18 06:48:05',	1),
(762,	'PEON-7211',	'Delete Project',	'Delete Project',	1,	4,	1,	'0',	490,	1592,	106,	'2020-03-18',	1,	NULL,	'2020-03-18 06:48:05',	1),
(767,	'PEON-86501',	'Create Page view',	'Create Page view',	1,	1,	1,	'0',	492,	1597,	106,	'2020-03-18',	1,	NULL,	'2020-03-18 06:48:05',	1),
(768,	'PEON-35470',	'Read Page view',	'Read Page view',	1,	2,	1,	'0',	492,	1598,	106,	'2020-03-18',	1,	NULL,	'2020-03-18 06:48:05',	1),
(769,	'PEON-27847',	'Update Page view',	'Update Page view',	1,	3,	1,	'0',	492,	1599,	106,	'2020-03-18',	1,	NULL,	'2020-03-18 06:48:05',	1),
(770,	'PEON-10705',	'Delete Page view',	'Delete Page view',	1,	4,	1,	'0',	492,	1600,	106,	'2020-03-18',	1,	NULL,	'2020-03-18 06:48:05',	1),
(771,	'PEON-39490',	'Create Request type',	'Create Request type',	1,	1,	1,	'0',	496,	1601,	106,	'2020-03-18',	1,	NULL,	'2020-03-18 06:48:05',	1),
(772,	'PEON-89498',	'Read Request type',	'Read Request type',	1,	2,	1,	'0',	496,	1602,	106,	'2020-03-18',	1,	NULL,	'2020-03-18 06:48:05',	1),
(773,	'PEON-67081',	'Update Request type',	'Update Request type',	1,	3,	1,	'0',	496,	1603,	106,	'2020-03-18',	1,	NULL,	'2020-03-18 06:48:05',	1),
(774,	'PEON-33406',	'Delete Request type',	'Delete Request type',	1,	4,	1,	'0',	496,	1604,	106,	'2020-03-18',	1,	NULL,	'2020-03-18 06:48:05',	1),
(775,	'PEON-48679',	'Create Language',	'Create Language',	1,	1,	1,	'0',	497,	1605,	106,	'2020-03-18',	1,	NULL,	'2020-03-18 06:48:05',	1),
(776,	'PEON-72158',	'Read Language',	'Read Language',	1,	2,	1,	'0',	497,	1606,	106,	'2020-03-18',	1,	NULL,	'2020-03-18 06:48:05',	1),
(777,	'PEON-89239',	'Update Language',	'Update Language',	1,	3,	1,	'0',	497,	1607,	106,	'2020-03-18',	1,	NULL,	'2020-03-18 06:48:05',	1),
(778,	'PEON-32512',	'Delete Language',	'Delete Language',	1,	4,	1,	'0',	497,	1608,	106,	'2020-03-18',	1,	NULL,	'2020-03-18 06:48:05',	1),
(779,	'PEON-12086',	'Create Setting',	'Create Setting',	1,	1,	1,	'0',	498,	1609,	106,	'2020-03-18',	1,	NULL,	'2020-03-18 06:48:05',	1),
(780,	'PEON-2024',	'Read Setting',	'Read Setting',	1,	2,	1,	'0',	498,	1610,	106,	'2020-03-18',	1,	NULL,	'2020-03-18 06:48:05',	1),
(781,	'PEON-43195',	'Update Setting',	'Update Setting',	1,	3,	1,	'0',	498,	1611,	106,	'2020-03-18',	1,	NULL,	'2020-03-18 06:48:05',	1),
(782,	'PEON-24047',	'Delete Setting',	'Delete Setting',	1,	4,	1,	'0',	498,	1612,	106,	'2020-03-18',	1,	NULL,	'2020-03-18 06:48:05',	1),
(783,	'PEON-67903',	'Create Income account',	'Create Income account',	1,	1,	1,	'0',	500,	1613,	106,	'2020-03-18',	1,	NULL,	'2020-03-18 06:48:05',	1),
(784,	'PEON-28948',	'Read Income account',	'Read Income account',	1,	2,	1,	'0',	500,	1614,	106,	'2020-03-18',	1,	NULL,	'2020-03-18 06:48:05',	1),
(785,	'PEON-21578',	'Update Income account',	'Update Income account',	1,	3,	1,	'0',	500,	1615,	106,	'2020-03-18',	1,	NULL,	'2020-03-18 06:48:05',	1),
(786,	'PEON-77110',	'Delete Income account',	'Delete Income account',	1,	4,	1,	'0',	500,	1616,	106,	'2020-03-18',	1,	NULL,	'2020-03-18 06:48:05',	1),
(787,	'PEON-76513',	'Create Office',	'Create Office',	1,	1,	1,	'0',	521,	1617,	106,	'2020-03-18',	1,	NULL,	'2020-03-18 06:48:05',	1),
(788,	'PEON-4959',	'Read Office',	'Read Office',	1,	2,	1,	'0',	521,	1618,	106,	'2020-03-18',	1,	NULL,	'2020-03-18 06:48:05',	1),
(789,	'PEON-63979',	'Update Office',	'Update Office',	1,	3,	1,	'0',	521,	1619,	106,	'2020-03-18',	1,	NULL,	'2020-03-18 06:48:05',	1),
(790,	'PEON-78974',	'Delete Office',	'Delete Office',	1,	4,	1,	'0',	521,	1620,	106,	'2020-03-18',	1,	NULL,	'2020-03-18 06:48:05',	1),
(791,	'PEON-3836',	'Create Office bank',	'Create Office bank',	1,	1,	1,	'0',	522,	1621,	106,	'2020-03-18',	1,	NULL,	'2020-03-18 06:48:05',	1),
(792,	'PEON-19347',	'Read Office bank',	'Read Office bank',	1,	2,	1,	'0',	522,	1622,	106,	'2020-03-18',	1,	NULL,	'2020-03-18 06:48:05',	1),
(793,	'PEON-41556',	'Update Office bank',	'Update Office bank',	1,	3,	1,	'0',	522,	1623,	106,	'2020-03-18',	1,	NULL,	'2020-03-18 06:48:05',	1),
(794,	'PEON-35950',	'Delete Office bank',	'Delete Office bank',	1,	4,	1,	'0',	522,	1624,	106,	'2020-03-18',	1,	NULL,	'2020-03-18 06:48:05',	1),
(795,	'PEON-27736',	'Create Context definition',	'Create Context definition',	1,	1,	1,	'0',	523,	1625,	106,	'2020-03-18',	1,	NULL,	'2020-03-18 06:48:05',	1),
(796,	'PEON-79654',	'Read Context definition',	'Read Context definition',	1,	2,	1,	'0',	523,	1626,	106,	'2020-03-18',	1,	NULL,	'2020-03-18 06:48:05',	1),
(797,	'PEON-38128',	'Update Context definition',	'Update Context definition',	1,	3,	1,	'0',	523,	1627,	106,	'2020-03-18',	1,	NULL,	'2020-03-18 06:48:05',	1),
(798,	'PEON-65662',	'Delete Context definition',	'Delete Context definition',	1,	4,	1,	'0',	523,	1628,	106,	'2020-03-18',	1,	NULL,	'2020-03-18 06:48:05',	1),
(799,	'PEON-55805',	'Create Cheque book',	'Create Cheque book',	1,	1,	1,	'0',	525,	1629,	106,	'2020-03-18',	1,	NULL,	'2020-03-18 06:48:05',	1),
(800,	'PEON-9789',	'Read Cheque book',	'Read Cheque book',	1,	2,	1,	'0',	525,	1630,	106,	'2020-03-18',	1,	NULL,	'2020-03-18 06:48:05',	1),
(801,	'PEON-33745',	'Update Cheque book',	'Update Cheque book',	1,	3,	1,	'0',	525,	1631,	106,	'2020-03-18',	1,	NULL,	'2020-03-18 06:48:05',	1),
(802,	'PEON-41637',	'Delete Cheque book',	'Delete Cheque book',	1,	4,	1,	'0',	525,	1632,	106,	'2020-03-18',	1,	NULL,	'2020-03-18 06:48:05',	1),
(803,	'PEON-38822',	'Create Financial report',	'Create Financial report',	1,	1,	1,	'0',	526,	1633,	106,	'2020-03-18',	1,	NULL,	'2020-03-18 06:48:05',	1),
(804,	'PEON-38242',	'Read Financial report',	'Read Financial report',	1,	2,	1,	'0',	526,	1634,	106,	'2020-03-18',	1,	NULL,	'2020-03-18 06:48:05',	1),
(805,	'PEON-29116',	'Update Financial report',	'Update Financial report',	1,	3,	1,	'0',	526,	1635,	106,	'2020-03-18',	1,	NULL,	'2020-03-18 06:48:05',	1),
(806,	'PEON-49924',	'Delete Financial report',	'Delete Financial report',	1,	4,	1,	'0',	526,	1636,	106,	'2020-03-18',	1,	NULL,	'2020-03-18 06:48:05',	1),
(807,	'PEON-29760',	'Create Voucher type account',	'Create Voucher type account',	1,	1,	1,	'0',	527,	1637,	106,	'2020-03-18',	1,	NULL,	'2020-03-18 06:48:05',	1),
(808,	'PEON-35724',	'Read Voucher type account',	'Read Voucher type account',	1,	2,	1,	'0',	527,	1638,	106,	'2020-03-18',	1,	NULL,	'2020-03-18 06:48:05',	1),
(809,	'PEON-85061',	'Update Voucher type account',	'Update Voucher type account',	1,	3,	1,	'0',	527,	1639,	106,	'2020-03-18',	1,	NULL,	'2020-03-18 06:48:05',	1),
(810,	'PEON-23631',	'Delete Voucher type account',	'Delete Voucher type account',	1,	4,	1,	'0',	527,	1640,	106,	'2020-03-18',	1,	NULL,	'2020-03-18 06:48:05',	1),
(811,	'PEON-53401',	'Create Voucher type effect',	'Create Voucher type effect',	1,	1,	1,	'0',	528,	1641,	106,	'2020-03-18',	1,	NULL,	'2020-03-18 06:48:05',	1),
(812,	'PEON-33014',	'Read Voucher type effect',	'Read Voucher type effect',	1,	2,	1,	'0',	528,	1642,	106,	'2020-03-18',	1,	NULL,	'2020-03-18 06:48:05',	1),
(813,	'PEON-76496',	'Update Voucher type effect',	'Update Voucher type effect',	1,	3,	1,	'0',	528,	1643,	106,	'2020-03-18',	1,	NULL,	'2020-03-18 06:48:05',	1),
(814,	'PEON-59865',	'Delete Voucher type effect',	'Delete Voucher type effect',	1,	4,	1,	'0',	528,	1644,	106,	'2020-03-18',	1,	NULL,	'2020-03-18 06:48:05',	1),
(815,	'PEON-54904',	'Create Voucher type',	'Create Voucher type',	1,	1,	1,	'0',	529,	1645,	106,	'2020-03-18',	1,	NULL,	'2020-03-18 06:48:05',	1),
(816,	'PEON-79477',	'Read Voucher type',	'Read Voucher type',	1,	2,	1,	'0',	529,	1646,	106,	'2020-03-18',	1,	NULL,	'2020-03-18 06:48:05',	1),
(817,	'PEON-42831',	'Update Voucher type',	'Update Voucher type',	1,	3,	1,	'0',	529,	1647,	106,	'2020-03-18',	1,	NULL,	'2020-03-18 06:48:05',	1),
(818,	'PEON-82929',	'Delete Voucher type',	'Delete Voucher type',	1,	4,	1,	'0',	529,	1648,	106,	'2020-03-18',	1,	NULL,	'2020-03-18 06:48:05',	1),
(819,	'PEON-38249',	'Create Bank contra account',	'Create Bank contra account',	1,	1,	1,	'0',	531,	1649,	106,	'2020-03-18',	1,	NULL,	'2020-03-18 06:48:05',	1),
(820,	'PEON-62910',	'Read Bank contra account',	'Read Bank contra account',	1,	2,	1,	'0',	531,	1650,	106,	'2020-03-18',	1,	NULL,	'2020-03-18 06:48:05',	1),
(821,	'PEON-14237',	'Update Bank contra account',	'Update Bank contra account',	1,	3,	1,	'0',	531,	1651,	106,	'2020-03-18',	1,	NULL,	'2020-03-18 06:48:05',	1),
(822,	'PEON-80188',	'Delete Bank contra account',	'Delete Bank contra account',	1,	4,	1,	'0',	531,	1652,	106,	'2020-03-18',	1,	NULL,	'2020-03-18 06:48:05',	1),
(823,	'PEON-88183',	'Create Cash contra account',	'Create Cash contra account',	1,	1,	1,	'0',	532,	1653,	106,	'2020-03-18',	1,	NULL,	'2020-03-18 06:48:05',	1),
(824,	'PEON-88009',	'Read Cash contra account',	'Read Cash contra account',	1,	2,	1,	'0',	532,	1654,	106,	'2020-03-18',	1,	NULL,	'2020-03-18 06:48:05',	1),
(825,	'PEON-48046',	'Update Cash contra account',	'Update Cash contra account',	1,	3,	1,	'0',	532,	1655,	106,	'2020-03-18',	1,	NULL,	'2020-03-18 06:48:05',	1),
(826,	'PEON-29266',	'Delete Cash contra account',	'Delete Cash contra account',	1,	4,	1,	'0',	532,	1656,	106,	'2020-03-18',	1,	NULL,	'2020-03-18 06:48:05',	1),
(831,	'PEON-57906',	'Create Month',	'Create Month',	1,	1,	1,	'0',	535,	1661,	106,	'2020-03-18',	1,	NULL,	'2020-03-18 06:48:05',	1),
(832,	'PEON-17161',	'Read Month',	'Read Month',	1,	2,	1,	'0',	535,	1662,	106,	'2020-03-18',	1,	NULL,	'2020-03-18 06:48:05',	1),
(833,	'PEON-50597',	'Update Month',	'Update Month',	1,	3,	1,	'0',	535,	1663,	106,	'2020-03-18',	1,	NULL,	'2020-03-18 06:48:05',	1),
(834,	'PEON-50679',	'Delete Month',	'Delete Month',	1,	4,	1,	'0',	535,	1664,	106,	'2020-03-18',	1,	NULL,	'2020-03-18 06:48:05',	1),
(835,	'PEON-37608',	'Create Account system',	'Create Account system',	1,	1,	1,	'0',	542,	1665,	106,	'2020-03-18',	1,	NULL,	'2020-03-18 06:48:05',	1),
(836,	'PEON-71065',	'Read Account system',	'Read Account system',	1,	2,	1,	'0',	542,	1666,	106,	'2020-03-18',	1,	NULL,	'2020-03-18 06:48:05',	1),
(837,	'PEON-15743',	'Update Account system',	'Update Account system',	1,	3,	1,	'0',	542,	1667,	106,	'2020-03-18',	1,	NULL,	'2020-03-18 06:48:05',	1),
(838,	'PEON-19537',	'Delete Account system',	'Delete Account system',	1,	4,	1,	'0',	542,	1668,	106,	'2020-03-18',	1,	NULL,	'2020-03-18 06:48:05',	1),
(839,	'PEON-42397',	'Create Request conversion',	'Create Request conversion',	1,	1,	1,	'0',	545,	1669,	106,	'2020-03-18',	1,	NULL,	'2020-03-18 06:48:05',	1),
(840,	'PEON-80978',	'Read Request conversion',	'Read Request conversion',	1,	2,	1,	'0',	545,	1670,	106,	'2020-03-18',	1,	NULL,	'2020-03-18 06:48:05',	1),
(841,	'PEON-9312',	'Update Request conversion',	'Update Request conversion',	1,	3,	1,	'0',	545,	1671,	106,	'2020-03-18',	1,	NULL,	'2020-03-18 06:48:05',	1),
(842,	'PEON-61256',	'Delete Request conversion',	'Delete Request conversion',	1,	4,	1,	'0',	545,	1672,	106,	'2020-03-18',	1,	NULL,	'2020-03-18 06:48:05',	1),
(843,	'PEON-63168',	'Create Budget item',	'Create Budget item',	1,	1,	1,	'0',	547,	1673,	106,	'2020-03-18',	1,	NULL,	'2020-03-18 06:48:05',	1),
(844,	'PEON-40827',	'Read Budget item',	'Read Budget item',	1,	2,	1,	'0',	547,	1674,	106,	'2020-03-18',	1,	NULL,	'2020-03-18 06:48:05',	1),
(845,	'PEON-82124',	'Update Budget item',	'Update Budget item',	1,	3,	1,	'0',	547,	1675,	106,	'2020-03-18',	1,	NULL,	'2020-03-18 06:48:05',	1),
(846,	'PEON-67466',	'Delete Budget item',	'Delete Budget item',	1,	4,	1,	'0',	547,	1676,	106,	'2020-03-18',	1,	NULL,	'2020-03-18 06:48:05',	1),
(847,	'PEON-31017',	'Create Approve item',	'Create Approve item',	1,	1,	1,	'0',	550,	1677,	106,	'2020-03-18',	1,	NULL,	'2020-03-18 06:48:05',	1),
(848,	'PEON-41258',	'Read Approve item',	'Read Approve item',	1,	2,	1,	'0',	550,	1678,	106,	'2020-03-18',	1,	NULL,	'2020-03-18 06:48:05',	1),
(849,	'PEON-56908',	'Update Approve item',	'Update Approve item',	1,	3,	1,	'0',	550,	1679,	106,	'2020-03-18',	1,	NULL,	'2020-03-18 06:48:05',	1),
(850,	'PEON-58370',	'Delete Approve item',	'Delete Approve item',	1,	4,	1,	'0',	550,	1680,	106,	'2020-03-18',	1,	NULL,	'2020-03-18 06:48:05',	1);

DROP TABLE IF EXISTS `permission_label`;
CREATE TABLE `permission_label` (
  `permission_label_id` int(100) NOT NULL AUTO_INCREMENT,
  `permission_label_track_number` varchar(100) NOT NULL,
  `permission_label_name` varchar(100) NOT NULL,
  `permission_label_description` varchar(100) NOT NULL,
  `permission_label_depth` int(10) NOT NULL,
  `fk_approval_id` int(100) NOT NULL,
  `fk_status_id` int(100) NOT NULL,
  `permission_label_created_date` date NOT NULL,
  `permission_label_created_by` int(100) NOT NULL,
  `permission_label_last_modified_date` timestamp NOT NULL DEFAULT CURRENT_TIMESTAMP,
  `permission_label_last_modified_by` int(100) NOT NULL,
  PRIMARY KEY (`permission_label_id`)
) ENGINE=InnoDB DEFAULT CHARSET=latin1;

INSERT INTO `permission_label` (`permission_label_id`, `permission_label_track_number`, `permission_label_name`, `permission_label_description`, `permission_label_depth`, `fk_approval_id`, `fk_status_id`, `permission_label_created_date`, `permission_label_created_by`, `permission_label_last_modified_date`, `permission_label_last_modified_by`) VALUES
(1,	'PBL-56069',	'create',	'Mark all permissions used to create a new record',	2,	120,	105,	'2019-11-06',	1,	'2019-11-06 12:48:54',	1),
(2,	'PBL-32200',	'read',	'Mark all permissions used to read a record',	1,	121,	105,	'2019-11-06',	1,	'2019-11-06 12:51:56',	1),
(3,	'PBL-37242',	'update',	'Mark all permissions for updating a record',	3,	122,	105,	'2019-11-06',	1,	'2019-11-06 12:52:25',	1),
(4,	'PBL-14166',	'delete',	'Mark all permissions used to delete a record',	4,	123,	105,	'2019-11-06',	1,	'2019-11-06 12:52:43',	1);

DROP TABLE IF EXISTS `project`;
CREATE TABLE `project` (
  `project_id` int(100) NOT NULL AUTO_INCREMENT,
  `project_track_number` varchar(100) DEFAULT NULL,
  `project_name` varchar(100) DEFAULT NULL,
  `project_code` varchar(10) NOT NULL,
  `project_description` varchar(100) DEFAULT NULL,
  `project_start_date` date NOT NULL,
  `project_end_date` date NOT NULL,
  `fk_funder_id` int(100) NOT NULL,
  `project_cost` double(10,2) NOT NULL,
  `fk_funding_status_id` int(100) DEFAULT NULL,
  `project_created_by` int(100) NOT NULL,
  `project_last_modified_by` int(100) NOT NULL,
  `project_created_date` date NOT NULL,
  `project_last_modified_date` date NOT NULL,
  `fk_approval_id` int(100) DEFAULT NULL,
  `fk_status_id` int(100) DEFAULT NULL,
  PRIMARY KEY (`project_id`),
  KEY `fk_project_id_funder_id_idx` (`fk_funder_id`),
  KEY `fk_project_funding_status1_idx` (`fk_funding_status_id`),
  CONSTRAINT `fk_project_funding_status1` FOREIGN KEY (`fk_funding_status_id`) REFERENCES `funding_status` (`funding_status_id`) ON DELETE NO ACTION ON UPDATE NO ACTION,
  CONSTRAINT `fk_project_id_funder_id` FOREIGN KEY (`fk_funder_id`) REFERENCES `funder` (`funder_id`) ON DELETE NO ACTION ON UPDATE CASCADE
) ENGINE=InnoDB DEFAULT CHARSET=latin1 COMMENT='A project is a single funded proposal that need to be implemented and reported as a unit. It''s related to single funder\n ';

INSERT INTO `project` (`project_id`, `project_track_number`, `project_name`, `project_code`, `project_description`, `project_start_date`, `project_end_date`, `fk_funder_id`, `project_cost`, `fk_funding_status_id`, `project_created_by`, `project_last_modified_by`, `project_created_date`, `project_last_modified_date`, `fk_approval_id`, `fk_status_id`) VALUES
(1,	'PRCT-78625',	'WASH',	'WESH-001',	'Wash Project for Central Kenya',	'2020-01-01',	'2022-12-31',	1,	14500000.00,	1,	1,	1,	'2020-03-19',	'0000-00-00',	1716,	139),
(2,	'PRCT-88823',	'Girl Child Education',	'GSE-002',	'This is a fund for girl child scholarship',	'2020-02-01',	'2023-10-31',	1,	25000000.00,	1,	1,	1,	'2020-03-19',	'0000-00-00',	1717,	139),
(3,	'PRCT-22039',	'Women Empowerment Fund',	'WEF-003',	'Women Empowerment Fund',	'2019-11-01',	'2022-07-27',	2,	12500000.00,	1,	1,	1,	'2020-03-19',	'0000-00-00',	1718,	139);

DROP TABLE IF EXISTS `project_allocation`;
CREATE TABLE `project_allocation` (
  `project_allocation_id` int(100) NOT NULL AUTO_INCREMENT,
  `project_allocation_track_number` varchar(100) DEFAULT NULL,
  `fk_project_id` int(100) DEFAULT NULL,
  `project_allocation_name` varchar(100) DEFAULT NULL,
  `project_allocation_amount` decimal(10,2) DEFAULT NULL,
  `project_allocation_is_active` int(5) DEFAULT NULL,
  `fk_office_id` int(100) DEFAULT NULL,
  `fk_status_id` int(11) DEFAULT NULL,
  `fk_approval_id` int(11) DEFAULT NULL,
  `project_allocation_extended_end_date` date DEFAULT NULL,
  `project_allocation_created_date` date DEFAULT NULL,
  `project_allocation_last_modified_date` varchar(45) DEFAULT NULL,
  `project_allocation_created_by` int(100) DEFAULT NULL,
  `project_allocation_last_modified_by` int(100) DEFAULT NULL,
  PRIMARY KEY (`project_allocation_id`),
  KEY `fk_project_id` (`fk_project_id`),
  KEY `fk_center_id` (`fk_office_id`),
  KEY `fk_status_id` (`fk_status_id`),
  KEY `fk_approval_id` (`fk_approval_id`),
  CONSTRAINT `project_allocation_ibfk_1` FOREIGN KEY (`fk_project_id`) REFERENCES `project` (`project_id`),
  CONSTRAINT `project_allocation_ibfk_2` FOREIGN KEY (`fk_office_id`) REFERENCES `office` (`office_id`),
  CONSTRAINT `project_allocation_ibfk_3` FOREIGN KEY (`fk_status_id`) REFERENCES `status` (`status_id`),
  CONSTRAINT `project_allocation_ibfk_4` FOREIGN KEY (`fk_approval_id`) REFERENCES `approval` (`approval_id`)
) ENGINE=InnoDB DEFAULT CHARSET=latin1;


DROP TABLE IF EXISTS `project_allocation_detail`;
CREATE TABLE `project_allocation_detail` (
  `project_allocation_detail_id` int(11) NOT NULL,
  `project_allocation_detail_track_number` varchar(100) NOT NULL,
  `project_allocation_detail_name` varchar(100) NOT NULL,
  `fk_project_allocation_id` int(100) NOT NULL,
  `project_allocation_detail_month` date NOT NULL,
  `project_allocation_detail_amount` decimal(10,2) NOT NULL,
  `project_allocation_detail_created_date` date DEFAULT NULL,
  `project_allocation_detail_created_by` int(100) DEFAULT NULL,
  `project_allocation_detail_last_modified_by` int(100) DEFAULT NULL,
  `project_allocation_detail_last_modified_date` date DEFAULT NULL,
  `fk_approval_id` int(100) DEFAULT NULL,
  `fk_status_id` int(100) DEFAULT NULL,
  KEY `fk_project_allocation_id` (`fk_project_allocation_id`),
  CONSTRAINT `project_allocation_detail_ibfk_1` FOREIGN KEY (`fk_project_allocation_id`) REFERENCES `project_allocation` (`project_allocation_id`)
) ENGINE=InnoDB DEFAULT CHARSET=latin1;


DROP TABLE IF EXISTS `project_cost_proportion`;
CREATE TABLE `project_cost_proportion` (
  `project_cost_proportion_id` int(11) NOT NULL,
  `voucher_detail_id` int(100) DEFAULT NULL,
  `amount` varchar(45) DEFAULT NULL,
  `created_by` varchar(45) DEFAULT NULL,
  `created_date` varchar(45) DEFAULT NULL,
  `last_modified_by` varchar(45) DEFAULT NULL,
  `last_modified_date` varchar(45) DEFAULT NULL,
  `center_project_allocation_id` int(100) DEFAULT NULL,
  PRIMARY KEY (`project_cost_proportion_id`),
  KEY `voucher_detail_id` (`voucher_detail_id`),
  CONSTRAINT `project_cost_proportion_ibfk_1` FOREIGN KEY (`voucher_detail_id`) REFERENCES `voucher_detail` (`voucher_detail_id`)
) ENGINE=InnoDB DEFAULT CHARSET=latin1;


DROP TABLE IF EXISTS `reconciliation`;
CREATE TABLE `reconciliation` (
  `reconciliation_id` int(100) NOT NULL AUTO_INCREMENT,
  `reconciliation_track_number` varchar(100) DEFAULT NULL,
  `reconciliation_name` varchar(100) DEFAULT NULL,
  `fk_office_id` int(100) DEFAULT NULL,
  `reconciliation_reporting_month` date DEFAULT NULL,
  `financial_report_is_submitted` int(5) DEFAULT '0',
  `fk_status_id` int(5) DEFAULT NULL,
  `reconciliation_statement_amount` decimal(10,2) DEFAULT NULL,
  `reconciliation_suspense_amount` decimal(10,2) DEFAULT NULL,
  `reconciliation_created_by` int(100) DEFAULT NULL,
  `reconciliation_created_date` date DEFAULT NULL,
  `reconciliation_last_modified_by` int(100) DEFAULT NULL,
  `reconciliation_last_modified_date` date DEFAULT NULL,
  `fk_approval_id` int(100) DEFAULT NULL,
  PRIMARY KEY (`reconciliation_id`),
  KEY `fk_reconciliation_center1_idx` (`fk_office_id`),
  KEY `financial_report_is_submitted` (`financial_report_is_submitted`),
  CONSTRAINT `fk_reconciliation_center1` FOREIGN KEY (`fk_office_id`) REFERENCES `office` (`office_id`) ON DELETE NO ACTION ON UPDATE NO ACTION,
  CONSTRAINT `reconciliation_ibfk_1` FOREIGN KEY (`financial_report_is_submitted`) REFERENCES `financial_report` (`financial_report_id`)
) ENGINE=InnoDB DEFAULT CHARSET=latin1;


DROP TABLE IF EXISTS `request`;
CREATE TABLE `request` (
  `request_id` int(100) NOT NULL AUTO_INCREMENT,
  `request_track_number` varchar(100) DEFAULT NULL,
  `request_name` varchar(100) DEFAULT NULL,
  `fk_request_type_id` int(11) DEFAULT '1',
  `fk_status_id` int(11) DEFAULT '0',
  `fk_office_id` int(100) DEFAULT NULL,
  `fk_approval_id` int(11) DEFAULT NULL,
  `request_date` date DEFAULT NULL,
  `request_description` varchar(100) DEFAULT NULL,
  `fk_department_id` int(100) NOT NULL,
  `request_created_date` date DEFAULT NULL,
  `request_created_by` varchar(45) DEFAULT NULL,
  `request_last_modified_by` varchar(45) DEFAULT NULL,
  `request_last_modified_date` timestamp NOT NULL DEFAULT CURRENT_TIMESTAMP ON UPDATE CURRENT_TIMESTAMP,
  `request_deleted_at` date DEFAULT NULL,
  PRIMARY KEY (`request_id`),
  KEY `fk_request_center2_idx` (`fk_office_id`),
  KEY `fk_approval_id` (`fk_approval_id`),
  KEY `fk_department_id` (`fk_department_id`),
  KEY `fk_status_id` (`fk_status_id`),
  KEY `fk_requuest_type_id` (`fk_request_type_id`),
  CONSTRAINT `fk_request_center2` FOREIGN KEY (`fk_office_id`) REFERENCES `office` (`office_id`) ON DELETE NO ACTION ON UPDATE NO ACTION,
  CONSTRAINT `request_ibfk_2` FOREIGN KEY (`fk_approval_id`) REFERENCES `approval` (`approval_id`) ON DELETE CASCADE,
  CONSTRAINT `request_ibfk_3` FOREIGN KEY (`fk_department_id`) REFERENCES `department` (`department_id`),
  CONSTRAINT `request_ibfk_4` FOREIGN KEY (`fk_status_id`) REFERENCES `status` (`status_id`),
  CONSTRAINT `request_ibfk_5` FOREIGN KEY (`fk_request_type_id`) REFERENCES `request_type` (`request_type_id`)
) ENGINE=InnoDB DEFAULT CHARSET=latin1;

INSERT INTO `request` (`request_id`, `request_track_number`, `request_name`, `fk_request_type_id`, `fk_status_id`, `fk_office_id`, `fk_approval_id`, `request_date`, `request_description`, `fk_department_id`, `request_created_date`, `request_created_by`, `request_last_modified_by`, `request_last_modified_date`, `request_deleted_at`) VALUES
(4,	'REST-20932',	'Request # REST-50648',	2,	111,	18,	792,	'2020-03-12',	'This is a test request',	3,	NULL,	NULL,	NULL,	'2020-03-12 19:39:41',	NULL);

DROP TABLE IF EXISTS `request_conversion`;
CREATE TABLE `request_conversion` (
  `request_conversion_id` int(100) NOT NULL AUTO_INCREMENT,
  `request_conversion_name` varchar(100) NOT NULL,
  `request_conversion_track_number` varchar(100) NOT NULL,
  `fk_account_system_id` int(100) NOT NULL,
  `conversion_status_id` int(100) NOT NULL,
  `request_conversion_created_date` date DEFAULT NULL,
  `request_conversion_created_by` int(100) DEFAULT NULL,
  `request_conversion_last_modified_by` int(100) DEFAULT NULL,
  `request_conversion_last_modified_date` date DEFAULT NULL,
  `fk_approval_id` int(100) DEFAULT NULL,
  `fk_status_id` int(100) DEFAULT NULL,
  PRIMARY KEY (`request_conversion_id`),
  KEY `fk_account_system_id` (`fk_account_system_id`),
  KEY `conversion_status_id` (`conversion_status_id`),
  CONSTRAINT `request_conversion_ibfk_1` FOREIGN KEY (`fk_account_system_id`) REFERENCES `account_system` (`account_system_id`),
  CONSTRAINT `request_conversion_ibfk_2` FOREIGN KEY (`conversion_status_id`) REFERENCES `status` (`status_id`)
) ENGINE=InnoDB DEFAULT CHARSET=latin1;


DROP TABLE IF EXISTS `request_detail`;
CREATE TABLE `request_detail` (
  `request_detail_id` int(100) NOT NULL AUTO_INCREMENT,
  `request_detail_track_number` varchar(100) DEFAULT NULL,
  `request_detail_name` varchar(100) DEFAULT NULL,
  `fk_request_id` int(100) DEFAULT NULL,
  `request_detail_description` varchar(45) DEFAULT NULL,
  `request_detail_quantity` int(10) DEFAULT NULL,
  `request_detail_unit_cost` decimal(10,2) DEFAULT NULL,
  `request_detail_total_cost` decimal(10,2) DEFAULT NULL,
  `fk_expense_account_id` int(100) DEFAULT NULL,
  `fk_project_allocation_id` int(100) DEFAULT NULL,
  `fk_status_id` int(100) DEFAULT NULL,
  `fk_approval_id` int(100) DEFAULT NULL,
  `request_detail_conversion_set` int(5) DEFAULT '0',
  `request_detail_voucher_number` int(100) DEFAULT NULL,
  `request_detail_created_date` date DEFAULT NULL,
  `request_detail_created_by` int(100) DEFAULT NULL,
  `request_detail_last_modified_by` int(100) DEFAULT NULL,
  `request_detail_last_modified_date` timestamp NOT NULL DEFAULT CURRENT_TIMESTAMP ON UPDATE CURRENT_TIMESTAMP,
  PRIMARY KEY (`request_detail_id`),
  KEY `fk_request_detail_request1_idx` (`fk_request_id`),
  KEY `fk_request_detail_expense_account1_idx` (`fk_expense_account_id`),
  CONSTRAINT `fk_request_detail_expense_account1` FOREIGN KEY (`fk_expense_account_id`) REFERENCES `expense_account` (`expense_account_id`) ON DELETE NO ACTION ON UPDATE NO ACTION,
  CONSTRAINT `fk_request_detail_request1` FOREIGN KEY (`fk_request_id`) REFERENCES `request` (`request_id`) ON DELETE NO ACTION ON UPDATE NO ACTION
) ENGINE=InnoDB DEFAULT CHARSET=latin1;

INSERT INTO `request_detail` (`request_detail_id`, `request_detail_track_number`, `request_detail_name`, `fk_request_id`, `request_detail_description`, `request_detail_quantity`, `request_detail_unit_cost`, `request_detail_total_cost`, `fk_expense_account_id`, `fk_project_allocation_id`, `fk_status_id`, `fk_approval_id`, `request_detail_conversion_set`, `request_detail_voucher_number`, `request_detail_created_date`, `request_detail_created_by`, `request_detail_last_modified_by`, `request_detail_last_modified_date`) VALUES
(4,	'REIL-65906',	'Request_detail # REIL-80716',	4,	'Testing',	10,	1200.00,	12000.00,	1,	0,	113,	0,	0,	0,	NULL,	NULL,	NULL,	'2020-03-12 19:39:41');

DROP TABLE IF EXISTS `request_type`;
CREATE TABLE `request_type` (
  `request_type_id` int(11) NOT NULL AUTO_INCREMENT,
  `request_type_track_number` varchar(100) NOT NULL,
  `request_type_name` varchar(100) NOT NULL,
  `request_type_is_active` int(5) NOT NULL DEFAULT '1',
  `fk_account_system_id` int(100) NOT NULL DEFAULT '1',
  `request_type_created_date` date DEFAULT NULL,
  `request_type_created_by` int(100) DEFAULT NULL,
  `request_type_last_modified_by` int(100) DEFAULT NULL,
  `request_type_last_modified_date` timestamp NULL DEFAULT CURRENT_TIMESTAMP,
  `fk_approval_id` int(100) DEFAULT NULL,
  `fk_status_id` int(100) DEFAULT NULL,
  PRIMARY KEY (`request_type_id`),
  KEY `fk_account_system_id` (`fk_account_system_id`),
  CONSTRAINT `request_type_ibfk_1` FOREIGN KEY (`fk_account_system_id`) REFERENCES `account_system` (`account_system_id`)
) ENGINE=InnoDB DEFAULT CHARSET=latin1;

INSERT INTO `request_type` (`request_type_id`, `request_type_track_number`, `request_type_name`, `request_type_is_active`, `fk_account_system_id`, `request_type_created_date`, `request_type_created_by`, `request_type_last_modified_by`, `request_type_last_modified_date`, `fk_approval_id`, `fk_status_id`) VALUES
(1,	'REPE-35675',	'General',	1,	1,	'2019-11-23',	1,	1,	'2019-11-23 14:37:14',	326,	85),
(2,	'REPE-52210',	'Child Protection',	1,	1,	'2019-11-23',	1,	1,	'2019-11-23 14:37:52',	327,	85),
(3,	'REPE-29451',	'Health',	1,	1,	'2019-11-23',	1,	1,	'2019-11-23 14:38:04',	328,	85);

DROP TABLE IF EXISTS `role`;
CREATE TABLE `role` (
  `role_id` int(100) NOT NULL AUTO_INCREMENT,
  `role_track_number` varchar(100) DEFAULT NULL,
  `role_name` varchar(100) DEFAULT NULL,
  `role_shortname` varchar(50) NOT NULL,
  `role_description` longtext,
  `role_is_active` int(5) DEFAULT NULL,
  `role_is_new_status_default` int(5) DEFAULT '0',
  `role_is_department_strict` int(5) DEFAULT '0',
  `role_created_by` int(100) DEFAULT NULL,
  `role_created_date` date DEFAULT NULL,
  `role_last_modified_date` timestamp NOT NULL DEFAULT CURRENT_TIMESTAMP,
  `role_last_modified_by` varchar(45) DEFAULT NULL,
  `role_deleted_at` date DEFAULT NULL,
  `fk_approval_id` int(100) DEFAULT NULL,
  `fk_status_id` int(100) DEFAULT NULL,
  PRIMARY KEY (`role_id`)
) ENGINE=InnoDB DEFAULT CHARSET=latin1;

INSERT INTO `role` (`role_id`, `role_track_number`, `role_name`, `role_shortname`, `role_description`, `role_is_active`, `role_is_new_status_default`, `role_is_department_strict`, `role_created_by`, `role_created_date`, `role_last_modified_date`, `role_last_modified_by`, `role_deleted_at`, `fk_approval_id`, `fk_status_id`) VALUES
(1,	'ROL-65362',	'Department Manager',	'departmentmanager',	'Department Manager',	1,	0,	1,	1,	'2019-11-04',	'2019-11-06 06:08:14',	'1',	NULL,	150,	103),
(2,	'ROLE-86037',	'Finance Director',	'financedirector',	'Finance Director',	1,	0,	0,	1,	'2019-11-08',	'2019-11-08 10:06:09',	'1',	NULL,	167,	103),
(5,	'ROLE-6494',	'National Office Accoutant',	'noaccountant',	'National Office Accoutant',	1,	0,	0,	1,	'2019-11-24',	'2019-11-24 21:53:12',	'1',	NULL,	353,	103),
(9,	'ROLE-80181',	'Affiliate Accountant',	'afficiliateaccountant',	'This is role which will allow holders add requests, vouchers etc',	1,	0,	0,	1,	'2019-11-26',	'2019-11-26 14:03:54',	'1',	NULL,	386,	103),
(10,	'ROLE-53004',	'System',	'system',	'This is system role',	1,	1,	0,	1,	'2020-03-07',	'2020-03-07 04:21:56',	'1',	NULL,	691,	103),
(11,	'ROLE-78645',	'Executive Director',	'director',	'Executive Director Role',	1,	0,	0,	1,	'2020-03-12',	'2020-03-12 05:16:44',	'1',	NULL,	761,	103);

DROP TABLE IF EXISTS `role_permission`;
CREATE TABLE `role_permission` (
  `role_permission_id` int(100) NOT NULL AUTO_INCREMENT,
  `role_permission_track_number` varchar(100) NOT NULL,
  `role_permission_name` varchar(100) NOT NULL,
  `role_permission_is_active` int(5) NOT NULL,
  `fk_role_id` int(100) NOT NULL,
  `fk_permission_id` int(11) NOT NULL,
  `fk_approval_id` int(100) NOT NULL,
  `fk_status_id` int(100) NOT NULL,
  `role_permission_created_date` date NOT NULL,
  `role_permission_created_by` int(100) NOT NULL,
  `role_permission_last_modified_date` timestamp NOT NULL DEFAULT CURRENT_TIMESTAMP,
  `role_permission_last_modified_by` int(100) NOT NULL,
  PRIMARY KEY (`role_permission_id`),
  KEY `fk_role_id` (`fk_role_id`),
  KEY `fk_permission_id` (`fk_permission_id`),
  CONSTRAINT `role_permission_ibfk_4` FOREIGN KEY (`fk_role_id`) REFERENCES `role` (`role_id`) ON DELETE CASCADE,
  CONSTRAINT `role_permission_ibfk_5` FOREIGN KEY (`fk_permission_id`) REFERENCES `permission` (`permission_id`) ON DELETE CASCADE
) ENGINE=InnoDB DEFAULT CHARSET=latin1;

INSERT INTO `role_permission` (`role_permission_id`, `role_permission_track_number`, `role_permission_name`, `role_permission_is_active`, `fk_role_id`, `fk_permission_id`, `fk_approval_id`, `fk_status_id`, `role_permission_created_date`, `role_permission_created_by`, `role_permission_last_modified_date`, `role_permission_last_modified_by`) VALUES
(1,	'ROON-85514',	'Create a user by finance director',	1,	2,	4,	812,	133,	'2020-03-16',	1,	'2020-03-16 13:34:45',	1),
(2,	'ROON-85514',	'Create a user by Department Manager',	1,	1,	4,	812,	133,	'2020-03-16',	1,	'2020-03-16 13:34:45',	1),
(4,	'ROON-48077',	'Create a user permission assigned to Executive Director',	1,	11,	4,	1686,	133,	'2020-03-18',	1,	'2020-03-18 06:54:54',	1),
(5,	'ROON-68633',	'Create a new request permission assigned to Affiliate Accountantrole',	1,	9,	3,	1687,	133,	'2020-03-18',	1,	'2020-03-18 06:57:12',	1),
(6,	'ROON-85431',	'Create Bank permission assigned to National Office Accoutantrole',	1,	5,	689,	1688,	133,	'2020-03-18',	1,	'2020-03-18 06:58:01',	1),
(7,	'ROON-15237',	'Create Voucher permission assigned to Affiliate Accountantrole',	0,	9,	724,	1689,	133,	'2020-03-18',	1,	'2020-03-18 07:08:00',	1),
(8,	'ROON-89361',	'Create Cheque book permission assigned to National Office Accoutantrole',	1,	5,	799,	1690,	133,	'2020-03-18',	1,	'2020-03-18 07:36:51',	1),
(9,	'ROON-21662',	'Update User permission assigned to Department Managerrole',	1,	1,	733,	1691,	133,	'2020-03-18',	1,	'2020-03-18 17:15:06',	1);

DROP TABLE IF EXISTS `setting`;
CREATE TABLE `setting` (
  `setting_id` int(11) NOT NULL AUTO_INCREMENT,
  `type` varchar(100) DEFAULT NULL,
  `description` varchar(100) DEFAULT NULL,
  `created_date` date DEFAULT NULL,
  `last_modified_date` date DEFAULT NULL,
  `deleted_date` date DEFAULT NULL,
  `created_by` int(100) DEFAULT NULL,
  `last_modified_by` int(100) DEFAULT NULL,
  PRIMARY KEY (`setting_id`)
) ENGINE=InnoDB DEFAULT CHARSET=latin1;

INSERT INTO `setting` (`setting_id`, `type`, `description`, `created_date`, `last_modified_date`, `deleted_date`, `created_by`, `last_modified_by`) VALUES
(1,	'system_name',	'Grants Management System',	NULL,	NULL,	NULL,	NULL,	NULL),
(2,	'system_title',	'Grants Management System',	NULL,	NULL,	NULL,	NULL,	NULL),
(3,	'address',	'1945 Nairobi',	NULL,	NULL,	NULL,	NULL,	NULL),
(4,	'phone',	'254711808071',	NULL,	NULL,	NULL,	NULL,	NULL),
(7,	'system_email',	'support@compassionkenya.com',	NULL,	NULL,	NULL,	NULL,	NULL),
(9,	'language',	'english',	NULL,	NULL,	NULL,	NULL,	NULL),
(10,	'text_align',	'left-to-right',	NULL,	NULL,	NULL,	NULL,	NULL),
(14,	'skin_colour',	'blue',	NULL,	NULL,	NULL,	NULL,	NULL);

DROP TABLE IF EXISTS `status`;
CREATE TABLE `status` (
  `status_id` int(11) NOT NULL AUTO_INCREMENT,
  `status_track_number` varchar(100) NOT NULL,
  `status_name` varchar(50) NOT NULL,
  `fk_workflow_id` int(11) NOT NULL,
  `fk_approve_item_id` int(11) NOT NULL,
  `status_approval_sequence` int(10) NOT NULL,
  `status_backflow_sequence` int(10) NOT NULL,
  `status_approval_direction` int(5) NOT NULL COMMENT '1-straight jumps, 0 - return jumps, -1 - reverse jump',
  `status_is_requiring_approver_action` int(5) NOT NULL DEFAULT '1',
  `fk_role_id` int(100) NOT NULL,
  `fk_account_system_id` int(100) NOT NULL DEFAULT '1',
  `status_created_date` date NOT NULL,
  `status_created_by` int(100) NOT NULL,
  `status_last_modified_date` timestamp NOT NULL DEFAULT CURRENT_TIMESTAMP ON UPDATE CURRENT_TIMESTAMP,
  `status_last_modified_by` int(100) NOT NULL,
  `fk_approval_id` int(100) DEFAULT NULL,
  `fk_status_id` int(100) DEFAULT NULL,
  PRIMARY KEY (`status_id`),
  KEY `fk_approve_item_id` (`fk_approve_item_id`),
  KEY `fk_role_id` (`fk_role_id`),
  CONSTRAINT `status_ibfk_2` FOREIGN KEY (`fk_approve_item_id`) REFERENCES `approve_item` (`approve_item_id`),
  CONSTRAINT `status_ibfk_3` FOREIGN KEY (`fk_role_id`) REFERENCES `role` (`role_id`)
) ENGINE=InnoDB DEFAULT CHARSET=latin1;

INSERT INTO `status` (`status_id`, `status_track_number`, `status_name`, `fk_workflow_id`, `fk_approve_item_id`, `status_approval_sequence`, `status_backflow_sequence`, `status_approval_direction`, `status_is_requiring_approver_action`, `fk_role_id`, `fk_account_system_id`, `status_created_date`, `status_created_by`, `status_last_modified_date`, `status_last_modified_by`, `fk_approval_id`, `fk_status_id`) VALUES
(45,	'',	'New',	2,	20,	1,	0,	1,	0,	1,	1,	'2019-11-03',	1,	'2020-03-08 17:52:15',	1,	NULL,	NULL),
(67,	'',	'New',	0,	42,	1,	0,	1,	0,	2,	1,	'2019-11-21',	1,	'2019-11-21 05:45:54',	1,	NULL,	NULL),
(68,	'',	'New',	0,	43,	1,	0,	1,	0,	2,	1,	'2019-11-21',	1,	'2019-11-21 05:48:36',	1,	NULL,	NULL),
(69,	'',	'New',	0,	44,	1,	0,	1,	0,	2,	1,	'2019-11-21',	1,	'2019-11-21 05:52:00',	1,	NULL,	NULL),
(73,	'',	'New',	0,	48,	1,	0,	1,	0,	2,	1,	'2019-11-21',	1,	'2019-11-21 16:09:50',	1,	NULL,	NULL),
(74,	'',	'New',	0,	49,	1,	0,	1,	0,	2,	1,	'2019-11-21',	1,	'2019-11-21 16:14:04',	1,	NULL,	NULL),
(76,	'',	'New',	0,	51,	1,	0,	1,	0,	2,	1,	'2019-11-21',	1,	'2019-11-21 16:37:42',	1,	NULL,	NULL),
(77,	'',	'New',	0,	52,	1,	0,	1,	0,	2,	1,	'2019-11-22',	1,	'2019-11-22 07:22:23',	1,	NULL,	NULL),
(87,	'STUS-43859',	'New',	0,	62,	1,	0,	1,	0,	10,	1,	'2019-11-23',	1,	'2020-03-07 04:24:52',	1,	NULL,	NULL),
(102,	'STUS-39265',	'Approval In-Progress',	0,	62,	2,	0,	1,	0,	10,	1,	'2020-03-07',	1,	'2020-03-07 04:23:50',	1,	692,	57),
(103,	'',	'New',	0,	21,	1,	0,	1,	0,	10,	1,	'2020-03-07',	1,	'2020-03-07 04:23:50',	1,	692,	57),
(104,	'',	'New',	0,	49,	1,	0,	1,	0,	10,	1,	'2020-03-07',	1,	'2020-03-07 04:23:50',	1,	692,	57),
(105,	'',	'New',	0,	25,	1,	0,	1,	0,	10,	1,	'2020-03-07',	1,	'2020-03-07 04:23:50',	1,	692,	57),
(106,	'',	'New',	0,	22,	1,	0,	1,	0,	10,	1,	'2020-03-07',	1,	'2020-03-07 04:23:50',	1,	692,	57),
(108,	'STUS-2268',	'New',	0,	26,	1,	0,	1,	0,	1,	0,	'2020-03-12',	1,	'2020-03-12 19:37:54',	1,	NULL,	NULL),
(109,	'STUS-86586',	'New',	0,	71,	1,	0,	1,	0,	1,	0,	'2020-03-12',	1,	'2020-03-12 19:37:54',	1,	NULL,	NULL),
(110,	'STUS-18038',	'New',	0,	8,	1,	0,	1,	0,	1,	0,	'2020-03-12',	1,	'2020-03-12 19:37:54',	1,	NULL,	NULL),
(111,	'STUS-36831',	'New',	0,	3,	1,	0,	1,	0,	1,	0,	'2020-03-12',	1,	'2020-03-12 19:37:54',	1,	NULL,	NULL),
(113,	'STUS-58323',	'New',	0,	1,	1,	0,	1,	0,	1,	0,	'2020-03-12',	1,	'2020-03-12 19:37:54',	1,	NULL,	NULL),
(114,	'STUS-60697',	'New',	0,	47,	1,	0,	1,	0,	1,	0,	'2020-03-12',	1,	'2020-03-12 19:37:54',	1,	NULL,	NULL),
(117,	'STUS-11303',	'New',	0,	2,	1,	0,	1,	0,	1,	0,	'2020-03-12',	1,	'2020-03-12 19:38:07',	1,	NULL,	NULL),
(118,	'STUS-3331',	'New',	0,	14,	1,	0,	1,	0,	1,	0,	'2020-03-12',	1,	'2020-03-12 19:38:07',	1,	NULL,	NULL),
(119,	'STUS-1503',	'New',	0,	24,	1,	0,	1,	0,	1,	0,	'2020-03-12',	1,	'2020-03-12 21:48:17',	1,	NULL,	NULL),
(120,	'STUS-7475',	'New',	0,	4,	1,	0,	1,	0,	1,	0,	'2020-03-12',	1,	'2020-03-12 21:48:21',	1,	NULL,	NULL),
(121,	'STUS-54737',	'New',	0,	29,	1,	0,	1,	0,	1,	0,	'2020-03-13',	1,	'2020-03-13 00:14:11',	1,	NULL,	NULL),
(122,	'STUS-74392',	'New',	0,	78,	1,	0,	1,	0,	1,	0,	'2020-03-13',	1,	'2020-03-13 08:13:59',	1,	NULL,	NULL),
(123,	'STUS-10090',	'New',	0,	68,	1,	0,	1,	0,	1,	0,	'2020-03-13',	1,	'2020-03-13 08:14:09',	1,	NULL,	NULL),
(124,	'STUS-47158',	'New',	0,	5,	1,	0,	1,	0,	1,	0,	'2020-03-13',	1,	'2020-03-13 08:26:29',	1,	NULL,	NULL),
(125,	'STUS-67871',	'New',	0,	13,	1,	0,	1,	0,	1,	0,	'2020-03-13',	1,	'2020-03-13 08:26:29',	1,	NULL,	NULL),
(126,	'STUS-75224',	'New',	0,	63,	1,	0,	1,	0,	1,	0,	'2020-03-13',	1,	'2020-03-13 11:25:35',	1,	NULL,	NULL),
(127,	'STUS-23779',	'New',	0,	40,	1,	0,	1,	0,	1,	0,	'2020-03-13',	1,	'2020-03-13 11:27:25',	1,	NULL,	NULL),
(128,	'STUS-87455',	'New',	0,	70,	1,	0,	1,	0,	1,	0,	'2020-03-13',	1,	'2020-03-13 11:28:31',	1,	NULL,	NULL),
(129,	'STUS-69507',	'New',	0,	65,	1,	0,	1,	0,	1,	0,	'2020-03-14',	1,	'2020-03-14 06:23:31',	1,	NULL,	NULL),
(130,	'STUS-57617',	'New',	0,	33,	1,	0,	1,	0,	1,	0,	'2020-03-14',	1,	'2020-03-14 06:26:48',	1,	NULL,	NULL),
(131,	'STUS-23860',	'New',	0,	45,	1,	0,	1,	0,	1,	0,	'2020-03-14',	1,	'2020-03-14 06:55:00',	1,	NULL,	NULL),
(132,	'STUS-72008',	'New',	0,	41,	1,	0,	1,	0,	1,	0,	'2020-03-14',	1,	'2020-03-14 07:10:24',	1,	NULL,	NULL),
(133,	'STUS-7739',	'New',	0,	23,	1,	0,	1,	0,	1,	0,	'2020-03-16',	1,	'2020-03-16 13:33:12',	1,	NULL,	NULL),
(134,	'STUS-25431',	'New',	0,	82,	1,	0,	1,	0,	1,	0,	'2020-03-19',	1,	'2020-03-19 14:11:32',	1,	NULL,	NULL),
(135,	'STUS-52700',	'New',	0,	83,	1,	0,	1,	0,	1,	0,	'2020-03-19',	1,	'2020-03-19 14:12:56',	1,	NULL,	NULL),
(136,	'STUS-4796',	'New',	0,	84,	1,	0,	1,	0,	1,	0,	'2020-03-19',	1,	'2020-03-19 14:31:42',	1,	NULL,	NULL),
(137,	'STUS-64544',	'New',	0,	19,	1,	0,	1,	0,	1,	0,	'2020-03-19',	1,	'2020-03-19 16:21:03',	1,	NULL,	NULL),
(138,	'STUS-31204',	'New',	0,	80,	1,	0,	1,	0,	1,	0,	'2020-03-19',	1,	'2020-03-19 16:21:03',	1,	NULL,	NULL),
(139,	'STUS-79020',	'New',	0,	18,	1,	0,	1,	0,	1,	0,	'2020-03-19',	1,	'2020-03-19 16:44:19',	1,	NULL,	NULL),
(140,	'STUS-76223',	'New',	0,	39,	1,	0,	1,	0,	1,	0,	'2020-03-19',	1,	'2020-03-19 18:07:29',	1,	NULL,	NULL),
(141,	'STUS-65360',	'New',	0,	28,	1,	0,	1,	0,	1,	0,	'2020-03-20',	1,	'2020-03-20 06:27:15',	1,	NULL,	NULL);

DROP TABLE IF EXISTS `status_role`;
CREATE TABLE `status_role` (
  `status_role_id` int(100) NOT NULL AUTO_INCREMENT,
  `status_role_track_number` varchar(100) NOT NULL,
  `status_role_name` varchar(50) NOT NULL,
  `fk_role_id` int(100) NOT NULL,
  `fk_status_id` int(11) NOT NULL,
  `status_role_created_by` int(100) NOT NULL,
  `status_role_created_date` date NOT NULL DEFAULT '0000-00-00',
  `status_role_last_modified_by` int(100) NOT NULL,
  `status_role_last_modified_date` timestamp NOT NULL DEFAULT CURRENT_TIMESTAMP ON UPDATE CURRENT_TIMESTAMP,
  `fk_approval_id` int(11) NOT NULL,
  PRIMARY KEY (`status_role_id`),
  KEY `fk_role_id` (`fk_role_id`),
  CONSTRAINT `status_role_ibfk_4` FOREIGN KEY (`fk_role_id`) REFERENCES `role` (`role_id`) ON DELETE CASCADE
) ENGINE=InnoDB DEFAULT CHARSET=latin1;


DROP TABLE IF EXISTS `system_opening_balance`;
CREATE TABLE `system_opening_balance` (
  `system_opening_balance_id` int(100) NOT NULL AUTO_INCREMENT,
  `system_opening_balance_track_number` varchar(100) NOT NULL,
  `system_opening_balance_name` varchar(100) NOT NULL,
  `fk_office_id` int(100) NOT NULL,
  `month` date NOT NULL,
  `system_opening_balance_created_date` date DEFAULT NULL,
  `system_opening_balance_created_by` int(100) DEFAULT NULL,
  `system_opening_balance_last_modified_by` int(100) DEFAULT NULL,
  `system_opening_balance_last_modified_date` date DEFAULT NULL,
  `fk_approval_id` int(100) DEFAULT NULL,
  `fk_status_id` int(100) DEFAULT NULL,
  PRIMARY KEY (`system_opening_balance_id`),
  KEY `fk_office_id` (`fk_office_id`),
  CONSTRAINT `system_opening_balance_ibfk_1` FOREIGN KEY (`fk_office_id`) REFERENCES `office` (`office_id`)
) ENGINE=InnoDB DEFAULT CHARSET=latin1;

INSERT INTO `system_opening_balance` (`system_opening_balance_id`, `system_opening_balance_track_number`, `system_opening_balance_name`, `fk_office_id`, `month`, `system_opening_balance_created_date`, `system_opening_balance_created_by`, `system_opening_balance_last_modified_by`, `system_opening_balance_last_modified_date`, `fk_approval_id`, `fk_status_id`) VALUES
(1,	'SYCE-45459',	'Financial Opening Balance for Mkongani IFC CDC',	34,	'2015-05-09',	'2020-03-19',	1,	1,	NULL,	1705,	134),
(2,	'SYCE-12154',	'Financial Opening Balance for Gongoni RGC CDC',	35,	'2015-05-01',	'2020-03-20',	1,	1,	NULL,	1727,	134);

DROP TABLE IF EXISTS `transaction_effect`;
CREATE TABLE `transaction_effect` (
  `transaction_effect_id` int(100) NOT NULL AUTO_INCREMENT,
  `transaction_effect_name` varchar(100) DEFAULT NULL,
  `transaction_effect_created_date` date DEFAULT NULL,
  `transaction_effect_last_modified_date` date DEFAULT NULL,
  `transaction_effect_deleted_date` date DEFAULT NULL,
  `transaction_effect_created_by` int(100) DEFAULT NULL,
  `transaction_effect_last_modified_by` int(100) DEFAULT NULL,
  PRIMARY KEY (`transaction_effect_id`)
) ENGINE=InnoDB DEFAULT CHARSET=latin1;

INSERT INTO `transaction_effect` (`transaction_effect_id`, `transaction_effect_name`, `transaction_effect_created_date`, `transaction_effect_last_modified_date`, `transaction_effect_deleted_date`, `transaction_effect_created_by`, `transaction_effect_last_modified_by`) VALUES
(1,	'payment',	NULL,	NULL,	NULL,	NULL,	NULL),
(2,	'revenue',	NULL,	NULL,	NULL,	NULL,	NULL);

DROP TABLE IF EXISTS `translation`;
CREATE TABLE `translation` (
  `translation_id` int(100) NOT NULL AUTO_INCREMENT,
  `language_phrase_id` int(100) DEFAULT NULL,
  `language_id` int(100) DEFAULT NULL,
  `translate` longtext,
  `created_date` date DEFAULT NULL,
  `last_modified_date` date DEFAULT NULL,
  `deleted_date` date DEFAULT NULL,
  `created_by` int(100) DEFAULT NULL,
  `last_modified_by` int(100) DEFAULT NULL,
  PRIMARY KEY (`translation_id`),
  KEY `fk_translation_language1_idx` (`language_id`),
  KEY `fk_translation_language_phrase1_idx` (`language_phrase_id`),
  CONSTRAINT `fk_translation_language1` FOREIGN KEY (`language_id`) REFERENCES `language` (`language_id`) ON DELETE NO ACTION ON UPDATE NO ACTION,
  CONSTRAINT `fk_translation_language_phrase1` FOREIGN KEY (`language_phrase_id`) REFERENCES `language_phrase` (`language_phrase_id`) ON DELETE NO ACTION ON UPDATE NO ACTION
) ENGINE=InnoDB DEFAULT CHARSET=latin1;


DROP TABLE IF EXISTS `user`;
CREATE TABLE `user` (
  `user_id` int(100) NOT NULL AUTO_INCREMENT,
  `user_track_number` varchar(100) NOT NULL,
  `user_name` varchar(100) NOT NULL,
  `user_firstname` varchar(100) NOT NULL,
  `user_lastname` varchar(100) NOT NULL,
  `user_email` varchar(100) NOT NULL,
  `fk_context_definition_id` int(100) NOT NULL,
  `user_is_context_manager` int(5) NOT NULL,
  `user_is_system_admin` int(5) NOT NULL DEFAULT '0',
  `fk_language_id` int(100) DEFAULT NULL COMMENT 'User''s default language',
  `user_is_active` int(5) NOT NULL DEFAULT '1',
  `fk_role_id` int(100) DEFAULT NULL,
  `user_password` varchar(100) NOT NULL,
  `user_created_date` date NOT NULL,
  `user_created_by` int(100) NOT NULL,
  `user_last_modified_date` timestamp NOT NULL DEFAULT CURRENT_TIMESTAMP,
  `user_last_modifed_by` int(100) DEFAULT NULL,
  `user_last_modified_by` int(100) NOT NULL,
  `fk_approval_id` int(100) DEFAULT NULL,
  `fk_status_id` int(100) DEFAULT NULL,
  PRIMARY KEY (`user_id`),
  UNIQUE KEY `user_name` (`user_name`),
  UNIQUE KEY `user_email` (`user_email`),
  KEY `fk_language_id` (`fk_language_id`),
  KEY `fk_role_id` (`fk_role_id`),
  KEY `fk_center_group_hierarchy_id` (`fk_context_definition_id`),
  CONSTRAINT `user_ibfk_2` FOREIGN KEY (`fk_role_id`) REFERENCES `role` (`role_id`),
  CONSTRAINT `user_ibfk_3` FOREIGN KEY (`fk_language_id`) REFERENCES `language` (`language_id`),
  CONSTRAINT `user_ibfk_4` FOREIGN KEY (`fk_context_definition_id`) REFERENCES `context_definition` (`context_definition_id`)
) ENGINE=InnoDB DEFAULT CHARSET=latin1;

INSERT INTO `user` (`user_id`, `user_track_number`, `user_name`, `user_firstname`, `user_lastname`, `user_email`, `fk_context_definition_id`, `user_is_context_manager`, `user_is_system_admin`, `fk_language_id`, `user_is_active`, `fk_role_id`, `user_password`, `user_created_date`, `user_created_by`, `user_last_modified_date`, `user_last_modifed_by`, `user_last_modified_by`, `fk_approval_id`, `fk_status_id`) VALUES
(1,	'USR-84763',	'nkmwambs',	'Nicodemus',	'Karisa',	'nkmwambs@gmail.com',	10,	0,	1,	1,	1,	1,	'fbdf9989ea636d6b339fd6b85f63e06e',	'0000-00-00',	0,	'2019-11-07 07:54:59',	NULL,	0,	NULL,	NULL),
(2,	'USER-22648',	'wilson.emacke',	'Wilson',	'Gitonga',	'wilson.emacke@gmail.com',	10,	0,	0,	1,	1,	2,	'59df43e4fb93a12e7029e9fc5b56847f',	'2020-03-12',	1,	'2020-03-12 05:44:11',	NULL,	1,	762,	0),
(3,	'USER-46208',	'davidm',	'David',	'Mbitsi',	'davidm@gmail.com',	13,	0,	0,	1,	1,	9,	'fbdf9989ea636d6b339fd6b85f63e06e',	'2020-03-14',	1,	'2020-03-14 06:23:07',	NULL,	1,	798,	121),
(4,	'USER-77186',	'betty.yeri',	'Betty',	'Yeri',	'betty.yeri@gmail.com',	13,	0,	0,	1,	1,	9,	'fbdf9989ea636d6b339fd6b85f63e06e',	'2020-03-16',	1,	'2020-03-16 16:40:32',	NULL,	1,	813,	121),
(5,	'USER-69751',	'james.baya',	'James',	'Baya',	'JBaya@gmail.com',	13,	0,	0,	1,	1,	9,	'fbdf9989ea636d6b339fd6b85f63e06e',	'2020-03-16',	1,	'2020-03-16 16:46:11',	NULL,	1,	816,	121),
(6,	'USER-19597',	'ken.wamalwa',	'Ken',	'Wamalwa',	'ken.wamalwa@gmail.com',	13,	0,	0,	1,	1,	9,	'fbdf9989ea636d6b339fd6b85f63e06e',	'2020-03-16',	1,	'2020-03-16 17:16:35',	NULL,	1,	819,	121);

DROP TABLE IF EXISTS `variance_note`;
CREATE TABLE `variance_note` (
  `variance_note_id` int(100) NOT NULL AUTO_INCREMENT,
  `reconciliation_id` int(100) DEFAULT NULL,
  `expense_account_id` int(100) DEFAULT NULL,
  `created_by` varchar(45) DEFAULT NULL,
  `created_date` varchar(45) DEFAULT NULL,
  `last_modified_date` varchar(45) DEFAULT NULL,
  `last_modified_by` varchar(45) DEFAULT NULL,
  `variance_note_detail` longtext,
  PRIMARY KEY (`variance_note_id`),
  KEY `fk_variance_comment_reconciliation1_idx` (`reconciliation_id`),
  KEY `fk_variance_comment_expense_account1_idx` (`expense_account_id`),
  CONSTRAINT `fk_variance_comment_expense_account1` FOREIGN KEY (`expense_account_id`) REFERENCES `expense_account` (`expense_account_id`) ON DELETE NO ACTION ON UPDATE NO ACTION,
  CONSTRAINT `fk_variance_comment_reconciliation1` FOREIGN KEY (`reconciliation_id`) REFERENCES `reconciliation` (`reconciliation_id`) ON DELETE NO ACTION ON UPDATE NO ACTION
) ENGINE=InnoDB DEFAULT CHARSET=latin1;


DROP TABLE IF EXISTS `voucher`;
CREATE TABLE `voucher` (
  `voucher_id` int(100) NOT NULL AUTO_INCREMENT,
  `voucher_track_number` varchar(50) DEFAULT NULL,
  `voucher_name` varchar(100) DEFAULT NULL,
  `voucher_number` int(10) DEFAULT NULL,
  `fk_office_id` int(100) DEFAULT NULL,
  `voucher_date` date DEFAULT NULL,
  `fk_voucher_type_id` int(100) DEFAULT NULL,
  `voucher_cleared` int(5) DEFAULT '0',
  `voucher_cleared_month` date DEFAULT NULL,
  `fk_approval_id` int(100) DEFAULT NULL,
  `fk_status_id` int(100) DEFAULT NULL,
  `fk_office_bank_id` int(100) DEFAULT NULL,
  `voucher_cheque_number` int(100) DEFAULT NULL,
  `voucher_transaction_cleared_date` date DEFAULT '0000-00-00',
  `voucher_transaction_cleared_month` date DEFAULT '0000-00-00',
  `voucher_vendor` varchar(100) DEFAULT NULL,
  `voucher_vendor_address` varchar(100) DEFAULT NULL,
  `voucher_description` varchar(200) DEFAULT NULL,
  `voucher_allow_edit` int(5) DEFAULT '0',
  `voucher_created_by` int(100) DEFAULT NULL,
  `voucher_created_date` date DEFAULT NULL,
  `voucher_last_modified_date` timestamp NULL DEFAULT CURRENT_TIMESTAMP,
  `voucher_last_modified_by` int(100) DEFAULT NULL,
  PRIMARY KEY (`voucher_id`),
  KEY `fk_voucher_center1_idx` (`fk_office_id`),
  KEY `fk_voucher_voucher_type1_idx` (`fk_voucher_type_id`),
  KEY `fk_approval_id` (`fk_approval_id`),
  KEY `fk_status_id` (`fk_status_id`),
  CONSTRAINT `fk_voucher_voucher_type1` FOREIGN KEY (`fk_voucher_type_id`) REFERENCES `voucher_type` (`voucher_type_id`) ON DELETE NO ACTION ON UPDATE NO ACTION,
  CONSTRAINT `voucher_ibfk_1` FOREIGN KEY (`fk_approval_id`) REFERENCES `approval` (`approval_id`) ON DELETE CASCADE,
  CONSTRAINT `voucher_ibfk_2` FOREIGN KEY (`fk_status_id`) REFERENCES `status` (`status_id`) ON DELETE NO ACTION,
  CONSTRAINT `voucher_ibfk_3` FOREIGN KEY (`fk_office_id`) REFERENCES `office` (`office_id`) ON DELETE CASCADE ON UPDATE CASCADE
) ENGINE=InnoDB DEFAULT CHARSET=latin1 COMMENT='This holds transactions ';

INSERT INTO `voucher` (`voucher_id`, `voucher_track_number`, `voucher_name`, `voucher_number`, `fk_office_id`, `voucher_date`, `fk_voucher_type_id`, `voucher_cleared`, `voucher_cleared_month`, `fk_approval_id`, `fk_status_id`, `fk_office_bank_id`, `voucher_cheque_number`, `voucher_transaction_cleared_date`, `voucher_transaction_cleared_month`, `voucher_vendor`, `voucher_vendor_address`, `voucher_description`, `voucher_allow_edit`, `voucher_created_by`, `voucher_created_date`, `voucher_last_modified_date`, `voucher_last_modified_by`) VALUES
(1,	'VOER-39192',	'Voucher # VOER-3895',	191001,	18,	'2019-10-17',	5,	0,	NULL,	794,	117,	0,	0,	'0000-00-00',	'0000-00-00',	'Test voucher',	'Test',	'Test',	0,	NULL,	'2020-03-12',	'2020-03-12 19:41:53',	NULL),
(2,	'VOER-52646',	'Voucher # VOER-82295',	191002,	18,	'2019-10-01',	2,	0,	NULL,	795,	117,	0,	0,	'0000-00-00',	'0000-00-00',	'Cash payment',	'Cash payment',	'Cash payment',	0,	NULL,	'2020-03-13',	'2020-03-12 23:46:24',	NULL),
(3,	'VOER-86134',	'Voucher # VOER-89875',	180701,	26,	'2018-07-10',	5,	0,	NULL,	1694,	117,	0,	0,	'0000-00-00',	'0000-00-00',	'Cash received',	'Cash received',	'Cash received',	0,	NULL,	'2020-03-19',	'2020-03-19 11:57:56',	NULL),
(4,	'VOER-23868',	'Voucher # VOER-55418',	180702,	26,	'2018-07-01',	2,	0,	NULL,	1695,	117,	0,	0,	'0000-00-00',	'0000-00-00',	'Paid by cash',	'Paid by cash',	'Paid by cash',	0,	NULL,	'2020-03-19',	'2020-03-19 12:01:43',	NULL),
(5,	'VOER-24366',	'Voucher # VOER-79815',	190201,	23,	'2019-02-05',	5,	0,	NULL,	1698,	117,	0,	0,	'0000-00-00',	'0000-00-00',	'Cash Received',	'Cash Received',	'Cash Received',	0,	NULL,	'2020-03-19',	'2020-03-19 12:02:49',	NULL),
(6,	'VOER-88333',	'Voucher # VOER-73090',	180703,	26,	'2018-07-01',	2,	0,	NULL,	1699,	117,	0,	0,	'0000-00-00',	'0000-00-00',	'Cash Payment',	'Cash Payment',	'Cash Payment',	0,	1,	'2020-03-19',	'2020-03-19 12:04:18',	1),
(7,	'VOER-28436',	'Voucher # VOER-88251',	100601,	33,	'2010-06-16',	5,	0,	NULL,	1702,	117,	0,	0,	'0000-00-00',	'0000-00-00',	'Cash Received from HQ',	'Cash Received from HQ',	'Cash Received from HQ',	0,	1,	'2020-03-19',	'2020-03-19 12:13:12',	1),
(8,	'VOER-23790',	'Voucher # VOER-28768',	150501,	34,	'2015-05-09',	5,	0,	NULL,	1715,	117,	0,	0,	'0000-00-00',	'0000-00-00',	'Head Office',	'Nbo',	'Cash Received',	0,	1,	'2020-03-19',	'2020-03-19 15:15:47',	1),
(9,	'VOER-20278',	'Voucher # VOER-30451',	150502,	34,	'2015-05-01',	2,	0,	NULL,	1721,	117,	0,	0,	'0000-00-00',	'0000-00-00',	'Various',	'NRB',	'Various expenses',	0,	1,	'2020-03-19',	'2020-03-19 18:06:55',	1),
(10,	'VOER-10326',	'Voucher # VOER-37641',	150503,	34,	'2015-05-01',	2,	0,	NULL,	1723,	117,	0,	0,	'0000-00-00',	'0000-00-00',	'Other Vendors',	'Other Vendors',	'Many Expenses',	0,	1,	'2020-03-19',	'2020-03-19 18:09:04',	1),
(11,	'VOER-46030',	'Voucher # VOER-53858',	150504,	34,	'2015-05-01',	5,	0,	NULL,	1724,	117,	0,	0,	'0000-00-00',	'0000-00-00',	'Donations',	'Donations',	'Donations',	0,	1,	'2020-03-19',	'2020-03-19 18:28:04',	1),
(12,	'VOER-23935',	'Voucher # VOER-23898',	150501,	35,	'2015-05-01',	5,	0,	NULL,	1730,	117,	0,	0,	'0000-00-00',	'0000-00-00',	'HQ Support Funds',	'HQ Support Funds',	'HQ Support Funds',	0,	1,	'2020-03-20',	'2020-03-20 10:57:23',	1);

DROP TABLE IF EXISTS `voucher_detail`;
CREATE TABLE `voucher_detail` (
  `voucher_detail_id` int(100) NOT NULL AUTO_INCREMENT,
  `voucher_detail_track_number` varchar(100) DEFAULT NULL,
  `voucher_detail_name` varchar(100) DEFAULT NULL,
  `fk_voucher_id` int(100) DEFAULT NULL,
  `voucher_detail_description` varchar(45) DEFAULT NULL,
  `voucher_detail_quantity` int(10) DEFAULT NULL,
  `voucher_detail_unit_cost` decimal(10,2) DEFAULT NULL,
  `voucher_detail_total_cost` decimal(10,2) DEFAULT NULL,
  `fk_expense_account_id` int(100) NOT NULL DEFAULT '0' COMMENT 'Can be income_account_id or expense_account_id depending on the selected voucher type',
  `fk_income_account_id` int(100) NOT NULL DEFAULT '0',
  `fk_bank_contra_account_id` int(100) NOT NULL DEFAULT '0',
  `fk_cash_contra_account_id` int(100) NOT NULL DEFAULT '0',
  `fk_approval_id` int(100) NOT NULL DEFAULT '0',
  `fk_status_id` int(100) NOT NULL DEFAULT '0',
  `fk_request_detail_id` int(100) NOT NULL DEFAULT '0',
  `fk_project_allocation_id` int(100) NOT NULL DEFAULT '0',
  `voucher_detail_last_modified_date` date DEFAULT NULL,
  `voucher_detail_last_modified_by` varchar(45) DEFAULT NULL,
  `voucher_detail_created_by` int(100) DEFAULT NULL,
  `voucher_detail_created_date` date DEFAULT NULL,
  PRIMARY KEY (`voucher_detail_id`),
  KEY `fk_voucher_detail_voucher1_idx` (`fk_voucher_id`),
  KEY `fk_voucher_detail_request_detail1_idx` (`fk_approval_id`),
  CONSTRAINT `voucher_detail_ibfk_3` FOREIGN KEY (`fk_voucher_id`) REFERENCES `voucher` (`voucher_id`)
) ENGINE=InnoDB DEFAULT CHARSET=latin1;

INSERT INTO `voucher_detail` (`voucher_detail_id`, `voucher_detail_track_number`, `voucher_detail_name`, `fk_voucher_id`, `voucher_detail_description`, `voucher_detail_quantity`, `voucher_detail_unit_cost`, `voucher_detail_total_cost`, `fk_expense_account_id`, `fk_income_account_id`, `fk_bank_contra_account_id`, `fk_cash_contra_account_id`, `fk_approval_id`, `fk_status_id`, `fk_request_detail_id`, `fk_project_allocation_id`, `voucher_detail_last_modified_date`, `voucher_detail_last_modified_by`, `voucher_detail_created_by`, `voucher_detail_created_date`) VALUES
(1,	'VOIL-28646',	'Voucher_detail # VOIL-20404',	1,	'Test',	1,	150000.00,	150000.00,	0,	1,	0,	0,	0,	118,	0,	0,	NULL,	NULL,	NULL,	NULL),
(2,	'VOIL-52057',	'Voucher_detail # VOIL-37249',	2,	'Cash payment',	1,	25000.00,	25000.00,	1,	0,	0,	0,	0,	118,	0,	0,	NULL,	NULL,	NULL,	NULL),
(3,	'VOIL-59402',	'Voucher_detail # VOIL-82632',	2,	'Cash payment',	10,	1500.00,	15000.00,	1,	0,	0,	0,	0,	118,	0,	0,	NULL,	NULL,	NULL,	NULL),
(4,	'VOIL-70710',	'Voucher_detail # VOIL-42542',	3,	'Cash received ',	10,	1200.00,	12000.00,	0,	1,	0,	0,	0,	118,	0,	0,	NULL,	NULL,	NULL,	NULL),
(5,	'VOIL-41001',	'Voucher_detail # VOIL-34647',	4,	'Paid by cash',	10,	5400.00,	54000.00,	1,	0,	0,	0,	0,	118,	0,	0,	NULL,	NULL,	NULL,	NULL),
(6,	'VOIL-51738',	'Voucher_detail # VOIL-48021',	4,	'Paid by cash 2',	5,	2100.00,	10500.00,	1,	0,	0,	0,	0,	118,	0,	0,	NULL,	NULL,	NULL,	NULL),
(7,	'VOIL-28285',	'Voucher_detail # VOIL-66840',	5,	'Cash Received',	15,	3200.00,	48000.00,	0,	1,	0,	0,	0,	118,	0,	0,	NULL,	NULL,	NULL,	NULL),
(8,	'VOIL-76278',	'Voucher_detail # VOIL-81512',	6,	'Cash Payment',	10,	15400.00,	154000.00,	1,	0,	0,	0,	0,	118,	0,	0,	NULL,	NULL,	NULL,	NULL),
(9,	'VOIL-7242',	'Voucher_detail # VOIL-16813',	7,	'Cash Received from HQ',	1,	1540000.34,	1540000.34,	0,	1,	0,	0,	0,	118,	0,	0,	NULL,	NULL,	NULL,	NULL),
(10,	'VOIL-8000',	'Voucher_detail # VOIL-64759',	8,	'Cash Received',	10,	320400.00,	3204000.00,	0,	1,	0,	0,	0,	118,	0,	0,	NULL,	NULL,	NULL,	NULL),
(11,	'VOIL-34419',	'Voucher_detail # VOIL-43196',	9,	'Various',	100,	4500.00,	450000.00,	1,	0,	0,	0,	0,	118,	0,	0,	NULL,	NULL,	NULL,	NULL),
(12,	'VOIL-1575',	'Voucher_detail # VOIL-20677',	10,	'Many ',	10,	5400.00,	54000.00,	2,	0,	0,	0,	0,	118,	0,	0,	NULL,	NULL,	NULL,	NULL),
(13,	'VOIL-47719',	'Voucher_detail # VOIL-56415',	11,	'Donations 1',	10,	25000.00,	250000.00,	0,	4,	0,	0,	0,	118,	0,	0,	NULL,	NULL,	NULL,	NULL),
(14,	'VOIL-89180',	'Voucher_detail # VOIL-73475',	11,	'Donations 2',	15,	12000.00,	180000.00,	0,	1,	0,	0,	0,	118,	0,	0,	NULL,	NULL,	NULL,	NULL),
(15,	'VOIL-23080',	'Voucher_detail # VOIL-73477',	12,	'HQ Support Funds',	1,	550400.00,	550400.00,	0,	3,	0,	0,	0,	118,	0,	0,	NULL,	NULL,	NULL,	NULL);

DROP TABLE IF EXISTS `voucher_type`;
CREATE TABLE `voucher_type` (
  `voucher_type_id` int(100) NOT NULL AUTO_INCREMENT,
  `voucher_type_track_number` varchar(100) NOT NULL,
  `voucher_type_name` varchar(45) DEFAULT NULL,
  `voucher_type_is_active` int(5) DEFAULT NULL,
  `voucher_type_abbrev` varchar(5) DEFAULT NULL,
  `fk_voucher_type_account_id` int(100) DEFAULT NULL COMMENT 'Can be bank, cash or contra',
  `fk_voucher_type_effect_id` int(100) DEFAULT NULL COMMENT 'Can be income or expense',
  `voucher_type_created_by` int(100) DEFAULT NULL,
  `voucher_type_created_date` date DEFAULT NULL,
  `voucher_type_last_modified_by` int(100) DEFAULT NULL,
  `voucher_type_last_modified_date` date DEFAULT NULL,
  `fk_approval_id` int(100) DEFAULT NULL,
  `fk_status_id` int(100) DEFAULT NULL,
  PRIMARY KEY (`voucher_type_id`),
  KEY `fk_voucher_type_voucher_type_transaction_effect1_idx` (`fk_voucher_type_effect_id`),
  KEY `voucher_type_account_id` (`fk_voucher_type_account_id`),
  CONSTRAINT `voucher_type_ibfk_1` FOREIGN KEY (`fk_voucher_type_account_id`) REFERENCES `voucher_type_account` (`voucher_type_account_id`),
  CONSTRAINT `voucher_type_ibfk_2` FOREIGN KEY (`fk_voucher_type_effect_id`) REFERENCES `voucher_type_effect` (`voucher_type_effect_id`)
) ENGINE=InnoDB DEFAULT CHARSET=latin1;

INSERT INTO `voucher_type` (`voucher_type_id`, `voucher_type_track_number`, `voucher_type_name`, `voucher_type_is_active`, `voucher_type_abbrev`, `fk_voucher_type_account_id`, `fk_voucher_type_effect_id`, `voucher_type_created_by`, `voucher_type_created_date`, `voucher_type_last_modified_by`, `voucher_type_last_modified_date`, `fk_approval_id`, `fk_status_id`) VALUES
(2,	'VOPE-73018',	'Payment by Cash',	1,	'PCE',	2,	2,	1,	'2020-01-15',	1,	NULL,	523,	62),
(3,	'VOPE-52694',	'Bank payment',	1,	'CHQ',	1,	2,	1,	'2020-01-15',	1,	NULL,	524,	62),
(4,	'VOPE-3307',	'Petty Cash Top Up',	1,	'CTP',	2,	3,	1,	'2020-01-15',	1,	NULL,	525,	62),
(5,	'VOPE-56398',	'Bank Cash Received',	1,	'BCR',	1,	1,	1,	'2020-01-15',	1,	NULL,	526,	62),
(6,	'VOPE-19114',	'Bank Charges',	1,	'BCHG',	1,	2,	1,	'2020-01-15',	1,	NULL,	527,	62),
(7,	'VOPE-29303',	'Bank Interest Receiveable',	1,	'BIT',	1,	1,	1,	'2020-01-15',	1,	NULL,	528,	62),
(8,	'VOPE-75339',	'Petty Cash Income',	1,	'PCR',	2,	1,	1,	'2020-01-15',	1,	NULL,	529,	62),
(9,	'VOPE-3307',	'Petty Cash Rebanking',	1,	'CTP',	1,	4,	1,	'2020-01-15',	1,	NULL,	525,	62);

DROP TABLE IF EXISTS `voucher_type_account`;
CREATE TABLE `voucher_type_account` (
  `voucher_type_account_id` int(100) NOT NULL AUTO_INCREMENT,
  `voucher_type_account_track_number` varchar(100) NOT NULL,
  `voucher_type_account_name` varchar(100) NOT NULL,
  `voucher_type_account_code` varchar(10) NOT NULL COMMENT 'cash or bank',
  `voucher_type_account_created_date` date DEFAULT NULL,
  `voucher_type_account_created_by` int(100) DEFAULT NULL,
  `voucher_type_account_last_modified_by` int(100) DEFAULT NULL,
  `voucher_type_account_last_modified_date` date DEFAULT NULL,
  `fk_approval_id` int(100) DEFAULT NULL,
  `fk_status_id` int(100) DEFAULT NULL,
  PRIMARY KEY (`voucher_type_account_id`)
) ENGINE=InnoDB DEFAULT CHARSET=latin1;

INSERT INTO `voucher_type_account` (`voucher_type_account_id`, `voucher_type_account_track_number`, `voucher_type_account_name`, `voucher_type_account_code`, `voucher_type_account_created_date`, `voucher_type_account_created_by`, `voucher_type_account_last_modified_by`, `voucher_type_account_last_modified_date`, `fk_approval_id`, `fk_status_id`) VALUES
(1,	'VONT-69699',	'Bank',	'bank',	'2020-01-15',	1,	1,	NULL,	518,	0),
(2,	'VONT-11776',	'Cash',	'cash',	'2020-01-15',	1,	1,	NULL,	519,	0);

DROP TABLE IF EXISTS `voucher_type_effect`;
CREATE TABLE `voucher_type_effect` (
  `voucher_type_effect_id` int(100) NOT NULL AUTO_INCREMENT,
  `voucher_type_effect_track_number` varchar(100) NOT NULL,
  `voucher_type_effect_name` varchar(100) NOT NULL,
  `voucher_type_effect_code` varchar(50) NOT NULL,
  `voucher_type_effect_created_date` date DEFAULT NULL,
  `voucher_type_effect_created_by` int(100) DEFAULT NULL,
  `voucher_type_effect_last_modified_by` int(100) DEFAULT NULL,
  `voucher_type_effect_last_modified_date` date DEFAULT NULL,
  `fk_approval_id` int(100) DEFAULT NULL,
  `fk_status_id` int(100) DEFAULT NULL,
  PRIMARY KEY (`voucher_type_effect_id`)
) ENGINE=InnoDB DEFAULT CHARSET=latin1;

INSERT INTO `voucher_type_effect` (`voucher_type_effect_id`, `voucher_type_effect_track_number`, `voucher_type_effect_name`, `voucher_type_effect_code`, `voucher_type_effect_created_date`, `voucher_type_effect_created_by`, `voucher_type_effect_last_modified_by`, `voucher_type_effect_last_modified_date`, `fk_approval_id`, `fk_status_id`) VALUES
(1,	'VOCT-80726',	'Income',	'income',	'2020-01-15',	1,	1,	NULL,	520,	0),
(2,	'VOCT-37953',	'Expense',	'expense',	'2020-01-15',	1,	1,	NULL,	521,	0),
(3,	'VOCT-51241',	'Bank Contra',	'bank_contra',	'2020-01-15',	1,	1,	NULL,	522,	0),
(4,	'VOCT-12589',	'Cash Contra',	'cash_contra',	'2020-01-16',	1,	1,	NULL,	546,	0);

DROP TABLE IF EXISTS `workflow`;
CREATE TABLE `workflow` (
  `workflow_id` int(100) NOT NULL AUTO_INCREMENT,
  `workflow_name` varchar(100) NOT NULL,
  `workflow_track_number` varchar(100) NOT NULL,
  `fk_approve_item_id` int(100) NOT NULL,
  `fk_context_definition_id` int(100) NOT NULL,
  `workflow_is_active` int(5) NOT NULL DEFAULT '1',
  `workflow_created_date` date DEFAULT NULL,
  `workflow_created_by` int(100) DEFAULT NULL,
  `workflow_last_modified_by` int(100) DEFAULT NULL,
  `workflow_last_modified_date` date DEFAULT NULL,
  `fk_approval_id` int(100) DEFAULT NULL,
  PRIMARY KEY (`workflow_id`),
  KEY `fk_approve_item_id` (`fk_approve_item_id`),
  KEY `fk_context_definition_id` (`fk_context_definition_id`),
  CONSTRAINT `workflow_ibfk_1` FOREIGN KEY (`fk_approve_item_id`) REFERENCES `approve_item` (`approve_item_id`),
  CONSTRAINT `workflow_ibfk_2` FOREIGN KEY (`fk_context_definition_id`) REFERENCES `context_definition` (`context_definition_id`)
) ENGINE=InnoDB DEFAULT CHARSET=latin1;

INSERT INTO `workflow` (`workflow_id`, `workflow_name`, `workflow_track_number`, `fk_approve_item_id`, `fk_context_definition_id`, `workflow_is_active`, `workflow_created_date`, `workflow_created_by`, `workflow_last_modified_by`, `workflow_last_modified_date`, `fk_approval_id`) VALUES
(2,	'Dummy Process',	'WOOW-76767',	3,	13,	1,	'2020-03-08',	1,	1,	NULL,	758),
(3,	'Center Request Approval Process',	'WOOW-25651',	3,	13,	1,	'2020-03-08',	1,	1,	NULL,	758),
(4,	'Center Voucher Approval Process',	'WOOW-49336',	2,	13,	1,	'2020-03-08',	1,	1,	NULL,	759),
(5,	'Center Budget Item Approval Process',	'WOOW-37060',	5,	13,	1,	'2020-03-08',	1,	1,	NULL,	760);

DROP TABLE IF EXISTS `workplan`;
CREATE TABLE `workplan` (
  `workplan_id` int(100) NOT NULL,
  `workplan_track_number` varchar(100) DEFAULT NULL,
  `workplan_name` varchar(100) DEFAULT NULL,
  `fk_budget_id` int(100) DEFAULT NULL,
  `workplan_description` longtext,
  `workplan_start_date` date DEFAULT NULL,
  `workplan_end_date` date DEFAULT NULL,
  `workplan_created_date` date DEFAULT NULL,
  `workplan_created_by` int(100) DEFAULT NULL,
  `workplan_last_modified_date` date DEFAULT NULL,
  `workplan_last_modified_by` int(100) DEFAULT NULL,
  `fk_approval_id` int(100) DEFAULT NULL,
  `fk_status_id` int(100) DEFAULT NULL,
  PRIMARY KEY (`workplan_id`)
) ENGINE=InnoDB DEFAULT CHARSET=latin1;


DROP TABLE IF EXISTS `workplan_task`;
CREATE TABLE `workplan_task` (
  `workplan_task_id` int(100) NOT NULL AUTO_INCREMENT,
  `fk_workplan_id` int(100) NOT NULL,
  `workplan_task_track_number` varchar(100) NOT NULL,
  `workplan_task_name` varchar(100) NOT NULL,
  `workplan_task_description` longtext NOT NULL,
  `workplan_task_start_date` date NOT NULL,
  `workplan_taskend_date` date NOT NULL,
  `workplan_task_user` int(100) NOT NULL,
  `workplan_task_status` int(5) NOT NULL DEFAULT '1',
  `workplan_task_note` longtext NOT NULL,
  PRIMARY KEY (`workplan_task_id`),
  KEY `fk_workplan_id` (`fk_workplan_id`),
  KEY `workplan_detail_task_user` (`workplan_task_user`),
  CONSTRAINT `workplan_task_ibfk_1` FOREIGN KEY (`fk_workplan_id`) REFERENCES `workplan` (`workplan_id`),
  CONSTRAINT `workplan_task_ibfk_2` FOREIGN KEY (`workplan_task_user`) REFERENCES `user` (`user_id`)
) ENGINE=InnoDB DEFAULT CHARSET=latin1;


-- 2020-03-20 15:22:38
